0, 0.00000000
1, 0.00000350
2, 0.00000430
3, 0.00000480
4, 0.00000520
5, 0.00000550
6, 0.00000590
7, 0.00000630
8, 0.00000660
9, 0.00000690
10, 0.00000730
11, 0.00000770
12, 0.00000800
13, 0.00000840
14, 0.00000870
15, 0.00000890
16, 0.00000920
17, 0.00000940
18, 0.00000960
19, 0.00000970
20, 0.00001000
21, 0.00001020
22, 0.00001030
23, 0.00001050
24, 0.00001070
25, 0.00001090
26, 0.00001110
27, 0.00001130
28, 0.00001150
29, 0.00001170
30, 0.00001180
31, 0.00001200
32, 0.00001220
33, 0.00001240
34, 0.00001260
35, 0.00001280
36, 0.00001290
37, 0.00001310
38, 0.00001330
39, 0.00001350
40, 0.00001370
41, 0.00001390
42, 0.00001400
43, 0.00001420
44, 0.00001440
45, 0.00001460
46, 0.00001480
47, 0.00001500
48, 0.00001510
49, 0.00001530
50, 0.00001550
51, 0.00001570
52, 0.00001590
53, 0.00001610
54, 0.00001630
55, 0.00001650
56, 0.00001660
57, 0.00001680
58, 0.00001700
59, 0.00001720
60, 0.00001740
61, 0.00001760
62, 0.00001780
63, 0.00001790
64, 0.00001810
65, 0.00001830
66, 0.00001850
67, 0.00001870
68, 0.00001890
69, 0.00001900
70, 0.00001920
71, 0.00001940
72, 0.00001960
73, 0.00001980
74, 0.00001990
75, 0.00002010
76, 0.00002030
77, 0.00002050
78, 0.00002070
79, 0.00002090
80, 0.00002100
81, 0.00002120
82, 0.00002140
83, 0.00002160
84, 0.00002180
85, 0.00002200
86, 0.00002220
87, 0.00002230
88, 0.00002250
89, 0.00002270
90, 0.00002290
91, 0.00002310
92, 0.00002330
93, 0.00002340
94, 0.00002360
95, 0.00002380
96, 0.00002400
97, 0.00002420
98, 0.00003050
99, 0.00003070
100, 0.00003100
101, 0.00003120
102, 0.00003140
103, 0.00003160
104, 0.00003190
105, 0.00003210
106, 0.00003230
107, 0.00003250
108, 0.00003270
109, 0.00003290
110, 0.00003320
111, 0.00003340
112, 0.00003360
113, 0.00003380
114, 0.00003400
115, 0.00003420
116, 0.00003450
117, 0.00003470
118, 0.00003490
119, 0.00003510
120, 0.00003540
121, 0.00003560
122, 0.00003570
123, 0.00003590
124, 0.00003610
125, 0.00003630
126, 0.00003650
127, 0.00003670
128, 0.00003680
129, 0.00003700
130, 0.00003720
131, 0.00003740
132, 0.00003760
133, 0.00003780
134, 0.00003790
135, 0.00003810
136, 0.00003830
137, 0.00003850
138, 0.00003870
139, 0.00003890
140, 0.00003910
141, 0.00003920
142, 0.00003940
143, 0.00003960
144, 0.00003980
145, 0.00004000
146, 0.00004020
147, 0.00004030
148, 0.00004050
149, 0.00004070
150, 0.00004090
151, 0.00004110
152, 0.00004130
153, 0.00004150
154, 0.00004170
155, 0.00004180
156, 0.00004200
157, 0.00004220
158, 0.00004240
159, 0.00004260
160, 0.00004280
161, 0.00004300
162, 0.00004310
163, 0.00004330
164, 0.00004350
165, 0.00004370
166, 0.00004390
167, 0.00004410
168, 0.00004430
169, 0.00004440
170, 0.00004460
171, 0.00004480
172, 0.00004500
173, 0.00004520
174, 0.00004540
175, 0.00004550
176, 0.00004570
177, 0.00004590
178, 0.00004610
179, 0.00004630
180, 0.00004650
181, 0.00004660
182, 0.00004680
183, 0.00004700
184, 0.00004720
185, 0.00004740
186, 0.00004760
187, 0.00004780
188, 0.00004800
189, 0.00004810
190, 0.00004830
191, 0.00004850
192, 0.00004870
193, 0.00004890
194, 0.00004910
195, 0.00004920
196, 0.00004940
197, 0.00004960
198, 0.00004980
199, 0.00005000
200, 0.00005020
201, 0.00005030
202, 0.00005050
203, 0.00005070
204, 0.00005090
205, 0.00005110
206, 0.00005130
207, 0.00005140
208, 0.00005160
209, 0.00005180
210, 0.00005200
211, 0.00005220
212, 0.00005240
213, 0.00005250
214, 0.00005270
215, 0.00005290
216, 0.00005310
217, 0.00005330
218, 0.00005350
219, 0.00005370
220, 0.00005380
221, 0.00005400
222, 0.00005420
223, 0.00005440
224, 0.00005460
225, 0.00005480
226, 0.00005700
227, 0.00005710
228, 0.00005730
229, 0.00005750
230, 0.00005770
231, 0.00005790
232, 0.00005810
233, 0.00005830
234, 0.00005850
235, 0.00005860
236, 0.00005880
237, 0.00005900
238, 0.00005920
239, 0.00005940
240, 0.00005960
241, 0.00005970
242, 0.00005990
243, 0.00006010
244, 0.00006030
245, 0.00006050
246, 0.00006070
247, 0.00006090
248, 0.00006110
249, 0.00006120
250, 0.00006140
251, 0.00006160
252, 0.00006180
253, 0.00006200
254, 0.00006220
255, 0.00006230
256, 0.00006250
257, 0.00006290
258, 0.00006320
259, 0.00006350
260, 0.00006380
261, 0.00006400
262, 0.00006420
263, 0.00006440
264, 0.00006460
265, 0.00006480
266, 0.00006500
267, 0.00006520
268, 0.00006540
269, 0.00006560
270, 0.00006580
271, 0.00006600
272, 0.00006620
273, 0.00006640
274, 0.00006660
275, 0.00006680
276, 0.00006710
277, 0.00006730
278, 0.00006750
279, 0.00006770
280, 0.00006790
281, 0.00006810
282, 0.00006830
283, 0.00006850
284, 0.00006870
285, 0.00006890
286, 0.00006910
287, 0.00006930
288, 0.00006950
289, 0.00006980
290, 0.00007000
291, 0.00007020
292, 0.00007040
293, 0.00007060
294, 0.00007080
295, 0.00007100
296, 0.00007120
297, 0.00007140
298, 0.00007160
299, 0.00007180
300, 0.00007200
301, 0.00007220
302, 0.00007240
303, 0.00007260
304, 0.00007290
305, 0.00007310
306, 0.00007330
307, 0.00007350
308, 0.00007370
309, 0.00007390
310, 0.00007410
311, 0.00007430
312, 0.00007450
313, 0.00007470
314, 0.00007490
315, 0.00007510
316, 0.00007530
317, 0.00007550
318, 0.00007580
319, 0.00007600
320, 0.00007620
321, 0.00007640
322, 0.00007660
323, 0.00007680
324, 0.00007700
325, 0.00007720
326, 0.00007740
327, 0.00007760
328, 0.00007780
329, 0.00007800
330, 0.00007830
331, 0.00007850
332, 0.00007870
333, 0.00007890
334, 0.00007910
335, 0.00007930
336, 0.00007950
337, 0.00007970
338, 0.00007990
339, 0.00008010
340, 0.00008030
341, 0.00008050
342, 0.00008070
343, 0.00008100
344, 0.00008120
345, 0.00008140
346, 0.00008160
347, 0.00008180
348, 0.00008200
349, 0.00008220
350, 0.00008240
351, 0.00008260
352, 0.00008440
353, 0.00008470
354, 0.00008490
355, 0.00008510
356, 0.00008540
357, 0.00008560
358, 0.00008580
359, 0.00008600
360, 0.00008620
361, 0.00008640
362, 0.00008670
363, 0.00008690
364, 0.00008710
365, 0.00008730
366, 0.00008760
367, 0.00008780
368, 0.00008810
369, 0.00008830
370, 0.00008850
371, 0.00008870
372, 0.00008890
373, 0.00008910
374, 0.00008930
375, 0.00008950
376, 0.00008970
377, 0.00008990
378, 0.00009010
379, 0.00009030
380, 0.00009050
381, 0.00009080
382, 0.00009100
383, 0.00009120
384, 0.00009140
385, 0.00009160
386, 0.00009180
387, 0.00009200
388, 0.00009220
389, 0.00009240
390, 0.00009260
391, 0.00009280
392, 0.00009300
393, 0.00009320
394, 0.00009340
395, 0.00009360
396, 0.00009380
397, 0.00009400
398, 0.00009420
399, 0.00009440
400, 0.00009460
401, 0.00009480
402, 0.00009510
403, 0.00009530
404, 0.00009550
405, 0.00009570
406, 0.00009590
407, 0.00009610
408, 0.00009630
409, 0.00009650
410, 0.00009670
411, 0.00009690
412, 0.00009710
413, 0.00009730
414, 0.00009750
415, 0.00009770
416, 0.00009790
417, 0.00009810
418, 0.00009830
419, 0.00009850
420, 0.00009870
421, 0.00009890
422, 0.00009910
423, 0.00009930
424, 0.00009960
425, 0.00009980
426, 0.00010000
427, 0.00010020
428, 0.00010040
429, 0.00010060
430, 0.00010080
431, 0.00010100
432, 0.00010120
433, 0.00010140
434, 0.00010160
435, 0.00010180
436, 0.00010200
437, 0.00010220
438, 0.00010240
439, 0.00010260
440, 0.00010280
441, 0.00010300
442, 0.00010320
443, 0.00010340
444, 0.00010370
445, 0.00010390
446, 0.00010410
447, 0.00010430
448, 0.00010450
449, 0.00010470
450, 0.00010490
451, 0.00010510
452, 0.00010530
453, 0.00010550
454, 0.00010570
455, 0.00010590
456, 0.00010610
457, 0.00010630
458, 0.00010650
459, 0.00010670
460, 0.00010690
461, 0.00011560
462, 0.00011590
463, 0.00011610
464, 0.00011630
465, 0.00011650
466, 0.00011670
467, 0.00011690
468, 0.00011710
469, 0.00011730
470, 0.00011750
471, 0.00011780
472, 0.00011800
473, 0.00011820
474, 0.00011840
475, 0.00011860
476, 0.00011880
477, 0.00011900
478, 0.00011920
479, 0.00011950
480, 0.00012200
481, 0.00012230
482, 0.00012250
483, 0.00012270
484, 0.00012290
485, 0.00012320
486, 0.00012340
487, 0.00012360
488, 0.00012380
489, 0.00012400
490, 0.00012420
491, 0.00012440
492, 0.00012460
493, 0.00012480
494, 0.00012500
495, 0.00012520
496, 0.00012540
497, 0.00012560
498, 0.00012580
499, 0.00012600
500, 0.00012620
501, 0.00012640
502, 0.00012670
503, 0.00012690
504, 0.00012710
505, 0.00012730
506, 0.00012750
507, 0.00012770
508, 0.00012790
509, 0.00012810
510, 0.00012830
511, 0.00012850
512, 0.00012870
513, 0.00012890
514, 0.00012920
515, 0.00012940
516, 0.00012960
517, 0.00012980
518, 0.00013000
519, 0.00013020
520, 0.00013040
521, 0.00013060
522, 0.00013080
523, 0.00013100
524, 0.00013120
525, 0.00013140
526, 0.00013160
527, 0.00013180
528, 0.00013200
529, 0.00013220
530, 0.00013240
531, 0.00013260
532, 0.00013290
533, 0.00013310
534, 0.00013330
535, 0.00013350
536, 0.00013370
537, 0.00013390
538, 0.00013410
539, 0.00013430
540, 0.00013450
541, 0.00013470
542, 0.00013490
543, 0.00013510
544, 0.00013530
545, 0.00013550
546, 0.00013570
547, 0.00013590
548, 0.00013610
549, 0.00013630
550, 0.00013660
551, 0.00013680
552, 0.00013700
553, 0.00013720
554, 0.00013740
555, 0.00013760
556, 0.00013780
557, 0.00013800
558, 0.00013820
559, 0.00013840
560, 0.00013860
561, 0.00013880
562, 0.00013900
563, 0.00013920
564, 0.00013940
565, 0.00013960
566, 0.00013980
567, 0.00014000
568, 0.00014020
569, 0.00014050
570, 0.00014070
571, 0.00014090
572, 0.00014110
573, 0.00014130
574, 0.00014150
575, 0.00014170
576, 0.00014190
577, 0.00014210
578, 0.00014230
579, 0.00014250
580, 0.00014270
581, 0.00014290
582, 0.00014310
583, 0.00014330
584, 0.00014350
585, 0.00014370
586, 0.00014390
587, 0.00014420
588, 0.00014440
589, 0.00014460
590, 0.00014480
591, 0.00014500
592, 0.00014520
593, 0.00014540
594, 0.00014560
595, 0.00014580
596, 0.00014600
597, 0.00014620
598, 0.00014640
599, 0.00014660
600, 0.00014680
601, 0.00014700
602, 0.00014720
603, 0.00014740
604, 0.00014760
605, 0.00014780
606, 0.00014970
607, 0.00014990
608, 0.00015010
609, 0.00015030
610, 0.00015060
611, 0.00015080
612, 0.00015100
613, 0.00015120
614, 0.00015140
615, 0.00015160
616, 0.00015180
617, 0.00015200
618, 0.00015220
619, 0.00015240
620, 0.00015260
621, 0.00015280
622, 0.00015300
623, 0.00015330
624, 0.00015350
625, 0.00015370
626, 0.00015390
627, 0.00015410
628, 0.00015430
629, 0.00015450
630, 0.00015470
631, 0.00015490
632, 0.00015510
633, 0.00015530
634, 0.00015550
635, 0.00015570
636, 0.00015590
637, 0.00015610
638, 0.00015630
639, 0.00015650
640, 0.00015670
641, 0.00015690
642, 0.00015710
643, 0.00015730
644, 0.00015760
645, 0.00015780
646, 0.00015800
647, 0.00015820
648, 0.00015840
649, 0.00015860
650, 0.00015880
651, 0.00015900
652, 0.00015920
653, 0.00015940
654, 0.00015960
655, 0.00015980
656, 0.00016000
657, 0.00016020
658, 0.00016040
659, 0.00016060
660, 0.00016080
661, 0.00016100
662, 0.00016130
663, 0.00016150
664, 0.00016170
665, 0.00016190
666, 0.00016210
667, 0.00016230
668, 0.00016250
669, 0.00016270
670, 0.00016290
671, 0.00016310
672, 0.00016330
673, 0.00016350
674, 0.00016370
675, 0.00016390
676, 0.00016410
677, 0.00016430
678, 0.00016450
679, 0.00016470
680, 0.00016500
681, 0.00016520
682, 0.00016540
683, 0.00016560
684, 0.00016580
685, 0.00016600
686, 0.00016620
687, 0.00016640
688, 0.00016660
689, 0.00016680
690, 0.00016700
691, 0.00016720
692, 0.00016740
693, 0.00016760
694, 0.00016780
695, 0.00016800
696, 0.00016820
697, 0.00016840
698, 0.00016860
699, 0.00016890
700, 0.00016910
701, 0.00016930
702, 0.00016950
703, 0.00016970
704, 0.00016990
705, 0.00017010
706, 0.00017030
707, 0.00017050
708, 0.00017070
709, 0.00017090
710, 0.00017110
711, 0.00017130
712, 0.00017150
713, 0.00017170
714, 0.00017190
715, 0.00017210
716, 0.00017230
717, 0.00017250
718, 0.00017270
719, 0.00017300
720, 0.00017320
721, 0.00017340
722, 0.00017360
723, 0.00017380
724, 0.00017400
725, 0.00017420
726, 0.00017440
727, 0.00017460
728, 0.00017480
729, 0.00017500
730, 0.00017520
731, 0.00017540
732, 0.00017560
733, 0.00017590
734, 0.00017750
735, 0.00017780
736, 0.00017800
737, 0.00017820
738, 0.00017840
739, 0.00017860
740, 0.00017880
741, 0.00017900
742, 0.00017920
743, 0.00017940
744, 0.00017960
745, 0.00017980
746, 0.00018000
747, 0.00018020
748, 0.00018040
749, 0.00018060
750, 0.00018090
751, 0.00018110
752, 0.00018130
753, 0.00018150
754, 0.00018170
755, 0.00018190
756, 0.00018210
757, 0.00018230
758, 0.00018250
759, 0.00018270
760, 0.00018290
761, 0.00018310
762, 0.00018330
763, 0.00018350
764, 0.00018370
765, 0.00018390
766, 0.00018410
767, 0.00018430
768, 0.00018450
769, 0.00018470
770, 0.00018490
771, 0.00018510
772, 0.00018540
773, 0.00018560
774, 0.00018580
775, 0.00018600
776, 0.00018620
777, 0.00018640
778, 0.00018660
779, 0.00018680
780, 0.00018700
781, 0.00018720
782, 0.00018740
783, 0.00018760
784, 0.00018780
785, 0.00018800
786, 0.00018820
787, 0.00018840
788, 0.00018860
789, 0.00018880
790, 0.00018900
791, 0.00018920
792, 0.00018940
793, 0.00018970
794, 0.00018990
795, 0.00019010
796, 0.00019030
797, 0.00019050
798, 0.00019070
799, 0.00019090
800, 0.00019110
801, 0.00019130
802, 0.00019150
803, 0.00019170
804, 0.00019190
805, 0.00019210
806, 0.00019230
807, 0.00019250
808, 0.00019270
809, 0.00019290
810, 0.00019310
811, 0.00019330
812, 0.00019350
813, 0.00019370
814, 0.00019390
815, 0.00019420
816, 0.00019440
817, 0.00019460
818, 0.00019480
819, 0.00019500
820, 0.00019520
821, 0.00019540
822, 0.00019560
823, 0.00019580
824, 0.00019600
825, 0.00019620
826, 0.00019640
827, 0.00019660
828, 0.00019680
829, 0.00019700
830, 0.00019720
831, 0.00019740
832, 0.00019760
833, 0.00019790
834, 0.00019810
835, 0.00019830
836, 0.00019850
837, 0.00019870
838, 0.00019890
839, 0.00019910
840, 0.00019930
841, 0.00019950
842, 0.00019970
843, 0.00019990
844, 0.00020010
845, 0.00020030
846, 0.00020050
847, 0.00020070
848, 0.00020090
849, 0.00020110
850, 0.00020130
851, 0.00020150
852, 0.00020170
853, 0.00020200
854, 0.00020220
855, 0.00020240
856, 0.00020260
857, 0.00020280
858, 0.00020300
859, 0.00020320
860, 0.00020340
861, 0.00020360
862, 0.00020610
863, 0.00020640
864, 0.00020660
865, 0.00020680
866, 0.00020720
867, 0.00020740
868, 0.00020760
869, 0.00020780
870, 0.00020800
871, 0.00020820
872, 0.00020880
873, 0.00020900
874, 0.00020960
875, 0.00020980
876, 0.00021020
877, 0.00021040
878, 0.00021100
879, 0.00021120
880, 0.00021140
881, 0.00021160
882, 0.00021180
883, 0.00021200
884, 0.00021220
885, 0.00021240
886, 0.00021260
887, 0.00021280
888, 0.00021300
889, 0.00021320
890, 0.00021340
891, 0.00021360
892, 0.00021380
893, 0.00021400
894, 0.00021420
895, 0.00021440
896, 0.00021460
897, 0.00021480
898, 0.00021500
899, 0.00021520
900, 0.00021540
901, 0.00021570
902, 0.00021590
903, 0.00021610
904, 0.00021630
905, 0.00021650
906, 0.00021670
907, 0.00021690
908, 0.00021710
909, 0.00021730
910, 0.00021750
911, 0.00021770
912, 0.00021790
913, 0.00021810
914, 0.00021830
915, 0.00021850
916, 0.00021870
917, 0.00021890
918, 0.00021910
919, 0.00021940
920, 0.00021960
921, 0.00021980
922, 0.00022030
923, 0.00022070
924, 0.00022110
925, 0.00022140
926, 0.00022180
927, 0.00022220
928, 0.00022250
929, 0.00022290
930, 0.00022340
931, 0.00022380
932, 0.00022410
933, 0.00022450
934, 0.00022490
935, 0.00022520
936, 0.00022560
937, 0.00022600
938, 0.00022640
939, 0.00022670
940, 0.00022720
941, 0.00022760
942, 0.00022800
943, 0.00022840
944, 0.00022900
945, 0.00022930
946, 0.00022960
947, 0.00023000
948, 0.00023040
949, 0.00023070
950, 0.00023100
951, 0.00023130
952, 0.00023170
953, 0.00023200
954, 0.00023230
955, 0.00023260
956, 0.00023290
957, 0.00023320
958, 0.00023360
959, 0.00023390
960, 0.00023420
961, 0.00023460
962, 0.00023490
963, 0.00023520
964, 0.00023550
965, 0.00023580
966, 0.00023620
967, 0.00023650
968, 0.00023680
969, 0.00023710
970, 0.00023750
971, 0.00023780
972, 0.00023810
973, 0.00023840
974, 0.00023880
975, 0.00023910
976, 0.00023940
977, 0.00023970
978, 0.00024010
979, 0.00024040
980, 0.00024070
981, 0.00024100
982, 0.00024130
983, 0.00024160
984, 0.00024200
985, 0.00024230
986, 0.00024260
987, 0.00024290
988, 0.00024320
989, 0.00024360
990, 0.00024670
991, 0.00024700
992, 0.00024760
993, 0.00024790
994, 0.00024830
995, 0.00024860
996, 0.00024900
997, 0.00024930
998, 0.00024970
999, 0.00025000
1000, 0.00025040
1001, 0.00025070
1002, 0.00025100
1003, 0.00025130
1004, 0.00025170
1005, 0.00025200
1006, 0.00025230
1007, 0.00025260
1008, 0.00025300
1009, 0.00025330
1010, 0.00025360
1011, 0.00025400
1012, 0.00025430
1013, 0.00025460
1014, 0.00025500
1015, 0.00025530
1016, 0.00025560
1017, 0.00025590
1018, 0.00025620
1019, 0.00025660
1020, 0.00025690
1021, 0.00025720
1022, 0.00025750
1023, 0.00025780
1024, 0.00025810
1025, 0.00025840
1026, 0.00025880
1027, 0.00025910
1028, 0.00025940
1029, 0.00025970
1030, 0.00026000
1031, 0.00026030
1032, 0.00026060
1033, 0.00026100
1034, 0.00026130
1035, 0.00026160
1036, 0.00026190
1037, 0.00026220
1038, 0.00026250
1039, 0.00026290
1040, 0.00026320
1041, 0.00026350
1042, 0.00026390
1043, 0.00026430
1044, 0.00026460
1045, 0.00026490
1046, 0.00026520
1047, 0.00026550
1048, 0.00026580
1049, 0.00026620
1050, 0.00026650
1051, 0.00026680
1052, 0.00026710
1053, 0.00026740
1054, 0.00026780
1055, 0.00026810
1056, 0.00026840
1057, 0.00026880
1058, 0.00026910
1059, 0.00026940
1060, 0.00026970
1061, 0.00027010
1062, 0.00027040
1063, 0.00027070
1064, 0.00027100
1065, 0.00027140
1066, 0.00027170
1067, 0.00027200
1068, 0.00027230
1069, 0.00027260
1070, 0.00027290
1071, 0.00027330
1072, 0.00027360
1073, 0.00027390
1074, 0.00027430
1075, 0.00027460
1076, 0.00027490
1077, 0.00027520
1078, 0.00027550
1079, 0.00027590
1080, 0.00027620
1081, 0.00027650
1082, 0.00027680
1083, 0.00027710
1084, 0.00027750
1085, 0.00027780
1086, 0.00027820
1087, 0.00027850
1088, 0.00027880
1089, 0.00027920
1090, 0.00027950
1091, 0.00027990
1092, 0.00028070
1093, 0.00028100
1094, 0.00028130
1095, 0.00028160
1096, 0.00028190
1097, 0.00028230
1098, 0.00028260
1099, 0.00028290
1100, 0.00028320
1101, 0.00028360
1102, 0.00028390
1103, 0.00028420
1104, 0.00028460
1105, 0.00028490
1106, 0.00028520
1107, 0.00028550
1108, 0.00028590
1109, 0.00028620
1110, 0.00028650
1111, 0.00028680
1112, 0.00028720
1113, 0.00028750
1114, 0.00028790
1115, 0.00028820
1116, 0.00029120
1117, 0.00029160
1118, 0.00029190
1119, 0.00029220
1120, 0.00029290
1121, 0.00029320
1122, 0.00029360
1123, 0.00029390
1124, 0.00029420
1125, 0.00029450
1126, 0.00029480
1127, 0.00029520
1128, 0.00029550
1129, 0.00029580
1130, 0.00029620
1131, 0.00029650
1132, 0.00029680
1133, 0.00029710
1134, 0.00029740
1135, 0.00029780
1136, 0.00029810
1137, 0.00029840
1138, 0.00029870
1139, 0.00029900
1140, 0.00029930
1141, 0.00029960
1142, 0.00030000
1143, 0.00030030
1144, 0.00030060
1145, 0.00030090
1146, 0.00030120
1147, 0.00030160
1148, 0.00030190
1149, 0.00030230
1150, 0.00030260
1151, 0.00030290
1152, 0.00030320
1153, 0.00030360
1154, 0.00030390
1155, 0.00030420
1156, 0.00030460
1157, 0.00030490
1158, 0.00030530
1159, 0.00030570
1160, 0.00030610
1161, 0.00030650
1162, 0.00030690
1163, 0.00030720
1164, 0.00030750
1165, 0.00030780
1166, 0.00030820
1167, 0.00030860
1168, 0.00030890
1169, 0.00030920
1170, 0.00030960
1171, 0.00030990
1172, 0.00031030
1173, 0.00031070
1174, 0.00031110
1175, 0.00031150
1176, 0.00031190
1177, 0.00031230
1178, 0.00031270
1179, 0.00031310
1180, 0.00031350
1181, 0.00031400
1182, 0.00031440
1183, 0.00031470
1184, 0.00031510
1185, 0.00031550
1186, 0.00031590
1187, 0.00031630
1188, 0.00031670
1189, 0.00031710
1190, 0.00031750
1191, 0.00031780
1192, 0.00031820
1193, 0.00031860
1194, 0.00031890
1195, 0.00031930
1196, 0.00031970
1197, 0.00032010
1198, 0.00032050
1199, 0.00032080
1200, 0.00032110
1201, 0.00032130
1202, 0.00032150
1203, 0.00032170
1204, 0.00032190
1205, 0.00032210
1206, 0.00032230
1207, 0.00032250
1208, 0.00032270
1209, 0.00032290
1210, 0.00032310
1211, 0.00032330
1212, 0.00032350
1213, 0.00032370
1214, 0.00032390
1215, 0.00032410
1216, 0.00032440
1217, 0.00032460
1218, 0.00032480
1219, 0.00032500
1220, 0.00032520
1221, 0.00032540
1222, 0.00032560
1223, 0.00032580
1224, 0.00032600
1225, 0.00032620
1226, 0.00032640
1227, 0.00032660
1228, 0.00032680
1229, 0.00032700
1230, 0.00032720
1231, 0.00032740
1232, 0.00032770
1233, 0.00032790
1234, 0.00032810
1235, 0.00032830
1236, 0.00032850
1237, 0.00032870
1238, 0.00032890
1239, 0.00032910
1240, 0.00032930
1241, 0.00032950
1242, 0.00032970
1243, 0.00032990
1244, 0.00033180
1245, 0.00033210
1246, 0.00033230
1247, 0.00033250
1248, 0.00033270
1249, 0.00033290
1250, 0.00033310
1251, 0.00033330
1252, 0.00033350
1253, 0.00033370
1254, 0.00033390
1255, 0.00033410
1256, 0.00033430
1257, 0.00033450
1258, 0.00033470
1259, 0.00033490
1260, 0.00033520
1261, 0.00033540
1262, 0.00033560
1263, 0.00033580
1264, 0.00033600
1265, 0.00033620
1266, 0.00033640
1267, 0.00033660
1268, 0.00033680
1269, 0.00033700
1270, 0.00033720
1271, 0.00033740
1272, 0.00033760
1273, 0.00033780
1274, 0.00033800
1275, 0.00033820
1276, 0.00033840
1277, 0.00033860
1278, 0.00033880
1279, 0.00033900
1280, 0.00033920
1281, 0.00033950
1282, 0.00033970
1283, 0.00033990
1284, 0.00034010
1285, 0.00034030
1286, 0.00034050
1287, 0.00034070
1288, 0.00034090
1289, 0.00034110
1290, 0.00034130
1291, 0.00034150
1292, 0.00034170
1293, 0.00034190
1294, 0.00034210
1295, 0.00034230
1296, 0.00034250
1297, 0.00034270
1298, 0.00034300
1299, 0.00034320
1300, 0.00034340
1301, 0.00034360
1302, 0.00034380
1303, 0.00034400
1304, 0.00034420
1305, 0.00034440
1306, 0.00034460
1307, 0.00034480
1308, 0.00034500
1309, 0.00034520
1310, 0.00034540
1311, 0.00034560
1312, 0.00034580
1313, 0.00034600
1314, 0.00034620
1315, 0.00034650
1316, 0.00034670
1317, 0.00034690
1318, 0.00034710
1319, 0.00034730
1320, 0.00034750
1321, 0.00034770
1322, 0.00034790
1323, 0.00034810
1324, 0.00034830
1325, 0.00034850
1326, 0.00034870
1327, 0.00034890
1328, 0.00034910
1329, 0.00034930
1330, 0.00034950
1331, 0.00034970
1332, 0.00035000
1333, 0.00035020
1334, 0.00035040
1335, 0.00035060
1336, 0.00035080
1337, 0.00035100
1338, 0.00035120
1339, 0.00035140
1340, 0.00035160
1341, 0.00035180
1342, 0.00035200
1343, 0.00035220
1344, 0.00035240
1345, 0.00035260
1346, 0.00035280
1347, 0.00035300
1348, 0.00035330
1349, 0.00035350
1350, 0.00035370
1351, 0.00035390
1352, 0.00035410
1353, 0.00035430
1354, 0.00035450
1355, 0.00035470
1356, 0.00035490
1357, 0.00035510
1358, 0.00035530
1359, 0.00035550
1360, 0.00035570
1361, 0.00035590
1362, 0.00035610
1363, 0.00035630
1364, 0.00035660
1365, 0.00035680
1366, 0.00035700
1367, 0.00035720
1368, 0.00035740
1369, 0.00035760
1370, 0.00035780
1371, 0.00035800
1372, 0.00035990
1373, 0.00036010
1374, 0.00036030
1375, 0.00036050
1376, 0.00036080
1377, 0.00036100
1378, 0.00036120
1379, 0.00036140
1380, 0.00036160
1381, 0.00036180
1382, 0.00036200
1383, 0.00036220
1384, 0.00036240
1385, 0.00036260
1386, 0.00036280
1387, 0.00036300
1388, 0.00036320
1389, 0.00036340
1390, 0.00036360
1391, 0.00036380
1392, 0.00036400
1393, 0.00036430
1394, 0.00036450
1395, 0.00036470
1396, 0.00036490
1397, 0.00036510
1398, 0.00036530
1399, 0.00036550
1400, 0.00036570
1401, 0.00036590
1402, 0.00036610
1403, 0.00036630
1404, 0.00036650
1405, 0.00036670
1406, 0.00036690
1407, 0.00036710
1408, 0.00036730
1409, 0.00036750
1410, 0.00036770
1411, 0.00036790
1412, 0.00036810
1413, 0.00036830
1414, 0.00036850
1415, 0.00036870
1416, 0.00036900
1417, 0.00036920
1418, 0.00036940
1419, 0.00036960
1420, 0.00036980
1421, 0.00037000
1422, 0.00037020
1423, 0.00037040
1424, 0.00037060
1425, 0.00037080
1426, 0.00037100
1427, 0.00037120
1428, 0.00037140
1429, 0.00037160
1430, 0.00037180
1431, 0.00037200
1432, 0.00037220
1433, 0.00037240
1434, 0.00037260
1435, 0.00037280
1436, 0.00037300
1437, 0.00037320
1438, 0.00037350
1439, 0.00037370
1440, 0.00037390
1441, 0.00037420
1442, 0.00037440
1443, 0.00037460
1444, 0.00037490
1445, 0.00037510
1446, 0.00037530
1447, 0.00037550
1448, 0.00037570
1449, 0.00037590
1450, 0.00037610
1451, 0.00037630
1452, 0.00037650
1453, 0.00037680
1454, 0.00037700
1455, 0.00037720
1456, 0.00037740
1457, 0.00037760
1458, 0.00037780
1459, 0.00037800
1460, 0.00037820
1461, 0.00037840
1462, 0.00037860
1463, 0.00037880
1464, 0.00037900
1465, 0.00037920
1466, 0.00037940
1467, 0.00037960
1468, 0.00037980
1469, 0.00038000
1470, 0.00038020
1471, 0.00038040
1472, 0.00038070
1473, 0.00038090
1474, 0.00038110
1475, 0.00038130
1476, 0.00038150
1477, 0.00038170
1478, 0.00038190
1479, 0.00038210
1480, 0.00038230
1481, 0.00038250
1482, 0.00038270
1483, 0.00038290
1484, 0.00038310
1485, 0.00038330
1486, 0.00038350
1487, 0.00038370
1488, 0.00038390
1489, 0.00038410
1490, 0.00038430
1491, 0.00038460
1492, 0.00038480
1493, 0.00038500
1494, 0.00038520
1495, 0.00038540
1496, 0.00038560
1497, 0.00038580
1498, 0.00038600
1499, 0.00038620
1500, 0.00038790
1501, 0.00038810
1502, 0.00038840
1503, 0.00038860
1504, 0.00038890
1505, 0.00038910
1506, 0.00038930
1507, 0.00038950
1508, 0.00038980
1509, 0.00039000
1510, 0.00039020
1511, 0.00039040
1512, 0.00039080
1513, 0.00039100
1514, 0.00039130
1515, 0.00039150
1516, 0.00039170
1517, 0.00039200
1518, 0.00039220
1519, 0.00039240
1520, 0.00039260
1521, 0.00039280
1522, 0.00039300
1523, 0.00039320
1524, 0.00039340
1525, 0.00039360
1526, 0.00039380
1527, 0.00039400
1528, 0.00039420
1529, 0.00039440
1530, 0.00039460
1531, 0.00039480
1532, 0.00039500
1533, 0.00039520
1534, 0.00039540
1535, 0.00039560
1536, 0.00039590
1537, 0.00039610
1538, 0.00039630
1539, 0.00039650
1540, 0.00039670
1541, 0.00039690
1542, 0.00039710
1543, 0.00039730
1544, 0.00039750
1545, 0.00039770
1546, 0.00039790
1547, 0.00039810
1548, 0.00039830
1549, 0.00039850
1550, 0.00039870
1551, 0.00039890
1552, 0.00039910
1553, 0.00039930
1554, 0.00039950
1555, 0.00039970
1556, 0.00039990
1557, 0.00040020
1558, 0.00040040
1559, 0.00040060
1560, 0.00040080
1561, 0.00040100
1562, 0.00040120
1563, 0.00040140
1564, 0.00040160
1565, 0.00040180
1566, 0.00040200
1567, 0.00040220
1568, 0.00040240
1569, 0.00040260
1570, 0.00040280
1571, 0.00040300
1572, 0.00040320
1573, 0.00040340
1574, 0.00040360
1575, 0.00040380
1576, 0.00040400
1577, 0.00040420
1578, 0.00040440
1579, 0.00040470
1580, 0.00040490
1581, 0.00040510
1582, 0.00040530
1583, 0.00040550
1584, 0.00040570
1585, 0.00040590
1586, 0.00040610
1587, 0.00040630
1588, 0.00040650
1589, 0.00040670
1590, 0.00040690
1591, 0.00040710
1592, 0.00040730
1593, 0.00040750
1594, 0.00040770
1595, 0.00040790
1596, 0.00040820
1597, 0.00040840
1598, 0.00040860
1599, 0.00040880
1600, 0.00040900
1601, 0.00040920
1602, 0.00040940
1603, 0.00040960
1604, 0.00040980
1605, 0.00041000
1606, 0.00041020
1607, 0.00041040
1608, 0.00041060
1609, 0.00041090
1610, 0.00041110
1611, 0.00041130
1612, 0.00041150
1613, 0.00041170
1614, 0.00041190
1615, 0.00041210
1616, 0.00041230
1617, 0.00041250
1618, 0.00041270
1619, 0.00041290
1620, 0.00041310
1621, 0.00041330
1622, 0.00041350
1623, 0.00041370
1624, 0.00041390
1625, 0.00041410
1626, 0.00041580
1627, 0.00041600
1628, 0.00041630
1629, 0.00041650
1630, 0.00041670
1631, 0.00041700
1632, 0.00041720
1633, 0.00041740
1634, 0.00041760
1635, 0.00041780
1636, 0.00041820
1637, 0.00041840
1638, 0.00041860
1639, 0.00041880
1640, 0.00041910
1641, 0.00041930
1642, 0.00041960
1643, 0.00041980
1644, 0.00042000
1645, 0.00042020
1646, 0.00042040
1647, 0.00042060
1648, 0.00042090
1649, 0.00042110
1650, 0.00042130
1651, 0.00042150
1652, 0.00042170
1653, 0.00042190
1654, 0.00042210
1655, 0.00042230
1656, 0.00042250
1657, 0.00042270
1658, 0.00042290
1659, 0.00042310
1660, 0.00042330
1661, 0.00042350
1662, 0.00042370
1663, 0.00042400
1664, 0.00042420
1665, 0.00042440
1666, 0.00042460
1667, 0.00042480
1668, 0.00042500
1669, 0.00042520
1670, 0.00042540
1671, 0.00042560
1672, 0.00042580
1673, 0.00042600
1674, 0.00042620
1675, 0.00042640
1676, 0.00042660
1677, 0.00042680
1678, 0.00042710
1679, 0.00042730
1680, 0.00042750
1681, 0.00042770
1682, 0.00042790
1683, 0.00042810
1684, 0.00042830
1685, 0.00042850
1686, 0.00042870
1687, 0.00042890
1688, 0.00042910
1689, 0.00042930
1690, 0.00042950
1691, 0.00042970
1692, 0.00042990
1693, 0.00043010
1694, 0.00043030
1695, 0.00043050
1696, 0.00043070
1697, 0.00043090
1698, 0.00043120
1699, 0.00043140
1700, 0.00043160
1701, 0.00043180
1702, 0.00043200
1703, 0.00043220
1704, 0.00043240
1705, 0.00043260
1706, 0.00043280
1707, 0.00043300
1708, 0.00043320
1709, 0.00043340
1710, 0.00043360
1711, 0.00043380
1712, 0.00043400
1713, 0.00043420
1714, 0.00043450
1715, 0.00043470
1716, 0.00043490
1717, 0.00043510
1718, 0.00043530
1719, 0.00043550
1720, 0.00043570
1721, 0.00043590
1722, 0.00043610
1723, 0.00043630
1724, 0.00043650
1725, 0.00043670
1726, 0.00043690
1727, 0.00043710
1728, 0.00043730
1729, 0.00043750
1730, 0.00043770
1731, 0.00043790
1732, 0.00043820
1733, 0.00043840
1734, 0.00043860
1735, 0.00043880
1736, 0.00043900
1737, 0.00043920
1738, 0.00043940
1739, 0.00043960
1740, 0.00043980
1741, 0.00044000
1742, 0.00044020
1743, 0.00044040
1744, 0.00044060
1745, 0.00044080
1746, 0.00044100
1747, 0.00044120
1748, 0.00044140
1749, 0.00044160
1750, 0.00044190
1751, 0.00044210
1752, 0.00044230
1753, 0.00044250
1754, 0.00044410
1755, 0.00044440
1756, 0.00044460
1757, 0.00044480
1758, 0.00044510
1759, 0.00044530
1760, 0.00044550
1761, 0.00044570
1762, 0.00044590
1763, 0.00044610
1764, 0.00044630
1765, 0.00044650
1766, 0.00044670
1767, 0.00044690
1768, 0.00044710
1769, 0.00044730
1770, 0.00044750
1771, 0.00044770
1772, 0.00044800
1773, 0.00044820
1774, 0.00044840
1775, 0.00044860
1776, 0.00044880
1777, 0.00044900
1778, 0.00044920
1779, 0.00044940
1780, 0.00044960
1781, 0.00044980
1782, 0.00045000
1783, 0.00045020
1784, 0.00045040
1785, 0.00045060
1786, 0.00045080
1787, 0.00045100
1788, 0.00045120
1789, 0.00045140
1790, 0.00045160
1791, 0.00045180
1792, 0.00045210
1793, 0.00045230
1794, 0.00045250
1795, 0.00045270
1796, 0.00045290
1797, 0.00045310
1798, 0.00045330
1799, 0.00045350
1800, 0.00045370
1801, 0.00045390
1802, 0.00045410
1803, 0.00045430
1804, 0.00045450
1805, 0.00045470
1806, 0.00045490
1807, 0.00045510
1808, 0.00045530
1809, 0.00045560
1810, 0.00045580
1811, 0.00045600
1812, 0.00045620
1813, 0.00045640
1814, 0.00045660
1815, 0.00045680
1816, 0.00045700
1817, 0.00045720
1818, 0.00045740
1819, 0.00045760
1820, 0.00045780
1821, 0.00045800
1822, 0.00045820
1823, 0.00045840
1824, 0.00045860
1825, 0.00045890
1826, 0.00045910
1827, 0.00045930
1828, 0.00045950
1829, 0.00045970
1830, 0.00045990
1831, 0.00046010
1832, 0.00046030
1833, 0.00046050
1834, 0.00046070
1835, 0.00046090
1836, 0.00046110
1837, 0.00046130
1838, 0.00046150
1839, 0.00046170
1840, 0.00046190
1841, 0.00046210
1842, 0.00046230
1843, 0.00046260
1844, 0.00046280
1845, 0.00046300
1846, 0.00046320
1847, 0.00046340
1848, 0.00046360
1849, 0.00046380
1850, 0.00046400
1851, 0.00046420
1852, 0.00046440
1853, 0.00046460
1854, 0.00046480
1855, 0.00046500
1856, 0.00046520
1857, 0.00046540
1858, 0.00046560
1859, 0.00046580
1860, 0.00046610
1861, 0.00046630
1862, 0.00046650
1863, 0.00046670
1864, 0.00046690
1865, 0.00046710
1866, 0.00046730
1867, 0.00046750
1868, 0.00046770
1869, 0.00046790
1870, 0.00046810
1871, 0.00046830
1872, 0.00046850
1873, 0.00046870
1874, 0.00046890
1875, 0.00046910
1876, 0.00046930
1877, 0.00046950
1878, 0.00046970
1879, 0.00047000
1880, 0.00047020
1881, 0.00047040
1882, 0.00047210
1883, 0.00047230
1884, 0.00047250
1885, 0.00047270
1886, 0.00047310
1887, 0.00047330
1888, 0.00047350
1889, 0.00047370
1890, 0.00047390
1891, 0.00047410
1892, 0.00047440
1893, 0.00047460
1894, 0.00047490
1895, 0.00047510
1896, 0.00047540
1897, 0.00047560
1898, 0.00047580
1899, 0.00047610
1900, 0.00047630
1901, 0.00047650
1902, 0.00047670
1903, 0.00047690
1904, 0.00047710
1905, 0.00047730
1906, 0.00047750
1907, 0.00047770
1908, 0.00047790
1909, 0.00047810
1910, 0.00047830
1911, 0.00047850
1912, 0.00047870
1913, 0.00047890
1914, 0.00047910
1915, 0.00047930
1916, 0.00047960
1917, 0.00047980
1918, 0.00048000
1919, 0.00048020
1920, 0.00048040
1921, 0.00048060
1922, 0.00048080
1923, 0.00048100
1924, 0.00048120
1925, 0.00048140
1926, 0.00048160
1927, 0.00048180
1928, 0.00048200
1929, 0.00048220
1930, 0.00048240
1931, 0.00048260
1932, 0.00048280
1933, 0.00048300
1934, 0.00048320
1935, 0.00048350
1936, 0.00048370
1937, 0.00048390
1938, 0.00048410
1939, 0.00048430
1940, 0.00048450
1941, 0.00048470
1942, 0.00048490
1943, 0.00048510
1944, 0.00048530
1945, 0.00048550
1946, 0.00048570
1947, 0.00048590
1948, 0.00048610
1949, 0.00048630
1950, 0.00048650
1951, 0.00048670
1952, 0.00048700
1953, 0.00048720
1954, 0.00048740
1955, 0.00048760
1956, 0.00048780
1957, 0.00048800
1958, 0.00048820
1959, 0.00048840
1960, 0.00048860
1961, 0.00048880
1962, 0.00048900
1963, 0.00048920
1964, 0.00048940
1965, 0.00048960
1966, 0.00048980
1967, 0.00049000
1968, 0.00049020
1969, 0.00049050
1970, 0.00049070
1971, 0.00049090
1972, 0.00049110
1973, 0.00049130
1974, 0.00049150
1975, 0.00049170
1976, 0.00049190
1977, 0.00049210
1978, 0.00049230
1979, 0.00049250
1980, 0.00049270
1981, 0.00049290
1982, 0.00049310
1983, 0.00049330
1984, 0.00049350
1985, 0.00049370
1986, 0.00049390
1987, 0.00049420
1988, 0.00049440
1989, 0.00049460
1990, 0.00049480
1991, 0.00049500
1992, 0.00049520
1993, 0.00049540
1994, 0.00049560
1995, 0.00049580
1996, 0.00049600
1997, 0.00049620
1998, 0.00049640
1999, 0.00049660
2000, 0.00049680
2001, 0.00049700
2002, 0.00049720
2003, 0.00049740
2004, 0.00049760
2005, 0.00049780
2006, 0.00049800
2007, 0.00049830
2008, 0.00049850
2009, 0.00049870
2010, 0.00050050
2011, 0.00050070
2012, 0.00050100
2013, 0.00050120
2014, 0.00050140
2015, 0.00050160
2016, 0.00050180
2017, 0.00050200
2018, 0.00050230
2019, 0.00050250
2020, 0.00050280
2021, 0.00050300
2022, 0.00050330
2023, 0.00050350
2024, 0.00050380
2025, 0.00050400
2026, 0.00050420
2027, 0.00050440
2028, 0.00050460
2029, 0.00050480
2030, 0.00050510
2031, 0.00050530
2032, 0.00050550
2033, 0.00050570
2034, 0.00050590
2035, 0.00050610
2036, 0.00050630
2037, 0.00050650
2038, 0.00050670
2039, 0.00050690
2040, 0.00050710
2041, 0.00050730
2042, 0.00050750
2043, 0.00050770
2044, 0.00050800
2045, 0.00050820
2046, 0.00050840
2047, 0.00050860
2048, 0.00050880
2049, 0.00050900
2050, 0.00050920
2051, 0.00050940
2052, 0.00050960
2053, 0.00050980
2054, 0.00051000
2055, 0.00051020
2056, 0.00051040
2057, 0.00051060
2058, 0.00051080
2059, 0.00051100
2060, 0.00051120
2061, 0.00051150
2062, 0.00051170
2063, 0.00051190
2064, 0.00051210
2065, 0.00051230
2066, 0.00051250
2067, 0.00051270
2068, 0.00051290
2069, 0.00051310
2070, 0.00051330
2071, 0.00051350
2072, 0.00051370
2073, 0.00051390
2074, 0.00051410
2075, 0.00051430
2076, 0.00051450
2077, 0.00051470
2078, 0.00051490
2079, 0.00051520
2080, 0.00051540
2081, 0.00051560
2082, 0.00051580
2083, 0.00051600
2084, 0.00051620
2085, 0.00051640
2086, 0.00051660
2087, 0.00051680
2088, 0.00051700
2089, 0.00051720
2090, 0.00051740
2091, 0.00051760
2092, 0.00051780
2093, 0.00051800
2094, 0.00051820
2095, 0.00051840
2096, 0.00051860
2097, 0.00051890
2098, 0.00051910
2099, 0.00051930
2100, 0.00051950
2101, 0.00051970
2102, 0.00051990
2103, 0.00052010
2104, 0.00052030
2105, 0.00052050
2106, 0.00052070
2107, 0.00052090
2108, 0.00052110
2109, 0.00052130
2110, 0.00052150
2111, 0.00052170
2112, 0.00052190
2113, 0.00052220
2114, 0.00052240
2115, 0.00052260
2116, 0.00052280
2117, 0.00052300
2118, 0.00052320
2119, 0.00052340
2120, 0.00052360
2121, 0.00052380
2122, 0.00052400
2123, 0.00052420
2124, 0.00052440
2125, 0.00052460
2126, 0.00052480
2127, 0.00052500
2128, 0.00052520
2129, 0.00052540
2130, 0.00052570
2131, 0.00052590
2132, 0.00052610
2133, 0.00052630
2134, 0.00052650
2135, 0.00052670
2136, 0.00052870
2137, 0.00052890
2138, 0.00052910
2139, 0.00052930
2140, 0.00052960
2141, 0.00052980
2142, 0.00053000
2143, 0.00053020
2144, 0.00053040
2145, 0.00053060
2146, 0.00053080
2147, 0.00053100
2148, 0.00053120
2149, 0.00053140
2150, 0.00053160
2151, 0.00053180
2152, 0.00053200
2153, 0.00053220
2154, 0.00053240
2155, 0.00053260
2156, 0.00053290
2157, 0.00053310
2158, 0.00053330
2159, 0.00053350
2160, 0.00053370
2161, 0.00053390
2162, 0.00053410
2163, 0.00053430
2164, 0.00053450
2165, 0.00053470
2166, 0.00053490
2167, 0.00053510
2168, 0.00053530
2169, 0.00053550
2170, 0.00053570
2171, 0.00053590
2172, 0.00053610
2173, 0.00053630
2174, 0.00053660
2175, 0.00053680
2176, 0.00053700
2177, 0.00053720
2178, 0.00053740
2179, 0.00053760
2180, 0.00053780
2181, 0.00053800
2182, 0.00053820
2183, 0.00053840
2184, 0.00053860
2185, 0.00053880
2186, 0.00053900
2187, 0.00053920
2188, 0.00053940
2189, 0.00053960
2190, 0.00053980
2191, 0.00054000
2192, 0.00054020
2193, 0.00054040
2194, 0.00054060
2195, 0.00054090
2196, 0.00054110
2197, 0.00054130
2198, 0.00054150
2199, 0.00054170
2200, 0.00054190
2201, 0.00054210
2202, 0.00054230
2203, 0.00054250
2204, 0.00054270
2205, 0.00054290
2206, 0.00054310
2207, 0.00054330
2208, 0.00054350
2209, 0.00054370
2210, 0.00054390
2211, 0.00054410
2212, 0.00054430
2213, 0.00054450
2214, 0.00054480
2215, 0.00054500
2216, 0.00054520
2217, 0.00054540
2218, 0.00054560
2219, 0.00054580
2220, 0.00054600
2221, 0.00054620
2222, 0.00054640
2223, 0.00054660
2224, 0.00054680
2225, 0.00054700
2226, 0.00054720
2227, 0.00054740
2228, 0.00054760
2229, 0.00054780
2230, 0.00054800
2231, 0.00054830
2232, 0.00054850
2233, 0.00054870
2234, 0.00054890
2235, 0.00054910
2236, 0.00054930
2237, 0.00054950
2238, 0.00054970
2239, 0.00054990
2240, 0.00055010
2241, 0.00055030
2242, 0.00055050
2243, 0.00055070
2244, 0.00055090
2245, 0.00055110
2246, 0.00055130
2247, 0.00055150
2248, 0.00055170
2249, 0.00055200
2250, 0.00055220
2251, 0.00055240
2252, 0.00055260
2253, 0.00055280
2254, 0.00055300
2255, 0.00055320
2256, 0.00055340
2257, 0.00055360
2258, 0.00055380
2259, 0.00055400
2260, 0.00055420
2261, 0.00055440
2262, 0.00055460
2263, 0.00055480
2264, 0.00055660
2265, 0.00055680
2266, 0.00055700
2267, 0.00055720
2268, 0.00055750
2269, 0.00055770
2270, 0.00055790
2271, 0.00055810
2272, 0.00055830
2273, 0.00055850
2274, 0.00055880
2275, 0.00055900
2276, 0.00055930
2277, 0.00055950
2278, 0.00055970
2279, 0.00056000
2280, 0.00056020
2281, 0.00056040
2282, 0.00056060
2283, 0.00056080
2284, 0.00056100
2285, 0.00056120
2286, 0.00056140
2287, 0.00056160
2288, 0.00056180
2289, 0.00056210
2290, 0.00056230
2291, 0.00056250
2292, 0.00056270
2293, 0.00056290
2294, 0.00056310
2295, 0.00056330
2296, 0.00056350
2297, 0.00056370
2298, 0.00056390
2299, 0.00056410
2300, 0.00056430
2301, 0.00056450
2302, 0.00056470
2303, 0.00056490
2304, 0.00056510
2305, 0.00056530
2306, 0.00056550
2307, 0.00056570
2308, 0.00056590
2309, 0.00056610
2310, 0.00056640
2311, 0.00056660
2312, 0.00056680
2313, 0.00056700
2314, 0.00056720
2315, 0.00056740
2316, 0.00056760
2317, 0.00056780
2318, 0.00056800
2319, 0.00056820
2320, 0.00056840
2321, 0.00056860
2322, 0.00056880
2323, 0.00056900
2324, 0.00056920
2325, 0.00056940
2326, 0.00056960
2327, 0.00056980
2328, 0.00057000
2329, 0.00057020
2330, 0.00057050
2331, 0.00057070
2332, 0.00057090
2333, 0.00057110
2334, 0.00057130
2335, 0.00057150
2336, 0.00057170
2337, 0.00057190
2338, 0.00057210
2339, 0.00057230
2340, 0.00057250
2341, 0.00057270
2342, 0.00057290
2343, 0.00057310
2344, 0.00057330
2345, 0.00057350
2346, 0.00057370
2347, 0.00057390
2348, 0.00057410
2349, 0.00057440
2350, 0.00057460
2351, 0.00057480
2352, 0.00057500
2353, 0.00057520
2354, 0.00057540
2355, 0.00057560
2356, 0.00057580
2357, 0.00057600
2358, 0.00057620
2359, 0.00057640
2360, 0.00057660
2361, 0.00057680
2362, 0.00057700
2363, 0.00057720
2364, 0.00057740
2365, 0.00057760
2366, 0.00057780
2367, 0.00057800
2368, 0.00057820
2369, 0.00057840
2370, 0.00057860
2371, 0.00057890
2372, 0.00057910
2373, 0.00057930
2374, 0.00057950
2375, 0.00057970
2376, 0.00057990
2377, 0.00058010
2378, 0.00058030
2379, 0.00058050
2380, 0.00058070
2381, 0.00058090
2382, 0.00058110
2383, 0.00058130
2384, 0.00058150
2385, 0.00058170
2386, 0.00058190
2387, 0.00058210
2388, 0.00058230
2389, 0.00058250
2390, 0.00058270
2391, 0.00058290
2392, 0.00058470
2393, 0.00058490
2394, 0.00058510
2395, 0.00058530
2396, 0.00058560
2397, 0.00058580
2398, 0.00058600
2399, 0.00058620
2400, 0.00058640
2401, 0.00058660
2402, 0.00058690
2403, 0.00058710
2404, 0.00058740
2405, 0.00058760
2406, 0.00058790
2407, 0.00058810
2408, 0.00058830
2409, 0.00058850
2410, 0.00058880
2411, 0.00058900
2412, 0.00058920
2413, 0.00058940
2414, 0.00058960
2415, 0.00058980
2416, 0.00059000
2417, 0.00059020
2418, 0.00059040
2419, 0.00059060
2420, 0.00059080
2421, 0.00059100
2422, 0.00059120
2423, 0.00059140
2424, 0.00059160
2425, 0.00059180
2426, 0.00059200
2427, 0.00059220
2428, 0.00059240
2429, 0.00059260
2430, 0.00059290
2431, 0.00059310
2432, 0.00059330
2433, 0.00059350
2434, 0.00059370
2435, 0.00059390
2436, 0.00059410
2437, 0.00059430
2438, 0.00059450
2439, 0.00059470
2440, 0.00059490
2441, 0.00059510
2442, 0.00059530
2443, 0.00059550
2444, 0.00059570
2445, 0.00059590
2446, 0.00059610
2447, 0.00059630
2448, 0.00059660
2449, 0.00059680
2450, 0.00059700
2451, 0.00059720
2452, 0.00059740
2453, 0.00059760
2454, 0.00059780
2455, 0.00059800
2456, 0.00059820
2457, 0.00059840
2458, 0.00059860
2459, 0.00059880
2460, 0.00059900
2461, 0.00059920
2462, 0.00059940
2463, 0.00059960
2464, 0.00059980
2465, 0.00060000
2466, 0.00060020
2467, 0.00060050
2468, 0.00060070
2469, 0.00060090
2470, 0.00060110
2471, 0.00060130
2472, 0.00060150
2473, 0.00060170
2474, 0.00060190
2475, 0.00060210
2476, 0.00060230
2477, 0.00060250
2478, 0.00060270
2479, 0.00060290
2480, 0.00060310
2481, 0.00060330
2482, 0.00060350
2483, 0.00060370
2484, 0.00060390
2485, 0.00060410
2486, 0.00060430
2487, 0.00060460
2488, 0.00060480
2489, 0.00060500
2490, 0.00060520
2491, 0.00060540
2492, 0.00060560
2493, 0.00060580
2494, 0.00060600
2495, 0.00060620
2496, 0.00060640
2497, 0.00060670
2498, 0.00060690
2499, 0.00060710
2500, 0.00060730
2501, 0.00060750
2502, 0.00060770
2503, 0.00060790
2504, 0.00060810
2505, 0.00060830
2506, 0.00060850
2507, 0.00060870
2508, 0.00060890
2509, 0.00060910
2510, 0.00060930
2511, 0.00060960
2512, 0.00060980
2513, 0.00061000
2514, 0.00061020
2515, 0.00061040
2516, 0.00061060
2517, 0.00061080
2518, 0.00061100
2519, 0.00061120
2520, 0.00061920
2521, 0.00061960
2522, 0.00062000
2523, 0.00062040
2524, 0.00062080
2525, 0.00062120
2526, 0.00062160
2527, 0.00062200
2528, 0.00062240
2529, 0.00062280
2530, 0.00062320
2531, 0.00062360
2532, 0.00062390
2533, 0.00062430
2534, 0.00062470
2535, 0.00062510
2536, 0.00062550
2537, 0.00062590
2538, 0.00062630
2539, 0.00062670
2540, 0.00062700
2541, 0.00062740
2542, 0.00062800
2543, 0.00062830
2544, 0.00062860
2545, 0.00062880
2546, 0.00062900
2547, 0.00062920
2548, 0.00062940
2549, 0.00062960
2550, 0.00062980
2551, 0.00063000
2552, 0.00063020
2553, 0.00063040
2554, 0.00063060
2555, 0.00063080
2556, 0.00063100
2557, 0.00063120
2558, 0.00063140
2559, 0.00063160
2560, 0.00063180
2561, 0.00063210
2562, 0.00063230
2563, 0.00063250
2564, 0.00063270
2565, 0.00063290
2566, 0.00063310
2567, 0.00063330
2568, 0.00063350
2569, 0.00063370
2570, 0.00063390
2571, 0.00063410
2572, 0.00063430
2573, 0.00063450
2574, 0.00063470
2575, 0.00063490
2576, 0.00063510
2577, 0.00063530
2578, 0.00063550
2579, 0.00063570
2580, 0.00063600
2581, 0.00063620
2582, 0.00063640
2583, 0.00063660
2584, 0.00063680
2585, 0.00063700
2586, 0.00063720
2587, 0.00063740
2588, 0.00063760
2589, 0.00063780
2590, 0.00063800
2591, 0.00063820
2592, 0.00063840
2593, 0.00063860
2594, 0.00063880
2595, 0.00063900
2596, 0.00063920
2597, 0.00063940
2598, 0.00063960
2599, 0.00063980
2600, 0.00064000
2601, 0.00064030
2602, 0.00064050
2603, 0.00064070
2604, 0.00064090
2605, 0.00064110
2606, 0.00064130
2607, 0.00064150
2608, 0.00064170
2609, 0.00064190
2610, 0.00064210
2611, 0.00064230
2612, 0.00064250
2613, 0.00064270
2614, 0.00064290
2615, 0.00064310
2616, 0.00064330
2617, 0.00064350
2618, 0.00064380
2619, 0.00064400
2620, 0.00064420
2621, 0.00064440
2622, 0.00064460
2623, 0.00064480
2624, 0.00064500
2625, 0.00064520
2626, 0.00064540
2627, 0.00064560
2628, 0.00064580
2629, 0.00064610
2630, 0.00064630
2631, 0.00064650
2632, 0.00064670
2633, 0.00064690
2634, 0.00064710
2635, 0.00064730
2636, 0.00064750
2637, 0.00064770
2638, 0.00064790
2639, 0.00064810
2640, 0.00064830
2641, 0.00064850
2642, 0.00064870
2643, 0.00064890
2644, 0.00064920
2645, 0.00064940
2646, 0.00064970
2647, 0.00064990
2648, 0.00065010
2649, 0.00065030
2650, 0.00065060
2651, 0.00065080
2652, 0.00065100
2653, 0.00065120
2654, 0.00065140
2655, 0.00065160
2656, 0.00065190
2657, 0.00065210
2658, 0.00065240
2659, 0.00065260
2660, 0.00065290
2661, 0.00065310
2662, 0.00065340
2663, 0.00065360
2664, 0.00065380
2665, 0.00065400
2666, 0.00065420
2667, 0.00065440
2668, 0.00065460
2669, 0.00065480
2670, 0.00065500
2671, 0.00065520
2672, 0.00065540
2673, 0.00065560
2674, 0.00065580
2675, 0.00065600
2676, 0.00065620
2677, 0.00065640
2678, 0.00065660
2679, 0.00065680
2680, 0.00065710
2681, 0.00065730
2682, 0.00065750
2683, 0.00065770
2684, 0.00065790
2685, 0.00065810
2686, 0.00065830
2687, 0.00065850
2688, 0.00065870
2689, 0.00065890
2690, 0.00065910
2691, 0.00065930
2692, 0.00065950
2693, 0.00065970
2694, 0.00065990
2695, 0.00066010
2696, 0.00066030
2697, 0.00066050
2698, 0.00066070
2699, 0.00066090
2700, 0.00066110
2701, 0.00066140
2702, 0.00066160
2703, 0.00066180
2704, 0.00066200
2705, 0.00066220
2706, 0.00066240
2707, 0.00066260
2708, 0.00066280
2709, 0.00066300
2710, 0.00066320
2711, 0.00066340
2712, 0.00066360
2713, 0.00066380
2714, 0.00066400
2715, 0.00066420
2716, 0.00066440
2717, 0.00066460
2718, 0.00066480
2719, 0.00066500
2720, 0.00066520
2721, 0.00066550
2722, 0.00066570
2723, 0.00066590
2724, 0.00066610
2725, 0.00066630
2726, 0.00066650
2727, 0.00066670
2728, 0.00066690
2729, 0.00066710
2730, 0.00066730
2731, 0.00066750
2732, 0.00066770
2733, 0.00066790
2734, 0.00066810
2735, 0.00066830
2736, 0.00066850
2737, 0.00066870
2738, 0.00066890
2739, 0.00066910
2740, 0.00066940
2741, 0.00066960
2742, 0.00066980
2743, 0.00067000
2744, 0.00067020
2745, 0.00067040
2746, 0.00067060
2747, 0.00067080
2748, 0.00067100
2749, 0.00067120
2750, 0.00067140
2751, 0.00067160
2752, 0.00067180
2753, 0.00067200
2754, 0.00067220
2755, 0.00067240
2756, 0.00067260
2757, 0.00067280
2758, 0.00067300
2759, 0.00067330
2760, 0.00067350
2761, 0.00067370
2762, 0.00067390
2763, 0.00067410
2764, 0.00067430
2765, 0.00067450
2766, 0.00067470
2767, 0.00067490
2768, 0.00067510
2769, 0.00067530
2770, 0.00067550
2771, 0.00067570
2772, 0.00067590
2773, 0.00067610
2774, 0.00067640
2775, 0.00067660
2776, 0.00067680
2777, 0.00067700
2778, 0.00067730
2779, 0.00067750
2780, 0.00067770
2781, 0.00067790
2782, 0.00067810
2783, 0.00067840
2784, 0.00067860
2785, 0.00067890
2786, 0.00067910
2787, 0.00067940
2788, 0.00067970
2789, 0.00067990
2790, 0.00068020
2791, 0.00068040
2792, 0.00068060
2793, 0.00068080
2794, 0.00068100
2795, 0.00068120
2796, 0.00068140
2797, 0.00068160
2798, 0.00068180
2799, 0.00068200
2800, 0.00068220
2801, 0.00068240
2802, 0.00068260
2803, 0.00068280
2804, 0.00068300
2805, 0.00068320
2806, 0.00068340
2807, 0.00068360
2808, 0.00068390
2809, 0.00068410
2810, 0.00068430
2811, 0.00068450
2812, 0.00068470
2813, 0.00068490
2814, 0.00068510
2815, 0.00068530
2816, 0.00068550
2817, 0.00068570
2818, 0.00068590
2819, 0.00068610
2820, 0.00068630
2821, 0.00068650
2822, 0.00068670
2823, 0.00068690
2824, 0.00068710
2825, 0.00068730
2826, 0.00068750
2827, 0.00068770
2828, 0.00068790
2829, 0.00068810
2830, 0.00068840
2831, 0.00068860
2832, 0.00068880
2833, 0.00068900
2834, 0.00068920
2835, 0.00068940
2836, 0.00068960
2837, 0.00068980
2838, 0.00069000
2839, 0.00069020
2840, 0.00069040
2841, 0.00069060
2842, 0.00069080
2843, 0.00069100
2844, 0.00069120
2845, 0.00069140
2846, 0.00069160
2847, 0.00069180
2848, 0.00069200
2849, 0.00069220
2850, 0.00069250
2851, 0.00069270
2852, 0.00069290
2853, 0.00069310
2854, 0.00069330
2855, 0.00069350
2856, 0.00069370
2857, 0.00069390
2858, 0.00069410
2859, 0.00069430
2860, 0.00069450
2861, 0.00069470
2862, 0.00069490
2863, 0.00069510
2864, 0.00069530
2865, 0.00069550
2866, 0.00069570
2867, 0.00069590
2868, 0.00069610
2869, 0.00069630
2870, 0.00069660
2871, 0.00069680
2872, 0.00069700
2873, 0.00069720
2874, 0.00069740
2875, 0.00069760
2876, 0.00069780
2877, 0.00069800
2878, 0.00069820
2879, 0.00069840
2880, 0.00069860
2881, 0.00069880
2882, 0.00069900
2883, 0.00069920
2884, 0.00069940
2885, 0.00069960
2886, 0.00069980
2887, 0.00070000
2888, 0.00070030
2889, 0.00070050
2890, 0.00070070
2891, 0.00070090
2892, 0.00070110
2893, 0.00070130
2894, 0.00070150
2895, 0.00070170
2896, 0.00070190
2897, 0.00070210
2898, 0.00070230
2899, 0.00070250
2900, 0.00070270
2901, 0.00070290
2902, 0.00070320
2903, 0.00070340
2904, 0.00070360
2905, 0.00070380
2906, 0.00070400
2907, 0.00070430
2908, 0.00070450
2909, 0.00070470
2910, 0.00070490
2911, 0.00070510
2912, 0.00070540
2913, 0.00070560
2914, 0.00070590
2915, 0.00070610
2916, 0.00070640
2917, 0.00070660
2918, 0.00070690
2919, 0.00070720
2920, 0.00070740
2921, 0.00070760
2922, 0.00070780
2923, 0.00070800
2924, 0.00070820
2925, 0.00070840
2926, 0.00070860
2927, 0.00070880
2928, 0.00070900
2929, 0.00070920
2930, 0.00070940
2931, 0.00070960
2932, 0.00070980
2933, 0.00071000
2934, 0.00071020
2935, 0.00071040
2936, 0.00071060
2937, 0.00071080
2938, 0.00071110
2939, 0.00071130
2940, 0.00071150
2941, 0.00071170
2942, 0.00071190
2943, 0.00071210
2944, 0.00071230
2945, 0.00071250
2946, 0.00071270
2947, 0.00071290
2948, 0.00071310
2949, 0.00071330
2950, 0.00071350
2951, 0.00071370
2952, 0.00071390
2953, 0.00071410
2954, 0.00071430
2955, 0.00071450
2956, 0.00071480
2957, 0.00071500
2958, 0.00071520
2959, 0.00071540
2960, 0.00071560
2961, 0.00071580
2962, 0.00071600
2963, 0.00071620
2964, 0.00071640
2965, 0.00071660
2966, 0.00071680
2967, 0.00071700
2968, 0.00071720
2969, 0.00071740
2970, 0.00071760
2971, 0.00071780
2972, 0.00071800
2973, 0.00071820
2974, 0.00071840
2975, 0.00071860
2976, 0.00071880
2977, 0.00071910
2978, 0.00071930
2979, 0.00071950
2980, 0.00071970
2981, 0.00071990
2982, 0.00072010
2983, 0.00072030
2984, 0.00072050
2985, 0.00072070
2986, 0.00072090
2987, 0.00072110
2988, 0.00072130
2989, 0.00072150
2990, 0.00072170
2991, 0.00072190
2992, 0.00072210
2993, 0.00072230
2994, 0.00072250
2995, 0.00072270
2996, 0.00072300
2997, 0.00072320
2998, 0.00072340
2999, 0.00072360
3000, 0.00072380
3001, 0.00072400
3002, 0.00072420
3003, 0.00072440
3004, 0.00072460
3005, 0.00072480
3006, 0.00072500
3007, 0.00072520
3008, 0.00072540
3009, 0.00072560
3010, 0.00072580
3011, 0.00072600
3012, 0.00072620
3013, 0.00072640
3014, 0.00072670
3015, 0.00072690
3016, 0.00072710
3017, 0.00072730
3018, 0.00072750
3019, 0.00072770
3020, 0.00072790
3021, 0.00072810
3022, 0.00072830
3023, 0.00072850
3024, 0.00072870
3025, 0.00072890
3026, 0.00072910
3027, 0.00072930
3028, 0.00072950
3029, 0.00072980
3030, 0.00073030
3031, 0.00073050
3032, 0.00073080
3033, 0.00073100
3034, 0.00073120
3035, 0.00073140
3036, 0.00073160
3037, 0.00073180
3038, 0.00073210
3039, 0.00073230
3040, 0.00073260
3041, 0.00073280
3042, 0.00073310
3043, 0.00073330
3044, 0.00073360
3045, 0.00073380
3046, 0.00073400
3047, 0.00073420
3048, 0.00073450
3049, 0.00073470
3050, 0.00073490
3051, 0.00073510
3052, 0.00073530
3053, 0.00073550
3054, 0.00073570
3055, 0.00073590
3056, 0.00073610
3057, 0.00073630
3058, 0.00073650
3059, 0.00073670
3060, 0.00073690
3061, 0.00073710
3062, 0.00073730
3063, 0.00073750
3064, 0.00073770
3065, 0.00073800
3066, 0.00073820
3067, 0.00073840
3068, 0.00073860
3069, 0.00073880
3070, 0.00073900
3071, 0.00073920
3072, 0.00073940
3073, 0.00073960
3074, 0.00073980
3075, 0.00074000
3076, 0.00074020
3077, 0.00074040
3078, 0.00074060
3079, 0.00074080
3080, 0.00074100
3081, 0.00074130
3082, 0.00074150
3083, 0.00074170
3084, 0.00074190
3085, 0.00074210
3086, 0.00074230
3087, 0.00074250
3088, 0.00074270
3089, 0.00074290
3090, 0.00074310
3091, 0.00074330
3092, 0.00074350
3093, 0.00074370
3094, 0.00074390
3095, 0.00074410
3096, 0.00074430
3097, 0.00074450
3098, 0.00074470
3099, 0.00074490
3100, 0.00074510
3101, 0.00074540
3102, 0.00074560
3103, 0.00074580
3104, 0.00074600
3105, 0.00074620
3106, 0.00074640
3107, 0.00074660
3108, 0.00074680
3109, 0.00074700
3110, 0.00074720
3111, 0.00074740
3112, 0.00074760
3113, 0.00074780
3114, 0.00074800
3115, 0.00074820
3116, 0.00074840
3117, 0.00074870
3118, 0.00074890
3119, 0.00074910
3120, 0.00074930
3121, 0.00074950
3122, 0.00074970
3123, 0.00074990
3124, 0.00075010
3125, 0.00075030
3126, 0.00075050
3127, 0.00075070
3128, 0.00075090
3129, 0.00075110
3130, 0.00075130
3131, 0.00075150
3132, 0.00075170
3133, 0.00075190
3134, 0.00075220
3135, 0.00075240
3136, 0.00075260
3137, 0.00075280
3138, 0.00075300
3139, 0.00075320
3140, 0.00075340
3141, 0.00075360
3142, 0.00075380
3143, 0.00075400
3144, 0.00075420
3145, 0.00075440
3146, 0.00075460
3147, 0.00075480
3148, 0.00075500
3149, 0.00075520
3150, 0.00075540
3151, 0.00075560
3152, 0.00075580
3153, 0.00075600
3154, 0.00075630
3155, 0.00075650
3156, 0.00075680
3157, 0.00075700
3158, 0.00075720
3159, 0.00075740
3160, 0.00075770
3161, 0.00075790
3162, 0.00075810
3163, 0.00075830
3164, 0.00075850
3165, 0.00075870
3166, 0.00075900
3167, 0.00075920
3168, 0.00075950
3169, 0.00075970
3170, 0.00076000
3171, 0.00076020
3172, 0.00076050
3173, 0.00076070
3174, 0.00076090
3175, 0.00076110
3176, 0.00076130
3177, 0.00076150
3178, 0.00076170
3179, 0.00076200
3180, 0.00076220
3181, 0.00076240
3182, 0.00076260
3183, 0.00076280
3184, 0.00076300
3185, 0.00076320
3186, 0.00076340
3187, 0.00076360
3188, 0.00076380
3189, 0.00076400
3190, 0.00076420
3191, 0.00076440
3192, 0.00076460
3193, 0.00076480
3194, 0.00076500
3195, 0.00076520
3196, 0.00076540
3197, 0.00076560
3198, 0.00076580
3199, 0.00076610
3200, 0.00076630
3201, 0.00076650
3202, 0.00076670
3203, 0.00076690
3204, 0.00076710
3205, 0.00076730
3206, 0.00076750
3207, 0.00076770
3208, 0.00076790
3209, 0.00076810
3210, 0.00076830
3211, 0.00076850
3212, 0.00076870
3213, 0.00076890
3214, 0.00076910
3215, 0.00076930
3216, 0.00076960
3217, 0.00076980
3218, 0.00077000
3219, 0.00077020
3220, 0.00077040
3221, 0.00077060
3222, 0.00077080
3223, 0.00077100
3224, 0.00077120
3225, 0.00077140
3226, 0.00077160
3227, 0.00077180
3228, 0.00077200
3229, 0.00077220
3230, 0.00077240
3231, 0.00077260
3232, 0.00077280
3233, 0.00077310
3234, 0.00077330
3235, 0.00077350
3236, 0.00077370
3237, 0.00077390
3238, 0.00077410
3239, 0.00077430
3240, 0.00077450
3241, 0.00077470
3242, 0.00077490
3243, 0.00077510
3244, 0.00077530
3245, 0.00077550
3246, 0.00077570
3247, 0.00077590
3248, 0.00077610
3249, 0.00077630
3250, 0.00077650
3251, 0.00077670
3252, 0.00077700
3253, 0.00077720
3254, 0.00077740
3255, 0.00077760
3256, 0.00077780
3257, 0.00077800
3258, 0.00077820
3259, 0.00077840
3260, 0.00077860
3261, 0.00077880
3262, 0.00077900
3263, 0.00077920
3264, 0.00077940
3265, 0.00077960
3266, 0.00077980
3267, 0.00078000
3268, 0.00078030
3269, 0.00078050
3270, 0.00078070
3271, 0.00078090
3272, 0.00078110
3273, 0.00078130
3274, 0.00078150
3275, 0.00078170
3276, 0.00078190
3277, 0.00078210
3278, 0.00078230
3279, 0.00078250
3280, 0.00078270
3281, 0.00078290
3282, 0.00078310
3283, 0.00078330
3284, 0.00078370
3285, 0.00078390
3286, 0.00078410
3287, 0.00078430
3288, 0.00078460
3289, 0.00078480
3290, 0.00078500
3291, 0.00078520
3292, 0.00078540
3293, 0.00078560
3294, 0.00078590
3295, 0.00078610
3296, 0.00078640
3297, 0.00078660
3298, 0.00078690
3299, 0.00078710
3300, 0.00078740
3301, 0.00078760
3302, 0.00078780
3303, 0.00078800
3304, 0.00078820
3305, 0.00078840
3306, 0.00078860
3307, 0.00078880
3308, 0.00078900
3309, 0.00078920
3310, 0.00078940
3311, 0.00078970
3312, 0.00078990
3313, 0.00079010
3314, 0.00079030
3315, 0.00079050
3316, 0.00079070
3317, 0.00079090
3318, 0.00079110
3319, 0.00079130
3320, 0.00079150
3321, 0.00079170
3322, 0.00079190
3323, 0.00079210
3324, 0.00079230
3325, 0.00079250
3326, 0.00079270
3327, 0.00079290
3328, 0.00079310
3329, 0.00079330
3330, 0.00079360
3331, 0.00079380
3332, 0.00079400
3333, 0.00079420
3334, 0.00079440
3335, 0.00079460
3336, 0.00079480
3337, 0.00079500
3338, 0.00079520
3339, 0.00079540
3340, 0.00079560
3341, 0.00079580
3342, 0.00079600
3343, 0.00079620
3344, 0.00079640
3345, 0.00079660
3346, 0.00079680
3347, 0.00079700
3348, 0.00079720
3349, 0.00079740
3350, 0.00079770
3351, 0.00079790
3352, 0.00079810
3353, 0.00079830
3354, 0.00079850
3355, 0.00079870
3356, 0.00079890
3357, 0.00079910
3358, 0.00079930
3359, 0.00079950
3360, 0.00079970
3361, 0.00079990
3362, 0.00080020
3363, 0.00080040
3364, 0.00080060
3365, 0.00080080
3366, 0.00080100
3367, 0.00080120
3368, 0.00080140
3369, 0.00080160
3370, 0.00080180
3371, 0.00080200
3372, 0.00080220
3373, 0.00080240
3374, 0.00080260
3375, 0.00080280
3376, 0.00080300
3377, 0.00080320
3378, 0.00080340
3379, 0.00080360
3380, 0.00080380
3381, 0.00080410
3382, 0.00080430
3383, 0.00080450
3384, 0.00080470
3385, 0.00080490
3386, 0.00080510
3387, 0.00080530
3388, 0.00080550
3389, 0.00080570
3390, 0.00080590
3391, 0.00080610
3392, 0.00080630
3393, 0.00080650
3394, 0.00080670
3395, 0.00080690
3396, 0.00080710
3397, 0.00080730
3398, 0.00080750
3399, 0.00080780
3400, 0.00080800
3401, 0.00080820
3402, 0.00080840
3403, 0.00080860
3404, 0.00080880
3405, 0.00080900
3406, 0.00080920
3407, 0.00080940
3408, 0.00080960
3409, 0.00080980
3410, 0.00081000
3411, 0.00081020
3412, 0.00081060
3413, 0.00081080
3414, 0.00081100
3415, 0.00081120
3416, 0.00081140
3417, 0.00081160
3418, 0.00081180
3419, 0.00081200
3420, 0.00081220
3421, 0.00081240
3422, 0.00081270
3423, 0.00081290
3424, 0.00081320
3425, 0.00081340
3426, 0.00081370
3427, 0.00081390
3428, 0.00081420
3429, 0.00081440
3430, 0.00081460
3431, 0.00081480
3432, 0.00081500
3433, 0.00081520
3434, 0.00081540
3435, 0.00081560
3436, 0.00081580
3437, 0.00081600
3438, 0.00081620
3439, 0.00081650
3440, 0.00081670
3441, 0.00081690
3442, 0.00081710
3443, 0.00081730
3444, 0.00081750
3445, 0.00081770
3446, 0.00081790
3447, 0.00081810
3448, 0.00081830
3449, 0.00081850
3450, 0.00081870
3451, 0.00081890
3452, 0.00081910
3453, 0.00081930
3454, 0.00081950
3455, 0.00081970
3456, 0.00081990
3457, 0.00082010
3458, 0.00082040
3459, 0.00082060
3460, 0.00082080
3461, 0.00082100
3462, 0.00082120
3463, 0.00082140
3464, 0.00082160
3465, 0.00082180
3466, 0.00082200
3467, 0.00082220
3468, 0.00082240
3469, 0.00082260
3470, 0.00082280
3471, 0.00082300
3472, 0.00082320
3473, 0.00082340
3474, 0.00082360
3475, 0.00082380
3476, 0.00082400
3477, 0.00082420
3478, 0.00082450
3479, 0.00082470
3480, 0.00082490
3481, 0.00082510
3482, 0.00082530
3483, 0.00082550
3484, 0.00082570
3485, 0.00082590
3486, 0.00082610
3487, 0.00082630
3488, 0.00082650
3489, 0.00082670
3490, 0.00082690
3491, 0.00082710
3492, 0.00082730
3493, 0.00082750
3494, 0.00082770
3495, 0.00082790
3496, 0.00082820
3497, 0.00082840
3498, 0.00082860
3499, 0.00082880
3500, 0.00082900
3501, 0.00082920
3502, 0.00082940
3503, 0.00082960
3504, 0.00082980
3505, 0.00083000
3506, 0.00083020
3507, 0.00083040
3508, 0.00083060
3509, 0.00083080
3510, 0.00083100
3511, 0.00083120
3512, 0.00083150
3513, 0.00083170
3514, 0.00083190
3515, 0.00083210
3516, 0.00083230
3517, 0.00083250
3518, 0.00083270
3519, 0.00083290
3520, 0.00083310
3521, 0.00083330
3522, 0.00083350
3523, 0.00083370
3524, 0.00083390
3525, 0.00083410
3526, 0.00083430
3527, 0.00083450
3528, 0.00083470
3529, 0.00083490
3530, 0.00083510
3531, 0.00083530
3532, 0.00083560
3533, 0.00083580
3534, 0.00083600
3535, 0.00083620
3536, 0.00083640
3537, 0.00083660
3538, 0.00083680
3539, 0.00083700
3540, 0.00083730
3541, 0.00083750
3542, 0.00083780
3543, 0.00083800
3544, 0.00083830
3545, 0.00083850
3546, 0.00083870
3547, 0.00083890
3548, 0.00083920
3549, 0.00083940
3550, 0.00083970
3551, 0.00083990
3552, 0.00084020
3553, 0.00084040
3554, 0.00084060
3555, 0.00084090
3556, 0.00084120
3557, 0.00084140
3558, 0.00084160
3559, 0.00084180
3560, 0.00084200
3561, 0.00084220
3562, 0.00084240
3563, 0.00084260
3564, 0.00084280
3565, 0.00084300
3566, 0.00084320
3567, 0.00084340
3568, 0.00084360
3569, 0.00084380
3570, 0.00084410
3571, 0.00084430
3572, 0.00084450
3573, 0.00084470
3574, 0.00084490
3575, 0.00084510
3576, 0.00084530
3577, 0.00084550
3578, 0.00084570
3579, 0.00084590
3580, 0.00084610
3581, 0.00084630
3582, 0.00084650
3583, 0.00084670
3584, 0.00084690
3585, 0.00084710
3586, 0.00084730
3587, 0.00084750
3588, 0.00084780
3589, 0.00084800
3590, 0.00084820
3591, 0.00084840
3592, 0.00084860
3593, 0.00084880
3594, 0.00084900
3595, 0.00084920
3596, 0.00084940
3597, 0.00084960
3598, 0.00084980
3599, 0.00085000
3600, 0.00085020
3601, 0.00085040
3602, 0.00085060
3603, 0.00085080
3604, 0.00085100
3605, 0.00085120
3606, 0.00085140
3607, 0.00085170
3608, 0.00085190
3609, 0.00085210
3610, 0.00085230
3611, 0.00085250
3612, 0.00085270
3613, 0.00085290
3614, 0.00085310
3615, 0.00085330
3616, 0.00085350
3617, 0.00085370
3618, 0.00085390
3619, 0.00085410
3620, 0.00085430
3621, 0.00085450
3622, 0.00085470
3623, 0.00085490
3624, 0.00085510
3625, 0.00085530
3626, 0.00085550
3627, 0.00085570
3628, 0.00085600
3629, 0.00085620
3630, 0.00085640
3631, 0.00085660
3632, 0.00085680
3633, 0.00085700
3634, 0.00085720
3635, 0.00085740
3636, 0.00085760
3637, 0.00085780
3638, 0.00085800
3639, 0.00085820
3640, 0.00085840
3641, 0.00085860
3642, 0.00085880
3643, 0.00085900
3644, 0.00085920
3645, 0.00085940
3646, 0.00085960
3647, 0.00085980
3648, 0.00086010
3649, 0.00086030
3650, 0.00086050
3651, 0.00086070
3652, 0.00086090
3653, 0.00086110
3654, 0.00086130
3655, 0.00086150
3656, 0.00086170
3657, 0.00086200
3658, 0.00086220
3659, 0.00086240
3660, 0.00086260
3661, 0.00086280
3662, 0.00086300
3663, 0.00086320
3664, 0.00086340
3665, 0.00086360
3666, 0.00086390
3667, 0.00086410
3668, 0.00086430
3669, 0.00086450
3670, 0.00086480
3671, 0.00086500
3672, 0.00086520
3673, 0.00086540
3674, 0.00086560
3675, 0.00086580
3676, 0.00086610
3677, 0.00086630
3678, 0.00086660
3679, 0.00086680
3680, 0.00086710
3681, 0.00086730
3682, 0.00086760
3683, 0.00086780
3684, 0.00086800
3685, 0.00086820
3686, 0.00086840
3687, 0.00086860
3688, 0.00086880
3689, 0.00086900
3690, 0.00086920
3691, 0.00086940
3692, 0.00086960
3693, 0.00086980
3694, 0.00087000
3695, 0.00087020
3696, 0.00087050
3697, 0.00087070
3698, 0.00087090
3699, 0.00087110
3700, 0.00087130
3701, 0.00087150
3702, 0.00087170
3703, 0.00087190
3704, 0.00087210
3705, 0.00087230
3706, 0.00087250
3707, 0.00087270
3708, 0.00087290
3709, 0.00087310
3710, 0.00087330
3711, 0.00087350
3712, 0.00087380
3713, 0.00087400
3714, 0.00087420
3715, 0.00087440
3716, 0.00087460
3717, 0.00087480
3718, 0.00087500
3719, 0.00087520
3720, 0.00087540
3721, 0.00087560
3722, 0.00087580
3723, 0.00087600
3724, 0.00087620
3725, 0.00087640
3726, 0.00087660
3727, 0.00087680
3728, 0.00087700
3729, 0.00087720
3730, 0.00087740
3731, 0.00087770
3732, 0.00087790
3733, 0.00087810
3734, 0.00087830
3735, 0.00087860
3736, 0.00087880
3737, 0.00087900
3738, 0.00087930
3739, 0.00087950
3740, 0.00087970
3741, 0.00087990
3742, 0.00088010
3743, 0.00088030
3744, 0.00088050
3745, 0.00088070
3746, 0.00088090
3747, 0.00088110
3748, 0.00088130
3749, 0.00088160
3750, 0.00088180
3751, 0.00088200
3752, 0.00088220
3753, 0.00088240
3754, 0.00088260
3755, 0.00088280
3756, 0.00088300
3757, 0.00088320
3758, 0.00088340
3759, 0.00088360
3760, 0.00088380
3761, 0.00088400
3762, 0.00088420
3763, 0.00088440
3764, 0.00088460
3765, 0.00088480
3766, 0.00088500
3767, 0.00088520
3768, 0.00088550
3769, 0.00088570
3770, 0.00088590
3771, 0.00088610
3772, 0.00088630
3773, 0.00088650
3774, 0.00088670
3775, 0.00088690
3776, 0.00088710
3777, 0.00088730
3778, 0.00088750
3779, 0.00088770
3780, 0.00088790
3781, 0.00088810
3782, 0.00088830
3783, 0.00088850
3784, 0.00088870
3785, 0.00088890
3786, 0.00088910
3787, 0.00088940
3788, 0.00088960
3789, 0.00088980
3790, 0.00089000
3791, 0.00089020
3792, 0.00089040
3793, 0.00089060
3794, 0.00089090
3795, 0.00089110
3796, 0.00089130
3797, 0.00089150
3798, 0.00089180
3799, 0.00089200
3800, 0.00089220
3801, 0.00089240
3802, 0.00089260
3803, 0.00089280
3804, 0.00089310
3805, 0.00089330
3806, 0.00089360
3807, 0.00089380
3808, 0.00089410
3809, 0.00089430
3810, 0.00089460
3811, 0.00089480
3812, 0.00089500
3813, 0.00089520
3814, 0.00089540
3815, 0.00089560
3816, 0.00089580
3817, 0.00089610
3818, 0.00089630
3819, 0.00089650
3820, 0.00089670
3821, 0.00089690
3822, 0.00089710
3823, 0.00089730
3824, 0.00089750
3825, 0.00089770
3826, 0.00089790
3827, 0.00089810
3828, 0.00089830
3829, 0.00089850
3830, 0.00089870
3831, 0.00089890
3832, 0.00089910
3833, 0.00089930
3834, 0.00089950
3835, 0.00089980
3836, 0.00090000
3837, 0.00090020
3838, 0.00090040
3839, 0.00090060
3840, 0.00090080
3841, 0.00090100
3842, 0.00090120
3843, 0.00090140
3844, 0.00090160
3845, 0.00090180
3846, 0.00090200
3847, 0.00090220
3848, 0.00090240
3849, 0.00090260
3850, 0.00090280
3851, 0.00090300
3852, 0.00090320
3853, 0.00090350
3854, 0.00090370
3855, 0.00090390
3856, 0.00090410
3857, 0.00090430
3858, 0.00090450
3859, 0.00090470
3860, 0.00090490
3861, 0.00090510
3862, 0.00090530
3863, 0.00090550
3864, 0.00090570
3865, 0.00090600
3866, 0.00090620
3867, 0.00090640
3868, 0.00090660
3869, 0.00090680
3870, 0.00090700
3871, 0.00090720
3872, 0.00090740
3873, 0.00090760
3874, 0.00090780
3875, 0.00090800
3876, 0.00090830
3877, 0.00090850
3878, 0.00090870
3879, 0.00090890
3880, 0.00090910
3881, 0.00090930
3882, 0.00090950
3883, 0.00090970
3884, 0.00090990
3885, 0.00091010
3886, 0.00091030
3887, 0.00091050
3888, 0.00091070
3889, 0.00091090
3890, 0.00091110
3891, 0.00091130
3892, 0.00091160
3893, 0.00091180
3894, 0.00091200
3895, 0.00091220
3896, 0.00091240
3897, 0.00091260
3898, 0.00091280
3899, 0.00091300
3900, 0.00091320
3901, 0.00091340
3902, 0.00091360
3903, 0.00091380
3904, 0.00091400
3905, 0.00091420
3906, 0.00091440
3907, 0.00091460
3908, 0.00091490
3909, 0.00091510
3910, 0.00091530
3911, 0.00091550
3912, 0.00091570
3913, 0.00091590
3914, 0.00091610
3915, 0.00091630
3916, 0.00091650
3917, 0.00091670
3918, 0.00091690
3919, 0.00091710
3920, 0.00091730
3921, 0.00091750
3922, 0.00091780
3923, 0.00091800
3924, 0.00091830
3925, 0.00091850
3926, 0.00091870
3927, 0.00091890
3928, 0.00091910
3929, 0.00091930
3930, 0.00091950
3931, 0.00091970
3932, 0.00092000
3933, 0.00092020
3934, 0.00092050
3935, 0.00092070
3936, 0.00092100
3937, 0.00092120
3938, 0.00092150
3939, 0.00092170
3940, 0.00092190
3941, 0.00092210
3942, 0.00092230
3943, 0.00092250
3944, 0.00092270
3945, 0.00092290
3946, 0.00092310
3947, 0.00092330
3948, 0.00092350
3949, 0.00092380
3950, 0.00092400
3951, 0.00092420
3952, 0.00092440
3953, 0.00092460
3954, 0.00092480
3955, 0.00092500
3956, 0.00092520
3957, 0.00092540
3958, 0.00092560
3959, 0.00092580
3960, 0.00092600
3961, 0.00092620
3962, 0.00092640
3963, 0.00092660
3964, 0.00092690
3965, 0.00092710
3966, 0.00092730
3967, 0.00092750
3968, 0.00092770
3969, 0.00092790
3970, 0.00092810
3971, 0.00092830
3972, 0.00092850
3973, 0.00092870
3974, 0.00092890
3975, 0.00092910
3976, 0.00092930
3977, 0.00092950
3978, 0.00092970
3979, 0.00092990
3980, 0.00093010
3981, 0.00093040
3982, 0.00093060
3983, 0.00093080
3984, 0.00093100
3985, 0.00093120
3986, 0.00093140
3987, 0.00093160
3988, 0.00093180
3989, 0.00093200
3990, 0.00093220
3991, 0.00093240
3992, 0.00093260
3993, 0.00093280
3994, 0.00093300
3995, 0.00093320
3996, 0.00093340
3997, 0.00093360
3998, 0.00093380
3999, 0.00093400
4000, 0.00093420
4001, 0.00093450
4002, 0.00093470
4003, 0.00093490
4004, 0.00093510
4005, 0.00093530
4006, 0.00093550
4007, 0.00093570
4008, 0.00093590
4009, 0.00093610
4010, 0.00093630
4011, 0.00093650
4012, 0.00093670
4013, 0.00093690
4014, 0.00093710
4015, 0.00093730
4016, 0.00093750
4017, 0.00093770
4018, 0.00093790
4019, 0.00093820
4020, 0.00093840
4021, 0.00093860
4022, 0.00093880
4023, 0.00093900
4024, 0.00093920
4025, 0.00093940
4026, 0.00093960
4027, 0.00093980
4028, 0.00094000
4029, 0.00094020
4030, 0.00094040
4031, 0.00094060
4032, 0.00094080
4033, 0.00094100
4034, 0.00094120
4035, 0.00094140
4036, 0.00094170
4037, 0.00094190
4038, 0.00094210
4039, 0.00094230
4040, 0.00094250
4041, 0.00094270
4042, 0.00094290
4043, 0.00094310
4044, 0.00094330
4045, 0.00094350
4046, 0.00094370
4047, 0.00094390
4048, 0.00094410
4049, 0.00094430
4050, 0.00094470
4051, 0.00094490
4052, 0.00094520
4053, 0.00094540
4054, 0.00094560
4055, 0.00094580
4056, 0.00094600
4057, 0.00094620
4058, 0.00094650
4059, 0.00094670
4060, 0.00094700
4061, 0.00094720
4062, 0.00094740
4063, 0.00094770
4064, 0.00094790
4065, 0.00094810
4066, 0.00094840
4067, 0.00094860
4068, 0.00094880
4069, 0.00094900
4070, 0.00094920
4071, 0.00094940
4072, 0.00094960
4073, 0.00094980
4074, 0.00095000
4075, 0.00095020
4076, 0.00095040
4077, 0.00095070
4078, 0.00095090
4079, 0.00095110
4080, 0.00095130
4081, 0.00095150
4082, 0.00095170
4083, 0.00095190
4084, 0.00095210
4085, 0.00095230
4086, 0.00095250
4087, 0.00095270
4088, 0.00095290
4089, 0.00095310
4090, 0.00095340
4091, 0.00095360
4092, 0.00095380
4093, 0.00095400
4094, 0.00095420
4095, 0.00095440
4096, 0.00095460
4097, 0.00095480
4098, 0.00095500
4099, 0.00095520
4100, 0.00095540
4101, 0.00095560
4102, 0.00095580
4103, 0.00095600
4104, 0.00095620
4105, 0.00095640
4106, 0.00095660
4107, 0.00095680
4108, 0.00095700
4109, 0.00095730
4110, 0.00095750
4111, 0.00095770
4112, 0.00095790
4113, 0.00095810
4114, 0.00095830
4115, 0.00095850
4116, 0.00095870
4117, 0.00095890
4118, 0.00095910
4119, 0.00095930
4120, 0.00095950
4121, 0.00095970
4122, 0.00095990
4123, 0.00096010
4124, 0.00096030
4125, 0.00096050
4126, 0.00096070
4127, 0.00096090
4128, 0.00096110
4129, 0.00096140
4130, 0.00096160
4131, 0.00096180
4132, 0.00096200
4133, 0.00096220
4134, 0.00096240
4135, 0.00096260
4136, 0.00096280
4137, 0.00096300
4138, 0.00096320
4139, 0.00096340
4140, 0.00096360
4141, 0.00096380
4142, 0.00096400
4143, 0.00096420
4144, 0.00096440
4145, 0.00096460
4146, 0.00096480
4147, 0.00096500
4148, 0.00096530
4149, 0.00096550
4150, 0.00096570
4151, 0.00096590
4152, 0.00096610
4153, 0.00096630
4154, 0.00096650
4155, 0.00096670
4156, 0.00096690
4157, 0.00096710
4158, 0.00096730
4159, 0.00096750
4160, 0.00096770
4161, 0.00096790
4162, 0.00096810
4163, 0.00096830
4164, 0.00096850
4165, 0.00096870
4166, 0.00096890
4167, 0.00096920
4168, 0.00096940
4169, 0.00096960
4170, 0.00096980
4171, 0.00097000
4172, 0.00097020
4173, 0.00097040
4174, 0.00097060
4175, 0.00097080
4176, 0.00097110
4177, 0.00097130
4178, 0.00097150
4179, 0.00097170
4180, 0.00097220
4181, 0.00097240
4182, 0.00097260
4183, 0.00097280
4184, 0.00097300
4185, 0.00097320
4186, 0.00097350
4187, 0.00097370
4188, 0.00097400
4189, 0.00097420
4190, 0.00097440
4191, 0.00097460
4192, 0.00097490
4193, 0.00097510
4194, 0.00097530
4195, 0.00097560
4196, 0.00097580
4197, 0.00097600
4198, 0.00097620
4199, 0.00097640
4200, 0.00097660
4201, 0.00097680
4202, 0.00097700
4203, 0.00097720
4204, 0.00097740
4205, 0.00097760
4206, 0.00097780
4207, 0.00097800
4208, 0.00097820
4209, 0.00097840
4210, 0.00097860
4211, 0.00097880
4212, 0.00097900
4213, 0.00097920
4214, 0.00097950
4215, 0.00097970
4216, 0.00097990
4217, 0.00098010
4218, 0.00098030
4219, 0.00098050
4220, 0.00098070
4221, 0.00098090
4222, 0.00098110
4223, 0.00098130
4224, 0.00098150
4225, 0.00098170
4226, 0.00098190
4227, 0.00098210
4228, 0.00098230
4229, 0.00098250
4230, 0.00098270
4231, 0.00098290
4232, 0.00098310
4233, 0.00098330
4234, 0.00098360
4235, 0.00098380
4236, 0.00098400
4237, 0.00098420
4238, 0.00098440
4239, 0.00098460
4240, 0.00098480
4241, 0.00098500
4242, 0.00098520
4243, 0.00098540
4244, 0.00098560
4245, 0.00098580
4246, 0.00098600
4247, 0.00098620
4248, 0.00098640
4249, 0.00098660
4250, 0.00098680
4251, 0.00098700
4252, 0.00098720
4253, 0.00098740
4254, 0.00098760
4255, 0.00098790
4256, 0.00098810
4257, 0.00098830
4258, 0.00098850
4259, 0.00098870
4260, 0.00098890
4261, 0.00098910
4262, 0.00098930
4263, 0.00098950
4264, 0.00098970
4265, 0.00098990
4266, 0.00099010
4267, 0.00099030
4268, 0.00099050
4269, 0.00099070
4270, 0.00099090
4271, 0.00099110
4272, 0.00099130
4273, 0.00099150
4274, 0.00099170
4275, 0.00099200
4276, 0.00099220
4277, 0.00099240
4278, 0.00099260
4279, 0.00099280
4280, 0.00099300
4281, 0.00099320
4282, 0.00099340
4283, 0.00099360
4284, 0.00099380
4285, 0.00099400
4286, 0.00099420
4287, 0.00099440
4288, 0.00099460
4289, 0.00099480
4290, 0.00099500
4291, 0.00099520
4292, 0.00099540
4293, 0.00099570
4294, 0.00099590
4295, 0.00099610
4296, 0.00099630
4297, 0.00099650
4298, 0.00099670
4299, 0.00099690
4300, 0.00099710
4301, 0.00099730
4302, 0.00099750
4303, 0.00099770
4304, 0.00099800
4305, 0.00099830
4306, 0.00099850
4307, 0.00099870
4308, 0.00099890
4309, 0.00099920
4310, 0.00099940
4311, 0.00099960
4312, 0.00099980
4313, 0.00100000
4314, 0.00100030
4315, 0.00100050
4316, 0.00100080
4317, 0.00100100
4318, 0.00100130
4319, 0.00100150
4320, 0.00100180
4321, 0.00100200
4322, 0.00100220
4323, 0.00100240
4324, 0.00100260
4325, 0.00100280
4326, 0.00100300
4327, 0.00100320
4328, 0.00100340
4329, 0.00100360
4330, 0.00100390
4331, 0.00100410
4332, 0.00100430
4333, 0.00100450
4334, 0.00100470
4335, 0.00100490
4336, 0.00100510
4337, 0.00100530
4338, 0.00100550
4339, 0.00100570
4340, 0.00100590
4341, 0.00100610
4342, 0.00100630
4343, 0.00100650
4344, 0.00100670
4345, 0.00100690
4346, 0.00100710
4347, 0.00100730
4348, 0.00100750
4349, 0.00100770
4350, 0.00100800
4351, 0.00100820
4352, 0.00100840
4353, 0.00100860
4354, 0.00100880
4355, 0.00100900
4356, 0.00100920
4357, 0.00100940
4358, 0.00100960
4359, 0.00100990
4360, 0.00101010
4361, 0.00101030
4362, 0.00101050
4363, 0.00101070
4364, 0.00101090
4365, 0.00101110
4366, 0.00101130
4367, 0.00101150
4368, 0.00101170
4369, 0.00101190
4370, 0.00101220
4371, 0.00101240
4372, 0.00101260
4373, 0.00101280
4374, 0.00101310
4375, 0.00101330
4376, 0.00101350
4377, 0.00101370
4378, 0.00101400
4379, 0.00101420
4380, 0.00101450
4381, 0.00101470
4382, 0.00101490
4383, 0.00101520
4384, 0.00101540
4385, 0.00101560
4386, 0.00101580
4387, 0.00101600
4388, 0.00101620
4389, 0.00101640
4390, 0.00101660
4391, 0.00101680
4392, 0.00101700
4393, 0.00101720
4394, 0.00101740
4395, 0.00101760
4396, 0.00101780
4397, 0.00101800
4398, 0.00101820
4399, 0.00101850
4400, 0.00101870
4401, 0.00101890
4402, 0.00101910
4403, 0.00101930
4404, 0.00101950
4405, 0.00101970
4406, 0.00101990
4407, 0.00102010
4408, 0.00102030
4409, 0.00102050
4410, 0.00102070
4411, 0.00102090
4412, 0.00102110
4413, 0.00102130
4414, 0.00102150
4415, 0.00102170
4416, 0.00102190
4417, 0.00102210
4418, 0.00102240
4419, 0.00102260
4420, 0.00102280
4421, 0.00102300
4422, 0.00102320
4423, 0.00102340
4424, 0.00102360
4425, 0.00102380
4426, 0.00102400
4427, 0.00102420
4428, 0.00102440
4429, 0.00102460
4430, 0.00102480
4431, 0.00102500
4432, 0.00102540
4433, 0.00102560
4434, 0.00102580
4435, 0.00102600
4436, 0.00102620
4437, 0.00102640
4438, 0.00102660
4439, 0.00102680
4440, 0.00102700
4441, 0.00102720
4442, 0.00102750
4443, 0.00102770
4444, 0.00102800
4445, 0.00102820
4446, 0.00102850
4447, 0.00102870
4448, 0.00102890
4449, 0.00102910
4450, 0.00102940
4451, 0.00102960
4452, 0.00102980
4453, 0.00103000
4454, 0.00103020
4455, 0.00103040
4456, 0.00103060
4457, 0.00103080
4458, 0.00103100
4459, 0.00103120
4460, 0.00103140
4461, 0.00103160
4462, 0.00103180
4463, 0.00103200
4464, 0.00103220
4465, 0.00103240
4466, 0.00103260
4467, 0.00103280
4468, 0.00103310
4469, 0.00103330
4470, 0.00103350
4471, 0.00103370
4472, 0.00103390
4473, 0.00103410
4474, 0.00103430
4475, 0.00103450
4476, 0.00103470
4477, 0.00103490
4478, 0.00103510
4479, 0.00103530
4480, 0.00103550
4481, 0.00103570
4482, 0.00103590
4483, 0.00103610
4484, 0.00103640
4485, 0.00103660
4486, 0.00103680
4487, 0.00103700
4488, 0.00103720
4489, 0.00103740
4490, 0.00103760
4491, 0.00103780
4492, 0.00103800
4493, 0.00103820
4494, 0.00103840
4495, 0.00103860
4496, 0.00103880
4497, 0.00103900
4498, 0.00103920
4499, 0.00103940
4500, 0.00103960
4501, 0.00103980
4502, 0.00104000
4503, 0.00104030
4504, 0.00104050
4505, 0.00104070
4506, 0.00104090
4507, 0.00104110
4508, 0.00104130
4509, 0.00104150
4510, 0.00104170
4511, 0.00104190
4512, 0.00104210
4513, 0.00104230
4514, 0.00104250
4515, 0.00104270
4516, 0.00104290
4517, 0.00104310
4518, 0.00104330
4519, 0.00104350
4520, 0.00104370
4521, 0.00104400
4522, 0.00104420
4523, 0.00104440
4524, 0.00104460
4525, 0.00104480
4526, 0.00104500
4527, 0.00104520
4528, 0.00104540
4529, 0.00104560
4530, 0.00104580
4531, 0.00104600
4532, 0.00104620
4533, 0.00104640
4534, 0.00104660
4535, 0.00104680
4536, 0.00104710
4537, 0.00104730
4538, 0.00104750
4539, 0.00104770
4540, 0.00104790
4541, 0.00104810
4542, 0.00104830
4543, 0.00104850
4544, 0.00104870
4545, 0.00104890
4546, 0.00104910
4547, 0.00104930
4548, 0.00104950
4549, 0.00104970
4550, 0.00104990
4551, 0.00105010
4552, 0.00105030
4553, 0.00105050
4554, 0.00105070
4555, 0.00105100
4556, 0.00105120
4557, 0.00105140
4558, 0.00105160
4559, 0.00105180
4560, 0.00105720
4561, 0.00105750
4562, 0.00105780
4563, 0.00105800
4564, 0.00105820
4565, 0.00105840
4566, 0.00105860
4567, 0.00105880
4568, 0.00105900
4569, 0.00105920
4570, 0.00105940
4571, 0.00105960
4572, 0.00105980
4573, 0.00106000
4574, 0.00106020
4575, 0.00106040
4576, 0.00106060
4577, 0.00106080
4578, 0.00106100
4579, 0.00106120
4580, 0.00106150
4581, 0.00106170
4582, 0.00106190
4583, 0.00106210
4584, 0.00106230
4585, 0.00106250
4586, 0.00106270
4587, 0.00106290
4588, 0.00106310
4589, 0.00106330
4590, 0.00106350
4591, 0.00106370
4592, 0.00106390
4593, 0.00106410
4594, 0.00106430
4595, 0.00106450
4596, 0.00106470
4597, 0.00106490
4598, 0.00106510
4599, 0.00106540
4600, 0.00106560
4601, 0.00106580
4602, 0.00106600
4603, 0.00106620
4604, 0.00106640
4605, 0.00106660
4606, 0.00106680
4607, 0.00106700
4608, 0.00106720
4609, 0.00106740
4610, 0.00106760
4611, 0.00106780
4612, 0.00106800
4613, 0.00106820
4614, 0.00106840
4615, 0.00106860
4616, 0.00106880
4617, 0.00106910
4618, 0.00106930
4619, 0.00106950
4620, 0.00106970
4621, 0.00106990
4622, 0.00107010
4623, 0.00107030
4624, 0.00107050
4625, 0.00107070
4626, 0.00107090
4627, 0.00107110
4628, 0.00107130
4629, 0.00107150
4630, 0.00107170
4631, 0.00107190
4632, 0.00107210
4633, 0.00107230
4634, 0.00107250
4635, 0.00107280
4636, 0.00107300
4637, 0.00107320
4638, 0.00107340
4639, 0.00107360
4640, 0.00107380
4641, 0.00107400
4642, 0.00107420
4643, 0.00107440
4644, 0.00107460
4645, 0.00107480
4646, 0.00107500
4647, 0.00107520
4648, 0.00107540
4649, 0.00107560
4650, 0.00107580
4651, 0.00107600
4652, 0.00107620
4653, 0.00107640
4654, 0.00107660
4655, 0.00107680
4656, 0.00107710
4657, 0.00107730
4658, 0.00107750
4659, 0.00107770
4660, 0.00107790
4661, 0.00107810
4662, 0.00107830
4663, 0.00107850
4664, 0.00107870
4665, 0.00107890
4666, 0.00107910
4667, 0.00107930
4668, 0.00107950
4669, 0.00107970
4670, 0.00107990
4671, 0.00108010
4672, 0.00108040
4673, 0.00108060
4674, 0.00108080
4675, 0.00108100
4676, 0.00108120
4677, 0.00108140
4678, 0.00108160
4679, 0.00108180
4680, 0.00108200
4681, 0.00108220
4682, 0.00108240
4683, 0.00108260
4684, 0.00108280
4685, 0.00108300
4686, 0.00108330
4687, 0.00108360
4688, 0.00108380
4689, 0.00108400
4690, 0.00108430
4691, 0.00108450
4692, 0.00108470
4693, 0.00108490
4694, 0.00108510
4695, 0.00108530
4696, 0.00108560
4697, 0.00108580
4698, 0.00108610
4699, 0.00108630
4700, 0.00108660
4701, 0.00108680
4702, 0.00108710
4703, 0.00108730
4704, 0.00108750
4705, 0.00108770
4706, 0.00108790
4707, 0.00108810
4708, 0.00108830
4709, 0.00108850
4710, 0.00108870
4711, 0.00108890
4712, 0.00108910
4713, 0.00108930
4714, 0.00108950
4715, 0.00108970
4716, 0.00108990
4717, 0.00109020
4718, 0.00109040
4719, 0.00109060
4720, 0.00109080
4721, 0.00109100
4722, 0.00109120
4723, 0.00109140
4724, 0.00109160
4725, 0.00109180
4726, 0.00109200
4727, 0.00109220
4728, 0.00109240
4729, 0.00109260
4730, 0.00109280
4731, 0.00109300
4732, 0.00109320
4733, 0.00109340
4734, 0.00109360
4735, 0.00109380
4736, 0.00109410
4737, 0.00109430
4738, 0.00109450
4739, 0.00109470
4740, 0.00109490
4741, 0.00109510
4742, 0.00109530
4743, 0.00109550
4744, 0.00109570
4745, 0.00109590
4746, 0.00109610
4747, 0.00109630
4748, 0.00109650
4749, 0.00109670
4750, 0.00109690
4751, 0.00109710
4752, 0.00109730
4753, 0.00109760
4754, 0.00109780
4755, 0.00109800
4756, 0.00109820
4757, 0.00109840
4758, 0.00109860
4759, 0.00109880
4760, 0.00109900
4761, 0.00109920
4762, 0.00109940
4763, 0.00109960
4764, 0.00109980
4765, 0.00110000
4766, 0.00110020
4767, 0.00110040
4768, 0.00110060
4769, 0.00110080
4770, 0.00110100
4771, 0.00110130
4772, 0.00110150
4773, 0.00110170
4774, 0.00110190
4775, 0.00110210
4776, 0.00110230
4777, 0.00110250
4778, 0.00110270
4779, 0.00110290
4780, 0.00110310
4781, 0.00110330
4782, 0.00110350
4783, 0.00110370
4784, 0.00110390
4785, 0.00110410
4786, 0.00110430
4787, 0.00110450
4788, 0.00110470
4789, 0.00110500
4790, 0.00110520
4791, 0.00110540
4792, 0.00110560
4793, 0.00110580
4794, 0.00110600
4795, 0.00110620
4796, 0.00110640
4797, 0.00110660
4798, 0.00110680
4799, 0.00110700
4800, 0.00110720
4801, 0.00110740
4802, 0.00110760
4803, 0.00110780
4804, 0.00110800
4805, 0.00110820
4806, 0.00110840
4807, 0.00110860
4808, 0.00110890
4809, 0.00110910
4810, 0.00110930
4811, 0.00110950
4812, 0.00110970
4813, 0.00110990
4814, 0.00111020
4815, 0.00111040
4816, 0.00111060
4817, 0.00111080
4818, 0.00111110
4819, 0.00111130
4820, 0.00111150
4821, 0.00111170
4822, 0.00111190
4823, 0.00111210
4824, 0.00111240
4825, 0.00111260
4826, 0.00111290
4827, 0.00111310
4828, 0.00111340
4829, 0.00111360
4830, 0.00111380
4831, 0.00111410
4832, 0.00111430
4833, 0.00111450
4834, 0.00111470
4835, 0.00111490
4836, 0.00111510
4837, 0.00111530
4838, 0.00111550
4839, 0.00111570
4840, 0.00111590
4841, 0.00111610
4842, 0.00111630
4843, 0.00111650
4844, 0.00111670
4845, 0.00111690
4846, 0.00111710
4847, 0.00111730
4848, 0.00111750
4849, 0.00111770
4850, 0.00111790
4851, 0.00111810
4852, 0.00111830
4853, 0.00111850
4854, 0.00111880
4855, 0.00111900
4856, 0.00111920
4857, 0.00111940
4858, 0.00111960
4859, 0.00111980
4860, 0.00112000
4861, 0.00112020
4862, 0.00112040
4863, 0.00112060
4864, 0.00112080
4865, 0.00112100
4866, 0.00112120
4867, 0.00112140
4868, 0.00112160
4869, 0.00112180
4870, 0.00112200
4871, 0.00112220
4872, 0.00112250
4873, 0.00112270
4874, 0.00112290
4875, 0.00112310
4876, 0.00112330
4877, 0.00112350
4878, 0.00112370
4879, 0.00112390
4880, 0.00112410
4881, 0.00112430
4882, 0.00112450
4883, 0.00112470
4884, 0.00112490
4885, 0.00112510
4886, 0.00112530
4887, 0.00112550
4888, 0.00112580
4889, 0.00112600
4890, 0.00112620
4891, 0.00112640
4892, 0.00112660
4893, 0.00112680
4894, 0.00112700
4895, 0.00112720
4896, 0.00112740
4897, 0.00112760
4898, 0.00112780
4899, 0.00112800
4900, 0.00112820
4901, 0.00112840
4902, 0.00112860
4903, 0.00112880
4904, 0.00112900
4905, 0.00112920
4906, 0.00112940
4907, 0.00112970
4908, 0.00112990
4909, 0.00113010
4910, 0.00113030
4911, 0.00113050
4912, 0.00113070
4913, 0.00113090
4914, 0.00113110
4915, 0.00113130
4916, 0.00113150
4917, 0.00113170
4918, 0.00113190
4919, 0.00113210
4920, 0.00113230
4921, 0.00113250
4922, 0.00113270
4923, 0.00113290
4924, 0.00113310
4925, 0.00113330
4926, 0.00113360
4927, 0.00113380
4928, 0.00113400
4929, 0.00113420
4930, 0.00113440
4931, 0.00113460
4932, 0.00113480
4933, 0.00113500
4934, 0.00113520
4935, 0.00113540
4936, 0.00113560
4937, 0.00113580
4938, 0.00113600
4939, 0.00113620
4940, 0.00113640
4941, 0.00113660
4942, 0.00113690
4943, 0.00113710
4944, 0.00113740
4945, 0.00113760
4946, 0.00113780
4947, 0.00113800
4948, 0.00113820
4949, 0.00113840
4950, 0.00113860
4951, 0.00113880
4952, 0.00113910
4953, 0.00113930
4954, 0.00113950
4955, 0.00113970
4956, 0.00114020
4957, 0.00114040
4958, 0.00114070
4959, 0.00114090
4960, 0.00114110
4961, 0.00114130
4962, 0.00114150
4963, 0.00114170
4964, 0.00114190
4965, 0.00114210
4966, 0.00114230
4967, 0.00114250
4968, 0.00114270
4969, 0.00114290
4970, 0.00114310
4971, 0.00114330
4972, 0.00114350
4973, 0.00114380
4974, 0.00114400
4975, 0.00114420
4976, 0.00114440
4977, 0.00114460
4978, 0.00114480
4979, 0.00114500
4980, 0.00114520
4981, 0.00114540
4982, 0.00114560
4983, 0.00114580
4984, 0.00114600
4985, 0.00114620
4986, 0.00114640
4987, 0.00114660
4988, 0.00114680
4989, 0.00114700
4990, 0.00114720
4991, 0.00114740
4992, 0.00114760
4993, 0.00114790
4994, 0.00114810
4995, 0.00114830
4996, 0.00114850
4997, 0.00114870
4998, 0.00114890
4999, 0.00114910
5000, 0.00114930
5001, 0.00114950
5002, 0.00114970
5003, 0.00114990
5004, 0.00115010
5005, 0.00115030
5006, 0.00115050
5007, 0.00115070
5008, 0.00115090
5009, 0.00115110
5010, 0.00115140
5011, 0.00115160
5012, 0.00115180
5013, 0.00115200
5014, 0.00115220
5015, 0.00115240
5016, 0.00115260
5017, 0.00115280
5018, 0.00115300
5019, 0.00115320
5020, 0.00115340
5021, 0.00115360
5022, 0.00115380
5023, 0.00115400
5024, 0.00115420
5025, 0.00115440
5026, 0.00115460
5027, 0.00115480
5028, 0.00115500
5029, 0.00115520
5030, 0.00115550
5031, 0.00115570
5032, 0.00115590
5033, 0.00115610
5034, 0.00115630
5035, 0.00115650
5036, 0.00115670
5037, 0.00115690
5038, 0.00115710
5039, 0.00115730
5040, 0.00115750
5041, 0.00115770
5042, 0.00115790
5043, 0.00115810
5044, 0.00115830
5045, 0.00115850
5046, 0.00115870
5047, 0.00115890
5048, 0.00115920
5049, 0.00115940
5050, 0.00115960
5051, 0.00115980
5052, 0.00116000
5053, 0.00116020
5054, 0.00116040
5055, 0.00116060
5056, 0.00116080
5057, 0.00116100
5058, 0.00116120
5059, 0.00116140
5060, 0.00116160
5061, 0.00116180
5062, 0.00116210
5063, 0.00116230
5064, 0.00116250
5065, 0.00116270
5066, 0.00116290
5067, 0.00116310
5068, 0.00116330
5069, 0.00116350
5070, 0.00116380
5071, 0.00116400
5072, 0.00116430
5073, 0.00116450
5074, 0.00116470
5075, 0.00116490
5076, 0.00116510
5077, 0.00116530
5078, 0.00116560
5079, 0.00116580
5080, 0.00116610
5081, 0.00116630
5082, 0.00116650
5083, 0.00116670
5084, 0.00116700
5085, 0.00116720
5086, 0.00116750
5087, 0.00116770
5088, 0.00116790
5089, 0.00116810
5090, 0.00116830
5091, 0.00116850
5092, 0.00116870
5093, 0.00116890
5094, 0.00116910
5095, 0.00116930
5096, 0.00116950
5097, 0.00116970
5098, 0.00116990
5099, 0.00117010
5100, 0.00117030
5101, 0.00117050
5102, 0.00117070
5103, 0.00117100
5104, 0.00117120
5105, 0.00117140
5106, 0.00117160
5107, 0.00117180
5108, 0.00117200
5109, 0.00117220
5110, 0.00117240
5111, 0.00117260
5112, 0.00117280
5113, 0.00117300
5114, 0.00117320
5115, 0.00117340
5116, 0.00117360
5117, 0.00117380
5118, 0.00117400
5119, 0.00117420
5120, 0.00117440
5121, 0.00117460
5122, 0.00117490
5123, 0.00117510
5124, 0.00117530
5125, 0.00117550
5126, 0.00117570
5127, 0.00117590
5128, 0.00117610
5129, 0.00117630
5130, 0.00117650
5131, 0.00117670
5132, 0.00117690
5133, 0.00117710
5134, 0.00117730
5135, 0.00117750
5136, 0.00117770
5137, 0.00117790
5138, 0.00117810
5139, 0.00117830
5140, 0.00117860
5141, 0.00117880
5142, 0.00117900
5143, 0.00117920
5144, 0.00117940
5145, 0.00117960
5146, 0.00117980
5147, 0.00118000
5148, 0.00118020
5149, 0.00118040
5150, 0.00118060
5151, 0.00118080
5152, 0.00118100
5153, 0.00118120
5154, 0.00118140
5155, 0.00118160
5156, 0.00118180
5157, 0.00118200
5158, 0.00118230
5159, 0.00118250
5160, 0.00118270
5161, 0.00118290
5162, 0.00118310
5163, 0.00118330
5164, 0.00118350
5165, 0.00118370
5166, 0.00118390
5167, 0.00118410
5168, 0.00118430
5169, 0.00118450
5170, 0.00118470
5171, 0.00118490
5172, 0.00118510
5173, 0.00118530
5174, 0.00118550
5175, 0.00118570
5176, 0.00118590
5177, 0.00118620
5178, 0.00118640
5179, 0.00118660
5180, 0.00118680
5181, 0.00118700
5182, 0.00118720
5183, 0.00118740
5184, 0.00118760
5185, 0.00118780
5186, 0.00118800
5187, 0.00118820
5188, 0.00118840
5189, 0.00118860
5190, 0.00118880
5191, 0.00118900
5192, 0.00118920
5193, 0.00118950
5194, 0.00118970
5195, 0.00118990
5196, 0.00119020
5197, 0.00119040
5198, 0.00119060
5199, 0.00119080
5200, 0.00119100
5201, 0.00119120
5202, 0.00119140
5203, 0.00119170
5204, 0.00119190
5205, 0.00119210
5206, 0.00119230
5207, 0.00119260
5208, 0.00119280
5209, 0.00119300
5210, 0.00119330
5211, 0.00119350
5212, 0.00119380
5213, 0.00119400
5214, 0.00119420
5215, 0.00119440
5216, 0.00119460
5217, 0.00119480
5218, 0.00119500
5219, 0.00119520
5220, 0.00119540
5221, 0.00119560
5222, 0.00119580
5223, 0.00119600
5224, 0.00119620
5225, 0.00119640
5226, 0.00119660
5227, 0.00119680
5228, 0.00119700
5229, 0.00119720
5230, 0.00119750
5231, 0.00119770
5232, 0.00119790
5233, 0.00119810
5234, 0.00119830
5235, 0.00119850
5236, 0.00119870
5237, 0.00119890
5238, 0.00119910
5239, 0.00119930
5240, 0.00119950
5241, 0.00119970
5242, 0.00119990
5243, 0.00120010
5244, 0.00120030
5245, 0.00120050
5246, 0.00120070
5247, 0.00120090
5248, 0.00120110
5249, 0.00120140
5250, 0.00120160
5251, 0.00120180
5252, 0.00120200
5253, 0.00120220
5254, 0.00120240
5255, 0.00120260
5256, 0.00120280
5257, 0.00120300
5258, 0.00120320
5259, 0.00120340
5260, 0.00120360
5261, 0.00120380
5262, 0.00120400
5263, 0.00120420
5264, 0.00120440
5265, 0.00120460
5266, 0.00120480
5267, 0.00120510
5268, 0.00120530
5269, 0.00120550
5270, 0.00120570
5271, 0.00120590
5272, 0.00120610
5273, 0.00120630
5274, 0.00120650
5275, 0.00120670
5276, 0.00120690
5277, 0.00120710
5278, 0.00120730
5279, 0.00120750
5280, 0.00120770
5281, 0.00120790
5282, 0.00120810
5283, 0.00120830
5284, 0.00120850
5285, 0.00120870
5286, 0.00120900
5287, 0.00120920
5288, 0.00120940
5289, 0.00120960
5290, 0.00120980
5291, 0.00121000
5292, 0.00121020
5293, 0.00121040
5294, 0.00121060
5295, 0.00121080
5296, 0.00121100
5297, 0.00121120
5298, 0.00121140
5299, 0.00121160
5300, 0.00121180
5301, 0.00121200
5302, 0.00121220
5303, 0.00121240
5304, 0.00121260
5305, 0.00121280
5306, 0.00121310
5307, 0.00121330
5308, 0.00121350
5309, 0.00121370
5310, 0.00121390
5311, 0.00121410
5312, 0.00121430
5313, 0.00121450
5314, 0.00121470
5315, 0.00121490
5316, 0.00121510
5317, 0.00121530
5318, 0.00121550
5319, 0.00121570
5320, 0.00121590
5321, 0.00121610
5322, 0.00121630
5323, 0.00121660
5324, 0.00121690
5325, 0.00121710
5326, 0.00121730
5327, 0.00121750
5328, 0.00121770
5329, 0.00121790
5330, 0.00121820
5331, 0.00121840
5332, 0.00121860
5333, 0.00121880
5334, 0.00121900
5335, 0.00121920
5336, 0.00121950
5337, 0.00121970
5338, 0.00122000
5339, 0.00122020
5340, 0.00122040
5341, 0.00122060
5342, 0.00122080
5343, 0.00122100
5344, 0.00122130
5345, 0.00122150
5346, 0.00122170
5347, 0.00122190
5348, 0.00122210
5349, 0.00122230
5350, 0.00122250
5351, 0.00122270
5352, 0.00122290
5353, 0.00122310
5354, 0.00122330
5355, 0.00122350
5356, 0.00122370
5357, 0.00122390
5358, 0.00122410
5359, 0.00122430
5360, 0.00122450
5361, 0.00122470
5362, 0.00122500
5363, 0.00122520
5364, 0.00122540
5365, 0.00122560
5366, 0.00122580
5367, 0.00122600
5368, 0.00122620
5369, 0.00122640
5370, 0.00122660
5371, 0.00122680
5372, 0.00122700
5373, 0.00122720
5374, 0.00122740
5375, 0.00122760
5376, 0.00122780
5377, 0.00122800
5378, 0.00122820
5379, 0.00122840
5380, 0.00122870
5381, 0.00122890
5382, 0.00122910
5383, 0.00122930
5384, 0.00122950
5385, 0.00122970
5386, 0.00122990
5387, 0.00123010
5388, 0.00123030
5389, 0.00123050
5390, 0.00123070
5391, 0.00123090
5392, 0.00123110
5393, 0.00123130
5394, 0.00123150
5395, 0.00123170
5396, 0.00123190
5397, 0.00123210
5398, 0.00123240
5399, 0.00123260
5400, 0.00123280
5401, 0.00123300
5402, 0.00123320
5403, 0.00123340
5404, 0.00123360
5405, 0.00123380
5406, 0.00123400
5407, 0.00123420
5408, 0.00123440
5409, 0.00123460
5410, 0.00123480
5411, 0.00123500
5412, 0.00123520
5413, 0.00123540
5414, 0.00123560
5415, 0.00123580
5416, 0.00123610
5417, 0.00123630
5418, 0.00123650
5419, 0.00123670
5420, 0.00123690
5421, 0.00123710
5422, 0.00123730
5423, 0.00123750
5424, 0.00123770
5425, 0.00123790
5426, 0.00123810
5427, 0.00123830
5428, 0.00123850
5429, 0.00123870
5430, 0.00123890
5431, 0.00123910
5432, 0.00123930
5433, 0.00123950
5434, 0.00123970
5435, 0.00124000
5436, 0.00124020
5437, 0.00124040
5438, 0.00124060
5439, 0.00124080
5440, 0.00124100
5441, 0.00124120
5442, 0.00124140
5443, 0.00124160
5444, 0.00124180
5445, 0.00124200
5446, 0.00124220
5447, 0.00124240
5448, 0.00124260
5449, 0.00124280
5450, 0.00124300
5451, 0.00124320
5452, 0.00124350
5453, 0.00124370
5454, 0.00124390
5455, 0.00124420
5456, 0.00124440
5457, 0.00124460
5458, 0.00124480
5459, 0.00124500
5460, 0.00124520
5461, 0.00124540
5462, 0.00124570
5463, 0.00124590
5464, 0.00124610
5465, 0.00124630
5466, 0.00124660
5467, 0.00124680
5468, 0.00124710
5469, 0.00124730
5470, 0.00124750
5471, 0.00124770
5472, 0.00124790
5473, 0.00124810
5474, 0.00124830
5475, 0.00124850
5476, 0.00124870
5477, 0.00124890
5478, 0.00124910
5479, 0.00124930
5480, 0.00124950
5481, 0.00124980
5482, 0.00125000
5483, 0.00125020
5484, 0.00125040
5485, 0.00125060
5486, 0.00125080
5487, 0.00125100
5488, 0.00125120
5489, 0.00125140
5490, 0.00125160
5491, 0.00125180
5492, 0.00125200
5493, 0.00125220
5494, 0.00125240
5495, 0.00125260
5496, 0.00125280
5497, 0.00125300
5498, 0.00125320
5499, 0.00125350
5500, 0.00125370
5501, 0.00125390
5502, 0.00125410
5503, 0.00125430
5504, 0.00125450
5505, 0.00125470
5506, 0.00125490
5507, 0.00125510
5508, 0.00125530
5509, 0.00125550
5510, 0.00125570
5511, 0.00125590
5512, 0.00125610
5513, 0.00125630
5514, 0.00125650
5515, 0.00125670
5516, 0.00125700
5517, 0.00125720
5518, 0.00125740
5519, 0.00125760
5520, 0.00125780
5521, 0.00125800
5522, 0.00125820
5523, 0.00125840
5524, 0.00125860
5525, 0.00125880
5526, 0.00125900
5527, 0.00125920
5528, 0.00125940
5529, 0.00125960
5530, 0.00125980
5531, 0.00126000
5532, 0.00126020
5533, 0.00126040
5534, 0.00126060
5535, 0.00126090
5536, 0.00126110
5537, 0.00126130
5538, 0.00126150
5539, 0.00126170
5540, 0.00126190
5541, 0.00126210
5542, 0.00126230
5543, 0.00126250
5544, 0.00126270
5545, 0.00126290
5546, 0.00126310
5547, 0.00126330
5548, 0.00126350
5549, 0.00126370
5550, 0.00126390
5551, 0.00126410
5552, 0.00126430
5553, 0.00126450
5554, 0.00126470
5555, 0.00126500
5556, 0.00126520
5557, 0.00126540
5558, 0.00126560
5559, 0.00126580
5560, 0.00126600
5561, 0.00126620
5562, 0.00126640
5563, 0.00126660
5564, 0.00126680
5565, 0.00126700
5566, 0.00126720
5567, 0.00126740
5568, 0.00126760
5569, 0.00126780
5570, 0.00126800
5571, 0.00126820
5572, 0.00126840
5573, 0.00126870
5574, 0.00126890
5575, 0.00126910
5576, 0.00126930
5577, 0.00126950
5578, 0.00126970
5579, 0.00126990
5580, 0.00127020
5581, 0.00127050
5582, 0.00127070
5583, 0.00127090
5584, 0.00127110
5585, 0.00127130
5586, 0.00127150
5587, 0.00127170
5588, 0.00127200
5589, 0.00127220
5590, 0.00127270
5591, 0.00127290
5592, 0.00127310
5593, 0.00127330
5594, 0.00127360
5595, 0.00127380
5596, 0.00127410
5597, 0.00127430
5598, 0.00127450
5599, 0.00127470
5600, 0.00127490
5601, 0.00127510
5602, 0.00127530
5603, 0.00127550
5604, 0.00127570
5605, 0.00127590
5606, 0.00127610
5607, 0.00127630
5608, 0.00127650
5609, 0.00127670
5610, 0.00127690
5611, 0.00127710
5612, 0.00127740
5613, 0.00127760
5614, 0.00127780
5615, 0.00127800
5616, 0.00127820
5617, 0.00127840
5618, 0.00127860
5619, 0.00127880
5620, 0.00127900
5621, 0.00127920
5622, 0.00127940
5623, 0.00127960
5624, 0.00127980
5625, 0.00128000
5626, 0.00128020
5627, 0.00128040
5628, 0.00128060
5629, 0.00128080
5630, 0.00128100
5631, 0.00128120
5632, 0.00128140
5633, 0.00128160
5634, 0.00128190
5635, 0.00128210
5636, 0.00128230
5637, 0.00128250
5638, 0.00128270
5639, 0.00128290
5640, 0.00128310
5641, 0.00128330
5642, 0.00128350
5643, 0.00128370
5644, 0.00128390
5645, 0.00128410
5646, 0.00128430
5647, 0.00128450
5648, 0.00128470
5649, 0.00128490
5650, 0.00128510
5651, 0.00128530
5652, 0.00128550
5653, 0.00128570
5654, 0.00128590
5655, 0.00128620
5656, 0.00128640
5657, 0.00128660
5658, 0.00128680
5659, 0.00128700
5660, 0.00128720
5661, 0.00128740
5662, 0.00128760
5663, 0.00128780
5664, 0.00128800
5665, 0.00128820
5666, 0.00128840
5667, 0.00128860
5668, 0.00128880
5669, 0.00128900
5670, 0.00128920
5671, 0.00128940
5672, 0.00128960
5673, 0.00128980
5674, 0.00129000
5675, 0.00129030
5676, 0.00129050
5677, 0.00129070
5678, 0.00129090
5679, 0.00129110
5680, 0.00129130
5681, 0.00129150
5682, 0.00129170
5683, 0.00129190
5684, 0.00129210
5685, 0.00129230
5686, 0.00129250
5687, 0.00129270
5688, 0.00129290
5689, 0.00129310
5690, 0.00129330
5691, 0.00129350
5692, 0.00129370
5693, 0.00129390
5694, 0.00129410
5695, 0.00129440
5696, 0.00129460
5697, 0.00129480
5698, 0.00129500
5699, 0.00129520
5700, 0.00129540
5701, 0.00129560
5702, 0.00129580
5703, 0.00129600
5704, 0.00129620
5705, 0.00129640
5706, 0.00129670
5707, 0.00129690
5708, 0.00129710
5709, 0.00129730
5710, 0.00129760
5711, 0.00129780
5712, 0.00129800
5713, 0.00129820
5714, 0.00129840
5715, 0.00129860
5716, 0.00129890
5717, 0.00129910
5718, 0.00129940
5719, 0.00129960
5720, 0.00130000
5721, 0.00130020
5722, 0.00130050
5723, 0.00130070
5724, 0.00130090
5725, 0.00130110
5726, 0.00130130
5727, 0.00130150
5728, 0.00130170
5729, 0.00130190
5730, 0.00130210
5731, 0.00130230
5732, 0.00130250
5733, 0.00130270
5734, 0.00130330
5735, 0.00130370
5736, 0.00130410
5737, 0.00130450
5738, 0.00130480
5739, 0.00130520
5740, 0.00130560
5741, 0.00130600
5742, 0.00130640
5743, 0.00130670
5744, 0.00130710
5745, 0.00130750
5746, 0.00130790
5747, 0.00130830
5748, 0.00130870
5749, 0.00130910
5750, 0.00130950
5751, 0.00130990
5752, 0.00131030
5753, 0.00131070
5754, 0.00131110
5755, 0.00131150
5756, 0.00131180
5757, 0.00131220
5758, 0.00131260
5759, 0.00131300
5760, 0.00131340
5761, 0.00131380
5762, 0.00131420
5763, 0.00131460
5764, 0.00131500
5765, 0.00131540
5766, 0.00131580
5767, 0.00131600
5768, 0.00131630
5769, 0.00131650
5770, 0.00131670
5771, 0.00131690
5772, 0.00131710
5773, 0.00131740
5774, 0.00131760
5775, 0.00131780
5776, 0.00131810
5777, 0.00131830
5778, 0.00131850
5779, 0.00131880
5780, 0.00131900
5781, 0.00131920
5782, 0.00131940
5783, 0.00131960
5784, 0.00131980
5785, 0.00132000
5786, 0.00132020
5787, 0.00132040
5788, 0.00132070
5789, 0.00132090
5790, 0.00132110
5791, 0.00132130
5792, 0.00132150
5793, 0.00132170
5794, 0.00132190
5795, 0.00132210
5796, 0.00132230
5797, 0.00132250
5798, 0.00132270
5799, 0.00132290
5800, 0.00132310
5801, 0.00132330
5802, 0.00132350
5803, 0.00132370
5804, 0.00132390
5805, 0.00132420
5806, 0.00132440
5807, 0.00132460
5808, 0.00132480
5809, 0.00132530
5810, 0.00132570
5811, 0.00132610
5812, 0.00132640
5813, 0.00132680
5814, 0.00132720
5815, 0.00132760
5816, 0.00132790
5817, 0.00132830
5818, 0.00132860
5819, 0.00132910
5820, 0.00132940
5821, 0.00132980
5822, 0.00133020
5823, 0.00133060
5824, 0.00133100
5825, 0.00133140
5826, 0.00133190
5827, 0.00133220
5828, 0.00133260
5829, 0.00133300
5830, 0.00133340
5831, 0.00133370
5832, 0.00133420
5833, 0.00133450
5834, 0.00133520
5835, 0.00133550
5836, 0.00133590
5837, 0.00133630
5838, 0.00133670
5839, 0.00133710
5840, 0.00133740
5841, 0.00133770
5842, 0.00133790
5843, 0.00133810
5844, 0.00133830
5845, 0.00133860
5846, 0.00133880
5847, 0.00133900
5848, 0.00133920
5849, 0.00133940
5850, 0.00133960
5851, 0.00133980
5852, 0.00134000
5853, 0.00134020
5854, 0.00134040
5855, 0.00134060
5856, 0.00134080
5857, 0.00134100
5858, 0.00134120
5859, 0.00134140
5860, 0.00134160
5861, 0.00134180
5862, 0.00134200
5863, 0.00134220
5864, 0.00134250
5865, 0.00134270
5866, 0.00134290
5867, 0.00134310
5868, 0.00134330
5869, 0.00134350
5870, 0.00134370
5871, 0.00134390
5872, 0.00134410
5873, 0.00134430
5874, 0.00134450
5875, 0.00134470
5876, 0.00134490
5877, 0.00134510
5878, 0.00134530
5879, 0.00134550
5880, 0.00134570
5881, 0.00134590
5882, 0.00134620
5883, 0.00134640
5884, 0.00134660
5885, 0.00134680
5886, 0.00134700
5887, 0.00134720
5888, 0.00134740
5889, 0.00134760
5890, 0.00134780
5891, 0.00134800
5892, 0.00134820
5893, 0.00134840
5894, 0.00134860
5895, 0.00134880
5896, 0.00134900
5897, 0.00134920
5898, 0.00134940
5899, 0.00134960
5900, 0.00134980
5901, 0.00135000
5902, 0.00135030
5903, 0.00135050
5904, 0.00135070
5905, 0.00135090
5906, 0.00135110
5907, 0.00135130
5908, 0.00135150
5909, 0.00135170
5910, 0.00135190
5911, 0.00135210
5912, 0.00135230
5913, 0.00135250
5914, 0.00135270
5915, 0.00135290
5916, 0.00135310
5917, 0.00135340
5918, 0.00135360
5919, 0.00135380
5920, 0.00135400
5921, 0.00135420
5922, 0.00135440
5923, 0.00135460
5924, 0.00135480
5925, 0.00135500
5926, 0.00135520
5927, 0.00135540
5928, 0.00135560
5929, 0.00135580
5930, 0.00135600
5931, 0.00135620
5932, 0.00135650
5933, 0.00135670
5934, 0.00135690
5935, 0.00135710
5936, 0.00135730
5937, 0.00135750
5938, 0.00135770
5939, 0.00135790
5940, 0.00135810
5941, 0.00135830
5942, 0.00135850
5943, 0.00135870
5944, 0.00135890
5945, 0.00135910
5946, 0.00135930
5947, 0.00135950
5948, 0.00135970
5949, 0.00135990
5950, 0.00136010
5951, 0.00136030
5952, 0.00136050
5953, 0.00136080
5954, 0.00136100
5955, 0.00136120
5956, 0.00136140
5957, 0.00136160
5958, 0.00136180
5959, 0.00136200
5960, 0.00136220
5961, 0.00136240
5962, 0.00136270
5963, 0.00136290
5964, 0.00136310
5965, 0.00136330
5966, 0.00136350
5967, 0.00136370
5968, 0.00136390
5969, 0.00136410
5970, 0.00136430
5971, 0.00136450
5972, 0.00136480
5973, 0.00136500
5974, 0.00136530
5975, 0.00136550
5976, 0.00136580
5977, 0.00136600
5978, 0.00136650
5979, 0.00136670
5980, 0.00136690
5981, 0.00136710
5982, 0.00136730
5983, 0.00136750
5984, 0.00136770
5985, 0.00136790
5986, 0.00136810
5987, 0.00136830
5988, 0.00136850
5989, 0.00136870
5990, 0.00136890
5991, 0.00136910
5992, 0.00136930
5993, 0.00136960
5994, 0.00136980
5995, 0.00137000
5996, 0.00137020
5997, 0.00137040
5998, 0.00137060
5999, 0.00137080
6000, 0.00137100
6001, 0.00137120
6002, 0.00137140
6003, 0.00137160
6004, 0.00137180
6005, 0.00137200
6006, 0.00137220
6007, 0.00137240
6008, 0.00137260
6009, 0.00137290
6010, 0.00137310
6011, 0.00137330
6012, 0.00137350
6013, 0.00137370
6014, 0.00137390
6015, 0.00137410
6016, 0.00137430
6017, 0.00137450
6018, 0.00137470
6019, 0.00137490
6020, 0.00137510
6021, 0.00137530
6022, 0.00137550
6023, 0.00137570
6024, 0.00137590
6025, 0.00137610
6026, 0.00137630
6027, 0.00137650
6028, 0.00137680
6029, 0.00137700
6030, 0.00137720
6031, 0.00137740
6032, 0.00137760
6033, 0.00137780
6034, 0.00137800
6035, 0.00137820
6036, 0.00137840
6037, 0.00137860
6038, 0.00137880
6039, 0.00137900
6040, 0.00137920
6041, 0.00137940
6042, 0.00137960
6043, 0.00137980
6044, 0.00138000
6045, 0.00138020
6046, 0.00138040
6047, 0.00138060
6048, 0.00138090
6049, 0.00138110
6050, 0.00138130
6051, 0.00138150
6052, 0.00138170
6053, 0.00138190
6054, 0.00138210
6055, 0.00138230
6056, 0.00138250
6057, 0.00138270
6058, 0.00138290
6059, 0.00138310
6060, 0.00138330
6061, 0.00138350
6062, 0.00138370
6063, 0.00138390
6064, 0.00138410
6065, 0.00138430
6066, 0.00138450
6067, 0.00138480
6068, 0.00138500
6069, 0.00138520
6070, 0.00138540
6071, 0.00138560
6072, 0.00138580
6073, 0.00138600
6074, 0.00138620
6075, 0.00138640
6076, 0.00138660
6077, 0.00138680
6078, 0.00138700
6079, 0.00138720
6080, 0.00138740
6081, 0.00138760
6082, 0.00138780
6083, 0.00138800
6084, 0.00138820
6085, 0.00138850
6086, 0.00138870
6087, 0.00138890
6088, 0.00138910
6089, 0.00138930
6090, 0.00138960
6091, 0.00138980
6092, 0.00139010
6093, 0.00139030
6094, 0.00139050
6095, 0.00139070
6096, 0.00139090
6097, 0.00139110
6098, 0.00139140
6099, 0.00139160
6100, 0.00139190
6101, 0.00139210
6102, 0.00139230
6103, 0.00139250
6104, 0.00139280
6105, 0.00139300
6106, 0.00139330
6107, 0.00139350
6108, 0.00139370
6109, 0.00139390
6110, 0.00139410
6111, 0.00139430
6112, 0.00139450
6113, 0.00139470
6114, 0.00139490
6115, 0.00139510
6116, 0.00139530
6117, 0.00139550
6118, 0.00139570
6119, 0.00139590
6120, 0.00139620
6121, 0.00139640
6122, 0.00139660
6123, 0.00139680
6124, 0.00139700
6125, 0.00139720
6126, 0.00139740
6127, 0.00139760
6128, 0.00139780
6129, 0.00139800
6130, 0.00139820
6131, 0.00139840
6132, 0.00139860
6133, 0.00139880
6134, 0.00139900
6135, 0.00139920
6136, 0.00139940
6137, 0.00139960
6138, 0.00139980
6139, 0.00140010
6140, 0.00140030
6141, 0.00140050
6142, 0.00140070
6143, 0.00140090
6144, 0.00140110
6145, 0.00140130
6146, 0.00140150
6147, 0.00140170
6148, 0.00140190
6149, 0.00140210
6150, 0.00140230
6151, 0.00140250
6152, 0.00140270
6153, 0.00140290
6154, 0.00140310
6155, 0.00140330
6156, 0.00140350
6157, 0.00140370
6158, 0.00140400
6159, 0.00140420
6160, 0.00140440
6161, 0.00140460
6162, 0.00140480
6163, 0.00140500
6164, 0.00140520
6165, 0.00140540
6166, 0.00140560
6167, 0.00140580
6168, 0.00140600
6169, 0.00140620
6170, 0.00140640
6171, 0.00140660
6172, 0.00140680
6173, 0.00140700
6174, 0.00140720
6175, 0.00140740
6176, 0.00140760
6177, 0.00140780
6178, 0.00140810
6179, 0.00140830
6180, 0.00140850
6181, 0.00140870
6182, 0.00140890
6183, 0.00140910
6184, 0.00140930
6185, 0.00140950
6186, 0.00140970
6187, 0.00140990
6188, 0.00141010
6189, 0.00141030
6190, 0.00141050
6191, 0.00141070
6192, 0.00141090
6193, 0.00141110
6194, 0.00141130
6195, 0.00141150
6196, 0.00141170
6197, 0.00141200
6198, 0.00141220
6199, 0.00141240
6200, 0.00141260
6201, 0.00141280
6202, 0.00141300
6203, 0.00141320
6204, 0.00141340
6205, 0.00141360
6206, 0.00141380
6207, 0.00141400
6208, 0.00141420
6209, 0.00141440
6210, 0.00141460
6211, 0.00141480
6212, 0.00141500
6213, 0.00141520
6214, 0.00141550
6215, 0.00141570
6216, 0.00141600
6217, 0.00141620
6218, 0.00141640
6219, 0.00141660
6220, 0.00141680
6221, 0.00141700
6222, 0.00141720
6223, 0.00141750
6224, 0.00141770
6225, 0.00141790
6226, 0.00141810
6227, 0.00141830
6228, 0.00141860
6229, 0.00141880
6230, 0.00141910
6231, 0.00141930
6232, 0.00141950
6233, 0.00141970
6234, 0.00141990
6235, 0.00142020
6236, 0.00142040
6237, 0.00142060
6238, 0.00142080
6239, 0.00142100
6240, 0.00142120
6241, 0.00142140
6242, 0.00142160
6243, 0.00142180
6244, 0.00142200
6245, 0.00142220
6246, 0.00142240
6247, 0.00142260
6248, 0.00142280
6249, 0.00142300
6250, 0.00142320
6251, 0.00142340
6252, 0.00142360
6253, 0.00142390
6254, 0.00142410
6255, 0.00142430
6256, 0.00142450
6257, 0.00142470
6258, 0.00142490
6259, 0.00142510
6260, 0.00142530
6261, 0.00142550
6262, 0.00142570
6263, 0.00142590
6264, 0.00142610
6265, 0.00142630
6266, 0.00142650
6267, 0.00142670
6268, 0.00142690
6269, 0.00142710
6270, 0.00142730
6271, 0.00142750
6272, 0.00142770
6273, 0.00142790
6274, 0.00142810
6275, 0.00142840
6276, 0.00142860
6277, 0.00142880
6278, 0.00142900
6279, 0.00142920
6280, 0.00142940
6281, 0.00142960
6282, 0.00142980
6283, 0.00143000
6284, 0.00143020
6285, 0.00143040
6286, 0.00143060
6287, 0.00143080
6288, 0.00143100
6289, 0.00143120
6290, 0.00143140
6291, 0.00143160
6292, 0.00143180
6293, 0.00143200
6294, 0.00143230
6295, 0.00143250
6296, 0.00143270
6297, 0.00143290
6298, 0.00143310
6299, 0.00143330
6300, 0.00143350
6301, 0.00143370
6302, 0.00143390
6303, 0.00143410
6304, 0.00143430
6305, 0.00143450
6306, 0.00143470
6307, 0.00143490
6308, 0.00143510
6309, 0.00143530
6310, 0.00143550
6311, 0.00143570
6312, 0.00143590
6313, 0.00143610
6314, 0.00143640
6315, 0.00143660
6316, 0.00143680
6317, 0.00143700
6318, 0.00143720
6319, 0.00143740
6320, 0.00143760
6321, 0.00143780
6322, 0.00143800
6323, 0.00143820
6324, 0.00143840
6325, 0.00143860
6326, 0.00143880
6327, 0.00143900
6328, 0.00143920
6329, 0.00143940
6330, 0.00143960
6331, 0.00143980
6332, 0.00144000
6333, 0.00144030
6334, 0.00144050
6335, 0.00144070
6336, 0.00144090
6337, 0.00144110
6338, 0.00144130
6339, 0.00144150
6340, 0.00144170
6341, 0.00144190
6342, 0.00144210
6343, 0.00144230
6344, 0.00144260
6345, 0.00144280
6346, 0.00144300
6347, 0.00144320
6348, 0.00144350
6349, 0.00144370
6350, 0.00144390
6351, 0.00144410
6352, 0.00144430
6353, 0.00144450
6354, 0.00144480
6355, 0.00144500
6356, 0.00144520
6357, 0.00144550
6358, 0.00144570
6359, 0.00144590
6360, 0.00144620
6361, 0.00144640
6362, 0.00144660
6363, 0.00144680
6364, 0.00144700
6365, 0.00144720
6366, 0.00144740
6367, 0.00144760
6368, 0.00144790
6369, 0.00144810
6370, 0.00144830
6371, 0.00144850
6372, 0.00144870
6373, 0.00144890
6374, 0.00144910
6375, 0.00144930
6376, 0.00144950
6377, 0.00144970
6378, 0.00144990
6379, 0.00145010
6380, 0.00145030
6381, 0.00145050
6382, 0.00145070
6383, 0.00145090
6384, 0.00145110
6385, 0.00145140
6386, 0.00145160
6387, 0.00145180
6388, 0.00145200
6389, 0.00145220
6390, 0.00145240
6391, 0.00145260
6392, 0.00145280
6393, 0.00145300
6394, 0.00145320
6395, 0.00145340
6396, 0.00145360
6397, 0.00145380
6398, 0.00145400
6399, 0.00145420
6400, 0.00145440
6401, 0.00145460
6402, 0.00145480
6403, 0.00145500
6404, 0.00145530
6405, 0.00145550
6406, 0.00145570
6407, 0.00145590
6408, 0.00145610
6409, 0.00145630
6410, 0.00145650
6411, 0.00145670
6412, 0.00145690
6413, 0.00145710
6414, 0.00145730
6415, 0.00145750
6416, 0.00145770
6417, 0.00145790
6418, 0.00145810
6419, 0.00145830
6420, 0.00145860
6421, 0.00145880
6422, 0.00145900
6423, 0.00145920
6424, 0.00145940
6425, 0.00145960
6426, 0.00145980
6427, 0.00146000
6428, 0.00146020
6429, 0.00146040
6430, 0.00146060
6431, 0.00146080
6432, 0.00146100
6433, 0.00146120
6434, 0.00146140
6435, 0.00146160
6436, 0.00146180
6437, 0.00146200
6438, 0.00146220
6439, 0.00146240
6440, 0.00146260
6441, 0.00146290
6442, 0.00146310
6443, 0.00146330
6444, 0.00146350
6445, 0.00146370
6446, 0.00146390
6447, 0.00146410
6448, 0.00146430
6449, 0.00146450
6450, 0.00146470
6451, 0.00146490
6452, 0.00146510
6453, 0.00146530
6454, 0.00146550
6455, 0.00146570
6456, 0.00146590
6457, 0.00146610
6458, 0.00146630
6459, 0.00146650
6460, 0.00146670
6461, 0.00146700
6462, 0.00146720
6463, 0.00146740
6464, 0.00146760
6465, 0.00146780
6466, 0.00146800
6467, 0.00146820
6468, 0.00146840
6469, 0.00146860
6470, 0.00146880
6471, 0.00146900
6472, 0.00146930
6473, 0.00146950
6474, 0.00146970
6475, 0.00146990
6476, 0.00147010
6477, 0.00147030
6478, 0.00147050
6479, 0.00147070
6480, 0.00147100
6481, 0.00147120
6482, 0.00147160
6483, 0.00147180
6484, 0.00147210
6485, 0.00147230
6486, 0.00147250
6487, 0.00147270
6488, 0.00147300
6489, 0.00147320
6490, 0.00147340
6491, 0.00147360
6492, 0.00147380
6493, 0.00147400
6494, 0.00147420
6495, 0.00147440
6496, 0.00147460
6497, 0.00147480
6498, 0.00147500
6499, 0.00147520
6500, 0.00147540
6501, 0.00147570
6502, 0.00147590
6503, 0.00147610
6504, 0.00147630
6505, 0.00147650
6506, 0.00147670
6507, 0.00147690
6508, 0.00147710
6509, 0.00147730
6510, 0.00147750
6511, 0.00147770
6512, 0.00147790
6513, 0.00147810
6514, 0.00147830
6515, 0.00147850
6516, 0.00147870
6517, 0.00147890
6518, 0.00147910
6519, 0.00147940
6520, 0.00147960
6521, 0.00147980
6522, 0.00148000
6523, 0.00148020
6524, 0.00148040
6525, 0.00148060
6526, 0.00148080
6527, 0.00148100
6528, 0.00148120
6529, 0.00148140
6530, 0.00148160
6531, 0.00148180
6532, 0.00148200
6533, 0.00148220
6534, 0.00148240
6535, 0.00148260
6536, 0.00148290
6537, 0.00148310
6538, 0.00148330
6539, 0.00148350
6540, 0.00148370
6541, 0.00148390
6542, 0.00148410
6543, 0.00148430
6544, 0.00148450
6545, 0.00148470
6546, 0.00148490
6547, 0.00148510
6548, 0.00148530
6549, 0.00148550
6550, 0.00148570
6551, 0.00148590
6552, 0.00148610
6553, 0.00148630
6554, 0.00148650
6555, 0.00148680
6556, 0.00148700
6557, 0.00148720
6558, 0.00148740
6559, 0.00148760
6560, 0.00148780
6561, 0.00148800
6562, 0.00148820
6563, 0.00148840
6564, 0.00148860
6565, 0.00148880
6566, 0.00148900
6567, 0.00148920
6568, 0.00148940
6569, 0.00148960
6570, 0.00148980
6571, 0.00149000
6572, 0.00149020
6573, 0.00149040
6574, 0.00149060
6575, 0.00149080
6576, 0.00149110
6577, 0.00149130
6578, 0.00149150
6579, 0.00149170
6580, 0.00149190
6581, 0.00149210
6582, 0.00149230
6583, 0.00149250
6584, 0.00149270
6585, 0.00149290
6586, 0.00149310
6587, 0.00149330
6588, 0.00149350
6589, 0.00149370
6590, 0.00149390
6591, 0.00149410
6592, 0.00149430
6593, 0.00149450
6594, 0.00149480
6595, 0.00149500
6596, 0.00149520
6597, 0.00149540
6598, 0.00149560
6599, 0.00149580
6600, 0.00150070
6601, 0.00150090
6602, 0.00150110
6603, 0.00150140
6604, 0.00150160
6605, 0.00150180
6606, 0.00150200
6607, 0.00150220
6608, 0.00150240
6609, 0.00150260
6610, 0.00150280
6611, 0.00150300
6612, 0.00150320
6613, 0.00150340
6614, 0.00150360
6615, 0.00150380
6616, 0.00150400
6617, 0.00150420
6618, 0.00150440
6619, 0.00150470
6620, 0.00150490
6621, 0.00150510
6622, 0.00150530
6623, 0.00150550
6624, 0.00150570
6625, 0.00150590
6626, 0.00150610
6627, 0.00150630
6628, 0.00150650
6629, 0.00150670
6630, 0.00150690
6631, 0.00150710
6632, 0.00150730
6633, 0.00150750
6634, 0.00150770
6635, 0.00150790
6636, 0.00150820
6637, 0.00150840
6638, 0.00150860
6639, 0.00150880
6640, 0.00150900
6641, 0.00150920
6642, 0.00150940
6643, 0.00150960
6644, 0.00150980
6645, 0.00151000
6646, 0.00151020
6647, 0.00151040
6648, 0.00151060
6649, 0.00151080
6650, 0.00151100
6651, 0.00151120
6652, 0.00151140
6653, 0.00151160
6654, 0.00151180
6655, 0.00151210
6656, 0.00151230
6657, 0.00151250
6658, 0.00151270
6659, 0.00151290
6660, 0.00151310
6661, 0.00151330
6662, 0.00151350
6663, 0.00151370
6664, 0.00151390
6665, 0.00151410
6666, 0.00151430
6667, 0.00151450
6668, 0.00151470
6669, 0.00151490
6670, 0.00151510
6671, 0.00151540
6672, 0.00151560
6673, 0.00151580
6674, 0.00151600
6675, 0.00151620
6676, 0.00151640
6677, 0.00151660
6678, 0.00151680
6679, 0.00151700
6680, 0.00151720
6681, 0.00151740
6682, 0.00151760
6683, 0.00151780
6684, 0.00151800
6685, 0.00151820
6686, 0.00151850
6687, 0.00151870
6688, 0.00151890
6689, 0.00151910
6690, 0.00151930
6691, 0.00151950
6692, 0.00151970
6693, 0.00151990
6694, 0.00152010
6695, 0.00152030
6696, 0.00152050
6697, 0.00152070
6698, 0.00152090
6699, 0.00152110
6700, 0.00152140
6701, 0.00152160
6702, 0.00152180
6703, 0.00152200
6704, 0.00152220
6705, 0.00152240
6706, 0.00152260
6707, 0.00152280
6708, 0.00152300
6709, 0.00152320
6710, 0.00152340
6711, 0.00152360
6712, 0.00152380
6713, 0.00152410
6714, 0.00152430
6715, 0.00152450
6716, 0.00152470
6717, 0.00152490
6718, 0.00152510
6719, 0.00152530
6720, 0.00152550
6721, 0.00152570
6722, 0.00152590
6723, 0.00152610
6724, 0.00152630
6725, 0.00152650
6726, 0.00152680
6727, 0.00152700
6728, 0.00152730
6729, 0.00152750
6730, 0.00152770
6731, 0.00152790
6732, 0.00152810
6733, 0.00152830
6734, 0.00152850
6735, 0.00152880
6736, 0.00152900
6737, 0.00152920
6738, 0.00152950
6739, 0.00152970
6740, 0.00152990
6741, 0.00153020
6742, 0.00153040
6743, 0.00153060
6744, 0.00153080
6745, 0.00153100
6746, 0.00153120
6747, 0.00153140
6748, 0.00153160
6749, 0.00153180
6750, 0.00153210
6751, 0.00153230
6752, 0.00153250
6753, 0.00153270
6754, 0.00153290
6755, 0.00153310
6756, 0.00153330
6757, 0.00153350
6758, 0.00153370
6759, 0.00153390
6760, 0.00153410
6761, 0.00153430
6762, 0.00153450
6763, 0.00153470
6764, 0.00153490
6765, 0.00153510
6766, 0.00153530
6767, 0.00153550
6768, 0.00153570
6769, 0.00153600
6770, 0.00153620
6771, 0.00153640
6772, 0.00153660
6773, 0.00153680
6774, 0.00153700
6775, 0.00153720
6776, 0.00153740
6777, 0.00153760
6778, 0.00153780
6779, 0.00153800
6780, 0.00153820
6781, 0.00153840
6782, 0.00153860
6783, 0.00153880
6784, 0.00153900
6785, 0.00153920
6786, 0.00153950
6787, 0.00153970
6788, 0.00153990
6789, 0.00154010
6790, 0.00154030
6791, 0.00154050
6792, 0.00154070
6793, 0.00154090
6794, 0.00154110
6795, 0.00154130
6796, 0.00154150
6797, 0.00154170
6798, 0.00154190
6799, 0.00154210
6800, 0.00154230
6801, 0.00154250
6802, 0.00154270
6803, 0.00154290
6804, 0.00154320
6805, 0.00154340
6806, 0.00154360
6807, 0.00154380
6808, 0.00154400
6809, 0.00154420
6810, 0.00154440
6811, 0.00154460
6812, 0.00154480
6813, 0.00154500
6814, 0.00154520
6815, 0.00154540
6816, 0.00154560
6817, 0.00154580
6818, 0.00154600
6819, 0.00154620
6820, 0.00154650
6821, 0.00154670
6822, 0.00154690
6823, 0.00154710
6824, 0.00154730
6825, 0.00154750
6826, 0.00154770
6827, 0.00154790
6828, 0.00154810
6829, 0.00154830
6830, 0.00154850
6831, 0.00154870
6832, 0.00154890
6833, 0.00154910
6834, 0.00154930
6835, 0.00154950
6836, 0.00154980
6837, 0.00155000
6838, 0.00155020
6839, 0.00155040
6840, 0.00155060
6841, 0.00155080
6842, 0.00155100
6843, 0.00155120
6844, 0.00155140
6845, 0.00155160
6846, 0.00155180
6847, 0.00155200
6848, 0.00155220
6849, 0.00155240
6850, 0.00155260
6851, 0.00155280
6852, 0.00155300
6853, 0.00155320
6854, 0.00155350
6855, 0.00155370
6856, 0.00155400
6857, 0.00155420
6858, 0.00155440
6859, 0.00155460
6860, 0.00155480
6861, 0.00155500
6862, 0.00155520
6863, 0.00155540
6864, 0.00155570
6865, 0.00155590
6866, 0.00155620
6867, 0.00155640
6868, 0.00155670
6869, 0.00155690
6870, 0.00155710
6871, 0.00155730
6872, 0.00155750
6873, 0.00155780
6874, 0.00155800
6875, 0.00155820
6876, 0.00155840
6877, 0.00155860
6878, 0.00155880
6879, 0.00155900
6880, 0.00155920
6881, 0.00155940
6882, 0.00155960
6883, 0.00155980
6884, 0.00156000
6885, 0.00156020
6886, 0.00156040
6887, 0.00156060
6888, 0.00156080
6889, 0.00156100
6890, 0.00156120
6891, 0.00156150
6892, 0.00156170
6893, 0.00156190
6894, 0.00156210
6895, 0.00156230
6896, 0.00156250
6897, 0.00156270
6898, 0.00156290
6899, 0.00156310
6900, 0.00156330
6901, 0.00156350
6902, 0.00156370
6903, 0.00156390
6904, 0.00156410
6905, 0.00156430
6906, 0.00156450
6907, 0.00156470
6908, 0.00156490
6909, 0.00156510
6910, 0.00156540
6911, 0.00156560
6912, 0.00156580
6913, 0.00156600
6914, 0.00156620
6915, 0.00156640
6916, 0.00156660
6917, 0.00156680
6918, 0.00156700
6919, 0.00156720
6920, 0.00156740
6921, 0.00156760
6922, 0.00156780
6923, 0.00156800
6924, 0.00156820
6925, 0.00156840
6926, 0.00156870
6927, 0.00156890
6928, 0.00156910
6929, 0.00156930
6930, 0.00156950
6931, 0.00156970
6932, 0.00156990
6933, 0.00157010
6934, 0.00157030
6935, 0.00157050
6936, 0.00157070
6937, 0.00157090
6938, 0.00157110
6939, 0.00157130
6940, 0.00157150
6941, 0.00157180
6942, 0.00157200
6943, 0.00157220
6944, 0.00157240
6945, 0.00157260
6946, 0.00157280
6947, 0.00157300
6948, 0.00157320
6949, 0.00157340
6950, 0.00157360
6951, 0.00157380
6952, 0.00157400
6953, 0.00157420
6954, 0.00157440
6955, 0.00157460
6956, 0.00157480
6957, 0.00157500
6958, 0.00157520
6959, 0.00157550
6960, 0.00157570
6961, 0.00157590
6962, 0.00157610
6963, 0.00157630
6964, 0.00157650
6965, 0.00157670
6966, 0.00157690
6967, 0.00157710
6968, 0.00157730
6969, 0.00157750
6970, 0.00157770
6971, 0.00157790
6972, 0.00157810
6973, 0.00157830
6974, 0.00157850
6975, 0.00157870
6976, 0.00157900
6977, 0.00157920
6978, 0.00157940
6979, 0.00157960
6980, 0.00157980
6981, 0.00158000
6982, 0.00158030
6983, 0.00158050
6984, 0.00158070
6985, 0.00158090
6986, 0.00158110
6987, 0.00158130
6988, 0.00158150
6989, 0.00158170
6990, 0.00158190
6991, 0.00158210
6992, 0.00158240
6993, 0.00158260
6994, 0.00158290
6995, 0.00158310
6996, 0.00158340
6997, 0.00158360
6998, 0.00158380
6999, 0.00158400
7000, 0.00158420
7001, 0.00158450
7002, 0.00158470
7003, 0.00158490
7004, 0.00158510
7005, 0.00158530
7006, 0.00158550
7007, 0.00158570
7008, 0.00158590
7009, 0.00158610
7010, 0.00158630
7011, 0.00158650
7012, 0.00158670
7013, 0.00158690
7014, 0.00158710
7015, 0.00158730
7016, 0.00158750
7017, 0.00158770
7018, 0.00158800
7019, 0.00158820
7020, 0.00158840
7021, 0.00158860
7022, 0.00158880
7023, 0.00158900
7024, 0.00158920
7025, 0.00158940
7026, 0.00158960
7027, 0.00158980
7028, 0.00159000
7029, 0.00159020
7030, 0.00159040
7031, 0.00159060
7032, 0.00159080
7033, 0.00159100
7034, 0.00159120
7035, 0.00159140
7036, 0.00159160
7037, 0.00159190
7038, 0.00159210
7039, 0.00159230
7040, 0.00159250
7041, 0.00159270
7042, 0.00159290
7043, 0.00159310
7044, 0.00159330
7045, 0.00159350
7046, 0.00159370
7047, 0.00159390
7048, 0.00159410
7049, 0.00159430
7050, 0.00159450
7051, 0.00159470
7052, 0.00159490
7053, 0.00159510
7054, 0.00159530
7055, 0.00159560
7056, 0.00159580
7057, 0.00159600
7058, 0.00159620
7059, 0.00159640
7060, 0.00159660
7061, 0.00159680
7062, 0.00159700
7063, 0.00159720
7064, 0.00159740
7065, 0.00159760
7066, 0.00159780
7067, 0.00159800
7068, 0.00159820
7069, 0.00159840
7070, 0.00159860
7071, 0.00159880
7072, 0.00159910
7073, 0.00159930
7074, 0.00159950
7075, 0.00159970
7076, 0.00159990
7077, 0.00160010
7078, 0.00160030
7079, 0.00160050
7080, 0.00160070
7081, 0.00160090
7082, 0.00160110
7083, 0.00160130
7084, 0.00160150
7085, 0.00160170
7086, 0.00160190
7087, 0.00160210
7088, 0.00160230
7089, 0.00160260
7090, 0.00160280
7091, 0.00160300
7092, 0.00160320
7093, 0.00160340
7094, 0.00160360
7095, 0.00160380
7096, 0.00160400
7097, 0.00160420
7098, 0.00160440
7099, 0.00160460
7100, 0.00160480
7101, 0.00160500
7102, 0.00160520
7103, 0.00160550
7104, 0.00160570
7105, 0.00160590
7106, 0.00160610
7107, 0.00160630
7108, 0.00160650
7109, 0.00160670
7110, 0.00160700
7111, 0.00160720
7112, 0.00160750
7113, 0.00160770
7114, 0.00160790
7115, 0.00160810
7116, 0.00160830
7117, 0.00160860
7118, 0.00160880
7119, 0.00160900
7120, 0.00160930
7121, 0.00160950
7122, 0.00160970
7123, 0.00160990
7124, 0.00161020
7125, 0.00161040
7126, 0.00161070
7127, 0.00161090
7128, 0.00161110
7129, 0.00161130
7130, 0.00161150
7131, 0.00161170
7132, 0.00161190
7133, 0.00161210
7134, 0.00161230
7135, 0.00161250
7136, 0.00161270
7137, 0.00161290
7138, 0.00161320
7139, 0.00161340
7140, 0.00161360
7141, 0.00161380
7142, 0.00161400
7143, 0.00161420
7144, 0.00161440
7145, 0.00161460
7146, 0.00161480
7147, 0.00161500
7148, 0.00161520
7149, 0.00161540
7150, 0.00161560
7151, 0.00161580
7152, 0.00161600
7153, 0.00161620
7154, 0.00161640
7155, 0.00161660
7156, 0.00161680
7157, 0.00161710
7158, 0.00161730
7159, 0.00161750
7160, 0.00161770
7161, 0.00161790
7162, 0.00161810
7163, 0.00161830
7164, 0.00161850
7165, 0.00161870
7166, 0.00161890
7167, 0.00161910
7168, 0.00161930
7169, 0.00161950
7170, 0.00161970
7171, 0.00161990
7172, 0.00162010
7173, 0.00162030
7174, 0.00162050
7175, 0.00162080
7176, 0.00162100
7177, 0.00162120
7178, 0.00162140
7179, 0.00162160
7180, 0.00162180
7181, 0.00162200
7182, 0.00162220
7183, 0.00162240
7184, 0.00162260
7185, 0.00162280
7186, 0.00162300
7187, 0.00162320
7188, 0.00162340
7189, 0.00162360
7190, 0.00162380
7191, 0.00162400
7192, 0.00162430
7193, 0.00162450
7194, 0.00162470
7195, 0.00162490
7196, 0.00162510
7197, 0.00162530
7198, 0.00162550
7199, 0.00162570
7200, 0.00162590
7201, 0.00162610
7202, 0.00162630
7203, 0.00162650
7204, 0.00162670
7205, 0.00162690
7206, 0.00162710
7207, 0.00162730
7208, 0.00162750
7209, 0.00162770
7210, 0.00162790
7211, 0.00162810
7212, 0.00162840
7213, 0.00162860
7214, 0.00162880
7215, 0.00162900
7216, 0.00162920
7217, 0.00162940
7218, 0.00162960
7219, 0.00162980
7220, 0.00163000
7221, 0.00163020
7222, 0.00163040
7223, 0.00163060
7224, 0.00163080
7225, 0.00163100
7226, 0.00163120
7227, 0.00163140
7228, 0.00163160
7229, 0.00163190
7230, 0.00163210
7231, 0.00163230
7232, 0.00163250
7233, 0.00163270
7234, 0.00163290
7235, 0.00163310
7236, 0.00163340
7237, 0.00163360
7238, 0.00163390
7239, 0.00163410
7240, 0.00163430
7241, 0.00163460
7242, 0.00163480
7243, 0.00163500
7244, 0.00163520
7245, 0.00163540
7246, 0.00163570
7247, 0.00163590
7248, 0.00163620
7249, 0.00163640
7250, 0.00163660
7251, 0.00163680
7252, 0.00163710
7253, 0.00163730
7254, 0.00163750
7255, 0.00163770
7256, 0.00163790
7257, 0.00163810
7258, 0.00163830
7259, 0.00163850
7260, 0.00163870
7261, 0.00163890
7262, 0.00163920
7263, 0.00163940
7264, 0.00163960
7265, 0.00163980
7266, 0.00164000
7267, 0.00164020
7268, 0.00164040
7269, 0.00164060
7270, 0.00164080
7271, 0.00164100
7272, 0.00164120
7273, 0.00164140
7274, 0.00164160
7275, 0.00164180
7276, 0.00164200
7277, 0.00164220
7278, 0.00164240
7279, 0.00164260
7280, 0.00164290
7281, 0.00164310
7282, 0.00164330
7283, 0.00164350
7284, 0.00164370
7285, 0.00164390
7286, 0.00164410
7287, 0.00164430
7288, 0.00164450
7289, 0.00164470
7290, 0.00164490
7291, 0.00164510
7292, 0.00164530
7293, 0.00164550
7294, 0.00164570
7295, 0.00164590
7296, 0.00164610
7297, 0.00164630
7298, 0.00164650
7299, 0.00164680
7300, 0.00164700
7301, 0.00164720
7302, 0.00164740
7303, 0.00164760
7304, 0.00164780
7305, 0.00164800
7306, 0.00164820
7307, 0.00164840
7308, 0.00164860
7309, 0.00164880
7310, 0.00164900
7311, 0.00164920
7312, 0.00164940
7313, 0.00164960
7314, 0.00164980
7315, 0.00165000
7316, 0.00165030
7317, 0.00165050
7318, 0.00165070
7319, 0.00165090
7320, 0.00165110
7321, 0.00165130
7322, 0.00165150
7323, 0.00165170
7324, 0.00165190
7325, 0.00165210
7326, 0.00165230
7327, 0.00165250
7328, 0.00165270
7329, 0.00165290
7330, 0.00165310
7331, 0.00165330
7332, 0.00165350
7333, 0.00165370
7334, 0.00165390
7335, 0.00165420
7336, 0.00165440
7337, 0.00165460
7338, 0.00165480
7339, 0.00165500
7340, 0.00165520
7341, 0.00165540
7342, 0.00165560
7343, 0.00165580
7344, 0.00165600
7345, 0.00165620
7346, 0.00165640
7347, 0.00165660
7348, 0.00165680
7349, 0.00165700
7350, 0.00165720
7351, 0.00165740
7352, 0.00165770
7353, 0.00165790
7354, 0.00165810
7355, 0.00165830
7356, 0.00165850
7357, 0.00165870
7358, 0.00165890
7359, 0.00165910
7360, 0.00165930
7361, 0.00165950
7362, 0.00165970
7363, 0.00165990
7364, 0.00166020
7365, 0.00166040
7366, 0.00166060
7367, 0.00166080
7368, 0.00166110
7369, 0.00166130
7370, 0.00166150
7371, 0.00166170
7372, 0.00166190
7373, 0.00166210
7374, 0.00166240
7375, 0.00166260
7376, 0.00166300
7377, 0.00166320
7378, 0.00166350
7379, 0.00166370
7380, 0.00166390
7381, 0.00166420
7382, 0.00166440
7383, 0.00166460
7384, 0.00166480
7385, 0.00166500
7386, 0.00166520
7387, 0.00166540
7388, 0.00166560
7389, 0.00166580
7390, 0.00166600
7391, 0.00166620
7392, 0.00166640
7393, 0.00166660
7394, 0.00166680
7395, 0.00166700
7396, 0.00166720
7397, 0.00166750
7398, 0.00166770
7399, 0.00166790
7400, 0.00166810
7401, 0.00166830
7402, 0.00166850
7403, 0.00166870
7404, 0.00166890
7405, 0.00166910
7406, 0.00166930
7407, 0.00166950
7408, 0.00166970
7409, 0.00166990
7410, 0.00167010
7411, 0.00167030
7412, 0.00167050
7413, 0.00167070
7414, 0.00167100
7415, 0.00167120
7416, 0.00167140
7417, 0.00167160
7418, 0.00167180
7419, 0.00167200
7420, 0.00167220
7421, 0.00167240
7422, 0.00167260
7423, 0.00167280
7424, 0.00167300
7425, 0.00167320
7426, 0.00167340
7427, 0.00167360
7428, 0.00167380
7429, 0.00167400
7430, 0.00167420
7431, 0.00167440
7432, 0.00167470
7433, 0.00167490
7434, 0.00167510
7435, 0.00167530
7436, 0.00167550
7437, 0.00167570
7438, 0.00167590
7439, 0.00167610
7440, 0.00167630
7441, 0.00167650
7442, 0.00167670
7443, 0.00167690
7444, 0.00167710
7445, 0.00167730
7446, 0.00167750
7447, 0.00167770
7448, 0.00167790
7449, 0.00167820
7450, 0.00167840
7451, 0.00167860
7452, 0.00167880
7453, 0.00167900
7454, 0.00167920
7455, 0.00167940
7456, 0.00167960
7457, 0.00167980
7458, 0.00168000
7459, 0.00168020
7460, 0.00168040
7461, 0.00168060
7462, 0.00168080
7463, 0.00168110
7464, 0.00168130
7465, 0.00168150
7466, 0.00168170
7467, 0.00168190
7468, 0.00168210
7469, 0.00168230
7470, 0.00168250
7471, 0.00168270
7472, 0.00168290
7473, 0.00168310
7474, 0.00168330
7475, 0.00168350
7476, 0.00168370
7477, 0.00168390
7478, 0.00168410
7479, 0.00168430
7480, 0.00168450
7481, 0.00168470
7482, 0.00168500
7483, 0.00168520
7484, 0.00168540
7485, 0.00168560
7486, 0.00168580
7487, 0.00168600
7488, 0.00168620
7489, 0.00168640
7490, 0.00168660
7491, 0.00168680
7492, 0.00168710
7493, 0.00168730
7494, 0.00168750
7495, 0.00168770
7496, 0.00168790
7497, 0.00168820
7498, 0.00168840
7499, 0.00168860
7500, 0.00168880
7501, 0.00168900
7502, 0.00168920
7503, 0.00168940
7504, 0.00168970
7505, 0.00168990
7506, 0.00169040
7507, 0.00169060
7508, 0.00169090
7509, 0.00169110
7510, 0.00169130
7511, 0.00169150
7512, 0.00169170
7513, 0.00169190
7514, 0.00169210
7515, 0.00169230
7516, 0.00169260
7517, 0.00169280
7518, 0.00169300
7519, 0.00169320
7520, 0.00169340
7521, 0.00169360
7522, 0.00169380
7523, 0.00169400
7524, 0.00169420
7525, 0.00169440
7526, 0.00169460
7527, 0.00169480
7528, 0.00169500
7529, 0.00169520
7530, 0.00169540
7531, 0.00169560
7532, 0.00169580
7533, 0.00169610
7534, 0.00169630
7535, 0.00169650
7536, 0.00169670
7537, 0.00169690
7538, 0.00169710
7539, 0.00169730
7540, 0.00169750
7541, 0.00169770
7542, 0.00169790
7543, 0.00169810
7544, 0.00169830
7545, 0.00169850
7546, 0.00169870
7547, 0.00169890
7548, 0.00169920
7549, 0.00169940
7550, 0.00169960
7551, 0.00169980
7552, 0.00170000
7553, 0.00170020
7554, 0.00170040
7555, 0.00170060
7556, 0.00170080
7557, 0.00170100
7558, 0.00170120
7559, 0.00170140
7560, 0.00170160
7561, 0.00170180
7562, 0.00170200
7563, 0.00170220
7564, 0.00170240
7565, 0.00170270
7566, 0.00170290
7567, 0.00170310
7568, 0.00170330
7569, 0.00170350
7570, 0.00170370
7571, 0.00170390
7572, 0.00170410
7573, 0.00170430
7574, 0.00170450
7575, 0.00170470
7576, 0.00170490
7577, 0.00170510
7578, 0.00170530
7579, 0.00170550
7580, 0.00170570
7581, 0.00170590
7582, 0.00170610
7583, 0.00170640
7584, 0.00170660
7585, 0.00170680
7586, 0.00170700
7587, 0.00170720
7588, 0.00170770
7589, 0.00170810
7590, 0.00170840
7591, 0.00170880
7592, 0.00170930
7593, 0.00170960
7594, 0.00171000
7595, 0.00171040
7596, 0.00171080
7597, 0.00171120
7598, 0.00171160
7599, 0.00171200
7600, 0.00171230
7601, 0.00171270
7602, 0.00171310
7603, 0.00171350
7604, 0.00171390
7605, 0.00171430
7606, 0.00171470
7607, 0.00171510
7608, 0.00171550
7609, 0.00171600
7610, 0.00171630
7611, 0.00171670
7612, 0.00171710
7613, 0.00171750
7614, 0.00171850
7615, 0.00171980
7616, 0.00172030
7617, 0.00172070
7618, 0.00172110
7619, 0.00172160
7620, 0.00172230
7621, 0.00172280
7622, 0.00172320
7623, 0.00172360
7624, 0.00172390
7625, 0.00172430
7626, 0.00172470
7627, 0.00172510
7628, 0.00172550
7629, 0.00172590
7630, 0.00172630
7631, 0.00172680
7632, 0.00172720
7633, 0.00172760
7634, 0.00172800
7635, 0.00172850
7636, 0.00172890
7637, 0.00172930
7638, 0.00172970
7639, 0.00173010
7640, 0.00173050
7641, 0.00173090
7642, 0.00173140
7643, 0.00173190
7644, 0.00173230
7645, 0.00173270
7646, 0.00173310
7647, 0.00173350
7648, 0.00173380
7649, 0.00173420
7650, 0.00173470
7651, 0.00173510
7652, 0.00173550
7653, 0.00173600
7654, 0.00173650
7655, 0.00173690
7656, 0.00173730
7657, 0.00173770
7658, 0.00173820
7659, 0.00173860
7660, 0.00173900
7661, 0.00173940
7662, 0.00173990
7663, 0.00174030
7664, 0.00174070
7665, 0.00174110
7666, 0.00174150
7667, 0.00174200
7668, 0.00174250
7669, 0.00174290
7670, 0.00174340
7671, 0.00174380
7672, 0.00174430
7673, 0.00174470
7674, 0.00174510
7675, 0.00174550
7676, 0.00174590
7677, 0.00174630
7678, 0.00174670
7679, 0.00174720
7680, 0.00174770
7681, 0.00174810
7682, 0.00174850
7683, 0.00174900
7684, 0.00174940
7685, 0.00174980
7686, 0.00175010
7687, 0.00175040
7688, 0.00175060
7689, 0.00175080
7690, 0.00175100
7691, 0.00175120
7692, 0.00175140
7693, 0.00175160
7694, 0.00175180
7695, 0.00175200
7696, 0.00175220
7697, 0.00175240
7698, 0.00175260
7699, 0.00175280
7700, 0.00175300
7701, 0.00175320
7702, 0.00175340
7703, 0.00175360
7704, 0.00175380
7705, 0.00175400
7706, 0.00175420
7707, 0.00175440
7708, 0.00175470
7709, 0.00175490
7710, 0.00175510
7711, 0.00175530
7712, 0.00175550
7713, 0.00175570
7714, 0.00175590
7715, 0.00175610
7716, 0.00175630
7717, 0.00175650
7718, 0.00175670
7719, 0.00175690
7720, 0.00175710
7721, 0.00175730
7722, 0.00175750
7723, 0.00175770
7724, 0.00175790
7725, 0.00175810
7726, 0.00175830
7727, 0.00175850
7728, 0.00175870
7729, 0.00175900
7730, 0.00175920
7731, 0.00175940
7732, 0.00175960
7733, 0.00175980
7734, 0.00176000
7735, 0.00176020
7736, 0.00176040
7737, 0.00176060
7738, 0.00176080
7739, 0.00176100
7740, 0.00176120
7741, 0.00176140
7742, 0.00176160
7743, 0.00176180
7744, 0.00176200
7745, 0.00176220
7746, 0.00176250
7747, 0.00176270
7748, 0.00176290
7749, 0.00176310
7750, 0.00176340
7751, 0.00176360
7752, 0.00176380
7753, 0.00176400
7754, 0.00176420
7755, 0.00176440
7756, 0.00176470
7757, 0.00176490
7758, 0.00176520
7759, 0.00176540
7760, 0.00176560
7761, 0.00176580
7762, 0.00176610
7763, 0.00176630
7764, 0.00176650
7765, 0.00176670
7766, 0.00176690
7767, 0.00176710
7768, 0.00176730
7769, 0.00176750
7770, 0.00176770
7771, 0.00176790
7772, 0.00176820
7773, 0.00176840
7774, 0.00176860
7775, 0.00176880
7776, 0.00176900
7777, 0.00176920
7778, 0.00176940
7779, 0.00176960
7780, 0.00176980
7781, 0.00177000
7782, 0.00177020
7783, 0.00177040
7784, 0.00177060
7785, 0.00177080
7786, 0.00177100
7787, 0.00177120
7788, 0.00177140
7789, 0.00177160
7790, 0.00177180
7791, 0.00177200
7792, 0.00177230
7793, 0.00177250
7794, 0.00177270
7795, 0.00177290
7796, 0.00177310
7797, 0.00177330
7798, 0.00177350
7799, 0.00177370
7800, 0.00177390
7801, 0.00177410
7802, 0.00177430
7803, 0.00177450
7804, 0.00177470
7805, 0.00177490
7806, 0.00177510
7807, 0.00177530
7808, 0.00177550
7809, 0.00177570
7810, 0.00177590
7811, 0.00177610
7812, 0.00177630
7813, 0.00177660
7814, 0.00177680
7815, 0.00177700
7816, 0.00177720
7817, 0.00177750
7818, 0.00177770
7819, 0.00177790
7820, 0.00177810
7821, 0.00177830
7822, 0.00177850
7823, 0.00177880
7824, 0.00177900
7825, 0.00177920
7826, 0.00177940
7827, 0.00177960
7828, 0.00177980
7829, 0.00178000
7830, 0.00178020
7831, 0.00178040
7832, 0.00178060
7833, 0.00178080
7834, 0.00178100
7835, 0.00178120
7836, 0.00178140
7837, 0.00178160
7838, 0.00178180
7839, 0.00178200
7840, 0.00178220
7841, 0.00178240
7842, 0.00178260
7843, 0.00178280
7844, 0.00178300
7845, 0.00178320
7846, 0.00178340
7847, 0.00178370
7848, 0.00178390
7849, 0.00178410
7850, 0.00178430
7851, 0.00178450
7852, 0.00178470
7853, 0.00178490
7854, 0.00178510
7855, 0.00178530
7856, 0.00178550
7857, 0.00178570
7858, 0.00178590
7859, 0.00178610
7860, 0.00178630
7861, 0.00178650
7862, 0.00178670
7863, 0.00178690
7864, 0.00178710
7865, 0.00178730
7866, 0.00178750
7867, 0.00178780
7868, 0.00178800
7869, 0.00178820
7870, 0.00178840
7871, 0.00178860
7872, 0.00178880
7873, 0.00178900
7874, 0.00178930
7875, 0.00178950
7876, 0.00178970
7877, 0.00178990
7878, 0.00179020
7879, 0.00179040
7880, 0.00179060
7881, 0.00179080
7882, 0.00179100
7883, 0.00179120
7884, 0.00179160
7885, 0.00179180
7886, 0.00179210
7887, 0.00179230
7888, 0.00179260
7889, 0.00179280
7890, 0.00179310
7891, 0.00179330
7892, 0.00179350
7893, 0.00179370
7894, 0.00179390
7895, 0.00179410
7896, 0.00179430
7897, 0.00179450
7898, 0.00179470
7899, 0.00179490
7900, 0.00179510
7901, 0.00179530
7902, 0.00179550
7903, 0.00179570
7904, 0.00179590
7905, 0.00179610
7906, 0.00179630
7907, 0.00179660
7908, 0.00179680
7909, 0.00179700
7910, 0.00179720
7911, 0.00179740
7912, 0.00179760
7913, 0.00179780
7914, 0.00179800
7915, 0.00179820
7916, 0.00179840
7917, 0.00179860
7918, 0.00179880
7919, 0.00179900
7920, 0.00179920
7921, 0.00179940
7922, 0.00179960
7923, 0.00179980
7924, 0.00180000
7925, 0.00180020
7926, 0.00180040
7927, 0.00180060
7928, 0.00180090
7929, 0.00180110
7930, 0.00180130
7931, 0.00180150
7932, 0.00180170
7933, 0.00180190
7934, 0.00180210
7935, 0.00180230
7936, 0.00180250
7937, 0.00180270
7938, 0.00180290
7939, 0.00180310
7940, 0.00180330
7941, 0.00180350
7942, 0.00180370
7943, 0.00180390
7944, 0.00180410
7945, 0.00180440
7946, 0.00180460
7947, 0.00180480
7948, 0.00180500
7949, 0.00180520
7950, 0.00180540
7951, 0.00180560
7952, 0.00180580
7953, 0.00180600
7954, 0.00180620
7955, 0.00180640
7956, 0.00180660
7957, 0.00180680
7958, 0.00180700
7959, 0.00180720
7960, 0.00180740
7961, 0.00180770
7962, 0.00180790
7963, 0.00180810
7964, 0.00180830
7965, 0.00180850
7966, 0.00180870
7967, 0.00180890
7968, 0.00180910
7969, 0.00180930
7970, 0.00180950
7971, 0.00180970
7972, 0.00180990
7973, 0.00181010
7974, 0.00181030
7975, 0.00181050
7976, 0.00181070
7977, 0.00181090
7978, 0.00181110
7979, 0.00181130
7980, 0.00181150
7981, 0.00181180
7982, 0.00181200
7983, 0.00181220
7984, 0.00181240
7985, 0.00181260
7986, 0.00181280
7987, 0.00181300
7988, 0.00181320
7989, 0.00181340
7990, 0.00181360
7991, 0.00181380
7992, 0.00181400
7993, 0.00181420
7994, 0.00181440
7995, 0.00181460
7996, 0.00181480
7997, 0.00181500
7998, 0.00181520
7999, 0.00181540
8000, 0.00181560
8001, 0.00181580
8002, 0.00181620
8003, 0.00181640
8004, 0.00181660
8005, 0.00181680
8006, 0.00181700
8007, 0.00181720
8008, 0.00181740
8009, 0.00181760
8010, 0.00181780
8011, 0.00181800
8012, 0.00181830
8013, 0.00181850
8014, 0.00181900
8015, 0.00181920
8016, 0.00181940
8017, 0.00181970
8018, 0.00181990
8019, 0.00182010
8020, 0.00182030
8021, 0.00182050
8022, 0.00182070
8023, 0.00182090
8024, 0.00182110
8025, 0.00182130
8026, 0.00182160
8027, 0.00182180
8028, 0.00182200
8029, 0.00182220
8030, 0.00182240
8031, 0.00182260
8032, 0.00182290
8033, 0.00182310
8034, 0.00182330
8035, 0.00182350
8036, 0.00182370
8037, 0.00182390
8038, 0.00182410
8039, 0.00182430
8040, 0.00182450
8041, 0.00182470
8042, 0.00182490
8043, 0.00182510
8044, 0.00182530
8045, 0.00182550
8046, 0.00182570
8047, 0.00182590
8048, 0.00182610
8049, 0.00182630
8050, 0.00182650
8051, 0.00182680
8052, 0.00182700
8053, 0.00182720
8054, 0.00182740
8055, 0.00182760
8056, 0.00182780
8057, 0.00182800
8058, 0.00182820
8059, 0.00182840
8060, 0.00182860
8061, 0.00182880
8062, 0.00182900
8063, 0.00182920
8064, 0.00182940
8065, 0.00182960
8066, 0.00182980
8067, 0.00183000
8068, 0.00183020
8069, 0.00183040
8070, 0.00183060
8071, 0.00183090
8072, 0.00183110
8073, 0.00183130
8074, 0.00183150
8075, 0.00183170
8076, 0.00183190
8077, 0.00183210
8078, 0.00183230
8079, 0.00183250
8080, 0.00183270
8081, 0.00183290
8082, 0.00183310
8083, 0.00183330
8084, 0.00183350
8085, 0.00183370
8086, 0.00183390
8087, 0.00183410
8088, 0.00183430
8089, 0.00183450
8090, 0.00183470
8091, 0.00183490
8092, 0.00183520
8093, 0.00183540
8094, 0.00183560
8095, 0.00183580
8096, 0.00183600
8097, 0.00183620
8098, 0.00183640
8099, 0.00183660
8100, 0.00183680
8101, 0.00183700
8102, 0.00183720
8103, 0.00183740
8104, 0.00183760
8105, 0.00183780
8106, 0.00183800
8107, 0.00183820
8108, 0.00183840
8109, 0.00183860
8110, 0.00183880
8111, 0.00183900
8112, 0.00183920
8113, 0.00183940
8114, 0.00183960
8115, 0.00183980
8116, 0.00184010
8117, 0.00184030
8118, 0.00184050
8119, 0.00184070
8120, 0.00184090
8121, 0.00184110
8122, 0.00184130
8123, 0.00184150
8124, 0.00184170
8125, 0.00184190
8126, 0.00184210
8127, 0.00184230
8128, 0.00184250
8129, 0.00184280
8130, 0.00184320
8131, 0.00184340
8132, 0.00184370
8133, 0.00184390
8134, 0.00184410
8135, 0.00184430
8136, 0.00184450
8137, 0.00184480
8138, 0.00184500
8139, 0.00184520
8140, 0.00184550
8141, 0.00184570
8142, 0.00184590
8143, 0.00184620
8144, 0.00184640
8145, 0.00184660
8146, 0.00184690
8147, 0.00184710
8148, 0.00184730
8149, 0.00184750
8150, 0.00184770
8151, 0.00184790
8152, 0.00184810
8153, 0.00184830
8154, 0.00184850
8155, 0.00184870
8156, 0.00184890
8157, 0.00184920
8158, 0.00184940
8159, 0.00184960
8160, 0.00184980
8161, 0.00185000
8162, 0.00185020
8163, 0.00185040
8164, 0.00185060
8165, 0.00185080
8166, 0.00185100
8167, 0.00185120
8168, 0.00185140
8169, 0.00185160
8170, 0.00185180
8171, 0.00185200
8172, 0.00185220
8173, 0.00185240
8174, 0.00185260
8175, 0.00185280
8176, 0.00185300
8177, 0.00185320
8178, 0.00185360
8179, 0.00185380
8180, 0.00185400
8181, 0.00185420
8182, 0.00185440
8183, 0.00185460
8184, 0.00185480
8185, 0.00185500
8186, 0.00185520
8187, 0.00185540
8188, 0.00185560
8189, 0.00185580
8190, 0.00185600
8191, 0.00185620
8192, 0.00185640
8193, 0.00185660
8194, 0.00185680
8195, 0.00185710
8196, 0.00185730
8197, 0.00185750
8198, 0.00185770
8199, 0.00185790
8200, 0.00185810
8201, 0.00185830
8202, 0.00185850
8203, 0.00185870
8204, 0.00185890
8205, 0.00185910
8206, 0.00185930
8207, 0.00185950
8208, 0.00185970
8209, 0.00185990
8210, 0.00186010
8211, 0.00186030
8212, 0.00186050
8213, 0.00186070
8214, 0.00186090
8215, 0.00186120
8216, 0.00186140
8217, 0.00186160
8218, 0.00186180
8219, 0.00186200
8220, 0.00186220
8221, 0.00186240
8222, 0.00186260
8223, 0.00186280
8224, 0.00186300
8225, 0.00186320
8226, 0.00186340
8227, 0.00186360
8228, 0.00186380
8229, 0.00186400
8230, 0.00186420
8231, 0.00186440
8232, 0.00186460
8233, 0.00186480
8234, 0.00186500
8235, 0.00186520
8236, 0.00186550
8237, 0.00186570
8238, 0.00186590
8239, 0.00186610
8240, 0.00186630
8241, 0.00186650
8242, 0.00186670
8243, 0.00186690
8244, 0.00186710
8245, 0.00186730
8246, 0.00186750
8247, 0.00186770
8248, 0.00186790
8249, 0.00186810
8250, 0.00186830
8251, 0.00186850
8252, 0.00186870
8253, 0.00186890
8254, 0.00186910
8255, 0.00186930
8256, 0.00186960
8257, 0.00186980
8258, 0.00187010
8259, 0.00187030
8260, 0.00187050
8261, 0.00187070
8262, 0.00187090
8263, 0.00187110
8264, 0.00187130
8265, 0.00187150
8266, 0.00187180
8267, 0.00187200
8268, 0.00187230
8269, 0.00187250
8270, 0.00187280
8271, 0.00187300
8272, 0.00187350
8273, 0.00187370
8274, 0.00187390
8275, 0.00187410
8276, 0.00187430
8277, 0.00187450
8278, 0.00187470
8279, 0.00187490
8280, 0.00187510
8281, 0.00187530
8282, 0.00187550
8283, 0.00187570
8284, 0.00187590
8285, 0.00187610
8286, 0.00187640
8287, 0.00187660
8288, 0.00187680
8289, 0.00187700
8290, 0.00187720
8291, 0.00187740
8292, 0.00187760
8293, 0.00187780
8294, 0.00187800
8295, 0.00187820
8296, 0.00187840
8297, 0.00187860
8298, 0.00187880
8299, 0.00187900
8300, 0.00187920
8301, 0.00187940
8302, 0.00187960
8303, 0.00187980
8304, 0.00188000
8305, 0.00188020
8306, 0.00188040
8307, 0.00188060
8308, 0.00188090
8309, 0.00188110
8310, 0.00188130
8311, 0.00188150
8312, 0.00188170
8313, 0.00188190
8314, 0.00188210
8315, 0.00188230
8316, 0.00188250
8317, 0.00188270
8318, 0.00188290
8319, 0.00188310
8320, 0.00188330
8321, 0.00188350
8322, 0.00188370
8323, 0.00188390
8324, 0.00188410
8325, 0.00188430
8326, 0.00188450
8327, 0.00188470
8328, 0.00188490
8329, 0.00188510
8330, 0.00188530
8331, 0.00188550
8332, 0.00188580
8333, 0.00188600
8334, 0.00188620
8335, 0.00188640
8336, 0.00188660
8337, 0.00188680
8338, 0.00188700
8339, 0.00188720
8340, 0.00188740
8341, 0.00188760
8342, 0.00188780
8343, 0.00188800
8344, 0.00188820
8345, 0.00188840
8346, 0.00188860
8347, 0.00188880
8348, 0.00188900
8349, 0.00188920
8350, 0.00188940
8351, 0.00188970
8352, 0.00188990
8353, 0.00189010
8354, 0.00189030
8355, 0.00189050
8356, 0.00189070
8357, 0.00189090
8358, 0.00189110
8359, 0.00189130
8360, 0.00189150
8361, 0.00189170
8362, 0.00189190
8363, 0.00189210
8364, 0.00189230
8365, 0.00189250
8366, 0.00189270
8367, 0.00189300
8368, 0.00189320
8369, 0.00189340
8370, 0.00189360
8371, 0.00189380
8372, 0.00189400
8373, 0.00189420
8374, 0.00189440
8375, 0.00189460
8376, 0.00189480
8377, 0.00189500
8378, 0.00189520
8379, 0.00189540
8380, 0.00189560
8381, 0.00189580
8382, 0.00189600
8383, 0.00189620
8384, 0.00189650
8385, 0.00189670
8386, 0.00189690
8387, 0.00189710
8388, 0.00189740
8389, 0.00189760
8390, 0.00189780
8391, 0.00189800
8392, 0.00189820
8393, 0.00189840
8394, 0.00189870
8395, 0.00189890
8396, 0.00189920
8397, 0.00189940
8398, 0.00189960
8399, 0.00189980
8400, 0.00190010
8401, 0.00190030
8402, 0.00190050
8403, 0.00190070
8404, 0.00190090
8405, 0.00190110
8406, 0.00190130
8407, 0.00190150
8408, 0.00190170
8409, 0.00190200
8410, 0.00190220
8411, 0.00190240
8412, 0.00190260
8413, 0.00190280
8414, 0.00190300
8415, 0.00190320
8416, 0.00190340
8417, 0.00190360
8418, 0.00190380
8419, 0.00190400
8420, 0.00190420
8421, 0.00190440
8422, 0.00190460
8423, 0.00190480
8424, 0.00190500
8425, 0.00190520
8426, 0.00190540
8427, 0.00190560
8428, 0.00190580
8429, 0.00190600
8430, 0.00190630
8431, 0.00190650
8432, 0.00190670
8433, 0.00190690
8434, 0.00190710
8435, 0.00190730
8436, 0.00190750
8437, 0.00190770
8438, 0.00190790
8439, 0.00190810
8440, 0.00190830
8441, 0.00190850
8442, 0.00190870
8443, 0.00190890
8444, 0.00190910
8445, 0.00190940
8446, 0.00190960
8447, 0.00190980
8448, 0.00191000
8449, 0.00191020
8450, 0.00191040
8451, 0.00191060
8452, 0.00191080
8453, 0.00191100
8454, 0.00191120
8455, 0.00191140
8456, 0.00191160
8457, 0.00191180
8458, 0.00191200
8459, 0.00191220
8460, 0.00191240
8461, 0.00191260
8462, 0.00191280
8463, 0.00191300
8464, 0.00191320
8465, 0.00191340
8466, 0.00191370
8467, 0.00191390
8468, 0.00191410
8469, 0.00191430
8470, 0.00191450
8471, 0.00191470
8472, 0.00191490
8473, 0.00191510
8474, 0.00191530
8475, 0.00191550
8476, 0.00191570
8477, 0.00191590
8478, 0.00191610
8479, 0.00191630
8480, 0.00191650
8481, 0.00191670
8482, 0.00191690
8483, 0.00191710
8484, 0.00191730
8485, 0.00191750
8486, 0.00191770
8487, 0.00191800
8488, 0.00191820
8489, 0.00191840
8490, 0.00191860
8491, 0.00191880
8492, 0.00191900
8493, 0.00191920
8494, 0.00191940
8495, 0.00191960
8496, 0.00191980
8497, 0.00192000
8498, 0.00192020
8499, 0.00192040
8500, 0.00192060
8501, 0.00192080
8502, 0.00192100
8503, 0.00192120
8504, 0.00192150
8505, 0.00192170
8506, 0.00192190
8507, 0.00192210
8508, 0.00192230
8509, 0.00192250
8510, 0.00192270
8511, 0.00192290
8512, 0.00192320
8513, 0.00192340
8514, 0.00192360
8515, 0.00192380
8516, 0.00192400
8517, 0.00192420
8518, 0.00192440
8519, 0.00192460
8520, 0.00192480
8521, 0.00192500
8522, 0.00192530
8523, 0.00192550
8524, 0.00192580
8525, 0.00192600
8526, 0.00192630
8527, 0.00192650
8528, 0.00192670
8529, 0.00192690
8530, 0.00192720
8531, 0.00192740
8532, 0.00192760
8533, 0.00192780
8534, 0.00192800
8535, 0.00192820
8536, 0.00192840
8537, 0.00192860
8538, 0.00192880
8539, 0.00192900
8540, 0.00192920
8541, 0.00192940
8542, 0.00192960
8543, 0.00192990
8544, 0.00193010
8545, 0.00193030
8546, 0.00193050
8547, 0.00193070
8548, 0.00193090
8549, 0.00193110
8550, 0.00193130
8551, 0.00193150
8552, 0.00193170
8553, 0.00193190
8554, 0.00193210
8555, 0.00193230
8556, 0.00193250
8557, 0.00193270
8558, 0.00193290
8559, 0.00193310
8560, 0.00193330
8561, 0.00193350
8562, 0.00193370
8563, 0.00193390
8564, 0.00193420
8565, 0.00193440
8566, 0.00193460
8567, 0.00193480
8568, 0.00193500
8569, 0.00193520
8570, 0.00193540
8571, 0.00193560
8572, 0.00193580
8573, 0.00193600
8574, 0.00193620
8575, 0.00193640
8576, 0.00193660
8577, 0.00193680
8578, 0.00193700
8579, 0.00193720
8580, 0.00193740
8581, 0.00193760
8582, 0.00193780
8583, 0.00193800
8584, 0.00193820
8585, 0.00193840
8586, 0.00193870
8587, 0.00193890
8588, 0.00193910
8589, 0.00193930
8590, 0.00193950
8591, 0.00193970
8592, 0.00193990
8593, 0.00194010
8594, 0.00194030
8595, 0.00194050
8596, 0.00194070
8597, 0.00194090
8598, 0.00194110
8599, 0.00194130
8600, 0.00194150
8601, 0.00194170
8602, 0.00194190
8603, 0.00194210
8604, 0.00194230
8605, 0.00194250
8606, 0.00194270
8607, 0.00194290
8608, 0.00194310
8609, 0.00194340
8610, 0.00194360
8611, 0.00194380
8612, 0.00194400
8613, 0.00194420
8614, 0.00194440
8615, 0.00194460
8616, 0.00194480
8617, 0.00194500
8618, 0.00194520
8619, 0.00194540
8620, 0.00194560
8621, 0.00194580
8622, 0.00194600
8623, 0.00194620
8624, 0.00194640
8625, 0.00194660
8626, 0.00194680
8627, 0.00194700
8628, 0.00194720
8629, 0.00194740
8630, 0.00194760
8631, 0.00194780
8632, 0.00194810
8633, 0.00194830
8634, 0.00194850
8635, 0.00194870
8636, 0.00194890
8637, 0.00194910
8638, 0.00194930
8639, 0.00194950
8640, 0.00196030
8641, 0.00196080
8642, 0.00196130
8643, 0.00196160
8644, 0.00196190
8645, 0.00196210
8646, 0.00196230
8647, 0.00196250
8648, 0.00196270
8649, 0.00196290
8650, 0.00196310
8651, 0.00196330
8652, 0.00196350
8653, 0.00196370
8654, 0.00196390
8655, 0.00196410
8656, 0.00196430
8657, 0.00196450
8658, 0.00196470
8659, 0.00196490
8660, 0.00196510
8661, 0.00196530
8662, 0.00196560
8663, 0.00196580
8664, 0.00196600
8665, 0.00196620
8666, 0.00196640
8667, 0.00196660
8668, 0.00196680
8669, 0.00196700
8670, 0.00196720
8671, 0.00196740
8672, 0.00196760
8673, 0.00196780
8674, 0.00196800
8675, 0.00196820
8676, 0.00196840
8677, 0.00196860
8678, 0.00196880
8679, 0.00196900
8680, 0.00196920
8681, 0.00196940
8682, 0.00196960
8683, 0.00196980
8684, 0.00197000
8685, 0.00197030
8686, 0.00197050
8687, 0.00197070
8688, 0.00197090
8689, 0.00197110
8690, 0.00197130
8691, 0.00197150
8692, 0.00197170
8693, 0.00197190
8694, 0.00197210
8695, 0.00197230
8696, 0.00197250
8697, 0.00197270
8698, 0.00197290
8699, 0.00197310
8700, 0.00197330
8701, 0.00197350
8702, 0.00197370
8703, 0.00197390
8704, 0.00197410
8705, 0.00197430
8706, 0.00197460
8707, 0.00197480
8708, 0.00197500
8709, 0.00197520
8710, 0.00197540
8711, 0.00197560
8712, 0.00197580
8713, 0.00197600
8714, 0.00197620
8715, 0.00197640
8716, 0.00197660
8717, 0.00197680
8718, 0.00197700
8719, 0.00197720
8720, 0.00197740
8721, 0.00197760
8722, 0.00197780
8723, 0.00197800
8724, 0.00197820
8725, 0.00197840
8726, 0.00197860
8727, 0.00197880
8728, 0.00197910
8729, 0.00197930
8730, 0.00197950
8731, 0.00197970
8732, 0.00197990
8733, 0.00198010
8734, 0.00198030
8735, 0.00198050
8736, 0.00198070
8737, 0.00198090
8738, 0.00198110
8739, 0.00198130
8740, 0.00198150
8741, 0.00198170
8742, 0.00198190
8743, 0.00198220
8744, 0.00198240
8745, 0.00198260
8746, 0.00198280
8747, 0.00198300
8748, 0.00198320
8749, 0.00198340
8750, 0.00198360
8751, 0.00198380
8752, 0.00198400
8753, 0.00198420
8754, 0.00198440
8755, 0.00198460
8756, 0.00198480
8757, 0.00198500
8758, 0.00198520
8759, 0.00198540
8760, 0.00198570
8761, 0.00198590
8762, 0.00198610
8763, 0.00198630
8764, 0.00198650
8765, 0.00198670
8766, 0.00198700
8767, 0.00198720
8768, 0.00198740
8769, 0.00198760
8770, 0.00198790
8771, 0.00198810
8772, 0.00198830
8773, 0.00198850
8774, 0.00198870
8775, 0.00198890
8776, 0.00198920
8777, 0.00198940
8778, 0.00198970
8779, 0.00198990
8780, 0.00199010
8781, 0.00199030
8782, 0.00199080
8783, 0.00199100
8784, 0.00199120
8785, 0.00199140
8786, 0.00199160
8787, 0.00199180
8788, 0.00199200
8789, 0.00199220
8790, 0.00199240
8791, 0.00199260
8792, 0.00199280
8793, 0.00199300
8794, 0.00199320
8795, 0.00199350
8796, 0.00199370
8797, 0.00199390
8798, 0.00199410
8799, 0.00199430
8800, 0.00199450
8801, 0.00199470
8802, 0.00199490
8803, 0.00199510
8804, 0.00199530
8805, 0.00199550
8806, 0.00199570
8807, 0.00199590
8808, 0.00199610
8809, 0.00199630
8810, 0.00199650
8811, 0.00199670
8812, 0.00199690
8813, 0.00199710
8814, 0.00199730
8815, 0.00199760
8816, 0.00199780
8817, 0.00199800
8818, 0.00199820
8819, 0.00199840
8820, 0.00199860
8821, 0.00199880
8822, 0.00199900
8823, 0.00199920
8824, 0.00199940
8825, 0.00199960
8826, 0.00199980
8827, 0.00200000
8828, 0.00200020
8829, 0.00200040
8830, 0.00200060
8831, 0.00200080
8832, 0.00200100
8833, 0.00200120
8834, 0.00200140
8835, 0.00200160
8836, 0.00200190
8837, 0.00200210
8838, 0.00200230
8839, 0.00200250
8840, 0.00200270
8841, 0.00200290
8842, 0.00200310
8843, 0.00200330
8844, 0.00200350
8845, 0.00200370
8846, 0.00200390
8847, 0.00200410
8848, 0.00200430
8849, 0.00200450
8850, 0.00200470
8851, 0.00200490
8852, 0.00200510
8853, 0.00200530
8854, 0.00200550
8855, 0.00200570
8856, 0.00200590
8857, 0.00200610
8858, 0.00200630
8859, 0.00200650
8860, 0.00200680
8861, 0.00200700
8862, 0.00200720
8863, 0.00200740
8864, 0.00200760
8865, 0.00200780
8866, 0.00200800
8867, 0.00200820
8868, 0.00200840
8869, 0.00200860
8870, 0.00200880
8871, 0.00200900
8872, 0.00200920
8873, 0.00200940
8874, 0.00200960
8875, 0.00200980
8876, 0.00201000
8877, 0.00201020
8878, 0.00201040
8879, 0.00201060
8880, 0.00201080
8881, 0.00201100
8882, 0.00201130
8883, 0.00201150
8884, 0.00201170
8885, 0.00201190
8886, 0.00201210
8887, 0.00201230
8888, 0.00201250
8889, 0.00201270
8890, 0.00201290
8891, 0.00201310
8892, 0.00201330
8893, 0.00201350
8894, 0.00201400
8895, 0.00201420
8896, 0.00201440
8897, 0.00201460
8898, 0.00201490
8899, 0.00201510
8900, 0.00201530
8901, 0.00201550
8902, 0.00201570
8903, 0.00201590
8904, 0.00201620
8905, 0.00201640
8906, 0.00201670
8907, 0.00201690
8908, 0.00201710
8909, 0.00201740
8910, 0.00201780
8911, 0.00201800
8912, 0.00201820
8913, 0.00201850
8914, 0.00201870
8915, 0.00201890
8916, 0.00201910
8917, 0.00201930
8918, 0.00201950
8919, 0.00201970
8920, 0.00201990
8921, 0.00202010
8922, 0.00202030
8923, 0.00202050
8924, 0.00202070
8925, 0.00202090
8926, 0.00202110
8927, 0.00202130
8928, 0.00202150
8929, 0.00202170
8930, 0.00202190
8931, 0.00202210
8932, 0.00202240
8933, 0.00202260
8934, 0.00202280
8935, 0.00202300
8936, 0.00202320
8937, 0.00202340
8938, 0.00202360
8939, 0.00202380
8940, 0.00202400
8941, 0.00202420
8942, 0.00202440
8943, 0.00202460
8944, 0.00202480
8945, 0.00202500
8946, 0.00202520
8947, 0.00202540
8948, 0.00202560
8949, 0.00202580
8950, 0.00202600
8951, 0.00202620
8952, 0.00202640
8953, 0.00202660
8954, 0.00202690
8955, 0.00202710
8956, 0.00202730
8957, 0.00202750
8958, 0.00202770
8959, 0.00202790
8960, 0.00202810
8961, 0.00202830
8962, 0.00202850
8963, 0.00202870
8964, 0.00202890
8965, 0.00202910
8966, 0.00202930
8967, 0.00202950
8968, 0.00202970
8969, 0.00202990
8970, 0.00203010
8971, 0.00203030
8972, 0.00203090
8973, 0.00203130
8974, 0.00203180
8975, 0.00203220
8976, 0.00203260
8977, 0.00203310
8978, 0.00203340
8979, 0.00203380
8980, 0.00203420
8981, 0.00203460
8982, 0.00203500
8983, 0.00203540
8984, 0.00203590
8985, 0.00203620
8986, 0.00203660
8987, 0.00203700
8988, 0.00203730
8989, 0.00203760
8990, 0.00203800
8991, 0.00203830
8992, 0.00203870
8993, 0.00203910
8994, 0.00203950
8995, 0.00203980
8996, 0.00204020
8997, 0.00204060
8998, 0.00204090
8999, 0.00204130
9000, 0.00204160
9001, 0.00204200
9002, 0.00204240
9003, 0.00204270
9004, 0.00204310
9005, 0.00204350
9006, 0.00204390
9007, 0.00204430
9008, 0.00204470
9009, 0.00204510
9010, 0.00204550
9011, 0.00204580
9012, 0.00204620
9013, 0.00204650
9014, 0.00204690
9015, 0.00204730
9016, 0.00204770
9017, 0.00204810
9018, 0.00204850
9019, 0.00204890
9020, 0.00204930
9021, 0.00204970
9022, 0.00205020
9023, 0.00205060
9024, 0.00205100
9025, 0.00205140
9026, 0.00205170
9027, 0.00205210
9028, 0.00205250
9029, 0.00205290
9030, 0.00205320
9031, 0.00205360
9032, 0.00205400
9033, 0.00205430
9034, 0.00205450
9035, 0.00205470
9036, 0.00205490
9037, 0.00205510
9038, 0.00205530
9039, 0.00205550
9040, 0.00205570
9041, 0.00205590
9042, 0.00205610
9043, 0.00205630
9044, 0.00205650
9045, 0.00205680
9046, 0.00205700
9047, 0.00205720
9048, 0.00205740
9049, 0.00205760
9050, 0.00205780
9051, 0.00205800
9052, 0.00205820
9053, 0.00205840
9054, 0.00205860
9055, 0.00205880
9056, 0.00205900
9057, 0.00205920
9058, 0.00205940
9059, 0.00205960
9060, 0.00205980
9061, 0.00206000
9062, 0.00206020
9063, 0.00206040
9064, 0.00206070
9065, 0.00206090
9066, 0.00206110
9067, 0.00206130
9068, 0.00206150
9069, 0.00206170
9070, 0.00206190
9071, 0.00206210
9072, 0.00206230
9073, 0.00206250
9074, 0.00206270
9075, 0.00206290
9076, 0.00206310
9077, 0.00206330
9078, 0.00206350
9079, 0.00206370
9080, 0.00206390
9081, 0.00206410
9082, 0.00206440
9083, 0.00206460
9084, 0.00206480
9085, 0.00206500
9086, 0.00206520
9087, 0.00206540
9088, 0.00206560
9089, 0.00206580
9090, 0.00206600
9091, 0.00206620
9092, 0.00206640
9093, 0.00206660
9094, 0.00206680
9095, 0.00206700
9096, 0.00206720
9097, 0.00206740
9098, 0.00206760
9099, 0.00206780
9100, 0.00206800
9101, 0.00206820
9102, 0.00206840
9103, 0.00206860
9104, 0.00206890
9105, 0.00206910
9106, 0.00206930
9107, 0.00206950
9108, 0.00206970
9109, 0.00206990
9110, 0.00207010
9111, 0.00207030
9112, 0.00207050
9113, 0.00207070
9114, 0.00207090
9115, 0.00207110
9116, 0.00207130
9117, 0.00207150
9118, 0.00207170
9119, 0.00207190
9120, 0.00207210
9121, 0.00207230
9122, 0.00207260
9123, 0.00207280
9124, 0.00207300
9125, 0.00207320
9126, 0.00207340
9127, 0.00207360
9128, 0.00207380
9129, 0.00207400
9130, 0.00207420
9131, 0.00207440
9132, 0.00207460
9133, 0.00207480
9134, 0.00207500
9135, 0.00207520
9136, 0.00207550
9137, 0.00207570
9138, 0.00207590
9139, 0.00207610
9140, 0.00207630
9141, 0.00207650
9142, 0.00207670
9143, 0.00207690
9144, 0.00207710
9145, 0.00207730
9146, 0.00207750
9147, 0.00207770
9148, 0.00207790
9149, 0.00207810
9150, 0.00207850
9151, 0.00207870
9152, 0.00207900
9153, 0.00207920
9154, 0.00207940
9155, 0.00207960
9156, 0.00207980
9157, 0.00208000
9158, 0.00208030
9159, 0.00208050
9160, 0.00208090
9161, 0.00208110
9162, 0.00208130
9163, 0.00208150
9164, 0.00208180
9165, 0.00208200
9166, 0.00208230
9167, 0.00208250
9168, 0.00208270
9169, 0.00208290
9170, 0.00208310
9171, 0.00208330
9172, 0.00208350
9173, 0.00208370
9174, 0.00208390
9175, 0.00208410
9176, 0.00208430
9177, 0.00208450
9178, 0.00208470
9179, 0.00208490
9180, 0.00208510
9181, 0.00208530
9182, 0.00208550
9183, 0.00208570
9184, 0.00208590
9185, 0.00208620
9186, 0.00208640
9187, 0.00208660
9188, 0.00208680
9189, 0.00208700
9190, 0.00208720
9191, 0.00208740
9192, 0.00208760
9193, 0.00208780
9194, 0.00208800
9195, 0.00208820
9196, 0.00208840
9197, 0.00208860
9198, 0.00208880
9199, 0.00208900
9200, 0.00208920
9201, 0.00208940
9202, 0.00208960
9203, 0.00208980
9204, 0.00209000
9205, 0.00209020
9206, 0.00209040
9207, 0.00209070
9208, 0.00209090
9209, 0.00209110
9210, 0.00209130
9211, 0.00209150
9212, 0.00209170
9213, 0.00209190
9214, 0.00209210
9215, 0.00209230
9216, 0.00209250
9217, 0.00209270
9218, 0.00209290
9219, 0.00209310
9220, 0.00209330
9221, 0.00209350
9222, 0.00209370
9223, 0.00209390
9224, 0.00209410
9225, 0.00209430
9226, 0.00209450
9227, 0.00209470
9228, 0.00209490
9229, 0.00209520
9230, 0.00209540
9231, 0.00209560
9232, 0.00209580
9233, 0.00209600
9234, 0.00209620
9235, 0.00209640
9236, 0.00209660
9237, 0.00209680
9238, 0.00209700
9239, 0.00209720
9240, 0.00209740
9241, 0.00209760
9242, 0.00209780
9243, 0.00209800
9244, 0.00209820
9245, 0.00209840
9246, 0.00209860
9247, 0.00209880
9248, 0.00209900
9249, 0.00209920
9250, 0.00209940
9251, 0.00209970
9252, 0.00209990
9253, 0.00210010
9254, 0.00210030
9255, 0.00210050
9256, 0.00210070
9257, 0.00210090
9258, 0.00210110
9259, 0.00210130
9260, 0.00210150
9261, 0.00210170
9262, 0.00210190
9263, 0.00210210
9264, 0.00210230
9265, 0.00210250
9266, 0.00210270
9267, 0.00210290
9268, 0.00210310
9269, 0.00210330
9270, 0.00210350
9271, 0.00210370
9272, 0.00210390
9273, 0.00210420
9274, 0.00210440
9275, 0.00210460
9276, 0.00210490
9277, 0.00210510
9278, 0.00210530
9279, 0.00210550
9280, 0.00210570
9281, 0.00210590
9282, 0.00210610
9283, 0.00210630
9284, 0.00210660
9285, 0.00210680
9286, 0.00210710
9287, 0.00210730
9288, 0.00210760
9289, 0.00210780
9290, 0.00210810
9291, 0.00210830
9292, 0.00210860
9293, 0.00210880
9294, 0.00210900
9295, 0.00210920
9296, 0.00210940
9297, 0.00210960
9298, 0.00210980
9299, 0.00211000
9300, 0.00211020
9301, 0.00211040
9302, 0.00211060
9303, 0.00211080
9304, 0.00211100
9305, 0.00211120
9306, 0.00211140
9307, 0.00211170
9308, 0.00211190
9309, 0.00211210
9310, 0.00211230
9311, 0.00211250
9312, 0.00211270
9313, 0.00212200
9314, 0.00212220
9315, 0.00212240
9316, 0.00212260
9317, 0.00212290
9318, 0.00212310
9319, 0.00212330
9320, 0.00212350
9321, 0.00212370
9322, 0.00212390
9323, 0.00212410
9324, 0.00212430
9325, 0.00212450
9326, 0.00212470
9327, 0.00212490
9328, 0.00212510
9329, 0.00212530
9330, 0.00212550
9331, 0.00212570
9332, 0.00212590
9333, 0.00212610
9334, 0.00212640
9335, 0.00212660
9336, 0.00212680
9337, 0.00212700
9338, 0.00212720
9339, 0.00212740
9340, 0.00212760
9341, 0.00212780
9342, 0.00212800
9343, 0.00212820
9344, 0.00212840
9345, 0.00212860
9346, 0.00212880
9347, 0.00212900
9348, 0.00212920
9349, 0.00212940
9350, 0.00212970
9351, 0.00212990
9352, 0.00213010
9353, 0.00213030
9354, 0.00213050
9355, 0.00213070
9356, 0.00213090
9357, 0.00213110
9358, 0.00213130
9359, 0.00213150
9360, 0.00213170
9361, 0.00213190
9362, 0.00213210
9363, 0.00213230
9364, 0.00213250
9365, 0.00213280
9366, 0.00213300
9367, 0.00213320
9368, 0.00213340
9369, 0.00213360
9370, 0.00213380
9371, 0.00213400
9372, 0.00213420
9373, 0.00213440
9374, 0.00213460
9375, 0.00213480
9376, 0.00213500
9377, 0.00213520
9378, 0.00213540
9379, 0.00213560
9380, 0.00213580
9381, 0.00213600
9382, 0.00213620
9383, 0.00213650
9384, 0.00213670
9385, 0.00213690
9386, 0.00213710
9387, 0.00213730
9388, 0.00213750
9389, 0.00213770
9390, 0.00213790
9391, 0.00213810
9392, 0.00213830
9393, 0.00213850
9394, 0.00213870
9395, 0.00213890
9396, 0.00213910
9397, 0.00213930
9398, 0.00213960
9399, 0.00213980
9400, 0.00214000
9401, 0.00214020
9402, 0.00214040
9403, 0.00214060
9404, 0.00214090
9405, 0.00214110
9406, 0.00214130
9407, 0.00214150
9408, 0.00214180
9409, 0.00214200
9410, 0.00214220
9411, 0.00214240
9412, 0.00214260
9413, 0.00214280
9414, 0.00214310
9415, 0.00214330
9416, 0.00214360
9417, 0.00214380
9418, 0.00214430
9419, 0.00214470
9420, 0.00214520
9421, 0.00214560
9422, 0.00214600
9423, 0.00214630
9424, 0.00214670
9425, 0.00214710
9426, 0.00214740
9427, 0.00214780
9428, 0.00214820
9429, 0.00214860
9430, 0.00214890
9431, 0.00214930
9432, 0.00214970
9433, 0.00215000
9434, 0.00215040
9435, 0.00215070
9436, 0.00215110
9437, 0.00215150
9438, 0.00215190
9439, 0.00215220
9440, 0.00215260
9441, 0.00215290
9442, 0.00215330
9443, 0.00215370
9444, 0.00215400
9445, 0.00215440
9446, 0.00215480
9447, 0.00215510
9448, 0.00215550
9449, 0.00215590
9450, 0.00215630
9451, 0.00215660
9452, 0.00215700
9453, 0.00215740
9454, 0.00215780
9455, 0.00215820
9456, 0.00215850
9457, 0.00215890
9458, 0.00215930
9459, 0.00215970
9460, 0.00216010
9461, 0.00216050
9462, 0.00216090
9463, 0.00216130
9464, 0.00216170
9465, 0.00216210
9466, 0.00216240
9467, 0.00216280
9468, 0.00216320
9469, 0.00216360
9470, 0.00216400
9471, 0.00216440
9472, 0.00216480
9473, 0.00216510
9474, 0.00216540
9475, 0.00216560
9476, 0.00216580
9477, 0.00216600
9478, 0.00216620
9479, 0.00216640
9480, 0.00216660
9481, 0.00216680
9482, 0.00216700
9483, 0.00216720
9484, 0.00216740
9485, 0.00216760
9486, 0.00216780
9487, 0.00216810
9488, 0.00216830
9489, 0.00216850
9490, 0.00216870
9491, 0.00216890
9492, 0.00216910
9493, 0.00216930
9494, 0.00216950
9495, 0.00216970
9496, 0.00216990
9497, 0.00217010
9498, 0.00217030
9499, 0.00217050
9500, 0.00217080
9501, 0.00217100
9502, 0.00217120
9503, 0.00217140
9504, 0.00217160
9505, 0.00217180
9506, 0.00217200
9507, 0.00217220
9508, 0.00217240
9509, 0.00217260
9510, 0.00217280
9511, 0.00217300
9512, 0.00217320
9513, 0.00217340
9514, 0.00217370
9515, 0.00217390
9516, 0.00217410
9517, 0.00217430
9518, 0.00217450
9519, 0.00217470
9520, 0.00217490
9521, 0.00217510
9522, 0.00217530
9523, 0.00217550
9524, 0.00217570
9525, 0.00217590
9526, 0.00217610
9527, 0.00217640
9528, 0.00217660
9529, 0.00217680
9530, 0.00217700
9531, 0.00217720
9532, 0.00217750
9533, 0.00217770
9534, 0.00217790
9535, 0.00217810
9536, 0.00217830
9537, 0.00217850
9538, 0.00217870
9539, 0.00217890
9540, 0.00217910
9541, 0.00217930
9542, 0.00217960
9543, 0.00217980
9544, 0.00218010
9545, 0.00218030
9546, 0.00218060
9547, 0.00218080
9548, 0.00218100
9549, 0.00218120
9550, 0.00218140
9551, 0.00218170
9552, 0.00218190
9553, 0.00218210
9554, 0.00218230
9555, 0.00218250
9556, 0.00218270
9557, 0.00218290
9558, 0.00218310
9559, 0.00218330
9560, 0.00218350
9561, 0.00218370
9562, 0.00218390
9563, 0.00218410
9564, 0.00218430
9565, 0.00218450
9566, 0.00218480
9567, 0.00218500
9568, 0.00218520
9569, 0.00218540
9570, 0.00218560
9571, 0.00218580
9572, 0.00218600
9573, 0.00218620
9574, 0.00218640
9575, 0.00218660
9576, 0.00218680
9577, 0.00218700
9578, 0.00218730
9579, 0.00218750
9580, 0.00218770
9581, 0.00218790
9582, 0.00218810
9583, 0.00218830
9584, 0.00218850
9585, 0.00218870
9586, 0.00218890
9587, 0.00218910
9588, 0.00218930
9589, 0.00218950
9590, 0.00218970
9591, 0.00218990
9592, 0.00219010
9593, 0.00219040
9594, 0.00219060
9595, 0.00219080
9596, 0.00219100
9597, 0.00219120
9598, 0.00219140
9599, 0.00219160
9600, 0.00219180
9601, 0.00219200
9602, 0.00219220
9603, 0.00219240
9604, 0.00219260
9605, 0.00219290
9606, 0.00219310
9607, 0.00219330
9608, 0.00219350
9609, 0.00219370
9610, 0.00219390
9611, 0.00219410
9612, 0.00219430
9613, 0.00219450
9614, 0.00219470
9615, 0.00219490
9616, 0.00219510
9617, 0.00219530
9618, 0.00219550
9619, 0.00219580
9620, 0.00219600
9621, 0.00219620
9622, 0.00219640
9623, 0.00219660
9624, 0.00219680
9625, 0.00219700
9626, 0.00219720
9627, 0.00219740
9628, 0.00219760
9629, 0.00219780
9630, 0.00219800
9631, 0.00219820
9632, 0.00219840
9633, 0.00219870
9634, 0.00219890
9635, 0.00219910
9636, 0.00219930
9637, 0.00219950
9638, 0.00219970
9639, 0.00219990
9640, 0.00220010
9641, 0.00220030
9642, 0.00220050
9643, 0.00220070
9644, 0.00220090
9645, 0.00220110
9646, 0.00220140
9647, 0.00220160
9648, 0.00220180
9649, 0.00220200
9650, 0.00220220
9651, 0.00220240
9652, 0.00220260
9653, 0.00220280
9654, 0.00220300
9655, 0.00220320
9656, 0.00220340
9657, 0.00220360
9658, 0.00220380
9659, 0.00220410
9660, 0.00220450
9661, 0.00220470
9662, 0.00220520
9663, 0.00220540
9664, 0.00220560
9665, 0.00220580
9666, 0.00220600
9667, 0.00220620
9668, 0.00220650
9669, 0.00220670
9670, 0.00220700
9671, 0.00220720
9672, 0.00220740
9673, 0.00220760
9674, 0.00220790
9675, 0.00220810
9676, 0.00220840
9677, 0.00220860
9678, 0.00220880
9679, 0.00220900
9680, 0.00220920
9681, 0.00220940
9682, 0.00220960
9683, 0.00220980
9684, 0.00221000
9685, 0.00221020
9686, 0.00221040
9687, 0.00221060
9688, 0.00221090
9689, 0.00221110
9690, 0.00221130
9691, 0.00221150
9692, 0.00221170
9693, 0.00221190
9694, 0.00221210
9695, 0.00221230
9696, 0.00221250
9697, 0.00221270
9698, 0.00221290
9699, 0.00221310
9700, 0.00221330
9701, 0.00221350
9702, 0.00221370
9703, 0.00221390
9704, 0.00221410
9705, 0.00221440
9706, 0.00221460
9707, 0.00221480
9708, 0.00221500
9709, 0.00221520
9710, 0.00221540
9711, 0.00221560
9712, 0.00221580
9713, 0.00221600
9714, 0.00221620
9715, 0.00221640
9716, 0.00221660
9717, 0.00221680
9718, 0.00221700
9719, 0.00221720
9720, 0.00221740
9721, 0.00221760
9722, 0.00221790
9723, 0.00221810
9724, 0.00221830
9725, 0.00221850
9726, 0.00221870
9727, 0.00221890
9728, 0.00221910
9729, 0.00221930
9730, 0.00221950
9731, 0.00221970
9732, 0.00221990
9733, 0.00222010
9734, 0.00222030
9735, 0.00222050
9736, 0.00222070
9737, 0.00222090
9738, 0.00222110
9739, 0.00222140
9740, 0.00222160
9741, 0.00222180
9742, 0.00222200
9743, 0.00222220
9744, 0.00222240
9745, 0.00222260
9746, 0.00222280
9747, 0.00222300
9748, 0.00222320
9749, 0.00222340
9750, 0.00222360
9751, 0.00222380
9752, 0.00222400
9753, 0.00222420
9754, 0.00222440
9755, 0.00222460
9756, 0.00222490
9757, 0.00222510
9758, 0.00222530
9759, 0.00222550
9760, 0.00222570
9761, 0.00222590
9762, 0.00222610
9763, 0.00222630
9764, 0.00222650
9765, 0.00222670
9766, 0.00222690
9767, 0.00222710
9768, 0.00222730
9769, 0.00222750
9770, 0.00222770
9771, 0.00222790
9772, 0.00222810
9773, 0.00222830
9774, 0.00222860
9775, 0.00222880
9776, 0.00222900
9777, 0.00222920
9778, 0.00222940
9779, 0.00222960
9780, 0.00222980
9781, 0.00223000
9782, 0.00223020
9783, 0.00223040
9784, 0.00223060
9785, 0.00223080
9786, 0.00223110
9787, 0.00223130
9788, 0.00223150
9789, 0.00223170
9790, 0.00223200
9791, 0.00223220
9792, 0.00223240
9793, 0.00223260
9794, 0.00223280
9795, 0.00223300
9796, 0.00223330
9797, 0.00223350
9798, 0.00223380
9799, 0.00223400
9800, 0.00223420
9801, 0.00223450
9802, 0.00223470
9803, 0.00223490
9804, 0.00223510
9805, 0.00223530
9806, 0.00223550
9807, 0.00223580
9808, 0.00223600
9809, 0.00223620
9810, 0.00223640
9811, 0.00223660
9812, 0.00223680
9813, 0.00223700
9814, 0.00223720
9815, 0.00223740
9816, 0.00223760
9817, 0.00223780
9818, 0.00223800
9819, 0.00223820
9820, 0.00223840
9821, 0.00223860
9822, 0.00223880
9823, 0.00223900
9824, 0.00223930
9825, 0.00223950
9826, 0.00223970
9827, 0.00223990
9828, 0.00224010
9829, 0.00224030
9830, 0.00224050
9831, 0.00224070
9832, 0.00224090
9833, 0.00224110
9834, 0.00224130
9835, 0.00224150
9836, 0.00224170
9837, 0.00224190
9838, 0.00224210
9839, 0.00224230
9840, 0.00224250
9841, 0.00224270
9842, 0.00224300
9843, 0.00224320
9844, 0.00224340
9845, 0.00224360
9846, 0.00224380
9847, 0.00224400
9848, 0.00224420
9849, 0.00224440
9850, 0.00224460
9851, 0.00224480
9852, 0.00224500
9853, 0.00224520
9854, 0.00224550
9855, 0.00224570
9856, 0.00224600
9857, 0.00224620
9858, 0.00224640
9859, 0.00224670
9860, 0.00224690
9861, 0.00224710
9862, 0.00224730
9863, 0.00224750
9864, 0.00224770
9865, 0.00224790
9866, 0.00224810
9867, 0.00224830
9868, 0.00224850
9869, 0.00224870
9870, 0.00224890
9871, 0.00224910
9872, 0.00224940
9873, 0.00224960
9874, 0.00224980
9875, 0.00225000
9876, 0.00225020
9877, 0.00225040
9878, 0.00225060
9879, 0.00225080
9880, 0.00225100
9881, 0.00225120
9882, 0.00225140
9883, 0.00225160
9884, 0.00225180
9885, 0.00225200
9886, 0.00225220
9887, 0.00225240
9888, 0.00225260
9889, 0.00225280
9890, 0.00225310
9891, 0.00225330
9892, 0.00225350
9893, 0.00225370
9894, 0.00225390
9895, 0.00225410
9896, 0.00225430
9897, 0.00225450
9898, 0.00225470
9899, 0.00225490
9900, 0.00225510
9901, 0.00225530
9902, 0.00225550
9903, 0.00225570
9904, 0.00225590
9905, 0.00225610
9906, 0.00225630
9907, 0.00225650
9908, 0.00225670
9909, 0.00225700
9910, 0.00225720
9911, 0.00225740
9912, 0.00225760
9913, 0.00225780
9914, 0.00225810
9915, 0.00225830
9916, 0.00225850
9917, 0.00225870
9918, 0.00225900
9919, 0.00225920
9920, 0.00225940
9921, 0.00225960
9922, 0.00225980
9923, 0.00226000
9924, 0.00226030
9925, 0.00226050
9926, 0.00226070
9927, 0.00226090
9928, 0.00226120
9929, 0.00226140
9930, 0.00226170
9931, 0.00226190
9932, 0.00226210
9933, 0.00226230
9934, 0.00226250
9935, 0.00226270
9936, 0.00226290
9937, 0.00226310
9938, 0.00226330
9939, 0.00226350
9940, 0.00226380
9941, 0.00226400
9942, 0.00226420
9943, 0.00226440
9944, 0.00226460
9945, 0.00226480
9946, 0.00226500
9947, 0.00226520
9948, 0.00226540
9949, 0.00226560
9950, 0.00226580
9951, 0.00226600
9952, 0.00226620
9953, 0.00226640
9954, 0.00226660
9955, 0.00226680
9956, 0.00226700
9957, 0.00226730
9958, 0.00226750
9959, 0.00226770
9960, 0.00226790
9961, 0.00226810
9962, 0.00226830
9963, 0.00226850
9964, 0.00226870
9965, 0.00226890
9966, 0.00226910
9967, 0.00226930
9968, 0.00226950
9969, 0.00226970
9970, 0.00226990
9971, 0.00227010
9972, 0.00227030
9973, 0.00227060
9974, 0.00227080
9975, 0.00227100
9976, 0.00227120
9977, 0.00227140
9978, 0.00227160
9979, 0.00227180
9980, 0.00227200
9981, 0.00227220
9982, 0.00227240
9983, 0.00227260
9984, 0.00227280
9985, 0.00227300
9986, 0.00227320
9987, 0.00227340
9988, 0.00227360
9989, 0.00227380
9990, 0.00227400
9991, 0.00227430
9992, 0.00227450
9993, 0.00227470
9994, 0.00227490
9995, 0.00227510
9996, 0.00227530
9997, 0.00227550
9998, 0.00227570
9999, 0.00227590
10000, 0.00227610
10001, 0.00227630
10002, 0.00227650
10003, 0.00227670
10004, 0.00227700
10005, 0.00227720
10006, 0.00227740
10007, 0.00227760
10008, 0.00227780
10009, 0.00227800
10010, 0.00227820
10011, 0.00227840
10012, 0.00227860
10013, 0.00227880
10014, 0.00227900
10015, 0.00227920
10016, 0.00227940
10017, 0.00227960
10018, 0.00227990
10019, 0.00228010
10020, 0.00228030
10021, 0.00228050
10022, 0.00228070
10023, 0.00228090
10024, 0.00228110
10025, 0.00228130
10026, 0.00228150
10027, 0.00228170
10028, 0.00228190
10029, 0.00228210
10030, 0.00228230
10031, 0.00228250
10032, 0.00228270
10033, 0.00228290
10034, 0.00228310
10035, 0.00228340
10036, 0.00228360
10037, 0.00228380
10038, 0.00228400
10039, 0.00228420
10040, 0.00228440
10041, 0.00228460
10042, 0.00228490
10043, 0.00228550
10044, 0.00228590
10045, 0.00228630
10046, 0.00228670
10047, 0.00228710
10048, 0.00228740
10049, 0.00228780
10050, 0.00228820
10051, 0.00228860
10052, 0.00228890
10053, 0.00228930
10054, 0.00228970
10055, 0.00229010
10056, 0.00229050
10057, 0.00229090
10058, 0.00229130
10059, 0.00229170
10060, 0.00229210
10061, 0.00229250
10062, 0.00229290
10063, 0.00229330
10064, 0.00229370
10065, 0.00229410
10066, 0.00229450
10067, 0.00229490
10068, 0.00229530
10069, 0.00229570
10070, 0.00229610
10071, 0.00229660
10072, 0.00229700
10073, 0.00229740
10074, 0.00229780
10075, 0.00229820
10076, 0.00229860
10077, 0.00229910
10078, 0.00229950
10079, 0.00229990
10080, 0.00230030
10081, 0.00230080
10082, 0.00230120
10083, 0.00230160
10084, 0.00230190
10085, 0.00230240
10086, 0.00230280
10087, 0.00230320
10088, 0.00230360
10089, 0.00230400
10090, 0.00230440
10091, 0.00230480
10092, 0.00230510
10093, 0.00230550
10094, 0.00230600
10095, 0.00230640
10096, 0.00230680
10097, 0.00230730
10098, 0.00230770
10099, 0.00230810
10100, 0.00230850
10101, 0.00230890
10102, 0.00230930
10103, 0.00230980
10104, 0.00231020
10105, 0.00231050
10106, 0.00231090
10107, 0.00231130
10108, 0.00231180
10109, 0.00231220
10110, 0.00231260
10111, 0.00231300
10112, 0.00231340
10113, 0.00231380
10114, 0.00231420
10115, 0.00231470
10116, 0.00231510
10117, 0.00231550
10118, 0.00231590
10119, 0.00231640
10120, 0.00231690
10121, 0.00231720
10122, 0.00231760
10123, 0.00231800
10124, 0.00231840
10125, 0.00231870
10126, 0.00231920
10127, 0.00231960
10128, 0.00232000
10129, 0.00232040
10130, 0.00232080
10131, 0.00232120
10132, 0.00232170
10133, 0.00232200
10134, 0.00232240
10135, 0.00232280
10136, 0.00232320
10137, 0.00232360
10138, 0.00232400
10139, 0.00232440
10140, 0.00232480
10141, 0.00232520
10142, 0.00232560
10143, 0.00232600
10144, 0.00232640
10145, 0.00232690
10146, 0.00232720
10147, 0.00232760
10148, 0.00232800
10149, 0.00232850
10150, 0.00232880
10151, 0.00232930
10152, 0.00232970
10153, 0.00233010
10154, 0.00233050
10155, 0.00233090
10156, 0.00233130
10157, 0.00233180
10158, 0.00233230
10159, 0.00233270
10160, 0.00233310
10161, 0.00233360
10162, 0.00233400
10163, 0.00233440
10164, 0.00233480
10165, 0.00233520
10166, 0.00233560
10167, 0.00233610
10168, 0.00233650
10169, 0.00233690
10170, 0.00233760
10171, 0.00233790
10172, 0.00233840
10173, 0.00233880
10174, 0.00233930
10175, 0.00233970
10176, 0.00234010
10177, 0.00234050
10178, 0.00234090
10179, 0.00234130
10180, 0.00234170
10181, 0.00234210
10182, 0.00234250
10183, 0.00234290
10184, 0.00234330
10185, 0.00234370
10186, 0.00234410
10187, 0.00234450
10188, 0.00234490
10189, 0.00234530
10190, 0.00234580
10191, 0.00234620
10192, 0.00234670
10193, 0.00234710
10194, 0.00234760
10195, 0.00234800
10196, 0.00234850
10197, 0.00234890
10198, 0.00234930
10199, 0.00234980
10200, 0.00235020
10201, 0.00235060
10202, 0.00235100
10203, 0.00235140
10204, 0.00235180
10205, 0.00235220
10206, 0.00235260
10207, 0.00235300
10208, 0.00235350
10209, 0.00235400
10210, 0.00235440
10211, 0.00235490
10212, 0.00235530
10213, 0.00235570
10214, 0.00235610
10215, 0.00235650
10216, 0.00235690
10217, 0.00235730
10218, 0.00235760
10219, 0.00235800
10220, 0.00235850
10221, 0.00235880
10222, 0.00235920
10223, 0.00235960
10224, 0.00236000
10225, 0.00236030
10226, 0.00236070
10227, 0.00236120
10228, 0.00236160
10229, 0.00236200
10230, 0.00236240
10231, 0.00236270
10232, 0.00236310
10233, 0.00236350
10234, 0.00236390
10235, 0.00236430
10236, 0.00236470
10237, 0.00236510
10238, 0.00236550
10239, 0.00236580
10240, 0.00236620
10241, 0.00236650
10242, 0.00236680
10243, 0.00236720
10244, 0.00236750
10245, 0.00236790
10246, 0.00236820
10247, 0.00236850
10248, 0.00236890
10249, 0.00236930
10250, 0.00236970
10251, 0.00237010
10252, 0.00237060
10253, 0.00237090
10254, 0.00237130
10255, 0.00237170
10256, 0.00237210
10257, 0.00237260
10258, 0.00237300
10259, 0.00237340
10260, 0.00237380
10261, 0.00237430
10262, 0.00237470
10263, 0.00237500
10264, 0.00237540
10265, 0.00237580
10266, 0.00237620
10267, 0.00237660
10268, 0.00237700
10269, 0.00237740
10270, 0.00237780
10271, 0.00237810
10272, 0.00237840
10273, 0.00237860
10274, 0.00237890
10275, 0.00237910
10276, 0.00237930
10277, 0.00237950
10278, 0.00237970
10279, 0.00237990
10280, 0.00238010
10281, 0.00238030
10282, 0.00238050
10283, 0.00238070
10284, 0.00238090
10285, 0.00238110
10286, 0.00238130
10287, 0.00238150
10288, 0.00238180
10289, 0.00238200
10290, 0.00238220
10291, 0.00238240
10292, 0.00238260
10293, 0.00238280
10294, 0.00238300
10295, 0.00238320
10296, 0.00238350
10297, 0.00238370
10298, 0.00238390
10299, 0.00238410
10300, 0.00238430
10301, 0.00238450
10302, 0.00238480
10303, 0.00238500
10304, 0.00238520
10305, 0.00238540
10306, 0.00238560
10307, 0.00238580
10308, 0.00238600
10309, 0.00238630
10310, 0.00238650
10311, 0.00238670
10312, 0.00238690
10313, 0.00238710
10314, 0.00238730
10315, 0.00238750
10316, 0.00238770
10317, 0.00238790
10318, 0.00238810
10319, 0.00238830
10320, 0.00238850
10321, 0.00238870
10322, 0.00238890
10323, 0.00238910
10324, 0.00238930
10325, 0.00238950
10326, 0.00238970
10327, 0.00238990
10328, 0.00239020
10329, 0.00239040
10330, 0.00239060
10331, 0.00239080
10332, 0.00239100
10333, 0.00239120
10334, 0.00239140
10335, 0.00239160
10336, 0.00239180
10337, 0.00239200
10338, 0.00239220
10339, 0.00239240
10340, 0.00239260
10341, 0.00239280
10342, 0.00239310
10343, 0.00239330
10344, 0.00239350
10345, 0.00239370
10346, 0.00239390
10347, 0.00239410
10348, 0.00239430
10349, 0.00239450
10350, 0.00239470
10351, 0.00239490
10352, 0.00239510
10353, 0.00239530
10354, 0.00239550
10355, 0.00239570
10356, 0.00239590
10357, 0.00239610
10358, 0.00239630
10359, 0.00239650
10360, 0.00239670
10361, 0.00239690
10362, 0.00239720
10363, 0.00239740
10364, 0.00239760
10365, 0.00239780
10366, 0.00239800
10367, 0.00239820
10368, 0.00239840
10369, 0.00239860
10370, 0.00239880
10371, 0.00239900
10372, 0.00239920
10373, 0.00239940
10374, 0.00239960
10375, 0.00239980
10376, 0.00240000
10377, 0.00240020
10378, 0.00240040
10379, 0.00240060
10380, 0.00240080
10381, 0.00240100
10382, 0.00240130
10383, 0.00240150
10384, 0.00240170
10385, 0.00240190
10386, 0.00240210
10387, 0.00240230
10388, 0.00240250
10389, 0.00240270
10390, 0.00240290
10391, 0.00240310
10392, 0.00240330
10393, 0.00240350
10394, 0.00240370
10395, 0.00240390
10396, 0.00240410
10397, 0.00240440
10398, 0.00240460
10399, 0.00240480
10400, 0.00240500
10401, 0.00240520
10402, 0.00240540
10403, 0.00240560
10404, 0.00240580
10405, 0.00240600
10406, 0.00240620
10407, 0.00240640
10408, 0.00240660
10409, 0.00240680
10410, 0.00240700
10411, 0.00240720
10412, 0.00240740
10413, 0.00240760
10414, 0.00240780
10415, 0.00240800
10416, 0.00240820
10417, 0.00240850
10418, 0.00240870
10419, 0.00240890
10420, 0.00240910
10421, 0.00240930
10422, 0.00240950
10423, 0.00240970
10424, 0.00241000
10425, 0.00241020
10426, 0.00241040
10427, 0.00241060
10428, 0.00241090
10429, 0.00241110
10430, 0.00241130
10431, 0.00241150
10432, 0.00241170
10433, 0.00241190
10434, 0.00241220
10435, 0.00241240
10436, 0.00241270
10437, 0.00241290
10438, 0.00241320
10439, 0.00241340
10440, 0.00241370
10441, 0.00241390
10442, 0.00241410
10443, 0.00241430
10444, 0.00241450
10445, 0.00241470
10446, 0.00241490
10447, 0.00241510
10448, 0.00241530
10449, 0.00241550
10450, 0.00241570
10451, 0.00241590
10452, 0.00241610
10453, 0.00241630
10454, 0.00241650
10455, 0.00241680
10456, 0.00241700
10457, 0.00241720
10458, 0.00241740
10459, 0.00241760
10460, 0.00241780
10461, 0.00241800
10462, 0.00241820
10463, 0.00241840
10464, 0.00241860
10465, 0.00241880
10466, 0.00241900
10467, 0.00241920
10468, 0.00241940
10469, 0.00241960
10470, 0.00241980
10471, 0.00242000
10472, 0.00242020
10473, 0.00242040
10474, 0.00242060
10475, 0.00242080
10476, 0.00242100
10477, 0.00242130
10478, 0.00242150
10479, 0.00242170
10480, 0.00242190
10481, 0.00242210
10482, 0.00242230
10483, 0.00242250
10484, 0.00242270
10485, 0.00242290
10486, 0.00242310
10487, 0.00242330
10488, 0.00242350
10489, 0.00242370
10490, 0.00242390
10491, 0.00242410
10492, 0.00242440
10493, 0.00242460
10494, 0.00242480
10495, 0.00242500
10496, 0.00242520
10497, 0.00242540
10498, 0.00242560
10499, 0.00242580
10500, 0.00242600
10501, 0.00242620
10502, 0.00242640
10503, 0.00242660
10504, 0.00242690
10505, 0.00242710
10506, 0.00242730
10507, 0.00242750
10508, 0.00242770
10509, 0.00242790
10510, 0.00242810
10511, 0.00242830
10512, 0.00242850
10513, 0.00242870
10514, 0.00242890
10515, 0.00242910
10516, 0.00242930
10517, 0.00242950
10518, 0.00242970
10519, 0.00242990
10520, 0.00243010
10521, 0.00243030
10522, 0.00243050
10523, 0.00243070
10524, 0.00243100
10525, 0.00243120
10526, 0.00243140
10527, 0.00243160
10528, 0.00243180
10529, 0.00243200
10530, 0.00243220
10531, 0.00243240
10532, 0.00243260
10533, 0.00243280
10534, 0.00243300
10535, 0.00243320
10536, 0.00243340
10537, 0.00243360
10538, 0.00243380
10539, 0.00243400
10540, 0.00243420
10541, 0.00243440
10542, 0.00243460
10543, 0.00243490
10544, 0.00243510
10545, 0.00243530
10546, 0.00243550
10547, 0.00243570
10548, 0.00243590
10549, 0.00243610
10550, 0.00243630
10551, 0.00243650
10552, 0.00243680
10553, 0.00243700
10554, 0.00243720
10555, 0.00243740
10556, 0.00243760
10557, 0.00243780
10558, 0.00243800
10559, 0.00243820
10560, 0.00243840
10561, 0.00243860
10562, 0.00243890
10563, 0.00243910
10564, 0.00243940
10565, 0.00243960
10566, 0.00243990
10567, 0.00244010
10568, 0.00244030
10569, 0.00244050
10570, 0.00244070
10571, 0.00244090
10572, 0.00244120
10573, 0.00244140
10574, 0.00244160
10575, 0.00244180
10576, 0.00244200
10577, 0.00244220
10578, 0.00244240
10579, 0.00244260
10580, 0.00244280
10581, 0.00244300
10582, 0.00244320
10583, 0.00244340
10584, 0.00244360
10585, 0.00244390
10586, 0.00244410
10587, 0.00244430
10588, 0.00244450
10589, 0.00244470
10590, 0.00244490
10591, 0.00244510
10592, 0.00244530
10593, 0.00244550
10594, 0.00244570
10595, 0.00244590
10596, 0.00244610
10597, 0.00244630
10598, 0.00244650
10599, 0.00244670
10600, 0.00244690
10601, 0.00244710
10602, 0.00244730
10603, 0.00244750
10604, 0.00244780
10605, 0.00244800
10606, 0.00244820
10607, 0.00244840
10608, 0.00244860
10609, 0.00244880
10610, 0.00244900
10611, 0.00244920
10612, 0.00244940
10613, 0.00244960
10614, 0.00244980
10615, 0.00245000
10616, 0.00245020
10617, 0.00245040
10618, 0.00245060
10619, 0.00245080
10620, 0.00245100
10621, 0.00245120
10622, 0.00245140
10623, 0.00245160
10624, 0.00245190
10625, 0.00245210
10626, 0.00245230
10627, 0.00245250
10628, 0.00245270
10629, 0.00245290
10630, 0.00245310
10631, 0.00245330
10632, 0.00245350
10633, 0.00245370
10634, 0.00245390
10635, 0.00245410
10636, 0.00245430
10637, 0.00245450
10638, 0.00245470
10639, 0.00245490
10640, 0.00245510
10641, 0.00245530
10642, 0.00245560
10643, 0.00245580
10644, 0.00245600
10645, 0.00245620
10646, 0.00245640
10647, 0.00245660
10648, 0.00245680
10649, 0.00245700
10650, 0.00245720
10651, 0.00245740
10652, 0.00245760
10653, 0.00245780
10654, 0.00245800
10655, 0.00245820
10656, 0.00245840
10657, 0.00245860
10658, 0.00245880
10659, 0.00245900
10660, 0.00245920
10661, 0.00245950
10662, 0.00245970
10663, 0.00245990
10664, 0.00246010
10665, 0.00246030
10666, 0.00246050
10667, 0.00246070
10668, 0.00246090
10669, 0.00246110
10670, 0.00246130
10671, 0.00246150
10672, 0.00246170
10673, 0.00246190
10674, 0.00246210
10675, 0.00246230
10676, 0.00246250
10677, 0.00246270
10678, 0.00246290
10679, 0.00246320
10680, 0.00247220
10681, 0.00247270
10682, 0.00247320
10683, 0.00247360
10684, 0.00247390
10685, 0.00247440
10686, 0.00247470
10687, 0.00247510
10688, 0.00247540
10689, 0.00247570
10690, 0.00247600
10691, 0.00247620
10692, 0.00247640
10693, 0.00247660
10694, 0.00247680
10695, 0.00247700
10696, 0.00247720
10697, 0.00247740
10698, 0.00247760
10699, 0.00247780
10700, 0.00247800
10701, 0.00247820
10702, 0.00247840
10703, 0.00247860
10704, 0.00247880
10705, 0.00247900
10706, 0.00247930
10707, 0.00247950
10708, 0.00247970
10709, 0.00247990
10710, 0.00248010
10711, 0.00248030
10712, 0.00248050
10713, 0.00248070
10714, 0.00248090
10715, 0.00248110
10716, 0.00248130
10717, 0.00248150
10718, 0.00248170
10719, 0.00248190
10720, 0.00248210
10721, 0.00248230
10722, 0.00248250
10723, 0.00248270
10724, 0.00248290
10725, 0.00248310
10726, 0.00248330
10727, 0.00248350
10728, 0.00248380
10729, 0.00248400
10730, 0.00248420
10731, 0.00248440
10732, 0.00248460
10733, 0.00248480
10734, 0.00248500
10735, 0.00248520
10736, 0.00248540
10737, 0.00248560
10738, 0.00248580
10739, 0.00248600
10740, 0.00248620
10741, 0.00248640
10742, 0.00248660
10743, 0.00248680
10744, 0.00248700
10745, 0.00248720
10746, 0.00248750
10747, 0.00248770
10748, 0.00248790
10749, 0.00248810
10750, 0.00248830
10751, 0.00248850
10752, 0.00248870
10753, 0.00248890
10754, 0.00248910
10755, 0.00248930
10756, 0.00248950
10757, 0.00248970
10758, 0.00248990
10759, 0.00249010
10760, 0.00249030
10761, 0.00249050
10762, 0.00249070
10763, 0.00249100
10764, 0.00249120
10765, 0.00249140
10766, 0.00249160
10767, 0.00249180
10768, 0.00249200
10769, 0.00249220
10770, 0.00249240
10771, 0.00249260
10772, 0.00249280
10773, 0.00249300
10774, 0.00249320
10775, 0.00249340
10776, 0.00249360
10777, 0.00249380
10778, 0.00249400
10779, 0.00249420
10780, 0.00249450
10781, 0.00249470
10782, 0.00249490
10783, 0.00249510
10784, 0.00249530
10785, 0.00249550
10786, 0.00249570
10787, 0.00249590
10788, 0.00249610
10789, 0.00249630
10790, 0.00249650
10791, 0.00249670
10792, 0.00249690
10793, 0.00249720
10794, 0.00249740
10795, 0.00249760
10796, 0.00249780
10797, 0.00249800
10798, 0.00249820
10799, 0.00249840
10800, 0.00249860
10801, 0.00249880
10802, 0.00249900
10803, 0.00249920
10804, 0.00249940
10805, 0.00249960
10806, 0.00249990
10807, 0.00250010
10808, 0.00250040
10809, 0.00250060
10810, 0.00250080
10811, 0.00250100
10812, 0.00250120
10813, 0.00250140
10814, 0.00250170
10815, 0.00250190
10816, 0.00250210
10817, 0.00250230
10818, 0.00250260
10819, 0.00250280
10820, 0.00250310
10821, 0.00250330
10822, 0.00250360
10823, 0.00250380
10824, 0.00250400
10825, 0.00250420
10826, 0.00250440
10827, 0.00250460
10828, 0.00250480
10829, 0.00250500
10830, 0.00250520
10831, 0.00250540
10832, 0.00250560
10833, 0.00250580
10834, 0.00250600
10835, 0.00250620
10836, 0.00250640
10837, 0.00250660
10838, 0.00250680
10839, 0.00250700
10840, 0.00250730
10841, 0.00250750
10842, 0.00250770
10843, 0.00250790
10844, 0.00250810
10845, 0.00250830
10846, 0.00250850
10847, 0.00250870
10848, 0.00250890
10849, 0.00250910
10850, 0.00250930
10851, 0.00250950
10852, 0.00250970
10853, 0.00250990
10854, 0.00251010
10855, 0.00251030
10856, 0.00251050
10857, 0.00251070
10858, 0.00251090
10859, 0.00251110
10860, 0.00251140
10861, 0.00251160
10862, 0.00251180
10863, 0.00251200
10864, 0.00251220
10865, 0.00251240
10866, 0.00251260
10867, 0.00251280
10868, 0.00251300
10869, 0.00251320
10870, 0.00251340
10871, 0.00251360
10872, 0.00251380
10873, 0.00251400
10874, 0.00251420
10875, 0.00251440
10876, 0.00251460
10877, 0.00251480
10878, 0.00251500
10879, 0.00251520
10880, 0.00251540
10881, 0.00251570
10882, 0.00251590
10883, 0.00251610
10884, 0.00251630
10885, 0.00251650
10886, 0.00251670
10887, 0.00251690
10888, 0.00251710
10889, 0.00251730
10890, 0.00251750
10891, 0.00251770
10892, 0.00251790
10893, 0.00251810
10894, 0.00251830
10895, 0.00251850
10896, 0.00251870
10897, 0.00251890
10898, 0.00251910
10899, 0.00251940
10900, 0.00251960
10901, 0.00251980
10902, 0.00252000
10903, 0.00252020
10904, 0.00252040
10905, 0.00252060
10906, 0.00252080
10907, 0.00252100
10908, 0.00252120
10909, 0.00252140
10910, 0.00252160
10911, 0.00252180
10912, 0.00252200
10913, 0.00252220
10914, 0.00252240
10915, 0.00252260
10916, 0.00252280
10917, 0.00252310
10918, 0.00252330
10919, 0.00252350
10920, 0.00252370
10921, 0.00252390
10922, 0.00252410
10923, 0.00252430
10924, 0.00252450
10925, 0.00252470
10926, 0.00252490
10927, 0.00252510
10928, 0.00252530
10929, 0.00252550
10930, 0.00252570
10931, 0.00252590
10932, 0.00252610
10933, 0.00252630
10934, 0.00252660
10935, 0.00252680
10936, 0.00252710
10937, 0.00252730
10938, 0.00252750
10939, 0.00252770
10940, 0.00252790
10941, 0.00252810
10942, 0.00252830
10943, 0.00252850
10944, 0.00252910
10945, 0.00252930
10946, 0.00252960
10947, 0.00252980
10948, 0.00253000
10949, 0.00253020
10950, 0.00253050
10951, 0.00253070
10952, 0.00253090
10953, 0.00253110
10954, 0.00253130
10955, 0.00253150
10956, 0.00253170
10957, 0.00253190
10958, 0.00253210
10959, 0.00253230
10960, 0.00253250
10961, 0.00253270
10962, 0.00253300
10963, 0.00253320
10964, 0.00253340
10965, 0.00253360
10966, 0.00253380
10967, 0.00253400
10968, 0.00253420
10969, 0.00253440
10970, 0.00253460
10971, 0.00253480
10972, 0.00253500
10973, 0.00253520
10974, 0.00253540
10975, 0.00253560
10976, 0.00253580
10977, 0.00253600
10978, 0.00253620
10979, 0.00253640
10980, 0.00253660
10981, 0.00253690
10982, 0.00253710
10983, 0.00253730
10984, 0.00253750
10985, 0.00253770
10986, 0.00253790
10987, 0.00253810
10988, 0.00253830
10989, 0.00253850
10990, 0.00253870
10991, 0.00253890
10992, 0.00253910
10993, 0.00253930
10994, 0.00253950
10995, 0.00253970
10996, 0.00253990
10997, 0.00254010
10998, 0.00254030
10999, 0.00254060
11000, 0.00254080
11001, 0.00254100
11002, 0.00254120
11003, 0.00254140
11004, 0.00254160
11005, 0.00254180
11006, 0.00254200
11007, 0.00254220
11008, 0.00254240
11009, 0.00254260
11010, 0.00254280
11011, 0.00254300
11012, 0.00254320
11013, 0.00254340
11014, 0.00254360
11015, 0.00254380
11016, 0.00254400
11017, 0.00254420
11018, 0.00254450
11019, 0.00254470
11020, 0.00254490
11021, 0.00254510
11022, 0.00254530
11023, 0.00254550
11024, 0.00254570
11025, 0.00254590
11026, 0.00254610
11027, 0.00254630
11028, 0.00254650
11029, 0.00254670
11030, 0.00254690
11031, 0.00254710
11032, 0.00254730
11033, 0.00254750
11034, 0.00254770
11035, 0.00254790
11036, 0.00254810
11037, 0.00254830
11038, 0.00254860
11039, 0.00254880
11040, 0.00254900
11041, 0.00254920
11042, 0.00254940
11043, 0.00254960
11044, 0.00254980
11045, 0.00255000
11046, 0.00255020
11047, 0.00255040
11048, 0.00255060
11049, 0.00255080
11050, 0.00255100
11051, 0.00255120
11052, 0.00255140
11053, 0.00255160
11054, 0.00255180
11055, 0.00255200
11056, 0.00255220
11057, 0.00255240
11058, 0.00255260
11059, 0.00255290
11060, 0.00255310
11061, 0.00255330
11062, 0.00255360
11063, 0.00255380
11064, 0.00255400
11065, 0.00255420
11066, 0.00255440
11067, 0.00255460
11068, 0.00255480
11069, 0.00255500
11070, 0.00255520
11071, 0.00255540
11072, 0.00255570
11073, 0.00255590
11074, 0.00255630
11075, 0.00255650
11076, 0.00255680
11077, 0.00255700
11078, 0.00255730
11079, 0.00255750
11080, 0.00255770
11081, 0.00255790
11082, 0.00255810
11083, 0.00255830
11084, 0.00255850
11085, 0.00255870
11086, 0.00255890
11087, 0.00255910
11088, 0.00255930
11089, 0.00255950
11090, 0.00255970
11091, 0.00256000
11092, 0.00256020
11093, 0.00256040
11094, 0.00256060
11095, 0.00256080
11096, 0.00256100
11097, 0.00256120
11098, 0.00256140
11099, 0.00256160
11100, 0.00256180
11101, 0.00256200
11102, 0.00256220
11103, 0.00256240
11104, 0.00256260
11105, 0.00256280
11106, 0.00256300
11107, 0.00256320
11108, 0.00256350
11109, 0.00256370
11110, 0.00256390
11111, 0.00256410
11112, 0.00256430
11113, 0.00256450
11114, 0.00256470
11115, 0.00256490
11116, 0.00256510
11117, 0.00256530
11118, 0.00256550
11119, 0.00256570
11120, 0.00256590
11121, 0.00256610
11122, 0.00256630
11123, 0.00256650
11124, 0.00256670
11125, 0.00256690
11126, 0.00256710
11127, 0.00256730
11128, 0.00256750
11129, 0.00256780
11130, 0.00256800
11131, 0.00256820
11132, 0.00256840
11133, 0.00256860
11134, 0.00256880
11135, 0.00256900
11136, 0.00256920
11137, 0.00256940
11138, 0.00256960
11139, 0.00256980
11140, 0.00257000
11141, 0.00257020
11142, 0.00257040
11143, 0.00257060
11144, 0.00257080
11145, 0.00257100
11146, 0.00257120
11147, 0.00257150
11148, 0.00257170
11149, 0.00257190
11150, 0.00257210
11151, 0.00257230
11152, 0.00257250
11153, 0.00257270
11154, 0.00257290
11155, 0.00257310
11156, 0.00257330
11157, 0.00257350
11158, 0.00257370
11159, 0.00257390
11160, 0.00257410
11161, 0.00257430
11162, 0.00257450
11163, 0.00257470
11164, 0.00257490
11165, 0.00257520
11166, 0.00257540
11167, 0.00257560
11168, 0.00257580
11169, 0.00257600
11170, 0.00257620
11171, 0.00257640
11172, 0.00257660
11173, 0.00257680
11174, 0.00257700
11175, 0.00257720
11176, 0.00257740
11177, 0.00257760
11178, 0.00257780
11179, 0.00257800
11180, 0.00257820
11181, 0.00257840
11182, 0.00257860
11183, 0.00257890
11184, 0.00257910
11185, 0.00257930
11186, 0.00257950
11187, 0.00257970
11188, 0.00257990
11189, 0.00258010
11190, 0.00258050
11191, 0.00258070
11192, 0.00258090
11193, 0.00258120
11194, 0.00258140
11195, 0.00258160
11196, 0.00258180
11197, 0.00258200
11198, 0.00258220
11199, 0.00258240
11200, 0.00258270
11201, 0.00258290
11202, 0.00258320
11203, 0.00258340
11204, 0.00258380
11205, 0.00258400
11206, 0.00258420
11207, 0.00258450
11208, 0.00258470
11209, 0.00258490
11210, 0.00258510
11211, 0.00258530
11212, 0.00258550
11213, 0.00258570
11214, 0.00258590
11215, 0.00258610
11216, 0.00258630
11217, 0.00258650
11218, 0.00258670
11219, 0.00258690
11220, 0.00258710
11221, 0.00258730
11222, 0.00258750
11223, 0.00258770
11224, 0.00258790
11225, 0.00258810
11226, 0.00258830
11227, 0.00258860
11228, 0.00258880
11229, 0.00258900
11230, 0.00258920
11231, 0.00258940
11232, 0.00258960
11233, 0.00258980
11234, 0.00259000
11235, 0.00259020
11236, 0.00259040
11237, 0.00259060
11238, 0.00259080
11239, 0.00259100
11240, 0.00259120
11241, 0.00259140
11242, 0.00259160
11243, 0.00259180
11244, 0.00259200
11245, 0.00259220
11246, 0.00259250
11247, 0.00259270
11248, 0.00259290
11249, 0.00259310
11250, 0.00259330
11251, 0.00259350
11252, 0.00259370
11253, 0.00259390
11254, 0.00259410
11255, 0.00259430
11256, 0.00259450
11257, 0.00259470
11258, 0.00259490
11259, 0.00259510
11260, 0.00259530
11261, 0.00259550
11262, 0.00259570
11263, 0.00259590
11264, 0.00259620
11265, 0.00259640
11266, 0.00259660
11267, 0.00259680
11268, 0.00259700
11269, 0.00259720
11270, 0.00259740
11271, 0.00259760
11272, 0.00259780
11273, 0.00259800
11274, 0.00259820
11275, 0.00259840
11276, 0.00259860
11277, 0.00259880
11278, 0.00259900
11279, 0.00259920
11280, 0.00259940
11281, 0.00259960
11282, 0.00259980
11283, 0.00260010
11284, 0.00260030
11285, 0.00260050
11286, 0.00260070
11287, 0.00260090
11288, 0.00260110
11289, 0.00260130
11290, 0.00260150
11291, 0.00260170
11292, 0.00260190
11293, 0.00260210
11294, 0.00260230
11295, 0.00260250
11296, 0.00260270
11297, 0.00260290
11298, 0.00260310
11299, 0.00260330
11300, 0.00260350
11301, 0.00260380
11302, 0.00260400
11303, 0.00260420
11304, 0.00260440
11305, 0.00260460
11306, 0.00260480
11307, 0.00260500
11308, 0.00260520
11309, 0.00260540
11310, 0.00260560
11311, 0.00260580
11312, 0.00260600
11313, 0.00260620
11314, 0.00260640
11315, 0.00260660
11316, 0.00260710
11317, 0.00260730
11318, 0.00260750
11319, 0.00260770
11320, 0.00260800
11321, 0.00260820
11322, 0.00260840
11323, 0.00260860
11324, 0.00260880
11325, 0.00260900
11326, 0.00260930
11327, 0.00260950
11328, 0.00260970
11329, 0.00260990
11330, 0.00261020
11331, 0.00261040
11332, 0.00261070
11333, 0.00261090
11334, 0.00261110
11335, 0.00261130
11336, 0.00261150
11337, 0.00261170
11338, 0.00261190
11339, 0.00261220
11340, 0.00261240
11341, 0.00261260
11342, 0.00261280
11343, 0.00261300
11344, 0.00261320
11345, 0.00261340
11346, 0.00261360
11347, 0.00261380
11348, 0.00261400
11349, 0.00261420
11350, 0.00261440
11351, 0.00261460
11352, 0.00261480
11353, 0.00261500
11354, 0.00261520
11355, 0.00261540
11356, 0.00261560
11357, 0.00261590
11358, 0.00261610
11359, 0.00261630
11360, 0.00261650
11361, 0.00261670
11362, 0.00261690
11363, 0.00261710
11364, 0.00261730
11365, 0.00261750
11366, 0.00261770
11367, 0.00261790
11368, 0.00261810
11369, 0.00261830
11370, 0.00261850
11371, 0.00261870
11372, 0.00261890
11373, 0.00261910
11374, 0.00261930
11375, 0.00261950
11376, 0.00261970
11377, 0.00261990
11378, 0.00262010
11379, 0.00262040
11380, 0.00262060
11381, 0.00262080
11382, 0.00262100
11383, 0.00262120
11384, 0.00262140
11385, 0.00262160
11386, 0.00262180
11387, 0.00262200
11388, 0.00262220
11389, 0.00262240
11390, 0.00262260
11391, 0.00262280
11392, 0.00262300
11393, 0.00262320
11394, 0.00262340
11395, 0.00262360
11396, 0.00262380
11397, 0.00262410
11398, 0.00262430
11399, 0.00262450
11400, 0.00262470
11401, 0.00262490
11402, 0.00262510
11403, 0.00262530
11404, 0.00262550
11405, 0.00262570
11406, 0.00262590
11407, 0.00262610
11408, 0.00262630
11409, 0.00262650
11410, 0.00262670
11411, 0.00262690
11412, 0.00262710
11413, 0.00262730
11414, 0.00262750
11415, 0.00262780
11416, 0.00262800
11417, 0.00262820
11418, 0.00262840
11419, 0.00262860
11420, 0.00262880
11421, 0.00262900
11422, 0.00262920
11423, 0.00262940
11424, 0.00262960
11425, 0.00262980
11426, 0.00263000
11427, 0.00263020
11428, 0.00263040
11429, 0.00263060
11430, 0.00263080
11431, 0.00263100
11432, 0.00263120
11433, 0.00263140
11434, 0.00263170
11435, 0.00263190
11436, 0.00263210
11437, 0.00263230
11438, 0.00263250
11439, 0.00263270
11440, 0.00263290
11441, 0.00263310
11442, 0.00263330
11443, 0.00263350
11444, 0.00263380
11445, 0.00263400
11446, 0.00263420
11447, 0.00263440
11448, 0.00263470
11449, 0.00263490
11450, 0.00263510
11451, 0.00263530
11452, 0.00263550
11453, 0.00263570
11454, 0.00263600
11455, 0.00263620
11456, 0.00263650
11457, 0.00263670
11458, 0.00263690
11459, 0.00263710
11460, 0.00263740
11461, 0.00263760
11462, 0.00263780
11463, 0.00263800
11464, 0.00263820
11465, 0.00263840
11466, 0.00263860
11467, 0.00263890
11468, 0.00263910
11469, 0.00263930
11470, 0.00263950
11471, 0.00263970
11472, 0.00263990
11473, 0.00264010
11474, 0.00264030
11475, 0.00264050
11476, 0.00264070
11477, 0.00264090
11478, 0.00264110
11479, 0.00264130
11480, 0.00264150
11481, 0.00264170
11482, 0.00264190
11483, 0.00264210
11484, 0.00264230
11485, 0.00264250
11486, 0.00264280
11487, 0.00264300
11488, 0.00264320
11489, 0.00264340
11490, 0.00264360
11491, 0.00264380
11492, 0.00264400
11493, 0.00264420
11494, 0.00264440
11495, 0.00264460
11496, 0.00264480
11497, 0.00264500
11498, 0.00264520
11499, 0.00264540
11500, 0.00264560
11501, 0.00264580
11502, 0.00264600
11503, 0.00264620
11504, 0.00264640
11505, 0.00264660
11506, 0.00264690
11507, 0.00264710
11508, 0.00264730
11509, 0.00264750
11510, 0.00264770
11511, 0.00264790
11512, 0.00264810
11513, 0.00264830
11514, 0.00264850
11515, 0.00264870
11516, 0.00264890
11517, 0.00264910
11518, 0.00264930
11519, 0.00264950
11520, 0.00264970
11521, 0.00264990
11522, 0.00265010
11523, 0.00265030
11524, 0.00265050
11525, 0.00265080
11526, 0.00265100
11527, 0.00265120
11528, 0.00265140
11529, 0.00265160
11530, 0.00265180
11531, 0.00265200
11532, 0.00265220
11533, 0.00265240
11534, 0.00265260
11535, 0.00265280
11536, 0.00265300
11537, 0.00265320
11538, 0.00265340
11539, 0.00265360
11540, 0.00265380
11541, 0.00265400
11542, 0.00265420
11543, 0.00265450
11544, 0.00265470
11545, 0.00265490
11546, 0.00265510
11547, 0.00265530
11548, 0.00265550
11549, 0.00265570
11550, 0.00265590
11551, 0.00265610
11552, 0.00265630
11553, 0.00265650
11554, 0.00265670
11555, 0.00265690
11556, 0.00265710
11557, 0.00265730
11558, 0.00265750
11559, 0.00265770
11560, 0.00265790
11561, 0.00265820
11562, 0.00265840
11563, 0.00265860
11564, 0.00265880
11565, 0.00265900
11566, 0.00265920
11567, 0.00265940
11568, 0.00265960
11569, 0.00265980
11570, 0.00266000
11571, 0.00266020
11572, 0.00266050
11573, 0.00266070
11574, 0.00266090
11575, 0.00266110
11576, 0.00266130
11577, 0.00266150
11578, 0.00266170
11579, 0.00266190
11580, 0.00266210
11581, 0.00266230
11582, 0.00266260
11583, 0.00266280
11584, 0.00266310
11585, 0.00266330
11586, 0.00266360
11587, 0.00266380
11588, 0.00266410
11589, 0.00266430
11590, 0.00266450
11591, 0.00266470
11592, 0.00266490
11593, 0.00266510
11594, 0.00266530
11595, 0.00266550
11596, 0.00266570
11597, 0.00266590
11598, 0.00266610
11599, 0.00266630
11600, 0.00266650
11601, 0.00266670
11602, 0.00266690
11603, 0.00266710
11604, 0.00266730
11605, 0.00266750
11606, 0.00266770
11607, 0.00266800
11608, 0.00266820
11609, 0.00266840
11610, 0.00266860
11611, 0.00266880
11612, 0.00266900
11613, 0.00266920
11614, 0.00266940
11615, 0.00266960
11616, 0.00266980
11617, 0.00267000
11618, 0.00267020
11619, 0.00267040
11620, 0.00267060
11621, 0.00267080
11622, 0.00267100
11623, 0.00267120
11624, 0.00267140
11625, 0.00267160
11626, 0.00267180
11627, 0.00267210
11628, 0.00267230
11629, 0.00267250
11630, 0.00267270
11631, 0.00267290
11632, 0.00267310
11633, 0.00267330
11634, 0.00267350
11635, 0.00267370
11636, 0.00267390
11637, 0.00267410
11638, 0.00267430
11639, 0.00267450
11640, 0.00267470
11641, 0.00267490
11642, 0.00267510
11643, 0.00267530
11644, 0.00267550
11645, 0.00267570
11646, 0.00267600
11647, 0.00267620
11648, 0.00267640
11649, 0.00267660
11650, 0.00267680
11651, 0.00267700
11652, 0.00267720
11653, 0.00267740
11654, 0.00267760
11655, 0.00267780
11656, 0.00267800
11657, 0.00267820
11658, 0.00267840
11659, 0.00267860
11660, 0.00267880
11661, 0.00267900
11662, 0.00267920
11663, 0.00267940
11664, 0.00267960
11665, 0.00267980
11666, 0.00268010
11667, 0.00268030
11668, 0.00268050
11669, 0.00268070
11670, 0.00268090
11671, 0.00268110
11672, 0.00268130
11673, 0.00268150
11674, 0.00268170
11675, 0.00268190
11676, 0.00268210
11677, 0.00268230
11678, 0.00268250
11679, 0.00268270
11680, 0.00268290
11681, 0.00268310
11682, 0.00268330
11683, 0.00268350
11684, 0.00268370
11685, 0.00268390
11686, 0.00268420
11687, 0.00268440
11688, 0.00268460
11689, 0.00268480
11690, 0.00268500
11691, 0.00268520
11692, 0.00268540
11693, 0.00268560
11694, 0.00268580
11695, 0.00268600
11696, 0.00268620
11697, 0.00268640
11698, 0.00268660
11699, 0.00268680
11700, 0.00268720
11701, 0.00268740
11702, 0.00268770
11703, 0.00268790
11704, 0.00268810
11705, 0.00268830
11706, 0.00268850
11707, 0.00268870
11708, 0.00268900
11709, 0.00268920
11710, 0.00268950
11711, 0.00268970
11712, 0.00269000
11713, 0.00269020
11714, 0.00269040
11715, 0.00269060
11716, 0.00269090
11717, 0.00269110
11718, 0.00269130
11719, 0.00269150
11720, 0.00269170
11721, 0.00269190
11722, 0.00269210
11723, 0.00269230
11724, 0.00269250
11725, 0.00269270
11726, 0.00269290
11727, 0.00269320
11728, 0.00269340
11729, 0.00269360
11730, 0.00269380
11731, 0.00269400
11732, 0.00269420
11733, 0.00269440
11734, 0.00269460
11735, 0.00269480
11736, 0.00269500
11737, 0.00269520
11738, 0.00269540
11739, 0.00269560
11740, 0.00269580
11741, 0.00269600
11742, 0.00269620
11743, 0.00269640
11744, 0.00269660
11745, 0.00269690
11746, 0.00269710
11747, 0.00269730
11748, 0.00269750
11749, 0.00269770
11750, 0.00269790
11751, 0.00269810
11752, 0.00269830
11753, 0.00269850
11754, 0.00269870
11755, 0.00269890
11756, 0.00269910
11757, 0.00269930
11758, 0.00269950
11759, 0.00269970
11760, 0.00269990
11761, 0.00270010
11762, 0.00270030
11763, 0.00270050
11764, 0.00270080
11765, 0.00270100
11766, 0.00270120
11767, 0.00270140
11768, 0.00270160
11769, 0.00270180
11770, 0.00270200
11771, 0.00270220
11772, 0.00270240
11773, 0.00270260
11774, 0.00270280
11775, 0.00270300
11776, 0.00270320
11777, 0.00270340
11778, 0.00270360
11779, 0.00270380
11780, 0.00270400
11781, 0.00270420
11782, 0.00270440
11783, 0.00270460
11784, 0.00270480
11785, 0.00270510
11786, 0.00270530
11787, 0.00270550
11788, 0.00270570
11789, 0.00270590
11790, 0.00270610
11791, 0.00270630
11792, 0.00270650
11793, 0.00270670
11794, 0.00270690
11795, 0.00270710
11796, 0.00270730
11797, 0.00270750
11798, 0.00270770
11799, 0.00270790
11800, 0.00270810
11801, 0.00270830
11802, 0.00270850
11803, 0.00270870
11804, 0.00270890
11805, 0.00270910
11806, 0.00270930
11807, 0.00270950
11808, 0.00270970
11809, 0.00271000
11810, 0.00271020
11811, 0.00271040
11812, 0.00271060
11813, 0.00271080
11814, 0.00271100
11815, 0.00271120
11816, 0.00271140
11817, 0.00271160
11818, 0.00271180
11819, 0.00271200
11820, 0.00271220
11821, 0.00271240
11822, 0.00271260
11823, 0.00271280
11824, 0.00271310
11825, 0.00271330
11826, 0.00271360
11827, 0.00271380
11828, 0.00271400
11829, 0.00271420
11830, 0.00271450
11831, 0.00271470
11832, 0.00271490
11833, 0.00271510
11834, 0.00271530
11835, 0.00271550
11836, 0.00271580
11837, 0.00271600
11838, 0.00271630
11839, 0.00271650
11840, 0.00271680
11841, 0.00271700
11842, 0.00271720
11843, 0.00271740
11844, 0.00271770
11845, 0.00271790
11846, 0.00271810
11847, 0.00271830
11848, 0.00271850
11849, 0.00271870
11850, 0.00271890
11851, 0.00271910
11852, 0.00271930
11853, 0.00271950
11854, 0.00272000
11855, 0.00272040
11856, 0.00272080
11857, 0.00272120
11858, 0.00272160
11859, 0.00272190
11860, 0.00272230
11861, 0.00272270
11862, 0.00272310
11863, 0.00272350
11864, 0.00272400
11865, 0.00272440
11866, 0.00272480
11867, 0.00272520
11868, 0.00272560
11869, 0.00272600
11870, 0.00272640
11871, 0.00272680
11872, 0.00272720
11873, 0.00272760
11874, 0.00272800
11875, 0.00272830
11876, 0.00272880
11877, 0.00272910
11878, 0.00272950
11879, 0.00272990
11880, 0.00273030
11881, 0.00273070
11882, 0.00273110
11883, 0.00273150
11884, 0.00273190
11885, 0.00273220
11886, 0.00273260
11887, 0.00273300
11888, 0.00273340
11889, 0.00273370
11890, 0.00273400
11891, 0.00273420
11892, 0.00273440
11893, 0.00273470
11894, 0.00273490
11895, 0.00273510
11896, 0.00273540
11897, 0.00273560
11898, 0.00273580
11899, 0.00273610
11900, 0.00273630
11901, 0.00273650
11902, 0.00273670
11903, 0.00273690
11904, 0.00273710
11905, 0.00273730
11906, 0.00273750
11907, 0.00273770
11908, 0.00273790
11909, 0.00273810
11910, 0.00273840
11911, 0.00273860
11912, 0.00273880
11913, 0.00273900
11914, 0.00273920
11915, 0.00273940
11916, 0.00273960
11917, 0.00273980
11918, 0.00274000
11919, 0.00274030
11920, 0.00274050
11921, 0.00274070
11922, 0.00274090
11923, 0.00274110
11924, 0.00274130
11925, 0.00274150
11926, 0.00274170
11927, 0.00274190
11928, 0.00274210
11929, 0.00274230
11930, 0.00274250
11931, 0.00274270
11932, 0.00274290
11933, 0.00274310
11934, 0.00274330
11935, 0.00274350
11936, 0.00274370
11937, 0.00274390
11938, 0.00274410
11939, 0.00274430
11940, 0.00274450
11941, 0.00274480
11942, 0.00274500
11943, 0.00274520
11944, 0.00274540
11945, 0.00274560
11946, 0.00274580
11947, 0.00274600
11948, 0.00274620
11949, 0.00274640
11950, 0.00274660
11951, 0.00274680
11952, 0.00274700
11953, 0.00274720
11954, 0.00274750
11955, 0.00274770
11956, 0.00274790
11957, 0.00274810
11958, 0.00274840
11959, 0.00274860
11960, 0.00274880
11961, 0.00274900
11962, 0.00274920
11963, 0.00274940
11964, 0.00274970
11965, 0.00274990
11966, 0.00275020
11967, 0.00275040
11968, 0.00275060
11969, 0.00275080
11970, 0.00275110
11971, 0.00275130
11972, 0.00275150
11973, 0.00275170
11974, 0.00275190
11975, 0.00275210
11976, 0.00275230
11977, 0.00275250
11978, 0.00275270
11979, 0.00275290
11980, 0.00275320
11981, 0.00275340
11982, 0.00275360
11983, 0.00275380
11984, 0.00275400
11985, 0.00275420
11986, 0.00275440
11987, 0.00275460
11988, 0.00275480
11989, 0.00275500
11990, 0.00275520
11991, 0.00275540
11992, 0.00275560
11993, 0.00275580
11994, 0.00275600
11995, 0.00275620
11996, 0.00275640
11997, 0.00275660
11998, 0.00275680
11999, 0.00275700
12000, 0.00275720
12001, 0.00275750
12002, 0.00275770
12003, 0.00275790
12004, 0.00275810
12005, 0.00275830
12006, 0.00275850
12007, 0.00275870
12008, 0.00275890
12009, 0.00275910
12010, 0.00275930
12011, 0.00275950
12012, 0.00275970
12013, 0.00275990
12014, 0.00276010
12015, 0.00276030
12016, 0.00276050
12017, 0.00276070
12018, 0.00276090
12019, 0.00276120
12020, 0.00276140
12021, 0.00276160
12022, 0.00276180
12023, 0.00276200
12024, 0.00276220
12025, 0.00276240
12026, 0.00276260
12027, 0.00276280
12028, 0.00276300
12029, 0.00276320
12030, 0.00276340
12031, 0.00276360
12032, 0.00276380
12033, 0.00276410
12034, 0.00276430
12035, 0.00276450
12036, 0.00276470
12037, 0.00276490
12038, 0.00276510
12039, 0.00276530
12040, 0.00276550
12041, 0.00276570
12042, 0.00276590
12043, 0.00276610
12044, 0.00276630
12045, 0.00276650
12046, 0.00276670
12047, 0.00276690
12048, 0.00276710
12049, 0.00276730
12050, 0.00276750
12051, 0.00276770
12052, 0.00276800
12053, 0.00276820
12054, 0.00276840
12055, 0.00276860
12056, 0.00276880
12057, 0.00276900
12058, 0.00276920
12059, 0.00276940
12060, 0.00276960
12061, 0.00276980
12062, 0.00277000
12063, 0.00277020
12064, 0.00277040
12065, 0.00277060
12066, 0.00277080
12067, 0.00277100
12068, 0.00277120
12069, 0.00277140
12070, 0.00277160
12071, 0.00277190
12072, 0.00277210
12073, 0.00277230
12074, 0.00277250
12075, 0.00277270
12076, 0.00277290
12077, 0.00277310
12078, 0.00277330
12079, 0.00277350
12080, 0.00277370
12081, 0.00277390
12082, 0.00277420
12083, 0.00277440
12084, 0.00277460
12085, 0.00277480
12086, 0.00277500
12087, 0.00277520
12088, 0.00277540
12089, 0.00277560
12090, 0.00277580
12091, 0.00277600
12092, 0.00277630
12093, 0.00277650
12094, 0.00277680
12095, 0.00277700
12096, 0.00277730
12097, 0.00277750
12098, 0.00277770
12099, 0.00277790
12100, 0.00277810
12101, 0.00277830
12102, 0.00277850
12103, 0.00277880
12104, 0.00277900
12105, 0.00277920
12106, 0.00277940
12107, 0.00277960
12108, 0.00277980
12109, 0.00278000
12110, 0.00278020
12111, 0.00278040
12112, 0.00278060
12113, 0.00278080
12114, 0.00278100
12115, 0.00278120
12116, 0.00278140
12117, 0.00278160
12118, 0.00278180
12119, 0.00278200
12120, 0.00278220
12121, 0.00278240
12122, 0.00278260
12123, 0.00278280
12124, 0.00278300
12125, 0.00278330
12126, 0.00278350
12127, 0.00278370
12128, 0.00278390
12129, 0.00278410
12130, 0.00278430
12131, 0.00278450
12132, 0.00278470
12133, 0.00278490
12134, 0.00278510
12135, 0.00278530
12136, 0.00278550
12137, 0.00278580
12138, 0.00278600
12139, 0.00278620
12140, 0.00278640
12141, 0.00278660
12142, 0.00278680
12143, 0.00278700
12144, 0.00278720
12145, 0.00278740
12146, 0.00278760
12147, 0.00278780
12148, 0.00278800
12149, 0.00278830
12150, 0.00278850
12151, 0.00278870
12152, 0.00278890
12153, 0.00278910
12154, 0.00278930
12155, 0.00278950
12156, 0.00278970
12157, 0.00278990
12158, 0.00279010
12159, 0.00279030
12160, 0.00279050
12161, 0.00279070
12162, 0.00279090
12163, 0.00279110
12164, 0.00279130
12165, 0.00279150
12166, 0.00279170
12167, 0.00279190
12168, 0.00279220
12169, 0.00279240
12170, 0.00279260
12171, 0.00279280
12172, 0.00279300
12173, 0.00279320
12174, 0.00279340
12175, 0.00279360
12176, 0.00279380
12177, 0.00279400
12178, 0.00279420
12179, 0.00279440
12180, 0.00279460
12181, 0.00279480
12182, 0.00279500
12183, 0.00279520
12184, 0.00279540
12185, 0.00279560
12186, 0.00279580
12187, 0.00279600
12188, 0.00279630
12189, 0.00279650
12190, 0.00279670
12191, 0.00279690
12192, 0.00279710
12193, 0.00279730
12194, 0.00279750
12195, 0.00279770
12196, 0.00279790
12197, 0.00279810
12198, 0.00279830
12199, 0.00279850
12200, 0.00279870
12201, 0.00279890
12202, 0.00279910
12203, 0.00279930
12204, 0.00279950
12205, 0.00279970
12206, 0.00279990
12207, 0.00280020
12208, 0.00280040
12209, 0.00280060
12210, 0.00280090
12211, 0.00280110
12212, 0.00280140
12213, 0.00280160
12214, 0.00280180
12215, 0.00280200
12216, 0.00280220
12217, 0.00280240
12218, 0.00280270
12219, 0.00280290
12220, 0.00280310
12221, 0.00280330
12222, 0.00280360
12223, 0.00280380
12224, 0.00280410
12225, 0.00280430
12226, 0.00280460
12227, 0.00280480
12228, 0.00280500
12229, 0.00280520
12230, 0.00280540
12231, 0.00280560
12232, 0.00280580
12233, 0.00280600
12234, 0.00280620
12235, 0.00280640
12236, 0.00280660
12237, 0.00280680
12238, 0.00280700
12239, 0.00280720
12240, 0.00280740
12241, 0.00280760
12242, 0.00280780
12243, 0.00280800
12244, 0.00280830
12245, 0.00280850
12246, 0.00280870
12247, 0.00280890
12248, 0.00280910
12249, 0.00280930
12250, 0.00280950
12251, 0.00280970
12252, 0.00280990
12253, 0.00281010
12254, 0.00281030
12255, 0.00281050
12256, 0.00281070
12257, 0.00281090
12258, 0.00281110
12259, 0.00281130
12260, 0.00281150
12261, 0.00281170
12262, 0.00281190
12263, 0.00281210
12264, 0.00281230
12265, 0.00281250
12266, 0.00281280
12267, 0.00281300
12268, 0.00281320
12269, 0.00281340
12270, 0.00281360
12271, 0.00281380
12272, 0.00281400
12273, 0.00281420
12274, 0.00281440
12275, 0.00281460
12276, 0.00281480
12277, 0.00281510
12278, 0.00281530
12279, 0.00281550
12280, 0.00281570
12281, 0.00281590
12282, 0.00281610
12283, 0.00281630
12284, 0.00281650
12285, 0.00281670
12286, 0.00281690
12287, 0.00281710
12288, 0.00281730
12289, 0.00281750
12290, 0.00281770
12291, 0.00281790
12292, 0.00281810
12293, 0.00281830
12294, 0.00281850
12295, 0.00281870
12296, 0.00281890
12297, 0.00281910
12298, 0.00281930
12299, 0.00281950
12300, 0.00281970
12301, 0.00281990
12302, 0.00282020
12303, 0.00282040
12304, 0.00282060
12305, 0.00282080
12306, 0.00282100
12307, 0.00282120
12308, 0.00282140
12309, 0.00282160
12310, 0.00282180
12311, 0.00282200
12312, 0.00282220
12313, 0.00282240
12314, 0.00282260
12315, 0.00282280
12316, 0.00282300
12317, 0.00282320
12318, 0.00282340
12319, 0.00282360
12320, 0.00282380
12321, 0.00282400
12322, 0.00282420
12323, 0.00282440
12324, 0.00282460
12325, 0.00282480
12326, 0.00282500
12327, 0.00282530
12328, 0.00282550
12329, 0.00282570
12330, 0.00282590
12331, 0.00282610
12332, 0.00282630
12333, 0.00282650
12334, 0.00282670
12335, 0.00282690
12336, 0.00282720
12337, 0.00282740
12338, 0.00282760
12339, 0.00282780
12340, 0.00282810
12341, 0.00282830
12342, 0.00282850
12343, 0.00282870
12344, 0.00282890
12345, 0.00282910
12346, 0.00282940
12347, 0.00282970
12348, 0.00282990
12349, 0.00283010
12350, 0.00283040
12351, 0.00283060
12352, 0.00283090
12353, 0.00283110
12354, 0.00283130
12355, 0.00283150
12356, 0.00283170
12357, 0.00283190
12358, 0.00283210
12359, 0.00283230
12360, 0.00283250
12361, 0.00283270
12362, 0.00283290
12363, 0.00283310
12364, 0.00283330
12365, 0.00283350
12366, 0.00283370
12367, 0.00283400
12368, 0.00283420
12369, 0.00283440
12370, 0.00283460
12371, 0.00283480
12372, 0.00283500
12373, 0.00283520
12374, 0.00283540
12375, 0.00283560
12376, 0.00283580
12377, 0.00283600
12378, 0.00283620
12379, 0.00283640
12380, 0.00283660
12381, 0.00283680
12382, 0.00283700
12383, 0.00283720
12384, 0.00283740
12385, 0.00283760
12386, 0.00283780
12387, 0.00283800
12388, 0.00283820
12389, 0.00283840
12390, 0.00283860
12391, 0.00283880
12392, 0.00283900
12393, 0.00283930
12394, 0.00283950
12395, 0.00283970
12396, 0.00283990
12397, 0.00284010
12398, 0.00284030
12399, 0.00284050
12400, 0.00284070
12401, 0.00284090
12402, 0.00284110
12403, 0.00284130
12404, 0.00284150
12405, 0.00284170
12406, 0.00284190
12407, 0.00284210
12408, 0.00284230
12409, 0.00284250
12410, 0.00284270
12411, 0.00284290
12412, 0.00284310
12413, 0.00284330
12414, 0.00284350
12415, 0.00284370
12416, 0.00284390
12417, 0.00284410
12418, 0.00284430
12419, 0.00284450
12420, 0.00284470
12421, 0.00284490
12422, 0.00284520
12423, 0.00284540
12424, 0.00284560
12425, 0.00284580
12426, 0.00284600
12427, 0.00284620
12428, 0.00284640
12429, 0.00284660
12430, 0.00284680
12431, 0.00284700
12432, 0.00284720
12433, 0.00284740
12434, 0.00284760
12435, 0.00284780
12436, 0.00284800
12437, 0.00284820
12438, 0.00284840
12439, 0.00284860
12440, 0.00284880
12441, 0.00284900
12442, 0.00284920
12443, 0.00284940
12444, 0.00284960
12445, 0.00284980
12446, 0.00285000
12447, 0.00285020
12448, 0.00285040
12449, 0.00285070
12450, 0.00285090
12451, 0.00285110
12452, 0.00285130
12453, 0.00285150
12454, 0.00285170
12455, 0.00285190
12456, 0.00285210
12457, 0.00285230
12458, 0.00285250
12459, 0.00285270
12460, 0.00285290
12461, 0.00285310
12462, 0.00285330
12463, 0.00285350
12464, 0.00285380
12465, 0.00285400
12466, 0.00285420
12467, 0.00285440
12468, 0.00285470
12469, 0.00285490
12470, 0.00285510
12471, 0.00285530
12472, 0.00285550
12473, 0.00285570
12474, 0.00285600
12475, 0.00285620
12476, 0.00285650
12477, 0.00285670
12478, 0.00285690
12479, 0.00285710
12480, 0.00285740
12481, 0.00285760
12482, 0.00285780
12483, 0.00285800
12484, 0.00285820
12485, 0.00285840
12486, 0.00285860
12487, 0.00285880
12488, 0.00285900
12489, 0.00285920
12490, 0.00285940
12491, 0.00285970
12492, 0.00285990
12493, 0.00286010
12494, 0.00286030
12495, 0.00286050
12496, 0.00286070
12497, 0.00286090
12498, 0.00286110
12499, 0.00286130
12500, 0.00286150
12501, 0.00286170
12502, 0.00286190
12503, 0.00286210
12504, 0.00286230
12505, 0.00286250
12506, 0.00286270
12507, 0.00286290
12508, 0.00286310
12509, 0.00286330
12510, 0.00286350
12511, 0.00286370
12512, 0.00286390
12513, 0.00286410
12514, 0.00286430
12515, 0.00286450
12516, 0.00286470
12517, 0.00286490
12518, 0.00286510
12519, 0.00286530
12520, 0.00286560
12521, 0.00286580
12522, 0.00286600
12523, 0.00286620
12524, 0.00286640
12525, 0.00286660
12526, 0.00286680
12527, 0.00286700
12528, 0.00286720
12529, 0.00286740
12530, 0.00286760
12531, 0.00286780
12532, 0.00286800
12533, 0.00286820
12534, 0.00286840
12535, 0.00286860
12536, 0.00286880
12537, 0.00286910
12538, 0.00286930
12539, 0.00286950
12540, 0.00286970
12541, 0.00286990
12542, 0.00287010
12543, 0.00287030
12544, 0.00287050
12545, 0.00287070
12546, 0.00287090
12547, 0.00287110
12548, 0.00287130
12549, 0.00287150
12550, 0.00287170
12551, 0.00287190
12552, 0.00287210
12553, 0.00287230
12554, 0.00287250
12555, 0.00287270
12556, 0.00287290
12557, 0.00287310
12558, 0.00287340
12559, 0.00287360
12560, 0.00287380
12561, 0.00287400
12562, 0.00287420
12563, 0.00287440
12564, 0.00287460
12565, 0.00287480
12566, 0.00287500
12567, 0.00287520
12568, 0.00287540
12569, 0.00287560
12570, 0.00287580
12571, 0.00287600
12572, 0.00287620
12573, 0.00287640
12574, 0.00287660
12575, 0.00287680
12576, 0.00287700
12577, 0.00287720
12578, 0.00287740
12579, 0.00287760
12580, 0.00287780
12581, 0.00287800
12582, 0.00287830
12583, 0.00287850
12584, 0.00287870
12585, 0.00287890
12586, 0.00287910
12587, 0.00287930
12588, 0.00287950
12589, 0.00287970
12590, 0.00287990
12591, 0.00288010
12592, 0.00288040
12593, 0.00288060
12594, 0.00288080
12595, 0.00288100
12596, 0.00288120
12597, 0.00288140
12598, 0.00288160
12599, 0.00288180
12600, 0.00288200
12601, 0.00288220
12602, 0.00288250
12603, 0.00288270
12604, 0.00288300
12605, 0.00288320
12606, 0.00288350
12607, 0.00288370
12608, 0.00288410
12609, 0.00288430
12610, 0.00288450
12611, 0.00288480
12612, 0.00288500
12613, 0.00288520
12614, 0.00288540
12615, 0.00288560
12616, 0.00288580
12617, 0.00288600
12618, 0.00288620
12619, 0.00288640
12620, 0.00288660
12621, 0.00288680
12622, 0.00288700
12623, 0.00288720
12624, 0.00288740
12625, 0.00288760
12626, 0.00288780
12627, 0.00288800
12628, 0.00288820
12629, 0.00288840
12630, 0.00288860
12631, 0.00288890
12632, 0.00288910
12633, 0.00288930
12634, 0.00288950
12635, 0.00288970
12636, 0.00288990
12637, 0.00289010
12638, 0.00289030
12639, 0.00289050
12640, 0.00289070
12641, 0.00289090
12642, 0.00289110
12643, 0.00289130
12644, 0.00289150
12645, 0.00289170
12646, 0.00289190
12647, 0.00289210
12648, 0.00289230
12649, 0.00289260
12650, 0.00289280
12651, 0.00289300
12652, 0.00289320
12653, 0.00289340
12654, 0.00289360
12655, 0.00289380
12656, 0.00289400
12657, 0.00289420
12658, 0.00289440
12659, 0.00289460
12660, 0.00289480
12661, 0.00289500
12662, 0.00289520
12663, 0.00289540
12664, 0.00289560
12665, 0.00289580
12666, 0.00289600
12667, 0.00289620
12668, 0.00289640
12669, 0.00289670
12670, 0.00289690
12671, 0.00289710
12672, 0.00289730
12673, 0.00289750
12674, 0.00289770
12675, 0.00289790
12676, 0.00289810
12677, 0.00289830
12678, 0.00289850
12679, 0.00289870
12680, 0.00289890
12681, 0.00289910
12682, 0.00289930
12683, 0.00289950
12684, 0.00289970
12685, 0.00289990
12686, 0.00290010
12687, 0.00290030
12688, 0.00290050
12689, 0.00290070
12690, 0.00290090
12691, 0.00290120
12692, 0.00290140
12693, 0.00290160
12694, 0.00290180
12695, 0.00290200
12696, 0.00290220
12697, 0.00290240
12698, 0.00290260
12699, 0.00290280
12700, 0.00290300
12701, 0.00290320
12702, 0.00290340
12703, 0.00290360
12704, 0.00290380
12705, 0.00290400
12706, 0.00290420
12707, 0.00290440
12708, 0.00290460
12709, 0.00290480
12710, 0.00290510
12711, 0.00290530
12712, 0.00290550
12713, 0.00290570
12714, 0.00290590
12715, 0.00290610
12716, 0.00290630
12717, 0.00290650
12718, 0.00290670
12719, 0.00290690
12720, 0.00291460
12721, 0.00291500
12722, 0.00291550
12723, 0.00291590
12724, 0.00291630
12725, 0.00291660
12726, 0.00291700
12727, 0.00291740
12728, 0.00291770
12729, 0.00291810
12730, 0.00291850
12731, 0.00291890
12732, 0.00291930
12733, 0.00291970
12734, 0.00292010
12735, 0.00292050
12736, 0.00292090
12737, 0.00292120
12738, 0.00292160
12739, 0.00292180
12740, 0.00292210
12741, 0.00292230
12742, 0.00292250
12743, 0.00292270
12744, 0.00292290
12745, 0.00292310
12746, 0.00292330
12747, 0.00292350
12748, 0.00292370
12749, 0.00292390
12750, 0.00292410
12751, 0.00292430
12752, 0.00292450
12753, 0.00292470
12754, 0.00292490
12755, 0.00292510
12756, 0.00292530
12757, 0.00292550
12758, 0.00292580
12759, 0.00292600
12760, 0.00292620
12761, 0.00292640
12762, 0.00292660
12763, 0.00292680
12764, 0.00292700
12765, 0.00292720
12766, 0.00292740
12767, 0.00292760
12768, 0.00292780
12769, 0.00292800
12770, 0.00292820
12771, 0.00292840
12772, 0.00292860
12773, 0.00292880
12774, 0.00292900
12775, 0.00292920
12776, 0.00292940
12777, 0.00292960
12778, 0.00292980
12779, 0.00293000
12780, 0.00293020
12781, 0.00293050
12782, 0.00293070
12783, 0.00293090
12784, 0.00293110
12785, 0.00293130
12786, 0.00293150
12787, 0.00293170
12788, 0.00293190
12789, 0.00293210
12790, 0.00293230
12791, 0.00293250
12792, 0.00293270
12793, 0.00293290
12794, 0.00293310
12795, 0.00293330
12796, 0.00293350
12797, 0.00293370
12798, 0.00293390
12799, 0.00293410
12800, 0.00293430
12801, 0.00293450
12802, 0.00293470
12803, 0.00293500
12804, 0.00293520
12805, 0.00293540
12806, 0.00293560
12807, 0.00293580
12808, 0.00293600
12809, 0.00293620
12810, 0.00293640
12811, 0.00293660
12812, 0.00293680
12813, 0.00293700
12814, 0.00293720
12815, 0.00293740
12816, 0.00293760
12817, 0.00293780
12818, 0.00293800
12819, 0.00293820
12820, 0.00293850
12821, 0.00293870
12822, 0.00293890
12823, 0.00293910
12824, 0.00293930
12825, 0.00293950
12826, 0.00293970
12827, 0.00293990
12828, 0.00294010
12829, 0.00294030
12830, 0.00294050
12831, 0.00294070
12832, 0.00294090
12833, 0.00294110
12834, 0.00294130
12835, 0.00294150
12836, 0.00294170
12837, 0.00294200
12838, 0.00294220
12839, 0.00294240
12840, 0.00294260
12841, 0.00294280
12842, 0.00294300
12843, 0.00294320
12844, 0.00294340
12845, 0.00294360
12846, 0.00294390
12847, 0.00294410
12848, 0.00294430
12849, 0.00294450
12850, 0.00294480
12851, 0.00294500
12852, 0.00294520
12853, 0.00294540
12854, 0.00294560
12855, 0.00294590
12856, 0.00294610
12857, 0.00294630
12858, 0.00294660
12859, 0.00294690
12860, 0.00294710
12861, 0.00294730
12862, 0.00294760
12863, 0.00294780
12864, 0.00294800
12865, 0.00294820
12866, 0.00294840
12867, 0.00294860
12868, 0.00294880
12869, 0.00294900
12870, 0.00294920
12871, 0.00294940
12872, 0.00294960
12873, 0.00294980
12874, 0.00295000
12875, 0.00295020
12876, 0.00295050
12877, 0.00295070
12878, 0.00295090
12879, 0.00295110
12880, 0.00295130
12881, 0.00295150
12882, 0.00295170
12883, 0.00295190
12884, 0.00295210
12885, 0.00295230
12886, 0.00295250
12887, 0.00295270
12888, 0.00295290
12889, 0.00295310
12890, 0.00295330
12891, 0.00295350
12892, 0.00295370
12893, 0.00295390
12894, 0.00295410
12895, 0.00295430
12896, 0.00295450
12897, 0.00295480
12898, 0.00295500
12899, 0.00295520
12900, 0.00295540
12901, 0.00295560
12902, 0.00295580
12903, 0.00295600
12904, 0.00295620
12905, 0.00295640
12906, 0.00295660
12907, 0.00295680
12908, 0.00295700
12909, 0.00295720
12910, 0.00295740
12911, 0.00295760
12912, 0.00295780
12913, 0.00295800
12914, 0.00295820
12915, 0.00295840
12916, 0.00295860
12917, 0.00295880
12918, 0.00295900
12919, 0.00295930
12920, 0.00295950
12921, 0.00295970
12922, 0.00295990
12923, 0.00296010
12924, 0.00296030
12925, 0.00296050
12926, 0.00296070
12927, 0.00296090
12928, 0.00296110
12929, 0.00296130
12930, 0.00296150
12931, 0.00296170
12932, 0.00296190
12933, 0.00296210
12934, 0.00296230
12935, 0.00296250
12936, 0.00296270
12937, 0.00296290
12938, 0.00296310
12939, 0.00296330
12940, 0.00296350
12941, 0.00296370
12942, 0.00296400
12943, 0.00296420
12944, 0.00296440
12945, 0.00296460
12946, 0.00296480
12947, 0.00296500
12948, 0.00296520
12949, 0.00296540
12950, 0.00296560
12951, 0.00296580
12952, 0.00296600
12953, 0.00296620
12954, 0.00296640
12955, 0.00296660
12956, 0.00296680
12957, 0.00296700
12958, 0.00296720
12959, 0.00296740
12960, 0.00296760
12961, 0.00296780
12962, 0.00296800
12963, 0.00296820
12964, 0.00296840
12965, 0.00296870
12966, 0.00296890
12967, 0.00296910
12968, 0.00296930
12969, 0.00296950
12970, 0.00296970
12971, 0.00296990
12972, 0.00297010
12973, 0.00297030
12974, 0.00297060
12975, 0.00297080
12976, 0.00297100
12977, 0.00297120
12978, 0.00297150
12979, 0.00297170
12980, 0.00297190
12981, 0.00297210
12982, 0.00297230
12983, 0.00297250
12984, 0.00297280
12985, 0.00297300
12986, 0.00297330
12987, 0.00297350
12988, 0.00297370
12989, 0.00297390
12990, 0.00297420
12991, 0.00297440
12992, 0.00297460
12993, 0.00297480
12994, 0.00297500
12995, 0.00297520
12996, 0.00297540
12997, 0.00297570
12998, 0.00297590
12999, 0.00297610
13000, 0.00297630
13001, 0.00297650
13002, 0.00297670
13003, 0.00297690
13004, 0.00297710
13005, 0.00297730
13006, 0.00297750
13007, 0.00297770
13008, 0.00297790
13009, 0.00297810
13010, 0.00297830
13011, 0.00297850
13012, 0.00297870
13013, 0.00297890
13014, 0.00297910
13015, 0.00297930
13016, 0.00297950
13017, 0.00297970
13018, 0.00298000
13019, 0.00298020
13020, 0.00298040
13021, 0.00298060
13022, 0.00298080
13023, 0.00298100
13024, 0.00298120
13025, 0.00298140
13026, 0.00298160
13027, 0.00298180
13028, 0.00298200
13029, 0.00298220
13030, 0.00298240
13031, 0.00298260
13032, 0.00298280
13033, 0.00298300
13034, 0.00298320
13035, 0.00298340
13036, 0.00298360
13037, 0.00298380
13038, 0.00298410
13039, 0.00298430
13040, 0.00298450
13041, 0.00298470
13042, 0.00298490
13043, 0.00298510
13044, 0.00298530
13045, 0.00298550
13046, 0.00298570
13047, 0.00298590
13048, 0.00298610
13049, 0.00298630
13050, 0.00298650
13051, 0.00298670
13052, 0.00298690
13053, 0.00298710
13054, 0.00298730
13055, 0.00298750
13056, 0.00298770
13057, 0.00298790
13058, 0.00298810
13059, 0.00298830
13060, 0.00298850
13061, 0.00298880
13062, 0.00298900
13063, 0.00298920
13064, 0.00298940
13065, 0.00298960
13066, 0.00298980
13067, 0.00299000
13068, 0.00299020
13069, 0.00299040
13070, 0.00299060
13071, 0.00299080
13072, 0.00299100
13073, 0.00299120
13074, 0.00299140
13075, 0.00299160
13076, 0.00299180
13077, 0.00299200
13078, 0.00299220
13079, 0.00299240
13080, 0.00299260
13081, 0.00299290
13082, 0.00299310
13083, 0.00299330
13084, 0.00299350
13085, 0.00299370
13086, 0.00299390
13087, 0.00299410
13088, 0.00299430
13089, 0.00299450
13090, 0.00299470
13091, 0.00299490
13092, 0.00299510
13093, 0.00299530
13094, 0.00299550
13095, 0.00299570
13096, 0.00299590
13097, 0.00299610
13098, 0.00299630
13099, 0.00299650
13100, 0.00299670
13101, 0.00299690
13102, 0.00299740
13103, 0.00299760
13104, 0.00299780
13105, 0.00299800
13106, 0.00299820
13107, 0.00299840
13108, 0.00299860
13109, 0.00299880
13110, 0.00299900
13111, 0.00299920
13112, 0.00299950
13113, 0.00299970
13114, 0.00300000
13115, 0.00300020
13116, 0.00300050
13117, 0.00300070
13118, 0.00300090
13119, 0.00300110
13120, 0.00300130
13121, 0.00300150
13122, 0.00300170
13123, 0.00300190
13124, 0.00300210
13125, 0.00300230
13126, 0.00300260
13127, 0.00300280
13128, 0.00300300
13129, 0.00300320
13130, 0.00300340
13131, 0.00300360
13132, 0.00300380
13133, 0.00300400
13134, 0.00300420
13135, 0.00300440
13136, 0.00300460
13137, 0.00300480
13138, 0.00300500
13139, 0.00300520
13140, 0.00300540
13141, 0.00300560
13142, 0.00300580
13143, 0.00300600
13144, 0.00300620
13145, 0.00300640
13146, 0.00300670
13147, 0.00300690
13148, 0.00300710
13149, 0.00300730
13150, 0.00300750
13151, 0.00300770
13152, 0.00300790
13153, 0.00300810
13154, 0.00300830
13155, 0.00300850
13156, 0.00300870
13157, 0.00300890
13158, 0.00300910
13159, 0.00300930
13160, 0.00300950
13161, 0.00300970
13162, 0.00300990
13163, 0.00301010
13164, 0.00301030
13165, 0.00301050
13166, 0.00301070
13167, 0.00301100
13168, 0.00301120
13169, 0.00301140
13170, 0.00301160
13171, 0.00301180
13172, 0.00301200
13173, 0.00301220
13174, 0.00301240
13175, 0.00301260
13176, 0.00301280
13177, 0.00301300
13178, 0.00301320
13179, 0.00301340
13180, 0.00301360
13181, 0.00301380
13182, 0.00301400
13183, 0.00301420
13184, 0.00301440
13185, 0.00301460
13186, 0.00301480
13187, 0.00301500
13188, 0.00301530
13189, 0.00301550
13190, 0.00301570
13191, 0.00301590
13192, 0.00301610
13193, 0.00301630
13194, 0.00301650
13195, 0.00301670
13196, 0.00301690
13197, 0.00301710
13198, 0.00301730
13199, 0.00301750
13200, 0.00301770
13201, 0.00301790
13202, 0.00301810
13203, 0.00301830
13204, 0.00301850
13205, 0.00301870
13206, 0.00301890
13207, 0.00301910
13208, 0.00301930
13209, 0.00301950
13210, 0.00301980
13211, 0.00302000
13212, 0.00302020
13213, 0.00302040
13214, 0.00302060
13215, 0.00302080
13216, 0.00302100
13217, 0.00302120
13218, 0.00302140
13219, 0.00302160
13220, 0.00302180
13221, 0.00302200
13222, 0.00302220
13223, 0.00302240
13224, 0.00302260
13225, 0.00302280
13226, 0.00302310
13227, 0.00302330
13228, 0.00302350
13229, 0.00302370
13230, 0.00302400
13231, 0.00302420
13232, 0.00302450
13233, 0.00302470
13234, 0.00302490
13235, 0.00302510
13236, 0.00302530
13237, 0.00302560
13238, 0.00302580
13239, 0.00302600
13240, 0.00302630
13241, 0.00302650
13242, 0.00302680
13243, 0.00302700
13244, 0.00302720
13245, 0.00302740
13246, 0.00302770
13247, 0.00302790
13248, 0.00302810
13249, 0.00302830
13250, 0.00302850
13251, 0.00302870
13252, 0.00302890
13253, 0.00302920
13254, 0.00302940
13255, 0.00302960
13256, 0.00302980
13257, 0.00303000
13258, 0.00303020
13259, 0.00303040
13260, 0.00303060
13261, 0.00303080
13262, 0.00303100
13263, 0.00303120
13264, 0.00303140
13265, 0.00303160
13266, 0.00303180
13267, 0.00303200
13268, 0.00303220
13269, 0.00303240
13270, 0.00303260
13271, 0.00303280
13272, 0.00303300
13273, 0.00303320
13274, 0.00303350
13275, 0.00303370
13276, 0.00303390
13277, 0.00303410
13278, 0.00303430
13279, 0.00303450
13280, 0.00303470
13281, 0.00303490
13282, 0.00303510
13283, 0.00303530
13284, 0.00303550
13285, 0.00303570
13286, 0.00303590
13287, 0.00303610
13288, 0.00303630
13289, 0.00303650
13290, 0.00303670
13291, 0.00303700
13292, 0.00303720
13293, 0.00303740
13294, 0.00303760
13295, 0.00303780
13296, 0.00303800
13297, 0.00303820
13298, 0.00303840
13299, 0.00303860
13300, 0.00303880
13301, 0.00303900
13302, 0.00303920
13303, 0.00303940
13304, 0.00303960
13305, 0.00303980
13306, 0.00304000
13307, 0.00304020
13308, 0.00304040
13309, 0.00304060
13310, 0.00304080
13311, 0.00304100
13312, 0.00304130
13313, 0.00304150
13314, 0.00304170
13315, 0.00304190
13316, 0.00304210
13317, 0.00304230
13318, 0.00304250
13319, 0.00304270
13320, 0.00304290
13321, 0.00304310
13322, 0.00304330
13323, 0.00304350
13324, 0.00304370
13325, 0.00304390
13326, 0.00304410
13327, 0.00304430
13328, 0.00304450
13329, 0.00304470
13330, 0.00304490
13331, 0.00304510
13332, 0.00304530
13333, 0.00304560
13334, 0.00304580
13335, 0.00304600
13336, 0.00304620
13337, 0.00304640
13338, 0.00304660
13339, 0.00304680
13340, 0.00304700
13341, 0.00304720
13342, 0.00304740
13343, 0.00304760
13344, 0.00304780
13345, 0.00304800
13346, 0.00304820
13347, 0.00304840
13348, 0.00304860
13349, 0.00304880
13350, 0.00304900
13351, 0.00304930
13352, 0.00304950
13353, 0.00304970
13354, 0.00304990
13355, 0.00305010
13356, 0.00305040
13357, 0.00305060
13358, 0.00305080
13359, 0.00305100
13360, 0.00305130
13361, 0.00305150
13362, 0.00305170
13363, 0.00305190
13364, 0.00305210
13365, 0.00305230
13366, 0.00305250
13367, 0.00305270
13368, 0.00305300
13369, 0.00305320
13370, 0.00305350
13371, 0.00305370
13372, 0.00305400
13373, 0.00305420
13374, 0.00305440
13375, 0.00305460
13376, 0.00305480
13377, 0.00305500
13378, 0.00305520
13379, 0.00305540
13380, 0.00305560
13381, 0.00305580
13382, 0.00305600
13383, 0.00305620
13384, 0.00305640
13385, 0.00305670
13386, 0.00305690
13387, 0.00305710
13388, 0.00305730
13389, 0.00305750
13390, 0.00305770
13391, 0.00305790
13392, 0.00305810
13393, 0.00305830
13394, 0.00305850
13395, 0.00305870
13396, 0.00305890
13397, 0.00305910
13398, 0.00305930
13399, 0.00305950
13400, 0.00305970
13401, 0.00305990
13402, 0.00306010
13403, 0.00306030
13404, 0.00306050
13405, 0.00306070
13406, 0.00306090
13407, 0.00306120
13408, 0.00306140
13409, 0.00306160
13410, 0.00306180
13411, 0.00306200
13412, 0.00306220
13413, 0.00306240
13414, 0.00306260
13415, 0.00306280
13416, 0.00306300
13417, 0.00306320
13418, 0.00306340
13419, 0.00306360
13420, 0.00306380
13421, 0.00306400
13422, 0.00306420
13423, 0.00306440
13424, 0.00306460
13425, 0.00306480
13426, 0.00306500
13427, 0.00306520
13428, 0.00306540
13429, 0.00306570
13430, 0.00306590
13431, 0.00306610
13432, 0.00306630
13433, 0.00306650
13434, 0.00306670
13435, 0.00306690
13436, 0.00306710
13437, 0.00306730
13438, 0.00306750
13439, 0.00306770
13440, 0.00306790
13441, 0.00306810
13442, 0.00306830
13443, 0.00306850
13444, 0.00306870
13445, 0.00306890
13446, 0.00306910
13447, 0.00306930
13448, 0.00306950
13449, 0.00306970
13450, 0.00307000
13451, 0.00307020
13452, 0.00307040
13453, 0.00307060
13454, 0.00307080
13455, 0.00307100
13456, 0.00307120
13457, 0.00307140
13458, 0.00307160
13459, 0.00307180
13460, 0.00307200
13461, 0.00307220
13462, 0.00307240
13463, 0.00307260
13464, 0.00307280
13465, 0.00307300
13466, 0.00307320
13467, 0.00307340
13468, 0.00307360
13469, 0.00307380
13470, 0.00307400
13471, 0.00307430
13472, 0.00307450
13473, 0.00307470
13474, 0.00307490
13475, 0.00307510
13476, 0.00307530
13477, 0.00307550
13478, 0.00307570
13479, 0.00307590
13480, 0.00307610
13481, 0.00307630
13482, 0.00307650
13483, 0.00307670
13484, 0.00307700
13485, 0.00307720
13486, 0.00307740
13487, 0.00307760
13488, 0.00307790
13489, 0.00307810
13490, 0.00307830
13491, 0.00307850
13492, 0.00307870
13493, 0.00307890
13494, 0.00307920
13495, 0.00307940
13496, 0.00307960
13497, 0.00307990
13498, 0.00308030
13499, 0.00308050
13500, 0.00308080
13501, 0.00308100
13502, 0.00308120
13503, 0.00308140
13504, 0.00308160
13505, 0.00308180
13506, 0.00308200
13507, 0.00308220
13508, 0.00308240
13509, 0.00308260
13510, 0.00308280
13511, 0.00308300
13512, 0.00308330
13513, 0.00308350
13514, 0.00308370
13515, 0.00308390
13516, 0.00308410
13517, 0.00308430
13518, 0.00308450
13519, 0.00308470
13520, 0.00308490
13521, 0.00308510
13522, 0.00308530
13523, 0.00308550
13524, 0.00308570
13525, 0.00308590
13526, 0.00308610
13527, 0.00308630
13528, 0.00308650
13529, 0.00308670
13530, 0.00308690
13531, 0.00308710
13532, 0.00308730
13533, 0.00308760
13534, 0.00308780
13535, 0.00308800
13536, 0.00308820
13537, 0.00308840
13538, 0.00308860
13539, 0.00308880
13540, 0.00308900
13541, 0.00308920
13542, 0.00308940
13543, 0.00308960
13544, 0.00308980
13545, 0.00309000
13546, 0.00309020
13547, 0.00309040
13548, 0.00309060
13549, 0.00309080
13550, 0.00309100
13551, 0.00309120
13552, 0.00309140
13553, 0.00309160
13554, 0.00309180
13555, 0.00309200
13556, 0.00309230
13557, 0.00309250
13558, 0.00309270
13559, 0.00309290
13560, 0.00309310
13561, 0.00309330
13562, 0.00309350
13563, 0.00309370
13564, 0.00309390
13565, 0.00309410
13566, 0.00309430
13567, 0.00309450
13568, 0.00309470
13569, 0.00309490
13570, 0.00309510
13571, 0.00309530
13572, 0.00309550
13573, 0.00309570
13574, 0.00309590
13575, 0.00309610
13576, 0.00309630
13577, 0.00309660
13578, 0.00309680
13579, 0.00309700
13580, 0.00309720
13581, 0.00309740
13582, 0.00309760
13583, 0.00309780
13584, 0.00309800
13585, 0.00309820
13586, 0.00309840
13587, 0.00309860
13588, 0.00309880
13589, 0.00309900
13590, 0.00309920
13591, 0.00309940
13592, 0.00309960
13593, 0.00309980
13594, 0.00310000
13595, 0.00310020
13596, 0.00310040
13597, 0.00310060
13598, 0.00310090
13599, 0.00310110
13600, 0.00310130
13601, 0.00310150
13602, 0.00310170
13603, 0.00310190
13604, 0.00310210
13605, 0.00310230
13606, 0.00310250
13607, 0.00310270
13608, 0.00310290
13609, 0.00310310
13610, 0.00310330
13611, 0.00310350
13612, 0.00310380
13613, 0.00310400
13614, 0.00310420
13615, 0.00310440
13616, 0.00310460
13617, 0.00310490
13618, 0.00310510
13619, 0.00310530
13620, 0.00310550
13621, 0.00310570
13622, 0.00310590
13623, 0.00310620
13624, 0.00310640
13625, 0.00310660
13626, 0.00310690
13627, 0.00310710
13628, 0.00310740
13629, 0.00310760
13630, 0.00310780
13631, 0.00310800
13632, 0.00310820
13633, 0.00310840
13634, 0.00310860
13635, 0.00310880
13636, 0.00310900
13637, 0.00310930
13638, 0.00310950
13639, 0.00310970
13640, 0.00310990
13641, 0.00311010
13642, 0.00311030
13643, 0.00311050
13644, 0.00311070
13645, 0.00311090
13646, 0.00311110
13647, 0.00311130
13648, 0.00311150
13649, 0.00311170
13650, 0.00311190
13651, 0.00311210
13652, 0.00311230
13653, 0.00311250
13654, 0.00311270
13655, 0.00311290
13656, 0.00311310
13657, 0.00311340
13658, 0.00311360
13659, 0.00311380
13660, 0.00311400
13661, 0.00311420
13662, 0.00311440
13663, 0.00311460
13664, 0.00311480
13665, 0.00311500
13666, 0.00311520
13667, 0.00311540
13668, 0.00311560
13669, 0.00311580
13670, 0.00311600
13671, 0.00311620
13672, 0.00311640
13673, 0.00311660
13674, 0.00311680
13675, 0.00311700
13676, 0.00311720
13677, 0.00311740
13678, 0.00311770
13679, 0.00311790
13680, 0.00311810
13681, 0.00311830
13682, 0.00311850
13683, 0.00311870
13684, 0.00311890
13685, 0.00311910
13686, 0.00311930
13687, 0.00311950
13688, 0.00311970
13689, 0.00311990
13690, 0.00312010
13691, 0.00312030
13692, 0.00312050
13693, 0.00312070
13694, 0.00312090
13695, 0.00312110
13696, 0.00312130
13697, 0.00312150
13698, 0.00312170
13699, 0.00312200
13700, 0.00312220
13701, 0.00312240
13702, 0.00312260
13703, 0.00312280
13704, 0.00312300
13705, 0.00312320
13706, 0.00312340
13707, 0.00312360
13708, 0.00312380
13709, 0.00312400
13710, 0.00312420
13711, 0.00312440
13712, 0.00312460
13713, 0.00312480
13714, 0.00312500
13715, 0.00312520
13716, 0.00312540
13717, 0.00312560
13718, 0.00312580
13719, 0.00312600
13720, 0.00312620
13721, 0.00312650
13722, 0.00312670
13723, 0.00312690
13724, 0.00312710
13725, 0.00312730
13726, 0.00312750
13727, 0.00312770
13728, 0.00312790
13729, 0.00312810
13730, 0.00312830
13731, 0.00312850
13732, 0.00312870
13733, 0.00312890
13734, 0.00312910
13735, 0.00312930
13736, 0.00312950
13737, 0.00312970
13738, 0.00312990
13739, 0.00313020
13740, 0.00313050
13741, 0.00313070
13742, 0.00313100
13743, 0.00313120
13744, 0.00313140
13745, 0.00313160
13746, 0.00313180
13747, 0.00313200
13748, 0.00313230
13749, 0.00313250
13750, 0.00313270
13751, 0.00313300
13752, 0.00313320
13753, 0.00313340
13754, 0.00313390
13755, 0.00313410
13756, 0.00313430
13757, 0.00313450
13758, 0.00313470
13759, 0.00313490
13760, 0.00313510
13761, 0.00313540
13762, 0.00313560
13763, 0.00313580
13764, 0.00313600
13765, 0.00313620
13766, 0.00313640
13767, 0.00313660
13768, 0.00313680
13769, 0.00313700
13770, 0.00313720
13771, 0.00313740
13772, 0.00313760
13773, 0.00313780
13774, 0.00313800
13775, 0.00313820
13776, 0.00313840
13777, 0.00313860
13778, 0.00313880
13779, 0.00313900
13780, 0.00313920
13781, 0.00313950
13782, 0.00313970
13783, 0.00313990
13784, 0.00314010
13785, 0.00314030
13786, 0.00314050
13787, 0.00314070
13788, 0.00314090
13789, 0.00314110
13790, 0.00314130
13791, 0.00314150
13792, 0.00314170
13793, 0.00314190
13794, 0.00314210
13795, 0.00314230
13796, 0.00314250
13797, 0.00314270
13798, 0.00314290
13799, 0.00314310
13800, 0.00314330
13801, 0.00314360
13802, 0.00314380
13803, 0.00314400
13804, 0.00314420
13805, 0.00314440
13806, 0.00314460
13807, 0.00314480
13808, 0.00314500
13809, 0.00314520
13810, 0.00314540
13811, 0.00314560
13812, 0.00314580
13813, 0.00314600
13814, 0.00314620
13815, 0.00314640
13816, 0.00314660
13817, 0.00314680
13818, 0.00314700
13819, 0.00314720
13820, 0.00314740
13821, 0.00314770
13822, 0.00314790
13823, 0.00314810
13824, 0.00314830
13825, 0.00314850
13826, 0.00314870
13827, 0.00314890
13828, 0.00314910
13829, 0.00314930
13830, 0.00314950
13831, 0.00314970
13832, 0.00314990
13833, 0.00315010
13834, 0.00315030
13835, 0.00315050
13836, 0.00315070
13837, 0.00315090
13838, 0.00315110
13839, 0.00315130
13840, 0.00315150
13841, 0.00315170
13842, 0.00315190
13843, 0.00315220
13844, 0.00315240
13845, 0.00315260
13846, 0.00315280
13847, 0.00315300
13848, 0.00315320
13849, 0.00315340
13850, 0.00315360
13851, 0.00315380
13852, 0.00315400
13853, 0.00315420
13854, 0.00315440
13855, 0.00315460
13856, 0.00315480
13857, 0.00315500
13858, 0.00315520
13859, 0.00315540
13860, 0.00315560
13861, 0.00315580
13862, 0.00315600
13863, 0.00315620
13864, 0.00315640
13865, 0.00315660
13866, 0.00315700
13867, 0.00315720
13868, 0.00315740
13869, 0.00315760
13870, 0.00315780
13871, 0.00315800
13872, 0.00315820
13873, 0.00315840
13874, 0.00315860
13875, 0.00315880
13876, 0.00315910
13877, 0.00315930
13878, 0.00315960
13879, 0.00315980
13880, 0.00316010
13881, 0.00316030
13882, 0.00316050
13883, 0.00316070
13884, 0.00316090
13885, 0.00316110
13886, 0.00316130
13887, 0.00316160
13888, 0.00316180
13889, 0.00316200
13890, 0.00316220
13891, 0.00316240
13892, 0.00316260
13893, 0.00316280
13894, 0.00316300
13895, 0.00316320
13896, 0.00316340
13897, 0.00316360
13898, 0.00316380
13899, 0.00316400
13900, 0.00316420
13901, 0.00316440
13902, 0.00316460
13903, 0.00316480
13904, 0.00316500
13905, 0.00316520
13906, 0.00316540
13907, 0.00316560
13908, 0.00316580
13909, 0.00316600
13910, 0.00316630
13911, 0.00316650
13912, 0.00316670
13913, 0.00316690
13914, 0.00316710
13915, 0.00316730
13916, 0.00316750
13917, 0.00316770
13918, 0.00316790
13919, 0.00316810
13920, 0.00316830
13921, 0.00316850
13922, 0.00316870
13923, 0.00316890
13924, 0.00316910
13925, 0.00316930
13926, 0.00316950
13927, 0.00316970
13928, 0.00316990
13929, 0.00317010
13930, 0.00317030
13931, 0.00317060
13932, 0.00317080
13933, 0.00317100
13934, 0.00317120
13935, 0.00317150
13936, 0.00317170
13937, 0.00317190
13938, 0.00317220
13939, 0.00317240
13940, 0.00317260
13941, 0.00317280
13942, 0.00317300
13943, 0.00317320
13944, 0.00317340
13945, 0.00317360
13946, 0.00317380
13947, 0.00317400
13948, 0.00317420
13949, 0.00317440
13950, 0.00317460
13951, 0.00317480
13952, 0.00317510
13953, 0.00317530
13954, 0.00317550
13955, 0.00317570
13956, 0.00317590
13957, 0.00317610
13958, 0.00317630
13959, 0.00317650
13960, 0.00317670
13961, 0.00317690
13962, 0.00317710
13963, 0.00317730
13964, 0.00317750
13965, 0.00317770
13966, 0.00317790
13967, 0.00317810
13968, 0.00317830
13969, 0.00317850
13970, 0.00317870
13971, 0.00317900
13972, 0.00317920
13973, 0.00317940
13974, 0.00317960
13975, 0.00317980
13976, 0.00318000
13977, 0.00318020
13978, 0.00318040
13979, 0.00318060
13980, 0.00318080
13981, 0.00318100
13982, 0.00318120
13983, 0.00318140
13984, 0.00318160
13985, 0.00318180
13986, 0.00318200
13987, 0.00318220
13988, 0.00318240
13989, 0.00318260
13990, 0.00318280
13991, 0.00318300
13992, 0.00318330
13993, 0.00318350
13994, 0.00318370
13995, 0.00318400
13996, 0.00318420
13997, 0.00318440
13998, 0.00318460
13999, 0.00318480
14000, 0.00318500
14001, 0.00318520
14002, 0.00318540
14003, 0.00318560
14004, 0.00318590
14005, 0.00318610
14006, 0.00318640
14007, 0.00318660
14008, 0.00318680
14009, 0.00318700
14010, 0.00318730
14011, 0.00318750
14012, 0.00318770
14013, 0.00318790
14014, 0.00318810
14015, 0.00318830
14016, 0.00318850
14017, 0.00318870
14018, 0.00318890
14019, 0.00318920
14020, 0.00318940
14021, 0.00318960
14022, 0.00318980
14023, 0.00319000
14024, 0.00319020
14025, 0.00319040
14026, 0.00319060
14027, 0.00319080
14028, 0.00319100
14029, 0.00319120
14030, 0.00319140
14031, 0.00319160
14032, 0.00319180
14033, 0.00319200
14034, 0.00319220
14035, 0.00319240
14036, 0.00319260
14037, 0.00319280
14038, 0.00319300
14039, 0.00319320
14040, 0.00319340
14041, 0.00319370
14042, 0.00319390
14043, 0.00319410
14044, 0.00319430
14045, 0.00319450
14046, 0.00319470
14047, 0.00319490
14048, 0.00319510
14049, 0.00319530
14050, 0.00319550
14051, 0.00319570
14052, 0.00319590
14053, 0.00319610
14054, 0.00319630
14055, 0.00319650
14056, 0.00319670
14057, 0.00319690
14058, 0.00319710
14059, 0.00319730
14060, 0.00319750
14061, 0.00319770
14062, 0.00319790
14063, 0.00319810
14064, 0.00319830
14065, 0.00319850
14066, 0.00319880
14067, 0.00319900
14068, 0.00319920
14069, 0.00319940
14070, 0.00319960
14071, 0.00319980
14072, 0.00320000
14073, 0.00320020
14074, 0.00320040
14075, 0.00320060
14076, 0.00320080
14077, 0.00320100
14078, 0.00320120
14079, 0.00320140
14080, 0.00320160
14081, 0.00320180
14082, 0.00320210
14083, 0.00320230
14084, 0.00320250
14085, 0.00320270
14086, 0.00320290
14087, 0.00320310
14088, 0.00320330
14089, 0.00320350
14090, 0.00320370
14091, 0.00320390
14092, 0.00320410
14093, 0.00320430
14094, 0.00320450
14095, 0.00320470
14096, 0.00320490
14097, 0.00320510
14098, 0.00320530
14099, 0.00320560
14100, 0.00320580
14101, 0.00320600
14102, 0.00320620
14103, 0.00320640
14104, 0.00320660
14105, 0.00320680
14106, 0.00320700
14107, 0.00320720
14108, 0.00320740
14109, 0.00320760
14110, 0.00320780
14111, 0.00320800
14112, 0.00320820
14113, 0.00320840
14114, 0.00320860
14115, 0.00320880
14116, 0.00320900
14117, 0.00320920
14118, 0.00320950
14119, 0.00320970
14120, 0.00320990
14121, 0.00321010
14122, 0.00321040
14123, 0.00321060
14124, 0.00321080
14125, 0.00321100
14126, 0.00321120
14127, 0.00321140
14128, 0.00321160
14129, 0.00321180
14130, 0.00321200
14131, 0.00321220
14132, 0.00321250
14133, 0.00321270
14134, 0.00321290
14135, 0.00321310
14136, 0.00321340
14137, 0.00321360
14138, 0.00321390
14139, 0.00321410
14140, 0.00321430
14141, 0.00321450
14142, 0.00321470
14143, 0.00321490
14144, 0.00321510
14145, 0.00321530
14146, 0.00321550
14147, 0.00321570
14148, 0.00321590
14149, 0.00321610
14150, 0.00321630
14151, 0.00321650
14152, 0.00321680
14153, 0.00321700
14154, 0.00321720
14155, 0.00321740
14156, 0.00321760
14157, 0.00321780
14158, 0.00321800
14159, 0.00321820
14160, 0.00321840
14161, 0.00321860
14162, 0.00321880
14163, 0.00321900
14164, 0.00321920
14165, 0.00321940
14166, 0.00321960
14167, 0.00321980
14168, 0.00322000
14169, 0.00322020
14170, 0.00322040
14171, 0.00322060
14172, 0.00322080
14173, 0.00322100
14174, 0.00322120
14175, 0.00322150
14176, 0.00322170
14177, 0.00322190
14178, 0.00322210
14179, 0.00322230
14180, 0.00322250
14181, 0.00322270
14182, 0.00322290
14183, 0.00322310
14184, 0.00322330
14185, 0.00322350
14186, 0.00322370
14187, 0.00322390
14188, 0.00322410
14189, 0.00322430
14190, 0.00322450
14191, 0.00322470
14192, 0.00322490
14193, 0.00322510
14194, 0.00322530
14195, 0.00322550
14196, 0.00322570
14197, 0.00322600
14198, 0.00322620
14199, 0.00322640
14200, 0.00322660
14201, 0.00322680
14202, 0.00322700
14203, 0.00322720
14204, 0.00322740
14205, 0.00322760
14206, 0.00322780
14207, 0.00322800
14208, 0.00322820
14209, 0.00322840
14210, 0.00322860
14211, 0.00322880
14212, 0.00322900
14213, 0.00322920
14214, 0.00322940
14215, 0.00322960
14216, 0.00322980
14217, 0.00323000
14218, 0.00323030
14219, 0.00323050
14220, 0.00323070
14221, 0.00323090
14222, 0.00323110
14223, 0.00323130
14224, 0.00323150
14225, 0.00323170
14226, 0.00323190
14227, 0.00323210
14228, 0.00323230
14229, 0.00323250
14230, 0.00323270
14231, 0.00323290
14232, 0.00323310
14233, 0.00323330
14234, 0.00323350
14235, 0.00323370
14236, 0.00323390
14237, 0.00323410
14238, 0.00323430
14239, 0.00323450
14240, 0.00323480
14241, 0.00323500
14242, 0.00323520
14243, 0.00323540
14244, 0.00323560
14245, 0.00323580
14246, 0.00323600
14247, 0.00323620
14248, 0.00323640
14249, 0.00323660
14250, 0.00323700
14251, 0.00323720
14252, 0.00323750
14253, 0.00323770
14254, 0.00323790
14255, 0.00323810
14256, 0.00323830
14257, 0.00323850
14258, 0.00323870
14259, 0.00323890
14260, 0.00323920
14261, 0.00323940
14262, 0.00323980
14263, 0.00324000
14264, 0.00324030
14265, 0.00324050
14266, 0.00324080
14267, 0.00324100
14268, 0.00324120
14269, 0.00324140
14270, 0.00324160
14271, 0.00324180
14272, 0.00324200
14273, 0.00324220
14274, 0.00324240
14275, 0.00324260
14276, 0.00324280
14277, 0.00324300
14278, 0.00324320
14279, 0.00324340
14280, 0.00324360
14281, 0.00324380
14282, 0.00324400
14283, 0.00324420
14284, 0.00324450
14285, 0.00324470
14286, 0.00324490
14287, 0.00324510
14288, 0.00324530
14289, 0.00324550
14290, 0.00324570
14291, 0.00324590
14292, 0.00324610
14293, 0.00324630
14294, 0.00324650
14295, 0.00324670
14296, 0.00324690
14297, 0.00324710
14298, 0.00324730
14299, 0.00324750
14300, 0.00324770
14301, 0.00324790
14302, 0.00324810
14303, 0.00324830
14304, 0.00324850
14305, 0.00324870
14306, 0.00324890
14307, 0.00324920
14308, 0.00324940
14309, 0.00324960
14310, 0.00324980
14311, 0.00325000
14312, 0.00325020
14313, 0.00325040
14314, 0.00325060
14315, 0.00325080
14316, 0.00325100
14317, 0.00325120
14318, 0.00325140
14319, 0.00325160
14320, 0.00325180
14321, 0.00325200
14322, 0.00325220
14323, 0.00325240
14324, 0.00325260
14325, 0.00325280
14326, 0.00325300
14327, 0.00325320
14328, 0.00325340
14329, 0.00325370
14330, 0.00325390
14331, 0.00325410
14332, 0.00325430
14333, 0.00325450
14334, 0.00325470
14335, 0.00325490
14336, 0.00325510
14337, 0.00325530
14338, 0.00325550
14339, 0.00325570
14340, 0.00325590
14341, 0.00325610
14342, 0.00325630
14343, 0.00325650
14344, 0.00325670
14345, 0.00325690
14346, 0.00325710
14347, 0.00325730
14348, 0.00325750
14349, 0.00325770
14350, 0.00325790
14351, 0.00325810
14352, 0.00325840
14353, 0.00325860
14354, 0.00325880
14355, 0.00325900
14356, 0.00325920
14357, 0.00325940
14358, 0.00325960
14359, 0.00325980
14360, 0.00326000
14361, 0.00326020
14362, 0.00326040
14363, 0.00326060
14364, 0.00326080
14365, 0.00326100
14366, 0.00326120
14367, 0.00326140
14368, 0.00326160
14369, 0.00326190
14370, 0.00326210
14371, 0.00326230
14372, 0.00326250
14373, 0.00326270
14374, 0.00326290
14375, 0.00326310
14376, 0.00326340
14377, 0.00326360
14378, 0.00326380
14379, 0.00326400
14380, 0.00326430
14381, 0.00326450
14382, 0.00326470
14383, 0.00326490
14384, 0.00326510
14385, 0.00326530
14386, 0.00326560
14387, 0.00326580
14388, 0.00326610
14389, 0.00326630
14390, 0.00326660
14391, 0.00326680
14392, 0.00326710
14393, 0.00326730
14394, 0.00326750
14395, 0.00326770
14396, 0.00326790
14397, 0.00326810
14398, 0.00326830
14399, 0.00326850
14400, 0.00326870
14401, 0.00326890
14402, 0.00326910
14403, 0.00326930
14404, 0.00326950
14405, 0.00326970
14406, 0.00326990
14407, 0.00327010
14408, 0.00327030
14409, 0.00327050
14410, 0.00327080
14411, 0.00327100
14412, 0.00327120
14413, 0.00327140
14414, 0.00327160
14415, 0.00327180
14416, 0.00327200
14417, 0.00327220
14418, 0.00327240
14419, 0.00327260
14420, 0.00327280
14421, 0.00327300
14422, 0.00327320
14423, 0.00327340
14424, 0.00327360
14425, 0.00327380
14426, 0.00327400
14427, 0.00327420
14428, 0.00327440
14429, 0.00327460
14430, 0.00327480
14431, 0.00327510
14432, 0.00327530
14433, 0.00327550
14434, 0.00327570
14435, 0.00327590
14436, 0.00327610
14437, 0.00327630
14438, 0.00327650
14439, 0.00327670
14440, 0.00327690
14441, 0.00327710
14442, 0.00327730
14443, 0.00327750
14444, 0.00327770
14445, 0.00327790
14446, 0.00327810
14447, 0.00327830
14448, 0.00327850
14449, 0.00327870
14450, 0.00327890
14451, 0.00327910
14452, 0.00327940
14453, 0.00327960
14454, 0.00327980
14455, 0.00328000
14456, 0.00328020
14457, 0.00328040
14458, 0.00328060
14459, 0.00328080
14460, 0.00328100
14461, 0.00328120
14462, 0.00328140
14463, 0.00328160
14464, 0.00328180
14465, 0.00328200
14466, 0.00328220
14467, 0.00328240
14468, 0.00328260
14469, 0.00328280
14470, 0.00328300
14471, 0.00328330
14472, 0.00328350
14473, 0.00328370
14474, 0.00328390
14475, 0.00328410
14476, 0.00328430
14477, 0.00328450
14478, 0.00328470
14479, 0.00328490
14480, 0.00328510
14481, 0.00328530
14482, 0.00328550
14483, 0.00328570
14484, 0.00328590
14485, 0.00328610
14486, 0.00328630
14487, 0.00328650
14488, 0.00328670
14489, 0.00328690
14490, 0.00328710
14491, 0.00328730
14492, 0.00328750
14493, 0.00328770
14494, 0.00328790
14495, 0.00328820
14496, 0.00328840
14497, 0.00328860
14498, 0.00328880
14499, 0.00328900
14500, 0.00328920
14501, 0.00328940
14502, 0.00328960
14503, 0.00328980
14504, 0.00329030
14505, 0.00329050
14506, 0.00329070
14507, 0.00329090
14508, 0.00329120
14509, 0.00329140
14510, 0.00329160
14511, 0.00329180
14512, 0.00329200
14513, 0.00329220
14514, 0.00329250
14515, 0.00329270
14516, 0.00329300
14517, 0.00329320
14518, 0.00329350
14519, 0.00329370
14520, 0.00329390
14521, 0.00329410
14522, 0.00329430
14523, 0.00329450
14524, 0.00329480
14525, 0.00329500
14526, 0.00329520
14527, 0.00329540
14528, 0.00329560
14529, 0.00329580
14530, 0.00329600
14531, 0.00329620
14532, 0.00329640
14533, 0.00329660
14534, 0.00329680
14535, 0.00329700
14536, 0.00329720
14537, 0.00329740
14538, 0.00329760
14539, 0.00329780
14540, 0.00329800
14541, 0.00329820
14542, 0.00329840
14543, 0.00329860
14544, 0.00329880
14545, 0.00329910
14546, 0.00329930
14547, 0.00329950
14548, 0.00329970
14549, 0.00329990
14550, 0.00330010
14551, 0.00330030
14552, 0.00330050
14553, 0.00330070
14554, 0.00330090
14555, 0.00330110
14556, 0.00330130
14557, 0.00330150
14558, 0.00330170
14559, 0.00330190
14560, 0.00330210
14561, 0.00330230
14562, 0.00330250
14563, 0.00330270
14564, 0.00330290
14565, 0.00330320
14566, 0.00330340
14567, 0.00330360
14568, 0.00330380
14569, 0.00330400
14570, 0.00330420
14571, 0.00330440
14572, 0.00330460
14573, 0.00330480
14574, 0.00330500
14575, 0.00330520
14576, 0.00330540
14577, 0.00330560
14578, 0.00330580
14579, 0.00330600
14580, 0.00330620
14581, 0.00330640
14582, 0.00330660
14583, 0.00330680
14584, 0.00330710
14585, 0.00330730
14586, 0.00330750
14587, 0.00330770
14588, 0.00330790
14589, 0.00330810
14590, 0.00330830
14591, 0.00330850
14592, 0.00330870
14593, 0.00330890
14594, 0.00330910
14595, 0.00330930
14596, 0.00330950
14597, 0.00330970
14598, 0.00330990
14599, 0.00331010
14600, 0.00331030
14601, 0.00331050
14602, 0.00331070
14603, 0.00331090
14604, 0.00331110
14605, 0.00331140
14606, 0.00331160
14607, 0.00331180
14608, 0.00331200
14609, 0.00331220
14610, 0.00331240
14611, 0.00331260
14612, 0.00331280
14613, 0.00331300
14614, 0.00331320
14615, 0.00331340
14616, 0.00331360
14617, 0.00331380
14618, 0.00331400
14619, 0.00331420
14620, 0.00331440
14621, 0.00331460
14622, 0.00331480
14623, 0.00331500
14624, 0.00331520
14625, 0.00331550
14626, 0.00331570
14627, 0.00331590
14628, 0.00331610
14629, 0.00331630
14630, 0.00331650
14631, 0.00331670
14632, 0.00331710
14633, 0.00331740
14634, 0.00331760
14635, 0.00331780
14636, 0.00331800
14637, 0.00331820
14638, 0.00331840
14639, 0.00331860
14640, 0.00331880
14641, 0.00331900
14642, 0.00331920
14643, 0.00331940
14644, 0.00331970
14645, 0.00331990
14646, 0.00332020
14647, 0.00332040
14648, 0.00332070
14649, 0.00332090
14650, 0.00332110
14651, 0.00332130
14652, 0.00332150
14653, 0.00332170
14654, 0.00332190
14655, 0.00332210
14656, 0.00332230
14657, 0.00332250
14658, 0.00332270
14659, 0.00332290
14660, 0.00332310
14661, 0.00332330
14662, 0.00332350
14663, 0.00332370
14664, 0.00332390
14665, 0.00332410
14666, 0.00332430
14667, 0.00332450
14668, 0.00332480
14669, 0.00332500
14670, 0.00332520
14671, 0.00332540
14672, 0.00332560
14673, 0.00332580
14674, 0.00332600
14675, 0.00332620
14676, 0.00332640
14677, 0.00332660
14678, 0.00332680
14679, 0.00332700
14680, 0.00332720
14681, 0.00332740
14682, 0.00332760
14683, 0.00332780
14684, 0.00332800
14685, 0.00332820
14686, 0.00332840
14687, 0.00332860
14688, 0.00332880
14689, 0.00332900
14690, 0.00332920
14691, 0.00332950
14692, 0.00332970
14693, 0.00332990
14694, 0.00333010
14695, 0.00333030
14696, 0.00333050
14697, 0.00333070
14698, 0.00333090
14699, 0.00333110
14700, 0.00333130
14701, 0.00333150
14702, 0.00333170
14703, 0.00333190
14704, 0.00333210
14705, 0.00333230
14706, 0.00333250
14707, 0.00333270
14708, 0.00333290
14709, 0.00333310
14710, 0.00333330
14711, 0.00333350
14712, 0.00333380
14713, 0.00333400
14714, 0.00333420
14715, 0.00333440
14716, 0.00333460
14717, 0.00333480
14718, 0.00333500
14719, 0.00333520
14720, 0.00333540
14721, 0.00333560
14722, 0.00333580
14723, 0.00333600
14724, 0.00333620
14725, 0.00333640
14726, 0.00333660
14727, 0.00333680
14728, 0.00333700
14729, 0.00333720
14730, 0.00333740
14731, 0.00333760
14732, 0.00333790
14733, 0.00333810
14734, 0.00333830
14735, 0.00333850
14736, 0.00333870
14737, 0.00333890
14738, 0.00333910
14739, 0.00333930
14740, 0.00333950
14741, 0.00333970
14742, 0.00333990
14743, 0.00334010
14744, 0.00334030
14745, 0.00334050
14746, 0.00334070
14747, 0.00334090
14748, 0.00334110
14749, 0.00334130
14750, 0.00334150
14751, 0.00334180
14752, 0.00334200
14753, 0.00334220
14754, 0.00334240
14755, 0.00334260
14756, 0.00334280
14757, 0.00334300
14758, 0.00334320
14759, 0.00334340
14760, 0.00335360
14761, 0.00335400
14762, 0.00335430
14763, 0.00335470
14764, 0.00335510
14765, 0.00335550
14766, 0.00335590
14767, 0.00335630
14768, 0.00335670
14769, 0.00335710
14770, 0.00335750
14771, 0.00335780
14772, 0.00335830
14773, 0.00335860
14774, 0.00335880
14775, 0.00335900
14776, 0.00335920
14777, 0.00335940
14778, 0.00335960
14779, 0.00335990
14780, 0.00336010
14781, 0.00336030
14782, 0.00336050
14783, 0.00336070
14784, 0.00336090
14785, 0.00336110
14786, 0.00336130
14787, 0.00336150
14788, 0.00336170
14789, 0.00336190
14790, 0.00336210
14791, 0.00336230
14792, 0.00336250
14793, 0.00336270
14794, 0.00336290
14795, 0.00336310
14796, 0.00336330
14797, 0.00336360
14798, 0.00336380
14799, 0.00336400
14800, 0.00336420
14801, 0.00336440
14802, 0.00336460
14803, 0.00336480
14804, 0.00336500
14805, 0.00336520
14806, 0.00336540
14807, 0.00336560
14808, 0.00336580
14809, 0.00336600
14810, 0.00336620
14811, 0.00336640
14812, 0.00336660
14813, 0.00336680
14814, 0.00336700
14815, 0.00336720
14816, 0.00336740
14817, 0.00336770
14818, 0.00336790
14819, 0.00336810
14820, 0.00336830
14821, 0.00336850
14822, 0.00336870
14823, 0.00336890
14824, 0.00336910
14825, 0.00336930
14826, 0.00336950
14827, 0.00336970
14828, 0.00336990
14829, 0.00337010
14830, 0.00337030
14831, 0.00337050
14832, 0.00337070
14833, 0.00337090
14834, 0.00337110
14835, 0.00337130
14836, 0.00337150
14837, 0.00337170
14838, 0.00337200
14839, 0.00337220
14840, 0.00337240
14841, 0.00337260
14842, 0.00337280
14843, 0.00337300
14844, 0.00337320
14845, 0.00337340
14846, 0.00337360
14847, 0.00337380
14848, 0.00337400
14849, 0.00337420
14850, 0.00337440
14851, 0.00337460
14852, 0.00337480
14853, 0.00337500
14854, 0.00337520
14855, 0.00337540
14856, 0.00337560
14857, 0.00337580
14858, 0.00337610
14859, 0.00337630
14860, 0.00337650
14861, 0.00337670
14862, 0.00337690
14863, 0.00337710
14864, 0.00337730
14865, 0.00337750
14866, 0.00337770
14867, 0.00337790
14868, 0.00337810
14869, 0.00337830
14870, 0.00337850
14871, 0.00337870
14872, 0.00337890
14873, 0.00337910
14874, 0.00337930
14875, 0.00337950
14876, 0.00337970
14877, 0.00337990
14878, 0.00338010
14879, 0.00338040
14880, 0.00338060
14881, 0.00338080
14882, 0.00338100
14883, 0.00338120
14884, 0.00338140
14885, 0.00338160
14886, 0.00338190
14887, 0.00338210
14888, 0.00338230
14889, 0.00338250
14890, 0.00338280
14891, 0.00338300
14892, 0.00338320
14893, 0.00338340
14894, 0.00338360
14895, 0.00338380
14896, 0.00338400
14897, 0.00338420
14898, 0.00338450
14899, 0.00338470
14900, 0.00338500
14901, 0.00338520
14902, 0.00338540
14903, 0.00338560
14904, 0.00338580
14905, 0.00338600
14906, 0.00338620
14907, 0.00338640
14908, 0.00338660
14909, 0.00338680
14910, 0.00338710
14911, 0.00338730
14912, 0.00338750
14913, 0.00338770
14914, 0.00338790
14915, 0.00338810
14916, 0.00338830
14917, 0.00338850
14918, 0.00338870
14919, 0.00338890
14920, 0.00338910
14921, 0.00338930
14922, 0.00338950
14923, 0.00338970
14924, 0.00338990
14925, 0.00339010
14926, 0.00339030
14927, 0.00339050
14928, 0.00339070
14929, 0.00339100
14930, 0.00339120
14931, 0.00339140
14932, 0.00339160
14933, 0.00339180
14934, 0.00339200
14935, 0.00339220
14936, 0.00339240
14937, 0.00339260
14938, 0.00339280
14939, 0.00339300
14940, 0.00339320
14941, 0.00339340
14942, 0.00339360
14943, 0.00339380
14944, 0.00339400
14945, 0.00339420
14946, 0.00339440
14947, 0.00339460
14948, 0.00339480
14949, 0.00339510
14950, 0.00339530
14951, 0.00339550
14952, 0.00339570
14953, 0.00339590
14954, 0.00339610
14955, 0.00339630
14956, 0.00339650
14957, 0.00339670
14958, 0.00339690
14959, 0.00339710
14960, 0.00339730
14961, 0.00339750
14962, 0.00339770
14963, 0.00339790
14964, 0.00339810
14965, 0.00339830
14966, 0.00339850
14967, 0.00339870
14968, 0.00339900
14969, 0.00339920
14970, 0.00339940
14971, 0.00339960
14972, 0.00339980
14973, 0.00340000
14974, 0.00340020
14975, 0.00340040
14976, 0.00340060
14977, 0.00340080
14978, 0.00340100
14979, 0.00340120
14980, 0.00340140
14981, 0.00340160
14982, 0.00340180
14983, 0.00340200
14984, 0.00340220
14985, 0.00340250
14986, 0.00340270
14987, 0.00340290
14988, 0.00340310
14989, 0.00340330
14990, 0.00340350
14991, 0.00340370
14992, 0.00340390
14993, 0.00340410
14994, 0.00340430
14995, 0.00340450
14996, 0.00340470
14997, 0.00340490
14998, 0.00340510
14999, 0.00340530
15000, 0.00340550
15001, 0.00340570
15002, 0.00340590
15003, 0.00340610
15004, 0.00340630
15005, 0.00340650
15006, 0.00340680
15007, 0.00340700
15008, 0.00340720
15009, 0.00340740
15010, 0.00340760
15011, 0.00340780
15012, 0.00340800
15013, 0.00340820
15014, 0.00340850
15015, 0.00340870
15016, 0.00340890
15017, 0.00340910
15018, 0.00340940
15019, 0.00340960
15020, 0.00340980
15021, 0.00341000
15022, 0.00341020
15023, 0.00341040
15024, 0.00341090
15025, 0.00341110
15026, 0.00341130
15027, 0.00341150
15028, 0.00341180
15029, 0.00341200
15030, 0.00341230
15031, 0.00341250
15032, 0.00341270
15033, 0.00341290
15034, 0.00341310
15035, 0.00341330
15036, 0.00341350
15037, 0.00341370
15038, 0.00341390
15039, 0.00341410
15040, 0.00341430
15041, 0.00341450
15042, 0.00341470
15043, 0.00341490
15044, 0.00341520
15045, 0.00341540
15046, 0.00341560
15047, 0.00341580
15048, 0.00341600
15049, 0.00341620
15050, 0.00341640
15051, 0.00341660
15052, 0.00341680
15053, 0.00341700
15054, 0.00341720
15055, 0.00341740
15056, 0.00341760
15057, 0.00341780
15058, 0.00341800
15059, 0.00341820
15060, 0.00341840
15061, 0.00341860
15062, 0.00341880
15063, 0.00341900
15064, 0.00341930
15065, 0.00341950
15066, 0.00341970
15067, 0.00341990
15068, 0.00342010
15069, 0.00342030
15070, 0.00342050
15071, 0.00342070
15072, 0.00342090
15073, 0.00342110
15074, 0.00342130
15075, 0.00342150
15076, 0.00342170
15077, 0.00342190
15078, 0.00342210
15079, 0.00342230
15080, 0.00342250
15081, 0.00342280
15082, 0.00342300
15083, 0.00342320
15084, 0.00342350
15085, 0.00342370
15086, 0.00342390
15087, 0.00342410
15088, 0.00342440
15089, 0.00342460
15090, 0.00342480
15091, 0.00342500
15092, 0.00342520
15093, 0.00342540
15094, 0.00342560
15095, 0.00342580
15096, 0.00342600
15097, 0.00342620
15098, 0.00342640
15099, 0.00342660
15100, 0.00342680
15101, 0.00342700
15102, 0.00342720
15103, 0.00342740
15104, 0.00342770
15105, 0.00342790
15106, 0.00342810
15107, 0.00342830
15108, 0.00342850
15109, 0.00342870
15110, 0.00342890
15111, 0.00342910
15112, 0.00342930
15113, 0.00342950
15114, 0.00342970
15115, 0.00342990
15116, 0.00343010
15117, 0.00343030
15118, 0.00343050
15119, 0.00343070
15120, 0.00343090
15121, 0.00343110
15122, 0.00343130
15123, 0.00343150
15124, 0.00343180
15125, 0.00343200
15126, 0.00343220
15127, 0.00343240
15128, 0.00343260
15129, 0.00343280
15130, 0.00343300
15131, 0.00343320
15132, 0.00343340
15133, 0.00343360
15134, 0.00343380
15135, 0.00343400
15136, 0.00343420
15137, 0.00343440
15138, 0.00343460
15139, 0.00343480
15140, 0.00343500
15141, 0.00343530
15142, 0.00343550
15143, 0.00343580
15144, 0.00343600
15145, 0.00343620
15146, 0.00343640
15147, 0.00343660
15148, 0.00343680
15149, 0.00343700
15150, 0.00343720
15151, 0.00343740
15152, 0.00343770
15153, 0.00343790
15154, 0.00343820
15155, 0.00343840
15156, 0.00343870
15157, 0.00343890
15158, 0.00343910
15159, 0.00343930
15160, 0.00343950
15161, 0.00343970
15162, 0.00344000
15163, 0.00344020
15164, 0.00344040
15165, 0.00344060
15166, 0.00344080
15167, 0.00344100
15168, 0.00344120
15169, 0.00344140
15170, 0.00344160
15171, 0.00344180
15172, 0.00344200
15173, 0.00344220
15174, 0.00344240
15175, 0.00344260
15176, 0.00344280
15177, 0.00344300
15178, 0.00344320
15179, 0.00344340
15180, 0.00344360
15181, 0.00344380
15182, 0.00344400
15183, 0.00344430
15184, 0.00344450
15185, 0.00344470
15186, 0.00344490
15187, 0.00344510
15188, 0.00344530
15189, 0.00344550
15190, 0.00344570
15191, 0.00344590
15192, 0.00344610
15193, 0.00344630
15194, 0.00344650
15195, 0.00344670
15196, 0.00344690
15197, 0.00344710
15198, 0.00344730
15199, 0.00344750
15200, 0.00344770
15201, 0.00344790
15202, 0.00344810
15203, 0.00344830
15204, 0.00344860
15205, 0.00344880
15206, 0.00344900
15207, 0.00344920
15208, 0.00344940
15209, 0.00344960
15210, 0.00344980
15211, 0.00345000
15212, 0.00345020
15213, 0.00345040
15214, 0.00345060
15215, 0.00345080
15216, 0.00345100
15217, 0.00345120
15218, 0.00345140
15219, 0.00345160
15220, 0.00345180
15221, 0.00345200
15222, 0.00345220
15223, 0.00345240
15224, 0.00345260
15225, 0.00345290
15226, 0.00345310
15227, 0.00345330
15228, 0.00345350
15229, 0.00345370
15230, 0.00345390
15231, 0.00345410
15232, 0.00345430
15233, 0.00345450
15234, 0.00345470
15235, 0.00345490
15236, 0.00345510
15237, 0.00345530
15238, 0.00345550
15239, 0.00345570
15240, 0.00345590
15241, 0.00345610
15242, 0.00345640
15243, 0.00345660
15244, 0.00345680
15245, 0.00345700
15246, 0.00345720
15247, 0.00345740
15248, 0.00345760
15249, 0.00345780
15250, 0.00345800
15251, 0.00345820
15252, 0.00345840
15253, 0.00345860
15254, 0.00345880
15255, 0.00345900
15256, 0.00345920
15257, 0.00345940
15258, 0.00345960
15259, 0.00345980
15260, 0.00346000
15261, 0.00346020
15262, 0.00346040
15263, 0.00346070
15264, 0.00346090
15265, 0.00346110
15266, 0.00346130
15267, 0.00346150
15268, 0.00346170
15269, 0.00346190
15270, 0.00346230
15271, 0.00346250
15272, 0.00346270
15273, 0.00346290
15274, 0.00346310
15275, 0.00346340
15276, 0.00346360
15277, 0.00346380
15278, 0.00346400
15279, 0.00346420
15280, 0.00346450
15281, 0.00346470
15282, 0.00346500
15283, 0.00346520
15284, 0.00346570
15285, 0.00346590
15286, 0.00346610
15287, 0.00346630
15288, 0.00346660
15289, 0.00346680
15290, 0.00346700
15291, 0.00346720
15292, 0.00346740
15293, 0.00346760
15294, 0.00346780
15295, 0.00346800
15296, 0.00346820
15297, 0.00346840
15298, 0.00346860
15299, 0.00346880
15300, 0.00346900
15301, 0.00346920
15302, 0.00346940
15303, 0.00346960
15304, 0.00346980
15305, 0.00347000
15306, 0.00347020
15307, 0.00347040
15308, 0.00347060
15309, 0.00347080
15310, 0.00347100
15311, 0.00347130
15312, 0.00347150
15313, 0.00347170
15314, 0.00347190
15315, 0.00347210
15316, 0.00347230
15317, 0.00347250
15318, 0.00347270
15319, 0.00347290
15320, 0.00347310
15321, 0.00347330
15322, 0.00347350
15323, 0.00347370
15324, 0.00347390
15325, 0.00347410
15326, 0.00347430
15327, 0.00347460
15328, 0.00347480
15329, 0.00347500
15330, 0.00347520
15331, 0.00347540
15332, 0.00347570
15333, 0.00347590
15334, 0.00347610
15335, 0.00347630
15336, 0.00347650
15337, 0.00347670
15338, 0.00347690
15339, 0.00347710
15340, 0.00347730
15341, 0.00347750
15342, 0.00347770
15343, 0.00347790
15344, 0.00347810
15345, 0.00347830
15346, 0.00347850
15347, 0.00347870
15348, 0.00347890
15349, 0.00347910
15350, 0.00347930
15351, 0.00347950
15352, 0.00347970
15353, 0.00348000
15354, 0.00348020
15355, 0.00348040
15356, 0.00348060
15357, 0.00348080
15358, 0.00348100
15359, 0.00348120
15360, 0.00348140
15361, 0.00348160
15362, 0.00348180
15363, 0.00348200
15364, 0.00348220
15365, 0.00348240
15366, 0.00348260
15367, 0.00348280
15368, 0.00348300
15369, 0.00348320
15370, 0.00348340
15371, 0.00348360
15372, 0.00348380
15373, 0.00348410
15374, 0.00348430
15375, 0.00348450
15376, 0.00348470
15377, 0.00348490
15378, 0.00348510
15379, 0.00348530
15380, 0.00348550
15381, 0.00348570
15382, 0.00348590
15383, 0.00348610
15384, 0.00348630
15385, 0.00348650
15386, 0.00348670
15387, 0.00348690
15388, 0.00348710
15389, 0.00348730
15390, 0.00348750
15391, 0.00348770
15392, 0.00348800
15393, 0.00348820
15394, 0.00348840
15395, 0.00348860
15396, 0.00348890
15397, 0.00348910
15398, 0.00348930
15399, 0.00348950
15400, 0.00348980
15401, 0.00349000
15402, 0.00349020
15403, 0.00349040
15404, 0.00349060
15405, 0.00349080
15406, 0.00349110
15407, 0.00349130
15408, 0.00349150
15409, 0.00349170
15410, 0.00349200
15411, 0.00349220
15412, 0.00349280
15413, 0.00349300
15414, 0.00349320
15415, 0.00349340
15416, 0.00349360
15417, 0.00349380
15418, 0.00349400
15419, 0.00349420
15420, 0.00349440
15421, 0.00349460
15422, 0.00349480
15423, 0.00349500
15424, 0.00349520
15425, 0.00349540
15426, 0.00349560
15427, 0.00349580
15428, 0.00349600
15429, 0.00349630
15430, 0.00349650
15431, 0.00349670
15432, 0.00349690
15433, 0.00349710
15434, 0.00349730
15435, 0.00349750
15436, 0.00349770
15437, 0.00349790
15438, 0.00349810
15439, 0.00349830
15440, 0.00349850
15441, 0.00349870
15442, 0.00349890
15443, 0.00349910
15444, 0.00349930
15445, 0.00349950
15446, 0.00349970
15447, 0.00349990
15448, 0.00350010
15449, 0.00350040
15450, 0.00350060
15451, 0.00350080
15452, 0.00350100
15453, 0.00350120
15454, 0.00350140
15455, 0.00350160
15456, 0.00350180
15457, 0.00350200
15458, 0.00350220
15459, 0.00350240
15460, 0.00350260
15461, 0.00350280
15462, 0.00350300
15463, 0.00350320
15464, 0.00350350
15465, 0.00350370
15466, 0.00350390
15467, 0.00350410
15468, 0.00350430
15469, 0.00350450
15470, 0.00350470
15471, 0.00350490
15472, 0.00350510
15473, 0.00350530
15474, 0.00350550
15475, 0.00350570
15476, 0.00350590
15477, 0.00350610
15478, 0.00350630
15479, 0.00350650
15480, 0.00350670
15481, 0.00350690
15482, 0.00350710
15483, 0.00350730
15484, 0.00350760
15485, 0.00350780
15486, 0.00350800
15487, 0.00350820
15488, 0.00350840
15489, 0.00350860
15490, 0.00350880
15491, 0.00350900
15492, 0.00350920
15493, 0.00350940
15494, 0.00350960
15495, 0.00350980
15496, 0.00351000
15497, 0.00351020
15498, 0.00351040
15499, 0.00351060
15500, 0.00351080
15501, 0.00351100
15502, 0.00351120
15503, 0.00351140
15504, 0.00351160
15505, 0.00351190
15506, 0.00351210
15507, 0.00351230
15508, 0.00351250
15509, 0.00351270
15510, 0.00351290
15511, 0.00351310
15512, 0.00351330
15513, 0.00351350
15514, 0.00351370
15515, 0.00351390
15516, 0.00351410
15517, 0.00351430
15518, 0.00351450
15519, 0.00351470
15520, 0.00351490
15521, 0.00351510
15522, 0.00351530
15523, 0.00351550
15524, 0.00351610
15525, 0.00351630
15526, 0.00351650
15527, 0.00351670
15528, 0.00351700
15529, 0.00351720
15530, 0.00351740
15531, 0.00351760
15532, 0.00351780
15533, 0.00351800
15534, 0.00351830
15535, 0.00351850
15536, 0.00351870
15537, 0.00351900
15538, 0.00351920
15539, 0.00351940
15540, 0.00351970
15541, 0.00351990
15542, 0.00352010
15543, 0.00352030
15544, 0.00352050
15545, 0.00352070
15546, 0.00352090
15547, 0.00352110
15548, 0.00352130
15549, 0.00352150
15550, 0.00352170
15551, 0.00352190
15552, 0.00352210
15553, 0.00352230
15554, 0.00352250
15555, 0.00352270
15556, 0.00352300
15557, 0.00352320
15558, 0.00352340
15559, 0.00352360
15560, 0.00352380
15561, 0.00352400
15562, 0.00352420
15563, 0.00352440
15564, 0.00352460
15565, 0.00352480
15566, 0.00352500
15567, 0.00352520
15568, 0.00352540
15569, 0.00352560
15570, 0.00352580
15571, 0.00352600
15572, 0.00352620
15573, 0.00352640
15574, 0.00352660
15575, 0.00352690
15576, 0.00352710
15577, 0.00352730
15578, 0.00352750
15579, 0.00352770
15580, 0.00352790
15581, 0.00352810
15582, 0.00352830
15583, 0.00352850
15584, 0.00352870
15585, 0.00352890
15586, 0.00352910
15587, 0.00352930
15588, 0.00352950
15589, 0.00352970
15590, 0.00352990
15591, 0.00353010
15592, 0.00353030
15593, 0.00353050
15594, 0.00353080
15595, 0.00353100
15596, 0.00353120
15597, 0.00353140
15598, 0.00353160
15599, 0.00353180
15600, 0.00353200
15601, 0.00353220
15602, 0.00353240
15603, 0.00353260
15604, 0.00353280
15605, 0.00353300
15606, 0.00353320
15607, 0.00353340
15608, 0.00353360
15609, 0.00353380
15610, 0.00353400
15611, 0.00353420
15612, 0.00353440
15613, 0.00353460
15614, 0.00353490
15615, 0.00353510
15616, 0.00353530
15617, 0.00353550
15618, 0.00353570
15619, 0.00353590
15620, 0.00353610
15621, 0.00353630
15622, 0.00353650
15623, 0.00353670
15624, 0.00353690
15625, 0.00353710
15626, 0.00353730
15627, 0.00353750
15628, 0.00353770
15629, 0.00353790
15630, 0.00353810
15631, 0.00353830
15632, 0.00353850
15633, 0.00353870
15634, 0.00353890
15635, 0.00353910
15636, 0.00353940
15637, 0.00353960
15638, 0.00353980
15639, 0.00354000
15640, 0.00354020
15641, 0.00354040
15642, 0.00354060
15643, 0.00354080
15644, 0.00354100
15645, 0.00354120
15646, 0.00354140
15647, 0.00354160
15648, 0.00354180
15649, 0.00354200
15650, 0.00354220
15651, 0.00354240
15652, 0.00354270
15653, 0.00354290
15654, 0.00354310
15655, 0.00354330
15656, 0.00354350
15657, 0.00354370
15658, 0.00354390
15659, 0.00354420
15660, 0.00354440
15661, 0.00354460
15662, 0.00354480
15663, 0.00354500
15664, 0.00354530
15665, 0.00354550
15666, 0.00354580
15667, 0.00354600
15668, 0.00354620
15669, 0.00354640
15670, 0.00354660
15671, 0.00354690
15672, 0.00354710
15673, 0.00354730
15674, 0.00354750
15675, 0.00354770
15676, 0.00354790
15677, 0.00354810
15678, 0.00354830
15679, 0.00354850
15680, 0.00354870
15681, 0.00354890
15682, 0.00354910
15683, 0.00354930
15684, 0.00354950
15685, 0.00354970
15686, 0.00354990
15687, 0.00355010
15688, 0.00355030
15689, 0.00355050
15690, 0.00355070
15691, 0.00355090
15692, 0.00355120
15693, 0.00355140
15694, 0.00355160
15695, 0.00355180
15696, 0.00355200
15697, 0.00355220
15698, 0.00355240
15699, 0.00355260
15700, 0.00355280
15701, 0.00355300
15702, 0.00355320
15703, 0.00355340
15704, 0.00355360
15705, 0.00355380
15706, 0.00355400
15707, 0.00355420
15708, 0.00355440
15709, 0.00355460
15710, 0.00355480
15711, 0.00355500
15712, 0.00355520
15713, 0.00355550
15714, 0.00355570
15715, 0.00355590
15716, 0.00355610
15717, 0.00355630
15718, 0.00355650
15719, 0.00355670
15720, 0.00355690
15721, 0.00355710
15722, 0.00355730
15723, 0.00355750
15724, 0.00355770
15725, 0.00355790
15726, 0.00355810
15727, 0.00355830
15728, 0.00355850
15729, 0.00355870
15730, 0.00355890
15731, 0.00355910
15732, 0.00355940
15733, 0.00355960
15734, 0.00355980
15735, 0.00356000
15736, 0.00356020
15737, 0.00356040
15738, 0.00356060
15739, 0.00356080
15740, 0.00356100
15741, 0.00356120
15742, 0.00356140
15743, 0.00356160
15744, 0.00356180
15745, 0.00356200
15746, 0.00356220
15747, 0.00356240
15748, 0.00356260
15749, 0.00356280
15750, 0.00356300
15751, 0.00356330
15752, 0.00356350
15753, 0.00356370
15754, 0.00356390
15755, 0.00356410
15756, 0.00356430
15757, 0.00356450
15758, 0.00356470
15759, 0.00356490
15760, 0.00356510
15761, 0.00356530
15762, 0.00356550
15763, 0.00356570
15764, 0.00356590
15765, 0.00356610
15766, 0.00356630
15767, 0.00356650
15768, 0.00356670
15769, 0.00356690
15770, 0.00356710
15771, 0.00356740
15772, 0.00356760
15773, 0.00356780
15774, 0.00356800
15775, 0.00356820
15776, 0.00356840
15777, 0.00356860
15778, 0.00356880
15779, 0.00356900
15780, 0.00356940
15781, 0.00356960
15782, 0.00356990
15783, 0.00357010
15784, 0.00357030
15785, 0.00357050
15786, 0.00357070
15787, 0.00357090
15788, 0.00357130
15789, 0.00357150
15790, 0.00357180
15791, 0.00357200
15792, 0.00357230
15793, 0.00357250
15794, 0.00357280
15795, 0.00357300
15796, 0.00357320
15797, 0.00357340
15798, 0.00357370
15799, 0.00357390
15800, 0.00357410
15801, 0.00357430
15802, 0.00357450
15803, 0.00357470
15804, 0.00357490
15805, 0.00357510
15806, 0.00357530
15807, 0.00357550
15808, 0.00357570
15809, 0.00357590
15810, 0.00357610
15811, 0.00357630
15812, 0.00357650
15813, 0.00357670
15814, 0.00357690
15815, 0.00357710
15816, 0.00357730
15817, 0.00357750
15818, 0.00357770
15819, 0.00357790
15820, 0.00357810
15821, 0.00357840
15822, 0.00357860
15823, 0.00357880
15824, 0.00357900
15825, 0.00357920
15826, 0.00357940
15827, 0.00357960
15828, 0.00357980
15829, 0.00358000
15830, 0.00358020
15831, 0.00358040
15832, 0.00358060
15833, 0.00358080
15834, 0.00358100
15835, 0.00358120
15836, 0.00358140
15837, 0.00358160
15838, 0.00358180
15839, 0.00358200
15840, 0.00358220
15841, 0.00358250
15842, 0.00358270
15843, 0.00358290
15844, 0.00358310
15845, 0.00358330
15846, 0.00358350
15847, 0.00358370
15848, 0.00358390
15849, 0.00358410
15850, 0.00358430
15851, 0.00358450
15852, 0.00358470
15853, 0.00358490
15854, 0.00358510
15855, 0.00358530
15856, 0.00358550
15857, 0.00358570
15858, 0.00358590
15859, 0.00358610
15860, 0.00358630
15861, 0.00358650
15862, 0.00358670
15863, 0.00358700
15864, 0.00358720
15865, 0.00358740
15866, 0.00358760
15867, 0.00358780
15868, 0.00358800
15869, 0.00358820
15870, 0.00358840
15871, 0.00358860
15872, 0.00358880
15873, 0.00358900
15874, 0.00358920
15875, 0.00358940
15876, 0.00358960
15877, 0.00358980
15878, 0.00359000
15879, 0.00359020
15880, 0.00359040
15881, 0.00359060
15882, 0.00359090
15883, 0.00359110
15884, 0.00359130
15885, 0.00359150
15886, 0.00359170
15887, 0.00359190
15888, 0.00359210
15889, 0.00359230
15890, 0.00359250
15891, 0.00359270
15892, 0.00359290
15893, 0.00359310
15894, 0.00359330
15895, 0.00359350
15896, 0.00359380
15897, 0.00359400
15898, 0.00359420
15899, 0.00359440
15900, 0.00359460
15901, 0.00359480
15902, 0.00359500
15903, 0.00359520
15904, 0.00359540
15905, 0.00359560
15906, 0.00359590
15907, 0.00359610
15908, 0.00359630
15909, 0.00359650
15910, 0.00359680
15911, 0.00359700
15912, 0.00359720
15913, 0.00359740
15914, 0.00359760
15915, 0.00359780
15916, 0.00359810
15917, 0.00359830
15918, 0.00359860
15919, 0.00359880
15920, 0.00359900
15921, 0.00359920
15922, 0.00359950
15923, 0.00359970
15924, 0.00359990
15925, 0.00360010
15926, 0.00360030
15927, 0.00360050
15928, 0.00360070
15929, 0.00360090
15930, 0.00360110
15931, 0.00360130
15932, 0.00360150
15933, 0.00360170
15934, 0.00360190
15935, 0.00360210
15936, 0.00360230
15937, 0.00360250
15938, 0.00360270
15939, 0.00360300
15940, 0.00360320
15941, 0.00360340
15942, 0.00360360
15943, 0.00360380
15944, 0.00360400
15945, 0.00360420
15946, 0.00360440
15947, 0.00360460
15948, 0.00360480
15949, 0.00360500
15950, 0.00360520
15951, 0.00360540
15952, 0.00360560
15953, 0.00360580
15954, 0.00360600
15955, 0.00360620
15956, 0.00360640
15957, 0.00360660
15958, 0.00360680
15959, 0.00360700
15960, 0.00360720
15961, 0.00360750
15962, 0.00360770
15963, 0.00360790
15964, 0.00360810
15965, 0.00360830
15966, 0.00360850
15967, 0.00360870
15968, 0.00360890
15969, 0.00360910
15970, 0.00360930
15971, 0.00360950
15972, 0.00360970
15973, 0.00360990
15974, 0.00361010
15975, 0.00361030
15976, 0.00361050
15977, 0.00361070
15978, 0.00361090
15979, 0.00361110
15980, 0.00361130
15981, 0.00361150
15982, 0.00361170
15983, 0.00361190
15984, 0.00361220
15985, 0.00361240
15986, 0.00361260
15987, 0.00361280
15988, 0.00361300
15989, 0.00361320
15990, 0.00361340
15991, 0.00361360
15992, 0.00361380
15993, 0.00361400
15994, 0.00361420
15995, 0.00361440
15996, 0.00361460
15997, 0.00361480
15998, 0.00361500
15999, 0.00361520
16000, 0.00361540
16001, 0.00361560
16002, 0.00361580
16003, 0.00361600
16004, 0.00361620
16005, 0.00361650
16006, 0.00361670
16007, 0.00361690
16008, 0.00361710
16009, 0.00361730
16010, 0.00361750
16011, 0.00361770
16012, 0.00361790
16013, 0.00361810
16014, 0.00361830
16015, 0.00361850
16016, 0.00361870
16017, 0.00361890
16018, 0.00361910
16019, 0.00361930
16020, 0.00361950
16021, 0.00361970
16022, 0.00361990
16023, 0.00362010
16024, 0.00362030
16025, 0.00362050
16026, 0.00362070
16027, 0.00362100
16028, 0.00362120
16029, 0.00362140
16030, 0.00362160
16031, 0.00362180
16032, 0.00362200
16033, 0.00362220
16034, 0.00362250
16035, 0.00362270
16036, 0.00362290
16037, 0.00362310
16038, 0.00362330
16039, 0.00362350
16040, 0.00362380
16041, 0.00362400
16042, 0.00362420
16043, 0.00362440
16044, 0.00362460
16045, 0.00362490
16046, 0.00362510
16047, 0.00362530
16048, 0.00362580
16049, 0.00362600
16050, 0.00362620
16051, 0.00362640
16052, 0.00362660
16053, 0.00362680
16054, 0.00362700
16055, 0.00362720
16056, 0.00362740
16057, 0.00362770
16058, 0.00362790
16059, 0.00362810
16060, 0.00362830
16061, 0.00362850
16062, 0.00362870
16063, 0.00362890
16064, 0.00362910
16065, 0.00362930
16066, 0.00362950
16067, 0.00362970
16068, 0.00362990
16069, 0.00363010
16070, 0.00363030
16071, 0.00363050
16072, 0.00363070
16073, 0.00363090
16074, 0.00363110
16075, 0.00363130
16076, 0.00363150
16077, 0.00363180
16078, 0.00363200
16079, 0.00363220
16080, 0.00363240
16081, 0.00363260
16082, 0.00363280
16083, 0.00363300
16084, 0.00363320
16085, 0.00363340
16086, 0.00363360
16087, 0.00363380
16088, 0.00363400
16089, 0.00363420
16090, 0.00363440
16091, 0.00363460
16092, 0.00363480
16093, 0.00363500
16094, 0.00363520
16095, 0.00363540
16096, 0.00363560
16097, 0.00363590
16098, 0.00363610
16099, 0.00363630
16100, 0.00363650
16101, 0.00363670
16102, 0.00363690
16103, 0.00363710
16104, 0.00363730
16105, 0.00363750
16106, 0.00363770
16107, 0.00363790
16108, 0.00363810
16109, 0.00363830
16110, 0.00363850
16111, 0.00363870
16112, 0.00363890
16113, 0.00363910
16114, 0.00363930
16115, 0.00363950
16116, 0.00363980
16117, 0.00364000
16118, 0.00364020
16119, 0.00364040
16120, 0.00364060
16121, 0.00364080
16122, 0.00364100
16123, 0.00364120
16124, 0.00364140
16125, 0.00364160
16126, 0.00364180
16127, 0.00364200
16128, 0.00364220
16129, 0.00364240
16130, 0.00364260
16131, 0.00364280
16132, 0.00364300
16133, 0.00364320
16134, 0.00364340
16135, 0.00364360
16136, 0.00364390
16137, 0.00364410
16138, 0.00364430
16139, 0.00364450
16140, 0.00364470
16141, 0.00364490
16142, 0.00364510
16143, 0.00364530
16144, 0.00364550
16145, 0.00364570
16146, 0.00364590
16147, 0.00364610
16148, 0.00364630
16149, 0.00364650
16150, 0.00364670
16151, 0.00364690
16152, 0.00364710
16153, 0.00364730
16154, 0.00364750
16155, 0.00364780
16156, 0.00364800
16157, 0.00364820
16158, 0.00364840
16159, 0.00364860
16160, 0.00364880
16161, 0.00364900
16162, 0.00364930
16163, 0.00364950
16164, 0.00364970
16165, 0.00364990
16166, 0.00365010
16167, 0.00365030
16168, 0.00365050
16169, 0.00365070
16170, 0.00365090
16171, 0.00365110
16172, 0.00365140
16173, 0.00365160
16174, 0.00365180
16175, 0.00365210
16176, 0.00365230
16177, 0.00365250
16178, 0.00365280
16179, 0.00365300
16180, 0.00365320
16181, 0.00365340
16182, 0.00365360
16183, 0.00365380
16184, 0.00365400
16185, 0.00365420
16186, 0.00365440
16187, 0.00365460
16188, 0.00365480
16189, 0.00365500
16190, 0.00365520
16191, 0.00365540
16192, 0.00365570
16193, 0.00365590
16194, 0.00365610
16195, 0.00365630
16196, 0.00365650
16197, 0.00365670
16198, 0.00365690
16199, 0.00365710
16200, 0.00365730
16201, 0.00365750
16202, 0.00365770
16203, 0.00365790
16204, 0.00365810
16205, 0.00365830
16206, 0.00365850
16207, 0.00365870
16208, 0.00365890
16209, 0.00365910
16210, 0.00365930
16211, 0.00365950
16212, 0.00365980
16213, 0.00366000
16214, 0.00366020
16215, 0.00366040
16216, 0.00366060
16217, 0.00366080
16218, 0.00366100
16219, 0.00366120
16220, 0.00366140
16221, 0.00366160
16222, 0.00366180
16223, 0.00366200
16224, 0.00366220
16225, 0.00366240
16226, 0.00366260
16227, 0.00366280
16228, 0.00366300
16229, 0.00366320
16230, 0.00366340
16231, 0.00366360
16232, 0.00366380
16233, 0.00366400
16234, 0.00366430
16235, 0.00366450
16236, 0.00366470
16237, 0.00366490
16238, 0.00366510
16239, 0.00366530
16240, 0.00366550
16241, 0.00366570
16242, 0.00366590
16243, 0.00366610
16244, 0.00366630
16245, 0.00366650
16246, 0.00366670
16247, 0.00366690
16248, 0.00366710
16249, 0.00366730
16250, 0.00366750
16251, 0.00366770
16252, 0.00366790
16253, 0.00366810
16254, 0.00366830
16255, 0.00366850
16256, 0.00366870
16257, 0.00366900
16258, 0.00366920
16259, 0.00366940
16260, 0.00366960
16261, 0.00366980
16262, 0.00367000
16263, 0.00367020
16264, 0.00367040
16265, 0.00367060
16266, 0.00367080
16267, 0.00367100
16268, 0.00367120
16269, 0.00367150
16270, 0.00367170
16271, 0.00367190
16272, 0.00367210
16273, 0.00367230
16274, 0.00367250
16275, 0.00367270
16276, 0.00367290
16277, 0.00367310
16278, 0.00367330
16279, 0.00367350
16280, 0.00367370
16281, 0.00367390
16282, 0.00367410
16283, 0.00367430
16284, 0.00367450
16285, 0.00367470
16286, 0.00367490
16287, 0.00367510
16288, 0.00367530
16289, 0.00367560
16290, 0.00367590
16291, 0.00367610
16292, 0.00367640
16293, 0.00367660
16294, 0.00367680
16295, 0.00367700
16296, 0.00367720
16297, 0.00367740
16298, 0.00367770
16299, 0.00367790
16300, 0.00367820
16301, 0.00367840
16302, 0.00367860
16303, 0.00367880
16304, 0.00367910
16305, 0.00367930
16306, 0.00367960
16307, 0.00367980
16308, 0.00368000
16309, 0.00368020
16310, 0.00368040
16311, 0.00368060
16312, 0.00368080
16313, 0.00368100
16314, 0.00368120
16315, 0.00368140
16316, 0.00368170
16317, 0.00368190
16318, 0.00368210
16319, 0.00368230
16320, 0.00368250
16321, 0.00368270
16322, 0.00368290
16323, 0.00368310
16324, 0.00368330
16325, 0.00368350
16326, 0.00368370
16327, 0.00368390
16328, 0.00368410
16329, 0.00368430
16330, 0.00368450
16331, 0.00368470
16332, 0.00368490
16333, 0.00368510
16334, 0.00368530
16335, 0.00368550
16336, 0.00368580
16337, 0.00368600
16338, 0.00368620
16339, 0.00368640
16340, 0.00368660
16341, 0.00368680
16342, 0.00368700
16343, 0.00368720
16344, 0.00368740
16345, 0.00368760
16346, 0.00368780
16347, 0.00368800
16348, 0.00368820
16349, 0.00368840
16350, 0.00368860
16351, 0.00368880
16352, 0.00368900
16353, 0.00368920
16354, 0.00368940
16355, 0.00368970
16356, 0.00368990
16357, 0.00369010
16358, 0.00369030
16359, 0.00369050
16360, 0.00369070
16361, 0.00369090
16362, 0.00369110
16363, 0.00369130
16364, 0.00369150
16365, 0.00369170
16366, 0.00369190
16367, 0.00369210
16368, 0.00369230
16369, 0.00369260
16370, 0.00369280
16371, 0.00369300
16372, 0.00369320
16373, 0.00369340
16374, 0.00369360
16375, 0.00369380
16376, 0.00369400
16377, 0.00369420
16378, 0.00369440
16379, 0.00369460
16380, 0.00369480
16381, 0.00369500
16382, 0.00369520
16383, 0.00369540
16384, 0.00369560
16385, 0.00369580
16386, 0.00369600
16387, 0.00369620
16388, 0.00369640
16389, 0.00369660
16390, 0.00369680
16391, 0.00369700
16392, 0.00369720
16393, 0.00369740
16394, 0.00369770
16395, 0.00369790
16396, 0.00369810
16397, 0.00369830
16398, 0.00369850
16399, 0.00369870
16400, 0.00369890
16401, 0.00369910
16402, 0.00369930
16403, 0.00369950
16404, 0.00369970
16405, 0.00369990
16406, 0.00370010
16407, 0.00370030
16408, 0.00370050
16409, 0.00370070
16410, 0.00370090
16411, 0.00370110
16412, 0.00370130
16413, 0.00370150
16414, 0.00370170
16415, 0.00370190
16416, 0.00370220
16417, 0.00370240
16418, 0.00370260
16419, 0.00370280
16420, 0.00370320
16421, 0.00370340
16422, 0.00370360
16423, 0.00370380
16424, 0.00370400
16425, 0.00370420
16426, 0.00370440
16427, 0.00370460
16428, 0.00370490
16429, 0.00370510
16430, 0.00370540
16431, 0.00370560
16432, 0.00370590
16433, 0.00370610
16434, 0.00370630
16435, 0.00370650
16436, 0.00370670
16437, 0.00370690
16438, 0.00370710
16439, 0.00370730
16440, 0.00370750
16441, 0.00370770
16442, 0.00370790
16443, 0.00370810
16444, 0.00370830
16445, 0.00370850
16446, 0.00370870
16447, 0.00370900
16448, 0.00370920
16449, 0.00370940
16450, 0.00370960
16451, 0.00370980
16452, 0.00371000
16453, 0.00371020
16454, 0.00371040
16455, 0.00371060
16456, 0.00371080
16457, 0.00371100
16458, 0.00371120
16459, 0.00371140
16460, 0.00371160
16461, 0.00371180
16462, 0.00371200
16463, 0.00371220
16464, 0.00371240
16465, 0.00371260
16466, 0.00371280
16467, 0.00371300
16468, 0.00371320
16469, 0.00371350
16470, 0.00371370
16471, 0.00371390
16472, 0.00371410
16473, 0.00371430
16474, 0.00371450
16475, 0.00371470
16476, 0.00371490
16477, 0.00371510
16478, 0.00371530
16479, 0.00371550
16480, 0.00371570
16481, 0.00371590
16482, 0.00371610
16483, 0.00371630
16484, 0.00371650
16485, 0.00371670
16486, 0.00371690
16487, 0.00371710
16488, 0.00371730
16489, 0.00371750
16490, 0.00371780
16491, 0.00371800
16492, 0.00371820
16493, 0.00371840
16494, 0.00371860
16495, 0.00371880
16496, 0.00371900
16497, 0.00371920
16498, 0.00371940
16499, 0.00371960
16500, 0.00371980
16501, 0.00372000
16502, 0.00372020
16503, 0.00372040
16504, 0.00372060
16505, 0.00372080
16506, 0.00372100
16507, 0.00372120
16508, 0.00372140
16509, 0.00372160
16510, 0.00372180
16511, 0.00372210
16512, 0.00372230
16513, 0.00372250
16514, 0.00372270
16515, 0.00372290
16516, 0.00372310
16517, 0.00372330
16518, 0.00372350
16519, 0.00372370
16520, 0.00372390
16521, 0.00372410
16522, 0.00372430
16523, 0.00372450
16524, 0.00372470
16525, 0.00372490
16526, 0.00372510
16527, 0.00372530
16528, 0.00372550
16529, 0.00372570
16530, 0.00372590
16531, 0.00372620
16532, 0.00372640
16533, 0.00372660
16534, 0.00372680
16535, 0.00372700
16536, 0.00372720
16537, 0.00372740
16538, 0.00372760
16539, 0.00372780
16540, 0.00372800
16541, 0.00372820
16542, 0.00372840
16543, 0.00372860
16544, 0.00372890
16545, 0.00372910
16546, 0.00372930
16547, 0.00372950
16548, 0.00372980
16549, 0.00373000
16550, 0.00373020
16551, 0.00373040
16552, 0.00373060
16553, 0.00373080
16554, 0.00373110
16555, 0.00373130
16556, 0.00373160
16557, 0.00373180
16558, 0.00373200
16559, 0.00373220
16560, 0.00373250
16561, 0.00373270
16562, 0.00373290
16563, 0.00373310
16564, 0.00373330
16565, 0.00373350
16566, 0.00373370
16567, 0.00373390
16568, 0.00373410
16569, 0.00373430
16570, 0.00373460
16571, 0.00373480
16572, 0.00373500
16573, 0.00373520
16574, 0.00373540
16575, 0.00373560
16576, 0.00373580
16577, 0.00373600
16578, 0.00373620
16579, 0.00373640
16580, 0.00373660
16581, 0.00373680
16582, 0.00373700
16583, 0.00373720
16584, 0.00373740
16585, 0.00373760
16586, 0.00373780
16587, 0.00373800
16588, 0.00373820
16589, 0.00373840
16590, 0.00373860
16591, 0.00373880
16592, 0.00373900
16593, 0.00373920
16594, 0.00373940
16595, 0.00373970
16596, 0.00373990
16597, 0.00374010
16598, 0.00374030
16599, 0.00374050
16600, 0.00374070
16601, 0.00374090
16602, 0.00374110
16603, 0.00374130
16604, 0.00374150
16605, 0.00374170
16606, 0.00374190
16607, 0.00374210
16608, 0.00374230
16609, 0.00374250
16610, 0.00374270
16611, 0.00374290
16612, 0.00374310
16613, 0.00374330
16614, 0.00374350
16615, 0.00374370
16616, 0.00374390
16617, 0.00374420
16618, 0.00374440
16619, 0.00374460
16620, 0.00374480
16621, 0.00374500
16622, 0.00374520
16623, 0.00374540
16624, 0.00374560
16625, 0.00374580
16626, 0.00374600
16627, 0.00374620
16628, 0.00374640
16629, 0.00374660
16630, 0.00374680
16631, 0.00374700
16632, 0.00374720
16633, 0.00374740
16634, 0.00374760
16635, 0.00374780
16636, 0.00374800
16637, 0.00374830
16638, 0.00374850
16639, 0.00374870
16640, 0.00374890
16641, 0.00374910
16642, 0.00374930
16643, 0.00374950
16644, 0.00374970
16645, 0.00374990
16646, 0.00375010
16647, 0.00375030
16648, 0.00375050
16649, 0.00375070
16650, 0.00375090
16651, 0.00375110
16652, 0.00375130
16653, 0.00375150
16654, 0.00375170
16655, 0.00375190
16656, 0.00375210
16657, 0.00375230
16658, 0.00375260
16659, 0.00375280
16660, 0.00375300
16661, 0.00375320
16662, 0.00375340
16663, 0.00375360
16664, 0.00375380
16665, 0.00375400
16666, 0.00375420
16667, 0.00375440
16668, 0.00375460
16669, 0.00375480
16670, 0.00375500
16671, 0.00375520
16672, 0.00375550
16673, 0.00375570
16674, 0.00375600
16675, 0.00375620
16676, 0.00375640
16677, 0.00375660
16678, 0.00375680
16679, 0.00375700
16680, 0.00375720
16681, 0.00375740
16682, 0.00375770
16683, 0.00375790
16684, 0.00375820
16685, 0.00375840
16686, 0.00375860
16687, 0.00375880
16688, 0.00375910
16689, 0.00375930
16690, 0.00375950
16691, 0.00375970
16692, 0.00375990
16693, 0.00376010
16694, 0.00376030
16695, 0.00376050
16696, 0.00376070
16697, 0.00376090
16698, 0.00376120
16699, 0.00376140
16700, 0.00376160
16701, 0.00376180
16702, 0.00376200
16703, 0.00376220
16704, 0.00376240
16705, 0.00376260
16706, 0.00376280
16707, 0.00376300
16708, 0.00376320
16709, 0.00376340
16710, 0.00376360
16711, 0.00376380
16712, 0.00376400
16713, 0.00376420
16714, 0.00376440
16715, 0.00376460
16716, 0.00376480
16717, 0.00376500
16718, 0.00376520
16719, 0.00376540
16720, 0.00376560
16721, 0.00376580
16722, 0.00376610
16723, 0.00376630
16724, 0.00376650
16725, 0.00376670
16726, 0.00376690
16727, 0.00376710
16728, 0.00376730
16729, 0.00376750
16730, 0.00376770
16731, 0.00376790
16732, 0.00376810
16733, 0.00376830
16734, 0.00376850
16735, 0.00376870
16736, 0.00376890
16737, 0.00376910
16738, 0.00376930
16739, 0.00376950
16740, 0.00376970
16741, 0.00376990
16742, 0.00377010
16743, 0.00377030
16744, 0.00377050
16745, 0.00377070
16746, 0.00377100
16747, 0.00377120
16748, 0.00377140
16749, 0.00377160
16750, 0.00377180
16751, 0.00377200
16752, 0.00377220
16753, 0.00377240
16754, 0.00377260
16755, 0.00377280
16756, 0.00377300
16757, 0.00377320
16758, 0.00377340
16759, 0.00377360
16760, 0.00377380
16761, 0.00377400
16762, 0.00377420
16763, 0.00377440
16764, 0.00377460
16765, 0.00377480
16766, 0.00377500
16767, 0.00377530
16768, 0.00377550
16769, 0.00377570
16770, 0.00377590
16771, 0.00377610
16772, 0.00377630
16773, 0.00377650
16774, 0.00377670
16775, 0.00377690
16776, 0.00377710
16777, 0.00377730
16778, 0.00377750
16779, 0.00377770
16780, 0.00377790
16781, 0.00377810
16782, 0.00377830
16783, 0.00377850
16784, 0.00377870
16785, 0.00377890
16786, 0.00377910
16787, 0.00377930
16788, 0.00377960
16789, 0.00377980
16790, 0.00378000
16791, 0.00378020
16792, 0.00378040
16793, 0.00378060
16794, 0.00378080
16795, 0.00378100
16796, 0.00378120
16797, 0.00378140
16798, 0.00378160
16799, 0.00378180
16800, 0.00378660
16801, 0.00378680
16802, 0.00378710
16803, 0.00378730
16804, 0.00378750
16805, 0.00378780
16806, 0.00378800
16807, 0.00378820
16808, 0.00378840
16809, 0.00378860
16810, 0.00378880
16811, 0.00378900
16812, 0.00378920
16813, 0.00378940
16814, 0.00378960
16815, 0.00378980
16816, 0.00379000
16817, 0.00379020
16818, 0.00379040
16819, 0.00379060
16820, 0.00379080
16821, 0.00379100
16822, 0.00379120
16823, 0.00379140
16824, 0.00379160
16825, 0.00379180
16826, 0.00379200
16827, 0.00379230
16828, 0.00379250
16829, 0.00379270
16830, 0.00379290
16831, 0.00379310
16832, 0.00379330
16833, 0.00379350
16834, 0.00379370
16835, 0.00379390
16836, 0.00379410
16837, 0.00379430
16838, 0.00379450
16839, 0.00379470
16840, 0.00379490
16841, 0.00379510
16842, 0.00379530
16843, 0.00379560
16844, 0.00379580
16845, 0.00379600
16846, 0.00379620
16847, 0.00379640
16848, 0.00379660
16849, 0.00379680
16850, 0.00379700
16851, 0.00379720
16852, 0.00379740
16853, 0.00379760
16854, 0.00379780
16855, 0.00379800
16856, 0.00379820
16857, 0.00379840
16858, 0.00379860
16859, 0.00379880
16860, 0.00379900
16861, 0.00379920
16862, 0.00379940
16863, 0.00379970
16864, 0.00379990
16865, 0.00380010
16866, 0.00380030
16867, 0.00380050
16868, 0.00380070
16869, 0.00380090
16870, 0.00380110
16871, 0.00380130
16872, 0.00380150
16873, 0.00380170
16874, 0.00380190
16875, 0.00380210
16876, 0.00380230
16877, 0.00380250
16878, 0.00380270
16879, 0.00380290
16880, 0.00380310
16881, 0.00380330
16882, 0.00380350
16883, 0.00380370
16884, 0.00380400
16885, 0.00380420
16886, 0.00380440
16887, 0.00380460
16888, 0.00380480
16889, 0.00380500
16890, 0.00380520
16891, 0.00380540
16892, 0.00380560
16893, 0.00380580
16894, 0.00380600
16895, 0.00380620
16896, 0.00380640
16897, 0.00380660
16898, 0.00380680
16899, 0.00380700
16900, 0.00380720
16901, 0.00380750
16902, 0.00380770
16903, 0.00380790
16904, 0.00380810
16905, 0.00380830
16906, 0.00380850
16907, 0.00380870
16908, 0.00380890
16909, 0.00380910
16910, 0.00380930
16911, 0.00380950
16912, 0.00380970
16913, 0.00380990
16914, 0.00381010
16915, 0.00381030
16916, 0.00381050
16917, 0.00381080
16918, 0.00381100
16919, 0.00381120
16920, 0.00381140
16921, 0.00381160
16922, 0.00381180
16923, 0.00381200
16924, 0.00381220
16925, 0.00381240
16926, 0.00381270
16927, 0.00381290
16928, 0.00381310
16929, 0.00381330
16930, 0.00381360
16931, 0.00381380
16932, 0.00381400
16933, 0.00381420
16934, 0.00381440
16935, 0.00381460
16936, 0.00381490
16937, 0.00381510
16938, 0.00381540
16939, 0.00381560
16940, 0.00381580
16941, 0.00381600
16942, 0.00381630
16943, 0.00381650
16944, 0.00381670
16945, 0.00381690
16946, 0.00381710
16947, 0.00381730
16948, 0.00381750
16949, 0.00381770
16950, 0.00381790
16951, 0.00381810
16952, 0.00381830
16953, 0.00381860
16954, 0.00381880
16955, 0.00381900
16956, 0.00381920
16957, 0.00381940
16958, 0.00381960
16959, 0.00381980
16960, 0.00382000
16961, 0.00382020
16962, 0.00382040
16963, 0.00382060
16964, 0.00382080
16965, 0.00382100
16966, 0.00382120
16967, 0.00382140
16968, 0.00382160
16969, 0.00382180
16970, 0.00382200
16971, 0.00382220
16972, 0.00382240
16973, 0.00382260
16974, 0.00382280
16975, 0.00382310
16976, 0.00382330
16977, 0.00382350
16978, 0.00382370
16979, 0.00382390
16980, 0.00382410
16981, 0.00382430
16982, 0.00382450
16983, 0.00382470
16984, 0.00382490
16985, 0.00382510
16986, 0.00382530
16987, 0.00382550
16988, 0.00382570
16989, 0.00382590
16990, 0.00382610
16991, 0.00382630
16992, 0.00382650
16993, 0.00382670
16994, 0.00382690
16995, 0.00382710
16996, 0.00382740
16997, 0.00382760
16998, 0.00382780
16999, 0.00382800
17000, 0.00382820
17001, 0.00382840
17002, 0.00382860
17003, 0.00382880
17004, 0.00382900
17005, 0.00382920
17006, 0.00382940
17007, 0.00382960
17008, 0.00382980
17009, 0.00383000
17010, 0.00383020
17011, 0.00383040
17012, 0.00383060
17013, 0.00383080
17014, 0.00383100
17015, 0.00383120
17016, 0.00383150
17017, 0.00383170
17018, 0.00383190
17019, 0.00383210
17020, 0.00383230
17021, 0.00383250
17022, 0.00383270
17023, 0.00383290
17024, 0.00383310
17025, 0.00383330
17026, 0.00383350
17027, 0.00383370
17028, 0.00383390
17029, 0.00383410
17030, 0.00383430
17031, 0.00383450
17032, 0.00383470
17033, 0.00383490
17034, 0.00383510
17035, 0.00383530
17036, 0.00383550
17037, 0.00383580
17038, 0.00383600
17039, 0.00383620
17040, 0.00383640
17041, 0.00383660
17042, 0.00383680
17043, 0.00383700
17044, 0.00383720
17045, 0.00383740
17046, 0.00383760
17047, 0.00383780
17048, 0.00383800
17049, 0.00383820
17050, 0.00383840
17051, 0.00383860
17052, 0.00383880
17053, 0.00383900
17054, 0.00383930
17055, 0.00383960
17056, 0.00383980
17057, 0.00384000
17058, 0.00384020
17059, 0.00384040
17060, 0.00384060
17061, 0.00384080
17062, 0.00384100
17063, 0.00384120
17064, 0.00384150
17065, 0.00384170
17066, 0.00384200
17067, 0.00384220
17068, 0.00384250
17069, 0.00384270
17070, 0.00384290
17071, 0.00384310
17072, 0.00384330
17073, 0.00384350
17074, 0.00384380
17075, 0.00384400
17076, 0.00384420
17077, 0.00384440
17078, 0.00384460
17079, 0.00384480
17080, 0.00384500
17081, 0.00384520
17082, 0.00384540
17083, 0.00384560
17084, 0.00384580
17085, 0.00384600
17086, 0.00384620
17087, 0.00384640
17088, 0.00384660
17089, 0.00384680
17090, 0.00384700
17091, 0.00384720
17092, 0.00384740
17093, 0.00384770
17094, 0.00384790
17095, 0.00384810
17096, 0.00384830
17097, 0.00384850
17098, 0.00384870
17099, 0.00384890
17100, 0.00384910
17101, 0.00384930
17102, 0.00384950
17103, 0.00384970
17104, 0.00384990
17105, 0.00385010
17106, 0.00385030
17107, 0.00385050
17108, 0.00385070
17109, 0.00385090
17110, 0.00385110
17111, 0.00385130
17112, 0.00385150
17113, 0.00385170
17114, 0.00385200
17115, 0.00385220
17116, 0.00385240
17117, 0.00385260
17118, 0.00385280
17119, 0.00385300
17120, 0.00385320
17121, 0.00385340
17122, 0.00385360
17123, 0.00385380
17124, 0.00385400
17125, 0.00385420
17126, 0.00385440
17127, 0.00385460
17128, 0.00385480
17129, 0.00385500
17130, 0.00385520
17131, 0.00385540
17132, 0.00385560
17133, 0.00385590
17134, 0.00385610
17135, 0.00385630
17136, 0.00385650
17137, 0.00385670
17138, 0.00385690
17139, 0.00385710
17140, 0.00385730
17141, 0.00385750
17142, 0.00385770
17143, 0.00385790
17144, 0.00385810
17145, 0.00385830
17146, 0.00385850
17147, 0.00385870
17148, 0.00385890
17149, 0.00385910
17150, 0.00385930
17151, 0.00385950
17152, 0.00385970
17153, 0.00385990
17154, 0.00386010
17155, 0.00386030
17156, 0.00386060
17157, 0.00386080
17158, 0.00386100
17159, 0.00386120
17160, 0.00386140
17161, 0.00386160
17162, 0.00386180
17163, 0.00386200
17164, 0.00386220
17165, 0.00386240
17166, 0.00386260
17167, 0.00386280
17168, 0.00386300
17169, 0.00386320
17170, 0.00386340
17171, 0.00386360
17172, 0.00386380
17173, 0.00386400
17174, 0.00386420
17175, 0.00386440
17176, 0.00386460
17177, 0.00386480
17178, 0.00386510
17179, 0.00386530
17180, 0.00386550
17181, 0.00386570
17182, 0.00386600
17183, 0.00386620
17184, 0.00386640
17185, 0.00386660
17186, 0.00386680
17187, 0.00386700
17188, 0.00386720
17189, 0.00386740
17190, 0.00386760
17191, 0.00386780
17192, 0.00386810
17193, 0.00386830
17194, 0.00386860
17195, 0.00386880
17196, 0.00386900
17197, 0.00386920
17198, 0.00386950
17199, 0.00386970
17200, 0.00386990
17201, 0.00387010
17202, 0.00387040
17203, 0.00387060
17204, 0.00387080
17205, 0.00387100
17206, 0.00387120
17207, 0.00387140
17208, 0.00387160
17209, 0.00387180
17210, 0.00387200
17211, 0.00387220
17212, 0.00387240
17213, 0.00387260
17214, 0.00387280
17215, 0.00387300
17216, 0.00387320
17217, 0.00387340
17218, 0.00387360
17219, 0.00387380
17220, 0.00387400
17221, 0.00387420
17222, 0.00387440
17223, 0.00387470
17224, 0.00387490
17225, 0.00387510
17226, 0.00387530
17227, 0.00387550
17228, 0.00387570
17229, 0.00387590
17230, 0.00387610
17231, 0.00387630
17232, 0.00387650
17233, 0.00387670
17234, 0.00387690
17235, 0.00387710
17236, 0.00387730
17237, 0.00387750
17238, 0.00387770
17239, 0.00387800
17240, 0.00387820
17241, 0.00387840
17242, 0.00387860
17243, 0.00387880
17244, 0.00387900
17245, 0.00387920
17246, 0.00387940
17247, 0.00387960
17248, 0.00387980
17249, 0.00388000
17250, 0.00388020
17251, 0.00388040
17252, 0.00388060
17253, 0.00388080
17254, 0.00388100
17255, 0.00388120
17256, 0.00388150
17257, 0.00388170
17258, 0.00388190
17259, 0.00388210
17260, 0.00388230
17261, 0.00388250
17262, 0.00388270
17263, 0.00388290
17264, 0.00388310
17265, 0.00388330
17266, 0.00388350
17267, 0.00388370
17268, 0.00388390
17269, 0.00388410
17270, 0.00388430
17271, 0.00388450
17272, 0.00388470
17273, 0.00388490
17274, 0.00388510
17275, 0.00388530
17276, 0.00388550
17277, 0.00388580
17278, 0.00388600
17279, 0.00388620
17280, 0.00388640
17281, 0.00388660
17282, 0.00388680
17283, 0.00388700
17284, 0.00388720
17285, 0.00388740
17286, 0.00388760
17287, 0.00388780
17288, 0.00388800
17289, 0.00388820
17290, 0.00388840
17291, 0.00388860
17292, 0.00388880
17293, 0.00388900
17294, 0.00388930
17295, 0.00388950
17296, 0.00388970
17297, 0.00388990
17298, 0.00389010
17299, 0.00389030
17300, 0.00389050
17301, 0.00389070
17302, 0.00389090
17303, 0.00389110
17304, 0.00389130
17305, 0.00389150
17306, 0.00389170
17307, 0.00389190
17308, 0.00389220
17309, 0.00389240
17310, 0.00389270
17311, 0.00389290
17312, 0.00389310
17313, 0.00389330
17314, 0.00389350
17315, 0.00389370
17316, 0.00389390
17317, 0.00389410
17318, 0.00389440
17319, 0.00389460
17320, 0.00389500
17321, 0.00389520
17322, 0.00389540
17323, 0.00389560
17324, 0.00389590
17325, 0.00389610
17326, 0.00389640
17327, 0.00389660
17328, 0.00389680
17329, 0.00389700
17330, 0.00389720
17331, 0.00389740
17332, 0.00389760
17333, 0.00389780
17334, 0.00389800
17335, 0.00389820
17336, 0.00389840
17337, 0.00389860
17338, 0.00389880
17339, 0.00389900
17340, 0.00389920
17341, 0.00389950
17342, 0.00389970
17343, 0.00389990
17344, 0.00390010
17345, 0.00390030
17346, 0.00390050
17347, 0.00390070
17348, 0.00390090
17349, 0.00390110
17350, 0.00390130
17351, 0.00390150
17352, 0.00390170
17353, 0.00390190
17354, 0.00390210
17355, 0.00390230
17356, 0.00390250
17357, 0.00390270
17358, 0.00390290
17359, 0.00390310
17360, 0.00390330
17361, 0.00390350
17362, 0.00390380
17363, 0.00390400
17364, 0.00390420
17365, 0.00390440
17366, 0.00390460
17367, 0.00390480
17368, 0.00390500
17369, 0.00390520
17370, 0.00390540
17371, 0.00390560
17372, 0.00390580
17373, 0.00390600
17374, 0.00390620
17375, 0.00390640
17376, 0.00390660
17377, 0.00390680
17378, 0.00390700
17379, 0.00390720
17380, 0.00390740
17381, 0.00390760
17382, 0.00390790
17383, 0.00390810
17384, 0.00390830
17385, 0.00390850
17386, 0.00390870
17387, 0.00390890
17388, 0.00390910
17389, 0.00390930
17390, 0.00390950
17391, 0.00390970
17392, 0.00390990
17393, 0.00391010
17394, 0.00391030
17395, 0.00391050
17396, 0.00391070
17397, 0.00391090
17398, 0.00391110
17399, 0.00391130
17400, 0.00391150
17401, 0.00391170
17402, 0.00391190
17403, 0.00391210
17404, 0.00391240
17405, 0.00391260
17406, 0.00391280
17407, 0.00391300
17408, 0.00391320
17409, 0.00391340
17410, 0.00391360
17411, 0.00391380
17412, 0.00391400
17413, 0.00391420
17414, 0.00391440
17415, 0.00391460
17416, 0.00391480
17417, 0.00391500
17418, 0.00391520
17419, 0.00391540
17420, 0.00391560
17421, 0.00391580
17422, 0.00391600
17423, 0.00391620
17424, 0.00391640
17425, 0.00391670
17426, 0.00391690
17427, 0.00391710
17428, 0.00391730
17429, 0.00391750
17430, 0.00391770
17431, 0.00391790
17432, 0.00391810
17433, 0.00391830
17434, 0.00391850
17435, 0.00391870
17436, 0.00391900
17437, 0.00391920
17438, 0.00391940
17439, 0.00391960
17440, 0.00391990
17441, 0.00392010
17442, 0.00392030
17443, 0.00392050
17444, 0.00392070
17445, 0.00392090
17446, 0.00392120
17447, 0.00392140
17448, 0.00392190
17449, 0.00392210
17450, 0.00392240
17451, 0.00392260
17452, 0.00392290
17453, 0.00392310
17454, 0.00392330
17455, 0.00392350
17456, 0.00392370
17457, 0.00392390
17458, 0.00392410
17459, 0.00392430
17460, 0.00392460
17461, 0.00392480
17462, 0.00392500
17463, 0.00392520
17464, 0.00392540
17465, 0.00392560
17466, 0.00392580
17467, 0.00392600
17468, 0.00392620
17469, 0.00392640
17470, 0.00392660
17471, 0.00392680
17472, 0.00392700
17473, 0.00392720
17474, 0.00392740
17475, 0.00392760
17476, 0.00392780
17477, 0.00392800
17478, 0.00392820
17479, 0.00392840
17480, 0.00392860
17481, 0.00392890
17482, 0.00392910
17483, 0.00392930
17484, 0.00392950
17485, 0.00392970
17486, 0.00392990
17487, 0.00393010
17488, 0.00393030
17489, 0.00393050
17490, 0.00393070
17491, 0.00393090
17492, 0.00393110
17493, 0.00393130
17494, 0.00393150
17495, 0.00393170
17496, 0.00393190
17497, 0.00393210
17498, 0.00393230
17499, 0.00393250
17500, 0.00393270
17501, 0.00393300
17502, 0.00393320
17503, 0.00393340
17504, 0.00393360
17505, 0.00393380
17506, 0.00393400
17507, 0.00393420
17508, 0.00393440
17509, 0.00393460
17510, 0.00393480
17511, 0.00393500
17512, 0.00393520
17513, 0.00393540
17514, 0.00393560
17515, 0.00393580
17516, 0.00393600
17517, 0.00393620
17518, 0.00393640
17519, 0.00393670
17520, 0.00393690
17521, 0.00393710
17522, 0.00393730
17523, 0.00393750
17524, 0.00393770
17525, 0.00393790
17526, 0.00393810
17527, 0.00393830
17528, 0.00393850
17529, 0.00393870
17530, 0.00393890
17531, 0.00393910
17532, 0.00393930
17533, 0.00393950
17534, 0.00393970
17535, 0.00393990
17536, 0.00394020
17537, 0.00394040
17538, 0.00394060
17539, 0.00394080
17540, 0.00394100
17541, 0.00394120
17542, 0.00394140
17543, 0.00394160
17544, 0.00394180
17545, 0.00394200
17546, 0.00394220
17547, 0.00394240
17548, 0.00394260
17549, 0.00394280
17550, 0.00394300
17551, 0.00394320
17552, 0.00394340
17553, 0.00394360
17554, 0.00394380
17555, 0.00394410
17556, 0.00394430
17557, 0.00394450
17558, 0.00394470
17559, 0.00394490
17560, 0.00394510
17561, 0.00394530
17562, 0.00394550
17563, 0.00394570
17564, 0.00394600
17565, 0.00394620
17566, 0.00394640
17567, 0.00394660
17568, 0.00394690
17569, 0.00394710
17570, 0.00394730
17571, 0.00394750
17572, 0.00394770
17573, 0.00394790
17574, 0.00394820
17575, 0.00394840
17576, 0.00394860
17577, 0.00394880
17578, 0.00394930
17579, 0.00394950
17580, 0.00394970
17581, 0.00395000
17582, 0.00395020
17583, 0.00395040
17584, 0.00395060
17585, 0.00395080
17586, 0.00395100
17587, 0.00395120
17588, 0.00395140
17589, 0.00395160
17590, 0.00395180
17591, 0.00395200
17592, 0.00395220
17593, 0.00395240
17594, 0.00395260
17595, 0.00395280
17596, 0.00395300
17597, 0.00395320
17598, 0.00395340
17599, 0.00395360
17600, 0.00395380
17601, 0.00395400
17602, 0.00395420
17603, 0.00395440
17604, 0.00395460
17605, 0.00395490
17606, 0.00395510
17607, 0.00395530
17608, 0.00395550
17609, 0.00395570
17610, 0.00395590
17611, 0.00395610
17612, 0.00395630
17613, 0.00395650
17614, 0.00395670
17615, 0.00395690
17616, 0.00395710
17617, 0.00395730
17618, 0.00395750
17619, 0.00395770
17620, 0.00395790
17621, 0.00395810
17622, 0.00395830
17623, 0.00395850
17624, 0.00395870
17625, 0.00395900
17626, 0.00395920
17627, 0.00395940
17628, 0.00395960
17629, 0.00395980
17630, 0.00396000
17631, 0.00396020
17632, 0.00396040
17633, 0.00396060
17634, 0.00396080
17635, 0.00396100
17636, 0.00396120
17637, 0.00396140
17638, 0.00396160
17639, 0.00396180
17640, 0.00396200
17641, 0.00396220
17642, 0.00396240
17643, 0.00396260
17644, 0.00396280
17645, 0.00396300
17646, 0.00396320
17647, 0.00396350
17648, 0.00396370
17649, 0.00396390
17650, 0.00396410
17651, 0.00396430
17652, 0.00396450
17653, 0.00396470
17654, 0.00396490
17655, 0.00396510
17656, 0.00396530
17657, 0.00396550
17658, 0.00396570
17659, 0.00396590
17660, 0.00396610
17661, 0.00396630
17662, 0.00396650
17663, 0.00396670
17664, 0.00396690
17665, 0.00396710
17666, 0.00396730
17667, 0.00396760
17668, 0.00396780
17669, 0.00396800
17670, 0.00396820
17671, 0.00396840
17672, 0.00396860
17673, 0.00396880
17674, 0.00396900
17675, 0.00396920
17676, 0.00396940
17677, 0.00396960
17678, 0.00396980
17679, 0.00397000
17680, 0.00397020
17681, 0.00397040
17682, 0.00397060
17683, 0.00397080
17684, 0.00397100
17685, 0.00397120
17686, 0.00397140
17687, 0.00397170
17688, 0.00397190
17689, 0.00397210
17690, 0.00397230
17691, 0.00397250
17692, 0.00397280
17693, 0.00397300
17694, 0.00397320
17695, 0.00397340
17696, 0.00397360
17697, 0.00397380
17698, 0.00397400
17699, 0.00397420
17700, 0.00397440
17701, 0.00397460
17702, 0.00397490
17703, 0.00397510
17704, 0.00397530
17705, 0.00397560
17706, 0.00397580
17707, 0.00397600
17708, 0.00397650
17709, 0.00397680
17710, 0.00397700
17711, 0.00397720
17712, 0.00397740
17713, 0.00397760
17714, 0.00397780
17715, 0.00397800
17716, 0.00397820
17717, 0.00397840
17718, 0.00397860
17719, 0.00397880
17720, 0.00397900
17721, 0.00397920
17722, 0.00397940
17723, 0.00397960
17724, 0.00397980
17725, 0.00398000
17726, 0.00398020
17727, 0.00398040
17728, 0.00398060
17729, 0.00398080
17730, 0.00398110
17731, 0.00398130
17732, 0.00398150
17733, 0.00398170
17734, 0.00398190
17735, 0.00398210
17736, 0.00398230
17737, 0.00398250
17738, 0.00398270
17739, 0.00398290
17740, 0.00398310
17741, 0.00398330
17742, 0.00398350
17743, 0.00398370
17744, 0.00398390
17745, 0.00398410
17746, 0.00398430
17747, 0.00398460
17748, 0.00398480
17749, 0.00398500
17750, 0.00398520
17751, 0.00398540
17752, 0.00398560
17753, 0.00398580
17754, 0.00398600
17755, 0.00398620
17756, 0.00398640
17757, 0.00398660
17758, 0.00398680
17759, 0.00398700
17760, 0.00398720
17761, 0.00398740
17762, 0.00398760
17763, 0.00398780
17764, 0.00398800
17765, 0.00398820
17766, 0.00398850
17767, 0.00398870
17768, 0.00398890
17769, 0.00398910
17770, 0.00398930
17771, 0.00398950
17772, 0.00398970
17773, 0.00398990
17774, 0.00399010
17775, 0.00399030
17776, 0.00399050
17777, 0.00399070
17778, 0.00399090
17779, 0.00399110
17780, 0.00399130
17781, 0.00399150
17782, 0.00399170
17783, 0.00399190
17784, 0.00399210
17785, 0.00399240
17786, 0.00399260
17787, 0.00399280
17788, 0.00399300
17789, 0.00399320
17790, 0.00399340
17791, 0.00399360
17792, 0.00399380
17793, 0.00399400
17794, 0.00399420
17795, 0.00399440
17796, 0.00399460
17797, 0.00399480
17798, 0.00399500
17799, 0.00399520
17800, 0.00399540
17801, 0.00399560
17802, 0.00399580
17803, 0.00399600
17804, 0.00399620
17805, 0.00399650
17806, 0.00399670
17807, 0.00399690
17808, 0.00399710
17809, 0.00399730
17810, 0.00399750
17811, 0.00399770
17812, 0.00399790
17813, 0.00399810
17814, 0.00399830
17815, 0.00399850
17816, 0.00399870
17817, 0.00399890
17818, 0.00399910
17819, 0.00399940
17820, 0.00399970
17821, 0.00399990
17822, 0.00400020
17823, 0.00400040
17824, 0.00400060
17825, 0.00400080
17826, 0.00400100
17827, 0.00400120
17828, 0.00400150
17829, 0.00400170
17830, 0.00400190
17831, 0.00400210
17832, 0.00400240
17833, 0.00400260
17834, 0.00400290
17835, 0.00400310
17836, 0.00400340
17837, 0.00400360
17838, 0.00400380
17839, 0.00400400
17840, 0.00400420
17841, 0.00400440
17842, 0.00400460
17843, 0.00400480
17844, 0.00400500
17845, 0.00400520
17846, 0.00400540
17847, 0.00400560
17848, 0.00400580
17849, 0.00400600
17850, 0.00400620
17851, 0.00400640
17852, 0.00400660
17853, 0.00400680
17854, 0.00400700
17855, 0.00400730
17856, 0.00400750
17857, 0.00400770
17858, 0.00400790
17859, 0.00400810
17860, 0.00400830
17861, 0.00400850
17862, 0.00400870
17863, 0.00400890
17864, 0.00400910
17865, 0.00400930
17866, 0.00400950
17867, 0.00400970
17868, 0.00400990
17869, 0.00401010
17870, 0.00401030
17871, 0.00401050
17872, 0.00401070
17873, 0.00401090
17874, 0.00401120
17875, 0.00401140
17876, 0.00401160
17877, 0.00401180
17878, 0.00401200
17879, 0.00401220
17880, 0.00401240
17881, 0.00401260
17882, 0.00401280
17883, 0.00401300
17884, 0.00401320
17885, 0.00401340
17886, 0.00401360
17887, 0.00401380
17888, 0.00401400
17889, 0.00401420
17890, 0.00401440
17891, 0.00401460
17892, 0.00401480
17893, 0.00401500
17894, 0.00401520
17895, 0.00401540
17896, 0.00401570
17897, 0.00401590
17898, 0.00401610
17899, 0.00401630
17900, 0.00401650
17901, 0.00401670
17902, 0.00401690
17903, 0.00401710
17904, 0.00401730
17905, 0.00401750
17906, 0.00401770
17907, 0.00401790
17908, 0.00401810
17909, 0.00401830
17910, 0.00401850
17911, 0.00401870
17912, 0.00401890
17913, 0.00401910
17914, 0.00401930
17915, 0.00401950
17916, 0.00401970
17917, 0.00401990
17918, 0.00402020
17919, 0.00402040
17920, 0.00402060
17921, 0.00402080
17922, 0.00402100
17923, 0.00402120
17924, 0.00402140
17925, 0.00402160
17926, 0.00402180
17927, 0.00402200
17928, 0.00402220
17929, 0.00402240
17930, 0.00402260
17931, 0.00402280
17932, 0.00402300
17933, 0.00402320
17934, 0.00402340
17935, 0.00402360
17936, 0.00402380
17937, 0.00402410
17938, 0.00402430
17939, 0.00402450
17940, 0.00402470
17941, 0.00402490
17942, 0.00402510
17943, 0.00402530
17944, 0.00402550
17945, 0.00402570
17946, 0.00402600
17947, 0.00402620
17948, 0.00402640
17949, 0.00402660
17950, 0.00402690
17951, 0.00402710
17952, 0.00402730
17953, 0.00402750
17954, 0.00402770
17955, 0.00402790
17956, 0.00402820
17957, 0.00402840
17958, 0.00402870
17959, 0.00402890
17960, 0.00402910
17961, 0.00402930
17962, 0.00402960
17963, 0.00402980
17964, 0.00403000
17965, 0.00403020
17966, 0.00403040
17967, 0.00403060
17968, 0.00403080
17969, 0.00403100
17970, 0.00403120
17971, 0.00403140
17972, 0.00403160
17973, 0.00403190
17974, 0.00403240
17975, 0.00403280
17976, 0.00403320
17977, 0.00403360
17978, 0.00403400
17979, 0.00403430
17980, 0.00403470
17981, 0.00403510
17982, 0.00403550
17983, 0.00403580
17984, 0.00403620
17985, 0.00403660
17986, 0.00403700
17987, 0.00403740
17988, 0.00403780
17989, 0.00403820
17990, 0.00403860
17991, 0.00403900
17992, 0.00403940
17993, 0.00403980
17994, 0.00404020
17995, 0.00404060
17996, 0.00404090
17997, 0.00404130
17998, 0.00404170
17999, 0.00404210
18000, 0.00404250
18001, 0.00404290
18002, 0.00404320
18003, 0.00404360
18004, 0.00404400
18005, 0.00404440
18006, 0.00404470
18007, 0.00404510
18008, 0.00404540
18009, 0.00404560
18010, 0.00404580
18011, 0.00404610
18012, 0.00404630
18013, 0.00404650
18014, 0.00404670
18015, 0.00404700
18016, 0.00404720
18017, 0.00404740
18018, 0.00404770
18019, 0.00404790
18020, 0.00404810
18021, 0.00404830
18022, 0.00404850
18023, 0.00404870
18024, 0.00404890
18025, 0.00404910
18026, 0.00404930
18027, 0.00404950
18028, 0.00404970
18029, 0.00405000
18030, 0.00405020
18031, 0.00405040
18032, 0.00405060
18033, 0.00405080
18034, 0.00405100
18035, 0.00405120
18036, 0.00405140
18037, 0.00405160
18038, 0.00405180
18039, 0.00405200
18040, 0.00405220
18041, 0.00405240
18042, 0.00405260
18043, 0.00405280
18044, 0.00405300
18045, 0.00405320
18046, 0.00405340
18047, 0.00405360
18048, 0.00405380
18049, 0.00405400
18050, 0.00405420
18051, 0.00405440
18052, 0.00405460
18053, 0.00405490
18054, 0.00405510
18055, 0.00405530
18056, 0.00405550
18057, 0.00405570
18058, 0.00405590
18059, 0.00405610
18060, 0.00405630
18061, 0.00405650
18062, 0.00405670
18063, 0.00405690
18064, 0.00405710
18065, 0.00405730
18066, 0.00405750
18067, 0.00405770
18068, 0.00405790
18069, 0.00405810
18070, 0.00405830
18071, 0.00405850
18072, 0.00405870
18073, 0.00405890
18074, 0.00405920
18075, 0.00405940
18076, 0.00405960
18077, 0.00405980
18078, 0.00406010
18079, 0.00406030
18080, 0.00406050
18081, 0.00406070
18082, 0.00406090
18083, 0.00406110
18084, 0.00406130
18085, 0.00406150
18086, 0.00406170
18087, 0.00406190
18088, 0.00406220
18089, 0.00406240
18090, 0.00406260
18091, 0.00406280
18092, 0.00406300
18093, 0.00406320
18094, 0.00406340
18095, 0.00406360
18096, 0.00406380
18097, 0.00406400
18098, 0.00406420
18099, 0.00406440
18100, 0.00406460
18101, 0.00406480
18102, 0.00406500
18103, 0.00406520
18104, 0.00406540
18105, 0.00406570
18106, 0.00406590
18107, 0.00406610
18108, 0.00406630
18109, 0.00406650
18110, 0.00406670
18111, 0.00406690
18112, 0.00406710
18113, 0.00406730
18114, 0.00406750
18115, 0.00406770
18116, 0.00406790
18117, 0.00406810
18118, 0.00406830
18119, 0.00406850
18120, 0.00406870
18121, 0.00406890
18122, 0.00406910
18123, 0.00406930
18124, 0.00406950
18125, 0.00406970
18126, 0.00406990
18127, 0.00407010
18128, 0.00407030
18129, 0.00407060
18130, 0.00407080
18131, 0.00407100
18132, 0.00407120
18133, 0.00407140
18134, 0.00407160
18135, 0.00407180
18136, 0.00407200
18137, 0.00407220
18138, 0.00407240
18139, 0.00407260
18140, 0.00407280
18141, 0.00407300
18142, 0.00407320
18143, 0.00407340
18144, 0.00407360
18145, 0.00407380
18146, 0.00407410
18147, 0.00407430
18148, 0.00407450
18149, 0.00407470
18150, 0.00407490
18151, 0.00407510
18152, 0.00407530
18153, 0.00407550
18154, 0.00407570
18155, 0.00407590
18156, 0.00407610
18157, 0.00407630
18158, 0.00407650
18159, 0.00407670
18160, 0.00407690
18161, 0.00407710
18162, 0.00407730
18163, 0.00407760
18164, 0.00407780
18165, 0.00407800
18166, 0.00407820
18167, 0.00407840
18168, 0.00407860
18169, 0.00407880
18170, 0.00407900
18171, 0.00407920
18172, 0.00407940
18173, 0.00407960
18174, 0.00407980
18175, 0.00408000
18176, 0.00408020
18177, 0.00408040
18178, 0.00408060
18179, 0.00408080
18180, 0.00408100
18181, 0.00408130
18182, 0.00408150
18183, 0.00408170
18184, 0.00408190
18185, 0.00408210
18186, 0.00408230
18187, 0.00408250
18188, 0.00408270
18189, 0.00408290
18190, 0.00408310
18191, 0.00408330
18192, 0.00408350
18193, 0.00408370
18194, 0.00408390
18195, 0.00408410
18196, 0.00408430
18197, 0.00408450
18198, 0.00408470
18199, 0.00408490
18200, 0.00408510
18201, 0.00408530
18202, 0.00408560
18203, 0.00408580
18204, 0.00408600
18205, 0.00408620
18206, 0.00408640
18207, 0.00408670
18208, 0.00408690
18209, 0.00408710
18210, 0.00408730
18211, 0.00408750
18212, 0.00408770
18213, 0.00408790
18214, 0.00408820
18215, 0.00408840
18216, 0.00408870
18217, 0.00408890
18218, 0.00408920
18219, 0.00408940
18220, 0.00408960
18221, 0.00408980
18222, 0.00409000
18223, 0.00409020
18224, 0.00409040
18225, 0.00409060
18226, 0.00409080
18227, 0.00409100
18228, 0.00409120
18229, 0.00409140
18230, 0.00409160
18231, 0.00409180
18232, 0.00409200
18233, 0.00409220
18234, 0.00409240
18235, 0.00409260
18236, 0.00409280
18237, 0.00409300
18238, 0.00409320
18239, 0.00409340
18240, 0.00409360
18241, 0.00409390
18242, 0.00409410
18243, 0.00409430
18244, 0.00409450
18245, 0.00409470
18246, 0.00409490
18247, 0.00409510
18248, 0.00409530
18249, 0.00409550
18250, 0.00409570
18251, 0.00409590
18252, 0.00409610
18253, 0.00409630
18254, 0.00409650
18255, 0.00409670
18256, 0.00409690
18257, 0.00409710
18258, 0.00409730
18259, 0.00409750
18260, 0.00409770
18261, 0.00409790
18262, 0.00409810
18263, 0.00409840
18264, 0.00409860
18265, 0.00409880
18266, 0.00409900
18267, 0.00409920
18268, 0.00409940
18269, 0.00409960
18270, 0.00409980
18271, 0.00410000
18272, 0.00410020
18273, 0.00410040
18274, 0.00410060
18275, 0.00410080
18276, 0.00410100
18277, 0.00410120
18278, 0.00410140
18279, 0.00410160
18280, 0.00410180
18281, 0.00410200
18282, 0.00410220
18283, 0.00410240
18284, 0.00410270
18285, 0.00410290
18286, 0.00410310
18287, 0.00410330
18288, 0.00410350
18289, 0.00410370
18290, 0.00410390
18291, 0.00410410
18292, 0.00410430
18293, 0.00410450
18294, 0.00410470
18295, 0.00410490
18296, 0.00410510
18297, 0.00410530
18298, 0.00410550
18299, 0.00410570
18300, 0.00410590
18301, 0.00410610
18302, 0.00410630
18303, 0.00410650
18304, 0.00410670
18305, 0.00410690
18306, 0.00410710
18307, 0.00410740
18308, 0.00410760
18309, 0.00410780
18310, 0.00410800
18311, 0.00410820
18312, 0.00410840
18313, 0.00410860
18314, 0.00410880
18315, 0.00410900
18316, 0.00410920
18317, 0.00410940
18318, 0.00410960
18319, 0.00410980
18320, 0.00411000
18321, 0.00411020
18322, 0.00411040
18323, 0.00411060
18324, 0.00411080
18325, 0.00411100
18326, 0.00411120
18327, 0.00411140
18328, 0.00411160
18329, 0.00411190
18330, 0.00411220
18331, 0.00411240
18332, 0.00411270
18333, 0.00411290
18334, 0.00411310
18335, 0.00411330
18336, 0.00411350
18337, 0.00411370
18338, 0.00411400
18339, 0.00411420
18340, 0.00411450
18341, 0.00411470
18342, 0.00411490
18343, 0.00411510
18344, 0.00411540
18345, 0.00411560
18346, 0.00411590
18347, 0.00411610
18348, 0.00411630
18349, 0.00411650
18350, 0.00411670
18351, 0.00411690
18352, 0.00411710
18353, 0.00411730
18354, 0.00411750
18355, 0.00411770
18356, 0.00411790
18357, 0.00411810
18358, 0.00412520
18359, 0.00412550
18360, 0.00412580
18361, 0.00412600
18362, 0.00412620
18363, 0.00412640
18364, 0.00412660
18365, 0.00412680
18366, 0.00412700
18367, 0.00412720
18368, 0.00412740
18369, 0.00412760
18370, 0.00412780
18371, 0.00412800
18372, 0.00412820
18373, 0.00412840
18374, 0.00412860
18375, 0.00412880
18376, 0.00412910
18377, 0.00412930
18378, 0.00412950
18379, 0.00412970
18380, 0.00412990
18381, 0.00413010
18382, 0.00413030
18383, 0.00413050
18384, 0.00413070
18385, 0.00413090
18386, 0.00413110
18387, 0.00413130
18388, 0.00413150
18389, 0.00413170
18390, 0.00413190
18391, 0.00413210
18392, 0.00413230
18393, 0.00413250
18394, 0.00413270
18395, 0.00413290
18396, 0.00413310
18397, 0.00413330
18398, 0.00413360
18399, 0.00413380
18400, 0.00413400
18401, 0.00413420
18402, 0.00413440
18403, 0.00413460
18404, 0.00413480
18405, 0.00413500
18406, 0.00413520
18407, 0.00413540
18408, 0.00413560
18409, 0.00413580
18410, 0.00413600
18411, 0.00413620
18412, 0.00413640
18413, 0.00413660
18414, 0.00413680
18415, 0.00413700
18416, 0.00413720
18417, 0.00413750
18418, 0.00413770
18419, 0.00413790
18420, 0.00413810
18421, 0.00413830
18422, 0.00413850
18423, 0.00413870
18424, 0.00413890
18425, 0.00413910
18426, 0.00413930
18427, 0.00413950
18428, 0.00413970
18429, 0.00413990
18430, 0.00414010
18431, 0.00414030
18432, 0.00414050
18433, 0.00414070
18434, 0.00414090
18435, 0.00414110
18436, 0.00414130
18437, 0.00414160
18438, 0.00414180
18439, 0.00414200
18440, 0.00414220
18441, 0.00414240
18442, 0.00414260
18443, 0.00414280
18444, 0.00414300
18445, 0.00414320
18446, 0.00414340
18447, 0.00414360
18448, 0.00414380
18449, 0.00414400
18450, 0.00414420
18451, 0.00414440
18452, 0.00414460
18453, 0.00414480
18454, 0.00414500
18455, 0.00414520
18456, 0.00414550
18457, 0.00414570
18458, 0.00414590
18459, 0.00414620
18460, 0.00414640
18461, 0.00414660
18462, 0.00414680
18463, 0.00414700
18464, 0.00414720
18465, 0.00414740
18466, 0.00414770
18467, 0.00414790
18468, 0.00414820
18469, 0.00414840
18470, 0.00414860
18471, 0.00414880
18472, 0.00414910
18473, 0.00414930
18474, 0.00414950
18475, 0.00414970
18476, 0.00414990
18477, 0.00415010
18478, 0.00415030
18479, 0.00415050
18480, 0.00415070
18481, 0.00415100
18482, 0.00415120
18483, 0.00415140
18484, 0.00415160
18485, 0.00415180
18486, 0.00415200
18487, 0.00415220
18488, 0.00415240
18489, 0.00415260
18490, 0.00415280
18491, 0.00415300
18492, 0.00415320
18493, 0.00415340
18494, 0.00415360
18495, 0.00415380
18496, 0.00415400
18497, 0.00415420
18498, 0.00415440
18499, 0.00415460
18500, 0.00415480
18501, 0.00415500
18502, 0.00415530
18503, 0.00415550
18504, 0.00415570
18505, 0.00415590
18506, 0.00415610
18507, 0.00415630
18508, 0.00415650
18509, 0.00415670
18510, 0.00415690
18511, 0.00415710
18512, 0.00415730
18513, 0.00415750
18514, 0.00415770
18515, 0.00415790
18516, 0.00415810
18517, 0.00415830
18518, 0.00415850
18519, 0.00415870
18520, 0.00415890
18521, 0.00415910
18522, 0.00415930
18523, 0.00415950
18524, 0.00415980
18525, 0.00416000
18526, 0.00416020
18527, 0.00416040
18528, 0.00416060
18529, 0.00416080
18530, 0.00416100
18531, 0.00416120
18532, 0.00416140
18533, 0.00416160
18534, 0.00416180
18535, 0.00416200
18536, 0.00416220
18537, 0.00416240
18538, 0.00416260
18539, 0.00416280
18540, 0.00416300
18541, 0.00416320
18542, 0.00416350
18543, 0.00416370
18544, 0.00416390
18545, 0.00416410
18546, 0.00416430
18547, 0.00416450
18548, 0.00416470
18549, 0.00416490
18550, 0.00416510
18551, 0.00416530
18552, 0.00416550
18553, 0.00416570
18554, 0.00416590
18555, 0.00416610
18556, 0.00416630
18557, 0.00416650
18558, 0.00416670
18559, 0.00416690
18560, 0.00416720
18561, 0.00416740
18562, 0.00416760
18563, 0.00416780
18564, 0.00416800
18565, 0.00416820
18566, 0.00416840
18567, 0.00416860
18568, 0.00416880
18569, 0.00416900
18570, 0.00416920
18571, 0.00416940
18572, 0.00416960
18573, 0.00416980
18574, 0.00417000
18575, 0.00417020
18576, 0.00417040
18577, 0.00417060
18578, 0.00417080
18579, 0.00417110
18580, 0.00417130
18581, 0.00417150
18582, 0.00417170
18583, 0.00417190
18584, 0.00417220
18585, 0.00417240
18586, 0.00417260
18587, 0.00417280
18588, 0.00417300
18589, 0.00417330
18590, 0.00417350
18591, 0.00417370
18592, 0.00417390
18593, 0.00417410
18594, 0.00417430
18595, 0.00417450
18596, 0.00417480
18597, 0.00417500
18598, 0.00417530
18599, 0.00417550
18600, 0.00417570
18601, 0.00417590
18602, 0.00417610
18603, 0.00417640
18604, 0.00417660
18605, 0.00417680
18606, 0.00417700
18607, 0.00417720
18608, 0.00417740
18609, 0.00417760
18610, 0.00417780
18611, 0.00417800
18612, 0.00417820
18613, 0.00417840
18614, 0.00417860
18615, 0.00417880
18616, 0.00417900
18617, 0.00417920
18618, 0.00417940
18619, 0.00417960
18620, 0.00417980
18621, 0.00418000
18622, 0.00418020
18623, 0.00418040
18624, 0.00418060
18625, 0.00418090
18626, 0.00418110
18627, 0.00418130
18628, 0.00418150
18629, 0.00418170
18630, 0.00418190
18631, 0.00418210
18632, 0.00418230
18633, 0.00418250
18634, 0.00418270
18635, 0.00418290
18636, 0.00418310
18637, 0.00418330
18638, 0.00418350
18639, 0.00418370
18640, 0.00418390
18641, 0.00418410
18642, 0.00418430
18643, 0.00418450
18644, 0.00418470
18645, 0.00418500
18646, 0.00418520
18647, 0.00418540
18648, 0.00418560
18649, 0.00418580
18650, 0.00418600
18651, 0.00418620
18652, 0.00418640
18653, 0.00418660
18654, 0.00418680
18655, 0.00418700
18656, 0.00418720
18657, 0.00418740
18658, 0.00418760
18659, 0.00418780
18660, 0.00418800
18661, 0.00418820
18662, 0.00418840
18663, 0.00418870
18664, 0.00418890
18665, 0.00418910
18666, 0.00418930
18667, 0.00418950
18668, 0.00418970
18669, 0.00418990
18670, 0.00419010
18671, 0.00419030
18672, 0.00419050
18673, 0.00419070
18674, 0.00419090
18675, 0.00419110
18676, 0.00419130
18677, 0.00419150
18678, 0.00419170
18679, 0.00419190
18680, 0.00419210
18681, 0.00419230
18682, 0.00419250
18683, 0.00419280
18684, 0.00419300
18685, 0.00419320
18686, 0.00419340
18687, 0.00419360
18688, 0.00419380
18689, 0.00419400
18690, 0.00419420
18691, 0.00419440
18692, 0.00419460
18693, 0.00419480
18694, 0.00419500
18695, 0.00419520
18696, 0.00419540
18697, 0.00419560
18698, 0.00419580
18699, 0.00419600
18700, 0.00419620
18701, 0.00419640
18702, 0.00419660
18703, 0.00419690
18704, 0.00419710
18705, 0.00419730
18706, 0.00419750
18707, 0.00419770
18708, 0.00419790
18709, 0.00419810
18710, 0.00419830
18711, 0.00419850
18712, 0.00419880
18713, 0.00419900
18714, 0.00419920
18715, 0.00419940
18716, 0.00419960
18717, 0.00419980
18718, 0.00420000
18719, 0.00420020
18720, 0.00420040
18721, 0.00420060
18722, 0.00420090
18723, 0.00420110
18724, 0.00420140
18725, 0.00420160
18726, 0.00420190
18727, 0.00420210
18728, 0.00420230
18729, 0.00420250
18730, 0.00420270
18731, 0.00420290
18732, 0.00420310
18733, 0.00420330
18734, 0.00420350
18735, 0.00420380
18736, 0.00420400
18737, 0.00420420
18738, 0.00420440
18739, 0.00420460
18740, 0.00420480
18741, 0.00420500
18742, 0.00420520
18743, 0.00420540
18744, 0.00420560
18745, 0.00420580
18746, 0.00420600
18747, 0.00420620
18748, 0.00420640
18749, 0.00420660
18750, 0.00420680
18751, 0.00420700
18752, 0.00420720
18753, 0.00420740
18754, 0.00420770
18755, 0.00420790
18756, 0.00420810
18757, 0.00420830
18758, 0.00420850
18759, 0.00420870
18760, 0.00420890
18761, 0.00420910
18762, 0.00420930
18763, 0.00420950
18764, 0.00420970
18765, 0.00420990
18766, 0.00421010
18767, 0.00421030
18768, 0.00421050
18769, 0.00421070
18770, 0.00421090
18771, 0.00421110
18772, 0.00421130
18773, 0.00421150
18774, 0.00421170
18775, 0.00421190
18776, 0.00421210
18777, 0.00421240
18778, 0.00421260
18779, 0.00421280
18780, 0.00421300
18781, 0.00421320
18782, 0.00421340
18783, 0.00421360
18784, 0.00421380
18785, 0.00421400
18786, 0.00421420
18787, 0.00421440
18788, 0.00421460
18789, 0.00421480
18790, 0.00421500
18791, 0.00421520
18792, 0.00421540
18793, 0.00421560
18794, 0.00421580
18795, 0.00421600
18796, 0.00421620
18797, 0.00421650
18798, 0.00421670
18799, 0.00421690
18800, 0.00421710
18801, 0.00421730
18802, 0.00421750
18803, 0.00421770
18804, 0.00421790
18805, 0.00421810
18806, 0.00421830
18807, 0.00421850
18808, 0.00421870
18809, 0.00421890
18810, 0.00421910
18811, 0.00421930
18812, 0.00421950
18813, 0.00421970
18814, 0.00421990
18815, 0.00422010
18816, 0.00422030
18817, 0.00422050
18818, 0.00422080
18819, 0.00422100
18820, 0.00422120
18821, 0.00422140
18822, 0.00422160
18823, 0.00422180
18824, 0.00422200
18825, 0.00422220
18826, 0.00422240
18827, 0.00422260
18828, 0.00422280
18829, 0.00422300
18830, 0.00422320
18831, 0.00422340
18832, 0.00422360
18833, 0.00422380
18834, 0.00422400
18835, 0.00422420
18836, 0.00422440
18837, 0.00422460
18838, 0.00422490
18839, 0.00422510
18840, 0.00422980
18841, 0.00423000
18842, 0.00423020
18843, 0.00423040
18844, 0.00423060
18845, 0.00423080
18846, 0.00423110
18847, 0.00423130
18848, 0.00423150
18849, 0.00423170
18850, 0.00423190
18851, 0.00423210
18852, 0.00423230
18853, 0.00423250
18854, 0.00423270
18855, 0.00423290
18856, 0.00423310
18857, 0.00423330
18858, 0.00423350
18859, 0.00423370
18860, 0.00423390
18861, 0.00423410
18862, 0.00423430
18863, 0.00423450
18864, 0.00423480
18865, 0.00423500
18866, 0.00423520
18867, 0.00423540
18868, 0.00423560
18869, 0.00423580
18870, 0.00423600
18871, 0.00423620
18872, 0.00423640
18873, 0.00423660
18874, 0.00423680
18875, 0.00423700
18876, 0.00423720
18877, 0.00423740
18878, 0.00423760
18879, 0.00423780
18880, 0.00423810
18881, 0.00423830
18882, 0.00423850
18883, 0.00423870
18884, 0.00423890
18885, 0.00423910
18886, 0.00423930
18887, 0.00423950
18888, 0.00423970
18889, 0.00423990
18890, 0.00424010
18891, 0.00424030
18892, 0.00424050
18893, 0.00424070
18894, 0.00424090
18895, 0.00424110
18896, 0.00424130
18897, 0.00424150
18898, 0.00424170
18899, 0.00424190
18900, 0.00424220
18901, 0.00424240
18902, 0.00424260
18903, 0.00424280
18904, 0.00424300
18905, 0.00424320
18906, 0.00424340
18907, 0.00424360
18908, 0.00424380
18909, 0.00424400
18910, 0.00424420
18911, 0.00424440
18912, 0.00424460
18913, 0.00424480
18914, 0.00424500
18915, 0.00424520
18916, 0.00424540
18917, 0.00424560
18918, 0.00424580
18919, 0.00424610
18920, 0.00424630
18921, 0.00424650
18922, 0.00424670
18923, 0.00424690
18924, 0.00424710
18925, 0.00424730
18926, 0.00424750
18927, 0.00424770
18928, 0.00424790
18929, 0.00424810
18930, 0.00424830
18931, 0.00424850
18932, 0.00424870
18933, 0.00424890
18934, 0.00424910
18935, 0.00424930
18936, 0.00424950
18937, 0.00424970
18938, 0.00425000
18939, 0.00425020
18940, 0.00425040
18941, 0.00425060
18942, 0.00425080
18943, 0.00425100
18944, 0.00425120
18945, 0.00425140
18946, 0.00425160
18947, 0.00425180
18948, 0.00425210
18949, 0.00425230
18950, 0.00425250
18951, 0.00425270
18952, 0.00425290
18953, 0.00425310
18954, 0.00425330
18955, 0.00425350
18956, 0.00425370
18957, 0.00425390
18958, 0.00425410
18959, 0.00425430
18960, 0.00425450
18961, 0.00425470
18962, 0.00425490
18963, 0.00425510
18964, 0.00425530
18965, 0.00425550
18966, 0.00425580
18967, 0.00425600
18968, 0.00425620
18969, 0.00425650
18970, 0.00425670
18971, 0.00425690
18972, 0.00425710
18973, 0.00425730
18974, 0.00425750
18975, 0.00425770
18976, 0.00425800
18977, 0.00425820
18978, 0.00425850
18979, 0.00425870
18980, 0.00425890
18981, 0.00425910
18982, 0.00425940
18983, 0.00425960
18984, 0.00425980
18985, 0.00426000
18986, 0.00426020
18987, 0.00426040
18988, 0.00426060
18989, 0.00426080
18990, 0.00426100
18991, 0.00426130
18992, 0.00426150
18993, 0.00426170
18994, 0.00426190
18995, 0.00426210
18996, 0.00426230
18997, 0.00426250
18998, 0.00426270
18999, 0.00426290
19000, 0.00426310
19001, 0.00426330
19002, 0.00426350
19003, 0.00426370
19004, 0.00426390
19005, 0.00426410
19006, 0.00426430
19007, 0.00426450
19008, 0.00426470
19009, 0.00426490
19010, 0.00426510
19011, 0.00426540
19012, 0.00426560
19013, 0.00426580
19014, 0.00426600
19015, 0.00426620
19016, 0.00426640
19017, 0.00426660
19018, 0.00426680
19019, 0.00426700
19020, 0.00426720
19021, 0.00426740
19022, 0.00426760
19023, 0.00426780
19024, 0.00426800
19025, 0.00426820
19026, 0.00426840
19027, 0.00426860
19028, 0.00426880
19029, 0.00426900
19030, 0.00426920
19031, 0.00426950
19032, 0.00426970
19033, 0.00426990
19034, 0.00427010
19035, 0.00427030
19036, 0.00427050
19037, 0.00427070
19038, 0.00427090
19039, 0.00427110
19040, 0.00427130
19041, 0.00427150
19042, 0.00427170
19043, 0.00427190
19044, 0.00427210
19045, 0.00427230
19046, 0.00427250
19047, 0.00427270
19048, 0.00427300
19049, 0.00427320
19050, 0.00427340
19051, 0.00427360
19052, 0.00427380
19053, 0.00427400
19054, 0.00427420
19055, 0.00427440
19056, 0.00427460
19057, 0.00427480
19058, 0.00427500
19059, 0.00427520
19060, 0.00427540
19061, 0.00427560
19062, 0.00427580
19063, 0.00427600
19064, 0.00427620
19065, 0.00427640
19066, 0.00427660
19067, 0.00427690
19068, 0.00427710
19069, 0.00427730
19070, 0.00427750
19071, 0.00427770
19072, 0.00427790
19073, 0.00427810
19074, 0.00427830
19075, 0.00427850
19076, 0.00427870
19077, 0.00427890
19078, 0.00427910
19079, 0.00427930
19080, 0.00427950
19081, 0.00427970
19082, 0.00427990
19083, 0.00428010
19084, 0.00428030
19085, 0.00428050
19086, 0.00428080
19087, 0.00428100
19088, 0.00428120
19089, 0.00428140
19090, 0.00428160
19091, 0.00428180
19092, 0.00428200
19093, 0.00428220
19094, 0.00428250
19095, 0.00428270
19096, 0.00428290
19097, 0.00428310
19098, 0.00428340
19099, 0.00428360
19100, 0.00428380
19101, 0.00428400
19102, 0.00428420
19103, 0.00428440
19104, 0.00428490
19105, 0.00428510
19106, 0.00428530
19107, 0.00428560
19108, 0.00428580
19109, 0.00428600
19110, 0.00428630
19111, 0.00428650
19112, 0.00428670
19113, 0.00428690
19114, 0.00428710
19115, 0.00428730
19116, 0.00428760
19117, 0.00428780
19118, 0.00428800
19119, 0.00428820
19120, 0.00428840
19121, 0.00428860
19122, 0.00428880
19123, 0.00428900
19124, 0.00428920
19125, 0.00428940
19126, 0.00428960
19127, 0.00428980
19128, 0.00429000
19129, 0.00429020
19130, 0.00429040
19131, 0.00429060
19132, 0.00429080
19133, 0.00429100
19134, 0.00429120
19135, 0.00429140
19136, 0.00429160
19137, 0.00429190
19138, 0.00429210
19139, 0.00429230
19140, 0.00429250
19141, 0.00429270
19142, 0.00429290
19143, 0.00429310
19144, 0.00429330
19145, 0.00429350
19146, 0.00429370
19147, 0.00429390
19148, 0.00429410
19149, 0.00429430
19150, 0.00429450
19151, 0.00429470
19152, 0.00429490
19153, 0.00429510
19154, 0.00429530
19155, 0.00429550
19156, 0.00429580
19157, 0.00429600
19158, 0.00429620
19159, 0.00429640
19160, 0.00429660
19161, 0.00429680
19162, 0.00429700
19163, 0.00429720
19164, 0.00429740
19165, 0.00429760
19166, 0.00429780
19167, 0.00429800
19168, 0.00429820
19169, 0.00429840
19170, 0.00429860
19171, 0.00429880
19172, 0.00429900
19173, 0.00429920
19174, 0.00429950
19175, 0.00429970
19176, 0.00429990
19177, 0.00430010
19178, 0.00430030
19179, 0.00430050
19180, 0.00430070
19181, 0.00430090
19182, 0.00430110
19183, 0.00430130
19184, 0.00430150
19185, 0.00430170
19186, 0.00430190
19187, 0.00430210
19188, 0.00430230
19189, 0.00430250
19190, 0.00430270
19191, 0.00430290
19192, 0.00430310
19193, 0.00430340
19194, 0.00430360
19195, 0.00430380
19196, 0.00430400
19197, 0.00430420
19198, 0.00430440
19199, 0.00430460
19200, 0.00430480
19201, 0.00430500
19202, 0.00430520
19203, 0.00430540
19204, 0.00430560
19205, 0.00430580
19206, 0.00430600
19207, 0.00430620
19208, 0.00430640
19209, 0.00430660
19210, 0.00430680
19211, 0.00430700
19212, 0.00430730
19213, 0.00430750
19214, 0.00430770
19215, 0.00430790
19216, 0.00430810
19217, 0.00430830
19218, 0.00430850
19219, 0.00430870
19220, 0.00430890
19221, 0.00430910
19222, 0.00430940
19223, 0.00430960
19224, 0.00430980
19225, 0.00431000
19226, 0.00431020
19227, 0.00431040
19228, 0.00431060
19229, 0.00431080
19230, 0.00431100
19231, 0.00431120
19232, 0.00431150
19233, 0.00431170
19234, 0.00431200
19235, 0.00431220
19236, 0.00431240
19237, 0.00431260
19238, 0.00431290
19239, 0.00431310
19240, 0.00431330
19241, 0.00431350
19242, 0.00431370
19243, 0.00431390
19244, 0.00431410
19245, 0.00431430
19246, 0.00431450
19247, 0.00431470
19248, 0.00431490
19249, 0.00431520
19250, 0.00431540
19251, 0.00431560
19252, 0.00431580
19253, 0.00431600
19254, 0.00431620
19255, 0.00431640
19256, 0.00431660
19257, 0.00431680
19258, 0.00431700
19259, 0.00431720
19260, 0.00431740
19261, 0.00431760
19262, 0.00431780
19263, 0.00431800
19264, 0.00431820
19265, 0.00431840
19266, 0.00431860
19267, 0.00431890
19268, 0.00431910
19269, 0.00431930
19270, 0.00431950
19271, 0.00431970
19272, 0.00431990
19273, 0.00432010
19274, 0.00432030
19275, 0.00432050
19276, 0.00432070
19277, 0.00432090
19278, 0.00432110
19279, 0.00432130
19280, 0.00432150
19281, 0.00432170
19282, 0.00432190
19283, 0.00432210
19284, 0.00432230
19285, 0.00432250
19286, 0.00432280
19287, 0.00432300
19288, 0.00432320
19289, 0.00432340
19290, 0.00432360
19291, 0.00432380
19292, 0.00432400
19293, 0.00432420
19294, 0.00432440
19295, 0.00432460
19296, 0.00432480
19297, 0.00432500
19298, 0.00432520
19299, 0.00432540
19300, 0.00432560
19301, 0.00432580
19302, 0.00432600
19303, 0.00432620
19304, 0.00432640
19305, 0.00432660
19306, 0.00432680
19307, 0.00432710
19308, 0.00432730
19309, 0.00432750
19310, 0.00432770
19311, 0.00432790
19312, 0.00432810
19313, 0.00432830
19314, 0.00432850
19315, 0.00432870
19316, 0.00432890
19317, 0.00432910
19318, 0.00432930
19319, 0.00432950
19320, 0.00432970
19321, 0.00432990
19322, 0.00433010
19323, 0.00433030
19324, 0.00433060
19325, 0.00433080
19326, 0.00433100
19327, 0.00433120
19328, 0.00433140
19329, 0.00433160
19330, 0.00433180
19331, 0.00433200
19332, 0.00433220
19333, 0.00433240
19334, 0.00433260
19335, 0.00433280
19336, 0.00433300
19337, 0.00433320
19338, 0.00433350
19339, 0.00433370
19340, 0.00433390
19341, 0.00433410
19342, 0.00433430
19343, 0.00433450
19344, 0.00433470
19345, 0.00433490
19346, 0.00433510
19347, 0.00433530
19348, 0.00433550
19349, 0.00433570
19350, 0.00433610
19351, 0.00433630
19352, 0.00433650
19353, 0.00433670
19354, 0.00433690
19355, 0.00433710
19356, 0.00433730
19357, 0.00433750
19358, 0.00433780
19359, 0.00433800
19360, 0.00433830
19361, 0.00433850
19362, 0.00433870
19363, 0.00433890
19364, 0.00433940
19365, 0.00433960
19366, 0.00433990
19367, 0.00434010
19368, 0.00434030
19369, 0.00434050
19370, 0.00434070
19371, 0.00434090
19372, 0.00434110
19373, 0.00434130
19374, 0.00434150
19375, 0.00434170
19376, 0.00434190
19377, 0.00434210
19378, 0.00434230
19379, 0.00434250
19380, 0.00434270
19381, 0.00434290
19382, 0.00434310
19383, 0.00434330
19384, 0.00434360
19385, 0.00434380
19386, 0.00434400
19387, 0.00434420
19388, 0.00434440
19389, 0.00434460
19390, 0.00434480
19391, 0.00434500
19392, 0.00434520
19393, 0.00434540
19394, 0.00434560
19395, 0.00434580
19396, 0.00434600
19397, 0.00434620
19398, 0.00434640
19399, 0.00434660
19400, 0.00434680
19401, 0.00434700
19402, 0.00434720
19403, 0.00434750
19404, 0.00434770
19405, 0.00434790
19406, 0.00434810
19407, 0.00434830
19408, 0.00434850
19409, 0.00434870
19410, 0.00434890
19411, 0.00434910
19412, 0.00434930
19413, 0.00434950
19414, 0.00434970
19415, 0.00434990
19416, 0.00435010
19417, 0.00435030
19418, 0.00435050
19419, 0.00435070
19420, 0.00435090
19421, 0.00435110
19422, 0.00435140
19423, 0.00435160
19424, 0.00435180
19425, 0.00435200
19426, 0.00435220
19427, 0.00435240
19428, 0.00435260
19429, 0.00435280
19430, 0.00435300
19431, 0.00435320
19432, 0.00435340
19433, 0.00435360
19434, 0.00435380
19435, 0.00435400
19436, 0.00435420
19437, 0.00435440
19438, 0.00435460
19439, 0.00435480
19440, 0.00435500
19441, 0.00435520
19442, 0.00435550
19443, 0.00435570
19444, 0.00435590
19445, 0.00435610
19446, 0.00435630
19447, 0.00435650
19448, 0.00435670
19449, 0.00435690
19450, 0.00435710
19451, 0.00435730
19452, 0.00435750
19453, 0.00435770
19454, 0.00435790
19455, 0.00435810
19456, 0.00435830
19457, 0.00435850
19458, 0.00435870
19459, 0.00435890
19460, 0.00435910
19461, 0.00435940
19462, 0.00435960
19463, 0.00435980
19464, 0.00436000
19465, 0.00436020
19466, 0.00436040
19467, 0.00436060
19468, 0.00436080
19469, 0.00436100
19470, 0.00436120
19471, 0.00436140
19472, 0.00436160
19473, 0.00436180
19474, 0.00436200
19475, 0.00436220
19476, 0.00436250
19477, 0.00436270
19478, 0.00436290
19479, 0.00436310
19480, 0.00436340
19481, 0.00436360
19482, 0.00436380
19483, 0.00436400
19484, 0.00436420
19485, 0.00436440
19486, 0.00436470
19487, 0.00436490
19488, 0.00436510
19489, 0.00436530
19490, 0.00436560
19491, 0.00436580
19492, 0.00436610
19493, 0.00436630
19494, 0.00436650
19495, 0.00436670
19496, 0.00436690
19497, 0.00436710
19498, 0.00436730
19499, 0.00436750
19500, 0.00436770
19501, 0.00436790
19502, 0.00436810
19503, 0.00436830
19504, 0.00436850
19505, 0.00436870
19506, 0.00436890
19507, 0.00436920
19508, 0.00436940
19509, 0.00436960
19510, 0.00436980
19511, 0.00437000
19512, 0.00437020
19513, 0.00437040
19514, 0.00437060
19515, 0.00437080
19516, 0.00437100
19517, 0.00437120
19518, 0.00437140
19519, 0.00437160
19520, 0.00437180
19521, 0.00437200
19522, 0.00437220
19523, 0.00437240
19524, 0.00437260
19525, 0.00437280
19526, 0.00437300
19527, 0.00437320
19528, 0.00437340
19529, 0.00437370
19530, 0.00437390
19531, 0.00437410
19532, 0.00437430
19533, 0.00437450
19534, 0.00437470
19535, 0.00437490
19536, 0.00437510
19537, 0.00437530
19538, 0.00437550
19539, 0.00437570
19540, 0.00437590
19541, 0.00437610
19542, 0.00437630
19543, 0.00437650
19544, 0.00437670
19545, 0.00437690
19546, 0.00437710
19547, 0.00437730
19548, 0.00437750
19549, 0.00437770
19550, 0.00437790
19551, 0.00437820
19552, 0.00437840
19553, 0.00437860
19554, 0.00437880
19555, 0.00437900
19556, 0.00437920
19557, 0.00437940
19558, 0.00437960
19559, 0.00437980
19560, 0.00438000
19561, 0.00438020
19562, 0.00438040
19563, 0.00438060
19564, 0.00438080
19565, 0.00438100
19566, 0.00438120
19567, 0.00438140
19568, 0.00438160
19569, 0.00438180
19570, 0.00438200
19571, 0.00438220
19572, 0.00438240
19573, 0.00438270
19574, 0.00438290
19575, 0.00438310
19576, 0.00438330
19577, 0.00438350
19578, 0.00438370
19579, 0.00438390
19580, 0.00438410
19581, 0.00438430
19582, 0.00438450
19583, 0.00438470
19584, 0.00438490
19585, 0.00438510
19586, 0.00438530
19587, 0.00438550
19588, 0.00438570
19589, 0.00438590
19590, 0.00438610
19591, 0.00438630
19592, 0.00438650
19593, 0.00438670
19594, 0.00438690
19595, 0.00438720
19596, 0.00438740
19597, 0.00438760
19598, 0.00438780
19599, 0.00438800
19600, 0.00438820
19601, 0.00438840
19602, 0.00438860
19603, 0.00438880
19604, 0.00438910
19605, 0.00438930
19606, 0.00438950
19607, 0.00438970
19608, 0.00439000
19609, 0.00439020
19610, 0.00439040
19611, 0.00439060
19612, 0.00439080
19613, 0.00439100
19614, 0.00439130
19615, 0.00439150
19616, 0.00439170
19617, 0.00439190
19618, 0.00439220
19619, 0.00439240
19620, 0.00439270
19621, 0.00439290
19622, 0.00439310
19623, 0.00439330
19624, 0.00439350
19625, 0.00439370
19626, 0.00439390
19627, 0.00439410
19628, 0.00439430
19629, 0.00439450
19630, 0.00439470
19631, 0.00439490
19632, 0.00439520
19633, 0.00439540
19634, 0.00439560
19635, 0.00439580
19636, 0.00439600
19637, 0.00439620
19638, 0.00439640
19639, 0.00439660
19640, 0.00439680
19641, 0.00439700
19642, 0.00439720
19643, 0.00439740
19644, 0.00439760
19645, 0.00439780
19646, 0.00439800
19647, 0.00439820
19648, 0.00439840
19649, 0.00439860
19650, 0.00439880
19651, 0.00439900
19652, 0.00439920
19653, 0.00439940
19654, 0.00439970
19655, 0.00439990
19656, 0.00440010
19657, 0.00440030
19658, 0.00440050
19659, 0.00440070
19660, 0.00440090
19661, 0.00440110
19662, 0.00440130
19663, 0.00440150
19664, 0.00440170
19665, 0.00440190
19666, 0.00440210
19667, 0.00440230
19668, 0.00440250
19669, 0.00440270
19670, 0.00440290
19671, 0.00440310
19672, 0.00440340
19673, 0.00440360
19674, 0.00440380
19675, 0.00440400
19676, 0.00440420
19677, 0.00440440
19678, 0.00440460
19679, 0.00440480
19680, 0.00440500
19681, 0.00440520
19682, 0.00440540
19683, 0.00440560
19684, 0.00440580
19685, 0.00440600
19686, 0.00440620
19687, 0.00440640
19688, 0.00440660
19689, 0.00440680
19690, 0.00440700
19691, 0.00440730
19692, 0.00440750
19693, 0.00440770
19694, 0.00440790
19695, 0.00440810
19696, 0.00440830
19697, 0.00440850
19698, 0.00440870
19699, 0.00440890
19700, 0.00440910
19701, 0.00440930
19702, 0.00440950
19703, 0.00440970
19704, 0.00440990
19705, 0.00441010
19706, 0.00441030
19707, 0.00441050
19708, 0.00441070
19709, 0.00441090
19710, 0.00441110
19711, 0.00441130
19712, 0.00441150
19713, 0.00441180
19714, 0.00441200
19715, 0.00441220
19716, 0.00441240
19717, 0.00441260
19718, 0.00441280
19719, 0.00441300
19720, 0.00441320
19721, 0.00441340
19722, 0.00441360
19723, 0.00441380
19724, 0.00441400
19725, 0.00441420
19726, 0.00441440
19727, 0.00441460
19728, 0.00441480
19729, 0.00441500
19730, 0.00441520
19731, 0.00441540
19732, 0.00441580
19733, 0.00441600
19734, 0.00441620
19735, 0.00441640
19736, 0.00441660
19737, 0.00441680
19738, 0.00441700
19739, 0.00441720
19740, 0.00441740
19741, 0.00441760
19742, 0.00441790
19743, 0.00441810
19744, 0.00441830
19745, 0.00441850
19746, 0.00441880
19747, 0.00441900
19748, 0.00441930
19749, 0.00441950
19750, 0.00441970
19751, 0.00441990
19752, 0.00442010
19753, 0.00442030
19754, 0.00442050
19755, 0.00442070
19756, 0.00442090
19757, 0.00442110
19758, 0.00442130
19759, 0.00442150
19760, 0.00442170
19761, 0.00442190
19762, 0.00442210
19763, 0.00442230
19764, 0.00442260
19765, 0.00442280
19766, 0.00442300
19767, 0.00442320
19768, 0.00442340
19769, 0.00442360
19770, 0.00442380
19771, 0.00442400
19772, 0.00442420
19773, 0.00442440
19774, 0.00442460
19775, 0.00442480
19776, 0.00442500
19777, 0.00442520
19778, 0.00442540
19779, 0.00442560
19780, 0.00442580
19781, 0.00442600
19782, 0.00442620
19783, 0.00442640
19784, 0.00442660
19785, 0.00442690
19786, 0.00442730
19787, 0.00442770
19788, 0.00442810
19789, 0.00442850
19790, 0.00442890
19791, 0.00442930
19792, 0.00442970
19793, 0.00443010
19794, 0.00443040
19795, 0.00443080
19796, 0.00443120
19797, 0.00443160
19798, 0.00443190
19799, 0.00443230
19800, 0.00443270
19801, 0.00443310
19802, 0.00443350
19803, 0.00443390
19804, 0.00443420
19805, 0.00443460
19806, 0.00443500
19807, 0.00443540
19808, 0.00443580
19809, 0.00443610
19810, 0.00443650
19811, 0.00443680
19812, 0.00443720
19813, 0.00443750
19814, 0.00443790
19815, 0.00443820
19816, 0.00443860
19817, 0.00443890
19818, 0.00443920
19819, 0.00443960
19820, 0.00443990
19821, 0.00444020
19822, 0.00444060
19823, 0.00444090
19824, 0.00444120
19825, 0.00444160
19826, 0.00444190
19827, 0.00444220
19828, 0.00444260
19829, 0.00444290
19830, 0.00444330
19831, 0.00444360
19832, 0.00444400
19833, 0.00444430
19834, 0.00444470
19835, 0.00444500
19836, 0.00444540
19837, 0.00444580
19838, 0.00444610
19839, 0.00444650
19840, 0.00444680
19841, 0.00444720
19842, 0.00444750
19843, 0.00444790
19844, 0.00444840
19845, 0.00444880
19846, 0.00444920
19847, 0.00444960
19848, 0.00445000
19849, 0.00445030
19850, 0.00445070
19851, 0.00445110
19852, 0.00445140
19853, 0.00445180
19854, 0.00445220
19855, 0.00445250
19856, 0.00445280
19857, 0.00445320
19858, 0.00445360
19859, 0.00445410
19860, 0.00445460
19861, 0.00445500
19862, 0.00445540
19863, 0.00445590
19864, 0.00445630
19865, 0.00445660
19866, 0.00445700
19867, 0.00445740
19868, 0.00445780
19869, 0.00445820
19870, 0.00445860
19871, 0.00445900
19872, 0.00445940
19873, 0.00445980
19874, 0.00446020
19875, 0.00446060
19876, 0.00446100
19877, 0.00446140
19878, 0.00446170
19879, 0.00446210
19880, 0.00446250
19881, 0.00446290
19882, 0.00446330
19883, 0.00446360
19884, 0.00446390
19885, 0.00446410
19886, 0.00446430
19887, 0.00446450
19888, 0.00446470
19889, 0.00446490
19890, 0.00446510
19891, 0.00446530
19892, 0.00446560
19893, 0.00446580
19894, 0.00446600
19895, 0.00446620
19896, 0.00446640
19897, 0.00446660
19898, 0.00446680
19899, 0.00446700
19900, 0.00446720
19901, 0.00446740
19902, 0.00446760
19903, 0.00446780
19904, 0.00446800
19905, 0.00446820
19906, 0.00446840
19907, 0.00446860
19908, 0.00446880
19909, 0.00446900
19910, 0.00446920
19911, 0.00446940
19912, 0.00446960
19913, 0.00446990
19914, 0.00447010
19915, 0.00447030
19916, 0.00447050
19917, 0.00447070
19918, 0.00447090
19919, 0.00447110
19920, 0.00447130
19921, 0.00447150
19922, 0.00447170
19923, 0.00447190
19924, 0.00447210
19925, 0.00447230
19926, 0.00447250
19927, 0.00447270
19928, 0.00447290
19929, 0.00447310
19930, 0.00447330
19931, 0.00447350
19932, 0.00447370
19933, 0.00447390
19934, 0.00447410
19935, 0.00447430
19936, 0.00447460
19937, 0.00447480
19938, 0.00447500
19939, 0.00447520
19940, 0.00447540
19941, 0.00447560
19942, 0.00447580
19943, 0.00447600
19944, 0.00447620
19945, 0.00447640
19946, 0.00447660
19947, 0.00447680
19948, 0.00447700
19949, 0.00447720
19950, 0.00447740
19951, 0.00447760
19952, 0.00447780
19953, 0.00447800
19954, 0.00447820
19955, 0.00447850
19956, 0.00447870
19957, 0.00447890
19958, 0.00447910
19959, 0.00447930
19960, 0.00447950
19961, 0.00447970
19962, 0.00447990
19963, 0.00448010
19964, 0.00448030
19965, 0.00448050
19966, 0.00448070
19967, 0.00448090
19968, 0.00448110
19969, 0.00448130
19970, 0.00448150
19971, 0.00448170
19972, 0.00448190
19973, 0.00448210
19974, 0.00448230
19975, 0.00448260
19976, 0.00448280
19977, 0.00448300
19978, 0.00448320
19979, 0.00448340
19980, 0.00448360
19981, 0.00448380
19982, 0.00448400
19983, 0.00448420
19984, 0.00448440
19985, 0.00448460
19986, 0.00448490
19987, 0.00448510
19988, 0.00448530
19989, 0.00448550
19990, 0.00448580
19991, 0.00448600
19992, 0.00448620
19993, 0.00448640
19994, 0.00448660
19995, 0.00448680
19996, 0.00448720
19997, 0.00448740
19998, 0.00448770
19999, 0.00448790
20000, 0.00448820
20001, 0.00448840
20002, 0.00448870
20003, 0.00448890
20004, 0.00448910
20005, 0.00448930
20006, 0.00448950
20007, 0.00448970
20008, 0.00448990
20009, 0.00449010
20010, 0.00449030
20011, 0.00449050
20012, 0.00449070
20013, 0.00449090
20014, 0.00449110
20015, 0.00449130
20016, 0.00449150
20017, 0.00449170
20018, 0.00449200
20019, 0.00449220
20020, 0.00449240
20021, 0.00449260
20022, 0.00449280
20023, 0.00449300
20024, 0.00449320
20025, 0.00449340
20026, 0.00449360
20027, 0.00449380
20028, 0.00449400
20029, 0.00449420
20030, 0.00449440
20031, 0.00449460
20032, 0.00449480
20033, 0.00449500
20034, 0.00449520
20035, 0.00449540
20036, 0.00449560
20037, 0.00449580
20038, 0.00449610
20039, 0.00449630
20040, 0.00449650
20041, 0.00449670
20042, 0.00449690
20043, 0.00449710
20044, 0.00449730
20045, 0.00449750
20046, 0.00449770
20047, 0.00449790
20048, 0.00449810
20049, 0.00449830
20050, 0.00449850
20051, 0.00449870
20052, 0.00449890
20053, 0.00449910
20054, 0.00449940
20055, 0.00449960
20056, 0.00449980
20057, 0.00450010
20058, 0.00450030
20059, 0.00450050
20060, 0.00450070
20061, 0.00450090
20062, 0.00450120
20063, 0.00450140
20064, 0.00450160
20065, 0.00450180
20066, 0.00450200
20067, 0.00450220
20068, 0.00450240
20069, 0.00450260
20070, 0.00450280
20071, 0.00450300
20072, 0.00450320
20073, 0.00450340
20074, 0.00450360
20075, 0.00450380
20076, 0.00450400
20077, 0.00450420
20078, 0.00450440
20079, 0.00450460
20080, 0.00450480
20081, 0.00450500
20082, 0.00450530
20083, 0.00450550
20084, 0.00450570
20085, 0.00450590
20086, 0.00450610
20087, 0.00450630
20088, 0.00450650
20089, 0.00450670
20090, 0.00450690
20091, 0.00450710
20092, 0.00450730
20093, 0.00450750
20094, 0.00450770
20095, 0.00450790
20096, 0.00450810
20097, 0.00450830
20098, 0.00450850
20099, 0.00450870
20100, 0.00450890
20101, 0.00450910
20102, 0.00450930
20103, 0.00450950
20104, 0.00450980
20105, 0.00451000
20106, 0.00451020
20107, 0.00451040
20108, 0.00451060
20109, 0.00451080
20110, 0.00451100
20111, 0.00451120
20112, 0.00451140
20113, 0.00451160
20114, 0.00451190
20115, 0.00451210
20116, 0.00451230
20117, 0.00451250
20118, 0.00451280
20119, 0.00451300
20120, 0.00451320
20121, 0.00451340
20122, 0.00451360
20123, 0.00451380
20124, 0.00451410
20125, 0.00451430
20126, 0.00451460
20127, 0.00451480
20128, 0.00451510
20129, 0.00451530
20130, 0.00451560
20131, 0.00451580
20132, 0.00451600
20133, 0.00451620
20134, 0.00451640
20135, 0.00451660
20136, 0.00451680
20137, 0.00451700
20138, 0.00451720
20139, 0.00451740
20140, 0.00451760
20141, 0.00451780
20142, 0.00451800
20143, 0.00451830
20144, 0.00451850
20145, 0.00451870
20146, 0.00451890
20147, 0.00451910
20148, 0.00451930
20149, 0.00451950
20150, 0.00451970
20151, 0.00451990
20152, 0.00452010
20153, 0.00452030
20154, 0.00452050
20155, 0.00452070
20156, 0.00452090
20157, 0.00452110
20158, 0.00452130
20159, 0.00452150
20160, 0.00452170
20161, 0.00452190
20162, 0.00452220
20163, 0.00452240
20164, 0.00452260
20165, 0.00452280
20166, 0.00452300
20167, 0.00452320
20168, 0.00452340
20169, 0.00452360
20170, 0.00452380
20171, 0.00452400
20172, 0.00452420
20173, 0.00452440
20174, 0.00452460
20175, 0.00452480
20176, 0.00452500
20177, 0.00452520
20178, 0.00452540
20179, 0.00452560
20180, 0.00452580
20181, 0.00452600
20182, 0.00452620
20183, 0.00452640
20184, 0.00452670
20185, 0.00452690
20186, 0.00452710
20187, 0.00452730
20188, 0.00452750
20189, 0.00452770
20190, 0.00452790
20191, 0.00452810
20192, 0.00452830
20193, 0.00452850
20194, 0.00452870
20195, 0.00452890
20196, 0.00452910
20197, 0.00452930
20198, 0.00452950
20199, 0.00452970
20200, 0.00452990
20201, 0.00453020
20202, 0.00453040
20203, 0.00453060
20204, 0.00453080
20205, 0.00453100
20206, 0.00453120
20207, 0.00453140
20208, 0.00453160
20209, 0.00453180
20210, 0.00453200
20211, 0.00453220
20212, 0.00453240
20213, 0.00453260
20214, 0.00453280
20215, 0.00453300
20216, 0.00453320
20217, 0.00453340
20218, 0.00453360
20219, 0.00453380
20220, 0.00453410
20221, 0.00453430
20222, 0.00453450
20223, 0.00453470
20224, 0.00453490
20225, 0.00453510
20226, 0.00453530
20227, 0.00453550
20228, 0.00453570
20229, 0.00453590
20230, 0.00453610
20231, 0.00453630
20232, 0.00453650
20233, 0.00453670
20234, 0.00453690
20235, 0.00453710
20236, 0.00453730
20237, 0.00453750
20238, 0.00453770
20239, 0.00453790
20240, 0.00453810
20241, 0.00453830
20242, 0.00453880
20243, 0.00453900
20244, 0.00453920
20245, 0.00453940
20246, 0.00453960
20247, 0.00453980
20248, 0.00454000
20249, 0.00454020
20250, 0.00454040
20251, 0.00454060
20252, 0.00454090
20253, 0.00454110
20254, 0.00454150
20255, 0.00454170
20256, 0.00454200
20257, 0.00454220
20258, 0.00454250
20259, 0.00454270
20260, 0.00454290
20261, 0.00454310
20262, 0.00454330
20263, 0.00454350
20264, 0.00454370
20265, 0.00454390
20266, 0.00454410
20267, 0.00454430
20268, 0.00454450
20269, 0.00454470
20270, 0.00454500
20271, 0.00454520
20272, 0.00454540
20273, 0.00454560
20274, 0.00454580
20275, 0.00454600
20276, 0.00454620
20277, 0.00454640
20278, 0.00454660
20279, 0.00454680
20280, 0.00454700
20281, 0.00454720
20282, 0.00454740
20283, 0.00454760
20284, 0.00454780
20285, 0.00454800
20286, 0.00454820
20287, 0.00454840
20288, 0.00454860
20289, 0.00454880
20290, 0.00454910
20291, 0.00454930
20292, 0.00454950
20293, 0.00454970
20294, 0.00454990
20295, 0.00455010
20296, 0.00455030
20297, 0.00455050
20298, 0.00455070
20299, 0.00455090
20300, 0.00455110
20301, 0.00455130
20302, 0.00455150
20303, 0.00455170
20304, 0.00455190
20305, 0.00455210
20306, 0.00455230
20307, 0.00455250
20308, 0.00455270
20309, 0.00455290
20310, 0.00455310
20311, 0.00455330
20312, 0.00455360
20313, 0.00455380
20314, 0.00455400
20315, 0.00455420
20316, 0.00455440
20317, 0.00455460
20318, 0.00455480
20319, 0.00455500
20320, 0.00455520
20321, 0.00455540
20322, 0.00455560
20323, 0.00455580
20324, 0.00455600
20325, 0.00455620
20326, 0.00455640
20327, 0.00455660
20328, 0.00455680
20329, 0.00455700
20330, 0.00455720
20331, 0.00455740
20332, 0.00455770
20333, 0.00455790
20334, 0.00455810
20335, 0.00455830
20336, 0.00455850
20337, 0.00455870
20338, 0.00455890
20339, 0.00455910
20340, 0.00455930
20341, 0.00455950
20342, 0.00455970
20343, 0.00455990
20344, 0.00456010
20345, 0.00456030
20346, 0.00456050
20347, 0.00456070
20348, 0.00456090
20349, 0.00456110
20350, 0.00456130
20351, 0.00456150
20352, 0.00456180
20353, 0.00456200
20354, 0.00456220
20355, 0.00456240
20356, 0.00456260
20357, 0.00456280
20358, 0.00456300
20359, 0.00456320
20360, 0.00456340
20361, 0.00456360
20362, 0.00456380
20363, 0.00456400
20364, 0.00456420
20365, 0.00456440
20366, 0.00456460
20367, 0.00456480
20368, 0.00456500
20369, 0.00456530
20370, 0.00456560
20371, 0.00456580
20372, 0.00456600
20373, 0.00456620
20374, 0.00456650
20375, 0.00456670
20376, 0.00456690
20377, 0.00456710
20378, 0.00456740
20379, 0.00456760
20380, 0.00456780
20381, 0.00456800
20382, 0.00456830
20383, 0.00456850
20384, 0.00456880
20385, 0.00456900
20386, 0.00456920
20387, 0.00456940
20388, 0.00456960
20389, 0.00456990
20390, 0.00457010
20391, 0.00457030
20392, 0.00457050
20393, 0.00457070
20394, 0.00457090
20395, 0.00457110
20396, 0.00457130
20397, 0.00457150
20398, 0.00457170
20399, 0.00457190
20400, 0.00457210
20401, 0.00457230
20402, 0.00457250
20403, 0.00457270
20404, 0.00457290
20405, 0.00457310
20406, 0.00457330
20407, 0.00457350
20408, 0.00457370
20409, 0.00457390
20410, 0.00457410
20411, 0.00457440
20412, 0.00457460
20413, 0.00457480
20414, 0.00457500
20415, 0.00457520
20416, 0.00457540
20417, 0.00457560
20418, 0.00457580
20419, 0.00457600
20420, 0.00457620
20421, 0.00457640
20422, 0.00457660
20423, 0.00457680
20424, 0.00457700
20425, 0.00457720
20426, 0.00457740
20427, 0.00457760
20428, 0.00457780
20429, 0.00457800
20430, 0.00457830
20431, 0.00457850
20432, 0.00457870
20433, 0.00457890
20434, 0.00457910
20435, 0.00457930
20436, 0.00457950
20437, 0.00457970
20438, 0.00457990
20439, 0.00458010
20440, 0.00458030
20441, 0.00458050
20442, 0.00458070
20443, 0.00458090
20444, 0.00458110
20445, 0.00458130
20446, 0.00458150
20447, 0.00458170
20448, 0.00458190
20449, 0.00458210
20450, 0.00458240
20451, 0.00458260
20452, 0.00458280
20453, 0.00458300
20454, 0.00458320
20455, 0.00458340
20456, 0.00458360
20457, 0.00458380
20458, 0.00458400
20459, 0.00458420
20460, 0.00458440
20461, 0.00458460
20462, 0.00458480
20463, 0.00458510
20464, 0.00458530
20465, 0.00458550
20466, 0.00458570
20467, 0.00458590
20468, 0.00458610
20469, 0.00458630
20470, 0.00458650
20471, 0.00458670
20472, 0.00458690
20473, 0.00458710
20474, 0.00458730
20475, 0.00458750
20476, 0.00458770
20477, 0.00458790
20478, 0.00458810
20479, 0.00458830
20480, 0.00458850
20481, 0.00458870
20482, 0.00458900
20483, 0.00458920
20484, 0.00458940
20485, 0.00458960
20486, 0.00458980
20487, 0.00459000
20488, 0.00459020
20489, 0.00459040
20490, 0.00459060
20491, 0.00459080
20492, 0.00459100
20493, 0.00459120
20494, 0.00459140
20495, 0.00459160
20496, 0.00459190
20497, 0.00459210
20498, 0.00459230
20499, 0.00459250
20500, 0.00459280
20501, 0.00459300
20502, 0.00459320
20503, 0.00459340
20504, 0.00459360
20505, 0.00459380
20506, 0.00459410
20507, 0.00459430
20508, 0.00459460
20509, 0.00459480
20510, 0.00459500
20511, 0.00459520
20512, 0.00459550
20513, 0.00459570
20514, 0.00459590
20515, 0.00459610
20516, 0.00459630
20517, 0.00459650
20518, 0.00459670
20519, 0.00459690
20520, 0.00459710
20521, 0.00459730
20522, 0.00459760
20523, 0.00459780
20524, 0.00459800
20525, 0.00459820
20526, 0.00459840
20527, 0.00459860
20528, 0.00459880
20529, 0.00459900
20530, 0.00459920
20531, 0.00459940
20532, 0.00459960
20533, 0.00459980
20534, 0.00460000
20535, 0.00460020
20536, 0.00460040
20537, 0.00460060
20538, 0.00460080
20539, 0.00460100
20540, 0.00460120
20541, 0.00460140
20542, 0.00460160
20543, 0.00460180
20544, 0.00460210
20545, 0.00460230
20546, 0.00460250
20547, 0.00460270
20548, 0.00460290
20549, 0.00460310
20550, 0.00460330
20551, 0.00460350
20552, 0.00460370
20553, 0.00460390
20554, 0.00460410
20555, 0.00460430
20556, 0.00460450
20557, 0.00460470
20558, 0.00460490
20559, 0.00460510
20560, 0.00460530
20561, 0.00460550
20562, 0.00460570
20563, 0.00460590
20564, 0.00460610
20565, 0.00460640
20566, 0.00460660
20567, 0.00460680
20568, 0.00460700
20569, 0.00460720
20570, 0.00460740
20571, 0.00460760
20572, 0.00460780
20573, 0.00460800
20574, 0.00460820
20575, 0.00460840
20576, 0.00460860
20577, 0.00460880
20578, 0.00460900
20579, 0.00460920
20580, 0.00460940
20581, 0.00460960
20582, 0.00460980
20583, 0.00461000
20584, 0.00461020
20585, 0.00461040
20586, 0.00461060
20587, 0.00461090
20588, 0.00461110
20589, 0.00461130
20590, 0.00461150
20591, 0.00461170
20592, 0.00461190
20593, 0.00461210
20594, 0.00461230
20595, 0.00461250
20596, 0.00461270
20597, 0.00461290
20598, 0.00461310
20599, 0.00461330
20600, 0.00461350
20601, 0.00461370
20602, 0.00461390
20603, 0.00461410
20604, 0.00461430
20605, 0.00461450
20606, 0.00461470
20607, 0.00461490
20608, 0.00461520
20609, 0.00461540
20610, 0.00461560
20611, 0.00461580
20612, 0.00461600
20613, 0.00461620
20614, 0.00461640
20615, 0.00461660
20616, 0.00461680
20617, 0.00461700
20618, 0.00461720
20619, 0.00461740
20620, 0.00461760
20621, 0.00461780
20622, 0.00461800
20623, 0.00461820
20624, 0.00461850
20625, 0.00461870
20626, 0.00461890
20627, 0.00461910
20628, 0.00461940
20629, 0.00461960
20630, 0.00461980
20631, 0.00462000
20632, 0.00462020
20633, 0.00462040
20634, 0.00462070
20635, 0.00462090
20636, 0.00462120
20637, 0.00462140
20638, 0.00462160
20639, 0.00462180
20640, 0.00462210
20641, 0.00462230
20642, 0.00462250
20643, 0.00462270
20644, 0.00462290
20645, 0.00462310
20646, 0.00462330
20647, 0.00462350
20648, 0.00462370
20649, 0.00462400
20650, 0.00462420
20651, 0.00462440
20652, 0.00462460
20653, 0.00462480
20654, 0.00462500
20655, 0.00462520
20656, 0.00462540
20657, 0.00462560
20658, 0.00462580
20659, 0.00462600
20660, 0.00462620
20661, 0.00462640
20662, 0.00462660
20663, 0.00462680
20664, 0.00462700
20665, 0.00462730
20666, 0.00462750
20667, 0.00462770
20668, 0.00462790
20669, 0.00462810
20670, 0.00462830
20671, 0.00462850
20672, 0.00462870
20673, 0.00462890
20674, 0.00462910
20675, 0.00462930
20676, 0.00462950
20677, 0.00462970
20678, 0.00462990
20679, 0.00463010
20680, 0.00463030
20681, 0.00463050
20682, 0.00463070
20683, 0.00463090
20684, 0.00463110
20685, 0.00463140
20686, 0.00463160
20687, 0.00463180
20688, 0.00463200
20689, 0.00463220
20690, 0.00463240
20691, 0.00463260
20692, 0.00463280
20693, 0.00463300
20694, 0.00463320
20695, 0.00463340
20696, 0.00463360
20697, 0.00463380
20698, 0.00463400
20699, 0.00463420
20700, 0.00463440
20701, 0.00463460
20702, 0.00463480
20703, 0.00463500
20704, 0.00463520
20705, 0.00463550
20706, 0.00463570
20707, 0.00463590
20708, 0.00463610
20709, 0.00463630
20710, 0.00463650
20711, 0.00463670
20712, 0.00463690
20713, 0.00463710
20714, 0.00463730
20715, 0.00463750
20716, 0.00463770
20717, 0.00463790
20718, 0.00463810
20719, 0.00463830
20720, 0.00463850
20721, 0.00463870
20722, 0.00463890
20723, 0.00463910
20724, 0.00463930
20725, 0.00463950
20726, 0.00463980
20727, 0.00464000
20728, 0.00464020
20729, 0.00464040
20730, 0.00464060
20731, 0.00464080
20732, 0.00464100
20733, 0.00464120
20734, 0.00464140
20735, 0.00464160
20736, 0.00464180
20737, 0.00464200
20738, 0.00464220
20739, 0.00464240
20740, 0.00464260
20741, 0.00464280
20742, 0.00464300
20743, 0.00464320
20744, 0.00464340
20745, 0.00464360
20746, 0.00464390
20747, 0.00464410
20748, 0.00464430
20749, 0.00464450
20750, 0.00464470
20751, 0.00464490
20752, 0.00464520
20753, 0.00464540
20754, 0.00464560
20755, 0.00464580
20756, 0.00464600
20757, 0.00464620
20758, 0.00464640
20759, 0.00464660
20760, 0.00464680
20761, 0.00464700
20762, 0.00464730
20763, 0.00464750
20764, 0.00464780
20765, 0.00464800
20766, 0.00464830
20767, 0.00464850
20768, 0.00464870
20769, 0.00464890
20770, 0.00464910
20771, 0.00464930
20772, 0.00464950
20773, 0.00464980
20774, 0.00465000
20775, 0.00465020
20776, 0.00465040
20777, 0.00465060
20778, 0.00465090
20779, 0.00465110
20780, 0.00465130
20781, 0.00465150
20782, 0.00465170
20783, 0.00465190
20784, 0.00465210
20785, 0.00465230
20786, 0.00465250
20787, 0.00465270
20788, 0.00465290
20789, 0.00465310
20790, 0.00465330
20791, 0.00465350
20792, 0.00465370
20793, 0.00465390
20794, 0.00465410
20795, 0.00465430
20796, 0.00465450
20797, 0.00465470
20798, 0.00465490
20799, 0.00465510
20800, 0.00465540
20801, 0.00465560
20802, 0.00465580
20803, 0.00465600
20804, 0.00465620
20805, 0.00465640
20806, 0.00465660
20807, 0.00465680
20808, 0.00465700
20809, 0.00465720
20810, 0.00465740
20811, 0.00465760
20812, 0.00465780
20813, 0.00465800
20814, 0.00465820
20815, 0.00465840
20816, 0.00465860
20817, 0.00465880
20818, 0.00465900
20819, 0.00465920
20820, 0.00465940
20821, 0.00465960
20822, 0.00465990
20823, 0.00466010
20824, 0.00466030
20825, 0.00466050
20826, 0.00466070
20827, 0.00466090
20828, 0.00466110
20829, 0.00466130
20830, 0.00466150
20831, 0.00466170
20832, 0.00466190
20833, 0.00466210
20834, 0.00466230
20835, 0.00466250
20836, 0.00466270
20837, 0.00466290
20838, 0.00466310
20839, 0.00466330
20840, 0.00466350
20841, 0.00466370
20842, 0.00466390
20843, 0.00466410
20844, 0.00466440
20845, 0.00466460
20846, 0.00466480
20847, 0.00466500
20848, 0.00466520
20849, 0.00466540
20850, 0.00466560
20851, 0.00466580
20852, 0.00466600
20853, 0.00466620
20854, 0.00466640
20855, 0.00466660
20856, 0.00466680
20857, 0.00466700
20858, 0.00466720
20859, 0.00466740
20860, 0.00466760
20861, 0.00466780
20862, 0.00466800
20863, 0.00466820
20864, 0.00466840
20865, 0.00466860
20866, 0.00466880
20867, 0.00466900
20868, 0.00466930
20869, 0.00466950
20870, 0.00466970
20871, 0.00466990
20872, 0.00467010
20873, 0.00467030
20874, 0.00467050
20875, 0.00467070
20876, 0.00467090
20877, 0.00467110
20878, 0.00467130
20879, 0.00467150
20880, 0.00467850
20881, 0.00467880
20882, 0.00467900
20883, 0.00467920
20884, 0.00467940
20885, 0.00467960
20886, 0.00467980
20887, 0.00468000
20888, 0.00468020
20889, 0.00468040
20890, 0.00468060
20891, 0.00468080
20892, 0.00468100
20893, 0.00468120
20894, 0.00468150
20895, 0.00468170
20896, 0.00468190
20897, 0.00468210
20898, 0.00468230
20899, 0.00468250
20900, 0.00468270
20901, 0.00468290
20902, 0.00468310
20903, 0.00468330
20904, 0.00468350
20905, 0.00468370
20906, 0.00468390
20907, 0.00468410
20908, 0.00468430
20909, 0.00468450
20910, 0.00468470
20911, 0.00468490
20912, 0.00468510
20913, 0.00468540
20914, 0.00468560
20915, 0.00468580
20916, 0.00468600
20917, 0.00468620
20918, 0.00468640
20919, 0.00468660
20920, 0.00468680
20921, 0.00468700
20922, 0.00468720
20923, 0.00468740
20924, 0.00468760
20925, 0.00468780
20926, 0.00468800
20927, 0.00468820
20928, 0.00468840
20929, 0.00468860
20930, 0.00468880
20931, 0.00468900
20932, 0.00468920
20933, 0.00468940
20934, 0.00468960
20935, 0.00468980
20936, 0.00469000
20937, 0.00469030
20938, 0.00469050
20939, 0.00469070
20940, 0.00469090
20941, 0.00469110
20942, 0.00469130
20943, 0.00469150
20944, 0.00469170
20945, 0.00469190
20946, 0.00469210
20947, 0.00469230
20948, 0.00469250
20949, 0.00469270
20950, 0.00469290
20951, 0.00469320
20952, 0.00469340
20953, 0.00469360
20954, 0.00469380
20955, 0.00469400
20956, 0.00469420
20957, 0.00469440
20958, 0.00469460
20959, 0.00469480
20960, 0.00469500
20961, 0.00469520
20962, 0.00469540
20963, 0.00469560
20964, 0.00469580
20965, 0.00469600
20966, 0.00469620
20967, 0.00469640
20968, 0.00469660
20969, 0.00469690
20970, 0.00469710
20971, 0.00469730
20972, 0.00469750
20973, 0.00469770
20974, 0.00469790
20975, 0.00469810
20976, 0.00469830
20977, 0.00469850
20978, 0.00469870
20979, 0.00469890
20980, 0.00469910
20981, 0.00469930
20982, 0.00469950
20983, 0.00469970
20984, 0.00469990
20985, 0.00470010
20986, 0.00470030
20987, 0.00470050
20988, 0.00470080
20989, 0.00470100
20990, 0.00470120
20991, 0.00470140
20992, 0.00470160
20993, 0.00470180
20994, 0.00470200
20995, 0.00470220
20996, 0.00470240
20997, 0.00470260
20998, 0.00470280
20999, 0.00470300
21000, 0.00470320
21001, 0.00470340
21002, 0.00470360
21003, 0.00470380
21004, 0.00470400
21005, 0.00470420
21006, 0.00470450
21007, 0.00470500
21008, 0.00470540
21009, 0.00470580
21010, 0.00470630
21011, 0.00470670
21012, 0.00470710
21013, 0.00470750
21014, 0.00470790
21015, 0.00470820
21016, 0.00470870
21017, 0.00470910
21018, 0.00470950
21019, 0.00470990
21020, 0.00471030
21021, 0.00471060
21022, 0.00471100
21023, 0.00471130
21024, 0.00471170
21025, 0.00471210
21026, 0.00471260
21027, 0.00471300
21028, 0.00471340
21029, 0.00471380
21030, 0.00471410
21031, 0.00471450
21032, 0.00471490
21033, 0.00471530
21034, 0.00471570
21035, 0.00471610
21036, 0.00471650
21037, 0.00471690
21038, 0.00471730
21039, 0.00471760
21040, 0.00471800
21041, 0.00471840
21042, 0.00471880
21043, 0.00471920
21044, 0.00471940
21045, 0.00471970
21046, 0.00471990
21047, 0.00472010
21048, 0.00472030
21049, 0.00472050
21050, 0.00472070
21051, 0.00472090
21052, 0.00472110
21053, 0.00472130
21054, 0.00472150
21055, 0.00472170
21056, 0.00472190
21057, 0.00472210
21058, 0.00472240
21059, 0.00472260
21060, 0.00472280
21061, 0.00472300
21062, 0.00472320
21063, 0.00472340
21064, 0.00472360
21065, 0.00472380
21066, 0.00472400
21067, 0.00472420
21068, 0.00472440
21069, 0.00472460
21070, 0.00472480
21071, 0.00472500
21072, 0.00472520
21073, 0.00472540
21074, 0.00472560
21075, 0.00472580
21076, 0.00472600
21077, 0.00472620
21078, 0.00472640
21079, 0.00472660
21080, 0.00472680
21081, 0.00472710
21082, 0.00472730
21083, 0.00472750
21084, 0.00472770
21085, 0.00472790
21086, 0.00472810
21087, 0.00472830
21088, 0.00472850
21089, 0.00472870
21090, 0.00472890
21091, 0.00472910
21092, 0.00472930
21093, 0.00472950
21094, 0.00472970
21095, 0.00472990
21096, 0.00473010
21097, 0.00473030
21098, 0.00473050
21099, 0.00473070
21100, 0.00473090
21101, 0.00473110
21102, 0.00473130
21103, 0.00473150
21104, 0.00473170
21105, 0.00473200
21106, 0.00473220
21107, 0.00473240
21108, 0.00473260
21109, 0.00473280
21110, 0.00473300
21111, 0.00473320
21112, 0.00473340
21113, 0.00473360
21114, 0.00473380
21115, 0.00473400
21116, 0.00473420
21117, 0.00473440
21118, 0.00473460
21119, 0.00473480
21120, 0.00473500
21121, 0.00473520
21122, 0.00473540
21123, 0.00473560
21124, 0.00473580
21125, 0.00473610
21126, 0.00473630
21127, 0.00473650
21128, 0.00473670
21129, 0.00473690
21130, 0.00473710
21131, 0.00473730
21132, 0.00473750
21133, 0.00473770
21134, 0.00473800
21135, 0.00473820
21136, 0.00473840
21137, 0.00473860
21138, 0.00473890
21139, 0.00473910
21140, 0.00473930
21141, 0.00473950
21142, 0.00473970
21143, 0.00473990
21144, 0.00474020
21145, 0.00474040
21146, 0.00474070
21147, 0.00474090
21148, 0.00474110
21149, 0.00474130
21150, 0.00474180
21151, 0.00474200
21152, 0.00474220
21153, 0.00474240
21154, 0.00474260
21155, 0.00474280
21156, 0.00474300
21157, 0.00474320
21158, 0.00474340
21159, 0.00474360
21160, 0.00474380
21161, 0.00474400
21162, 0.00474420
21163, 0.00474440
21164, 0.00474460
21165, 0.00474480
21166, 0.00474500
21167, 0.00474530
21168, 0.00474550
21169, 0.00474570
21170, 0.00474590
21171, 0.00474610
21172, 0.00474630
21173, 0.00474650
21174, 0.00474670
21175, 0.00474690
21176, 0.00474710
21177, 0.00474730
21178, 0.00474750
21179, 0.00474770
21180, 0.00474790
21181, 0.00474810
21182, 0.00474830
21183, 0.00474850
21184, 0.00474870
21185, 0.00474890
21186, 0.00474910
21187, 0.00474930
21188, 0.00474960
21189, 0.00474980
21190, 0.00475000
21191, 0.00475020
21192, 0.00475040
21193, 0.00475060
21194, 0.00475080
21195, 0.00475100
21196, 0.00475120
21197, 0.00475140
21198, 0.00475160
21199, 0.00475180
21200, 0.00475200
21201, 0.00475220
21202, 0.00475240
21203, 0.00475260
21204, 0.00475280
21205, 0.00475300
21206, 0.00475320
21207, 0.00475340
21208, 0.00475370
21209, 0.00475390
21210, 0.00475410
21211, 0.00475430
21212, 0.00475450
21213, 0.00475470
21214, 0.00475490
21215, 0.00475510
21216, 0.00475530
21217, 0.00475550
21218, 0.00475570
21219, 0.00475590
21220, 0.00475610
21221, 0.00475630
21222, 0.00475650
21223, 0.00475670
21224, 0.00475690
21225, 0.00475710
21226, 0.00475730
21227, 0.00475750
21228, 0.00475770
21229, 0.00475790
21230, 0.00475810
21231, 0.00475830
21232, 0.00475860
21233, 0.00475880
21234, 0.00475900
21235, 0.00475920
21236, 0.00475940
21237, 0.00475960
21238, 0.00475980
21239, 0.00476000
21240, 0.00476020
21241, 0.00476040
21242, 0.00476060
21243, 0.00476080
21244, 0.00476100
21245, 0.00476120
21246, 0.00476140
21247, 0.00476160
21248, 0.00476180
21249, 0.00476200
21250, 0.00476220
21251, 0.00476240
21252, 0.00476260
21253, 0.00476280
21254, 0.00476300
21255, 0.00476320
21256, 0.00476340
21257, 0.00476370
21258, 0.00476390
21259, 0.00476410
21260, 0.00476430
21261, 0.00476450
21262, 0.00476480
21263, 0.00476500
21264, 0.00476520
21265, 0.00476540
21266, 0.00476560
21267, 0.00476580
21268, 0.00476600
21269, 0.00476620
21270, 0.00476640
21271, 0.00476660
21272, 0.00476690
21273, 0.00476710
21274, 0.00476740
21275, 0.00476760
21276, 0.00476790
21277, 0.00476810
21278, 0.00476830
21279, 0.00476850
21280, 0.00476880
21281, 0.00476900
21282, 0.00476920
21283, 0.00476940
21284, 0.00476960
21285, 0.00476980
21286, 0.00477000
21287, 0.00477020
21288, 0.00477040
21289, 0.00477060
21290, 0.00477080
21291, 0.00477100
21292, 0.00477120
21293, 0.00477140
21294, 0.00477160
21295, 0.00477180
21296, 0.00477200
21297, 0.00477220
21298, 0.00477240
21299, 0.00477260
21300, 0.00477280
21301, 0.00477310
21302, 0.00477330
21303, 0.00477350
21304, 0.00477370
21305, 0.00477390
21306, 0.00477410
21307, 0.00477430
21308, 0.00477450
21309, 0.00477470
21310, 0.00477490
21311, 0.00477510
21312, 0.00477530
21313, 0.00477550
21314, 0.00477570
21315, 0.00477590
21316, 0.00477610
21317, 0.00477630
21318, 0.00477650
21319, 0.00477670
21320, 0.00477690
21321, 0.00477710
21322, 0.00477740
21323, 0.00477760
21324, 0.00477780
21325, 0.00477800
21326, 0.00477820
21327, 0.00477840
21328, 0.00477860
21329, 0.00477880
21330, 0.00477900
21331, 0.00477920
21332, 0.00477940
21333, 0.00477960
21334, 0.00477980
21335, 0.00478000
21336, 0.00478020
21337, 0.00478040
21338, 0.00478060
21339, 0.00478080
21340, 0.00478100
21341, 0.00478120
21342, 0.00478150
21343, 0.00478170
21344, 0.00478190
21345, 0.00478210
21346, 0.00478230
21347, 0.00478250
21348, 0.00478270
21349, 0.00478290
21350, 0.00478310
21351, 0.00478330
21352, 0.00478350
21353, 0.00478370
21354, 0.00478390
21355, 0.00478410
21356, 0.00478430
21357, 0.00478460
21358, 0.00478480
21359, 0.00478500
21360, 0.00478520
21361, 0.00478540
21362, 0.00478560
21363, 0.00478580
21364, 0.00478600
21365, 0.00478620
21366, 0.00478640
21367, 0.00478660
21368, 0.00478680
21369, 0.00478700
21370, 0.00478720
21371, 0.00478740
21372, 0.00478760
21373, 0.00478780
21374, 0.00478800
21375, 0.00478820
21376, 0.00478850
21377, 0.00478870
21378, 0.00478890
21379, 0.00478910
21380, 0.00478930
21381, 0.00478950
21382, 0.00478970
21383, 0.00478990
21384, 0.00479010
21385, 0.00479030
21386, 0.00479050
21387, 0.00479070
21388, 0.00479090
21389, 0.00479110
21390, 0.00479150
21391, 0.00479170
21392, 0.00479190
21393, 0.00479210
21394, 0.00479230
21395, 0.00479250
21396, 0.00479270
21397, 0.00479290
21398, 0.00479320
21399, 0.00479340
21400, 0.00479360
21401, 0.00479380
21402, 0.00479410
21403, 0.00479430
21404, 0.00479460
21405, 0.00479480
21406, 0.00479500
21407, 0.00479520
21408, 0.00479540
21409, 0.00479560
21410, 0.00479580
21411, 0.00479610
21412, 0.00479630
21413, 0.00479650
21414, 0.00479670
21415, 0.00479690
21416, 0.00479710
21417, 0.00479730
21418, 0.00479750
21419, 0.00479770
21420, 0.00479790
21421, 0.00479810
21422, 0.00479830
21423, 0.00479850
21424, 0.00479870
21425, 0.00479890
21426, 0.00479910
21427, 0.00479930
21428, 0.00479950
21429, 0.00479970
21430, 0.00480000
21431, 0.00480020
21432, 0.00480040
21433, 0.00480060
21434, 0.00480080
21435, 0.00480100
21436, 0.00480120
21437, 0.00480140
21438, 0.00480160
21439, 0.00480180
21440, 0.00480200
21441, 0.00480220
21442, 0.00480240
21443, 0.00480260
21444, 0.00480280
21445, 0.00480300
21446, 0.00480320
21447, 0.00480340
21448, 0.00480360
21449, 0.00480390
21450, 0.00480410
21451, 0.00480430
21452, 0.00480450
21453, 0.00480470
21454, 0.00480490
21455, 0.00480510
21456, 0.00480530
21457, 0.00480550
21458, 0.00480570
21459, 0.00480590
21460, 0.00480610
21461, 0.00480630
21462, 0.00480650
21463, 0.00480670
21464, 0.00480690
21465, 0.00480710
21466, 0.00480730
21467, 0.00480750
21468, 0.00480770
21469, 0.00480800
21470, 0.00480820
21471, 0.00480840
21472, 0.00480860
21473, 0.00480880
21474, 0.00480900
21475, 0.00480920
21476, 0.00480940
21477, 0.00480960
21478, 0.00480980
21479, 0.00481000
21480, 0.00481020
21481, 0.00481040
21482, 0.00481060
21483, 0.00481080
21484, 0.00481100
21485, 0.00481120
21486, 0.00481150
21487, 0.00481170
21488, 0.00481190
21489, 0.00481210
21490, 0.00481230
21491, 0.00481250
21492, 0.00481270
21493, 0.00481290
21494, 0.00481310
21495, 0.00481330
21496, 0.00481350
21497, 0.00481370
21498, 0.00481390
21499, 0.00481410
21500, 0.00481430
21501, 0.00481450
21502, 0.00481470
21503, 0.00481490
21504, 0.00481510
21505, 0.00481530
21506, 0.00481550
21507, 0.00481580
21508, 0.00481600
21509, 0.00481620
21510, 0.00481640
21511, 0.00481660
21512, 0.00481680
21513, 0.00481700
21514, 0.00481720
21515, 0.00481740
21516, 0.00481770
21517, 0.00481790
21518, 0.00481810
21519, 0.00481830
21520, 0.00481860
21521, 0.00481880
21522, 0.00481900
21523, 0.00481920
21524, 0.00481940
21525, 0.00481960
21526, 0.00481990
21527, 0.00482010
21528, 0.00482040
21529, 0.00482060
21530, 0.00482090
21531, 0.00482110
21532, 0.00482130
21533, 0.00482160
21534, 0.00482180
21535, 0.00482200
21536, 0.00482220
21537, 0.00482240
21538, 0.00482260
21539, 0.00482280
21540, 0.00482300
21541, 0.00482320
21542, 0.00482340
21543, 0.00482360
21544, 0.00482380
21545, 0.00482400
21546, 0.00482420
21547, 0.00482440
21548, 0.00482460
21549, 0.00482480
21550, 0.00482500
21551, 0.00482520
21552, 0.00482540
21553, 0.00482560
21554, 0.00482580
21555, 0.00482600
21556, 0.00482630
21557, 0.00482650
21558, 0.00482670
21559, 0.00482690
21560, 0.00482710
21561, 0.00482730
21562, 0.00482750
21563, 0.00482770
21564, 0.00482790
21565, 0.00482810
21566, 0.00482830
21567, 0.00482850
21568, 0.00482870
21569, 0.00482890
21570, 0.00482910
21571, 0.00482930
21572, 0.00482950
21573, 0.00482970
21574, 0.00482990
21575, 0.00483010
21576, 0.00483030
21577, 0.00483050
21578, 0.00483080
21579, 0.00483100
21580, 0.00483120
21581, 0.00483140
21582, 0.00483160
21583, 0.00483180
21584, 0.00483200
21585, 0.00483220
21586, 0.00483240
21587, 0.00483260
21588, 0.00483280
21589, 0.00483300
21590, 0.00483320
21591, 0.00483340
21592, 0.00483360
21593, 0.00483380
21594, 0.00483400
21595, 0.00483420
21596, 0.00483440
21597, 0.00483460
21598, 0.00483480
21599, 0.00483500
21600, 0.00483530
21601, 0.00483550
21602, 0.00483570
21603, 0.00483590
21604, 0.00483610
21605, 0.00483630
21606, 0.00483650
21607, 0.00483670
21608, 0.00483690
21609, 0.00483710
21610, 0.00483730
21611, 0.00483750
21612, 0.00483770
21613, 0.00483790
21614, 0.00483810
21615, 0.00483830
21616, 0.00483850
21617, 0.00483870
21618, 0.00483890
21619, 0.00483910
21620, 0.00483940
21621, 0.00483960
21622, 0.00483980
21623, 0.00484000
21624, 0.00484020
21625, 0.00484040
21626, 0.00484060
21627, 0.00484080
21628, 0.00484100
21629, 0.00484120
21630, 0.00484140
21631, 0.00484160
21632, 0.00484180
21633, 0.00484200
21634, 0.00484220
21635, 0.00484240
21636, 0.00484260
21637, 0.00484280
21638, 0.00484300
21639, 0.00484320
21640, 0.00484340
21641, 0.00484370
21642, 0.00484390
21643, 0.00484410
21644, 0.00484440
21645, 0.00484460
21646, 0.00484480
21647, 0.00484500
21648, 0.00484530
21649, 0.00484550
21650, 0.00484570
21651, 0.00484590
21652, 0.00484610
21653, 0.00484630
21654, 0.00484670
21655, 0.00484690
21656, 0.00484720
21657, 0.00484740
21658, 0.00484770
21659, 0.00484790
21660, 0.00484810
21661, 0.00484830
21662, 0.00484860
21663, 0.00484880
21664, 0.00484900
21665, 0.00484920
21666, 0.00484940
21667, 0.00484960
21668, 0.00484980
21669, 0.00485000
21670, 0.00485020
21671, 0.00485040
21672, 0.00485060
21673, 0.00485080
21674, 0.00485100
21675, 0.00485120
21676, 0.00485140
21677, 0.00485160
21678, 0.00485180
21679, 0.00485200
21680, 0.00485220
21681, 0.00485240
21682, 0.00485260
21683, 0.00485280
21684, 0.00485310
21685, 0.00485330
21686, 0.00485350
21687, 0.00485370
21688, 0.00485390
21689, 0.00485410
21690, 0.00485430
21691, 0.00485450
21692, 0.00485470
21693, 0.00485490
21694, 0.00485510
21695, 0.00485530
21696, 0.00485550
21697, 0.00485570
21698, 0.00485590
21699, 0.00485610
21700, 0.00485630
21701, 0.00485650
21702, 0.00485670
21703, 0.00485690
21704, 0.00485710
21705, 0.00485730
21706, 0.00485760
21707, 0.00485780
21708, 0.00485800
21709, 0.00485820
21710, 0.00485840
21711, 0.00485860
21712, 0.00485880
21713, 0.00485900
21714, 0.00485920
21715, 0.00485940
21716, 0.00485960
21717, 0.00485980
21718, 0.00486000
21719, 0.00486020
21720, 0.00486040
21721, 0.00486060
21722, 0.00486080
21723, 0.00486100
21724, 0.00486120
21725, 0.00486140
21726, 0.00486160
21727, 0.00486180
21728, 0.00486210
21729, 0.00486230
21730, 0.00486250
21731, 0.00486270
21732, 0.00486290
21733, 0.00486310
21734, 0.00486330
21735, 0.00486350
21736, 0.00486370
21737, 0.00486390
21738, 0.00486410
21739, 0.00486430
21740, 0.00486450
21741, 0.00486470
21742, 0.00486490
21743, 0.00486510
21744, 0.00486530
21745, 0.00486550
21746, 0.00486570
21747, 0.00486590
21748, 0.00486620
21749, 0.00486640
21750, 0.00486660
21751, 0.00486680
21752, 0.00486700
21753, 0.00486720
21754, 0.00486740
21755, 0.00486760
21756, 0.00486780
21757, 0.00486800
21758, 0.00486820
21759, 0.00486840
21760, 0.00486860
21761, 0.00486880
21762, 0.00486900
21763, 0.00486920
21764, 0.00486940
21765, 0.00486960
21766, 0.00486990
21767, 0.00487010
21768, 0.00487030
21769, 0.00487050
21770, 0.00487070
21771, 0.00487090
21772, 0.00487120
21773, 0.00487140
21774, 0.00487160
21775, 0.00487180
21776, 0.00487200
21777, 0.00487220
21778, 0.00487240
21779, 0.00487260
21780, 0.00487280
21781, 0.00487300
21782, 0.00487330
21783, 0.00487350
21784, 0.00487380
21785, 0.00487400
21786, 0.00487430
21787, 0.00487450
21788, 0.00487470
21789, 0.00487490
21790, 0.00487510
21791, 0.00487530
21792, 0.00487550
21793, 0.00487570
21794, 0.00487590
21795, 0.00487610
21796, 0.00487640
21797, 0.00487660
21798, 0.00487680
21799, 0.00487700
21800, 0.00487720
21801, 0.00487740
21802, 0.00487760
21803, 0.00487780
21804, 0.00487800
21805, 0.00487820
21806, 0.00487840
21807, 0.00487860
21808, 0.00487880
21809, 0.00487900
21810, 0.00487920
21811, 0.00487940
21812, 0.00487960
21813, 0.00487980
21814, 0.00488000
21815, 0.00488020
21816, 0.00488040
21817, 0.00488060
21818, 0.00488090
21819, 0.00488110
21820, 0.00488130
21821, 0.00488150
21822, 0.00488170
21823, 0.00488190
21824, 0.00488210
21825, 0.00488230
21826, 0.00488250
21827, 0.00488270
21828, 0.00488290
21829, 0.00488310
21830, 0.00488330
21831, 0.00488350
21832, 0.00488370
21833, 0.00488390
21834, 0.00488410
21835, 0.00488430
21836, 0.00488450
21837, 0.00488470
21838, 0.00488490
21839, 0.00488520
21840, 0.00488540
21841, 0.00488560
21842, 0.00488590
21843, 0.00488610
21844, 0.00488640
21845, 0.00488660
21846, 0.00488680
21847, 0.00488700
21848, 0.00488720
21849, 0.00488740
21850, 0.00488760
21851, 0.00488780
21852, 0.00488800
21853, 0.00488820
21854, 0.00488840
21855, 0.00488860
21856, 0.00488880
21857, 0.00488900
21858, 0.00488920
21859, 0.00488940
21860, 0.00488970
21861, 0.00488990
21862, 0.00489010
21863, 0.00489030
21864, 0.00489050
21865, 0.00489070
21866, 0.00489090
21867, 0.00489110
21868, 0.00489130
21869, 0.00489150
21870, 0.00489170
21871, 0.00489190
21872, 0.00489210
21873, 0.00489230
21874, 0.00489250
21875, 0.00489270
21876, 0.00489290
21877, 0.00489310
21878, 0.00489330
21879, 0.00489350
21880, 0.00489370
21881, 0.00489400
21882, 0.00489420
21883, 0.00489440
21884, 0.00489460
21885, 0.00489480
21886, 0.00489500
21887, 0.00489520
21888, 0.00489540
21889, 0.00489560
21890, 0.00489580
21891, 0.00489600
21892, 0.00489620
21893, 0.00489640
21894, 0.00489660
21895, 0.00489680
21896, 0.00489700
21897, 0.00489720
21898, 0.00489740
21899, 0.00489770
21900, 0.00489800
21901, 0.00489820
21902, 0.00489850
21903, 0.00489870
21904, 0.00489890
21905, 0.00489910
21906, 0.00489930
21907, 0.00489950
21908, 0.00489980
21909, 0.00490000
21910, 0.00490020
21911, 0.00490050
21912, 0.00490070
21913, 0.00490090
21914, 0.00490140
21915, 0.00490160
21916, 0.00490190
21917, 0.00490210
21918, 0.00490230
21919, 0.00490250
21920, 0.00490270
21921, 0.00490290
21922, 0.00490310
21923, 0.00490330
21924, 0.00490350
21925, 0.00490370
21926, 0.00490390
21927, 0.00490410
21928, 0.00490430
21929, 0.00490450
21930, 0.00490480
21931, 0.00490500
21932, 0.00490520
21933, 0.00490540
21934, 0.00490560
21935, 0.00490580
21936, 0.00490600
21937, 0.00490620
21938, 0.00490640
21939, 0.00490660
21940, 0.00490680
21941, 0.00490700
21942, 0.00490720
21943, 0.00490740
21944, 0.00490760
21945, 0.00490780
21946, 0.00490800
21947, 0.00490820
21948, 0.00490840
21949, 0.00490860
21950, 0.00490880
21951, 0.00490910
21952, 0.00490930
21953, 0.00490950
21954, 0.00490970
21955, 0.00490990
21956, 0.00491010
21957, 0.00491030
21958, 0.00491050
21959, 0.00491070
21960, 0.00491090
21961, 0.00491110
21962, 0.00491130
21963, 0.00491150
21964, 0.00491170
21965, 0.00491190
21966, 0.00491210
21967, 0.00491230
21968, 0.00491250
21969, 0.00491270
21970, 0.00491290
21971, 0.00491310
21972, 0.00491330
21973, 0.00491350
21974, 0.00491380
21975, 0.00491400
21976, 0.00491420
21977, 0.00491440
21978, 0.00491460
21979, 0.00491480
21980, 0.00491500
21981, 0.00491520
21982, 0.00491540
21983, 0.00491560
21984, 0.00491580
21985, 0.00491600
21986, 0.00491620
21987, 0.00491640
21988, 0.00491660
21989, 0.00491680
21990, 0.00491700
21991, 0.00491720
21992, 0.00491740
21993, 0.00491760
21994, 0.00491780
21995, 0.00491810
21996, 0.00491830
21997, 0.00491850
21998, 0.00491870
21999, 0.00491890
22000, 0.00491910
22001, 0.00491930
22002, 0.00491950
22003, 0.00491970
22004, 0.00491990
22005, 0.00492010
22006, 0.00492030
22007, 0.00492050
22008, 0.00492070
22009, 0.00492090
22010, 0.00492110
22011, 0.00492130
22012, 0.00492150
22013, 0.00492170
22014, 0.00492190
22015, 0.00492210
22016, 0.00492230
22017, 0.00492250
22018, 0.00492280
22019, 0.00492300
22020, 0.00492320
22021, 0.00492340
22022, 0.00492360
22023, 0.00492380
22024, 0.00492400
22025, 0.00492420
22026, 0.00492470
22027, 0.00492490
22028, 0.00492510
22029, 0.00492530
22030, 0.00492550
22031, 0.00492580
22032, 0.00492600
22033, 0.00492620
22034, 0.00492640
22035, 0.00492660
22036, 0.00492680
22037, 0.00492700
22038, 0.00492730
22039, 0.00492750
22040, 0.00492780
22041, 0.00492800
22042, 0.00492830
22043, 0.00492850
22044, 0.00492870
22045, 0.00492890
22046, 0.00492910
22047, 0.00492930
22048, 0.00492950
22049, 0.00492970
22050, 0.00492990
22051, 0.00493010
22052, 0.00493030
22053, 0.00493050
22054, 0.00493070
22055, 0.00493090
22056, 0.00493110
22057, 0.00493130
22058, 0.00493150
22059, 0.00493180
22060, 0.00493200
22061, 0.00493220
22062, 0.00493240
22063, 0.00493260
22064, 0.00493280
22065, 0.00493300
22066, 0.00493320
22067, 0.00493340
22068, 0.00493360
22069, 0.00493380
22070, 0.00493400
22071, 0.00493420
22072, 0.00493440
22073, 0.00493460
22074, 0.00493480
22075, 0.00493500
22076, 0.00493520
22077, 0.00493540
22078, 0.00493560
22079, 0.00493590
22080, 0.00493610
22081, 0.00493630
22082, 0.00493650
22083, 0.00493670
22084, 0.00493690
22085, 0.00493710
22086, 0.00493730
22087, 0.00493750
22088, 0.00493770
22089, 0.00493790
22090, 0.00493810
22091, 0.00493830
22092, 0.00493850
22093, 0.00493870
22094, 0.00493890
22095, 0.00493910
22096, 0.00493930
22097, 0.00493950
22098, 0.00493970
22099, 0.00493990
22100, 0.00494010
22101, 0.00494040
22102, 0.00494060
22103, 0.00494080
22104, 0.00494100
22105, 0.00494120
22106, 0.00494140
22107, 0.00494160
22108, 0.00494180
22109, 0.00494200
22110, 0.00494220
22111, 0.00494240
22112, 0.00494260
22113, 0.00494280
22114, 0.00494300
22115, 0.00494320
22116, 0.00494340
22117, 0.00494360
22118, 0.00494380
22119, 0.00494400
22120, 0.00494420
22121, 0.00494440
22122, 0.00494460
22123, 0.00494490
22124, 0.00494510
22125, 0.00494530
22126, 0.00494550
22127, 0.00494570
22128, 0.00494590
22129, 0.00494610
22130, 0.00494630
22131, 0.00494650
22132, 0.00494670
22133, 0.00494690
22134, 0.00494710
22135, 0.00494730
22136, 0.00494750
22137, 0.00494770
22138, 0.00494790
22139, 0.00494810
22140, 0.00494830
22141, 0.00494850
22142, 0.00494870
22143, 0.00494890
22144, 0.00494910
22145, 0.00494940
22146, 0.00494960
22147, 0.00494980
22148, 0.00495000
22149, 0.00495020
22150, 0.00495040
22151, 0.00495060
22152, 0.00495080
22153, 0.00495100
22154, 0.00495130
22155, 0.00495150
22156, 0.00495170
22157, 0.00495190
22158, 0.00495210
22159, 0.00495230
22160, 0.00495260
22161, 0.00495280
22162, 0.00495300
22163, 0.00495320
22164, 0.00495350
22165, 0.00495370
22166, 0.00495390
22167, 0.00495410
22168, 0.00495440
22169, 0.00495460
22170, 0.00495490
22171, 0.00495510
22172, 0.00495530
22173, 0.00495550
22174, 0.00495570
22175, 0.00495590
22176, 0.00495610
22177, 0.00495630
22178, 0.00495650
22179, 0.00495670
22180, 0.00495690
22181, 0.00495710
22182, 0.00495730
22183, 0.00495750
22184, 0.00495770
22185, 0.00495790
22186, 0.00495820
22187, 0.00495840
22188, 0.00495860
22189, 0.00495880
22190, 0.00495900
22191, 0.00495920
22192, 0.00495940
22193, 0.00495960
22194, 0.00495980
22195, 0.00496000
22196, 0.00496020
22197, 0.00496040
22198, 0.00496060
22199, 0.00496080
22200, 0.00496100
22201, 0.00496120
22202, 0.00496140
22203, 0.00496160
22204, 0.00496180
22205, 0.00496200
22206, 0.00496230
22207, 0.00496250
22208, 0.00496270
22209, 0.00496290
22210, 0.00496310
22211, 0.00496330
22212, 0.00496350
22213, 0.00496370
22214, 0.00496390
22215, 0.00496410
22216, 0.00496430
22217, 0.00496450
22218, 0.00496470
22219, 0.00496490
22220, 0.00496510
22221, 0.00496530
22222, 0.00496550
22223, 0.00496570
22224, 0.00496590
22225, 0.00496620
22226, 0.00496640
22227, 0.00496660
22228, 0.00496680
22229, 0.00496700
22230, 0.00496720
22231, 0.00496740
22232, 0.00496760
22233, 0.00496780
22234, 0.00496800
22235, 0.00496820
22236, 0.00496840
22237, 0.00496870
22238, 0.00496890
22239, 0.00496910
22240, 0.00496930
22241, 0.00496950
22242, 0.00496970
22243, 0.00496990
22244, 0.00497010
22245, 0.00497030
22246, 0.00497050
22247, 0.00497070
22248, 0.00497090
22249, 0.00497110
22250, 0.00497130
22251, 0.00497150
22252, 0.00497170
22253, 0.00497190
22254, 0.00497210
22255, 0.00497230
22256, 0.00497250
22257, 0.00497270
22258, 0.00497290
22259, 0.00497310
22260, 0.00497340
22261, 0.00497360
22262, 0.00497380
22263, 0.00497400
22264, 0.00497420
22265, 0.00497440
22266, 0.00497460
22267, 0.00497480
22268, 0.00497500
22269, 0.00497520
22270, 0.00497540
22271, 0.00497560
22272, 0.00497580
22273, 0.00497600
22274, 0.00497620
22275, 0.00497640
22276, 0.00497660
22277, 0.00497680
22278, 0.00497700
22279, 0.00497720
22280, 0.00497740
22281, 0.00497760
22282, 0.00497790
22283, 0.00497810
22284, 0.00497830
22285, 0.00497860
22286, 0.00497880
22287, 0.00497900
22288, 0.00497920
22289, 0.00497940
22290, 0.00497960
22291, 0.00497980
22292, 0.00498020
22293, 0.00498040
22294, 0.00498070
22295, 0.00498090
22296, 0.00498110
22297, 0.00498130
22298, 0.00498160
22299, 0.00498180
22300, 0.00498200
22301, 0.00498220
22302, 0.00498240
22303, 0.00498260
22304, 0.00498280
22305, 0.00498300
22306, 0.00498320
22307, 0.00498340
22308, 0.00498360
22309, 0.00498380
22310, 0.00498400
22311, 0.00498420
22312, 0.00498450
22313, 0.00498470
22314, 0.00498490
22315, 0.00498510
22316, 0.00498530
22317, 0.00498550
22318, 0.00498570
22319, 0.00498590
22320, 0.00498610
22321, 0.00498630
22322, 0.00498650
22323, 0.00498670
22324, 0.00498690
22325, 0.00498710
22326, 0.00498730
22327, 0.00498750
22328, 0.00498770
22329, 0.00498790
22330, 0.00498810
22331, 0.00498830
22332, 0.00498850
22333, 0.00498870
22334, 0.00498900
22335, 0.00498920
22336, 0.00498940
22337, 0.00498960
22338, 0.00498980
22339, 0.00499000
22340, 0.00499020
22341, 0.00499040
22342, 0.00499060
22343, 0.00499080
22344, 0.00499100
22345, 0.00499120
22346, 0.00499140
22347, 0.00499160
22348, 0.00499180
22349, 0.00499200
22350, 0.00499220
22351, 0.00499240
22352, 0.00499260
22353, 0.00499280
22354, 0.00499300
22355, 0.00499330
22356, 0.00499350
22357, 0.00499370
22358, 0.00499390
22359, 0.00499410
22360, 0.00499430
22361, 0.00499450
22362, 0.00499470
22363, 0.00499490
22364, 0.00499510
22365, 0.00499530
22366, 0.00499550
22367, 0.00499570
22368, 0.00499590
22369, 0.00499610
22370, 0.00499630
22371, 0.00499650
22372, 0.00499670
22373, 0.00499690
22374, 0.00499710
22375, 0.00499740
22376, 0.00499760
22377, 0.00499780
22378, 0.00499800
22379, 0.00499820
22380, 0.00499840
22381, 0.00499860
22382, 0.00499880
22383, 0.00499900
22384, 0.00499920
22385, 0.00499940
22386, 0.00499960
22387, 0.00499980
22388, 0.00500000
22389, 0.00500020
22390, 0.00500040
22391, 0.00500060
22392, 0.00500080
22393, 0.00500100
22394, 0.00500120
22395, 0.00500140
22396, 0.00500160
22397, 0.00500190
22398, 0.00500210
22399, 0.00500230
22400, 0.00500250
22401, 0.00500270
22402, 0.00500290
22403, 0.00500310
22404, 0.00500330
22405, 0.00500350
22406, 0.00500370
22407, 0.00500390
22408, 0.00500410
22409, 0.00500430
22410, 0.00500470
22411, 0.00500490
22412, 0.00500520
22413, 0.00500540
22414, 0.00500560
22415, 0.00500580
22416, 0.00500600
22417, 0.00500620
22418, 0.00500670
22419, 0.00500690
22420, 0.00500720
22421, 0.00500740
22422, 0.00500760
22423, 0.00500790
22424, 0.00500810
22425, 0.00500830
22426, 0.00500860
22427, 0.00500880
22428, 0.00500900
22429, 0.00500920
22430, 0.00500940
22431, 0.00500960
22432, 0.00500980
22433, 0.00501000
22434, 0.00501020
22435, 0.00501040
22436, 0.00501070
22437, 0.00501090
22438, 0.00501110
22439, 0.00501130
22440, 0.00501150
22441, 0.00501170
22442, 0.00501190
22443, 0.00501210
22444, 0.00501230
22445, 0.00501250
22446, 0.00501270
22447, 0.00501290
22448, 0.00501310
22449, 0.00501330
22450, 0.00501350
22451, 0.00501370
22452, 0.00501390
22453, 0.00501410
22454, 0.00501430
22455, 0.00501450
22456, 0.00501470
22457, 0.00501490
22458, 0.00501510
22459, 0.00501540
22460, 0.00501560
22461, 0.00501580
22462, 0.00501600
22463, 0.00501620
22464, 0.00501640
22465, 0.00501660
22466, 0.00501680
22467, 0.00501700
22468, 0.00501720
22469, 0.00501740
22470, 0.00501760
22471, 0.00501780
22472, 0.00501800
22473, 0.00501820
22474, 0.00501840
22475, 0.00501860
22476, 0.00501880
22477, 0.00501900
22478, 0.00501920
22479, 0.00501940
22480, 0.00501970
22481, 0.00501990
22482, 0.00502010
22483, 0.00502030
22484, 0.00502050
22485, 0.00502070
22486, 0.00502090
22487, 0.00502110
22488, 0.00502130
22489, 0.00502150
22490, 0.00502170
22491, 0.00502190
22492, 0.00502210
22493, 0.00502230
22494, 0.00502250
22495, 0.00502270
22496, 0.00502290
22497, 0.00502310
22498, 0.00502330
22499, 0.00502350
22500, 0.00502380
22501, 0.00502400
22502, 0.00502420
22503, 0.00502440
22504, 0.00502460
22505, 0.00502480
22506, 0.00502500
22507, 0.00502520
22508, 0.00502540
22509, 0.00502560
22510, 0.00502580
22511, 0.00502600
22512, 0.00502620
22513, 0.00502640
22514, 0.00502660
22515, 0.00502680
22516, 0.00502700
22517, 0.00502720
22518, 0.00502740
22519, 0.00502760
22520, 0.00502790
22521, 0.00502810
22522, 0.00502830
22523, 0.00502850
22524, 0.00502870
22525, 0.00502890
22526, 0.00502910
22527, 0.00502930
22528, 0.00502950
22529, 0.00502970
22530, 0.00502990
22531, 0.00503010
22532, 0.00503030
22533, 0.00503050
22534, 0.00503070
22535, 0.00503090
22536, 0.00503120
22537, 0.00503140
22538, 0.00503160
22539, 0.00503180
22540, 0.00503210
22541, 0.00503230
22542, 0.00503250
22543, 0.00503270
22544, 0.00503290
22545, 0.00503310
22546, 0.00503340
22547, 0.00503360
22548, 0.00503390
22549, 0.00503410
22550, 0.00503440
22551, 0.00503460
22552, 0.00503490
22553, 0.00503510
22554, 0.00503530
22555, 0.00503550
22556, 0.00503570
22557, 0.00503590
22558, 0.00503610
22559, 0.00503630
22560, 0.00503650
22561, 0.00503670
22562, 0.00503690
22563, 0.00503710
22564, 0.00503730
22565, 0.00503750
22566, 0.00503770
22567, 0.00503790
22568, 0.00503820
22569, 0.00503840
22570, 0.00503860
22571, 0.00503880
22572, 0.00503900
22573, 0.00503920
22574, 0.00503940
22575, 0.00503960
22576, 0.00503980
22577, 0.00504000
22578, 0.00504020
22579, 0.00504040
22580, 0.00504060
22581, 0.00504080
22582, 0.00504100
22583, 0.00504120
22584, 0.00504140
22585, 0.00504160
22586, 0.00504180
22587, 0.00504200
22588, 0.00504230
22589, 0.00504250
22590, 0.00504270
22591, 0.00504290
22592, 0.00504310
22593, 0.00504330
22594, 0.00504350
22595, 0.00504370
22596, 0.00504390
22597, 0.00504410
22598, 0.00504430
22599, 0.00504450
22600, 0.00504470
22601, 0.00504490
22602, 0.00504510
22603, 0.00504530
22604, 0.00504550
22605, 0.00504570
22606, 0.00504590
22607, 0.00504610
22608, 0.00504630
22609, 0.00504660
22610, 0.00504680
22611, 0.00504700
22612, 0.00504720
22613, 0.00504740
22614, 0.00504760
22615, 0.00504780
22616, 0.00504800
22617, 0.00504820
22618, 0.00504840
22619, 0.00504860
22620, 0.00504880
22621, 0.00504900
22622, 0.00504920
22623, 0.00504940
22624, 0.00504960
22625, 0.00504980
22626, 0.00505000
22627, 0.00505020
22628, 0.00505040
22629, 0.00505070
22630, 0.00505090
22631, 0.00505110
22632, 0.00505130
22633, 0.00505150
22634, 0.00505170
22635, 0.00505190
22636, 0.00505210
22637, 0.00505230
22638, 0.00505250
22639, 0.00505270
22640, 0.00505290
22641, 0.00505310
22642, 0.00505330
22643, 0.00505350
22644, 0.00505370
22645, 0.00505390
22646, 0.00505410
22647, 0.00505430
22648, 0.00505460
22649, 0.00505480
22650, 0.00505500
22651, 0.00505520
22652, 0.00505540
22653, 0.00505560
22654, 0.00505580
22655, 0.00505600
22656, 0.00505620
22657, 0.00505640
22658, 0.00505660
22659, 0.00505680
22660, 0.00505700
22661, 0.00505720
22662, 0.00505740
22663, 0.00505760
22664, 0.00505800
22665, 0.00505820
22666, 0.00505840
22667, 0.00505860
22668, 0.00505880
22669, 0.00505900
22670, 0.00505920
22671, 0.00505940
22672, 0.00505960
22673, 0.00505980
22674, 0.00506010
22675, 0.00506030
22676, 0.00506050
22677, 0.00506070
22678, 0.00506100
22679, 0.00506120
22680, 0.00506140
22681, 0.00506160
22682, 0.00506190
22683, 0.00506210
22684, 0.00506230
22685, 0.00506250
22686, 0.00506270
22687, 0.00506290
22688, 0.00506310
22689, 0.00506330
22690, 0.00506350
22691, 0.00506370
22692, 0.00506390
22693, 0.00506410
22694, 0.00506430
22695, 0.00506450
22696, 0.00506470
22697, 0.00506490
22698, 0.00506510
22699, 0.00506530
22700, 0.00506550
22701, 0.00506570
22702, 0.00506600
22703, 0.00506620
22704, 0.00506640
22705, 0.00506660
22706, 0.00506680
22707, 0.00506700
22708, 0.00506720
22709, 0.00506740
22710, 0.00506760
22711, 0.00506780
22712, 0.00506800
22713, 0.00506820
22714, 0.00506840
22715, 0.00506860
22716, 0.00506880
22717, 0.00506900
22718, 0.00506920
22719, 0.00506940
22720, 0.00506960
22721, 0.00506990
22722, 0.00507010
22723, 0.00507030
22724, 0.00507050
22725, 0.00507070
22726, 0.00507090
22727, 0.00507110
22728, 0.00507130
22729, 0.00507150
22730, 0.00507170
22731, 0.00507190
22732, 0.00507210
22733, 0.00507230
22734, 0.00507250
22735, 0.00507270
22736, 0.00507290
22737, 0.00507310
22738, 0.00507330
22739, 0.00507350
22740, 0.00507370
22741, 0.00507390
22742, 0.00507420
22743, 0.00507440
22744, 0.00507460
22745, 0.00507480
22746, 0.00507500
22747, 0.00507520
22748, 0.00507540
22749, 0.00507560
22750, 0.00507580
22751, 0.00507600
22752, 0.00507620
22753, 0.00507640
22754, 0.00507660
22755, 0.00507680
22756, 0.00507700
22757, 0.00507720
22758, 0.00507740
22759, 0.00507760
22760, 0.00507780
22761, 0.00507800
22762, 0.00507820
22763, 0.00507840
22764, 0.00507860
22765, 0.00507890
22766, 0.00507910
22767, 0.00507930
22768, 0.00507950
22769, 0.00507970
22770, 0.00507990
22771, 0.00508010
22772, 0.00508030
22773, 0.00508050
22774, 0.00508070
22775, 0.00508090
22776, 0.00508110
22777, 0.00508130
22778, 0.00508150
22779, 0.00508170
22780, 0.00508190
22781, 0.00508210
22782, 0.00508240
22783, 0.00508260
22784, 0.00508280
22785, 0.00508300
22786, 0.00508320
22787, 0.00508340
22788, 0.00508360
22789, 0.00508380
22790, 0.00508400
22791, 0.00508420
22792, 0.00508450
22793, 0.00508470
22794, 0.00508490
22795, 0.00508510
22796, 0.00508530
22797, 0.00508550
22798, 0.00508570
22799, 0.00508590
22800, 0.00508610
22801, 0.00508630
22802, 0.00508660
22803, 0.00508680
22804, 0.00508710
22805, 0.00508730
22806, 0.00508760
22807, 0.00508780
22808, 0.00508800
22809, 0.00508820
22810, 0.00508840
22811, 0.00508860
22812, 0.00508890
22813, 0.00508910
22814, 0.00508930
22815, 0.00508950
22816, 0.00508970
22817, 0.00508990
22818, 0.00509010
22819, 0.00509030
22820, 0.00509050
22821, 0.00509070
22822, 0.00509090
22823, 0.00509110
22824, 0.00509130
22825, 0.00509150
22826, 0.00509170
22827, 0.00509190
22828, 0.00509210
22829, 0.00509230
22830, 0.00509250
22831, 0.00509270
22832, 0.00509290
22833, 0.00509320
22834, 0.00509340
22835, 0.00509360
22836, 0.00509380
22837, 0.00509400
22838, 0.00509420
22839, 0.00509440
22840, 0.00509460
22841, 0.00509480
22842, 0.00509500
22843, 0.00509520
22844, 0.00509540
22845, 0.00509560
22846, 0.00509580
22847, 0.00509600
22848, 0.00509620
22849, 0.00509640
22850, 0.00509660
22851, 0.00509680
22852, 0.00509710
22853, 0.00509730
22854, 0.00509750
22855, 0.00509770
22856, 0.00509790
22857, 0.00509810
22858, 0.00509830
22859, 0.00509850
22860, 0.00509870
22861, 0.00509890
22862, 0.00509910
22863, 0.00509930
22864, 0.00509950
22865, 0.00509970
22866, 0.00509990
22867, 0.00510010
22868, 0.00510030
22869, 0.00510050
22870, 0.00510070
22871, 0.00510100
22872, 0.00510120
22873, 0.00510140
22874, 0.00510160
22875, 0.00510180
22876, 0.00510200
22877, 0.00510220
22878, 0.00510240
22879, 0.00510260
22880, 0.00510280
22881, 0.00510300
22882, 0.00510320
22883, 0.00510340
22884, 0.00510360
22885, 0.00510380
22886, 0.00510400
22887, 0.00510420
22888, 0.00510440
22889, 0.00510460
22890, 0.00510480
22891, 0.00510500
22892, 0.00510530
22893, 0.00510550
22894, 0.00510570
22895, 0.00510590
22896, 0.00510610
22897, 0.00510630
22898, 0.00510650
22899, 0.00510670
22900, 0.00510690
22901, 0.00510710
22902, 0.00510730
22903, 0.00510750
22904, 0.00510770
22905, 0.00510790
22906, 0.00510810
22907, 0.00510830
22908, 0.00510850
22909, 0.00510870
22910, 0.00510890
22911, 0.00510910
22912, 0.00510930
22913, 0.00510950
22914, 0.00510970
22915, 0.00510990
22916, 0.00511020
22917, 0.00511040
22918, 0.00511060
22919, 0.00511080
22920, 0.00512260
22921, 0.00512290
22922, 0.00512320
22923, 0.00512340
22924, 0.00512370
22925, 0.00512390
22926, 0.00512410
22927, 0.00512430
22928, 0.00512450
22929, 0.00512470
22930, 0.00512490
22931, 0.00512510
22932, 0.00512530
22933, 0.00512550
22934, 0.00512570
22935, 0.00512590
22936, 0.00512620
22937, 0.00512640
22938, 0.00512660
22939, 0.00512680
22940, 0.00512700
22941, 0.00512720
22942, 0.00512740
22943, 0.00512760
22944, 0.00512780
22945, 0.00512800
22946, 0.00512820
22947, 0.00512840
22948, 0.00512860
22949, 0.00512880
22950, 0.00512900
22951, 0.00512920
22952, 0.00512940
22953, 0.00512960
22954, 0.00512980
22955, 0.00513000
22956, 0.00513020
22957, 0.00513040
22958, 0.00513060
22959, 0.00513090
22960, 0.00513110
22961, 0.00513130
22962, 0.00513150
22963, 0.00513170
22964, 0.00513190
22965, 0.00513210
22966, 0.00513230
22967, 0.00513250
22968, 0.00513270
22969, 0.00513290
22970, 0.00513310
22971, 0.00513330
22972, 0.00513350
22973, 0.00513370
22974, 0.00513390
22975, 0.00513410
22976, 0.00513430
22977, 0.00513450
22978, 0.00513470
22979, 0.00513490
22980, 0.00513510
22981, 0.00513530
22982, 0.00513560
22983, 0.00513580
22984, 0.00513600
22985, 0.00513620
22986, 0.00513640
22987, 0.00513660
22988, 0.00513680
22989, 0.00513700
22990, 0.00513720
22991, 0.00513740
22992, 0.00513760
22993, 0.00513780
22994, 0.00513800
22995, 0.00513820
22996, 0.00513840
22997, 0.00513860
22998, 0.00513880
22999, 0.00513900
23000, 0.00513920
23001, 0.00513940
23002, 0.00513960
23003, 0.00513980
23004, 0.00514010
23005, 0.00514030
23006, 0.00514050
23007, 0.00514070
23008, 0.00514090
23009, 0.00514110
23010, 0.00514130
23011, 0.00514150
23012, 0.00514170
23013, 0.00514190
23014, 0.00514210
23015, 0.00514230
23016, 0.00514250
23017, 0.00514270
23018, 0.00514290
23019, 0.00514310
23020, 0.00514330
23021, 0.00514350
23022, 0.00514370
23023, 0.00514390
23024, 0.00514410
23025, 0.00514430
23026, 0.00514450
23027, 0.00514480
23028, 0.00514500
23029, 0.00514520
23030, 0.00514540
23031, 0.00514560
23032, 0.00514580
23033, 0.00514600
23034, 0.00514620
23035, 0.00514640
23036, 0.00514660
23037, 0.00514680
23038, 0.00514700
23039, 0.00514720
23040, 0.00514740
23041, 0.00514760
23042, 0.00514780
23043, 0.00514800
23044, 0.00514820
23045, 0.00514850
23046, 0.00515030
23047, 0.00515060
23048, 0.00515080
23049, 0.00515100
23050, 0.00515130
23051, 0.00515150
23052, 0.00515180
23053, 0.00515200
23054, 0.00515220
23055, 0.00515240
23056, 0.00515270
23057, 0.00515290
23058, 0.00515310
23059, 0.00515330
23060, 0.00515360
23061, 0.00515380
23062, 0.00515400
23063, 0.00515430
23064, 0.00515450
23065, 0.00515470
23066, 0.00515490
23067, 0.00515520
23068, 0.00515540
23069, 0.00515560
23070, 0.00515580
23071, 0.00515610
23072, 0.00515630
23073, 0.00515650
23074, 0.00515670
23075, 0.00515700
23076, 0.00515720
23077, 0.00515740
23078, 0.00515770
23079, 0.00515790
23080, 0.00515810
23081, 0.00515830
23082, 0.00515860
23083, 0.00515880
23084, 0.00515900
23085, 0.00515920
23086, 0.00515950
23087, 0.00515970
23088, 0.00515990
23089, 0.00516010
23090, 0.00516040
23091, 0.00516060
23092, 0.00516080
23093, 0.00516110
23094, 0.00516130
23095, 0.00516150
23096, 0.00516170
23097, 0.00516200
23098, 0.00516220
23099, 0.00516240
23100, 0.00516260
23101, 0.00516290
23102, 0.00516310
23103, 0.00516330
23104, 0.00516360
23105, 0.00516380
23106, 0.00516400
23107, 0.00516420
23108, 0.00516450
23109, 0.00516470
23110, 0.00516490
23111, 0.00516510
23112, 0.00516540
23113, 0.00516560
23114, 0.00516580
23115, 0.00516600
23116, 0.00516630
23117, 0.00516650
23118, 0.00516670
23119, 0.00516690
23120, 0.00516720
23121, 0.00516740
23122, 0.00516760
23123, 0.00516790
23124, 0.00516810
23125, 0.00516830
23126, 0.00516850
23127, 0.00516880
23128, 0.00516900
23129, 0.00516920
23130, 0.00516940
23131, 0.00516970
23132, 0.00516990
23133, 0.00517010
23134, 0.00517040
23135, 0.00517060
23136, 0.00517080
23137, 0.00517100
23138, 0.00517130
23139, 0.00517150
23140, 0.00517170
23141, 0.00517190
23142, 0.00517220
23143, 0.00517240
23144, 0.00517260
23145, 0.00517280
23146, 0.00517310
23147, 0.00517330
23148, 0.00517350
23149, 0.00517380
23150, 0.00517400
23151, 0.00517420
23152, 0.00517440
23153, 0.00517470
23154, 0.00517490
23155, 0.00517510
23156, 0.00517530
23157, 0.00517560
23158, 0.00517580
23159, 0.00517600
23160, 0.00517620
23161, 0.00517650
23162, 0.00517670
23163, 0.00517690
23164, 0.00517710
23165, 0.00517740
23166, 0.00517760
23167, 0.00517780
23168, 0.00517810
23169, 0.00517830
23170, 0.00517850
23171, 0.00517870
23172, 0.00517900
23173, 0.00517920
23174, 0.00518090
23175, 0.00518120
23176, 0.00518140
23177, 0.00518160
23178, 0.00518180
23179, 0.00518210
23180, 0.00518230
23181, 0.00518250
23182, 0.00518270
23183, 0.00518290
23184, 0.00518310
23185, 0.00518330
23186, 0.00518350
23187, 0.00518370
23188, 0.00518390
23189, 0.00518410
23190, 0.00518430
23191, 0.00518450
23192, 0.00518470
23193, 0.00518490
23194, 0.00518510
23195, 0.00518530
23196, 0.00518550
23197, 0.00518570
23198, 0.00518600
23199, 0.00518620
23200, 0.00518640
23201, 0.00518660
23202, 0.00518680
23203, 0.00518700
23204, 0.00518720
23205, 0.00518740
23206, 0.00518760
23207, 0.00518780
23208, 0.00518800
23209, 0.00518820
23210, 0.00518840
23211, 0.00518860
23212, 0.00518880
23213, 0.00518900
23214, 0.00518930
23215, 0.00518950
23216, 0.00518970
23217, 0.00518990
23218, 0.00519010
23219, 0.00519030
23220, 0.00519050
23221, 0.00519070
23222, 0.00519090
23223, 0.00519110
23224, 0.00519130
23225, 0.00519150
23226, 0.00519170
23227, 0.00519190
23228, 0.00519210
23229, 0.00519230
23230, 0.00519250
23231, 0.00519270
23232, 0.00519290
23233, 0.00519310
23234, 0.00519330
23235, 0.00519350
23236, 0.00519380
23237, 0.00519400
23238, 0.00519420
23239, 0.00519440
23240, 0.00519460
23241, 0.00519480
23242, 0.00519500
23243, 0.00519520
23244, 0.00519540
23245, 0.00519560
23246, 0.00519580
23247, 0.00519600
23248, 0.00519620
23249, 0.00519640
23250, 0.00519660
23251, 0.00519680
23252, 0.00519700
23253, 0.00519720
23254, 0.00519740
23255, 0.00519760
23256, 0.00519790
23257, 0.00519810
23258, 0.00519830
23259, 0.00519850
23260, 0.00519870
23261, 0.00519890
23262, 0.00519910
23263, 0.00519930
23264, 0.00519950
23265, 0.00519970
23266, 0.00519990
23267, 0.00520010
23268, 0.00520030
23269, 0.00520050
23270, 0.00520070
23271, 0.00520090
23272, 0.00520110
23273, 0.00520130
23274, 0.00520150
23275, 0.00520170
23276, 0.00520190
23277, 0.00520220
23278, 0.00520240
23279, 0.00520260
23280, 0.00520280
23281, 0.00520300
23282, 0.00520320
23283, 0.00520340
23284, 0.00520360
23285, 0.00520380
23286, 0.00520400
23287, 0.00520420
23288, 0.00520440
23289, 0.00520460
23290, 0.00520480
23291, 0.00520500
23292, 0.00520520
23293, 0.00520540
23294, 0.00520560
23295, 0.00520580
23296, 0.00520600
23297, 0.00520620
23298, 0.00520640
23299, 0.00520670
23300, 0.00520690
23301, 0.00520710
23302, 0.00520870
23303, 0.00520890
23304, 0.00520910
23305, 0.00520940
23306, 0.00520960
23307, 0.00520980
23308, 0.00521000
23309, 0.00521020
23310, 0.00521040
23311, 0.00521060
23312, 0.00521090
23313, 0.00521110
23314, 0.00521140
23315, 0.00521160
23316, 0.00521190
23317, 0.00521210
23318, 0.00521230
23319, 0.00521250
23320, 0.00521270
23321, 0.00521290
23322, 0.00521310
23323, 0.00521330
23324, 0.00521350
23325, 0.00521370
23326, 0.00521400
23327, 0.00521420
23328, 0.00521440
23329, 0.00521460
23330, 0.00521480
23331, 0.00521500
23332, 0.00521520
23333, 0.00521540
23334, 0.00521560
23335, 0.00521580
23336, 0.00521600
23337, 0.00521620
23338, 0.00521640
23339, 0.00521660
23340, 0.00521680
23341, 0.00521700
23342, 0.00521720
23343, 0.00521740
23344, 0.00521760
23345, 0.00521780
23346, 0.00521800
23347, 0.00521830
23348, 0.00521850
23349, 0.00521870
23350, 0.00521890
23351, 0.00521910
23352, 0.00521930
23353, 0.00521950
23354, 0.00521970
23355, 0.00521990
23356, 0.00522010
23357, 0.00522030
23358, 0.00522050
23359, 0.00522070
23360, 0.00522090
23361, 0.00522110
23362, 0.00522130
23363, 0.00522150
23364, 0.00522170
23365, 0.00522190
23366, 0.00522210
23367, 0.00522240
23368, 0.00522260
23369, 0.00522280
23370, 0.00522300
23371, 0.00522320
23372, 0.00522340
23373, 0.00522360
23374, 0.00522380
23375, 0.00522400
23376, 0.00522420
23377, 0.00522440
23378, 0.00522460
23379, 0.00522480
23380, 0.00522500
23381, 0.00522520
23382, 0.00522540
23383, 0.00522560
23384, 0.00522580
23385, 0.00522600
23386, 0.00522620
23387, 0.00522650
23388, 0.00522670
23389, 0.00522690
23390, 0.00522710
23391, 0.00522730
23392, 0.00522750
23393, 0.00522770
23394, 0.00522790
23395, 0.00522810
23396, 0.00522830
23397, 0.00522850
23398, 0.00522870
23399, 0.00522890
23400, 0.00522910
23401, 0.00522930
23402, 0.00522950
23403, 0.00522970
23404, 0.00522990
23405, 0.00523010
23406, 0.00523030
23407, 0.00523050
23408, 0.00523080
23409, 0.00523100
23410, 0.00523120
23411, 0.00523140
23412, 0.00523160
23413, 0.00523180
23414, 0.00523200
23415, 0.00523220
23416, 0.00523240
23417, 0.00523260
23418, 0.00523280
23419, 0.00523300
23420, 0.00523320
23421, 0.00523340
23422, 0.00523360
23423, 0.00523380
23424, 0.00523400
23425, 0.00523420
23426, 0.00523440
23427, 0.00523470
23428, 0.00523490
23429, 0.00523510
23430, 0.00523700
23431, 0.00523730
23432, 0.00523750
23433, 0.00523770
23434, 0.00523790
23435, 0.00523810
23436, 0.00523830
23437, 0.00523850
23438, 0.00523880
23439, 0.00523900
23440, 0.00523920
23441, 0.00523940
23442, 0.00523960
23443, 0.00523980
23444, 0.00524000
23445, 0.00524020
23446, 0.00524040
23447, 0.00524060
23448, 0.00524080
23449, 0.00524100
23450, 0.00524120
23451, 0.00524140
23452, 0.00524160
23453, 0.00524180
23454, 0.00524200
23455, 0.00524220
23456, 0.00524240
23457, 0.00524270
23458, 0.00524290
23459, 0.00524310
23460, 0.00524330
23461, 0.00524350
23462, 0.00524370
23463, 0.00524390
23464, 0.00524410
23465, 0.00524430
23466, 0.00524450
23467, 0.00524470
23468, 0.00524490
23469, 0.00524510
23470, 0.00524530
23471, 0.00524550
23472, 0.00524570
23473, 0.00524590
23474, 0.00524610
23475, 0.00524630
23476, 0.00524650
23477, 0.00524670
23478, 0.00524690
23479, 0.00524710
23480, 0.00524730
23481, 0.00524750
23482, 0.00524770
23483, 0.00524800
23484, 0.00524820
23485, 0.00524840
23486, 0.00524860
23487, 0.00524880
23488, 0.00524900
23489, 0.00524920
23490, 0.00524940
23491, 0.00524960
23492, 0.00524980
23493, 0.00525000
23494, 0.00525020
23495, 0.00525040
23496, 0.00525060
23497, 0.00525080
23498, 0.00525100
23499, 0.00525120
23500, 0.00525140
23501, 0.00525160
23502, 0.00525180
23503, 0.00525200
23504, 0.00525220
23505, 0.00525250
23506, 0.00525270
23507, 0.00525290
23508, 0.00525310
23509, 0.00525330
23510, 0.00525350
23511, 0.00525370
23512, 0.00525390
23513, 0.00525410
23514, 0.00525430
23515, 0.00525450
23516, 0.00525470
23517, 0.00525490
23518, 0.00525510
23519, 0.00525530
23520, 0.00525550
23521, 0.00525570
23522, 0.00525590
23523, 0.00525610
23524, 0.00525640
23525, 0.00525660
23526, 0.00525680
23527, 0.00525700
23528, 0.00525720
23529, 0.00525740
23530, 0.00525760
23531, 0.00525780
23532, 0.00525800
23533, 0.00525820
23534, 0.00525840
23535, 0.00525860
23536, 0.00525880
23537, 0.00525900
23538, 0.00525920
23539, 0.00525940
23540, 0.00525960
23541, 0.00525980
23542, 0.00526010
23543, 0.00526030
23544, 0.00526050
23545, 0.00526070
23546, 0.00526090
23547, 0.00526110
23548, 0.00526130
23549, 0.00526150
23550, 0.00526170
23551, 0.00526190
23552, 0.00526210
23553, 0.00526230
23554, 0.00526250
23555, 0.00526270
23556, 0.00526450
23557, 0.00526470
23558, 0.00526490
23559, 0.00526510
23560, 0.00526540
23561, 0.00526560
23562, 0.00526580
23563, 0.00526600
23564, 0.00526620
23565, 0.00526640
23566, 0.00526670
23567, 0.00526690
23568, 0.00526710
23569, 0.00526730
23570, 0.00526760
23571, 0.00526780
23572, 0.00526810
23573, 0.00526830
23574, 0.00526850
23575, 0.00526870
23576, 0.00526890
23577, 0.00526910
23578, 0.00526930
23579, 0.00526950
23580, 0.00526970
23581, 0.00526990
23582, 0.00527010
23583, 0.00527030
23584, 0.00527050
23585, 0.00527070
23586, 0.00527100
23587, 0.00527120
23588, 0.00527140
23589, 0.00527160
23590, 0.00527180
23591, 0.00527200
23592, 0.00527220
23593, 0.00527240
23594, 0.00527260
23595, 0.00527280
23596, 0.00527300
23597, 0.00527320
23598, 0.00527340
23599, 0.00527360
23600, 0.00527380
23601, 0.00527400
23602, 0.00527420
23603, 0.00527440
23604, 0.00527460
23605, 0.00527480
23606, 0.00527500
23607, 0.00527520
23608, 0.00527550
23609, 0.00527570
23610, 0.00527590
23611, 0.00527610
23612, 0.00527630
23613, 0.00527650
23614, 0.00527670
23615, 0.00527690
23616, 0.00527710
23617, 0.00527730
23618, 0.00527750
23619, 0.00527770
23620, 0.00527790
23621, 0.00527810
23622, 0.00527830
23623, 0.00527850
23624, 0.00527880
23625, 0.00527900
23626, 0.00527920
23627, 0.00527940
23628, 0.00527960
23629, 0.00527980
23630, 0.00528000
23631, 0.00528020
23632, 0.00528040
23633, 0.00528060
23634, 0.00528080
23635, 0.00528100
23636, 0.00528120
23637, 0.00528140
23638, 0.00528160
23639, 0.00528180
23640, 0.00528200
23641, 0.00528220
23642, 0.00528240
23643, 0.00528260
23644, 0.00528280
23645, 0.00528300
23646, 0.00528320
23647, 0.00528340
23648, 0.00528370
23649, 0.00528390
23650, 0.00528410
23651, 0.00528430
23652, 0.00528450
23653, 0.00528470
23654, 0.00528490
23655, 0.00528510
23656, 0.00528530
23657, 0.00528550
23658, 0.00528570
23659, 0.00528590
23660, 0.00528610
23661, 0.00528630
23662, 0.00528650
23663, 0.00528670
23664, 0.00528690
23665, 0.00528710
23666, 0.00528730
23667, 0.00528750
23668, 0.00528770
23669, 0.00528800
23670, 0.00528820
23671, 0.00528840
23672, 0.00528860
23673, 0.00528880
23674, 0.00528900
23675, 0.00528920
23676, 0.00528940
23677, 0.00528960
23678, 0.00528980
23679, 0.00529000
23680, 0.00529020
23681, 0.00529040
23682, 0.00529060
23683, 0.00529080
23684, 0.00529260
23685, 0.00529280
23686, 0.00529300
23687, 0.00529320
23688, 0.00529350
23689, 0.00529370
23690, 0.00529390
23691, 0.00529410
23692, 0.00529430
23693, 0.00529450
23694, 0.00529480
23695, 0.00529500
23696, 0.00529530
23697, 0.00529550
23698, 0.00529580
23699, 0.00529600
23700, 0.00529620
23701, 0.00529640
23702, 0.00529660
23703, 0.00529680
23704, 0.00529710
23705, 0.00529730
23706, 0.00529750
23707, 0.00529770
23708, 0.00529790
23709, 0.00529810
23710, 0.00529830
23711, 0.00529850
23712, 0.00529870
23713, 0.00529890
23714, 0.00529910
23715, 0.00529930
23716, 0.00529950
23717, 0.00529970
23718, 0.00529990
23719, 0.00530010
23720, 0.00530030
23721, 0.00530050
23722, 0.00530070
23723, 0.00530090
23724, 0.00530110
23725, 0.00530130
23726, 0.00530150
23727, 0.00530180
23728, 0.00530200
23729, 0.00530220
23730, 0.00530240
23731, 0.00530260
23732, 0.00530280
23733, 0.00530300
23734, 0.00530320
23735, 0.00530340
23736, 0.00530360
23737, 0.00530380
23738, 0.00530400
23739, 0.00530420
23740, 0.00530440
23741, 0.00530460
23742, 0.00530480
23743, 0.00530500
23744, 0.00530520
23745, 0.00530540
23746, 0.00530560
23747, 0.00530580
23748, 0.00530600
23749, 0.00530620
23750, 0.00530650
23751, 0.00530670
23752, 0.00530690
23753, 0.00530710
23754, 0.00530740
23755, 0.00530760
23756, 0.00530780
23757, 0.00530800
23758, 0.00530830
23759, 0.00530850
23760, 0.00530870
23761, 0.00530890
23762, 0.00530910
23763, 0.00530930
23764, 0.00530950
23765, 0.00530970
23766, 0.00530990
23767, 0.00531010
23768, 0.00531030
23769, 0.00531050
23770, 0.00531070
23771, 0.00531090
23772, 0.00531120
23773, 0.00531140
23774, 0.00531160
23775, 0.00531180
23776, 0.00531200
23777, 0.00531220
23778, 0.00531240
23779, 0.00531260
23780, 0.00531280
23781, 0.00531300
23782, 0.00531320
23783, 0.00531340
23784, 0.00531360
23785, 0.00531380
23786, 0.00531400
23787, 0.00531420
23788, 0.00531440
23789, 0.00531460
23790, 0.00531480
23791, 0.00531500
23792, 0.00531520
23793, 0.00531550
23794, 0.00531570
23795, 0.00531590
23796, 0.00531610
23797, 0.00531630
23798, 0.00531650
23799, 0.00531670
23800, 0.00531690
23801, 0.00531710
23802, 0.00531730
23803, 0.00531750
23804, 0.00531770
23805, 0.00531790
23806, 0.00531810
23807, 0.00531830
23808, 0.00531850
23809, 0.00531870
23810, 0.00531890
23811, 0.00531910
23812, 0.00532080
23813, 0.00532110
23814, 0.00532130
23815, 0.00532150
23816, 0.00532170
23817, 0.00532190
23818, 0.00532210
23819, 0.00532230
23820, 0.00532260
23821, 0.00532280
23822, 0.00532300
23823, 0.00532320
23824, 0.00532350
23825, 0.00532370
23826, 0.00532400
23827, 0.00532420
23828, 0.00532450
23829, 0.00532470
23830, 0.00532490
23831, 0.00532510
23832, 0.00532530
23833, 0.00532550
23834, 0.00532570
23835, 0.00532590
23836, 0.00532610
23837, 0.00532630
23838, 0.00532650
23839, 0.00532670
23840, 0.00532690
23841, 0.00532710
23842, 0.00532730
23843, 0.00532750
23844, 0.00532770
23845, 0.00532800
23846, 0.00532820
23847, 0.00532840
23848, 0.00532860
23849, 0.00532880
23850, 0.00532900
23851, 0.00532920
23852, 0.00532940
23853, 0.00532960
23854, 0.00532980
23855, 0.00533000
23856, 0.00533020
23857, 0.00533040
23858, 0.00533060
23859, 0.00533080
23860, 0.00533100
23861, 0.00533120
23862, 0.00533140
23863, 0.00533160
23864, 0.00533180
23865, 0.00533200
23866, 0.00533220
23867, 0.00533240
23868, 0.00533270
23869, 0.00533290
23870, 0.00533310
23871, 0.00533330
23872, 0.00533350
23873, 0.00533370
23874, 0.00533390
23875, 0.00533410
23876, 0.00533430
23877, 0.00533450
23878, 0.00533470
23879, 0.00533490
23880, 0.00533510
23881, 0.00533530
23882, 0.00533550
23883, 0.00533570
23884, 0.00533590
23885, 0.00533610
23886, 0.00533630
23887, 0.00533650
23888, 0.00533670
23889, 0.00533690
23890, 0.00533720
23891, 0.00533740
23892, 0.00533760
23893, 0.00533780
23894, 0.00533800
23895, 0.00533820
23896, 0.00533840
23897, 0.00533860
23898, 0.00533880
23899, 0.00533900
23900, 0.00533920
23901, 0.00533940
23902, 0.00533960
23903, 0.00533980
23904, 0.00534000
23905, 0.00534020
23906, 0.00534040
23907, 0.00534060
23908, 0.00534080
23909, 0.00534100
23910, 0.00534120
23911, 0.00534150
23912, 0.00534170
23913, 0.00534190
23914, 0.00534210
23915, 0.00534230
23916, 0.00534250
23917, 0.00534270
23918, 0.00534290
23919, 0.00534310
23920, 0.00534330
23921, 0.00534350
23922, 0.00534370
23923, 0.00534390
23924, 0.00534410
23925, 0.00534430
23926, 0.00534450
23927, 0.00534470
23928, 0.00534490
23929, 0.00534510
23930, 0.00534530
23931, 0.00534560
23932, 0.00534580
23933, 0.00534600
23934, 0.00534620
23935, 0.00534640
23936, 0.00534660
23937, 0.00534680
23938, 0.00534700
23939, 0.00534720
23940, 0.00534910
23941, 0.00534930
23942, 0.00534960
23943, 0.00534980
23944, 0.00535000
23945, 0.00535020
23946, 0.00535040
23947, 0.00535060
23948, 0.00535090
23949, 0.00535110
23950, 0.00535130
23951, 0.00535150
23952, 0.00535180
23953, 0.00535200
23954, 0.00535230
23955, 0.00535250
23956, 0.00535280
23957, 0.00535300
23958, 0.00535320
23959, 0.00535340
23960, 0.00535360
23961, 0.00535380
23962, 0.00535400
23963, 0.00535420
23964, 0.00535440
23965, 0.00535460
23966, 0.00535480
23967, 0.00535500
23968, 0.00535520
23969, 0.00535540
23970, 0.00535560
23971, 0.00535580
23972, 0.00535600
23973, 0.00535620
23974, 0.00535640
23975, 0.00535660
23976, 0.00535680
23977, 0.00535700
23978, 0.00535730
23979, 0.00535750
23980, 0.00535770
23981, 0.00535790
23982, 0.00535810
23983, 0.00535830
23984, 0.00535850
23985, 0.00535870
23986, 0.00535890
23987, 0.00535910
23988, 0.00535930
23989, 0.00535950
23990, 0.00535970
23991, 0.00535990
23992, 0.00536010
23993, 0.00536030
23994, 0.00536050
23995, 0.00536070
23996, 0.00536090
23997, 0.00536110
23998, 0.00536130
23999, 0.00536150
24000, 0.00536170
24001, 0.00536190
24002, 0.00536210
24003, 0.00536230
24004, 0.00536260
24005, 0.00536280
24006, 0.00536300
24007, 0.00536320
24008, 0.00536340
24009, 0.00536360
24010, 0.00536380
24011, 0.00536400
24012, 0.00536420
24013, 0.00536440
24014, 0.00536460
24015, 0.00536480
24016, 0.00536500
24017, 0.00536520
24018, 0.00536540
24019, 0.00536560
24020, 0.00536580
24021, 0.00536600
24022, 0.00536620
24023, 0.00536640
24024, 0.00536660
24025, 0.00536680
24026, 0.00536700
24027, 0.00536720
24028, 0.00536740
24029, 0.00536760
24030, 0.00536790
24031, 0.00536810
24032, 0.00536830
24033, 0.00536850
24034, 0.00536870
24035, 0.00536890
24036, 0.00536910
24037, 0.00536930
24038, 0.00536950
24039, 0.00536970
24040, 0.00536990
24041, 0.00537010
24042, 0.00537030
24043, 0.00537050
24044, 0.00537070
24045, 0.00537090
24046, 0.00537110
24047, 0.00537130
24048, 0.00537150
24049, 0.00537170
24050, 0.00537190
24051, 0.00537210
24052, 0.00537230
24053, 0.00537250
24054, 0.00537270
24055, 0.00537300
24056, 0.00537320
24057, 0.00537340
24058, 0.00537360
24059, 0.00537380
24060, 0.00537400
24061, 0.00537420
24062, 0.00537440
24063, 0.00537460
24064, 0.00537480
24065, 0.00537500
24066, 0.00537670
24067, 0.00537690
24068, 0.00537710
24069, 0.00537730
24070, 0.00537760
24071, 0.00537780
24072, 0.00537800
24073, 0.00537820
24074, 0.00537840
24075, 0.00537860
24076, 0.00537890
24077, 0.00537910
24078, 0.00537940
24079, 0.00537960
24080, 0.00537990
24081, 0.00538010
24082, 0.00538040
24083, 0.00538060
24084, 0.00538080
24085, 0.00538100
24086, 0.00538120
24087, 0.00538140
24088, 0.00538160
24089, 0.00538180
24090, 0.00538200
24091, 0.00538220
24092, 0.00538240
24093, 0.00538260
24094, 0.00538280
24095, 0.00538300
24096, 0.00538320
24097, 0.00538350
24098, 0.00538370
24099, 0.00538390
24100, 0.00538410
24101, 0.00538430
24102, 0.00538450
24103, 0.00538470
24104, 0.00538490
24105, 0.00538510
24106, 0.00538530
24107, 0.00538550
24108, 0.00538570
24109, 0.00538590
24110, 0.00538610
24111, 0.00538630
24112, 0.00538650
24113, 0.00538670
24114, 0.00538690
24115, 0.00538710
24116, 0.00538730
24117, 0.00538750
24118, 0.00538770
24119, 0.00538790
24120, 0.00538820
24121, 0.00538840
24122, 0.00538860
24123, 0.00538880
24124, 0.00538900
24125, 0.00538920
24126, 0.00538940
24127, 0.00538960
24128, 0.00538980
24129, 0.00539000
24130, 0.00539020
24131, 0.00539040
24132, 0.00539060
24133, 0.00539080
24134, 0.00539100
24135, 0.00539120
24136, 0.00539140
24137, 0.00539160
24138, 0.00539180
24139, 0.00539200
24140, 0.00539220
24141, 0.00539250
24142, 0.00539270
24143, 0.00539290
24144, 0.00539310
24145, 0.00539330
24146, 0.00539350
24147, 0.00539370
24148, 0.00539390
24149, 0.00539410
24150, 0.00539430
24151, 0.00539450
24152, 0.00539470
24153, 0.00539490
24154, 0.00539510
24155, 0.00539530
24156, 0.00539550
24157, 0.00539570
24158, 0.00539590
24159, 0.00539610
24160, 0.00539630
24161, 0.00539660
24162, 0.00539680
24163, 0.00539700
24164, 0.00539720
24165, 0.00539740
24166, 0.00539760
24167, 0.00539780
24168, 0.00539800
24169, 0.00539820
24170, 0.00539840
24171, 0.00539860
24172, 0.00539880
24173, 0.00539900
24174, 0.00539920
24175, 0.00539940
24176, 0.00539960
24177, 0.00539980
24178, 0.00540010
24179, 0.00540030
24180, 0.00540050
24181, 0.00540070
24182, 0.00540090
24183, 0.00540110
24184, 0.00540130
24185, 0.00540150
24186, 0.00540170
24187, 0.00540190
24188, 0.00540210
24189, 0.00540230
24190, 0.00540250
24191, 0.00540270
24192, 0.00540290
24193, 0.00540310
24194, 0.00540480
24195, 0.00540500
24196, 0.00540520
24197, 0.00540550
24198, 0.00540570
24199, 0.00540590
24200, 0.00540610
24201, 0.00540630
24202, 0.00540650
24203, 0.00540670
24204, 0.00540690
24205, 0.00540710
24206, 0.00540730
24207, 0.00540750
24208, 0.00540770
24209, 0.00540790
24210, 0.00540810
24211, 0.00540830
24212, 0.00540850
24213, 0.00540870
24214, 0.00540890
24215, 0.00540910
24216, 0.00540930
24217, 0.00540950
24218, 0.00540980
24219, 0.00541000
24220, 0.00541020
24221, 0.00541040
24222, 0.00541060
24223, 0.00541080
24224, 0.00541100
24225, 0.00541120
24226, 0.00541140
24227, 0.00541160
24228, 0.00541180
24229, 0.00541200
24230, 0.00541220
24231, 0.00541240
24232, 0.00541260
24233, 0.00541280
24234, 0.00541300
24235, 0.00541320
24236, 0.00541340
24237, 0.00541360
24238, 0.00541380
24239, 0.00541400
24240, 0.00541420
24241, 0.00541450
24242, 0.00541470
24243, 0.00541490
24244, 0.00541510
24245, 0.00541530
24246, 0.00541550
24247, 0.00541570
24248, 0.00541590
24249, 0.00541610
24250, 0.00541630
24251, 0.00541650
24252, 0.00541670
24253, 0.00541690
24254, 0.00541710
24255, 0.00541730
24256, 0.00541750
24257, 0.00541770
24258, 0.00541790
24259, 0.00541810
24260, 0.00541830
24261, 0.00541850
24262, 0.00541880
24263, 0.00541900
24264, 0.00541920
24265, 0.00541940
24266, 0.00541960
24267, 0.00541980
24268, 0.00542000
24269, 0.00542020
24270, 0.00542040
24271, 0.00542060
24272, 0.00542080
24273, 0.00542100
24274, 0.00542120
24275, 0.00542140
24276, 0.00542160
24277, 0.00542180
24278, 0.00542200
24279, 0.00542220
24280, 0.00542240
24281, 0.00542260
24282, 0.00542280
24283, 0.00542300
24284, 0.00542330
24285, 0.00542350
24286, 0.00542370
24287, 0.00542390
24288, 0.00542410
24289, 0.00542430
24290, 0.00542450
24291, 0.00542470
24292, 0.00542490
24293, 0.00542510
24294, 0.00542530
24295, 0.00542550
24296, 0.00542570
24297, 0.00542590
24298, 0.00542610
24299, 0.00542630
24300, 0.00542650
24301, 0.00542670
24302, 0.00542690
24303, 0.00542710
24304, 0.00542730
24305, 0.00542750
24306, 0.00542770
24307, 0.00542800
24308, 0.00542820
24309, 0.00542840
24310, 0.00542860
24311, 0.00542880
24312, 0.00542900
24313, 0.00542920
24314, 0.00542940
24315, 0.00542960
24316, 0.00542980
24317, 0.00543000
24318, 0.00543020
24319, 0.00543040
24320, 0.00543060
24321, 0.00543080
24322, 0.00543240
24323, 0.00543270
24324, 0.00543290
24325, 0.00543310
24326, 0.00543330
24327, 0.00543350
24328, 0.00543370
24329, 0.00543390
24330, 0.00543410
24331, 0.00543430
24332, 0.00543460
24333, 0.00543480
24334, 0.00543510
24335, 0.00543530
24336, 0.00543560
24337, 0.00543580
24338, 0.00543610
24339, 0.00543630
24340, 0.00543650
24341, 0.00543670
24342, 0.00543690
24343, 0.00543710
24344, 0.00543730
24345, 0.00543750
24346, 0.00543770
24347, 0.00543790
24348, 0.00543810
24349, 0.00543840
24350, 0.00543860
24351, 0.00543880
24352, 0.00543900
24353, 0.00543920
24354, 0.00543940
24355, 0.00543960
24356, 0.00543980
24357, 0.00544000
24358, 0.00544020
24359, 0.00544040
24360, 0.00544060
24361, 0.00544080
24362, 0.00544100
24363, 0.00544120
24364, 0.00544140
24365, 0.00544160
24366, 0.00544180
24367, 0.00544200
24368, 0.00544220
24369, 0.00544240
24370, 0.00544260
24371, 0.00544290
24372, 0.00544310
24373, 0.00544330
24374, 0.00544350
24375, 0.00544370
24376, 0.00544390
24377, 0.00544410
24378, 0.00544430
24379, 0.00544450
24380, 0.00544470
24381, 0.00544490
24382, 0.00544510
24383, 0.00544530
24384, 0.00544550
24385, 0.00544570
24386, 0.00544590
24387, 0.00544610
24388, 0.00544630
24389, 0.00544650
24390, 0.00544670
24391, 0.00544690
24392, 0.00544720
24393, 0.00544740
24394, 0.00544760
24395, 0.00544780
24396, 0.00544800
24397, 0.00544820
24398, 0.00544840
24399, 0.00544860
24400, 0.00544880
24401, 0.00544900
24402, 0.00544920
24403, 0.00544940
24404, 0.00544960
24405, 0.00544980
24406, 0.00545000
24407, 0.00545020
24408, 0.00545040
24409, 0.00545060
24410, 0.00545080
24411, 0.00545100
24412, 0.00545120
24413, 0.00545140
24414, 0.00545160
24415, 0.00545190
24416, 0.00545210
24417, 0.00545230
24418, 0.00545250
24419, 0.00545270
24420, 0.00545290
24421, 0.00545310
24422, 0.00545330
24423, 0.00545350
24424, 0.00545370
24425, 0.00545390
24426, 0.00545410
24427, 0.00545430
24428, 0.00545450
24429, 0.00545470
24430, 0.00545490
24431, 0.00545510
24432, 0.00545530
24433, 0.00545550
24434, 0.00545570
24435, 0.00545590
24436, 0.00545620
24437, 0.00545640
24438, 0.00545660
24439, 0.00545680
24440, 0.00545700
24441, 0.00545720
24442, 0.00545740
24443, 0.00545760
24444, 0.00545800
24445, 0.00545840
24446, 0.00545880
24447, 0.00545920
24448, 0.00545960
24449, 0.00546010
24450, 0.00546280
24451, 0.00546330
24452, 0.00546370
24453, 0.00546410
24454, 0.00546450
24455, 0.00546480
24456, 0.00546520
24457, 0.00546560
24458, 0.00546600
24459, 0.00546630
24460, 0.00546680
24461, 0.00546710
24462, 0.00546760
24463, 0.00546800
24464, 0.00546840
24465, 0.00546880
24466, 0.00546920
24467, 0.00546960
24468, 0.00547000
24469, 0.00547040
24470, 0.00547080
24471, 0.00547110
24472, 0.00547150
24473, 0.00547190
24474, 0.00547230
24475, 0.00547260
24476, 0.00547300
24477, 0.00547340
24478, 0.00547380
24479, 0.00547420
24480, 0.00547450
24481, 0.00547490
24482, 0.00547530
24483, 0.00547570
24484, 0.00547600
24485, 0.00547650
24486, 0.00547680
24487, 0.00547720
24488, 0.00547760
24489, 0.00547800
24490, 0.00547840
24491, 0.00547880
24492, 0.00547920
24493, 0.00547950
24494, 0.00547990
24495, 0.00548020
24496, 0.00548040
24497, 0.00548060
24498, 0.00548080
24499, 0.00548100
24500, 0.00548120
24501, 0.00548140
24502, 0.00548160
24503, 0.00548180
24504, 0.00548200
24505, 0.00548220
24506, 0.00548240
24507, 0.00548270
24508, 0.00548290
24509, 0.00548310
24510, 0.00548330
24511, 0.00548350
24512, 0.00548370
24513, 0.00548390
24514, 0.00548410
24515, 0.00548430
24516, 0.00548450
24517, 0.00548470
24518, 0.00548490
24519, 0.00548510
24520, 0.00548530
24521, 0.00548550
24522, 0.00548570
24523, 0.00548590
24524, 0.00548610
24525, 0.00548630
24526, 0.00548650
24527, 0.00548670
24528, 0.00548700
24529, 0.00548720
24530, 0.00548740
24531, 0.00548760
24532, 0.00548780
24533, 0.00548800
24534, 0.00548820
24535, 0.00548840
24536, 0.00548860
24537, 0.00548880
24538, 0.00548900
24539, 0.00548920
24540, 0.00548940
24541, 0.00548960
24542, 0.00548980
24543, 0.00549000
24544, 0.00549020
24545, 0.00549040
24546, 0.00549060
24547, 0.00549080
24548, 0.00549110
24549, 0.00549130
24550, 0.00549150
24551, 0.00549170
24552, 0.00549190
24553, 0.00549210
24554, 0.00549230
24555, 0.00549250
24556, 0.00549270
24557, 0.00549290
24558, 0.00549310
24559, 0.00549330
24560, 0.00549350
24561, 0.00549380
24562, 0.00549400
24563, 0.00549420
24564, 0.00549440
24565, 0.00549460
24566, 0.00549480
24567, 0.00549500
24568, 0.00549520
24569, 0.00549540
24570, 0.00549560
24571, 0.00549580
24572, 0.00549600
24573, 0.00549620
24574, 0.00549640
24575, 0.00549660
24576, 0.00549850
24577, 0.00549870
24578, 0.00549890
24579, 0.00549920
24580, 0.00549940
24581, 0.00549960
24582, 0.00549980
24583, 0.00550000
24584, 0.00550020
24585, 0.00550050
24586, 0.00550070
24587, 0.00550090
24588, 0.00550110
24589, 0.00550130
24590, 0.00550150
24591, 0.00550170
24592, 0.00550190
24593, 0.00550210
24594, 0.00550230
24595, 0.00550250
24596, 0.00550270
24597, 0.00550290
24598, 0.00550310
24599, 0.00550330
24600, 0.00550350
24601, 0.00550370
24602, 0.00550390
24603, 0.00550410
24604, 0.00550430
24605, 0.00550450
24606, 0.00550470
24607, 0.00550500
24608, 0.00550520
24609, 0.00550540
24610, 0.00550560
24611, 0.00550580
24612, 0.00550600
24613, 0.00550620
24614, 0.00550640
24615, 0.00550660
24616, 0.00550680
24617, 0.00550700
24618, 0.00550720
24619, 0.00550740
24620, 0.00550760
24621, 0.00550780
24622, 0.00550800
24623, 0.00550820
24624, 0.00550840
24625, 0.00550860
24626, 0.00550880
24627, 0.00550900
24628, 0.00550920
24629, 0.00550940
24630, 0.00550970
24631, 0.00550990
24632, 0.00551010
24633, 0.00551030
24634, 0.00551050
24635, 0.00551070
24636, 0.00551090
24637, 0.00551110
24638, 0.00551130
24639, 0.00551150
24640, 0.00551170
24641, 0.00551190
24642, 0.00551210
24643, 0.00551240
24644, 0.00551260
24645, 0.00551280
24646, 0.00551300
24647, 0.00551320
24648, 0.00551340
24649, 0.00551360
24650, 0.00551380
24651, 0.00551400
24652, 0.00551420
24653, 0.00551440
24654, 0.00551460
24655, 0.00551480
24656, 0.00551500
24657, 0.00551520
24658, 0.00551540
24659, 0.00551560
24660, 0.00551580
24661, 0.00551600
24662, 0.00551630
24663, 0.00551650
24664, 0.00551670
24665, 0.00551690
24666, 0.00551710
24667, 0.00551730
24668, 0.00551750
24669, 0.00551770
24670, 0.00551790
24671, 0.00551810
24672, 0.00551830
24673, 0.00551850
24674, 0.00551870
24675, 0.00551890
24676, 0.00551910
24677, 0.00551930
24678, 0.00551950
24679, 0.00551970
24680, 0.00551990
24681, 0.00552010
24682, 0.00552030
24683, 0.00552060
24684, 0.00552080
24685, 0.00552100
24686, 0.00552120
24687, 0.00552140
24688, 0.00552160
24689, 0.00552180
24690, 0.00552200
24691, 0.00552220
24692, 0.00552240
24693, 0.00552260
24694, 0.00552280
24695, 0.00552300
24696, 0.00552320
24697, 0.00552340
24698, 0.00552360
24699, 0.00552380
24700, 0.00552400
24701, 0.00552420
24702, 0.00552440
24703, 0.00552460
24704, 0.00552650
24705, 0.00552680
24706, 0.00552700
24707, 0.00552720
24708, 0.00552740
24709, 0.00552770
24710, 0.00552790
24711, 0.00552810
24712, 0.00552830
24713, 0.00552850
24714, 0.00552870
24715, 0.00552890
24716, 0.00552910
24717, 0.00552930
24718, 0.00552950
24719, 0.00552970
24720, 0.00552990
24721, 0.00553010
24722, 0.00553030
24723, 0.00553050
24724, 0.00553070
24725, 0.00553090
24726, 0.00553110
24727, 0.00553130
24728, 0.00553150
24729, 0.00553170
24730, 0.00553190
24731, 0.00553210
24732, 0.00553240
24733, 0.00553260
24734, 0.00553280
24735, 0.00553300
24736, 0.00553320
24737, 0.00553340
24738, 0.00553360
24739, 0.00553380
24740, 0.00553400
24741, 0.00553420
24742, 0.00553440
24743, 0.00553460
24744, 0.00553480
24745, 0.00553500
24746, 0.00553520
24747, 0.00553540
24748, 0.00553560
24749, 0.00553580
24750, 0.00553600
24751, 0.00553620
24752, 0.00553650
24753, 0.00553670
24754, 0.00553690
24755, 0.00553710
24756, 0.00553730
24757, 0.00553750
24758, 0.00553770
24759, 0.00553790
24760, 0.00553810
24761, 0.00553830
24762, 0.00553850
24763, 0.00553870
24764, 0.00553890
24765, 0.00553910
24766, 0.00553930
24767, 0.00553950
24768, 0.00553970
24769, 0.00553990
24770, 0.00554010
24771, 0.00554030
24772, 0.00554050
24773, 0.00554080
24774, 0.00554100
24775, 0.00554120
24776, 0.00554140
24777, 0.00554160
24778, 0.00554180
24779, 0.00554200
24780, 0.00554220
24781, 0.00554240
24782, 0.00554260
24783, 0.00554280
24784, 0.00554300
24785, 0.00554320
24786, 0.00554340
24787, 0.00554360
24788, 0.00554380
24789, 0.00554400
24790, 0.00554420
24791, 0.00554440
24792, 0.00554470
24793, 0.00554490
24794, 0.00554510
24795, 0.00554530
24796, 0.00554550
24797, 0.00554570
24798, 0.00554590
24799, 0.00554610
24800, 0.00554630
24801, 0.00554650
24802, 0.00554670
24803, 0.00554690
24804, 0.00554710
24805, 0.00554730
24806, 0.00554750
24807, 0.00554770
24808, 0.00554790
24809, 0.00554810
24810, 0.00554830
24811, 0.00554860
24812, 0.00554880
24813, 0.00554900
24814, 0.00554920
24815, 0.00554940
24816, 0.00554960
24817, 0.00554980
24818, 0.00555000
24819, 0.00555020
24820, 0.00555040
24821, 0.00555060
24822, 0.00555080
24823, 0.00555100
24824, 0.00555120
24825, 0.00555140
24826, 0.00555160
24827, 0.00555180
24828, 0.00555200
24829, 0.00555220
24830, 0.00555240
24831, 0.00555260
24832, 0.00555460
24833, 0.00555480
24834, 0.00555500
24835, 0.00555520
24836, 0.00555550
24837, 0.00555570
24838, 0.00555590
24839, 0.00555610
24840, 0.00555630
24841, 0.00555650
24842, 0.00555690
24843, 0.00555710
24844, 0.00555740
24845, 0.00555760
24846, 0.00555780
24847, 0.00555810
24848, 0.00555830
24849, 0.00555850
24850, 0.00555870
24851, 0.00555890
24852, 0.00555910
24853, 0.00555940
24854, 0.00555960
24855, 0.00555980
24856, 0.00556000
24857, 0.00556020
24858, 0.00556040
24859, 0.00556060
24860, 0.00556080
24861, 0.00556100
24862, 0.00556120
24863, 0.00556140
24864, 0.00556160
24865, 0.00556180
24866, 0.00556200
24867, 0.00556220
24868, 0.00556240
24869, 0.00556260
24870, 0.00556280
24871, 0.00556300
24872, 0.00556320
24873, 0.00556340
24874, 0.00556360
24875, 0.00556380
24876, 0.00556410
24877, 0.00556430
24878, 0.00556450
24879, 0.00556470
24880, 0.00556490
24881, 0.00556510
24882, 0.00556530
24883, 0.00556550
24884, 0.00556570
24885, 0.00556590
24886, 0.00556610
24887, 0.00556630
24888, 0.00556650
24889, 0.00556670
24890, 0.00556690
24891, 0.00556710
24892, 0.00556730
24893, 0.00556750
24894, 0.00556770
24895, 0.00556790
24896, 0.00556810
24897, 0.00556840
24898, 0.00556860
24899, 0.00556880
24900, 0.00556900
24901, 0.00556920
24902, 0.00556940
24903, 0.00556960
24904, 0.00556980
24905, 0.00557000
24906, 0.00557020
24907, 0.00557040
24908, 0.00557060
24909, 0.00557080
24910, 0.00557100
24911, 0.00557120
24912, 0.00557140
24913, 0.00557160
24914, 0.00557180
24915, 0.00557200
24916, 0.00557220
24917, 0.00557240
24918, 0.00557270
24919, 0.00557290
24920, 0.00557310
24921, 0.00557330
24922, 0.00557350
24923, 0.00557370
24924, 0.00557390
24925, 0.00557410
24926, 0.00557430
24927, 0.00557450
24928, 0.00557470
24929, 0.00557490
24930, 0.00557510
24931, 0.00557530
24932, 0.00557550
24933, 0.00557570
24934, 0.00557590
24935, 0.00557610
24936, 0.00557630
24937, 0.00557660
24938, 0.00557680
24939, 0.00557700
24940, 0.00557720
24941, 0.00557740
24942, 0.00557760
24943, 0.00557780
24944, 0.00557800
24945, 0.00557820
24946, 0.00557840
24947, 0.00557860
24948, 0.00557880
24949, 0.00557900
24950, 0.00557920
24951, 0.00557950
24952, 0.00557970
24953, 0.00557990
24954, 0.00558010
24955, 0.00558030
24956, 0.00558050
24957, 0.00558070
24958, 0.00558090
24959, 0.00558110
24960, 0.00558600
24961, 0.00558620
24962, 0.00558650
24963, 0.00558670
24964, 0.00558690
24965, 0.00558720
24966, 0.00558740
24967, 0.00558760
24968, 0.00558780
24969, 0.00558800
24970, 0.00558820
24971, 0.00558840
24972, 0.00558860
24973, 0.00558880
24974, 0.00558900
24975, 0.00558920
24976, 0.00558940
24977, 0.00558960
24978, 0.00558980
24979, 0.00559000
24980, 0.00559020
24981, 0.00559040
24982, 0.00559070
24983, 0.00559090
24984, 0.00559110
24985, 0.00559130
24986, 0.00559150
24987, 0.00559170
24988, 0.00559190
24989, 0.00559210
24990, 0.00559230
24991, 0.00559250
24992, 0.00559270
24993, 0.00559290
24994, 0.00559310
24995, 0.00559330
24996, 0.00559350
24997, 0.00559370
24998, 0.00559400
24999, 0.00559420
25000, 0.00559440
25001, 0.00559460
25002, 0.00559480
25003, 0.00559500
25004, 0.00559520
25005, 0.00559540
25006, 0.00559560
25007, 0.00559580
25008, 0.00559600
25009, 0.00559620
25010, 0.00559640
25011, 0.00559660
25012, 0.00559680
25013, 0.00559700
25014, 0.00559720
25015, 0.00559750
25016, 0.00559770
25017, 0.00559790
25018, 0.00559810
25019, 0.00559830
25020, 0.00559850
25021, 0.00559870
25022, 0.00559890
25023, 0.00559910
25024, 0.00559930
25025, 0.00559950
25026, 0.00559970
25027, 0.00559990
25028, 0.00560010
25029, 0.00560030
25030, 0.00560050
25031, 0.00560070
25032, 0.00560090
25033, 0.00560120
25034, 0.00560140
25035, 0.00560160
25036, 0.00560180
25037, 0.00560200
25038, 0.00560220
25039, 0.00560240
25040, 0.00560260
25041, 0.00560280
25042, 0.00560300
25043, 0.00560320
25044, 0.00560340
25045, 0.00560360
25046, 0.00560380
25047, 0.00560400
25048, 0.00560420
25049, 0.00560440
25050, 0.00560460
25051, 0.00560480
25052, 0.00560500
25053, 0.00560530
25054, 0.00560550
25055, 0.00560570
25056, 0.00560590
25057, 0.00560610
25058, 0.00560630
25059, 0.00560650
25060, 0.00560670
25061, 0.00560690
25062, 0.00560710
25063, 0.00560730
25064, 0.00560750
25065, 0.00560770
25066, 0.00560790
25067, 0.00560810
25068, 0.00560830
25069, 0.00560850
25070, 0.00560870
25071, 0.00560890
25072, 0.00560910
25073, 0.00560940
25074, 0.00560960
25075, 0.00560980
25076, 0.00561000
25077, 0.00561020
25078, 0.00561040
25079, 0.00561060
25080, 0.00561080
25081, 0.00561100
25082, 0.00561120
25083, 0.00561140
25084, 0.00561160
25085, 0.00561180
25086, 0.00561370
25087, 0.00561390
25088, 0.00561410
25089, 0.00561430
25090, 0.00561470
25091, 0.00561490
25092, 0.00561510
25093, 0.00561530
25094, 0.00561550
25095, 0.00561570
25096, 0.00561600
25097, 0.00561620
25098, 0.00561640
25099, 0.00561660
25100, 0.00561690
25101, 0.00561710
25102, 0.00561740
25103, 0.00561760
25104, 0.00561780
25105, 0.00561800
25106, 0.00561820
25107, 0.00561840
25108, 0.00561860
25109, 0.00561880
25110, 0.00561900
25111, 0.00561920
25112, 0.00561940
25113, 0.00561960
25114, 0.00561980
25115, 0.00562000
25116, 0.00562020
25117, 0.00562040
25118, 0.00562060
25119, 0.00562090
25120, 0.00562110
25121, 0.00562130
25122, 0.00562150
25123, 0.00562170
25124, 0.00562190
25125, 0.00562210
25126, 0.00562230
25127, 0.00562250
25128, 0.00562270
25129, 0.00562290
25130, 0.00562310
25131, 0.00562330
25132, 0.00562350
25133, 0.00562370
25134, 0.00562390
25135, 0.00562410
25136, 0.00562430
25137, 0.00562450
25138, 0.00562470
25139, 0.00562490
25140, 0.00562520
25141, 0.00562540
25142, 0.00562560
25143, 0.00562580
25144, 0.00562600
25145, 0.00562620
25146, 0.00562640
25147, 0.00562660
25148, 0.00562680
25149, 0.00562700
25150, 0.00562720
25151, 0.00562740
25152, 0.00562760
25153, 0.00562780
25154, 0.00562800
25155, 0.00562820
25156, 0.00562850
25157, 0.00562870
25158, 0.00562890
25159, 0.00562910
25160, 0.00562930
25161, 0.00562950
25162, 0.00562970
25163, 0.00562990
25164, 0.00563010
25165, 0.00563030
25166, 0.00563050
25167, 0.00563070
25168, 0.00563090
25169, 0.00563110
25170, 0.00563130
25171, 0.00563150
25172, 0.00563170
25173, 0.00563190
25174, 0.00563220
25175, 0.00563240
25176, 0.00563260
25177, 0.00563280
25178, 0.00563300
25179, 0.00563320
25180, 0.00563340
25181, 0.00563360
25182, 0.00563380
25183, 0.00563400
25184, 0.00563420
25185, 0.00563440
25186, 0.00563460
25187, 0.00563480
25188, 0.00563500
25189, 0.00563520
25190, 0.00563540
25191, 0.00563570
25192, 0.00563590
25193, 0.00563610
25194, 0.00563630
25195, 0.00563650
25196, 0.00563670
25197, 0.00563690
25198, 0.00563710
25199, 0.00563730
25200, 0.00563750
25201, 0.00563770
25202, 0.00563790
25203, 0.00563810
25204, 0.00563830
25205, 0.00563850
25206, 0.00563870
25207, 0.00563890
25208, 0.00563910
25209, 0.00563930
25210, 0.00563950
25211, 0.00563980
25212, 0.00564000
25213, 0.00564020
25214, 0.00564190
25215, 0.00564210
25216, 0.00564230
25217, 0.00564250
25218, 0.00564280
25219, 0.00564300
25220, 0.00564330
25221, 0.00564350
25222, 0.00564370
25223, 0.00564390
25224, 0.00564410
25225, 0.00564430
25226, 0.00564450
25227, 0.00564470
25228, 0.00564490
25229, 0.00564510
25230, 0.00564530
25231, 0.00564550
25232, 0.00564570
25233, 0.00564590
25234, 0.00564610
25235, 0.00564630
25236, 0.00564650
25237, 0.00564670
25238, 0.00564690
25239, 0.00564710
25240, 0.00564730
25241, 0.00564760
25242, 0.00564780
25243, 0.00564800
25244, 0.00564820
25245, 0.00564840
25246, 0.00564860
25247, 0.00564880
25248, 0.00564900
25249, 0.00564920
25250, 0.00564940
25251, 0.00564960
25252, 0.00564980
25253, 0.00565000
25254, 0.00565020
25255, 0.00565040
25256, 0.00565060
25257, 0.00565080
25258, 0.00565100
25259, 0.00565120
25260, 0.00565140
25261, 0.00565160
25262, 0.00565180
25263, 0.00565210
25264, 0.00565230
25265, 0.00565250
25266, 0.00565270
25267, 0.00565290
25268, 0.00565310
25269, 0.00565330
25270, 0.00565350
25271, 0.00565370
25272, 0.00565390
25273, 0.00565410
25274, 0.00565430
25275, 0.00565450
25276, 0.00565470
25277, 0.00565490
25278, 0.00565510
25279, 0.00565530
25280, 0.00565550
25281, 0.00565570
25282, 0.00565590
25283, 0.00565610
25284, 0.00565640
25285, 0.00565660
25286, 0.00565680
25287, 0.00565700
25288, 0.00565720
25289, 0.00565740
25290, 0.00565760
25291, 0.00565780
25292, 0.00565800
25293, 0.00565820
25294, 0.00565840
25295, 0.00565860
25296, 0.00565880
25297, 0.00565900
25298, 0.00565920
25299, 0.00565940
25300, 0.00565960
25301, 0.00565980
25302, 0.00566010
25303, 0.00566030
25304, 0.00566050
25305, 0.00566070
25306, 0.00566090
25307, 0.00566110
25308, 0.00566130
25309, 0.00566150
25310, 0.00566170
25311, 0.00566190
25312, 0.00566210
25313, 0.00566230
25314, 0.00566250
25315, 0.00566270
25316, 0.00566290
25317, 0.00566310
25318, 0.00566330
25319, 0.00566350
25320, 0.00566380
25321, 0.00566400
25322, 0.00566420
25323, 0.00566440
25324, 0.00566460
25325, 0.00566480
25326, 0.00566500
25327, 0.00566520
25328, 0.00566540
25329, 0.00566560
25330, 0.00566580
25331, 0.00566600
25332, 0.00566620
25333, 0.00566640
25334, 0.00566660
25335, 0.00566680
25336, 0.00566700
25337, 0.00566750
25338, 0.00566790
25339, 0.00566830
25340, 0.00566870
25341, 0.00566910
25342, 0.00567180
25343, 0.00567230
25344, 0.00567260
25345, 0.00567310
25346, 0.00567350
25347, 0.00567390
25348, 0.00567430
25349, 0.00567470
25350, 0.00567510
25351, 0.00567540
25352, 0.00567580
25353, 0.00567620
25354, 0.00567660
25355, 0.00567700
25356, 0.00567740
25357, 0.00567780
25358, 0.00567810
25359, 0.00567850
25360, 0.00567890
25361, 0.00567930
25362, 0.00567970
25363, 0.00568010
25364, 0.00568040
25365, 0.00568070
25366, 0.00568090
25367, 0.00568110
25368, 0.00568140
25369, 0.00568160
25370, 0.00568180
25371, 0.00568200
25372, 0.00568220
25373, 0.00568240
25374, 0.00568260
25375, 0.00568280
25376, 0.00568300
25377, 0.00568320
25378, 0.00568340
25379, 0.00568360
25380, 0.00568380
25381, 0.00568400
25382, 0.00568420
25383, 0.00568440
25384, 0.00568460
25385, 0.00568490
25386, 0.00568510
25387, 0.00568530
25388, 0.00568550
25389, 0.00568570
25390, 0.00568590
25391, 0.00568610
25392, 0.00568630
25393, 0.00568650
25394, 0.00568670
25395, 0.00568690
25396, 0.00568710
25397, 0.00568730
25398, 0.00568750
25399, 0.00568770
25400, 0.00568790
25401, 0.00568810
25402, 0.00568830
25403, 0.00568850
25404, 0.00568870
25405, 0.00568900
25406, 0.00568920
25407, 0.00568940
25408, 0.00568960
25409, 0.00568980
25410, 0.00569000
25411, 0.00569020
25412, 0.00569040
25413, 0.00569060
25414, 0.00569080
25415, 0.00569100
25416, 0.00569120
25417, 0.00569140
25418, 0.00569160
25419, 0.00569180
25420, 0.00569200
25421, 0.00569230
25422, 0.00569250
25423, 0.00569270
25424, 0.00569290
25425, 0.00569310
25426, 0.00569330
25427, 0.00569350
25428, 0.00569370
25429, 0.00569390
25430, 0.00569410
25431, 0.00569430
25432, 0.00569450
25433, 0.00569470
25434, 0.00569490
25435, 0.00569510
25436, 0.00569530
25437, 0.00569550
25438, 0.00569570
25439, 0.00569590
25440, 0.00569610
25441, 0.00569630
25442, 0.00569660
25443, 0.00569680
25444, 0.00569700
25445, 0.00569720
25446, 0.00569740
25447, 0.00569760
25448, 0.00569780
25449, 0.00569800
25450, 0.00569820
25451, 0.00569840
25452, 0.00569860
25453, 0.00569880
25454, 0.00569900
25455, 0.00569920
25456, 0.00569940
25457, 0.00569960
25458, 0.00569980
25459, 0.00570000
25460, 0.00570020
25461, 0.00570040
25462, 0.00570060
25463, 0.00570090
25464, 0.00570110
25465, 0.00570130
25466, 0.00570150
25467, 0.00570170
25468, 0.00570190
25469, 0.00570210
25470, 0.00570410
25471, 0.00570440
25472, 0.00570460
25473, 0.00570480
25474, 0.00570500
25475, 0.00570520
25476, 0.00570540
25477, 0.00570560
25478, 0.00570580
25479, 0.00570600
25480, 0.00570620
25481, 0.00570640
25482, 0.00570660
25483, 0.00570680
25484, 0.00570700
25485, 0.00570730
25486, 0.00570750
25487, 0.00570770
25488, 0.00570790
25489, 0.00570810
25490, 0.00570830
25491, 0.00570850
25492, 0.00570870
25493, 0.00570890
25494, 0.00570910
25495, 0.00570930
25496, 0.00570950
25497, 0.00570970
25498, 0.00570990
25499, 0.00571010
25500, 0.00571030
25501, 0.00571050
25502, 0.00571070
25503, 0.00571090
25504, 0.00571120
25505, 0.00571140
25506, 0.00571160
25507, 0.00571180
25508, 0.00571200
25509, 0.00571220
25510, 0.00571240
25511, 0.00571260
25512, 0.00571280
25513, 0.00571300
25514, 0.00571320
25515, 0.00571340
25516, 0.00571360
25517, 0.00571380
25518, 0.00571400
25519, 0.00571420
25520, 0.00571440
25521, 0.00571460
25522, 0.00571480
25523, 0.00571500
25524, 0.00571530
25525, 0.00571550
25526, 0.00571570
25527, 0.00571590
25528, 0.00571610
25529, 0.00571630
25530, 0.00571650
25531, 0.00571670
25532, 0.00571690
25533, 0.00571710
25534, 0.00571730
25535, 0.00571750
25536, 0.00571770
25537, 0.00571790
25538, 0.00571810
25539, 0.00571830
25540, 0.00571850
25541, 0.00571870
25542, 0.00571890
25543, 0.00571910
25544, 0.00571930
25545, 0.00571960
25546, 0.00571980
25547, 0.00572000
25548, 0.00572020
25549, 0.00572040
25550, 0.00572060
25551, 0.00572080
25552, 0.00572100
25553, 0.00572120
25554, 0.00572140
25555, 0.00572160
25556, 0.00572180
25557, 0.00572200
25558, 0.00572220
25559, 0.00572240
25560, 0.00572260
25561, 0.00572280
25562, 0.00572300
25563, 0.00572320
25564, 0.00572340
25565, 0.00572370
25566, 0.00572390
25567, 0.00572410
25568, 0.00572430
25569, 0.00572450
25570, 0.00572470
25571, 0.00572490
25572, 0.00572510
25573, 0.00572530
25574, 0.00572550
25575, 0.00572570
25576, 0.00572590
25577, 0.00572610
25578, 0.00572630
25579, 0.00572650
25580, 0.00572670
25581, 0.00572690
25582, 0.00572710
25583, 0.00572730
25584, 0.00572750
25585, 0.00572780
25586, 0.00572800
25587, 0.00572820
25588, 0.00572840
25589, 0.00572860
25590, 0.00572880
25591, 0.00572900
25592, 0.00572920
25593, 0.00572940
25594, 0.00572960
25595, 0.00572980
25596, 0.00573160
25597, 0.00573180
25598, 0.00573200
25599, 0.00573220
25600, 0.00573250
25601, 0.00573270
25602, 0.00573290
25603, 0.00573310
25604, 0.00573330
25605, 0.00573350
25606, 0.00573370
25607, 0.00573390
25608, 0.00573410
25609, 0.00573430
25610, 0.00573450
25611, 0.00573470
25612, 0.00573490
25613, 0.00573510
25614, 0.00573540
25615, 0.00573560
25616, 0.00573580
25617, 0.00573600
25618, 0.00573620
25619, 0.00573640
25620, 0.00573660
25621, 0.00573680
25622, 0.00573700
25623, 0.00573720
25624, 0.00573740
25625, 0.00573760
25626, 0.00573780
25627, 0.00573800
25628, 0.00573820
25629, 0.00573840
25630, 0.00573860
25631, 0.00573880
25632, 0.00573900
25633, 0.00573930
25634, 0.00573950
25635, 0.00573970
25636, 0.00573990
25637, 0.00574010
25638, 0.00574030
25639, 0.00574050
25640, 0.00574070
25641, 0.00574090
25642, 0.00574110
25643, 0.00574130
25644, 0.00574150
25645, 0.00574170
25646, 0.00574190
25647, 0.00574210
25648, 0.00574230
25649, 0.00574250
25650, 0.00574270
25651, 0.00574290
25652, 0.00574310
25653, 0.00574340
25654, 0.00574360
25655, 0.00574380
25656, 0.00574400
25657, 0.00574420
25658, 0.00574440
25659, 0.00574460
25660, 0.00574480
25661, 0.00574500
25662, 0.00574520
25663, 0.00574540
25664, 0.00574560
25665, 0.00574580
25666, 0.00574600
25667, 0.00574620
25668, 0.00574640
25669, 0.00574660
25670, 0.00574680
25671, 0.00574700
25672, 0.00574720
25673, 0.00574740
25674, 0.00574770
25675, 0.00574790
25676, 0.00574810
25677, 0.00574830
25678, 0.00574850
25679, 0.00574870
25680, 0.00574890
25681, 0.00574910
25682, 0.00574930
25683, 0.00574950
25684, 0.00574970
25685, 0.00575000
25686, 0.00575020
25687, 0.00575040
25688, 0.00575060
25689, 0.00575080
25690, 0.00575100
25691, 0.00575120
25692, 0.00575140
25693, 0.00575160
25694, 0.00575180
25695, 0.00575200
25696, 0.00575220
25697, 0.00575240
25698, 0.00575260
25699, 0.00575280
25700, 0.00575300
25701, 0.00575330
25702, 0.00575350
25703, 0.00575370
25704, 0.00575390
25705, 0.00575410
25706, 0.00575430
25707, 0.00575450
25708, 0.00575470
25709, 0.00575490
25710, 0.00575510
25711, 0.00575530
25712, 0.00575550
25713, 0.00575570
25714, 0.00575590
25715, 0.00575610
25716, 0.00575630
25717, 0.00575650
25718, 0.00575670
25719, 0.00575690
25720, 0.00575710
25721, 0.00575730
25722, 0.00575750
25723, 0.00575780
25724, 0.00575950
25725, 0.00575970
25726, 0.00575990
25727, 0.00576010
25728, 0.00576040
25729, 0.00576060
25730, 0.00576080
25731, 0.00576100
25732, 0.00576120
25733, 0.00576140
25734, 0.00576160
25735, 0.00576180
25736, 0.00576200
25737, 0.00576220
25738, 0.00576240
25739, 0.00576260
25740, 0.00576280
25741, 0.00576300
25742, 0.00576320
25743, 0.00576340
25744, 0.00576360
25745, 0.00576380
25746, 0.00576410
25747, 0.00576430
25748, 0.00576450
25749, 0.00576470
25750, 0.00576490
25751, 0.00576510
25752, 0.00576530
25753, 0.00576550
25754, 0.00576570
25755, 0.00576590
25756, 0.00576610
25757, 0.00576630
25758, 0.00576650
25759, 0.00576670
25760, 0.00576690
25761, 0.00576710
25762, 0.00576740
25763, 0.00576760
25764, 0.00576780
25765, 0.00576800
25766, 0.00576820
25767, 0.00576840
25768, 0.00576860
25769, 0.00576880
25770, 0.00576900
25771, 0.00576920
25772, 0.00576940
25773, 0.00576960
25774, 0.00576980
25775, 0.00577000
25776, 0.00577020
25777, 0.00577040
25778, 0.00577060
25779, 0.00577080
25780, 0.00577100
25781, 0.00577120
25782, 0.00577140
25783, 0.00577160
25784, 0.00577180
25785, 0.00577210
25786, 0.00577230
25787, 0.00577250
25788, 0.00577270
25789, 0.00577290
25790, 0.00577310
25791, 0.00577330
25792, 0.00577350
25793, 0.00577370
25794, 0.00577390
25795, 0.00577410
25796, 0.00577430
25797, 0.00577450
25798, 0.00577470
25799, 0.00577490
25800, 0.00577510
25801, 0.00577530
25802, 0.00577550
25803, 0.00577570
25804, 0.00577590
25805, 0.00577610
25806, 0.00577630
25807, 0.00577650
25808, 0.00577680
25809, 0.00577700
25810, 0.00577720
25811, 0.00577740
25812, 0.00577760
25813, 0.00577780
25814, 0.00577800
25815, 0.00577820
25816, 0.00577840
25817, 0.00577860
25818, 0.00577880
25819, 0.00577900
25820, 0.00577920
25821, 0.00577940
25822, 0.00577960
25823, 0.00577980
25824, 0.00578000
25825, 0.00578020
25826, 0.00578040
25827, 0.00578060
25828, 0.00578080
25829, 0.00578100
25830, 0.00578120
25831, 0.00578150
25832, 0.00578170
25833, 0.00578190
25834, 0.00578210
25835, 0.00578230
25836, 0.00578250
25837, 0.00578270
25838, 0.00578290
25839, 0.00578310
25840, 0.00578330
25841, 0.00578350
25842, 0.00578370
25843, 0.00578390
25844, 0.00578410
25845, 0.00578430
25846, 0.00578450
25847, 0.00578470
25848, 0.00578490
25849, 0.00578510
25850, 0.00578530
25851, 0.00578550
25852, 0.00578730
25853, 0.00578750
25854, 0.00578770
25855, 0.00578790
25856, 0.00578820
25857, 0.00578840
25858, 0.00578860
25859, 0.00578880
25860, 0.00578900
25861, 0.00578920
25862, 0.00578950
25863, 0.00578970
25864, 0.00579000
25865, 0.00579020
25866, 0.00579040
25867, 0.00579070
25868, 0.00579090
25869, 0.00579110
25870, 0.00579130
25871, 0.00579150
25872, 0.00579180
25873, 0.00579200
25874, 0.00579220
25875, 0.00579240
25876, 0.00579260
25877, 0.00579280
25878, 0.00579300
25879, 0.00579320
25880, 0.00579340
25881, 0.00579360
25882, 0.00579380
25883, 0.00579400
25884, 0.00579420
25885, 0.00579440
25886, 0.00579460
25887, 0.00579480
25888, 0.00579500
25889, 0.00579520
25890, 0.00579540
25891, 0.00579570
25892, 0.00579590
25893, 0.00579610
25894, 0.00579630
25895, 0.00579650
25896, 0.00579670
25897, 0.00579690
25898, 0.00579710
25899, 0.00579730
25900, 0.00579750
25901, 0.00579770
25902, 0.00579790
25903, 0.00579810
25904, 0.00579830
25905, 0.00579850
25906, 0.00579870
25907, 0.00579890
25908, 0.00579910
25909, 0.00579930
25910, 0.00579950
25911, 0.00579980
25912, 0.00580000
25913, 0.00580020
25914, 0.00580040
25915, 0.00580060
25916, 0.00580080
25917, 0.00580100
25918, 0.00580120
25919, 0.00580140
25920, 0.00580160
25921, 0.00580180
25922, 0.00580200
25923, 0.00580220
25924, 0.00580240
25925, 0.00580260
25926, 0.00580280
25927, 0.00580300
25928, 0.00580320
25929, 0.00580340
25930, 0.00580360
25931, 0.00580390
25932, 0.00580410
25933, 0.00580430
25934, 0.00580450
25935, 0.00580470
25936, 0.00580490
25937, 0.00580510
25938, 0.00580530
25939, 0.00580550
25940, 0.00580570
25941, 0.00580590
25942, 0.00580610
25943, 0.00580630
25944, 0.00580650
25945, 0.00580670
25946, 0.00580690
25947, 0.00580710
25948, 0.00580730
25949, 0.00580750
25950, 0.00580770
25951, 0.00580790
25952, 0.00580810
25953, 0.00580830
25954, 0.00580860
25955, 0.00580880
25956, 0.00580900
25957, 0.00580920
25958, 0.00580940
25959, 0.00580960
25960, 0.00580980
25961, 0.00581000
25962, 0.00581020
25963, 0.00581050
25964, 0.00581070
25965, 0.00581090
25966, 0.00581110
25967, 0.00581130
25968, 0.00581150
25969, 0.00581170
25970, 0.00581190
25971, 0.00581210
25972, 0.00581230
25973, 0.00581250
25974, 0.00581270
25975, 0.00581290
25976, 0.00581310
25977, 0.00581330
25978, 0.00581350
25979, 0.00581380
25980, 0.00581560
25981, 0.00581580
25982, 0.00581600
25983, 0.00581620
25984, 0.00581640
25985, 0.00581660
25986, 0.00581690
25987, 0.00581710
25988, 0.00581730
25989, 0.00581750
25990, 0.00581770
25991, 0.00581790
25992, 0.00581810
25993, 0.00581830
25994, 0.00581850
25995, 0.00581870
25996, 0.00581890
25997, 0.00581910
25998, 0.00581930
25999, 0.00581950
26000, 0.00581970
26001, 0.00581990
26002, 0.00582010
26003, 0.00582030
26004, 0.00582050
26005, 0.00582070
26006, 0.00582090
26007, 0.00582120
26008, 0.00582140
26009, 0.00582160
26010, 0.00582180
26011, 0.00582200
26012, 0.00582220
26013, 0.00582240
26014, 0.00582260
26015, 0.00582280
26016, 0.00582300
26017, 0.00582320
26018, 0.00582340
26019, 0.00582360
26020, 0.00582380
26021, 0.00582400
26022, 0.00582420
26023, 0.00582440
26024, 0.00582460
26025, 0.00582480
26026, 0.00582500
26027, 0.00582530
26028, 0.00582550
26029, 0.00582570
26030, 0.00582590
26031, 0.00582610
26032, 0.00582630
26033, 0.00582650
26034, 0.00582670
26035, 0.00582690
26036, 0.00582710
26037, 0.00582730
26038, 0.00582750
26039, 0.00582770
26040, 0.00582790
26041, 0.00582810
26042, 0.00582830
26043, 0.00582850
26044, 0.00582870
26045, 0.00582900
26046, 0.00582920
26047, 0.00582940
26048, 0.00582960
26049, 0.00582990
26050, 0.00583010
26051, 0.00583030
26052, 0.00583050
26053, 0.00583070
26054, 0.00583100
26055, 0.00583120
26056, 0.00583140
26057, 0.00583160
26058, 0.00583180
26059, 0.00583200
26060, 0.00583220
26061, 0.00583240
26062, 0.00583260
26063, 0.00583280
26064, 0.00583300
26065, 0.00583320
26066, 0.00583340
26067, 0.00583360
26068, 0.00583380
26069, 0.00583400
26070, 0.00583420
26071, 0.00583440
26072, 0.00583460
26073, 0.00583490
26074, 0.00583510
26075, 0.00583530
26076, 0.00583550
26077, 0.00583570
26078, 0.00583590
26079, 0.00583610
26080, 0.00583630
26081, 0.00583650
26082, 0.00583670
26083, 0.00583690
26084, 0.00583710
26085, 0.00583730
26086, 0.00583750
26087, 0.00583770
26088, 0.00583790
26089, 0.00583810
26090, 0.00583830
26091, 0.00583850
26092, 0.00583870
26093, 0.00583900
26094, 0.00583920
26095, 0.00583940
26096, 0.00583960
26097, 0.00583980
26098, 0.00584000
26099, 0.00584020
26100, 0.00584040
26101, 0.00584060
26102, 0.00584080
26103, 0.00584100
26104, 0.00584120
26105, 0.00584140
26106, 0.00584320
26107, 0.00584340
26108, 0.00584360
26109, 0.00584380
26110, 0.00584400
26111, 0.00584420
26112, 0.00584440
26113, 0.00584460
26114, 0.00584480
26115, 0.00584500
26116, 0.00584520
26117, 0.00584550
26118, 0.00584570
26119, 0.00584590
26120, 0.00584610
26121, 0.00584630
26122, 0.00584650
26123, 0.00584670
26124, 0.00584690
26125, 0.00584710
26126, 0.00584730
26127, 0.00584750
26128, 0.00584770
26129, 0.00584790
26130, 0.00584810
26131, 0.00584830
26132, 0.00584850
26133, 0.00584870
26134, 0.00584890
26135, 0.00584910
26136, 0.00584930
26137, 0.00584950
26138, 0.00584980
26139, 0.00585000
26140, 0.00585020
26141, 0.00585040
26142, 0.00585060
26143, 0.00585080
26144, 0.00585100
26145, 0.00585120
26146, 0.00585140
26147, 0.00585160
26148, 0.00585180
26149, 0.00585200
26150, 0.00585220
26151, 0.00585240
26152, 0.00585260
26153, 0.00585280
26154, 0.00585300
26155, 0.00585320
26156, 0.00585340
26157, 0.00585360
26158, 0.00585380
26159, 0.00585400
26160, 0.00585430
26161, 0.00585450
26162, 0.00585470
26163, 0.00585490
26164, 0.00585510
26165, 0.00585530
26166, 0.00585550
26167, 0.00585570
26168, 0.00585590
26169, 0.00585610
26170, 0.00585630
26171, 0.00585650
26172, 0.00585670
26173, 0.00585690
26174, 0.00585710
26175, 0.00585730
26176, 0.00585750
26177, 0.00585770
26178, 0.00585790
26179, 0.00585820
26180, 0.00585840
26181, 0.00585860
26182, 0.00585880
26183, 0.00585900
26184, 0.00585920
26185, 0.00585940
26186, 0.00585960
26187, 0.00585980
26188, 0.00586000
26189, 0.00586020
26190, 0.00586040
26191, 0.00586060
26192, 0.00586080
26193, 0.00586100
26194, 0.00586120
26195, 0.00586140
26196, 0.00586160
26197, 0.00586180
26198, 0.00586200
26199, 0.00586230
26200, 0.00586250
26201, 0.00586270
26202, 0.00586290
26203, 0.00586310
26204, 0.00586330
26205, 0.00586350
26206, 0.00586370
26207, 0.00586390
26208, 0.00586410
26209, 0.00586430
26210, 0.00586450
26211, 0.00586470
26212, 0.00586490
26213, 0.00586510
26214, 0.00586530
26215, 0.00586550
26216, 0.00586570
26217, 0.00586590
26218, 0.00586610
26219, 0.00586630
26220, 0.00586650
26221, 0.00586680
26222, 0.00586700
26223, 0.00586720
26224, 0.00586740
26225, 0.00586760
26226, 0.00586780
26227, 0.00586800
26228, 0.00586820
26229, 0.00586840
26230, 0.00586860
26231, 0.00586880
26232, 0.00586900
26233, 0.00586920
26234, 0.00587090
26235, 0.00587110
26236, 0.00587140
26237, 0.00587160
26238, 0.00587180
26239, 0.00587200
26240, 0.00587220
26241, 0.00587250
26242, 0.00587270
26243, 0.00587290
26244, 0.00587310
26245, 0.00587330
26246, 0.00587350
26247, 0.00587370
26248, 0.00587390
26249, 0.00587410
26250, 0.00587430
26251, 0.00587450
26252, 0.00587470
26253, 0.00587490
26254, 0.00587510
26255, 0.00587530
26256, 0.00587550
26257, 0.00587570
26258, 0.00587590
26259, 0.00587610
26260, 0.00587630
26261, 0.00587650
26262, 0.00587670
26263, 0.00587690
26264, 0.00587720
26265, 0.00587740
26266, 0.00587760
26267, 0.00587780
26268, 0.00587800
26269, 0.00587820
26270, 0.00587840
26271, 0.00587860
26272, 0.00587880
26273, 0.00587900
26274, 0.00587920
26275, 0.00587940
26276, 0.00587960
26277, 0.00587980
26278, 0.00588000
26279, 0.00588020
26280, 0.00588040
26281, 0.00588060
26282, 0.00588080
26283, 0.00588100
26284, 0.00588120
26285, 0.00588140
26286, 0.00588160
26287, 0.00588180
26288, 0.00588210
26289, 0.00588230
26290, 0.00588250
26291, 0.00588270
26292, 0.00588290
26293, 0.00588310
26294, 0.00588330
26295, 0.00588350
26296, 0.00588370
26297, 0.00588390
26298, 0.00588410
26299, 0.00588430
26300, 0.00588450
26301, 0.00588470
26302, 0.00588490
26303, 0.00588510
26304, 0.00588530
26305, 0.00588550
26306, 0.00588570
26307, 0.00588590
26308, 0.00588610
26309, 0.00588640
26310, 0.00588660
26311, 0.00588680
26312, 0.00588700
26313, 0.00588720
26314, 0.00588740
26315, 0.00588760
26316, 0.00588780
26317, 0.00588800
26318, 0.00588820
26319, 0.00588840
26320, 0.00588860
26321, 0.00588880
26322, 0.00588900
26323, 0.00588920
26324, 0.00588940
26325, 0.00588960
26326, 0.00588980
26327, 0.00589000
26328, 0.00589020
26329, 0.00589040
26330, 0.00589070
26331, 0.00589090
26332, 0.00589110
26333, 0.00589130
26334, 0.00589150
26335, 0.00589170
26336, 0.00589190
26337, 0.00589210
26338, 0.00589230
26339, 0.00589250
26340, 0.00589270
26341, 0.00589290
26342, 0.00589310
26343, 0.00589330
26344, 0.00589350
26345, 0.00589370
26346, 0.00589390
26347, 0.00589410
26348, 0.00589430
26349, 0.00589450
26350, 0.00589480
26351, 0.00589500
26352, 0.00589520
26353, 0.00589540
26354, 0.00589560
26355, 0.00589580
26356, 0.00589600
26357, 0.00589620
26358, 0.00589640
26359, 0.00589660
26360, 0.00589680
26361, 0.00589700
26362, 0.00589870
26363, 0.00589890
26364, 0.00589910
26365, 0.00589930
26366, 0.00589960
26367, 0.00589980
26368, 0.00590000
26369, 0.00590020
26370, 0.00590040
26371, 0.00590060
26372, 0.00590090
26373, 0.00590110
26374, 0.00590140
26375, 0.00590160
26376, 0.00590180
26377, 0.00590200
26378, 0.00590230
26379, 0.00590250
26380, 0.00590270
26381, 0.00590290
26382, 0.00590310
26383, 0.00590340
26384, 0.00590360
26385, 0.00590380
26386, 0.00590400
26387, 0.00590420
26388, 0.00590440
26389, 0.00590460
26390, 0.00590480
26391, 0.00590500
26392, 0.00590520
26393, 0.00590540
26394, 0.00590560
26395, 0.00590580
26396, 0.00590600
26397, 0.00590620
26398, 0.00590640
26399, 0.00590660
26400, 0.00590690
26401, 0.00590710
26402, 0.00590730
26403, 0.00590750
26404, 0.00590770
26405, 0.00590790
26406, 0.00590810
26407, 0.00590830
26408, 0.00590850
26409, 0.00590870
26410, 0.00590890
26411, 0.00590910
26412, 0.00590930
26413, 0.00590950
26414, 0.00590970
26415, 0.00590990
26416, 0.00591010
26417, 0.00591030
26418, 0.00591050
26419, 0.00591070
26420, 0.00591100
26421, 0.00591120
26422, 0.00591140
26423, 0.00591160
26424, 0.00591180
26425, 0.00591200
26426, 0.00591220
26427, 0.00591240
26428, 0.00591260
26429, 0.00591280
26430, 0.00591300
26431, 0.00591320
26432, 0.00591340
26433, 0.00591360
26434, 0.00591380
26435, 0.00591400
26436, 0.00591420
26437, 0.00591440
26438, 0.00591460
26439, 0.00591490
26440, 0.00591510
26441, 0.00591530
26442, 0.00591550
26443, 0.00591570
26444, 0.00591590
26445, 0.00591610
26446, 0.00591630
26447, 0.00591650
26448, 0.00591670
26449, 0.00591690
26450, 0.00591710
26451, 0.00591730
26452, 0.00591750
26453, 0.00591770
26454, 0.00591790
26455, 0.00591810
26456, 0.00591830
26457, 0.00591850
26458, 0.00591870
26459, 0.00591890
26460, 0.00591920
26461, 0.00591940
26462, 0.00591960
26463, 0.00591980
26464, 0.00592000
26465, 0.00592020
26466, 0.00592040
26467, 0.00592060
26468, 0.00592080
26469, 0.00592100
26470, 0.00592120
26471, 0.00592140
26472, 0.00592160
26473, 0.00592180
26474, 0.00592200
26475, 0.00592220
26476, 0.00592240
26477, 0.00592260
26478, 0.00592280
26479, 0.00592310
26480, 0.00592330
26481, 0.00592350
26482, 0.00592370
26483, 0.00592390
26484, 0.00592410
26485, 0.00592430
26486, 0.00592450
26487, 0.00592470
26488, 0.00592490
26489, 0.00592510
26490, 0.00592690
26491, 0.00592710
26492, 0.00592730
26493, 0.00592750
26494, 0.00592770
26495, 0.00592790
26496, 0.00592810
26497, 0.00592830
26498, 0.00592860
26499, 0.00592880
26500, 0.00592910
26501, 0.00592930
26502, 0.00592950
26503, 0.00592970
26504, 0.00593000
26505, 0.00593020
26506, 0.00593050
26507, 0.00593070
26508, 0.00593090
26509, 0.00593110
26510, 0.00593130
26511, 0.00593150
26512, 0.00593170
26513, 0.00593190
26514, 0.00593210
26515, 0.00593230
26516, 0.00593250
26517, 0.00593270
26518, 0.00593290
26519, 0.00593310
26520, 0.00593340
26521, 0.00593360
26522, 0.00593380
26523, 0.00593400
26524, 0.00593420
26525, 0.00593440
26526, 0.00593460
26527, 0.00593480
26528, 0.00593500
26529, 0.00593520
26530, 0.00593540
26531, 0.00593560
26532, 0.00593580
26533, 0.00593600
26534, 0.00593620
26535, 0.00593640
26536, 0.00593660
26537, 0.00593680
26538, 0.00593700
26539, 0.00593720
26540, 0.00593740
26541, 0.00593770
26542, 0.00593790
26543, 0.00593810
26544, 0.00593830
26545, 0.00593850
26546, 0.00593870
26547, 0.00593890
26548, 0.00593910
26549, 0.00593930
26550, 0.00593950
26551, 0.00593970
26552, 0.00593990
26553, 0.00594010
26554, 0.00594030
26555, 0.00594050
26556, 0.00594070
26557, 0.00594090
26558, 0.00594110
26559, 0.00594130
26560, 0.00594150
26561, 0.00594180
26562, 0.00594200
26563, 0.00594220
26564, 0.00594240
26565, 0.00594260
26566, 0.00594280
26567, 0.00594300
26568, 0.00594320
26569, 0.00594340
26570, 0.00594360
26571, 0.00594380
26572, 0.00594400
26573, 0.00594420
26574, 0.00594440
26575, 0.00594460
26576, 0.00594480
26577, 0.00594500
26578, 0.00594520
26579, 0.00594540
26580, 0.00594560
26581, 0.00594590
26582, 0.00594610
26583, 0.00594630
26584, 0.00594650
26585, 0.00594670
26586, 0.00594690
26587, 0.00594710
26588, 0.00594730
26589, 0.00594750
26590, 0.00594770
26591, 0.00594790
26592, 0.00594810
26593, 0.00594830
26594, 0.00594850
26595, 0.00594870
26596, 0.00594890
26597, 0.00594910
26598, 0.00594930
26599, 0.00594950
26600, 0.00594970
26601, 0.00594990
26602, 0.00595020
26603, 0.00595040
26604, 0.00595060
26605, 0.00595080
26606, 0.00595100
26607, 0.00595120
26608, 0.00595140
26609, 0.00595160
26610, 0.00595180
26611, 0.00595200
26612, 0.00595220
26613, 0.00595240
26614, 0.00595260
26615, 0.00595280
26616, 0.00595450
26617, 0.00595470
26618, 0.00595490
26619, 0.00595510
26620, 0.00595540
26621, 0.00595560
26622, 0.00595590
26623, 0.00595610
26624, 0.00595630
26625, 0.00595650
26626, 0.00595670
26627, 0.00595690
26628, 0.00595720
26629, 0.00595740
26630, 0.00595770
26631, 0.00595790
26632, 0.00595810
26633, 0.00595830
26634, 0.00595860
26635, 0.00595880
26636, 0.00595900
26637, 0.00595920
26638, 0.00595940
26639, 0.00595960
26640, 0.00595980
26641, 0.00596000
26642, 0.00596020
26643, 0.00596040
26644, 0.00596060
26645, 0.00596080
26646, 0.00596100
26647, 0.00596120
26648, 0.00596140
26649, 0.00596160
26650, 0.00596180
26651, 0.00596200
26652, 0.00596230
26653, 0.00596250
26654, 0.00596270
26655, 0.00596290
26656, 0.00596310
26657, 0.00596330
26658, 0.00596350
26659, 0.00596370
26660, 0.00596390
26661, 0.00596410
26662, 0.00596430
26663, 0.00596450
26664, 0.00596470
26665, 0.00596490
26666, 0.00596510
26667, 0.00596530
26668, 0.00596550
26669, 0.00596570
26670, 0.00596590
26671, 0.00596610
26672, 0.00596630
26673, 0.00596660
26674, 0.00596680
26675, 0.00596700
26676, 0.00596720
26677, 0.00596740
26678, 0.00596760
26679, 0.00596780
26680, 0.00596800
26681, 0.00596820
26682, 0.00596840
26683, 0.00596860
26684, 0.00596880
26685, 0.00596900
26686, 0.00596920
26687, 0.00596940
26688, 0.00596960
26689, 0.00596980
26690, 0.00597000
26691, 0.00597020
26692, 0.00597040
26693, 0.00597070
26694, 0.00597090
26695, 0.00597110
26696, 0.00597130
26697, 0.00597150
26698, 0.00597170
26699, 0.00597190
26700, 0.00597210
26701, 0.00597230
26702, 0.00597250
26703, 0.00597270
26704, 0.00597290
26705, 0.00597310
26706, 0.00597330
26707, 0.00597350
26708, 0.00597370
26709, 0.00597390
26710, 0.00597410
26711, 0.00597430
26712, 0.00597460
26713, 0.00597480
26714, 0.00597500
26715, 0.00597520
26716, 0.00597540
26717, 0.00597560
26718, 0.00597580
26719, 0.00597600
26720, 0.00597620
26721, 0.00597640
26722, 0.00597660
26723, 0.00597680
26724, 0.00597700
26725, 0.00597720
26726, 0.00597740
26727, 0.00597760
26728, 0.00597780
26729, 0.00597810
26730, 0.00597830
26731, 0.00597850
26732, 0.00597870
26733, 0.00597890
26734, 0.00597910
26735, 0.00597930
26736, 0.00597950
26737, 0.00597970
26738, 0.00597990
26739, 0.00598010
26740, 0.00598030
26741, 0.00598050
26742, 0.00598070
26743, 0.00598090
26744, 0.00598260
26745, 0.00598280
26746, 0.00598300
26747, 0.00598320
26748, 0.00598340
26749, 0.00598370
26750, 0.00598390
26751, 0.00598410
26752, 0.00598430
26753, 0.00598450
26754, 0.00598470
26755, 0.00598490
26756, 0.00598510
26757, 0.00598530
26758, 0.00598550
26759, 0.00598570
26760, 0.00598590
26761, 0.00598610
26762, 0.00598630
26763, 0.00598650
26764, 0.00598670
26765, 0.00598690
26766, 0.00598710
26767, 0.00598730
26768, 0.00598760
26769, 0.00598780
26770, 0.00598800
26771, 0.00598820
26772, 0.00598840
26773, 0.00598860
26774, 0.00598880
26775, 0.00598900
26776, 0.00598920
26777, 0.00598940
26778, 0.00598960
26779, 0.00598980
26780, 0.00599000
26781, 0.00599020
26782, 0.00599040
26783, 0.00599060
26784, 0.00599080
26785, 0.00599100
26786, 0.00599120
26787, 0.00599140
26788, 0.00599170
26789, 0.00599190
26790, 0.00599210
26791, 0.00599230
26792, 0.00599250
26793, 0.00599270
26794, 0.00599290
26795, 0.00599310
26796, 0.00599330
26797, 0.00599350
26798, 0.00599370
26799, 0.00599390
26800, 0.00599410
26801, 0.00599430
26802, 0.00599450
26803, 0.00599480
26804, 0.00599500
26805, 0.00599520
26806, 0.00599540
26807, 0.00599560
26808, 0.00599580
26809, 0.00599600
26810, 0.00599620
26811, 0.00599640
26812, 0.00599660
26813, 0.00599680
26814, 0.00599700
26815, 0.00599720
26816, 0.00599740
26817, 0.00599760
26818, 0.00599780
26819, 0.00599800
26820, 0.00599820
26821, 0.00599840
26822, 0.00599860
26823, 0.00599890
26824, 0.00599910
26825, 0.00599930
26826, 0.00599950
26827, 0.00599970
26828, 0.00599990
26829, 0.00600010
26830, 0.00600030
26831, 0.00600050
26832, 0.00600070
26833, 0.00600090
26834, 0.00600110
26835, 0.00600130
26836, 0.00600150
26837, 0.00600170
26838, 0.00600190
26839, 0.00600210
26840, 0.00600230
26841, 0.00600250
26842, 0.00600270
26843, 0.00600290
26844, 0.00600320
26845, 0.00600340
26846, 0.00600360
26847, 0.00600380
26848, 0.00600400
26849, 0.00600420
26850, 0.00600440
26851, 0.00600460
26852, 0.00600480
26853, 0.00600500
26854, 0.00600520
26855, 0.00600540
26856, 0.00600560
26857, 0.00600580
26858, 0.00600600
26859, 0.00600620
26860, 0.00600640
26861, 0.00600660
26862, 0.00600680
26863, 0.00600700
26864, 0.00600720
26865, 0.00600750
26866, 0.00600770
26867, 0.00600790
26868, 0.00600810
26869, 0.00600830
26870, 0.00600850
26871, 0.00600870
26872, 0.00601050
26873, 0.00601070
26874, 0.00601100
26875, 0.00601120
26876, 0.00601150
26877, 0.00601170
26878, 0.00601190
26879, 0.00601210
26880, 0.00601230
26881, 0.00601250
26882, 0.00601270
26883, 0.00601290
26884, 0.00601310
26885, 0.00601330
26886, 0.00601350
26887, 0.00601370
26888, 0.00601390
26889, 0.00601410
26890, 0.00601430
26891, 0.00601450
26892, 0.00601470
26893, 0.00601500
26894, 0.00601520
26895, 0.00601540
26896, 0.00601560
26897, 0.00601580
26898, 0.00601600
26899, 0.00601620
26900, 0.00601640
26901, 0.00601660
26902, 0.00601680
26903, 0.00601700
26904, 0.00601720
26905, 0.00601740
26906, 0.00601760
26907, 0.00601780
26908, 0.00601800
26909, 0.00601820
26910, 0.00601840
26911, 0.00601860
26912, 0.00601880
26913, 0.00601910
26914, 0.00601930
26915, 0.00601950
26916, 0.00601970
26917, 0.00601990
26918, 0.00602010
26919, 0.00602030
26920, 0.00602050
26921, 0.00602070
26922, 0.00602090
26923, 0.00602110
26924, 0.00602130
26925, 0.00602150
26926, 0.00602170
26927, 0.00602190
26928, 0.00602210
26929, 0.00602230
26930, 0.00602250
26931, 0.00602270
26932, 0.00602290
26933, 0.00602310
26934, 0.00602340
26935, 0.00602360
26936, 0.00602380
26937, 0.00602400
26938, 0.00602420
26939, 0.00602440
26940, 0.00602460
26941, 0.00602480
26942, 0.00602500
26943, 0.00602520
26944, 0.00602540
26945, 0.00602560
26946, 0.00602580
26947, 0.00602610
26948, 0.00602630
26949, 0.00602650
26950, 0.00602670
26951, 0.00602690
26952, 0.00602710
26953, 0.00602730
26954, 0.00602750
26955, 0.00602770
26956, 0.00602790
26957, 0.00602810
26958, 0.00602830
26959, 0.00602850
26960, 0.00602870
26961, 0.00602890
26962, 0.00602910
26963, 0.00602930
26964, 0.00602950
26965, 0.00602980
26966, 0.00603000
26967, 0.00603020
26968, 0.00603040
26969, 0.00603060
26970, 0.00603080
26971, 0.00603100
26972, 0.00603120
26973, 0.00603140
26974, 0.00603160
26975, 0.00603180
26976, 0.00603200
26977, 0.00603220
26978, 0.00603240
26979, 0.00603260
26980, 0.00603280
26981, 0.00603300
26982, 0.00603320
26983, 0.00603340
26984, 0.00603360
26985, 0.00603380
26986, 0.00603400
26987, 0.00603420
26988, 0.00603440
26989, 0.00603470
26990, 0.00603490
26991, 0.00603510
26992, 0.00603530
26993, 0.00603550
26994, 0.00603570
26995, 0.00603590
26996, 0.00603610
26997, 0.00603630
26998, 0.00603650
26999, 0.00603670
27000, 0.00604180
27001, 0.00604210
27002, 0.00604230
27003, 0.00604250
27004, 0.00604270
27005, 0.00604290
27006, 0.00604310
27007, 0.00604330
27008, 0.00604350
27009, 0.00604370
27010, 0.00604390
27011, 0.00604410
27012, 0.00604430
27013, 0.00604450
27014, 0.00604470
27015, 0.00604490
27016, 0.00604510
27017, 0.00604530
27018, 0.00604550
27019, 0.00604580
27020, 0.00604600
27021, 0.00604620
27022, 0.00604640
27023, 0.00604660
27024, 0.00604680
27025, 0.00604700
27026, 0.00604720
27027, 0.00604740
27028, 0.00604760
27029, 0.00604780
27030, 0.00604800
27031, 0.00604820
27032, 0.00604840
27033, 0.00604860
27034, 0.00604880
27035, 0.00604900
27036, 0.00604920
27037, 0.00604940
27038, 0.00604960
27039, 0.00604980
27040, 0.00605000
27041, 0.00605020
27042, 0.00605050
27043, 0.00605070
27044, 0.00605090
27045, 0.00605110
27046, 0.00605130
27047, 0.00605150
27048, 0.00605170
27049, 0.00605190
27050, 0.00605210
27051, 0.00605230
27052, 0.00605250
27053, 0.00605270
27054, 0.00605290
27055, 0.00605310
27056, 0.00605330
27057, 0.00605350
27058, 0.00605370
27059, 0.00605390
27060, 0.00605410
27061, 0.00605440
27062, 0.00605460
27063, 0.00605480
27064, 0.00605500
27065, 0.00605520
27066, 0.00605540
27067, 0.00605560
27068, 0.00605580
27069, 0.00605600
27070, 0.00605620
27071, 0.00605640
27072, 0.00605660
27073, 0.00605680
27074, 0.00605700
27075, 0.00605720
27076, 0.00605740
27077, 0.00605760
27078, 0.00605780
27079, 0.00605800
27080, 0.00605830
27081, 0.00605850
27082, 0.00605870
27083, 0.00605890
27084, 0.00605910
27085, 0.00605930
27086, 0.00605950
27087, 0.00605970
27088, 0.00605990
27089, 0.00606010
27090, 0.00606030
27091, 0.00606050
27092, 0.00606070
27093, 0.00606090
27094, 0.00606110
27095, 0.00606130
27096, 0.00606150
27097, 0.00606170
27098, 0.00606200
27099, 0.00606220
27100, 0.00606240
27101, 0.00606260
27102, 0.00606280
27103, 0.00606300
27104, 0.00606320
27105, 0.00606340
27106, 0.00606360
27107, 0.00606380
27108, 0.00606400
27109, 0.00606420
27110, 0.00606440
27111, 0.00606460
27112, 0.00606480
27113, 0.00606500
27114, 0.00606520
27115, 0.00606540
27116, 0.00606560
27117, 0.00606580
27118, 0.00606600
27119, 0.00606630
27120, 0.00606650
27121, 0.00606670
27122, 0.00606690
27123, 0.00606710
27124, 0.00606730
27125, 0.00606750
27126, 0.00606800
27127, 0.00606820
27128, 0.00606840
27129, 0.00606860
27130, 0.00606880
27131, 0.00606900
27132, 0.00606920
27133, 0.00606940
27134, 0.00606970
27135, 0.00606990
27136, 0.00607010
27137, 0.00607030
27138, 0.00607060
27139, 0.00607080
27140, 0.00607110
27141, 0.00607130
27142, 0.00607150
27143, 0.00607170
27144, 0.00607190
27145, 0.00607210
27146, 0.00607230
27147, 0.00607250
27148, 0.00607270
27149, 0.00607300
27150, 0.00607320
27151, 0.00607340
27152, 0.00607360
27153, 0.00607380
27154, 0.00607400
27155, 0.00607420
27156, 0.00607440
27157, 0.00607460
27158, 0.00607480
27159, 0.00607500
27160, 0.00607520
27161, 0.00607540
27162, 0.00607560
27163, 0.00607580
27164, 0.00607600
27165, 0.00607620
27166, 0.00607640
27167, 0.00607660
27168, 0.00607680
27169, 0.00607700
27170, 0.00607730
27171, 0.00607750
27172, 0.00607770
27173, 0.00607790
27174, 0.00607810
27175, 0.00607830
27176, 0.00607850
27177, 0.00607870
27178, 0.00607890
27179, 0.00607910
27180, 0.00607930
27181, 0.00607950
27182, 0.00607970
27183, 0.00607990
27184, 0.00608010
27185, 0.00608030
27186, 0.00608050
27187, 0.00608070
27188, 0.00608090
27189, 0.00608110
27190, 0.00608130
27191, 0.00608150
27192, 0.00608180
27193, 0.00608200
27194, 0.00608220
27195, 0.00608240
27196, 0.00608260
27197, 0.00608280
27198, 0.00608300
27199, 0.00608320
27200, 0.00608340
27201, 0.00608360
27202, 0.00608380
27203, 0.00608400
27204, 0.00608420
27205, 0.00608440
27206, 0.00608460
27207, 0.00608480
27208, 0.00608500
27209, 0.00608520
27210, 0.00608540
27211, 0.00608560
27212, 0.00608590
27213, 0.00608610
27214, 0.00608630
27215, 0.00608650
27216, 0.00608670
27217, 0.00608690
27218, 0.00608710
27219, 0.00608730
27220, 0.00608750
27221, 0.00608770
27222, 0.00608790
27223, 0.00608810
27224, 0.00608830
27225, 0.00608850
27226, 0.00608870
27227, 0.00608890
27228, 0.00608920
27229, 0.00608940
27230, 0.00608960
27231, 0.00608980
27232, 0.00609000
27233, 0.00609020
27234, 0.00609040
27235, 0.00609060
27236, 0.00609080
27237, 0.00609100
27238, 0.00609120
27239, 0.00609140
27240, 0.00609160
27241, 0.00609180
27242, 0.00609200
27243, 0.00609220
27244, 0.00609250
27245, 0.00609270
27246, 0.00609290
27247, 0.00609310
27248, 0.00609330
27249, 0.00609350
27250, 0.00609370
27251, 0.00609390
27252, 0.00609410
27253, 0.00609430
27254, 0.00609460
27255, 0.00609480
27256, 0.00609500
27257, 0.00609520
27258, 0.00609550
27259, 0.00609570
27260, 0.00609590
27261, 0.00609610
27262, 0.00609630
27263, 0.00609650
27264, 0.00609680
27265, 0.00609700
27266, 0.00609730
27267, 0.00609750
27268, 0.00609770
27269, 0.00609800
27270, 0.00609820
27271, 0.00609840
27272, 0.00609860
27273, 0.00609880
27274, 0.00609900
27275, 0.00609920
27276, 0.00609940
27277, 0.00609960
27278, 0.00609980
27279, 0.00610000
27280, 0.00610030
27281, 0.00610050
27282, 0.00610070
27283, 0.00610090
27284, 0.00610110
27285, 0.00610130
27286, 0.00610150
27287, 0.00610170
27288, 0.00610190
27289, 0.00610210
27290, 0.00610230
27291, 0.00610250
27292, 0.00610270
27293, 0.00610290
27294, 0.00610310
27295, 0.00610330
27296, 0.00610350
27297, 0.00610370
27298, 0.00610390
27299, 0.00610410
27300, 0.00610430
27301, 0.00610450
27302, 0.00610470
27303, 0.00610500
27304, 0.00610520
27305, 0.00610540
27306, 0.00610560
27307, 0.00610580
27308, 0.00610600
27309, 0.00610620
27310, 0.00610640
27311, 0.00610660
27312, 0.00610680
27313, 0.00610700
27314, 0.00610720
27315, 0.00610740
27316, 0.00610760
27317, 0.00610780
27318, 0.00610800
27319, 0.00610820
27320, 0.00610840
27321, 0.00610860
27322, 0.00610880
27323, 0.00610910
27324, 0.00610930
27325, 0.00610950
27326, 0.00610970
27327, 0.00610990
27328, 0.00611010
27329, 0.00611030
27330, 0.00611050
27331, 0.00611070
27332, 0.00611090
27333, 0.00611110
27334, 0.00611130
27335, 0.00611150
27336, 0.00611170
27337, 0.00611190
27338, 0.00611210
27339, 0.00611230
27340, 0.00611250
27341, 0.00611270
27342, 0.00611290
27343, 0.00611310
27344, 0.00611330
27345, 0.00611360
27346, 0.00611380
27347, 0.00611400
27348, 0.00611420
27349, 0.00611440
27350, 0.00611460
27351, 0.00611480
27352, 0.00611500
27353, 0.00611520
27354, 0.00611540
27355, 0.00611560
27356, 0.00611580
27357, 0.00611600
27358, 0.00611620
27359, 0.00611640
27360, 0.00611660
27361, 0.00611680
27362, 0.00611700
27363, 0.00611720
27364, 0.00611740
27365, 0.00611770
27366, 0.00611790
27367, 0.00611810
27368, 0.00611830
27369, 0.00611850
27370, 0.00611870
27371, 0.00611890
27372, 0.00611910
27373, 0.00611930
27374, 0.00611950
27375, 0.00611970
27376, 0.00611990
27377, 0.00612010
27378, 0.00612030
27379, 0.00612060
27380, 0.00612080
27381, 0.00612100
27382, 0.00612130
27383, 0.00612150
27384, 0.00612170
27385, 0.00612190
27386, 0.00612210
27387, 0.00612230
27388, 0.00612250
27389, 0.00612270
27390, 0.00612960
27391, 0.00613010
27392, 0.00613060
27393, 0.00613100
27394, 0.00613140
27395, 0.00613180
27396, 0.00613220
27397, 0.00613250
27398, 0.00613290
27399, 0.00613330
27400, 0.00613370
27401, 0.00613410
27402, 0.00613450
27403, 0.00613490
27404, 0.00613530
27405, 0.00613570
27406, 0.00613610
27407, 0.00613650
27408, 0.00613680
27409, 0.00613720
27410, 0.00613760
27411, 0.00613800
27412, 0.00613840
27413, 0.00613870
27414, 0.00613910
27415, 0.00613950
27416, 0.00613990
27417, 0.00614030
27418, 0.00614070
27419, 0.00614110
27420, 0.00614140
27421, 0.00614180
27422, 0.00614210
27423, 0.00614230
27424, 0.00614250
27425, 0.00614270
27426, 0.00614300
27427, 0.00614320
27428, 0.00614340
27429, 0.00614360
27430, 0.00614380
27431, 0.00614400
27432, 0.00614420
27433, 0.00614440
27434, 0.00614460
27435, 0.00614480
27436, 0.00614500
27437, 0.00614520
27438, 0.00614540
27439, 0.00614560
27440, 0.00614580
27441, 0.00614600
27442, 0.00614620
27443, 0.00614640
27444, 0.00614660
27445, 0.00614690
27446, 0.00614710
27447, 0.00614730
27448, 0.00614750
27449, 0.00614770
27450, 0.00614790
27451, 0.00614810
27452, 0.00614830
27453, 0.00614850
27454, 0.00614870
27455, 0.00614890
27456, 0.00614910
27457, 0.00614930
27458, 0.00614950
27459, 0.00614970
27460, 0.00614990
27461, 0.00615010
27462, 0.00615030
27463, 0.00615060
27464, 0.00615080
27465, 0.00615100
27466, 0.00615120
27467, 0.00615140
27468, 0.00615160
27469, 0.00615180
27470, 0.00615200
27471, 0.00615220
27472, 0.00615240
27473, 0.00615260
27474, 0.00615280
27475, 0.00615300
27476, 0.00615320
27477, 0.00615340
27478, 0.00615360
27479, 0.00615380
27480, 0.00615400
27481, 0.00615420
27482, 0.00615440
27483, 0.00615460
27484, 0.00615490
27485, 0.00615510
27486, 0.00615530
27487, 0.00615550
27488, 0.00615570
27489, 0.00615590
27490, 0.00615610
27491, 0.00615630
27492, 0.00615650
27493, 0.00615670
27494, 0.00615690
27495, 0.00615710
27496, 0.00615730
27497, 0.00615750
27498, 0.00615770
27499, 0.00615790
27500, 0.00615810
27501, 0.00615830
27502, 0.00615850
27503, 0.00615880
27504, 0.00615900
27505, 0.00615920
27506, 0.00615940
27507, 0.00615960
27508, 0.00615980
27509, 0.00616000
27510, 0.00616030
27511, 0.00616050
27512, 0.00616080
27513, 0.00616100
27514, 0.00616120
27515, 0.00616140
27516, 0.00616160
27517, 0.00616180
27518, 0.00616200
27519, 0.00616220
27520, 0.00616250
27521, 0.00616270
27522, 0.00616290
27523, 0.00616310
27524, 0.00616330
27525, 0.00616350
27526, 0.00616370
27527, 0.00616390
27528, 0.00616410
27529, 0.00616430
27530, 0.00616450
27531, 0.00616470
27532, 0.00616490
27533, 0.00616510
27534, 0.00616530
27535, 0.00616550
27536, 0.00616570
27537, 0.00616590
27538, 0.00616610
27539, 0.00616630
27540, 0.00616650
27541, 0.00616670
27542, 0.00616700
27543, 0.00616720
27544, 0.00616740
27545, 0.00616760
27546, 0.00616780
27547, 0.00616800
27548, 0.00616820
27549, 0.00616840
27550, 0.00616860
27551, 0.00616880
27552, 0.00616900
27553, 0.00616920
27554, 0.00616940
27555, 0.00616960
27556, 0.00616980
27557, 0.00617000
27558, 0.00617020
27559, 0.00617040
27560, 0.00617070
27561, 0.00617090
27562, 0.00617110
27563, 0.00617130
27564, 0.00617150
27565, 0.00617170
27566, 0.00617190
27567, 0.00617210
27568, 0.00617230
27569, 0.00617250
27570, 0.00617270
27571, 0.00617290
27572, 0.00617310
27573, 0.00617330
27574, 0.00617360
27575, 0.00617380
27576, 0.00617400
27577, 0.00617420
27578, 0.00617440
27579, 0.00617460
27580, 0.00617480
27581, 0.00617500
27582, 0.00617520
27583, 0.00617540
27584, 0.00617560
27585, 0.00617580
27586, 0.00617600
27587, 0.00617620
27588, 0.00617640
27589, 0.00617660
27590, 0.00617680
27591, 0.00617700
27592, 0.00617730
27593, 0.00617750
27594, 0.00617770
27595, 0.00617790
27596, 0.00617810
27597, 0.00617830
27598, 0.00617850
27599, 0.00617870
27600, 0.00617890
27601, 0.00617910
27602, 0.00617930
27603, 0.00617950
27604, 0.00617970
27605, 0.00617990
27606, 0.00618010
27607, 0.00618030
27608, 0.00618050
27609, 0.00618070
27610, 0.00618090
27611, 0.00618110
27612, 0.00618140
27613, 0.00618160
27614, 0.00618180
27615, 0.00618200
27616, 0.00618220
27617, 0.00618240
27618, 0.00618260
27619, 0.00618280
27620, 0.00618300
27621, 0.00618320
27622, 0.00618340
27623, 0.00618360
27624, 0.00618380
27625, 0.00618400
27626, 0.00618420
27627, 0.00618440
27628, 0.00618470
27629, 0.00618490
27630, 0.00618510
27631, 0.00618530
27632, 0.00618550
27633, 0.00618570
27634, 0.00618590
27635, 0.00618610
27636, 0.00618640
27637, 0.00618660
27638, 0.00618680
27639, 0.00618700
27640, 0.00618730
27641, 0.00618750
27642, 0.00618770
27643, 0.00618790
27644, 0.00618810
27645, 0.00618830
27646, 0.00618860
27647, 0.00618880
27648, 0.00618910
27649, 0.00618930
27650, 0.00618950
27651, 0.00618980
27652, 0.00619000
27653, 0.00619020
27654, 0.00619040
27655, 0.00619060
27656, 0.00619080
27657, 0.00619100
27658, 0.00619120
27659, 0.00619140
27660, 0.00619160
27661, 0.00619190
27662, 0.00619210
27663, 0.00619230
27664, 0.00619250
27665, 0.00619270
27666, 0.00619290
27667, 0.00619310
27668, 0.00619330
27669, 0.00619350
27670, 0.00619370
27671, 0.00619390
27672, 0.00619410
27673, 0.00619430
27674, 0.00619450
27675, 0.00619470
27676, 0.00619490
27677, 0.00619510
27678, 0.00619530
27679, 0.00619550
27680, 0.00619580
27681, 0.00619600
27682, 0.00619620
27683, 0.00619640
27684, 0.00619660
27685, 0.00619680
27686, 0.00619700
27687, 0.00619720
27688, 0.00619740
27689, 0.00619760
27690, 0.00619780
27691, 0.00619800
27692, 0.00619820
27693, 0.00619840
27694, 0.00619860
27695, 0.00619880
27696, 0.00619900
27697, 0.00619930
27698, 0.00619950
27699, 0.00619970
27700, 0.00619990
27701, 0.00620010
27702, 0.00620030
27703, 0.00620050
27704, 0.00620070
27705, 0.00620090
27706, 0.00620110
27707, 0.00620130
27708, 0.00620150
27709, 0.00620170
27710, 0.00620190
27711, 0.00620210
27712, 0.00620230
27713, 0.00620250
27714, 0.00620270
27715, 0.00620290
27716, 0.00620320
27717, 0.00620340
27718, 0.00620360
27719, 0.00620380
27720, 0.00620400
27721, 0.00620420
27722, 0.00620440
27723, 0.00620460
27724, 0.00620480
27725, 0.00620500
27726, 0.00620520
27727, 0.00620540
27728, 0.00620560
27729, 0.00620580
27730, 0.00620600
27731, 0.00620620
27732, 0.00620640
27733, 0.00620660
27734, 0.00620680
27735, 0.00620710
27736, 0.00620730
27737, 0.00620750
27738, 0.00620770
27739, 0.00620790
27740, 0.00620810
27741, 0.00620830
27742, 0.00620850
27743, 0.00620870
27744, 0.00620890
27745, 0.00620910
27746, 0.00620930
27747, 0.00620950
27748, 0.00620970
27749, 0.00620990
27750, 0.00621020
27751, 0.00621040
27752, 0.00621060
27753, 0.00621080
27754, 0.00621100
27755, 0.00621120
27756, 0.00621140
27757, 0.00621160
27758, 0.00621180
27759, 0.00621200
27760, 0.00621220
27761, 0.00621240
27762, 0.00621260
27763, 0.00621280
27764, 0.00621310
27765, 0.00621330
27766, 0.00621350
27767, 0.00621380
27768, 0.00621400
27769, 0.00621420
27770, 0.00621440
27771, 0.00621460
27772, 0.00621480
27773, 0.00621500
27774, 0.00621530
27775, 0.00621550
27776, 0.00621580
27777, 0.00621600
27778, 0.00621640
27779, 0.00621660
27780, 0.00621690
27781, 0.00621710
27782, 0.00621730
27783, 0.00621750
27784, 0.00621770
27785, 0.00621790
27786, 0.00621810
27787, 0.00621830
27788, 0.00621850
27789, 0.00621870
27790, 0.00621900
27791, 0.00621920
27792, 0.00621940
27793, 0.00621960
27794, 0.00621980
27795, 0.00622000
27796, 0.00622020
27797, 0.00622040
27798, 0.00622060
27799, 0.00622080
27800, 0.00622100
27801, 0.00622120
27802, 0.00622140
27803, 0.00622160
27804, 0.00622180
27805, 0.00622200
27806, 0.00622220
27807, 0.00622240
27808, 0.00622260
27809, 0.00622280
27810, 0.00622300
27811, 0.00622320
27812, 0.00622340
27813, 0.00622370
27814, 0.00622390
27815, 0.00622410
27816, 0.00622430
27817, 0.00622450
27818, 0.00622470
27819, 0.00622490
27820, 0.00622510
27821, 0.00622530
27822, 0.00622550
27823, 0.00622570
27824, 0.00622590
27825, 0.00622610
27826, 0.00622630
27827, 0.00622650
27828, 0.00622670
27829, 0.00622690
27830, 0.00622710
27831, 0.00622740
27832, 0.00622760
27833, 0.00622780
27834, 0.00622800
27835, 0.00622820
27836, 0.00622840
27837, 0.00622860
27838, 0.00622880
27839, 0.00622900
27840, 0.00622920
27841, 0.00622940
27842, 0.00622960
27843, 0.00622980
27844, 0.00623000
27845, 0.00623020
27846, 0.00623040
27847, 0.00623060
27848, 0.00623080
27849, 0.00623100
27850, 0.00623130
27851, 0.00623150
27852, 0.00623170
27853, 0.00623190
27854, 0.00623210
27855, 0.00623230
27856, 0.00623250
27857, 0.00623270
27858, 0.00623290
27859, 0.00623310
27860, 0.00623330
27861, 0.00623350
27862, 0.00623370
27863, 0.00623390
27864, 0.00623410
27865, 0.00623430
27866, 0.00623450
27867, 0.00623470
27868, 0.00623500
27869, 0.00623520
27870, 0.00623540
27871, 0.00623560
27872, 0.00623580
27873, 0.00623600
27874, 0.00623620
27875, 0.00623640
27876, 0.00623660
27877, 0.00623680
27878, 0.00623700
27879, 0.00623720
27880, 0.00623740
27881, 0.00623760
27882, 0.00623780
27883, 0.00623800
27884, 0.00623820
27885, 0.00623840
27886, 0.00623860
27887, 0.00623880
27888, 0.00623910
27889, 0.00623930
27890, 0.00623950
27891, 0.00623970
27892, 0.00624000
27893, 0.00624020
27894, 0.00624040
27895, 0.00624060
27896, 0.00624080
27897, 0.00624100
27898, 0.00624120
27899, 0.00624140
27900, 0.00624160
27901, 0.00624180
27902, 0.00624210
27903, 0.00624230
27904, 0.00624260
27905, 0.00624280
27906, 0.00624300
27907, 0.00624320
27908, 0.00624360
27909, 0.00624380
27910, 0.00624400
27911, 0.00624420
27912, 0.00624440
27913, 0.00624460
27914, 0.00624480
27915, 0.00624500
27916, 0.00624520
27917, 0.00624540
27918, 0.00624560
27919, 0.00624580
27920, 0.00624600
27921, 0.00624620
27922, 0.00624640
27923, 0.00624660
27924, 0.00624680
27925, 0.00624710
27926, 0.00624730
27927, 0.00624750
27928, 0.00624770
27929, 0.00624790
27930, 0.00624810
27931, 0.00624830
27932, 0.00624850
27933, 0.00624870
27934, 0.00624890
27935, 0.00624910
27936, 0.00624930
27937, 0.00624950
27938, 0.00624970
27939, 0.00624990
27940, 0.00625010
27941, 0.00625030
27942, 0.00625050
27943, 0.00625070
27944, 0.00625100
27945, 0.00625120
27946, 0.00625140
27947, 0.00625160
27948, 0.00625180
27949, 0.00625200
27950, 0.00625220
27951, 0.00625240
27952, 0.00625260
27953, 0.00625280
27954, 0.00625300
27955, 0.00625320
27956, 0.00625340
27957, 0.00625360
27958, 0.00625380
27959, 0.00625400
27960, 0.00625420
27961, 0.00625440
27962, 0.00625460
27963, 0.00625480
27964, 0.00625500
27965, 0.00625530
27966, 0.00625550
27967, 0.00625570
27968, 0.00625590
27969, 0.00625610
27970, 0.00625630
27971, 0.00625650
27972, 0.00625670
27973, 0.00625690
27974, 0.00625710
27975, 0.00625730
27976, 0.00625750
27977, 0.00625770
27978, 0.00625790
27979, 0.00625810
27980, 0.00625830
27981, 0.00625850
27982, 0.00625870
27983, 0.00625890
27984, 0.00625910
27985, 0.00625930
27986, 0.00625960
27987, 0.00625980
27988, 0.00626000
27989, 0.00626020
27990, 0.00626040
27991, 0.00626060
27992, 0.00626080
27993, 0.00626100
27994, 0.00626120
27995, 0.00626140
27996, 0.00626160
27997, 0.00626180
27998, 0.00626200
27999, 0.00626220
28000, 0.00626240
28001, 0.00626260
28002, 0.00626280
28003, 0.00626300
28004, 0.00626320
28005, 0.00626340
28006, 0.00626360
28007, 0.00626390
28008, 0.00626410
28009, 0.00626430
28010, 0.00626450
28011, 0.00626470
28012, 0.00626490
28013, 0.00626510
28014, 0.00626530
28015, 0.00626550
28016, 0.00626570
28017, 0.00626590
28018, 0.00626610
28019, 0.00626630
28020, 0.00626670
28021, 0.00626690
28022, 0.00626710
28023, 0.00626740
28024, 0.00626760
28025, 0.00626780
28026, 0.00626800
28027, 0.00626820
28028, 0.00626840
28029, 0.00626860
28030, 0.00626890
28031, 0.00626910
28032, 0.00626940
28033, 0.00626960
28034, 0.00626980
28035, 0.00627000
28036, 0.00627030
28037, 0.00627050
28038, 0.00627070
28039, 0.00627090
28040, 0.00627110
28041, 0.00627140
28042, 0.00627160
28043, 0.00627180
28044, 0.00627200
28045, 0.00627220
28046, 0.00627240
28047, 0.00627260
28048, 0.00627280
28049, 0.00627300
28050, 0.00627320
28051, 0.00627340
28052, 0.00627360
28053, 0.00627380
28054, 0.00627400
28055, 0.00627420
28056, 0.00627440
28057, 0.00627460
28058, 0.00627480
28059, 0.00627500
28060, 0.00627520
28061, 0.00627550
28062, 0.00627570
28063, 0.00627590
28064, 0.00627610
28065, 0.00627630
28066, 0.00627650
28067, 0.00627670
28068, 0.00627690
28069, 0.00627710
28070, 0.00627730
28071, 0.00627750
28072, 0.00627770
28073, 0.00627790
28074, 0.00627810
28075, 0.00627830
28076, 0.00627850
28077, 0.00627870
28078, 0.00627890
28079, 0.00627920
28080, 0.00627940
28081, 0.00627960
28082, 0.00627980
28083, 0.00628000
28084, 0.00628020
28085, 0.00628040
28086, 0.00628060
28087, 0.00628090
28088, 0.00628110
28089, 0.00628130
28090, 0.00628160
28091, 0.00628180
28092, 0.00628200
28093, 0.00628220
28094, 0.00628240
28095, 0.00628260
28096, 0.00628280
28097, 0.00628300
28098, 0.00628330
28099, 0.00628350
28100, 0.00628370
28101, 0.00628390
28102, 0.00628410
28103, 0.00628430
28104, 0.00628450
28105, 0.00628470
28106, 0.00628490
28107, 0.00628510
28108, 0.00628530
28109, 0.00628550
28110, 0.00628570
28111, 0.00628590
28112, 0.00628610
28113, 0.00628630
28114, 0.00628650
28115, 0.00628680
28116, 0.00628700
28117, 0.00628720
28118, 0.00628740
28119, 0.00628760
28120, 0.00628780
28121, 0.00628800
28122, 0.00628820
28123, 0.00628840
28124, 0.00628860
28125, 0.00628880
28126, 0.00628900
28127, 0.00628920
28128, 0.00628940
28129, 0.00628960
28130, 0.00628980
28131, 0.00629000
28132, 0.00629020
28133, 0.00629040
28134, 0.00629060
28135, 0.00629090
28136, 0.00629110
28137, 0.00629130
28138, 0.00629150
28139, 0.00629170
28140, 0.00629190
28141, 0.00629210
28142, 0.00629230
28143, 0.00629250
28144, 0.00629270
28145, 0.00629290
28146, 0.00629320
28147, 0.00629340
28148, 0.00629360
28149, 0.00629380
28150, 0.00629410
28151, 0.00629430
28152, 0.00629450
28153, 0.00629470
28154, 0.00629490
28155, 0.00629510
28156, 0.00629540
28157, 0.00629560
28158, 0.00629580
28159, 0.00629600
28160, 0.00629630
28161, 0.00629650
28162, 0.00629680
28163, 0.00629700
28164, 0.00629720
28165, 0.00629740
28166, 0.00629760
28167, 0.00629780
28168, 0.00629800
28169, 0.00629820
28170, 0.00629840
28171, 0.00629860
28172, 0.00629880
28173, 0.00629900
28174, 0.00629920
28175, 0.00629940
28176, 0.00629960
28177, 0.00629980
28178, 0.00630000
28179, 0.00630020
28180, 0.00630050
28181, 0.00630070
28182, 0.00630090
28183, 0.00630110
28184, 0.00630130
28185, 0.00630150
28186, 0.00630170
28187, 0.00630190
28188, 0.00630210
28189, 0.00630230
28190, 0.00630250
28191, 0.00630270
28192, 0.00630290
28193, 0.00630310
28194, 0.00630330
28195, 0.00630350
28196, 0.00630370
28197, 0.00630400
28198, 0.00630420
28199, 0.00630440
28200, 0.00630460
28201, 0.00630480
28202, 0.00630500
28203, 0.00630520
28204, 0.00630540
28205, 0.00630560
28206, 0.00630580
28207, 0.00630600
28208, 0.00630620
28209, 0.00630640
28210, 0.00630660
28211, 0.00630680
28212, 0.00630700
28213, 0.00630720
28214, 0.00630740
28215, 0.00630760
28216, 0.00630790
28217, 0.00630810
28218, 0.00630830
28219, 0.00630850
28220, 0.00630870
28221, 0.00630890
28222, 0.00630910
28223, 0.00630930
28224, 0.00630950
28225, 0.00630970
28226, 0.00630990
28227, 0.00631010
28228, 0.00631030
28229, 0.00631050
28230, 0.00631070
28231, 0.00631090
28232, 0.00631110
28233, 0.00631130
28234, 0.00631150
28235, 0.00631180
28236, 0.00631200
28237, 0.00631220
28238, 0.00631240
28239, 0.00631260
28240, 0.00631280
28241, 0.00631300
28242, 0.00631320
28243, 0.00631340
28244, 0.00631360
28245, 0.00631380
28246, 0.00631400
28247, 0.00631420
28248, 0.00631440
28249, 0.00631460
28250, 0.00631480
28251, 0.00631500
28252, 0.00631520
28253, 0.00631550
28254, 0.00631570
28255, 0.00631590
28256, 0.00631610
28257, 0.00631630
28258, 0.00631650
28259, 0.00631670
28260, 0.00631690
28261, 0.00631740
28262, 0.00631770
28263, 0.00631810
28264, 0.00631850
28265, 0.00631890
28266, 0.00631930
28267, 0.00631970
28268, 0.00632000
28269, 0.00632040
28270, 0.00632080
28271, 0.00632120
28272, 0.00632150
28273, 0.00632190
28274, 0.00632240
28275, 0.00632280
28276, 0.00632320
28277, 0.00632360
28278, 0.00632390
28279, 0.00632430
28280, 0.00632470
28281, 0.00632510
28282, 0.00632540
28283, 0.00632580
28284, 0.00632610
28285, 0.00632650
28286, 0.00632680
28287, 0.00632710
28288, 0.00632750
28289, 0.00632780
28290, 0.00632820
28291, 0.00632850
28292, 0.00632890
28293, 0.00632930
28294, 0.00632960
28295, 0.00632990
28296, 0.00633030
28297, 0.00633060
28298, 0.00633100
28299, 0.00633140
28300, 0.00633170
28301, 0.00633210
28302, 0.00633240
28303, 0.00633270
28304, 0.00633310
28305, 0.00633350
28306, 0.00633380
28307, 0.00633420
28308, 0.00633450
28309, 0.00633490
28310, 0.00633530
28311, 0.00633560
28312, 0.00633600
28313, 0.00633640
28314, 0.00633680
28315, 0.00633710
28316, 0.00633750
28317, 0.00633790
28318, 0.00633830
28319, 0.00633860
28320, 0.00633900
28321, 0.00633940
28322, 0.00633980
28323, 0.00634010
28324, 0.00634050
28325, 0.00634090
28326, 0.00634120
28327, 0.00634160
28328, 0.00634190
28329, 0.00634230
28330, 0.00634260
28331, 0.00634300
28332, 0.00634340
28333, 0.00634380
28334, 0.00634420
28335, 0.00634460
28336, 0.00634490
28337, 0.00634530
28338, 0.00634570
28339, 0.00634600
28340, 0.00634640
28341, 0.00634670
28342, 0.00634710
28343, 0.00634740
28344, 0.00634780
28345, 0.00634820
28346, 0.00634860
28347, 0.00634900
28348, 0.00634930
28349, 0.00634970
28350, 0.00635010
28351, 0.00635040
28352, 0.00635080
28353, 0.00635120
28354, 0.00635160
28355, 0.00635190
28356, 0.00635230
28357, 0.00635270
28358, 0.00635310
28359, 0.00635350
28360, 0.00635390
28361, 0.00635420
28362, 0.00635460
28363, 0.00635500
28364, 0.00635540
28365, 0.00635570
28366, 0.00635610
28367, 0.00635650
28368, 0.00635690
28369, 0.00635720
28370, 0.00635760
28371, 0.00635800
28372, 0.00635830
28373, 0.00635870
28374, 0.00635900
28375, 0.00635940
28376, 0.00635980
28377, 0.00636010
28378, 0.00636050
28379, 0.00636090
28380, 0.00636130
28381, 0.00636160
28382, 0.00636200
28383, 0.00636240
28384, 0.00636280
28385, 0.00636310
28386, 0.00636350
28387, 0.00636390
28388, 0.00636430
28389, 0.00636470
28390, 0.00636510
28391, 0.00636540
28392, 0.00636580
28393, 0.00636620
28394, 0.00636660
28395, 0.00636690
28396, 0.00636730
28397, 0.00636770
28398, 0.00636810
28399, 0.00636850
28400, 0.00636880
28401, 0.00636920
28402, 0.00636980
28403, 0.00637010
28404, 0.00637050
28405, 0.00637090
28406, 0.00637130
28407, 0.00637160
28408, 0.00637200
28409, 0.00637240
28410, 0.00637270
28411, 0.00637310
28412, 0.00637350
28413, 0.00637390
28414, 0.00637420
28415, 0.00637460
28416, 0.00637490
28417, 0.00637530
28418, 0.00637570
28419, 0.00637600
28420, 0.00637640
28421, 0.00637670
28422, 0.00637710
28423, 0.00637750
28424, 0.00637780
28425, 0.00637820
28426, 0.00637860
28427, 0.00637900
28428, 0.00637940
28429, 0.00637980
28430, 0.00638020
28431, 0.00638060
28432, 0.00638090
28433, 0.00638130
28434, 0.00638160
28435, 0.00638200
28436, 0.00638240
28437, 0.00638280
28438, 0.00638320
28439, 0.00638350
28440, 0.00638390
28441, 0.00638420
28442, 0.00638470
28443, 0.00638500
28444, 0.00638540
28445, 0.00638580
28446, 0.00638620
28447, 0.00638660
28448, 0.00638690
28449, 0.00638730
28450, 0.00638770
28451, 0.00638810
28452, 0.00638840
28453, 0.00638880
28454, 0.00638920
28455, 0.00638960
28456, 0.00638990
28457, 0.00639030
28458, 0.00639070
28459, 0.00639100
28460, 0.00639140
28461, 0.00639180
28462, 0.00639210
28463, 0.00639250
28464, 0.00639290
28465, 0.00639330
28466, 0.00639370
28467, 0.00639400
28468, 0.00639440
28469, 0.00639470
28470, 0.00639510
28471, 0.00639550
28472, 0.00639590
28473, 0.00639640
28474, 0.00639680
28475, 0.00639720
28476, 0.00639760
28477, 0.00639790
28478, 0.00639840
28479, 0.00639880
28480, 0.00639910
28481, 0.00639950
28482, 0.00639980
28483, 0.00640020
28484, 0.00640060
28485, 0.00640100
28486, 0.00640130
28487, 0.00640170
28488, 0.00640210
28489, 0.00640250
28490, 0.00640290
28491, 0.00640330
28492, 0.00640360
28493, 0.00640400
28494, 0.00640440
28495, 0.00640490
28496, 0.00640520
28497, 0.00640560
28498, 0.00640600
28499, 0.00640650
28500, 0.00640690
28501, 0.00640720
28502, 0.00640770
28503, 0.00640800
28504, 0.00640850
28505, 0.00640890
28506, 0.00640930
28507, 0.00640970
28508, 0.00641010
28509, 0.00641050
28510, 0.00641090
28511, 0.00641130
28512, 0.00641170
28513, 0.00641210
28514, 0.00641250
28515, 0.00641290
28516, 0.00641330
28517, 0.00641370
28518, 0.00641400
28519, 0.00641440
28520, 0.00641480
28521, 0.00641520
28522, 0.00641550
28523, 0.00641590
28524, 0.00641630
28525, 0.00641670
28526, 0.00641700
28527, 0.00641740
28528, 0.00641780
28529, 0.00641820
28530, 0.00641880
28531, 0.00641910
28532, 0.00641950
28533, 0.00641990
28534, 0.00642030
28535, 0.00642070
28536, 0.00642100
28537, 0.00642140
28538, 0.00642170
28539, 0.00642210
28540, 0.00642250
28541, 0.00642280
28542, 0.00642320
28543, 0.00642350
28544, 0.00642390
28545, 0.00642420
28546, 0.00642460
28547, 0.00642490
28548, 0.00642530
28549, 0.00642560
28550, 0.00642600
28551, 0.00642640
28552, 0.00642680
28553, 0.00642710
28554, 0.00642750
28555, 0.00642780
28556, 0.00642820
28557, 0.00642860
28558, 0.00642900
28559, 0.00642940
28560, 0.00642980
28561, 0.00643010
28562, 0.00643050
28563, 0.00643080
28564, 0.00643120
28565, 0.00643160
28566, 0.00643190
28567, 0.00643230
28568, 0.00643270
28569, 0.00643300
28570, 0.00643340
28571, 0.00643380
28572, 0.00643410
28573, 0.00643450
28574, 0.00643490
28575, 0.00643520
28576, 0.00643560
28577, 0.00643600
28578, 0.00643630
28579, 0.00643660
28580, 0.00643700
28581, 0.00643740
28582, 0.00643780
28583, 0.00643820
28584, 0.00643850
28585, 0.00643880
28586, 0.00643920
28587, 0.00643950
28588, 0.00643990
28589, 0.00644030
28590, 0.00644070
28591, 0.00644100
28592, 0.00644140
28593, 0.00644170
28594, 0.00644210
28595, 0.00644240
28596, 0.00644280
28597, 0.00644320
28598, 0.00644350
28599, 0.00644390
28600, 0.00644430
28601, 0.00644470
28602, 0.00644500
28603, 0.00644540
28604, 0.00644570
28605, 0.00644610
28606, 0.00644650
28607, 0.00644680
28608, 0.00644710
28609, 0.00644750
28610, 0.00644780
28611, 0.00644820
28612, 0.00644860
28613, 0.00644890
28614, 0.00644930
28615, 0.00644960
28616, 0.00645000
28617, 0.00645040
28618, 0.00645080
28619, 0.00645110
28620, 0.00645150
28621, 0.00645190
28622, 0.00645220
28623, 0.00645260
28624, 0.00645300
28625, 0.00645330
28626, 0.00645370
28627, 0.00645410
28628, 0.00645450
28629, 0.00645480
28630, 0.00645520
28631, 0.00645560
28632, 0.00645590
28633, 0.00645630
28634, 0.00645660
28635, 0.00645700
28636, 0.00645740
28637, 0.00645780
28638, 0.00645830
28639, 0.00645870
28640, 0.00645910
28641, 0.00645950
28642, 0.00645980
28643, 0.00646020
28644, 0.00646050
28645, 0.00646090
28646, 0.00646130
28647, 0.00646170
28648, 0.00646200
28649, 0.00646240
28650, 0.00646270
28651, 0.00646310
28652, 0.00646350
28653, 0.00646400
28654, 0.00646440
28655, 0.00646480
28656, 0.00646530
28657, 0.00646570
28658, 0.00646600
28659, 0.00646630
28660, 0.00646670
28661, 0.00646710
28662, 0.00646740
28663, 0.00646780
28664, 0.00646820
28665, 0.00646860
28666, 0.00646890
28667, 0.00646930
28668, 0.00646970
28669, 0.00647010
28670, 0.00647050
28671, 0.00647090
28672, 0.00647130
28673, 0.00647170
28674, 0.00647200
28675, 0.00647250
28676, 0.00647280
28677, 0.00647320
28678, 0.00647360
28679, 0.00647390
28680, 0.00647420
28681, 0.00647460
28682, 0.00647500
28683, 0.00647540
28684, 0.00647580
28685, 0.00647610
28686, 0.00647650
28687, 0.00647690
28688, 0.00647730
28689, 0.00647770
28690, 0.00647810
28691, 0.00647850
28692, 0.00647890
28693, 0.00647930
28694, 0.00647960
28695, 0.00648000
28696, 0.00648040
28697, 0.00648070
28698, 0.00648110
28699, 0.00648150
28700, 0.00648190
28701, 0.00648230
28702, 0.00648270
28703, 0.00648300
28704, 0.00648340
28705, 0.00648380
28706, 0.00648420
28707, 0.00648460
28708, 0.00648500
28709, 0.00648530
28710, 0.00648570
28711, 0.00648600
28712, 0.00648640
28713, 0.00648680
28714, 0.00648710
28715, 0.00648750
28716, 0.00648790
28717, 0.00648830
28718, 0.00648860
28719, 0.00648900
28720, 0.00648930
28721, 0.00648970
28722, 0.00649000
28723, 0.00649040
28724, 0.00649080
28725, 0.00649120
28726, 0.00649160
28727, 0.00649200
28728, 0.00649240
28729, 0.00649270
28730, 0.00649320
28731, 0.00649370
28732, 0.00649400
28733, 0.00649440
28734, 0.00649470
28735, 0.00649510
28736, 0.00649550
28737, 0.00649590
28738, 0.00649620
28739, 0.00649660
28740, 0.00649700
28741, 0.00649740
28742, 0.00649770
28743, 0.00649810
28744, 0.00649840
28745, 0.00649890
28746, 0.00649920
28747, 0.00649960
28748, 0.00649990
28749, 0.00650030
28750, 0.00650070
28751, 0.00650100
28752, 0.00650140
28753, 0.00650180
28754, 0.00650210
28755, 0.00650250
28756, 0.00650280
28757, 0.00650320
28758, 0.00650360
28759, 0.00650400
28760, 0.00650440
28761, 0.00650470
28762, 0.00650510
28763, 0.00650550
28764, 0.00650580
28765, 0.00650620
28766, 0.00650660
28767, 0.00650700
28768, 0.00650740
28769, 0.00650780
28770, 0.00650810
28771, 0.00650850
28772, 0.00650890
28773, 0.00650930
28774, 0.00650970
28775, 0.00651010
28776, 0.00651050
28777, 0.00651090
28778, 0.00651130
28779, 0.00651170
28780, 0.00651210
28781, 0.00651250
28782, 0.00651290
28783, 0.00651320
28784, 0.00651380
28785, 0.00651420
28786, 0.00651450
28787, 0.00651490
28788, 0.00651530
28789, 0.00651570
28790, 0.00651610
28791, 0.00651650
28792, 0.00651680
28793, 0.00651720
28794, 0.00651760
28795, 0.00651800
28796, 0.00651840
28797, 0.00651880
28798, 0.00651920
28799, 0.00651960
28800, 0.00651990
28801, 0.00652030
28802, 0.00652070
28803, 0.00652110
28804, 0.00652150
28805, 0.00652190
28806, 0.00652230
28807, 0.00652270
28808, 0.00652310
28809, 0.00652350
28810, 0.00652390
28811, 0.00652430
28812, 0.00652460
28813, 0.00652510
28814, 0.00652540
28815, 0.00652590
28816, 0.00652630
28817, 0.00652670
28818, 0.00652710
28819, 0.00652760
28820, 0.00652800
28821, 0.00652840
28822, 0.00652880
28823, 0.00652920
28824, 0.00652960
28825, 0.00653010
28826, 0.00653050
28827, 0.00653090
28828, 0.00653130
28829, 0.00653170
28830, 0.00653210
28831, 0.00653250
28832, 0.00653290
28833, 0.00653320
28834, 0.00653370
28835, 0.00653400
28836, 0.00653440
28837, 0.00653480
28838, 0.00653520
28839, 0.00653560
28840, 0.00653590
28841, 0.00653630
28842, 0.00653670
28843, 0.00653700
28844, 0.00653750
28845, 0.00653790
28846, 0.00653830
28847, 0.00653870
28848, 0.00653900
28849, 0.00653940
28850, 0.00653980
28851, 0.00654010
28852, 0.00654040
28853, 0.00654080
28854, 0.00654120
28855, 0.00654160
28856, 0.00654200
28857, 0.00654240
28858, 0.00654290
28859, 0.00654320
28860, 0.00654360
28861, 0.00654390
28862, 0.00654430
28863, 0.00654470
28864, 0.00654500
28865, 0.00654540
28866, 0.00654580
28867, 0.00654620
28868, 0.00654650
28869, 0.00654680
28870, 0.00654720
28871, 0.00654760
28872, 0.00654790
28873, 0.00654830
28874, 0.00654870
28875, 0.00654900
28876, 0.00654940
28877, 0.00654970
28878, 0.00655010
28879, 0.00655050
28880, 0.00655090
28881, 0.00655130
28882, 0.00655160
28883, 0.00655200
28884, 0.00655240
28885, 0.00655270
28886, 0.00655300
28887, 0.00655340
28888, 0.00655380
28889, 0.00655420
28890, 0.00655450
28891, 0.00655500
28892, 0.00655530
28893, 0.00655570
28894, 0.00655610
28895, 0.00655640
28896, 0.00655680
28897, 0.00655720
28898, 0.00655750
28899, 0.00655790
28900, 0.00655820
28901, 0.00655860
28902, 0.00655900
28903, 0.00655940
28904, 0.00655970
28905, 0.00656010
28906, 0.00656050
28907, 0.00656080
28908, 0.00656120
28909, 0.00656150
28910, 0.00656190
28911, 0.00656230
28912, 0.00656290
28913, 0.00656320
28914, 0.00656360
28915, 0.00656390
28916, 0.00656430
28917, 0.00656470
28918, 0.00656510
28919, 0.00656540
28920, 0.00656580
28921, 0.00656620
28922, 0.00656650
28923, 0.00656690
28924, 0.00656720
28925, 0.00656760
28926, 0.00656800
28927, 0.00656830
28928, 0.00656870
28929, 0.00656910
28930, 0.00656940
28931, 0.00656980
28932, 0.00657010
28933, 0.00657050
28934, 0.00657090
28935, 0.00657120
28936, 0.00657160
28937, 0.00657200
28938, 0.00657230
28939, 0.00657260
28940, 0.00657300
28941, 0.00657340
28942, 0.00657380
28943, 0.00657410
28944, 0.00657450
28945, 0.00657490
28946, 0.00657530
28947, 0.00657560
28948, 0.00657590
28949, 0.00657630
28950, 0.00657670
28951, 0.00657710
28952, 0.00657740
28953, 0.00657780
28954, 0.00657820
28955, 0.00657850
28956, 0.00657890
28957, 0.00657920
28958, 0.00657960
28959, 0.00657990
28960, 0.00658030
28961, 0.00658070
28962, 0.00658100
28963, 0.00658140
28964, 0.00658170
28965, 0.00658210
28966, 0.00658240
28967, 0.00658280
28968, 0.00658310
28969, 0.00658340
28970, 0.00658380
28971, 0.00658420
28972, 0.00658450
28973, 0.00658490
28974, 0.00658520
28975, 0.00658560
28976, 0.00658600
28977, 0.00658630
28978, 0.00658670
28979, 0.00658710
28980, 0.00658740
28981, 0.00658780
28982, 0.00658810
28983, 0.00658850
28984, 0.00658880
28985, 0.00658920
28986, 0.00658950
28987, 0.00658990
28988, 0.00659030
28989, 0.00659070
28990, 0.00659110
28991, 0.00659150
28992, 0.00659180
28993, 0.00659220
28994, 0.00659260
28995, 0.00659300
28996, 0.00659330
28997, 0.00659370
28998, 0.00659410
28999, 0.00659450
29000, 0.00659490
29001, 0.00659520
29002, 0.00659560
29003, 0.00659600
29004, 0.00659640
29005, 0.00659680
29006, 0.00659710
29007, 0.00659750
29008, 0.00659780
29009, 0.00659820
29010, 0.00659850
29011, 0.00659890
29012, 0.00659930
29013, 0.00659970
29014, 0.00660020
29015, 0.00660060
29016, 0.00660100
29017, 0.00660140
29018, 0.00660190
29019, 0.00660230
29020, 0.00660280
29021, 0.00660310
29022, 0.00660350
29023, 0.00660390
29024, 0.00660430
29025, 0.00660470
29026, 0.00660510
29027, 0.00660540
29028, 0.00660580
29029, 0.00660620
29030, 0.00660650
29031, 0.00660690
29032, 0.00660730
29033, 0.00660770
29034, 0.00660810
29035, 0.00660850
29036, 0.00660890
29037, 0.00660930
29038, 0.00660970
29039, 0.00661010
29040, 0.00661880
29041, 0.00661930
29042, 0.00661980
29043, 0.00662020
29044, 0.00662060
29045, 0.00662090
29046, 0.00662130
29047, 0.00662170
29048, 0.00662200
29049, 0.00662240
29050, 0.00662280
29051, 0.00662320
29052, 0.00662360
29053, 0.00662400
29054, 0.00662440
29055, 0.00662480
29056, 0.00662510
29057, 0.00662550
29058, 0.00662580
29059, 0.00662620
29060, 0.00662660
29061, 0.00662690
29062, 0.00662720
29063, 0.00662760
29064, 0.00662800
29065, 0.00662840
29066, 0.00662870
29067, 0.00662910
29068, 0.00662950
29069, 0.00662990
29070, 0.00663030
29071, 0.00663070
29072, 0.00663110
29073, 0.00663150
29074, 0.00663190
29075, 0.00663230
29076, 0.00663270
29077, 0.00663310
29078, 0.00663350
29079, 0.00663390
29080, 0.00663430
29081, 0.00663460
29082, 0.00663500
29083, 0.00663540
29084, 0.00663580
29085, 0.00663620
29086, 0.00663660
29087, 0.00663700
29088, 0.00663730
29089, 0.00663770
29090, 0.00663810
29091, 0.00663850
29092, 0.00663890
29093, 0.00663930
29094, 0.00663970
29095, 0.00664010
29096, 0.00664050
29097, 0.00664090
29098, 0.00664120
29099, 0.00664160
29100, 0.00664200
29101, 0.00664240
29102, 0.00664280
29103, 0.00664320
29104, 0.00664350
29105, 0.00664390
29106, 0.00664430
29107, 0.00664460
29108, 0.00664500
29109, 0.00664540
29110, 0.00664580
29111, 0.00664620
29112, 0.00664650
29113, 0.00664690
29114, 0.00664730
29115, 0.00664770
29116, 0.00664810
29117, 0.00664850
29118, 0.00664890
29119, 0.00664930
29120, 0.00664960
29121, 0.00665000
29122, 0.00665040
29123, 0.00665080
29124, 0.00665120
29125, 0.00665160
29126, 0.00665190
29127, 0.00665230
29128, 0.00665270
29129, 0.00665310
29130, 0.00665350
29131, 0.00665390
29132, 0.00665420
29133, 0.00665460
29134, 0.00665500
29135, 0.00665540
29136, 0.00665580
29137, 0.00665620
29138, 0.00665660
29139, 0.00665700
29140, 0.00665740
29141, 0.00665770
29142, 0.00665810
29143, 0.00665850
29144, 0.00665880
29145, 0.00665920
29146, 0.00665960
29147, 0.00666000
29148, 0.00666040
29149, 0.00666080
29150, 0.00666120
29151, 0.00666150
29152, 0.00666190
29153, 0.00666230
29154, 0.00666270
29155, 0.00666300
29156, 0.00666340
29157, 0.00666380
29158, 0.00666420
29159, 0.00666460
29160, 0.00666500
29161, 0.00666540
29162, 0.00666580
29163, 0.00666620
29164, 0.00666650
29165, 0.00666690
29166, 0.00666740
29167, 0.00666780
29168, 0.00666820
29169, 0.00666860
29170, 0.00666900
29171, 0.00666930
29172, 0.00666970
29173, 0.00667010
29174, 0.00667050
29175, 0.00667090
29176, 0.00667130
29177, 0.00667170
29178, 0.00667210
29179, 0.00667240
29180, 0.00667280
29181, 0.00667320
29182, 0.00667360
29183, 0.00667390
29184, 0.00667430
29185, 0.00667470
29186, 0.00667510
29187, 0.00667550
29188, 0.00667590
29189, 0.00667620
29190, 0.00667670
29191, 0.00667700
29192, 0.00667730
29193, 0.00667770
29194, 0.00667810
29195, 0.00667840
29196, 0.00667870
29197, 0.00667910
29198, 0.00667940
29199, 0.00667980
29200, 0.00668020
29201, 0.00668070
29202, 0.00668100
29203, 0.00668140
29204, 0.00668170
29205, 0.00668200
29206, 0.00668240
29207, 0.00668280
29208, 0.00668320
29209, 0.00668360
29210, 0.00668390
29211, 0.00668430
29212, 0.00668470
29213, 0.00668510
29214, 0.00668540
29215, 0.00668570
29216, 0.00668610
29217, 0.00668640
29218, 0.00668680
29219, 0.00668710
29220, 0.00668750
29221, 0.00668790
29222, 0.00668830
29223, 0.00668870
29224, 0.00668910
29225, 0.00668940
29226, 0.00668980
29227, 0.00669020
29228, 0.00669060
29229, 0.00669100
29230, 0.00669140
29231, 0.00669180
29232, 0.00669220
29233, 0.00669260
29234, 0.00669300
29235, 0.00669340
29236, 0.00669370
29237, 0.00669420
29238, 0.00669460
29239, 0.00669500
29240, 0.00669540
29241, 0.00669580
29242, 0.00669620
29243, 0.00669660
29244, 0.00669700
29245, 0.00669730
29246, 0.00669770
29247, 0.00669810
29248, 0.00669850
29249, 0.00669890
29250, 0.00669930
29251, 0.00669970
29252, 0.00670010
29253, 0.00670050
29254, 0.00670090
29255, 0.00670120
29256, 0.00670160
29257, 0.00670200
29258, 0.00670240
29259, 0.00670280
29260, 0.00670320
29261, 0.00670360
29262, 0.00670390
29263, 0.00670430
29264, 0.00670470
29265, 0.00670510
29266, 0.00670550
29267, 0.00670590
29268, 0.00670630
29269, 0.00670670
29270, 0.00670710
29271, 0.00670750
29272, 0.00670780
29273, 0.00670830
29274, 0.00670870
29275, 0.00670900
29276, 0.00670940
29277, 0.00670980
29278, 0.00671020
29279, 0.00671060
29280, 0.00671100
29281, 0.00671140
29282, 0.00671180
29283, 0.00671220
29284, 0.00671260
29285, 0.00671300
29286, 0.00671330
29287, 0.00671370
29288, 0.00671410
29289, 0.00671450
29290, 0.00671490
29291, 0.00671530
29292, 0.00671570
29293, 0.00671610
29294, 0.00671660
29295, 0.00671700
29296, 0.00671740
29297, 0.00671780
29298, 0.00671820
29299, 0.00671860
29300, 0.00671900
29301, 0.00671940
29302, 0.00671980
29303, 0.00672020
29304, 0.00672050
29305, 0.00672090
29306, 0.00672130
29307, 0.00672170
29308, 0.00672210
29309, 0.00672240
29310, 0.00672280
29311, 0.00672310
29312, 0.00672350
29313, 0.00672380
29314, 0.00672420
29315, 0.00672450
29316, 0.00672490
29317, 0.00672520
29318, 0.00672560
29319, 0.00672600
29320, 0.00672640
29321, 0.00672680
29322, 0.00672720
29323, 0.00672760
29324, 0.00672800
29325, 0.00672840
29326, 0.00672870
29327, 0.00672920
29328, 0.00672960
29329, 0.00673000
29330, 0.00673040
29331, 0.00673080
29332, 0.00673120
29333, 0.00673170
29334, 0.00673200
29335, 0.00673240
29336, 0.00673280
29337, 0.00673320
29338, 0.00673360
29339, 0.00673410
29340, 0.00673450
29341, 0.00673490
29342, 0.00673530
29343, 0.00673550
29344, 0.00673580
29345, 0.00673600
29346, 0.00673620
29347, 0.00673640
29348, 0.00673660
29349, 0.00673680
29350, 0.00673700
29351, 0.00673720
29352, 0.00673740
29353, 0.00673780
29354, 0.00673820
29355, 0.00673860
29356, 0.00673900
29357, 0.00673940
29358, 0.00673990
29359, 0.00674030
29360, 0.00674070
29361, 0.00674100
29362, 0.00674140
29363, 0.00674180
29364, 0.00674230
29365, 0.00674270
29366, 0.00674300
29367, 0.00674340
29368, 0.00674380
29369, 0.00674420
29370, 0.00674450
29371, 0.00674490
29372, 0.00674520
29373, 0.00674560
29374, 0.00674590
29375, 0.00674630
29376, 0.00674660
29377, 0.00674690
29378, 0.00674730
29379, 0.00674760
29380, 0.00674800
29381, 0.00674830
29382, 0.00674870
29383, 0.00674900
29384, 0.00674950
29385, 0.00674990
29386, 0.00675030
29387, 0.00675070
29388, 0.00675100
29389, 0.00675140
29390, 0.00675180
29391, 0.00675230
29392, 0.00675270
29393, 0.00675300
29394, 0.00675340
29395, 0.00675380
29396, 0.00675420
29397, 0.00675460
29398, 0.00675500
29399, 0.00675540
29400, 0.00675560
29401, 0.00675590
29402, 0.00675610
29403, 0.00675630
29404, 0.00675650
29405, 0.00675670
29406, 0.00675690
29407, 0.00675710
29408, 0.00675740
29409, 0.00675760
29410, 0.00675780
29411, 0.00675800
29412, 0.00675820
29413, 0.00675840
29414, 0.00675860
29415, 0.00675880
29416, 0.00675900
29417, 0.00675920
29418, 0.00675940
29419, 0.00675960
29420, 0.00675980
29421, 0.00676000
29422, 0.00676040
29423, 0.00676060
29424, 0.00676090
29425, 0.00676110
29426, 0.00676130
29427, 0.00676150
29428, 0.00676170
29429, 0.00676190
29430, 0.00676210
29431, 0.00676230
29432, 0.00676250
29433, 0.00676270
29434, 0.00676290
29435, 0.00676310
29436, 0.00676330
29437, 0.00676350
29438, 0.00676370
29439, 0.00676390
29440, 0.00676410
29441, 0.00676430
29442, 0.00676460
29443, 0.00676480
29444, 0.00676500
29445, 0.00676520
29446, 0.00676540
29447, 0.00676560
29448, 0.00676580
29449, 0.00676600
29450, 0.00676620
29451, 0.00676640
29452, 0.00676660
29453, 0.00676680
29454, 0.00676700
29455, 0.00676720
29456, 0.00676740
29457, 0.00676770
29458, 0.00676790
29459, 0.00676810
29460, 0.00676830
29461, 0.00676850
29462, 0.00676870
29463, 0.00676890
29464, 0.00676910
29465, 0.00676930
29466, 0.00676950
29467, 0.00676970
29468, 0.00676990
29469, 0.00677010
29470, 0.00677030
29471, 0.00677050
29472, 0.00677080
29473, 0.00677100
29474, 0.00677120
29475, 0.00677140
29476, 0.00677160
29477, 0.00677180
29478, 0.00677200
29479, 0.00677220
29480, 0.00677240
29481, 0.00677260
29482, 0.00677280
29483, 0.00677300
29484, 0.00677320
29485, 0.00677340
29486, 0.00677360
29487, 0.00677380
29488, 0.00677400
29489, 0.00677430
29490, 0.00677450
29491, 0.00677470
29492, 0.00677490
29493, 0.00677510
29494, 0.00677530
29495, 0.00677550
29496, 0.00677570
29497, 0.00677590
29498, 0.00677610
29499, 0.00677630
29500, 0.00677650
29501, 0.00677670
29502, 0.00677690
29503, 0.00677710
29504, 0.00677730
29505, 0.00677760
29506, 0.00677780
29507, 0.00677800
29508, 0.00677820
29509, 0.00677840
29510, 0.00677860
29511, 0.00677880
29512, 0.00677900
29513, 0.00677920
29514, 0.00677940
29515, 0.00677960
29516, 0.00677980
29517, 0.00678000
29518, 0.00678020
29519, 0.00678040
29520, 0.00678070
29521, 0.00678090
29522, 0.00678110
29523, 0.00678130
29524, 0.00678150
29525, 0.00678170
29526, 0.00678190
29527, 0.00678210
29528, 0.00678230
29529, 0.00678250
29530, 0.00678270
29531, 0.00678290
29532, 0.00678310
29533, 0.00678330
29534, 0.00678350
29535, 0.00678370
29536, 0.00678400
29537, 0.00678420
29538, 0.00678440
29539, 0.00678460
29540, 0.00678480
29541, 0.00678500
29542, 0.00678520
29543, 0.00678540
29544, 0.00678560
29545, 0.00678580
29546, 0.00678600
29547, 0.00678620
29548, 0.00678640
29549, 0.00678670
29550, 0.00678710
29551, 0.00678730
29552, 0.00678750
29553, 0.00678770
29554, 0.00678790
29555, 0.00678810
29556, 0.00678830
29557, 0.00678850
29558, 0.00678880
29559, 0.00678900
29560, 0.00678920
29561, 0.00678940
29562, 0.00678970
29563, 0.00678990
29564, 0.00679020
29565, 0.00679040
29566, 0.00679060
29567, 0.00679080
29568, 0.00679110
29569, 0.00679130
29570, 0.00679150
29571, 0.00679170
29572, 0.00679190
29573, 0.00679210
29574, 0.00679230
29575, 0.00679250
29576, 0.00679270
29577, 0.00679290
29578, 0.00679310
29579, 0.00679330
29580, 0.00679350
29581, 0.00679370
29582, 0.00679390
29583, 0.00679410
29584, 0.00679430
29585, 0.00679450
29586, 0.00679470
29587, 0.00679500
29588, 0.00679520
29589, 0.00679540
29590, 0.00679560
29591, 0.00679580
29592, 0.00679600
29593, 0.00679620
29594, 0.00679640
29595, 0.00679660
29596, 0.00679680
29597, 0.00679700
29598, 0.00679720
29599, 0.00679740
29600, 0.00679760
29601, 0.00679780
29602, 0.00679800
29603, 0.00679820
29604, 0.00679840
29605, 0.00679870
29606, 0.00679890
29607, 0.00679910
29608, 0.00679930
29609, 0.00679950
29610, 0.00679970
29611, 0.00679990
29612, 0.00680010
29613, 0.00680030
29614, 0.00680050
29615, 0.00680070
29616, 0.00680090
29617, 0.00680110
29618, 0.00680130
29619, 0.00680150
29620, 0.00680170
29621, 0.00680190
29622, 0.00680210
29623, 0.00680240
29624, 0.00680260
29625, 0.00680280
29626, 0.00680300
29627, 0.00680320
29628, 0.00680340
29629, 0.00680360
29630, 0.00680380
29631, 0.00680400
29632, 0.00680420
29633, 0.00680440
29634, 0.00680490
29635, 0.00680530
29636, 0.00680570
29637, 0.00680610
29638, 0.00680650
29639, 0.00680690
29640, 0.00680730
29641, 0.00680760
29642, 0.00680800
29643, 0.00680840
29644, 0.00680870
29645, 0.00680910
29646, 0.00680940
29647, 0.00680980
29648, 0.00681010
29649, 0.00681050
29650, 0.00681080
29651, 0.00681130
29652, 0.00681170
29653, 0.00681210
29654, 0.00681250
29655, 0.00681290
29656, 0.00681330
29657, 0.00681360
29658, 0.00681390
29659, 0.00681430
29660, 0.00681470
29661, 0.00681510
29662, 0.00681550
29663, 0.00681590
29664, 0.00681630
29665, 0.00681670
29666, 0.00681700
29667, 0.00681740
29668, 0.00681780
29669, 0.00681820
29670, 0.00681860
29671, 0.00681900
29672, 0.00681950
29673, 0.00681990
29674, 0.00682020
29675, 0.00682060
29676, 0.00682120
29677, 0.00682160
29678, 0.00682200
29679, 0.00682240
29680, 0.00682280
29681, 0.00682320
29682, 0.00682360
29683, 0.00682410
29684, 0.00682450
29685, 0.00682490
29686, 0.00682530
29687, 0.00682580
29688, 0.00682620
29689, 0.00682660
29690, 0.00682700
29691, 0.00682740
29692, 0.00682780
29693, 0.00682820
29694, 0.00682860
29695, 0.00682900
29696, 0.00682940
29697, 0.00682980
29698, 0.00683020
29699, 0.00683060
29700, 0.00683100
29701, 0.00683150
29702, 0.00683190
29703, 0.00683230
29704, 0.00683270
29705, 0.00683320
29706, 0.00683360
29707, 0.00683390
29708, 0.00683430
29709, 0.00683470
29710, 0.00683510
29711, 0.00683560
29712, 0.00683600
29713, 0.00683640
29714, 0.00683680
29715, 0.00683720
29716, 0.00683760
29717, 0.00683800
29718, 0.00683830
29719, 0.00683870
29720, 0.00683910
29721, 0.00683950
29722, 0.00683990
29723, 0.00684030
29724, 0.00684070
29725, 0.00684110
29726, 0.00684150
29727, 0.00684190
29728, 0.00684230
29729, 0.00684270
29730, 0.00684310
29731, 0.00684360
29732, 0.00684400
29733, 0.00684440
29734, 0.00684480
29735, 0.00684530
29736, 0.00684570
29737, 0.00684620
29738, 0.00684650
29739, 0.00684700
29740, 0.00684730
29741, 0.00684780
29742, 0.00684820
29743, 0.00684850
29744, 0.00684890
29745, 0.00684940
29746, 0.00684980
29747, 0.00685030
29748, 0.00685070
29749, 0.00685110
29750, 0.00685150
29751, 0.00685190
29752, 0.00685230
29753, 0.00685270
29754, 0.00685310
29755, 0.00685350
29756, 0.00685400
29757, 0.00685430
29758, 0.00685470
29759, 0.00685510
29760, 0.00685550
29761, 0.00685590
29762, 0.00685630
29763, 0.00685670
29764, 0.00685710
29765, 0.00685740
29766, 0.00685780
29767, 0.00685830
29768, 0.00685870
29769, 0.00685910
29770, 0.00685950
29771, 0.00685990
29772, 0.00686030
29773, 0.00686080
29774, 0.00686120
29775, 0.00686170
29776, 0.00686210
29777, 0.00686240
29778, 0.00686280
29779, 0.00686320
29780, 0.00686360
29781, 0.00686400
29782, 0.00686440
29783, 0.00686480
29784, 0.00686520
29785, 0.00686570
29786, 0.00686610
29787, 0.00686660
29788, 0.00686700
29789, 0.00686740
29790, 0.00686770
29791, 0.00686810
29792, 0.00686850
29793, 0.00686880
29794, 0.00686920
29795, 0.00686960
29796, 0.00687000
29797, 0.00687040
29798, 0.00687070
29799, 0.00687110
29800, 0.00687150
29801, 0.00687180
29802, 0.00687220
29803, 0.00687260
29804, 0.00687310
29805, 0.00687350
29806, 0.00687400
29807, 0.00687430
29808, 0.00687480
29809, 0.00687520
29810, 0.00687550
29811, 0.00687600
29812, 0.00687640
29813, 0.00687680
29814, 0.00687720
29815, 0.00687760
29816, 0.00687790
29817, 0.00687830
29818, 0.00687870
29819, 0.00687900
29820, 0.00687940
29821, 0.00687970
29822, 0.00688000
29823, 0.00688040
29824, 0.00688070
29825, 0.00688110
29826, 0.00688140
29827, 0.00688180
29828, 0.00688220
29829, 0.00688250
29830, 0.00688310
29831, 0.00688350
29832, 0.00688390
29833, 0.00688430
29834, 0.00688470
29835, 0.00688510
29836, 0.00688550
29837, 0.00688590
29838, 0.00688630
29839, 0.00688670
29840, 0.00688710
29841, 0.00688750
29842, 0.00688790
29843, 0.00688830
29844, 0.00688870
29845, 0.00688910
29846, 0.00688950
29847, 0.00688990
29848, 0.00689030
29849, 0.00689070
29850, 0.00689110
29851, 0.00689140
29852, 0.00689180
29853, 0.00689200
29854, 0.00689220
29855, 0.00689240
29856, 0.00689270
29857, 0.00689290
29858, 0.00689310
29859, 0.00689330
29860, 0.00689350
29861, 0.00689370
29862, 0.00689390
29863, 0.00689410
29864, 0.00689430
29865, 0.00689450
29866, 0.00689470
29867, 0.00689490
29868, 0.00689510
29869, 0.00689530
29870, 0.00689550
29871, 0.00689580
29872, 0.00689600
29873, 0.00689620
29874, 0.00689640
29875, 0.00689660
29876, 0.00689680
29877, 0.00689700
29878, 0.00689720
29879, 0.00689740
29880, 0.00689760
29881, 0.00689780
29882, 0.00689800
29883, 0.00689820
29884, 0.00689850
29885, 0.00689870
29886, 0.00689890
29887, 0.00689910
29888, 0.00689930
29889, 0.00689950
29890, 0.00689970
29891, 0.00689990
29892, 0.00690010
29893, 0.00690030
29894, 0.00690050
29895, 0.00690070
29896, 0.00690090
29897, 0.00690110
29898, 0.00690130
29899, 0.00690150
29900, 0.00690180
29901, 0.00690200
29902, 0.00690220
29903, 0.00690240
29904, 0.00690260
29905, 0.00690280
29906, 0.00690300
29907, 0.00690320
29908, 0.00690340
29909, 0.00690360
29910, 0.00690380
29911, 0.00690400
29912, 0.00690420
29913, 0.00690440
29914, 0.00690460
29915, 0.00690480
29916, 0.00690500
29917, 0.00690530
29918, 0.00690550
29919, 0.00690570
29920, 0.00690590
29921, 0.00690610
29922, 0.00690630
29923, 0.00690650
29924, 0.00690670
29925, 0.00690690
29926, 0.00690710
29927, 0.00690730
29928, 0.00690750
29929, 0.00690770
29930, 0.00690790
29931, 0.00690810
29932, 0.00690840
29933, 0.00690860
29934, 0.00690890
29935, 0.00690910
29936, 0.00690930
29937, 0.00690950
29938, 0.00690970
29939, 0.00690990
29940, 0.00691010
29941, 0.00691030
29942, 0.00691080
29943, 0.00691100
29944, 0.00691130
29945, 0.00691150
29946, 0.00691170
29947, 0.00691200
29948, 0.00691220
29949, 0.00691240
29950, 0.00691260
29951, 0.00691280
29952, 0.00691300
29953, 0.00691320
29954, 0.00691340
29955, 0.00691370
29956, 0.00691390
29957, 0.00691410
29958, 0.00691430
29959, 0.00691450
29960, 0.00691470
29961, 0.00691490
29962, 0.00691510
29963, 0.00691530
29964, 0.00691550
29965, 0.00691570
29966, 0.00691590
29967, 0.00691610
29968, 0.00691630
29969, 0.00691650
29970, 0.00691670
29971, 0.00691700
29972, 0.00691720
29973, 0.00691740
29974, 0.00691760
29975, 0.00691780
29976, 0.00691800
29977, 0.00691820
29978, 0.00691840
29979, 0.00691860
29980, 0.00691880
29981, 0.00691900
29982, 0.00691920
29983, 0.00691940
29984, 0.00691960
29985, 0.00691980
29986, 0.00692000
29987, 0.00692030
29988, 0.00692050
29989, 0.00692070
29990, 0.00692090
29991, 0.00692110
29992, 0.00692130
29993, 0.00692150
29994, 0.00692170
29995, 0.00692190
29996, 0.00692210
29997, 0.00692230
29998, 0.00692260
29999, 0.00692280
30000, 0.00692300
30001, 0.00692320
30002, 0.00692340
30003, 0.00692360
30004, 0.00692380
30005, 0.00692400
30006, 0.00692420
30007, 0.00692440
30008, 0.00692460
30009, 0.00692480
30010, 0.00692500
30011, 0.00692520
30012, 0.00692540
30013, 0.00692560
30014, 0.00692590
30015, 0.00692610
30016, 0.00692630
30017, 0.00692650
30018, 0.00692670
30019, 0.00692690
30020, 0.00692710
30021, 0.00692730
30022, 0.00692750
30023, 0.00692770
30024, 0.00692790
30025, 0.00692810
30026, 0.00692830
30027, 0.00692850
30028, 0.00692870
30029, 0.00692900
30030, 0.00692920
30031, 0.00692940
30032, 0.00692960
30033, 0.00692980
30034, 0.00693000
30035, 0.00693020
30036, 0.00693040
30037, 0.00693060
30038, 0.00693080
30039, 0.00693100
30040, 0.00693120
30041, 0.00693140
30042, 0.00693160
30043, 0.00693180
30044, 0.00693210
30045, 0.00693230
30046, 0.00693250
30047, 0.00693270
30048, 0.00693290
30049, 0.00693310
30050, 0.00693330
30051, 0.00693350
30052, 0.00693370
30053, 0.00693390
30054, 0.00693410
30055, 0.00693430
30056, 0.00693450
30057, 0.00693470
30058, 0.00693500
30059, 0.00693520
30060, 0.00693560
30061, 0.00693580
30062, 0.00693600
30063, 0.00693620
30064, 0.00693650
30065, 0.00693670
30066, 0.00693690
30067, 0.00693710
30068, 0.00693730
30069, 0.00693760
30070, 0.00693800
30071, 0.00693820
30072, 0.00693850
30073, 0.00693870
30074, 0.00693900
30075, 0.00693920
30076, 0.00693940
30077, 0.00693960
30078, 0.00693990
30079, 0.00694010
30080, 0.00694030
30081, 0.00694050
30082, 0.00694070
30083, 0.00694090
30084, 0.00694110
30085, 0.00694130
30086, 0.00694150
30087, 0.00694170
30088, 0.00694190
30089, 0.00694210
30090, 0.00694230
30091, 0.00694250
30092, 0.00694270
30093, 0.00694290
30094, 0.00694310
30095, 0.00694330
30096, 0.00694360
30097, 0.00694380
30098, 0.00694400
30099, 0.00694420
30100, 0.00694440
30101, 0.00694460
30102, 0.00694480
30103, 0.00694500
30104, 0.00694520
30105, 0.00694540
30106, 0.00694560
30107, 0.00694580
30108, 0.00694600
30109, 0.00694620
30110, 0.00694640
30111, 0.00694660
30112, 0.00694680
30113, 0.00694700
30114, 0.00694720
30115, 0.00694740
30116, 0.00694770
30117, 0.00694790
30118, 0.00694810
30119, 0.00694830
30120, 0.00694850
30121, 0.00694870
30122, 0.00694890
30123, 0.00694910
30124, 0.00694930
30125, 0.00694950
30126, 0.00694970
30127, 0.00694990
30128, 0.00695010
30129, 0.00695030
30130, 0.00695050
30131, 0.00695070
30132, 0.00695090
30133, 0.00695120
30134, 0.00695140
30135, 0.00695160
30136, 0.00695180
30137, 0.00695200
30138, 0.00695220
30139, 0.00695240
30140, 0.00695260
30141, 0.00695280
30142, 0.00695300
30143, 0.00695320
30144, 0.00695340
30145, 0.00695360
30146, 0.00695380
30147, 0.00695400
30148, 0.00695420
30149, 0.00695450
30150, 0.00695470
30151, 0.00695490
30152, 0.00695510
30153, 0.00695530
30154, 0.00695550
30155, 0.00695570
30156, 0.00695590
30157, 0.00695610
30158, 0.00695630
30159, 0.00695650
30160, 0.00695670
30161, 0.00695690
30162, 0.00695710
30163, 0.00695730
30164, 0.00695750
30165, 0.00695780
30166, 0.00695800
30167, 0.00695820
30168, 0.00695840
30169, 0.00695860
30170, 0.00695880
30171, 0.00695900
30172, 0.00695920
30173, 0.00695940
30174, 0.00695960
30175, 0.00695980
30176, 0.00696000
30177, 0.00696020
30178, 0.00696040
30179, 0.00696060
30180, 0.00696080
30181, 0.00696110
30182, 0.00696130
30183, 0.00696150
30184, 0.00696170
30185, 0.00696190
30186, 0.00696220
30187, 0.00696240
30188, 0.00696260
30189, 0.00696280
30190, 0.00696310
30191, 0.00696330
30192, 0.00696350
30193, 0.00696370
30194, 0.00696390
30195, 0.00696410
30196, 0.00696440
30197, 0.00696460
30198, 0.00696480
30199, 0.00696500
30200, 0.00696540
30201, 0.00696560
30202, 0.00696580
30203, 0.00696600
30204, 0.00696620
30205, 0.00696640
30206, 0.00696670
30207, 0.00696690
30208, 0.00696710
30209, 0.00696730
30210, 0.00696750
30211, 0.00696770
30212, 0.00696790
30213, 0.00696810
30214, 0.00696830
30215, 0.00696850
30216, 0.00696870
30217, 0.00696890
30218, 0.00696910
30219, 0.00696930
30220, 0.00696950
30221, 0.00696970
30222, 0.00696990
30223, 0.00697010
30224, 0.00697030
30225, 0.00697050
30226, 0.00697080
30227, 0.00697100
30228, 0.00697120
30229, 0.00697140
30230, 0.00697160
30231, 0.00697180
30232, 0.00697200
30233, 0.00697220
30234, 0.00697240
30235, 0.00697260
30236, 0.00697280
30237, 0.00697300
30238, 0.00697320
30239, 0.00697340
30240, 0.00697360
30241, 0.00697380
30242, 0.00697400
30243, 0.00697420
30244, 0.00697440
30245, 0.00697460
30246, 0.00697490
30247, 0.00697510
30248, 0.00697530
30249, 0.00697550
30250, 0.00697570
30251, 0.00697590
30252, 0.00697610
30253, 0.00697630
30254, 0.00697650
30255, 0.00697670
30256, 0.00697690
30257, 0.00697710
30258, 0.00697730
30259, 0.00697750
30260, 0.00697770
30261, 0.00697790
30262, 0.00697810
30263, 0.00697830
30264, 0.00697850
30265, 0.00697880
30266, 0.00697900
30267, 0.00697920
30268, 0.00697940
30269, 0.00697960
30270, 0.00697980
30271, 0.00698000
30272, 0.00698020
30273, 0.00698040
30274, 0.00698060
30275, 0.00698080
30276, 0.00698100
30277, 0.00698120
30278, 0.00698140
30279, 0.00698160
30280, 0.00698180
30281, 0.00698200
30282, 0.00698220
30283, 0.00698250
30284, 0.00698270
30285, 0.00698290
30286, 0.00698310
30287, 0.00698330
30288, 0.00698350
30289, 0.00698370
30290, 0.00698390
30291, 0.00698410
30292, 0.00698430
30293, 0.00698450
30294, 0.00698470
30295, 0.00698490
30296, 0.00698510
30297, 0.00698530
30298, 0.00698550
30299, 0.00698570
30300, 0.00698600
30301, 0.00698620
30302, 0.00698640
30303, 0.00698660
30304, 0.00698680
30305, 0.00698700
30306, 0.00698720
30307, 0.00698740
30308, 0.00698760
30309, 0.00698780
30310, 0.00698800
30311, 0.00698820
30312, 0.00698840
30313, 0.00698860
30314, 0.00698890
30315, 0.00698910
30316, 0.00698930
30317, 0.00698950
30318, 0.00698980
30319, 0.00699000
30320, 0.00699020
30321, 0.00699040
30322, 0.00699060
30323, 0.00699080
30324, 0.00699110
30325, 0.00699130
30326, 0.00699160
30327, 0.00699180
30328, 0.00699200
30329, 0.00699220
30330, 0.00699250
30331, 0.00699270
30332, 0.00699290
30333, 0.00699310
30334, 0.00699330
30335, 0.00699350
30336, 0.00699370
30337, 0.00699390
30338, 0.00699410
30339, 0.00699430
30340, 0.00699450
30341, 0.00699470
30342, 0.00699500
30343, 0.00699520
30344, 0.00699540
30345, 0.00699560
30346, 0.00699580
30347, 0.00699600
30348, 0.00699620
30349, 0.00699640
30350, 0.00699660
30351, 0.00699680
30352, 0.00699700
30353, 0.00699720
30354, 0.00699740
30355, 0.00699760
30356, 0.00699780
30357, 0.00699800
30358, 0.00699820
30359, 0.00699840
30360, 0.00699860
30361, 0.00699880
30362, 0.00699900
30363, 0.00699920
30364, 0.00699950
30365, 0.00699970
30366, 0.00699990
30367, 0.00700010
30368, 0.00700030
30369, 0.00700050
30370, 0.00700070
30371, 0.00700090
30372, 0.00700110
30373, 0.00700130
30374, 0.00700150
30375, 0.00700170
30376, 0.00700190
30377, 0.00700210
30378, 0.00700230
30379, 0.00700250
30380, 0.00700270
30381, 0.00700290
30382, 0.00700310
30383, 0.00700330
30384, 0.00700360
30385, 0.00700380
30386, 0.00700400
30387, 0.00700420
30388, 0.00700440
30389, 0.00700460
30390, 0.00700480
30391, 0.00700500
30392, 0.00700520
30393, 0.00700540
30394, 0.00700560
30395, 0.00700590
30396, 0.00700610
30397, 0.00700630
30398, 0.00700650
30399, 0.00700670
30400, 0.00700690
30401, 0.00700710
30402, 0.00700730
30403, 0.00700750
30404, 0.00700770
30405, 0.00700790
30406, 0.00700810
30407, 0.00700830
30408, 0.00700850
30409, 0.00700870
30410, 0.00700890
30411, 0.00700910
30412, 0.00700930
30413, 0.00700960
30414, 0.00700980
30415, 0.00701030
30416, 0.00701080
30417, 0.00701120
30418, 0.00701170
30419, 0.00701210
30420, 0.00701250
30421, 0.00701280
30422, 0.00701330
30423, 0.00701370
30424, 0.00701400
30425, 0.00701440
30426, 0.00701480
30427, 0.00701520
30428, 0.00701560
30429, 0.00701590
30430, 0.00701630
30431, 0.00701670
30432, 0.00701700
30433, 0.00701740
30434, 0.00701780
30435, 0.00701820
30436, 0.00701860
30437, 0.00701900
30438, 0.00701930
30439, 0.00701970
30440, 0.00702000
30441, 0.00702040
30442, 0.00702100
30443, 0.00702140
30444, 0.00702170
30445, 0.00702210
30446, 0.00702250
30447, 0.00702290
30448, 0.00702330
30449, 0.00702370
30450, 0.00702410
30451, 0.00702450
30452, 0.00702480
30453, 0.00702520
30454, 0.00702560
30455, 0.00702600
30456, 0.00702630
30457, 0.00702670
30458, 0.00702710
30459, 0.00702750
30460, 0.00702790
30461, 0.00702830
30462, 0.00702880
30463, 0.00702920
30464, 0.00702960
30465, 0.00703000
30466, 0.00703040
30467, 0.00703080
30468, 0.00703120
30469, 0.00703160
30470, 0.00703200
30471, 0.00703240
30472, 0.00703280
30473, 0.00703320
30474, 0.00703360
30475, 0.00703400
30476, 0.00703430
30477, 0.00703470
30478, 0.00703500
30479, 0.00703520
30480, 0.00703550
30481, 0.00703570
30482, 0.00703590
30483, 0.00703610
30484, 0.00703630
30485, 0.00703650
30486, 0.00703670
30487, 0.00703690
30488, 0.00703710
30489, 0.00703730
30490, 0.00703750
30491, 0.00703770
30492, 0.00703790
30493, 0.00703820
30494, 0.00703840
30495, 0.00703860
30496, 0.00703880
30497, 0.00703900
30498, 0.00703920
30499, 0.00703940
30500, 0.00703960
30501, 0.00703980
30502, 0.00704000
30503, 0.00704020
30504, 0.00704040
30505, 0.00704060
30506, 0.00704080
30507, 0.00704100
30508, 0.00704120
30509, 0.00704150
30510, 0.00704170
30511, 0.00704200
30512, 0.00704220
30513, 0.00704240
30514, 0.00704270
30515, 0.00704290
30516, 0.00704310
30517, 0.00704330
30518, 0.00704350
30519, 0.00704370
30520, 0.00704400
30521, 0.00704420
30522, 0.00704440
30523, 0.00704460
30524, 0.00704480
30525, 0.00704500
30526, 0.00704520
30527, 0.00704540
30528, 0.00704560
30529, 0.00704580
30530, 0.00704600
30531, 0.00704620
30532, 0.00704640
30533, 0.00704660
30534, 0.00704680
30535, 0.00704700
30536, 0.00704720
30537, 0.00704750
30538, 0.00704770
30539, 0.00704790
30540, 0.00704810
30541, 0.00704830
30542, 0.00704850
30543, 0.00704870
30544, 0.00704890
30545, 0.00704910
30546, 0.00704930
30547, 0.00704950
30548, 0.00704970
30549, 0.00704990
30550, 0.00705010
30551, 0.00705030
30552, 0.00705060
30553, 0.00705080
30554, 0.00705100
30555, 0.00705120
30556, 0.00705140
30557, 0.00705160
30558, 0.00705180
30559, 0.00705200
30560, 0.00705220
30561, 0.00705240
30562, 0.00705260
30563, 0.00705280
30564, 0.00705300
30565, 0.00705320
30566, 0.00705340
30567, 0.00705370
30568, 0.00705390
30569, 0.00705410
30570, 0.00705450
30571, 0.00705470
30572, 0.00705510
30573, 0.00705530
30574, 0.00705550
30575, 0.00705570
30576, 0.00705590
30577, 0.00705610
30578, 0.00705640
30579, 0.00705660
30580, 0.00705690
30581, 0.00705710
30582, 0.00705730
30583, 0.00705750
30584, 0.00705780
30585, 0.00705800
30586, 0.00705830
30587, 0.00705850
30588, 0.00705870
30589, 0.00705890
30590, 0.00705910
30591, 0.00705930
30592, 0.00705950
30593, 0.00705970
30594, 0.00705990
30595, 0.00706010
30596, 0.00706030
30597, 0.00706050
30598, 0.00706070
30599, 0.00706090
30600, 0.00706110
30601, 0.00706140
30602, 0.00706160
30603, 0.00706180
30604, 0.00706200
30605, 0.00706220
30606, 0.00706240
30607, 0.00706260
30608, 0.00706280
30609, 0.00706300
30610, 0.00706320
30611, 0.00706340
30612, 0.00706360
30613, 0.00706380
30614, 0.00706400
30615, 0.00706420
30616, 0.00706440
30617, 0.00706460
30618, 0.00706480
30619, 0.00706500
30620, 0.00706520
30621, 0.00706540
30622, 0.00706570
30623, 0.00706620
30624, 0.00706660
30625, 0.00706700
30626, 0.00706740
30627, 0.00706780
30628, 0.00706820
30629, 0.00706860
30630, 0.00706890
30631, 0.00706930
30632, 0.00706970
30633, 0.00707000
30634, 0.00707040
30635, 0.00707080
30636, 0.00707110
30637, 0.00707150
30638, 0.00707180
30639, 0.00707220
30640, 0.00707260
30641, 0.00707290
30642, 0.00707330
30643, 0.00707370
30644, 0.00707400
30645, 0.00707440
30646, 0.00707480
30647, 0.00707520
30648, 0.00707550
30649, 0.00707600
30650, 0.00707640
30651, 0.00707680
30652, 0.00707710
30653, 0.00707750
30654, 0.00707790
30655, 0.00707830
30656, 0.00707870
30657, 0.00707900
30658, 0.00707940
30659, 0.00707980
30660, 0.00708020
30661, 0.00708070
30662, 0.00708110
30663, 0.00708150
30664, 0.00708190
30665, 0.00708230
30666, 0.00708280
30667, 0.00708310
30668, 0.00708350
30669, 0.00708380
30670, 0.00708420
30671, 0.00708460
30672, 0.00708500
30673, 0.00708540
30674, 0.00708590
30675, 0.00708630
30676, 0.00708670
30677, 0.00708710
30678, 0.00708750
30679, 0.00708790
30680, 0.00708830
30681, 0.00708870
30682, 0.00708900
30683, 0.00708940
30684, 0.00708980
30685, 0.00709030
30686, 0.00709070
30687, 0.00709120
30688, 0.00709160
30689, 0.00709200
30690, 0.00709240
30691, 0.00709280
30692, 0.00709320
30693, 0.00709360
30694, 0.00709400
30695, 0.00709440
30696, 0.00709490
30697, 0.00709530
30698, 0.00709570
30699, 0.00709610
30700, 0.00709650
30701, 0.00709690
30702, 0.00709730
30703, 0.00709770
30704, 0.00709810
30705, 0.00709850
30706, 0.00709890
30707, 0.00709930
30708, 0.00709970
30709, 0.00710010
30710, 0.00710060
30711, 0.00710100
30712, 0.00710140
30713, 0.00710190
30714, 0.00710230
30715, 0.00710270
30716, 0.00710300
30717, 0.00710350
30718, 0.00710390
30719, 0.00710430
30720, 0.00710470
30721, 0.00710510
30722, 0.00710550
30723, 0.00710580
30724, 0.00710630
30725, 0.00710670
30726, 0.00710710
30727, 0.00710760
30728, 0.00710800
30729, 0.00710840
30730, 0.00710880
30731, 0.00710920
30732, 0.00710960
30733, 0.00711000
30734, 0.00711060
30735, 0.00711100
30736, 0.00711140
30737, 0.00711180
30738, 0.00711220
30739, 0.00711270
30740, 0.00711310
30741, 0.00711360
30742, 0.00711400
30743, 0.00711450
30744, 0.00711490
30745, 0.00711530
30746, 0.00711570
30747, 0.00711610
30748, 0.00711660
30749, 0.00711690
30750, 0.00711730
30751, 0.00711770
30752, 0.00711810
30753, 0.00711850
30754, 0.00711900
30755, 0.00711940
30756, 0.00711980
30757, 0.00712020
30758, 0.00712060
30759, 0.00712100
30760, 0.00712140
30761, 0.00712180
30762, 0.00712220
30763, 0.00712260
30764, 0.00712300
30765, 0.00712330
30766, 0.00712370
30767, 0.00712410
30768, 0.00712440
30769, 0.00712480
30770, 0.00712520
30771, 0.00712570
30772, 0.00712610
30773, 0.00712650
30774, 0.00712700
30775, 0.00712740
30776, 0.00712780
30777, 0.00712830
30778, 0.00712870
30779, 0.00712910
30780, 0.00712950
30781, 0.00712990
30782, 0.00713030
30783, 0.00713070
30784, 0.00713110
30785, 0.00713150
30786, 0.00713180
30787, 0.00713230
30788, 0.00713270
30789, 0.00713310
30790, 0.00713350
30791, 0.00713390
30792, 0.00713430
30793, 0.00713480
30794, 0.00713520
30795, 0.00713570
30796, 0.00713610
30797, 0.00713660
30798, 0.00713700
30799, 0.00713740
30800, 0.00713780
30801, 0.00713820
30802, 0.00713860
30803, 0.00713900
30804, 0.00713940
30805, 0.00713980
30806, 0.00714030
30807, 0.00714070
30808, 0.00714110
30809, 0.00714150
30810, 0.00714190
30811, 0.00714230
30812, 0.00714260
30813, 0.00714300
30814, 0.00714340
30815, 0.00714380
30816, 0.00714420
30817, 0.00714460
30818, 0.00714500
30819, 0.00714540
30820, 0.00714580
30821, 0.00714610
30822, 0.00714650
30823, 0.00714690
30824, 0.00714770
30825, 0.00714820
30826, 0.00714850
30827, 0.00714890
30828, 0.00714930
30829, 0.00714970
30830, 0.00715010
30831, 0.00715060
30832, 0.00715090
30833, 0.00715130
30834, 0.00715170
30835, 0.00715210
30836, 0.00715260
30837, 0.00715300
30838, 0.00715350
30839, 0.00715390
30840, 0.00715430
30841, 0.00715480
30842, 0.00715510
30843, 0.00715540
30844, 0.00715580
30845, 0.00715610
30846, 0.00715660
30847, 0.00715690
30848, 0.00715730
30849, 0.00715760
30850, 0.00715800
30851, 0.00715830
30852, 0.00715880
30853, 0.00715920
30854, 0.00715950
30855, 0.00715990
30856, 0.00716020
30857, 0.00716060
30858, 0.00716100
30859, 0.00716140
30860, 0.00716180
30861, 0.00716210
30862, 0.00716250
30863, 0.00716280
30864, 0.00716320
30865, 0.00716350
30866, 0.00716390
30867, 0.00716430
30868, 0.00716460
30869, 0.00716490
30870, 0.00716520
30871, 0.00716560
30872, 0.00716590
30873, 0.00716620
30874, 0.00716650
30875, 0.00716690
30876, 0.00716720
30877, 0.00716750
30878, 0.00716780
30879, 0.00716810
30880, 0.00716850
30881, 0.00716880
30882, 0.00716920
30883, 0.00716950
30884, 0.00716980
30885, 0.00717020
30886, 0.00717050
30887, 0.00717090
30888, 0.00717120
30889, 0.00717150
30890, 0.00717180
30891, 0.00717220
30892, 0.00717250
30893, 0.00717280
30894, 0.00717320
30895, 0.00717350
30896, 0.00717380
30897, 0.00717410
30898, 0.00717450
30899, 0.00717480
30900, 0.00717510
30901, 0.00717540
30902, 0.00717570
30903, 0.00717610
30904, 0.00717650
30905, 0.00717680
30906, 0.00717720
30907, 0.00717760
30908, 0.00717790
30909, 0.00717820
30910, 0.00717850
30911, 0.00717880
30912, 0.00717920
30913, 0.00717950
30914, 0.00717990
30915, 0.00718020
30916, 0.00718060
30917, 0.00718090
30918, 0.00718130
30919, 0.00718160
30920, 0.00718190
30921, 0.00718220
30922, 0.00718250
30923, 0.00718290
30924, 0.00718320
30925, 0.00718360
30926, 0.00718400
30927, 0.00718430
30928, 0.00718470
30929, 0.00718510
30930, 0.00718540
30931, 0.00718590
30932, 0.00718620
30933, 0.00718660
30934, 0.00718700
30935, 0.00718730
30936, 0.00718770
30937, 0.00718810
30938, 0.00718840
30939, 0.00718870
30940, 0.00718910
30941, 0.00718940
30942, 0.00718970
30943, 0.00719010
30944, 0.00719040
30945, 0.00719070
30946, 0.00719110
30947, 0.00719140
30948, 0.00719170
30949, 0.00719200
30950, 0.00719230
30951, 0.00719270
30952, 0.00719330
30953, 0.00719370
30954, 0.00719400
30955, 0.00719430
30956, 0.00719470
30957, 0.00719500
30958, 0.00719540
30959, 0.00719570
30960, 0.00719610
30961, 0.00719650
30962, 0.00719690
30963, 0.00719720
30964, 0.00719760
30965, 0.00719790
30966, 0.00719820
30967, 0.00719860
30968, 0.00719890
30969, 0.00719940
30970, 0.00719970
30971, 0.00720010
30972, 0.00720060
30973, 0.00720100
30974, 0.00720140
30975, 0.00720180
30976, 0.00720220
30977, 0.00720260
30978, 0.00720300
30979, 0.00720340
30980, 0.00720380
30981, 0.00720420
30982, 0.00720470
30983, 0.00720510
30984, 0.00720550
30985, 0.00720590
30986, 0.00720630
30987, 0.00720670
30988, 0.00720710
30989, 0.00720750
30990, 0.00720780
30991, 0.00720820
30992, 0.00720860
30993, 0.00720900
30994, 0.00720940
30995, 0.00720980
30996, 0.00721020
30997, 0.00721060
30998, 0.00721090
30999, 0.00721140
31000, 0.00721180
31001, 0.00721240
31002, 0.00721280
31003, 0.00721320
31004, 0.00721360
31005, 0.00721400
31006, 0.00721440
31007, 0.00721470
31008, 0.00721520
31009, 0.00721560
31010, 0.00721590
31011, 0.00721630
31012, 0.00721670
31013, 0.00721710
31014, 0.00721750
31015, 0.00721790
31016, 0.00721830
31017, 0.00721870
31018, 0.00721920
31019, 0.00721960
31020, 0.00722000
31021, 0.00722040
31022, 0.00722080
31023, 0.00722120
31024, 0.00722160
31025, 0.00722200
31026, 0.00722230
31027, 0.00722270
31028, 0.00722310
31029, 0.00722350
31030, 0.00722390
31031, 0.00722430
31032, 0.00722470
31033, 0.00722510
31034, 0.00722550
31035, 0.00722580
31036, 0.00722620
31037, 0.00722660
31038, 0.00722700
31039, 0.00722740
31040, 0.00722770
31041, 0.00722810
31042, 0.00722850
31043, 0.00722880
31044, 0.00722920
31045, 0.00722970
31046, 0.00723010
31047, 0.00723050
31048, 0.00723090
31049, 0.00723130
31050, 0.00723170
31051, 0.00723210
31052, 0.00723260
31053, 0.00723300
31054, 0.00723340
31055, 0.00723380
31056, 0.00723420
31057, 0.00723460
31058, 0.00723500
31059, 0.00723540
31060, 0.00723570
31061, 0.00723610
31062, 0.00723660
31063, 0.00723700
31064, 0.00723740
31065, 0.00723780
31066, 0.00723850
31067, 0.00723870
31068, 0.00723900
31069, 0.00723920
31070, 0.00723940
31071, 0.00723960
31072, 0.00723980
31073, 0.00724000
31074, 0.00724020
31075, 0.00724040
31076, 0.00724060
31077, 0.00724080
31078, 0.00724100
31079, 0.00724130
31080, 0.00725400
31081, 0.00725450
31082, 0.00725480
31083, 0.00725570
31084, 0.00725600
31085, 0.00725620
31086, 0.00725640
31087, 0.00725660
31088, 0.00725680
31089, 0.00725700
31090, 0.00725720
31091, 0.00725740
31092, 0.00725760
31093, 0.00725780
31094, 0.00725800
31095, 0.00725820
31096, 0.00725850
31097, 0.00725870
31098, 0.00725890
31099, 0.00725910
31100, 0.00725930
31101, 0.00725950
31102, 0.00725970
31103, 0.00725990
31104, 0.00726010
31105, 0.00726030
31106, 0.00726050
31107, 0.00726070
31108, 0.00726090
31109, 0.00726110
31110, 0.00726130
31111, 0.00726150
31112, 0.00726170
31113, 0.00726190
31114, 0.00726210
31115, 0.00726230
31116, 0.00726250
31117, 0.00726270
31118, 0.00726300
31119, 0.00726320
31120, 0.00726340
31121, 0.00726360
31122, 0.00726380
31123, 0.00726400
31124, 0.00726420
31125, 0.00726440
31126, 0.00726460
31127, 0.00726480
31128, 0.00726500
31129, 0.00726520
31130, 0.00726540
31131, 0.00726560
31132, 0.00726580
31133, 0.00726600
31134, 0.00726620
31135, 0.00726640
31136, 0.00726660
31137, 0.00726690
31138, 0.00726710
31139, 0.00726730
31140, 0.00726750
31141, 0.00726770
31142, 0.00726790
31143, 0.00726810
31144, 0.00726830
31145, 0.00726850
31146, 0.00726870
31147, 0.00726890
31148, 0.00726910
31149, 0.00726930
31150, 0.00726950
31151, 0.00726970
31152, 0.00726990
31153, 0.00727010
31154, 0.00727030
31155, 0.00727050
31156, 0.00727070
31157, 0.00727090
31158, 0.00727120
31159, 0.00727140
31160, 0.00727160
31161, 0.00727180
31162, 0.00727200
31163, 0.00727220
31164, 0.00727240
31165, 0.00727260
31166, 0.00727280
31167, 0.00727300
31168, 0.00727320
31169, 0.00727340
31170, 0.00727360
31171, 0.00727380
31172, 0.00727400
31173, 0.00727420
31174, 0.00727440
31175, 0.00727460
31176, 0.00727480
31177, 0.00727500
31178, 0.00727530
31179, 0.00727550
31180, 0.00727570
31181, 0.00727590
31182, 0.00727610
31183, 0.00727630
31184, 0.00727650
31185, 0.00727670
31186, 0.00727690
31187, 0.00727710
31188, 0.00727730
31189, 0.00727750
31190, 0.00727770
31191, 0.00727790
31192, 0.00727810
31193, 0.00727830
31194, 0.00727850
31195, 0.00727880
31196, 0.00727900
31197, 0.00727920
31198, 0.00727940
31199, 0.00727960
31200, 0.00727980
31201, 0.00728000
31202, 0.00728020
31203, 0.00728040
31204, 0.00728060
31205, 0.00728080
31206, 0.00728110
31207, 0.00728130
31208, 0.00728150
31209, 0.00728170
31210, 0.00728200
31211, 0.00728220
31212, 0.00728240
31213, 0.00728260
31214, 0.00728280
31215, 0.00728300
31216, 0.00728330
31217, 0.00728350
31218, 0.00728370
31219, 0.00728390
31220, 0.00728420
31221, 0.00728440
31222, 0.00728470
31223, 0.00728490
31224, 0.00728510
31225, 0.00728530
31226, 0.00728550
31227, 0.00728570
31228, 0.00728600
31229, 0.00728620
31230, 0.00728640
31231, 0.00728660
31232, 0.00728680
31233, 0.00728700
31234, 0.00728720
31235, 0.00728740
31236, 0.00728760
31237, 0.00728780
31238, 0.00728800
31239, 0.00728820
31240, 0.00728840
31241, 0.00728860
31242, 0.00728880
31243, 0.00728900
31244, 0.00728920
31245, 0.00728940
31246, 0.00728960
31247, 0.00728980
31248, 0.00729000
31249, 0.00729020
31250, 0.00729050
31251, 0.00729070
31252, 0.00729090
31253, 0.00729110
31254, 0.00729130
31255, 0.00729150
31256, 0.00729170
31257, 0.00729190
31258, 0.00729210
31259, 0.00729230
31260, 0.00729250
31261, 0.00729270
31262, 0.00729290
31263, 0.00729310
31264, 0.00729330
31265, 0.00729350
31266, 0.00729370
31267, 0.00729390
31268, 0.00729410
31269, 0.00729430
31270, 0.00729450
31271, 0.00729470
31272, 0.00729500
31273, 0.00729520
31274, 0.00729540
31275, 0.00729560
31276, 0.00729580
31277, 0.00729600
31278, 0.00729620
31279, 0.00729640
31280, 0.00729660
31281, 0.00729680
31282, 0.00729700
31283, 0.00729720
31284, 0.00729740
31285, 0.00729760
31286, 0.00729780
31287, 0.00729800
31288, 0.00729820
31289, 0.00729840
31290, 0.00729860
31291, 0.00729880
31292, 0.00729900
31293, 0.00729930
31294, 0.00729950
31295, 0.00729970
31296, 0.00729990
31297, 0.00730010
31298, 0.00730030
31299, 0.00730050
31300, 0.00730070
31301, 0.00730090
31302, 0.00730110
31303, 0.00730130
31304, 0.00730150
31305, 0.00730170
31306, 0.00730190
31307, 0.00730210
31308, 0.00730230
31309, 0.00730250
31310, 0.00730270
31311, 0.00730300
31312, 0.00730320
31313, 0.00730340
31314, 0.00730360
31315, 0.00730380
31316, 0.00730400
31317, 0.00730420
31318, 0.00730440
31319, 0.00730460
31320, 0.00730480
31321, 0.00730500
31322, 0.00730520
31323, 0.00730540
31324, 0.00730560
31325, 0.00730580
31326, 0.00730600
31327, 0.00730620
31328, 0.00730640
31329, 0.00730660
31330, 0.00730690
31331, 0.00730710
31332, 0.00730730
31333, 0.00730750
31334, 0.00730780
31335, 0.00730800
31336, 0.00730820
31337, 0.00730840
31338, 0.00730860
31339, 0.00730880
31340, 0.00730900
31341, 0.00730930
31342, 0.00730950
31343, 0.00730970
31344, 0.00730990
31345, 0.00731010
31346, 0.00731040
31347, 0.00731060
31348, 0.00731090
31349, 0.00731110
31350, 0.00731130
31351, 0.00731150
31352, 0.00731180
31353, 0.00731200
31354, 0.00731220
31355, 0.00731240
31356, 0.00731260
31357, 0.00731280
31358, 0.00731300
31359, 0.00731320
31360, 0.00731340
31361, 0.00731360
31362, 0.00731380
31363, 0.00731400
31364, 0.00731420
31365, 0.00731440
31366, 0.00731460
31367, 0.00731480
31368, 0.00731500
31369, 0.00731520
31370, 0.00731540
31371, 0.00731560
31372, 0.00731580
31373, 0.00731600
31374, 0.00731630
31375, 0.00731650
31376, 0.00731670
31377, 0.00731690
31378, 0.00731710
31379, 0.00731730
31380, 0.00731750
31381, 0.00731770
31382, 0.00731790
31383, 0.00731810
31384, 0.00731830
31385, 0.00731850
31386, 0.00731870
31387, 0.00731890
31388, 0.00731910
31389, 0.00731930
31390, 0.00731950
31391, 0.00731970
31392, 0.00731990
31393, 0.00732010
31394, 0.00732030
31395, 0.00732050
31396, 0.00732070
31397, 0.00732100
31398, 0.00732120
31399, 0.00732140
31400, 0.00732160
31401, 0.00732180
31402, 0.00732200
31403, 0.00732220
31404, 0.00732240
31405, 0.00732260
31406, 0.00732280
31407, 0.00732300
31408, 0.00732320
31409, 0.00732340
31410, 0.00732360
31411, 0.00732380
31412, 0.00732400
31413, 0.00732420
31414, 0.00732440
31415, 0.00732460
31416, 0.00732480
31417, 0.00732500
31418, 0.00732530
31419, 0.00732550
31420, 0.00732570
31421, 0.00732590
31422, 0.00732610
31423, 0.00732630
31424, 0.00732650
31425, 0.00732670
31426, 0.00732690
31427, 0.00732710
31428, 0.00732730
31429, 0.00732750
31430, 0.00732770
31431, 0.00732790
31432, 0.00732810
31433, 0.00732830
31434, 0.00732850
31435, 0.00732870
31436, 0.00732900
31437, 0.00732920
31438, 0.00732940
31439, 0.00732960
31440, 0.00732980
31441, 0.00733000
31442, 0.00733020
31443, 0.00733040
31444, 0.00733060
31445, 0.00733080
31446, 0.00733100
31447, 0.00733120
31448, 0.00733140
31449, 0.00733160
31450, 0.00733180
31451, 0.00733200
31452, 0.00733220
31453, 0.00733240
31454, 0.00733270
31455, 0.00733290
31456, 0.00733310
31457, 0.00733330
31458, 0.00733350
31459, 0.00733370
31460, 0.00733420
31461, 0.00733470
31462, 0.00733520
31463, 0.00733560
31464, 0.00733600
31465, 0.00733640
31466, 0.00733680
31467, 0.00733730
31468, 0.00733770
31469, 0.00733810
31470, 0.00733840
31471, 0.00733880
31472, 0.00733930
31473, 0.00733960
31474, 0.00734020
31475, 0.00734050
31476, 0.00734100
31477, 0.00734150
31478, 0.00734190
31479, 0.00734240
31480, 0.00734280
31481, 0.00734320
31482, 0.00734360
31483, 0.00734400
31484, 0.00734440
31485, 0.00734490
31486, 0.00734540
31487, 0.00734580
31488, 0.00734620
31489, 0.00734660
31490, 0.00734710
31491, 0.00734750
31492, 0.00734790
31493, 0.00734840
31494, 0.00734880
31495, 0.00734920
31496, 0.00734960
31497, 0.00735000
31498, 0.00735050
31499, 0.00735090
31500, 0.00735130
31501, 0.00735170
31502, 0.00735210
31503, 0.00735250
31504, 0.00735290
31505, 0.00735330
31506, 0.00735370
31507, 0.00735410
31508, 0.00735450
31509, 0.00735500
31510, 0.00735540
31511, 0.00735590
31512, 0.00735610
31513, 0.00735640
31514, 0.00735660
31515, 0.00735680
31516, 0.00735700
31517, 0.00735720
31518, 0.00735740
31519, 0.00735760
31520, 0.00735780
31521, 0.00735800
31522, 0.00735830
31523, 0.00735850
31524, 0.00735870
31525, 0.00735890
31526, 0.00735910
31527, 0.00735930
31528, 0.00735950
31529, 0.00735970
31530, 0.00735990
31531, 0.00736010
31532, 0.00736030
31533, 0.00736050
31534, 0.00736070
31535, 0.00736090
31536, 0.00736110
31537, 0.00736130
31538, 0.00736150
31539, 0.00736170
31540, 0.00736190
31541, 0.00736210
31542, 0.00736240
31543, 0.00736260
31544, 0.00736280
31545, 0.00736300
31546, 0.00736320
31547, 0.00736340
31548, 0.00736360
31549, 0.00736380
31550, 0.00736400
31551, 0.00736420
31552, 0.00736440
31553, 0.00736460
31554, 0.00736480
31555, 0.00736500
31556, 0.00736520
31557, 0.00736540
31558, 0.00736560
31559, 0.00736580
31560, 0.00736610
31561, 0.00736630
31562, 0.00736650
31563, 0.00736670
31564, 0.00736690
31565, 0.00736710
31566, 0.00736730
31567, 0.00736750
31568, 0.00736770
31569, 0.00736790
31570, 0.00736810
31571, 0.00736830
31572, 0.00736850
31573, 0.00736870
31574, 0.00736890
31575, 0.00736920
31576, 0.00736940
31577, 0.00736960
31578, 0.00736980
31579, 0.00737000
31580, 0.00737020
31581, 0.00737040
31582, 0.00737060
31583, 0.00737080
31584, 0.00737100
31585, 0.00737120
31586, 0.00737140
31587, 0.00737160
31588, 0.00737180
31589, 0.00737200
31590, 0.00737240
31591, 0.00737260
31592, 0.00737290
31593, 0.00737310
31594, 0.00737330
31595, 0.00737350
31596, 0.00737370
31597, 0.00737390
31598, 0.00737420
31599, 0.00737440
31600, 0.00737470
31601, 0.00737490
31602, 0.00737520
31603, 0.00737540
31604, 0.00737570
31605, 0.00737590
31606, 0.00737610
31607, 0.00737640
31608, 0.00737660
31609, 0.00737680
31610, 0.00737700
31611, 0.00737720
31612, 0.00737740
31613, 0.00737760
31614, 0.00737780
31615, 0.00737800
31616, 0.00737820
31617, 0.00737840
31618, 0.00737860
31619, 0.00737880
31620, 0.00737900
31621, 0.00737920
31622, 0.00737940
31623, 0.00737960
31624, 0.00737980
31625, 0.00738000
31626, 0.00738020
31627, 0.00738050
31628, 0.00738070
31629, 0.00738090
31630, 0.00738110
31631, 0.00738130
31632, 0.00738150
31633, 0.00738170
31634, 0.00738190
31635, 0.00738210
31636, 0.00738230
31637, 0.00738250
31638, 0.00738270
31639, 0.00738290
31640, 0.00738310
31641, 0.00738330
31642, 0.00738350
31643, 0.00738370
31644, 0.00738390
31645, 0.00738410
31646, 0.00738440
31647, 0.00738460
31648, 0.00738480
31649, 0.00738500
31650, 0.00738520
31651, 0.00738540
31652, 0.00738560
31653, 0.00738580
31654, 0.00738600
31655, 0.00738620
31656, 0.00738640
31657, 0.00738660
31658, 0.00738680
31659, 0.00738700
31660, 0.00738720
31661, 0.00738740
31662, 0.00738760
31663, 0.00738780
31664, 0.00738800
31665, 0.00738820
31666, 0.00738840
31667, 0.00738860
31668, 0.00738890
31669, 0.00738910
31670, 0.00738930
31671, 0.00738950
31672, 0.00738970
31673, 0.00738990
31674, 0.00739010
31675, 0.00739030
31676, 0.00739050
31677, 0.00739070
31678, 0.00739090
31679, 0.00739110
31680, 0.00739130
31681, 0.00739150
31682, 0.00739170
31683, 0.00739190
31684, 0.00739210
31685, 0.00739230
31686, 0.00739250
31687, 0.00739280
31688, 0.00739300
31689, 0.00739320
31690, 0.00739340
31691, 0.00739360
31692, 0.00739380
31693, 0.00739400
31694, 0.00739420
31695, 0.00739440
31696, 0.00739460
31697, 0.00739480
31698, 0.00739500
31699, 0.00739520
31700, 0.00739540
31701, 0.00739560
31702, 0.00739580
31703, 0.00739600
31704, 0.00739620
31705, 0.00739650
31706, 0.00739670
31707, 0.00739690
31708, 0.00739710
31709, 0.00739730
31710, 0.00739750
31711, 0.00739770
31712, 0.00739790
31713, 0.00739810
31714, 0.00739830
31715, 0.00739850
31716, 0.00739880
31717, 0.00739900
31718, 0.00739920
31719, 0.00739940
31720, 0.00739970
31721, 0.00739990
31722, 0.00740010
31723, 0.00740030
31724, 0.00740050
31725, 0.00740070
31726, 0.00740100
31727, 0.00740120
31728, 0.00740150
31729, 0.00740170
31730, 0.00740190
31731, 0.00740210
31732, 0.00740250
31733, 0.00740270
31734, 0.00740290
31735, 0.00740310
31736, 0.00740330
31737, 0.00740350
31738, 0.00740370
31739, 0.00740390
31740, 0.00740410
31741, 0.00740430
31742, 0.00740450
31743, 0.00740470
31744, 0.00740500
31745, 0.00740520
31746, 0.00740540
31747, 0.00740560
31748, 0.00740580
31749, 0.00740600
31750, 0.00740620
31751, 0.00740640
31752, 0.00740660
31753, 0.00740680
31754, 0.00740700
31755, 0.00740720
31756, 0.00740740
31757, 0.00740760
31758, 0.00740780
31759, 0.00740800
31760, 0.00740820
31761, 0.00740840
31762, 0.00740860
31763, 0.00740880
31764, 0.00740910
31765, 0.00740930
31766, 0.00740950
31767, 0.00740970
31768, 0.00740990
31769, 0.00741010
31770, 0.00741030
31771, 0.00741050
31772, 0.00741070
31773, 0.00741090
31774, 0.00741110
31775, 0.00741130
31776, 0.00741150
31777, 0.00741170
31778, 0.00741190
31779, 0.00741210
31780, 0.00741230
31781, 0.00741250
31782, 0.00741270
31783, 0.00741290
31784, 0.00741320
31785, 0.00741340
31786, 0.00741360
31787, 0.00741380
31788, 0.00741400
31789, 0.00741420
31790, 0.00741440
31791, 0.00741460
31792, 0.00741480
31793, 0.00741500
31794, 0.00741520
31795, 0.00741540
31796, 0.00741560
31797, 0.00741580
31798, 0.00741600
31799, 0.00741620
31800, 0.00741640
31801, 0.00741660
31802, 0.00741680
31803, 0.00741700
31804, 0.00741720
31805, 0.00741750
31806, 0.00741770
31807, 0.00741790
31808, 0.00741810
31809, 0.00741830
31810, 0.00741850
31811, 0.00741870
31812, 0.00741890
31813, 0.00741910
31814, 0.00741930
31815, 0.00741950
31816, 0.00741970
31817, 0.00741990
31818, 0.00742010
31819, 0.00742030
31820, 0.00742050
31821, 0.00742070
31822, 0.00742090
31823, 0.00742110
31824, 0.00742130
31825, 0.00742160
31826, 0.00742180
31827, 0.00742200
31828, 0.00742220
31829, 0.00742240
31830, 0.00742260
31831, 0.00742280
31832, 0.00742300
31833, 0.00742320
31834, 0.00742340
31835, 0.00742360
31836, 0.00742380
31837, 0.00742400
31838, 0.00742420
31839, 0.00742440
31840, 0.00742460
31841, 0.00742480
31842, 0.00742500
31843, 0.00742520
31844, 0.00742570
31845, 0.00742590
31846, 0.00742610
31847, 0.00742640
31848, 0.00742660
31849, 0.00742680
31850, 0.00742700
31851, 0.00742720
31852, 0.00742740
31853, 0.00742770
31854, 0.00742790
31855, 0.00742810
31856, 0.00742840
31857, 0.00742860
31858, 0.00742890
31859, 0.00742910
31860, 0.00742930
31861, 0.00742960
31862, 0.00742980
31863, 0.00743000
31864, 0.00743020
31865, 0.00743040
31866, 0.00743060
31867, 0.00743080
31868, 0.00743100
31869, 0.00743120
31870, 0.00743140
31871, 0.00743160
31872, 0.00743180
31873, 0.00743200
31874, 0.00743220
31875, 0.00743240
31876, 0.00743260
31877, 0.00743280
31878, 0.00743300
31879, 0.00743320
31880, 0.00743350
31881, 0.00743370
31882, 0.00743390
31883, 0.00743410
31884, 0.00743430
31885, 0.00743450
31886, 0.00743470
31887, 0.00743490
31888, 0.00743510
31889, 0.00743530
31890, 0.00743550
31891, 0.00743570
31892, 0.00743590
31893, 0.00743610
31894, 0.00743630
31895, 0.00743650
31896, 0.00743670
31897, 0.00743690
31898, 0.00743710
31899, 0.00743740
31900, 0.00743760
31901, 0.00743780
31902, 0.00743800
31903, 0.00743820
31904, 0.00743840
31905, 0.00743860
31906, 0.00743880
31907, 0.00743900
31908, 0.00743920
31909, 0.00743940
31910, 0.00743960
31911, 0.00743980
31912, 0.00744000
31913, 0.00744020
31914, 0.00744040
31915, 0.00744060
31916, 0.00744080
31917, 0.00744110
31918, 0.00744130
31919, 0.00744150
31920, 0.00744170
31921, 0.00744190
31922, 0.00744210
31923, 0.00744230
31924, 0.00744250
31925, 0.00744270
31926, 0.00744290
31927, 0.00744310
31928, 0.00744330
31929, 0.00744350
31930, 0.00744370
31931, 0.00744390
31932, 0.00744410
31933, 0.00744430
31934, 0.00744450
31935, 0.00744470
31936, 0.00744500
31937, 0.00744520
31938, 0.00744540
31939, 0.00744560
31940, 0.00744580
31941, 0.00744600
31942, 0.00744620
31943, 0.00744640
31944, 0.00744660
31945, 0.00744680
31946, 0.00744700
31947, 0.00744720
31948, 0.00744740
31949, 0.00744760
31950, 0.00744780
31951, 0.00744800
31952, 0.00744820
31953, 0.00744840
31954, 0.00744860
31955, 0.00744890
31956, 0.00744910
31957, 0.00744930
31958, 0.00744950
31959, 0.00744970
31960, 0.00744990
31961, 0.00745010
31962, 0.00745030
31963, 0.00745050
31964, 0.00745070
31965, 0.00745090
31966, 0.00745110
31967, 0.00745130
31968, 0.00745150
31969, 0.00745170
31970, 0.00745190
31971, 0.00745210
31972, 0.00745240
31973, 0.00745260
31974, 0.00745290
31975, 0.00745310
31976, 0.00745330
31977, 0.00745350
31978, 0.00745370
31979, 0.00745390
31980, 0.00745410
31981, 0.00745430
31982, 0.00745460
31983, 0.00745480
31984, 0.00745500
31985, 0.00745520
31986, 0.00745550
31987, 0.00745570
31988, 0.00745600
31989, 0.00745620
31990, 0.00745640
31991, 0.00745660
31992, 0.00745680
31993, 0.00745700
31994, 0.00745720
31995, 0.00745740
31996, 0.00745760
31997, 0.00745780
31998, 0.00745800
31999, 0.00745820
32000, 0.00745840
32001, 0.00745860
32002, 0.00745880
32003, 0.00745900
32004, 0.00745930
32005, 0.00745950
32006, 0.00745970
32007, 0.00745990
32008, 0.00746010
32009, 0.00746030
32010, 0.00746050
32011, 0.00746070
32012, 0.00746090
32013, 0.00746110
32014, 0.00746130
32015, 0.00746150
32016, 0.00746170
32017, 0.00746190
32018, 0.00746210
32019, 0.00746230
32020, 0.00746250
32021, 0.00746270
32022, 0.00746290
32023, 0.00746320
32024, 0.00746340
32025, 0.00746360
32026, 0.00746380
32027, 0.00746400
32028, 0.00746420
32029, 0.00746440
32030, 0.00746460
32031, 0.00746480
32032, 0.00746500
32033, 0.00746520
32034, 0.00746540
32035, 0.00746560
32036, 0.00746580
32037, 0.00746600
32038, 0.00746620
32039, 0.00746640
32040, 0.00746660
32041, 0.00746680
32042, 0.00746700
32043, 0.00746730
32044, 0.00746750
32045, 0.00746770
32046, 0.00746790
32047, 0.00746810
32048, 0.00746830
32049, 0.00746850
32050, 0.00746870
32051, 0.00746890
32052, 0.00746910
32053, 0.00746930
32054, 0.00746950
32055, 0.00746970
32056, 0.00746990
32057, 0.00747010
32058, 0.00747030
32059, 0.00747050
32060, 0.00747070
32061, 0.00747090
32062, 0.00747120
32063, 0.00747140
32064, 0.00747160
32065, 0.00747180
32066, 0.00747200
32067, 0.00747220
32068, 0.00747240
32069, 0.00747260
32070, 0.00747280
32071, 0.00747300
32072, 0.00747320
32073, 0.00747340
32074, 0.00747360
32075, 0.00747380
32076, 0.00747400
32077, 0.00747420
32078, 0.00747440
32079, 0.00747460
32080, 0.00747490
32081, 0.00747510
32082, 0.00747530
32083, 0.00747550
32084, 0.00747570
32085, 0.00747590
32086, 0.00747610
32087, 0.00747630
32088, 0.00747650
32089, 0.00747670
32090, 0.00747690
32091, 0.00747710
32092, 0.00747730
32093, 0.00747750
32094, 0.00747770
32095, 0.00747790
32096, 0.00747810
32097, 0.00747830
32098, 0.00747850
32099, 0.00747880
32100, 0.00747920
32101, 0.00747940
32102, 0.00747960
32103, 0.00747980
32104, 0.00748000
32105, 0.00748020
32106, 0.00748040
32107, 0.00748060
32108, 0.00748100
32109, 0.00748120
32110, 0.00748150
32111, 0.00748170
32112, 0.00748190
32113, 0.00748220
32114, 0.00748240
32115, 0.00748260
32116, 0.00748290
32117, 0.00748310
32118, 0.00748330
32119, 0.00748350
32120, 0.00748370
32121, 0.00748390
32122, 0.00748410
32123, 0.00748440
32124, 0.00748460
32125, 0.00748480
32126, 0.00748500
32127, 0.00748520
32128, 0.00748540
32129, 0.00748560
32130, 0.00748580
32131, 0.00748600
32132, 0.00748620
32133, 0.00748640
32134, 0.00748660
32135, 0.00748680
32136, 0.00748700
32137, 0.00748720
32138, 0.00748740
32139, 0.00748760
32140, 0.00748780
32141, 0.00748800
32142, 0.00748820
32143, 0.00748840
32144, 0.00748860
32145, 0.00748880
32146, 0.00748900
32147, 0.00748930
32148, 0.00748950
32149, 0.00748970
32150, 0.00748990
32151, 0.00749010
32152, 0.00749030
32153, 0.00749050
32154, 0.00749070
32155, 0.00749090
32156, 0.00749110
32157, 0.00749130
32158, 0.00749150
32159, 0.00749170
32160, 0.00749190
32161, 0.00749210
32162, 0.00749230
32163, 0.00749250
32164, 0.00749270
32165, 0.00749290
32166, 0.00749310
32167, 0.00749340
32168, 0.00749360
32169, 0.00749380
32170, 0.00749400
32171, 0.00749420
32172, 0.00749440
32173, 0.00749460
32174, 0.00749480
32175, 0.00749500
32176, 0.00749520
32177, 0.00749540
32178, 0.00749560
32179, 0.00749580
32180, 0.00749600
32181, 0.00749620
32182, 0.00749640
32183, 0.00749660
32184, 0.00749680
32185, 0.00749700
32186, 0.00749730
32187, 0.00749750
32188, 0.00749770
32189, 0.00749790
32190, 0.00749810
32191, 0.00749830
32192, 0.00749850
32193, 0.00749870
32194, 0.00749890
32195, 0.00749910
32196, 0.00749930
32197, 0.00749950
32198, 0.00749970
32199, 0.00749990
32200, 0.00750010
32201, 0.00750030
32202, 0.00750050
32203, 0.00750070
32204, 0.00750090
32205, 0.00750120
32206, 0.00750140
32207, 0.00750160
32208, 0.00750180
32209, 0.00750200
32210, 0.00750220
32211, 0.00750240
32212, 0.00750260
32213, 0.00750280
32214, 0.00750300
32215, 0.00750320
32216, 0.00750340
32217, 0.00750360
32218, 0.00750380
32219, 0.00750400
32220, 0.00750420
32221, 0.00750440
32222, 0.00750460
32223, 0.00750480
32224, 0.00750500
32225, 0.00750520
32226, 0.00750550
32227, 0.00750580
32228, 0.00750600
32229, 0.00750620
32230, 0.00750640
32231, 0.00750670
32232, 0.00750690
32233, 0.00750710
32234, 0.00750730
32235, 0.00750750
32236, 0.00750780
32237, 0.00750800
32238, 0.00750830
32239, 0.00750850
32240, 0.00750880
32241, 0.00750900
32242, 0.00750930
32243, 0.00750950
32244, 0.00750970
32245, 0.00750990
32246, 0.00751010
32247, 0.00751030
32248, 0.00751050
32249, 0.00751070
32250, 0.00751090
32251, 0.00751110
32252, 0.00751130
32253, 0.00751150
32254, 0.00751170
32255, 0.00751190
32256, 0.00751210
32257, 0.00751230
32258, 0.00751260
32259, 0.00751280
32260, 0.00751300
32261, 0.00751320
32262, 0.00751340
32263, 0.00751360
32264, 0.00751380
32265, 0.00751400
32266, 0.00751420
32267, 0.00751440
32268, 0.00751460
32269, 0.00751480
32270, 0.00751500
32271, 0.00751520
32272, 0.00751540
32273, 0.00751560
32274, 0.00751580
32275, 0.00751600
32276, 0.00751620
32277, 0.00751640
32278, 0.00751670
32279, 0.00751690
32280, 0.00751710
32281, 0.00751730
32282, 0.00751750
32283, 0.00751770
32284, 0.00751790
32285, 0.00751810
32286, 0.00751830
32287, 0.00751850
32288, 0.00751870
32289, 0.00751890
32290, 0.00751910
32291, 0.00751930
32292, 0.00751950
32293, 0.00751970
32294, 0.00751990
32295, 0.00752010
32296, 0.00752030
32297, 0.00752050
32298, 0.00752070
32299, 0.00752100
32300, 0.00752120
32301, 0.00752140
32302, 0.00752160
32303, 0.00752180
32304, 0.00752200
32305, 0.00752220
32306, 0.00752240
32307, 0.00752260
32308, 0.00752280
32309, 0.00752300
32310, 0.00752320
32311, 0.00752340
32312, 0.00752360
32313, 0.00752380
32314, 0.00752400
32315, 0.00752420
32316, 0.00752440
32317, 0.00752470
32318, 0.00752490
32319, 0.00752510
32320, 0.00752530
32321, 0.00752550
32322, 0.00752570
32323, 0.00752590
32324, 0.00752610
32325, 0.00752630
32326, 0.00752650
32327, 0.00752670
32328, 0.00752690
32329, 0.00752710
32330, 0.00752730
32331, 0.00752760
32332, 0.00752780
32333, 0.00752800
32334, 0.00752820
32335, 0.00752840
32336, 0.00752860
32337, 0.00752880
32338, 0.00752900
32339, 0.00752920
32340, 0.00752940
32341, 0.00752960
32342, 0.00752980
32343, 0.00753000
32344, 0.00753020
32345, 0.00753040
32346, 0.00753060
32347, 0.00753080
32348, 0.00753100
32349, 0.00753120
32350, 0.00753150
32351, 0.00753170
32352, 0.00753190
32353, 0.00753210
32354, 0.00753240
32355, 0.00753260
32356, 0.00753280
32357, 0.00753300
32358, 0.00753330
32359, 0.00753350
32360, 0.00753370
32361, 0.00753390
32362, 0.00753410
32363, 0.00753430
32364, 0.00753460
32365, 0.00753480
32366, 0.00753510
32367, 0.00753530
32368, 0.00753560
32369, 0.00753580
32370, 0.00753610
32371, 0.00753630
32372, 0.00753650
32373, 0.00753670
32374, 0.00753690
32375, 0.00753710
32376, 0.00753730
32377, 0.00753750
32378, 0.00753770
32379, 0.00753790
32380, 0.00753810
32381, 0.00753830
32382, 0.00753850
32383, 0.00753870
32384, 0.00753890
32385, 0.00753910
32386, 0.00753930
32387, 0.00753950
32388, 0.00753970
32389, 0.00753990
32390, 0.00754010
32391, 0.00754040
32392, 0.00754060
32393, 0.00754080
32394, 0.00754100
32395, 0.00754120
32396, 0.00754140
32397, 0.00754160
32398, 0.00754180
32399, 0.00754200
32400, 0.00754220
32401, 0.00754240
32402, 0.00754260
32403, 0.00754280
32404, 0.00754300
32405, 0.00754320
32406, 0.00754340
32407, 0.00754360
32408, 0.00754380
32409, 0.00754400
32410, 0.00754420
32411, 0.00754440
32412, 0.00754460
32413, 0.00754480
32414, 0.00754500
32415, 0.00754530
32416, 0.00754550
32417, 0.00754570
32418, 0.00754590
32419, 0.00754610
32420, 0.00754630
32421, 0.00754650
32422, 0.00754670
32423, 0.00754700
32424, 0.00754720
32425, 0.00754740
32426, 0.00754770
32427, 0.00754790
32428, 0.00754810
32429, 0.00754830
32430, 0.00754850
32431, 0.00754870
32432, 0.00754890
32433, 0.00754910
32434, 0.00754930
32435, 0.00754950
32436, 0.00754980
32437, 0.00755000
32438, 0.00755020
32439, 0.00755040
32440, 0.00755060
32441, 0.00755080
32442, 0.00755100
32443, 0.00755120
32444, 0.00755140
32445, 0.00755160
32446, 0.00755180
32447, 0.00755200
32448, 0.00755220
32449, 0.00755240
32450, 0.00755260
32451, 0.00755280
32452, 0.00755300
32453, 0.00755320
32454, 0.00755340
32455, 0.00755360
32456, 0.00755390
32457, 0.00755410
32458, 0.00755430
32459, 0.00755450
32460, 0.00755470
32461, 0.00755490
32462, 0.00755510
32463, 0.00755530
32464, 0.00755550
32465, 0.00755570
32466, 0.00755590
32467, 0.00755610
32468, 0.00755630
32469, 0.00755650
32470, 0.00755670
32471, 0.00755690
32472, 0.00755710
32473, 0.00755730
32474, 0.00755750
32475, 0.00755770
32476, 0.00755790
32477, 0.00755810
32478, 0.00755840
32479, 0.00755860
32480, 0.00755880
32481, 0.00755900
32482, 0.00755930
32483, 0.00755950
32484, 0.00755970
32485, 0.00755990
32486, 0.00756010
32487, 0.00756030
32488, 0.00756050
32489, 0.00756070
32490, 0.00756090
32491, 0.00756110
32492, 0.00756140
32493, 0.00756160
32494, 0.00756190
32495, 0.00756210
32496, 0.00756240
32497, 0.00756260
32498, 0.00756290
32499, 0.00756310
32500, 0.00756330
32501, 0.00756350
32502, 0.00756370
32503, 0.00756400
32504, 0.00756420
32505, 0.00756440
32506, 0.00756460
32507, 0.00756480
32508, 0.00756500
32509, 0.00756520
32510, 0.00756540
32511, 0.00756560
32512, 0.00756580
32513, 0.00756600
32514, 0.00756620
32515, 0.00756640
32516, 0.00756660
32517, 0.00756680
32518, 0.00756700
32519, 0.00756720
32520, 0.00756740
32521, 0.00756760
32522, 0.00756780
32523, 0.00756800
32524, 0.00756830
32525, 0.00756850
32526, 0.00756870
32527, 0.00756890
32528, 0.00756910
32529, 0.00756930
32530, 0.00756950
32531, 0.00756970
32532, 0.00756990
32533, 0.00757010
32534, 0.00757030
32535, 0.00757050
32536, 0.00757070
32537, 0.00757090
32538, 0.00757110
32539, 0.00757130
32540, 0.00757150
32541, 0.00757170
32542, 0.00757190
32543, 0.00757210
32544, 0.00757230
32545, 0.00757250
32546, 0.00757280
32547, 0.00757300
32548, 0.00757320
32549, 0.00757340
32550, 0.00757360
32551, 0.00757380
32552, 0.00757400
32553, 0.00757420
32554, 0.00757440
32555, 0.00757460
32556, 0.00757480
32557, 0.00757500
32558, 0.00757520
32559, 0.00757540
32560, 0.00757560
32561, 0.00757580
32562, 0.00757600
32563, 0.00757620
32564, 0.00757650
32565, 0.00757670
32566, 0.00757690
32567, 0.00757710
32568, 0.00757730
32569, 0.00757750
32570, 0.00757770
32571, 0.00757790
32572, 0.00757810
32573, 0.00757830
32574, 0.00757850
32575, 0.00757870
32576, 0.00757890
32577, 0.00757910
32578, 0.00757930
32579, 0.00757950
32580, 0.00757970
32581, 0.00757990
32582, 0.00758020
32583, 0.00758040
32584, 0.00758060
32585, 0.00758080
32586, 0.00758100
32587, 0.00758120
32588, 0.00758140
32589, 0.00758160
32590, 0.00758180
32591, 0.00758200
32592, 0.00758220
32593, 0.00758240
32594, 0.00758260
32595, 0.00758280
32596, 0.00758300
32597, 0.00758320
32598, 0.00758340
32599, 0.00758360
32600, 0.00758380
32601, 0.00758400
32602, 0.00758430
32603, 0.00758450
32604, 0.00758470
32605, 0.00758490
32606, 0.00758510
32607, 0.00758530
32608, 0.00758550
32609, 0.00758570
32610, 0.00758610
32611, 0.00758630
32612, 0.00758660
32613, 0.00758680
32614, 0.00758700
32615, 0.00758720
32616, 0.00758740
32617, 0.00758760
32618, 0.00758790
32619, 0.00758810
32620, 0.00758840
32621, 0.00758860
32622, 0.00758890
32623, 0.00758910
32624, 0.00758930
32625, 0.00758960
32626, 0.00758990
32627, 0.00759010
32628, 0.00759030
32629, 0.00759050
32630, 0.00759070
32631, 0.00759090
32632, 0.00759120
32633, 0.00759140
32634, 0.00759160
32635, 0.00759180
32636, 0.00759200
32637, 0.00759220
32638, 0.00759240
32639, 0.00759260
32640, 0.00759280
32641, 0.00759300
32642, 0.00759320
32643, 0.00759340
32644, 0.00759360
32645, 0.00759380
32646, 0.00759400
32647, 0.00759420
32648, 0.00759450
32649, 0.00759470
32650, 0.00759490
32651, 0.00759510
32652, 0.00759530
32653, 0.00759550
32654, 0.00759570
32655, 0.00759590
32656, 0.00759610
32657, 0.00759630
32658, 0.00759650
32659, 0.00759670
32660, 0.00759690
32661, 0.00759710
32662, 0.00759730
32663, 0.00759750
32664, 0.00759770
32665, 0.00759790
32666, 0.00759810
32667, 0.00759840
32668, 0.00759860
32669, 0.00759880
32670, 0.00759900
32671, 0.00759920
32672, 0.00759940
32673, 0.00759960
32674, 0.00759980
32675, 0.00760000
32676, 0.00760020
32677, 0.00760040
32678, 0.00760060
32679, 0.00760080
32680, 0.00760100
32681, 0.00760120
32682, 0.00760140
32683, 0.00760160
32684, 0.00760180
32685, 0.00760200
32686, 0.00760230
32687, 0.00760250
32688, 0.00760270
32689, 0.00760290
32690, 0.00760310
32691, 0.00760330
32692, 0.00760350
32693, 0.00760370
32694, 0.00760390
32695, 0.00760410
32696, 0.00760430
32697, 0.00760450
32698, 0.00760470
32699, 0.00760490
32700, 0.00760510
32701, 0.00760530
32702, 0.00760560
32703, 0.00760580
32704, 0.00760600
32705, 0.00760620
32706, 0.00760640
32707, 0.00760660
32708, 0.00760680
32709, 0.00760700
32710, 0.00760720
32711, 0.00760740
32712, 0.00760760
32713, 0.00760780
32714, 0.00760800
32715, 0.00760820
32716, 0.00760840
32717, 0.00760860
32718, 0.00760880
32719, 0.00760900
32720, 0.00760920
32721, 0.00760940
32722, 0.00760970
32723, 0.00760990
32724, 0.00761010
32725, 0.00761030
32726, 0.00761050
32727, 0.00761070
32728, 0.00761090
32729, 0.00761110
32730, 0.00761130
32731, 0.00761150
32732, 0.00761170
32733, 0.00761190
32734, 0.00761210
32735, 0.00761230
32736, 0.00761260
32737, 0.00761280
32738, 0.00761310
32739, 0.00761330
32740, 0.00761350
32741, 0.00761380
32742, 0.00761400
32743, 0.00761420
32744, 0.00761440
32745, 0.00761460
32746, 0.00761490
32747, 0.00761510
32748, 0.00761550
32749, 0.00761570
32750, 0.00761600
32751, 0.00761620
32752, 0.00761650
32753, 0.00761670
32754, 0.00761690
32755, 0.00761710
32756, 0.00761730
32757, 0.00761750
32758, 0.00761770
32759, 0.00761790
32760, 0.00761810
32761, 0.00761830
32762, 0.00761850
32763, 0.00761870
32764, 0.00761890
32765, 0.00761910
32766, 0.00761930
32767, 0.00761950
32768, 0.00761970
32769, 0.00762000
32770, 0.00762020
32771, 0.00762040
32772, 0.00762060
32773, 0.00762080
32774, 0.00762100
32775, 0.00762120
32776, 0.00762140
32777, 0.00762160
32778, 0.00762180
32779, 0.00762200
32780, 0.00762220
32781, 0.00762240
32782, 0.00762260
32783, 0.00762280
32784, 0.00762300
32785, 0.00762320
32786, 0.00762340
32787, 0.00762360
32788, 0.00762380
32789, 0.00762410
32790, 0.00762430
32791, 0.00762450
32792, 0.00762470
32793, 0.00762490
32794, 0.00762510
32795, 0.00762530
32796, 0.00762550
32797, 0.00762570
32798, 0.00762590
32799, 0.00762610
32800, 0.00762630
32801, 0.00762650
32802, 0.00762680
32803, 0.00762700
32804, 0.00762720
32805, 0.00762740
32806, 0.00762760
32807, 0.00762780
32808, 0.00762800
32809, 0.00762820
32810, 0.00762840
32811, 0.00762860
32812, 0.00762880
32813, 0.00762900
32814, 0.00762920
32815, 0.00762940
32816, 0.00762960
32817, 0.00762980
32818, 0.00763000
32819, 0.00763020
32820, 0.00763040
32821, 0.00763060
32822, 0.00763080
32823, 0.00763110
32824, 0.00763130
32825, 0.00763150
32826, 0.00763170
32827, 0.00763190
32828, 0.00763210
32829, 0.00763230
32830, 0.00763250
32831, 0.00763270
32832, 0.00763290
32833, 0.00763310
32834, 0.00763330
32835, 0.00763350
32836, 0.00763370
32837, 0.00763390
32838, 0.00763410
32839, 0.00763430
32840, 0.00763450
32841, 0.00763470
32842, 0.00763490
32843, 0.00763510
32844, 0.00763540
32845, 0.00763560
32846, 0.00763580
32847, 0.00763600
32848, 0.00763620
32849, 0.00763640
32850, 0.00763660
32851, 0.00763680
32852, 0.00763700
32853, 0.00763720
32854, 0.00763740
32855, 0.00763760
32856, 0.00763780
32857, 0.00763800
32858, 0.00763820
32859, 0.00763840
32860, 0.00763860
32861, 0.00763880
32862, 0.00763900
32863, 0.00763920
32864, 0.00763950
32865, 0.00763970
32866, 0.00763990
32867, 0.00764010
32868, 0.00764050
32869, 0.00764070
32870, 0.00764090
32871, 0.00764110
32872, 0.00764130
32873, 0.00764150
32874, 0.00764180
32875, 0.00764200
32876, 0.00764230
32877, 0.00764250
32878, 0.00764280
32879, 0.00764300
32880, 0.00764330
32881, 0.00764350
32882, 0.00764370
32883, 0.00764390
32884, 0.00764410
32885, 0.00764430
32886, 0.00764450
32887, 0.00764470
32888, 0.00764490
32889, 0.00764510
32890, 0.00764530
32891, 0.00764550
32892, 0.00764570
32893, 0.00764600
32894, 0.00764620
32895, 0.00764640
32896, 0.00764660
32897, 0.00764680
32898, 0.00764700
32899, 0.00764720
32900, 0.00764740
32901, 0.00764760
32902, 0.00764780
32903, 0.00764800
32904, 0.00764820
32905, 0.00764840
32906, 0.00764860
32907, 0.00764880
32908, 0.00764900
32909, 0.00764920
32910, 0.00764940
32911, 0.00764960
32912, 0.00764980
32913, 0.00765000
32914, 0.00765030
32915, 0.00765050
32916, 0.00765070
32917, 0.00765090
32918, 0.00765110
32919, 0.00765130
32920, 0.00765150
32921, 0.00765170
32922, 0.00765190
32923, 0.00765210
32924, 0.00765230
32925, 0.00765250
32926, 0.00765270
32927, 0.00765290
32928, 0.00765310
32929, 0.00765330
32930, 0.00765350
32931, 0.00765370
32932, 0.00765400
32933, 0.00765420
32934, 0.00765440
32935, 0.00765460
32936, 0.00765480
32937, 0.00765500
32938, 0.00765520
32939, 0.00765540
32940, 0.00765560
32941, 0.00765580
32942, 0.00765600
32943, 0.00765620
32944, 0.00765640
32945, 0.00765660
32946, 0.00765680
32947, 0.00765700
32948, 0.00765720
32949, 0.00765740
32950, 0.00765760
32951, 0.00765780
32952, 0.00765810
32953, 0.00765830
32954, 0.00765850
32955, 0.00765870
32956, 0.00765890
32957, 0.00765910
32958, 0.00765930
32959, 0.00765950
32960, 0.00765970
32961, 0.00765990
32962, 0.00766010
32963, 0.00766030
32964, 0.00766050
32965, 0.00766070
32966, 0.00766090
32967, 0.00766110
32968, 0.00766130
32969, 0.00766150
32970, 0.00766170
32971, 0.00766190
32972, 0.00766210
32973, 0.00766240
32974, 0.00766260
32975, 0.00766280
32976, 0.00766300
32977, 0.00766320
32978, 0.00766340
32979, 0.00766360
32980, 0.00766380
32981, 0.00766400
32982, 0.00766420
32983, 0.00766440
32984, 0.00766460
32985, 0.00766480
32986, 0.00766500
32987, 0.00766520
32988, 0.00766540
32989, 0.00766560
32990, 0.00766580
32991, 0.00766600
32992, 0.00766640
32993, 0.00766660
32994, 0.00766680
32995, 0.00766700
32996, 0.00766720
32997, 0.00766740
32998, 0.00766760
32999, 0.00766780
33000, 0.00766800
33001, 0.00766820
33002, 0.00766860
33003, 0.00766880
33004, 0.00766900
33005, 0.00766930
33006, 0.00766950
33007, 0.00766970
33008, 0.00767000
33009, 0.00767020
33010, 0.00767040
33011, 0.00767060
33012, 0.00767080
33013, 0.00767100
33014, 0.00767120
33015, 0.00767150
33016, 0.00767170
33017, 0.00767190
33018, 0.00767210
33019, 0.00767230
33020, 0.00767250
33021, 0.00767270
33022, 0.00767290
33023, 0.00767310
33024, 0.00767330
33025, 0.00767350
33026, 0.00767370
33027, 0.00767390
33028, 0.00767410
33029, 0.00767430
33030, 0.00767450
33031, 0.00767470
33032, 0.00767490
33033, 0.00767510
33034, 0.00767530
33035, 0.00767550
33036, 0.00767570
33037, 0.00767590
33038, 0.00767620
33039, 0.00767640
33040, 0.00767660
33041, 0.00767680
33042, 0.00767700
33043, 0.00767720
33044, 0.00767740
33045, 0.00767760
33046, 0.00767780
33047, 0.00767800
33048, 0.00767820
33049, 0.00767840
33050, 0.00767860
33051, 0.00767880
33052, 0.00767900
33053, 0.00767920
33054, 0.00767940
33055, 0.00767960
33056, 0.00767980
33057, 0.00768010
33058, 0.00768030
33059, 0.00768050
33060, 0.00768070
33061, 0.00768090
33062, 0.00768110
33063, 0.00768130
33064, 0.00768150
33065, 0.00768170
33066, 0.00768190
33067, 0.00768210
33068, 0.00768230
33069, 0.00768250
33070, 0.00768270
33071, 0.00768290
33072, 0.00768310
33073, 0.00768330
33074, 0.00768350
33075, 0.00768370
33076, 0.00768390
33077, 0.00768420
33078, 0.00768440
33079, 0.00768460
33080, 0.00768480
33081, 0.00768500
33082, 0.00768520
33083, 0.00768540
33084, 0.00768560
33085, 0.00768580
33086, 0.00768600
33087, 0.00768620
33088, 0.00768640
33089, 0.00768660
33090, 0.00768680
33091, 0.00768700
33092, 0.00768720
33093, 0.00768740
33094, 0.00768760
33095, 0.00768780
33096, 0.00768800
33097, 0.00768830
33098, 0.00768850
33099, 0.00768870
33100, 0.00768890
33101, 0.00768910
33102, 0.00768930
33103, 0.00768950
33104, 0.00768970
33105, 0.00768990
33106, 0.00769010
33107, 0.00769030
33108, 0.00769050
33109, 0.00769070
33110, 0.00769090
33111, 0.00769110
33112, 0.00769130
33113, 0.00769150
33114, 0.00769170
33115, 0.00769190
33116, 0.00769210
33117, 0.00769230
33118, 0.00769260
33119, 0.00769280
33120, 0.00769870
33121, 0.00769890
33122, 0.00769920
33123, 0.00769940
33124, 0.00769960
33125, 0.00769990
33126, 0.00770010
33127, 0.00770030
33128, 0.00770050
33129, 0.00770070
33130, 0.00770090
33131, 0.00770110
33132, 0.00770130
33133, 0.00770150
33134, 0.00770170
33135, 0.00770190
33136, 0.00770210
33137, 0.00770230
33138, 0.00770250
33139, 0.00770270
33140, 0.00770290
33141, 0.00770310
33142, 0.00770330
33143, 0.00770350
33144, 0.00770370
33145, 0.00770390
33146, 0.00770410
33147, 0.00770430
33148, 0.00770460
33149, 0.00770480
33150, 0.00770500
33151, 0.00770520
33152, 0.00770540
33153, 0.00770560
33154, 0.00770580
33155, 0.00770600
33156, 0.00770620
33157, 0.00770640
33158, 0.00770660
33159, 0.00770680
33160, 0.00770700
33161, 0.00770720
33162, 0.00770740
33163, 0.00770760
33164, 0.00770780
33165, 0.00770800
33166, 0.00770820
33167, 0.00770840
33168, 0.00770870
33169, 0.00770890
33170, 0.00770910
33171, 0.00770930
33172, 0.00770950
33173, 0.00770970
33174, 0.00770990
33175, 0.00771010
33176, 0.00771030
33177, 0.00771050
33178, 0.00771070
33179, 0.00771090
33180, 0.00771110
33181, 0.00771130
33182, 0.00771150
33183, 0.00771170
33184, 0.00771190
33185, 0.00771210
33186, 0.00771230
33187, 0.00771260
33188, 0.00771280
33189, 0.00771300
33190, 0.00771320
33191, 0.00771340
33192, 0.00771360
33193, 0.00771380
33194, 0.00771400
33195, 0.00771420
33196, 0.00771440
33197, 0.00771460
33198, 0.00771480
33199, 0.00771500
33200, 0.00771520
33201, 0.00771540
33202, 0.00771560
33203, 0.00771580
33204, 0.00771600
33205, 0.00771620
33206, 0.00771650
33207, 0.00771670
33208, 0.00771690
33209, 0.00771710
33210, 0.00771730
33211, 0.00771750
33212, 0.00771770
33213, 0.00771790
33214, 0.00771810
33215, 0.00771830
33216, 0.00771850
33217, 0.00771870
33218, 0.00771890
33219, 0.00771910
33220, 0.00771930
33221, 0.00771950
33222, 0.00771970
33223, 0.00771990
33224, 0.00772010
33225, 0.00772030
33226, 0.00772060
33227, 0.00772080
33228, 0.00772100
33229, 0.00772120
33230, 0.00772140
33231, 0.00772160
33232, 0.00772180
33233, 0.00772200
33234, 0.00772220
33235, 0.00772240
33236, 0.00772260
33237, 0.00772280
33238, 0.00772300
33239, 0.00772320
33240, 0.00772340
33241, 0.00772360
33242, 0.00772380
33243, 0.00772400
33244, 0.00772420
33245, 0.00772450
33246, 0.00772480
33247, 0.00772500
33248, 0.00772520
33249, 0.00772540
33250, 0.00772570
33251, 0.00772590
33252, 0.00772610
33253, 0.00772630
33254, 0.00772650
33255, 0.00772670
33256, 0.00772700
33257, 0.00772720
33258, 0.00772750
33259, 0.00772770
33260, 0.00772800
33261, 0.00772820
33262, 0.00772850
33263, 0.00772870
33264, 0.00772890
33265, 0.00772910
33266, 0.00772930
33267, 0.00772950
33268, 0.00772970
33269, 0.00772990
33270, 0.00773010
33271, 0.00773030
33272, 0.00773050
33273, 0.00773070
33274, 0.00773090
33275, 0.00773110
33276, 0.00773140
33277, 0.00773160
33278, 0.00773180
33279, 0.00773200
33280, 0.00773220
33281, 0.00773240
33282, 0.00773260
33283, 0.00773280
33284, 0.00773300
33285, 0.00773320
33286, 0.00773340
33287, 0.00773360
33288, 0.00773380
33289, 0.00773400
33290, 0.00773420
33291, 0.00773440
33292, 0.00773460
33293, 0.00773480
33294, 0.00773500
33295, 0.00773520
33296, 0.00773540
33297, 0.00773560
33298, 0.00773580
33299, 0.00773610
33300, 0.00773630
33301, 0.00773650
33302, 0.00773670
33303, 0.00773690
33304, 0.00773710
33305, 0.00773730
33306, 0.00773750
33307, 0.00773770
33308, 0.00773790
33309, 0.00773810
33310, 0.00773830
33311, 0.00773850
33312, 0.00773870
33313, 0.00773890
33314, 0.00773910
33315, 0.00773930
33316, 0.00773950
33317, 0.00773970
33318, 0.00773990
33319, 0.00774020
33320, 0.00774040
33321, 0.00774060
33322, 0.00774080
33323, 0.00774100
33324, 0.00774120
33325, 0.00774140
33326, 0.00774160
33327, 0.00774180
33328, 0.00774200
33329, 0.00774220
33330, 0.00774240
33331, 0.00774260
33332, 0.00774280
33333, 0.00774300
33334, 0.00774320
33335, 0.00774340
33336, 0.00774360
33337, 0.00774380
33338, 0.00774410
33339, 0.00774430
33340, 0.00774450
33341, 0.00774470
33342, 0.00774490
33343, 0.00774510
33344, 0.00774530
33345, 0.00774550
33346, 0.00774570
33347, 0.00774590
33348, 0.00774610
33349, 0.00774630
33350, 0.00774650
33351, 0.00774670
33352, 0.00774690
33353, 0.00774710
33354, 0.00774730
33355, 0.00774750
33356, 0.00774780
33357, 0.00774800
33358, 0.00774820
33359, 0.00774840
33360, 0.00774860
33361, 0.00774880
33362, 0.00774900
33363, 0.00774920
33364, 0.00774940
33365, 0.00774960
33366, 0.00774980
33367, 0.00775000
33368, 0.00775020
33369, 0.00775040
33370, 0.00775060
33371, 0.00775080
33372, 0.00775100
33373, 0.00775120
33374, 0.00775160
33375, 0.00775180
33376, 0.00775200
33377, 0.00775220
33378, 0.00775250
33379, 0.00775270
33380, 0.00775290
33381, 0.00775310
33382, 0.00775330
33383, 0.00775350
33384, 0.00775380
33385, 0.00775400
33386, 0.00775430
33387, 0.00775450
33388, 0.00775480
33389, 0.00775500
33390, 0.00775530
33391, 0.00775550
33392, 0.00775570
33393, 0.00775590
33394, 0.00775610
33395, 0.00775630
33396, 0.00775650
33397, 0.00775670
33398, 0.00775690
33399, 0.00775710
33400, 0.00775730
33401, 0.00775750
33402, 0.00775770
33403, 0.00775790
33404, 0.00775810
33405, 0.00775830
33406, 0.00775850
33407, 0.00775870
33408, 0.00775890
33409, 0.00775920
33410, 0.00775940
33411, 0.00775960
33412, 0.00775980
33413, 0.00776000
33414, 0.00776020
33415, 0.00776040
33416, 0.00776060
33417, 0.00776080
33418, 0.00776100
33419, 0.00776120
33420, 0.00776140
33421, 0.00776160
33422, 0.00776180
33423, 0.00776200
33424, 0.00776220
33425, 0.00776240
33426, 0.00776260
33427, 0.00776280
33428, 0.00776300
33429, 0.00776320
33430, 0.00776340
33431, 0.00776360
33432, 0.00776390
33433, 0.00776410
33434, 0.00776430
33435, 0.00776450
33436, 0.00776470
33437, 0.00776490
33438, 0.00776510
33439, 0.00776530
33440, 0.00776550
33441, 0.00776570
33442, 0.00776590
33443, 0.00776610
33444, 0.00776630
33445, 0.00776650
33446, 0.00776670
33447, 0.00776690
33448, 0.00776710
33449, 0.00776730
33450, 0.00776750
33451, 0.00776780
33452, 0.00776800
33453, 0.00776820
33454, 0.00776840
33455, 0.00776860
33456, 0.00776880
33457, 0.00776900
33458, 0.00776920
33459, 0.00776940
33460, 0.00776960
33461, 0.00776980
33462, 0.00777000
33463, 0.00777020
33464, 0.00777040
33465, 0.00777060
33466, 0.00777080
33467, 0.00777100
33468, 0.00777120
33469, 0.00777140
33470, 0.00777160
33471, 0.00777180
33472, 0.00777200
33473, 0.00777220
33474, 0.00777250
33475, 0.00777270
33476, 0.00777290
33477, 0.00777310
33478, 0.00777330
33479, 0.00777350
33480, 0.00777370
33481, 0.00777390
33482, 0.00777410
33483, 0.00777430
33484, 0.00777450
33485, 0.00777470
33486, 0.00777490
33487, 0.00777510
33488, 0.00777530
33489, 0.00777550
33490, 0.00777570
33491, 0.00777590
33492, 0.00777620
33493, 0.00777640
33494, 0.00777660
33495, 0.00777680
33496, 0.00777700
33497, 0.00777720
33498, 0.00777740
33499, 0.00777760
33500, 0.00777780
33501, 0.00777800
33502, 0.00777840
33503, 0.00777860
33504, 0.00777880
33505, 0.00777900
33506, 0.00777920
33507, 0.00777940
33508, 0.00777960
33509, 0.00777980
33510, 0.00778000
33511, 0.00778020
33512, 0.00778050
33513, 0.00778100
33514, 0.00778150
33515, 0.00778190
33516, 0.00778240
33517, 0.00778280
33518, 0.00778310
33519, 0.00778350
33520, 0.00778390
33521, 0.00778430
33522, 0.00778470
33523, 0.00778500
33524, 0.00778540
33525, 0.00778580
33526, 0.00778620
33527, 0.00778660
33528, 0.00778700
33529, 0.00778740
33530, 0.00778780
33531, 0.00778820
33532, 0.00778860
33533, 0.00778900
33534, 0.00778940
33535, 0.00778970
33536, 0.00779010
33537, 0.00779050
33538, 0.00779090
33539, 0.00779130
33540, 0.00779170
33541, 0.00779210
33542, 0.00779250
33543, 0.00779290
33544, 0.00779330
33545, 0.00779360
33546, 0.00779400
33547, 0.00779420
33548, 0.00779440
33549, 0.00779460
33550, 0.00779490
33551, 0.00779510
33552, 0.00779530
33553, 0.00779550
33554, 0.00779570
33555, 0.00779590
33556, 0.00779610
33557, 0.00779630
33558, 0.00779650
33559, 0.00779670
33560, 0.00779690
33561, 0.00779710
33562, 0.00779730
33563, 0.00779750
33564, 0.00779770
33565, 0.00779790
33566, 0.00779810
33567, 0.00779830
33568, 0.00779850
33569, 0.00779870
33570, 0.00779890
33571, 0.00779910
33572, 0.00779940
33573, 0.00779960
33574, 0.00779980
33575, 0.00780000
33576, 0.00780020
33577, 0.00780040
33578, 0.00780060
33579, 0.00780080
33580, 0.00780100
33581, 0.00780120
33582, 0.00780140
33583, 0.00780160
33584, 0.00780180
33585, 0.00780200
33586, 0.00780220
33587, 0.00780240
33588, 0.00780260
33589, 0.00780280
33590, 0.00780300
33591, 0.00780320
33592, 0.00780350
33593, 0.00780370
33594, 0.00780390
33595, 0.00780410
33596, 0.00780430
33597, 0.00780450
33598, 0.00780470
33599, 0.00780490
33600, 0.00780510
33601, 0.00780530
33602, 0.00780550
33603, 0.00780570
33604, 0.00780590
33605, 0.00780610
33606, 0.00780630
33607, 0.00780650
33608, 0.00780670
33609, 0.00780690
33610, 0.00780710
33611, 0.00780730
33612, 0.00780760
33613, 0.00780780
33614, 0.00780800
33615, 0.00780820
33616, 0.00780840
33617, 0.00780860
33618, 0.00780880
33619, 0.00780900
33620, 0.00780920
33621, 0.00780940
33622, 0.00780960
33623, 0.00780980
33624, 0.00781000
33625, 0.00781020
33626, 0.00781040
33627, 0.00781060
33628, 0.00781080
33629, 0.00781110
33630, 0.00781150
33631, 0.00781170
33632, 0.00781190
33633, 0.00781210
33634, 0.00781230
33635, 0.00781250
33636, 0.00781280
33637, 0.00781300
33638, 0.00781320
33639, 0.00781340
33640, 0.00781380
33641, 0.00781400
33642, 0.00781420
33643, 0.00781440
33644, 0.00781470
33645, 0.00781490
33646, 0.00781520
33647, 0.00781540
33648, 0.00781560
33649, 0.00781590
33650, 0.00781610
33651, 0.00781630
33652, 0.00781650
33653, 0.00781670
33654, 0.00781690
33655, 0.00781710
33656, 0.00781730
33657, 0.00781750
33658, 0.00781770
33659, 0.00781790
33660, 0.00781810
33661, 0.00781830
33662, 0.00781850
33663, 0.00781870
33664, 0.00781890
33665, 0.00781910
33666, 0.00781930
33667, 0.00781950
33668, 0.00781970
33669, 0.00781990
33670, 0.00782010
33671, 0.00782040
33672, 0.00782060
33673, 0.00782080
33674, 0.00782100
33675, 0.00782120
33676, 0.00782140
33677, 0.00782160
33678, 0.00782180
33679, 0.00782200
33680, 0.00782220
33681, 0.00782240
33682, 0.00782260
33683, 0.00782280
33684, 0.00782300
33685, 0.00782320
33686, 0.00782340
33687, 0.00782360
33688, 0.00782380
33689, 0.00782400
33690, 0.00782430
33691, 0.00782450
33692, 0.00782470
33693, 0.00782490
33694, 0.00782510
33695, 0.00782530
33696, 0.00782550
33697, 0.00782570
33698, 0.00782590
33699, 0.00782610
33700, 0.00782630
33701, 0.00782650
33702, 0.00782670
33703, 0.00782690
33704, 0.00782710
33705, 0.00782730
33706, 0.00782750
33707, 0.00782770
33708, 0.00782790
33709, 0.00782820
33710, 0.00782840
33711, 0.00782860
33712, 0.00782880
33713, 0.00782900
33714, 0.00782920
33715, 0.00782940
33716, 0.00782960
33717, 0.00782980
33718, 0.00783000
33719, 0.00783020
33720, 0.00783040
33721, 0.00783060
33722, 0.00783080
33723, 0.00783100
33724, 0.00783120
33725, 0.00783140
33726, 0.00783160
33727, 0.00783180
33728, 0.00783200
33729, 0.00783230
33730, 0.00783250
33731, 0.00783270
33732, 0.00783290
33733, 0.00783310
33734, 0.00783330
33735, 0.00783350
33736, 0.00783370
33737, 0.00783390
33738, 0.00783410
33739, 0.00783430
33740, 0.00783450
33741, 0.00783470
33742, 0.00783490
33743, 0.00783510
33744, 0.00783530
33745, 0.00783550
33746, 0.00783570
33747, 0.00783590
33748, 0.00783610
33749, 0.00783630
33750, 0.00783660
33751, 0.00783680
33752, 0.00783700
33753, 0.00783720
33754, 0.00783740
33755, 0.00783760
33756, 0.00783790
33757, 0.00783810
33758, 0.00783830
33759, 0.00783850
33760, 0.00783880
33761, 0.00783900
33762, 0.00783920
33763, 0.00783940
33764, 0.00783960
33765, 0.00783980
33766, 0.00784010
33767, 0.00784030
33768, 0.00784060
33769, 0.00784080
33770, 0.00784110
33771, 0.00784130
33772, 0.00784150
33773, 0.00784180
33774, 0.00784200
33775, 0.00784220
33776, 0.00784240
33777, 0.00784260
33778, 0.00784280
33779, 0.00784300
33780, 0.00784320
33781, 0.00784340
33782, 0.00784360
33783, 0.00784380
33784, 0.00784400
33785, 0.00784420
33786, 0.00784440
33787, 0.00784460
33788, 0.00784480
33789, 0.00784500
33790, 0.00784520
33791, 0.00784550
33792, 0.00784570
33793, 0.00784590
33794, 0.00784610
33795, 0.00784630
33796, 0.00784650
33797, 0.00784670
33798, 0.00784690
33799, 0.00784710
33800, 0.00784730
33801, 0.00784750
33802, 0.00784770
33803, 0.00784790
33804, 0.00784810
33805, 0.00784830
33806, 0.00784850
33807, 0.00784870
33808, 0.00784890
33809, 0.00784910
33810, 0.00784930
33811, 0.00784960
33812, 0.00784980
33813, 0.00785000
33814, 0.00785020
33815, 0.00785040
33816, 0.00785060
33817, 0.00785080
33818, 0.00785100
33819, 0.00785120
33820, 0.00785140
33821, 0.00785160
33822, 0.00785180
33823, 0.00785200
33824, 0.00785220
33825, 0.00785250
33826, 0.00785270
33827, 0.00785290
33828, 0.00785310
33829, 0.00785330
33830, 0.00785350
33831, 0.00785370
33832, 0.00785390
33833, 0.00785410
33834, 0.00785430
33835, 0.00785450
33836, 0.00785470
33837, 0.00785490
33838, 0.00785510
33839, 0.00785540
33840, 0.00785560
33841, 0.00785580
33842, 0.00785600
33843, 0.00785620
33844, 0.00785640
33845, 0.00785660
33846, 0.00785680
33847, 0.00785700
33848, 0.00785720
33849, 0.00785740
33850, 0.00785760
33851, 0.00785780
33852, 0.00785800
33853, 0.00785820
33854, 0.00785840
33855, 0.00785860
33856, 0.00785880
33857, 0.00785900
33858, 0.00785920
33859, 0.00785950
33860, 0.00785970
33861, 0.00785990
33862, 0.00786010
33863, 0.00786030
33864, 0.00786050
33865, 0.00786070
33866, 0.00786090
33867, 0.00786110
33868, 0.00786130
33869, 0.00786150
33870, 0.00786170
33871, 0.00786190
33872, 0.00786210
33873, 0.00786230
33874, 0.00786260
33875, 0.00786280
33876, 0.00786300
33877, 0.00786320
33878, 0.00786340
33879, 0.00786360
33880, 0.00786380
33881, 0.00786400
33882, 0.00786420
33883, 0.00786440
33884, 0.00786470
33885, 0.00786490
33886, 0.00786510
33887, 0.00786530
33888, 0.00786560
33889, 0.00786580
33890, 0.00786600
33891, 0.00786620
33892, 0.00786640
33893, 0.00786660
33894, 0.00786690
33895, 0.00786710
33896, 0.00786740
33897, 0.00786770
33898, 0.00786790
33899, 0.00786820
33900, 0.00786840
33901, 0.00786860
33902, 0.00786890
33903, 0.00786910
33904, 0.00786930
33905, 0.00786950
33906, 0.00786970
33907, 0.00786990
33908, 0.00787010
33909, 0.00787030
33910, 0.00787050
33911, 0.00787070
33912, 0.00787090
33913, 0.00787110
33914, 0.00787130
33915, 0.00787150
33916, 0.00787170
33917, 0.00787190
33918, 0.00787210
33919, 0.00787230
33920, 0.00787250
33921, 0.00787270
33922, 0.00787300
33923, 0.00787320
33924, 0.00787340
33925, 0.00787360
33926, 0.00787380
33927, 0.00787400
33928, 0.00787420
33929, 0.00787440
33930, 0.00787460
33931, 0.00787480
33932, 0.00787500
33933, 0.00787520
33934, 0.00787540
33935, 0.00787560
33936, 0.00787580
33937, 0.00787600
33938, 0.00787620
33939, 0.00787640
33940, 0.00787660
33941, 0.00787680
33942, 0.00787700
33943, 0.00787720
33944, 0.00787750
33945, 0.00787770
33946, 0.00787790
33947, 0.00787810
33948, 0.00787830
33949, 0.00787850
33950, 0.00787870
33951, 0.00787890
33952, 0.00787910
33953, 0.00787930
33954, 0.00787950
33955, 0.00787970
33956, 0.00787990
33957, 0.00788010
33958, 0.00788030
33959, 0.00788050
33960, 0.00788070
33961, 0.00788090
33962, 0.00788110
33963, 0.00788140
33964, 0.00788160
33965, 0.00788180
33966, 0.00788200
33967, 0.00788220
33968, 0.00788240
33969, 0.00788260
33970, 0.00788280
33971, 0.00788300
33972, 0.00788320
33973, 0.00788340
33974, 0.00788360
33975, 0.00788380
33976, 0.00788400
33977, 0.00788420
33978, 0.00788440
33979, 0.00788460
33980, 0.00788480
33981, 0.00788500
33982, 0.00788530
33983, 0.00788550
33984, 0.00788570
33985, 0.00788590
33986, 0.00788610
33987, 0.00788630
33988, 0.00788650
33989, 0.00788670
33990, 0.00788690
33991, 0.00788710
33992, 0.00788730
33993, 0.00788750
33994, 0.00788770
33995, 0.00788790
33996, 0.00788810
33997, 0.00788830
33998, 0.00788860
33999, 0.00788880
34000, 0.00788900
34001, 0.00788920
34002, 0.00788940
34003, 0.00788960
34004, 0.00788980
34005, 0.00789000
34006, 0.00789020
34007, 0.00789040
34008, 0.00789060
34009, 0.00789080
34010, 0.00789100
34011, 0.00789120
34012, 0.00789150
34013, 0.00789170
34014, 0.00789190
34015, 0.00789220
34016, 0.00789240
34017, 0.00789260
34018, 0.00789280
34019, 0.00789300
34020, 0.00789320
34021, 0.00789340
34022, 0.00789370
34023, 0.00789390
34024, 0.00789420
34025, 0.00789440
34026, 0.00789470
34027, 0.00789490
34028, 0.00789510
34029, 0.00789540
34030, 0.00789560
34031, 0.00789580
34032, 0.00789600
34033, 0.00789620
34034, 0.00789640
34035, 0.00789660
34036, 0.00789680
34037, 0.00789700
34038, 0.00789720
34039, 0.00789740
34040, 0.00789760
34041, 0.00789780
34042, 0.00789800
34043, 0.00789820
34044, 0.00789840
34045, 0.00789860
34046, 0.00789880
34047, 0.00789900
34048, 0.00789920
34049, 0.00789940
34050, 0.00789960
34051, 0.00789990
34052, 0.00790010
34053, 0.00790030
34054, 0.00790050
34055, 0.00790070
34056, 0.00790090
34057, 0.00790110
34058, 0.00790130
34059, 0.00790150
34060, 0.00790170
34061, 0.00790190
34062, 0.00790210
34063, 0.00790230
34064, 0.00790250
34065, 0.00790270
34066, 0.00790290
34067, 0.00790310
34068, 0.00790330
34069, 0.00790350
34070, 0.00790370
34071, 0.00790390
34072, 0.00790420
34073, 0.00790440
34074, 0.00790460
34075, 0.00790480
34076, 0.00790500
34077, 0.00790520
34078, 0.00790540
34079, 0.00790560
34080, 0.00790580
34081, 0.00790600
34082, 0.00790620
34083, 0.00790640
34084, 0.00790660
34085, 0.00790680
34086, 0.00790700
34087, 0.00790720
34088, 0.00790740
34089, 0.00790760
34090, 0.00790780
34091, 0.00790810
34092, 0.00790830
34093, 0.00790850
34094, 0.00790870
34095, 0.00790890
34096, 0.00790910
34097, 0.00790930
34098, 0.00790950
34099, 0.00790970
34100, 0.00790990
34101, 0.00791010
34102, 0.00791030
34103, 0.00791050
34104, 0.00791070
34105, 0.00791090
34106, 0.00791110
34107, 0.00791130
34108, 0.00791150
34109, 0.00791170
34110, 0.00791190
34111, 0.00791220
34112, 0.00791240
34113, 0.00791260
34114, 0.00791280
34115, 0.00791300
34116, 0.00791320
34117, 0.00791340
34118, 0.00791360
34119, 0.00791380
34120, 0.00791400
34121, 0.00791420
34122, 0.00791440
34123, 0.00791460
34124, 0.00791480
34125, 0.00791500
34126, 0.00791520
34127, 0.00791540
34128, 0.00791560
34129, 0.00791580
34130, 0.00791610
34131, 0.00791630
34132, 0.00791650
34133, 0.00791670
34134, 0.00791690
34135, 0.00791710
34136, 0.00791730
34137, 0.00791750
34138, 0.00791770
34139, 0.00791790
34140, 0.00791830
34141, 0.00791850
34142, 0.00791880
34143, 0.00791900
34144, 0.00791920
34145, 0.00791940
34146, 0.00791960
34147, 0.00791980
34148, 0.00792010
34149, 0.00792030
34150, 0.00792060
34151, 0.00792080
34152, 0.00792110
34153, 0.00792130
34154, 0.00792160
34155, 0.00792180
34156, 0.00792210
34157, 0.00792230
34158, 0.00792250
34159, 0.00792270
34160, 0.00792290
34161, 0.00792310
34162, 0.00792330
34163, 0.00792350
34164, 0.00792370
34165, 0.00792390
34166, 0.00792410
34167, 0.00792430
34168, 0.00792450
34169, 0.00792470
34170, 0.00792490
34171, 0.00792520
34172, 0.00792540
34173, 0.00792560
34174, 0.00792580
34175, 0.00792600
34176, 0.00792620
34177, 0.00792640
34178, 0.00792660
34179, 0.00792680
34180, 0.00792700
34181, 0.00792720
34182, 0.00792740
34183, 0.00792760
34184, 0.00792780
34185, 0.00792800
34186, 0.00792820
34187, 0.00792840
34188, 0.00792860
34189, 0.00792880
34190, 0.00792900
34191, 0.00792920
34192, 0.00792940
34193, 0.00792970
34194, 0.00792990
34195, 0.00793010
34196, 0.00793030
34197, 0.00793050
34198, 0.00793070
34199, 0.00793090
34200, 0.00793110
34201, 0.00793130
34202, 0.00793150
34203, 0.00793170
34204, 0.00793190
34205, 0.00793210
34206, 0.00793230
34207, 0.00793250
34208, 0.00793270
34209, 0.00793290
34210, 0.00793310
34211, 0.00793330
34212, 0.00793350
34213, 0.00793370
34214, 0.00793400
34215, 0.00793420
34216, 0.00793440
34217, 0.00793460
34218, 0.00793480
34219, 0.00793500
34220, 0.00793520
34221, 0.00793540
34222, 0.00793560
34223, 0.00793580
34224, 0.00793600
34225, 0.00793620
34226, 0.00793640
34227, 0.00793660
34228, 0.00793680
34229, 0.00793700
34230, 0.00793720
34231, 0.00793740
34232, 0.00793760
34233, 0.00793780
34234, 0.00793810
34235, 0.00793830
34236, 0.00793850
34237, 0.00793870
34238, 0.00793890
34239, 0.00793910
34240, 0.00793930
34241, 0.00793950
34242, 0.00793970
34243, 0.00793990
34244, 0.00794010
34245, 0.00794030
34246, 0.00794050
34247, 0.00794070
34248, 0.00794090
34249, 0.00794110
34250, 0.00794130
34251, 0.00794150
34252, 0.00794170
34253, 0.00794200
34254, 0.00794220
34255, 0.00794240
34256, 0.00794260
34257, 0.00794280
34258, 0.00794300
34259, 0.00794320
34260, 0.00794340
34261, 0.00794360
34262, 0.00794380
34263, 0.00794400
34264, 0.00794420
34265, 0.00794440
34266, 0.00794470
34267, 0.00794490
34268, 0.00794510
34269, 0.00794530
34270, 0.00794560
34271, 0.00794580
34272, 0.00794600
34273, 0.00794630
34274, 0.00794650
34275, 0.00794670
34276, 0.00794700
34277, 0.00794720
34278, 0.00794750
34279, 0.00794770
34280, 0.00794790
34281, 0.00794810
34282, 0.00794860
34283, 0.00794880
34284, 0.00794900
34285, 0.00794920
34286, 0.00794940
34287, 0.00794960
34288, 0.00794980
34289, 0.00795010
34290, 0.00795030
34291, 0.00795050
34292, 0.00795070
34293, 0.00795090
34294, 0.00795140
34295, 0.00795190
34296, 0.00795220
34297, 0.00795260
34298, 0.00795300
34299, 0.00795340
34300, 0.00795370
34301, 0.00795410
34302, 0.00795450
34303, 0.00795490
34304, 0.00795530
34305, 0.00795560
34306, 0.00795610
34307, 0.00795640
34308, 0.00795690
34309, 0.00795730
34310, 0.00795770
34311, 0.00795810
34312, 0.00795850
34313, 0.00795880
34314, 0.00795920
34315, 0.00795960
34316, 0.00796000
34317, 0.00796040
34318, 0.00796070
34319, 0.00796120
34320, 0.00796150
34321, 0.00796190
34322, 0.00796230
34323, 0.00796270
34324, 0.00796310
34325, 0.00796350
34326, 0.00796380
34327, 0.00796400
34328, 0.00796420
34329, 0.00796450
34330, 0.00796470
34331, 0.00796490
34332, 0.00796510
34333, 0.00796530
34334, 0.00796550
34335, 0.00796570
34336, 0.00796590
34337, 0.00796610
34338, 0.00796630
34339, 0.00796650
34340, 0.00796670
34341, 0.00796690
34342, 0.00796710
34343, 0.00796730
34344, 0.00796750
34345, 0.00796770
34346, 0.00796790
34347, 0.00796810
34348, 0.00796830
34349, 0.00796850
34350, 0.00796880
34351, 0.00796900
34352, 0.00796920
34353, 0.00796940
34354, 0.00796960
34355, 0.00796980
34356, 0.00797000
34357, 0.00797020
34358, 0.00797040
34359, 0.00797060
34360, 0.00797080
34361, 0.00797100
34362, 0.00797120
34363, 0.00797140
34364, 0.00797160
34365, 0.00797180
34366, 0.00797200
34367, 0.00797220
34368, 0.00797240
34369, 0.00797260
34370, 0.00797290
34371, 0.00797310
34372, 0.00797330
34373, 0.00797350
34374, 0.00797370
34375, 0.00797390
34376, 0.00797410
34377, 0.00797430
34378, 0.00797450
34379, 0.00797470
34380, 0.00797490
34381, 0.00797510
34382, 0.00797530
34383, 0.00797550
34384, 0.00797570
34385, 0.00797590
34386, 0.00797610
34387, 0.00797630
34388, 0.00797650
34389, 0.00797670
34390, 0.00797690
34391, 0.00797710
34392, 0.00797730
34393, 0.00797760
34394, 0.00797790
34395, 0.00797810
34396, 0.00797830
34397, 0.00797850
34398, 0.00797880
34399, 0.00797900
34400, 0.00797920
34401, 0.00797940
34402, 0.00797960
34403, 0.00797980
34404, 0.00798010
34405, 0.00798030
34406, 0.00798060
34407, 0.00798080
34408, 0.00798110
34409, 0.00798130
34410, 0.00798160
34411, 0.00798180
34412, 0.00798200
34413, 0.00798220
34414, 0.00798240
34415, 0.00798260
34416, 0.00798280
34417, 0.00798300
34418, 0.00798320
34419, 0.00798340
34420, 0.00798370
34421, 0.00798390
34422, 0.00798410
34423, 0.00798430
34424, 0.00798450
34425, 0.00798470
34426, 0.00798490
34427, 0.00798510
34428, 0.00798530
34429, 0.00798550
34430, 0.00798570
34431, 0.00798590
34432, 0.00798610
34433, 0.00798630
34434, 0.00798650
34435, 0.00798670
34436, 0.00798690
34437, 0.00798710
34438, 0.00798730
34439, 0.00798750
34440, 0.00798770
34441, 0.00798790
34442, 0.00798810
34443, 0.00798840
34444, 0.00798860
34445, 0.00798880
34446, 0.00798900
34447, 0.00798920
34448, 0.00798940
34449, 0.00798960
34450, 0.00798980
34451, 0.00799000
34452, 0.00799020
34453, 0.00799040
34454, 0.00799060
34455, 0.00799080
34456, 0.00799100
34457, 0.00799120
34458, 0.00799140
34459, 0.00799160
34460, 0.00799180
34461, 0.00799210
34462, 0.00799230
34463, 0.00799250
34464, 0.00799270
34465, 0.00799290
34466, 0.00799310
34467, 0.00799330
34468, 0.00799350
34469, 0.00799370
34470, 0.00799390
34471, 0.00799410
34472, 0.00799430
34473, 0.00799450
34474, 0.00799470
34475, 0.00799490
34476, 0.00799510
34477, 0.00799530
34478, 0.00799560
34479, 0.00799580
34480, 0.00799600
34481, 0.00799620
34482, 0.00799640
34483, 0.00799660
34484, 0.00799680
34485, 0.00799700
34486, 0.00799720
34487, 0.00799740
34488, 0.00799760
34489, 0.00799780
34490, 0.00799800
34491, 0.00799820
34492, 0.00799840
34493, 0.00799860
34494, 0.00799880
34495, 0.00799900
34496, 0.00799920
34497, 0.00799940
34498, 0.00799960
34499, 0.00799990
34500, 0.00800010
34501, 0.00800030
34502, 0.00800050
34503, 0.00800070
34504, 0.00800090
34505, 0.00800110
34506, 0.00800130
34507, 0.00800150
34508, 0.00800170
34509, 0.00800190
34510, 0.00800210
34511, 0.00800230
34512, 0.00800250
34513, 0.00800270
34514, 0.00800290
34515, 0.00800310
34516, 0.00800330
34517, 0.00800350
34518, 0.00800370
34519, 0.00800390
34520, 0.00800420
34521, 0.00800440
34522, 0.00800470
34523, 0.00800490
34524, 0.00800510
34525, 0.00800530
34526, 0.00800550
34527, 0.00800570
34528, 0.00800590
34529, 0.00800610
34530, 0.00800630
34531, 0.00800650
34532, 0.00800680
34533, 0.00800700
34534, 0.00800720
34535, 0.00800750
34536, 0.00800770
34537, 0.00800800
34538, 0.00800820
34539, 0.00800840
34540, 0.00800860
34541, 0.00800880
34542, 0.00800900
34543, 0.00800920
34544, 0.00800950
34545, 0.00800970
34546, 0.00800990
34547, 0.00801010
34548, 0.00801030
34549, 0.00801050
34550, 0.00801070
34551, 0.00801090
34552, 0.00801110
34553, 0.00801130
34554, 0.00801150
34555, 0.00801170
34556, 0.00801190
34557, 0.00801210
34558, 0.00801230
34559, 0.00801250
34560, 0.00801270
34561, 0.00801290
34562, 0.00801310
34563, 0.00801330
34564, 0.00801350
34565, 0.00801370
34566, 0.00801390
34567, 0.00801420
34568, 0.00801440
34569, 0.00801460
34570, 0.00801480
34571, 0.00801500
34572, 0.00801520
34573, 0.00801540
34574, 0.00801560
34575, 0.00801580
34576, 0.00801600
34577, 0.00801620
34578, 0.00801640
34579, 0.00801660
34580, 0.00801680
34581, 0.00801700
34582, 0.00801720
34583, 0.00801750
34584, 0.00801770
34585, 0.00801790
34586, 0.00801810
34587, 0.00801830
34588, 0.00801850
34589, 0.00801870
34590, 0.00801890
34591, 0.00801910
34592, 0.00801930
34593, 0.00801950
34594, 0.00801970
34595, 0.00801990
34596, 0.00802010
34597, 0.00802030
34598, 0.00802050
34599, 0.00802070
34600, 0.00802090
34601, 0.00802110
34602, 0.00802130
34603, 0.00802150
34604, 0.00802180
34605, 0.00802200
34606, 0.00802220
34607, 0.00802240
34608, 0.00802260
34609, 0.00802280
34610, 0.00802300
34611, 0.00802320
34612, 0.00802340
34613, 0.00802360
34614, 0.00802380
34615, 0.00802400
34616, 0.00802420
34617, 0.00802440
34618, 0.00802460
34619, 0.00802480
34620, 0.00802500
34621, 0.00802520
34622, 0.00802540
34623, 0.00802560
34624, 0.00802580
34625, 0.00802610
34626, 0.00802630
34627, 0.00802650
34628, 0.00802670
34629, 0.00802690
34630, 0.00802710
34631, 0.00802730
34632, 0.00802750
34633, 0.00802770
34634, 0.00802790
34635, 0.00802810
34636, 0.00802830
34637, 0.00802850
34638, 0.00802870
34639, 0.00802890
34640, 0.00802910
34641, 0.00802930
34642, 0.00802950
34643, 0.00802970
34644, 0.00802990
34645, 0.00803010
34646, 0.00803040
34647, 0.00803060
34648, 0.00803080
34649, 0.00803100
34650, 0.00803130
34651, 0.00803150
34652, 0.00803180
34653, 0.00803200
34654, 0.00803220
34655, 0.00803240
34656, 0.00803260
34657, 0.00803280
34658, 0.00803310
34659, 0.00803330
34660, 0.00803360
34661, 0.00803380
34662, 0.00803410
34663, 0.00803430
34664, 0.00803450
34665, 0.00803480
34666, 0.00803500
34667, 0.00803520
34668, 0.00803540
34669, 0.00803560
34670, 0.00803580
34671, 0.00803600
34672, 0.00803620
34673, 0.00803650
34674, 0.00803670
34675, 0.00803690
34676, 0.00803710
34677, 0.00803730
34678, 0.00803750
34679, 0.00803770
34680, 0.00803790
34681, 0.00803810
34682, 0.00803830
34683, 0.00803850
34684, 0.00803870
34685, 0.00803890
34686, 0.00803910
34687, 0.00803930
34688, 0.00803950
34689, 0.00803970
34690, 0.00803990
34691, 0.00804010
34692, 0.00804030
34693, 0.00804050
34694, 0.00804070
34695, 0.00804100
34696, 0.00804120
34697, 0.00804140
34698, 0.00804160
34699, 0.00804180
34700, 0.00804200
34701, 0.00804220
34702, 0.00804240
34703, 0.00804260
34704, 0.00804280
34705, 0.00804300
34706, 0.00804320
34707, 0.00804340
34708, 0.00804360
34709, 0.00804380
34710, 0.00804400
34711, 0.00804420
34712, 0.00804440
34713, 0.00804460
34714, 0.00804480
34715, 0.00804510
34716, 0.00804530
34717, 0.00804550
34718, 0.00804570
34719, 0.00804600
34720, 0.00804620
34721, 0.00804640
34722, 0.00804660
34723, 0.00804680
34724, 0.00804710
34725, 0.00804730
34726, 0.00804750
34727, 0.00804770
34728, 0.00804790
34729, 0.00804810
34730, 0.00804830
34731, 0.00804850
34732, 0.00804870
34733, 0.00804890
34734, 0.00804910
34735, 0.00804930
34736, 0.00804950
34737, 0.00804970
34738, 0.00804990
34739, 0.00805010
34740, 0.00805030
34741, 0.00805050
34742, 0.00805070
34743, 0.00805090
34744, 0.00805110
34745, 0.00805140
34746, 0.00805160
34747, 0.00805180
34748, 0.00805200
34749, 0.00805220
34750, 0.00805240
34751, 0.00805260
34752, 0.00805280
34753, 0.00805300
34754, 0.00805320
34755, 0.00805340
34756, 0.00805360
34757, 0.00805380
34758, 0.00805400
34759, 0.00805420
34760, 0.00805440
34761, 0.00805460
34762, 0.00805480
34763, 0.00805500
34764, 0.00805520
34765, 0.00805540
34766, 0.00805560
34767, 0.00805580
34768, 0.00805600
34769, 0.00805630
34770, 0.00805650
34771, 0.00805670
34772, 0.00805690
34773, 0.00805710
34774, 0.00805730
34775, 0.00805750
34776, 0.00805780
34777, 0.00805800
34778, 0.00805820
34779, 0.00805840
34780, 0.00805870
34781, 0.00805890
34782, 0.00805910
34783, 0.00805930
34784, 0.00805950
34785, 0.00805970
34786, 0.00805990
34787, 0.00806010
34788, 0.00806040
34789, 0.00806060
34790, 0.00806090
34791, 0.00806110
34792, 0.00806140
34793, 0.00806160
34794, 0.00806180
34795, 0.00806200
34796, 0.00806220
34797, 0.00806240
34798, 0.00806260
34799, 0.00806280
34800, 0.00806300
34801, 0.00806320
34802, 0.00806340
34803, 0.00806360
34804, 0.00806380
34805, 0.00806400
34806, 0.00806420
34807, 0.00806440
34808, 0.00806460
34809, 0.00806480
34810, 0.00806500
34811, 0.00806520
34812, 0.00806540
34813, 0.00806570
34814, 0.00806590
34815, 0.00806610
34816, 0.00806630
34817, 0.00806650
34818, 0.00806670
34819, 0.00806690
34820, 0.00806710
34821, 0.00806730
34822, 0.00806750
34823, 0.00806770
34824, 0.00806790
34825, 0.00806810
34826, 0.00806830
34827, 0.00806850
34828, 0.00806870
34829, 0.00806890
34830, 0.00806910
34831, 0.00806930
34832, 0.00806950
34833, 0.00806980
34834, 0.00807000
34835, 0.00807020
34836, 0.00807040
34837, 0.00807060
34838, 0.00807080
34839, 0.00807100
34840, 0.00807120
34841, 0.00807140
34842, 0.00807160
34843, 0.00807180
34844, 0.00807200
34845, 0.00807220
34846, 0.00807240
34847, 0.00807260
34848, 0.00807280
34849, 0.00807300
34850, 0.00807320
34851, 0.00807340
34852, 0.00807360
34853, 0.00807390
34854, 0.00807410
34855, 0.00807430
34856, 0.00807450
34857, 0.00807470
34858, 0.00807490
34859, 0.00807510
34860, 0.00807530
34861, 0.00807550
34862, 0.00807570
34863, 0.00807590
34864, 0.00807610
34865, 0.00807630
34866, 0.00807650
34867, 0.00807670
34868, 0.00807690
34869, 0.00807710
34870, 0.00807730
34871, 0.00807750
34872, 0.00807770
34873, 0.00807800
34874, 0.00807820
34875, 0.00807840
34876, 0.00807860
34877, 0.00807880
34878, 0.00807900
34879, 0.00807920
34880, 0.00807940
34881, 0.00807960
34882, 0.00807980
34883, 0.00808000
34884, 0.00808020
34885, 0.00808040
34886, 0.00808060
34887, 0.00808080
34888, 0.00808100
34889, 0.00808120
34890, 0.00808140
34891, 0.00808160
34892, 0.00808180
34893, 0.00808200
34894, 0.00808220
34895, 0.00808240
34896, 0.00808260
34897, 0.00808290
34898, 0.00808310
34899, 0.00808330
34900, 0.00808350
34901, 0.00808370
34902, 0.00808390
34903, 0.00808410
34904, 0.00808440
34905, 0.00808460
34906, 0.00808480
34907, 0.00808500
34908, 0.00808530
34909, 0.00808550
34910, 0.00808570
34911, 0.00808590
34912, 0.00808610
34913, 0.00808630
34914, 0.00808660
34915, 0.00808680
34916, 0.00808710
34917, 0.00808730
34918, 0.00808760
34919, 0.00808780
34920, 0.00808810
34921, 0.00808830
34922, 0.00808850
34923, 0.00808870
34924, 0.00808890
34925, 0.00808910
34926, 0.00808930
34927, 0.00808950
34928, 0.00808970
34929, 0.00808990
34930, 0.00809010
34931, 0.00809030
34932, 0.00809050
34933, 0.00809070
34934, 0.00809090
34935, 0.00809110
34936, 0.00809130
34937, 0.00809150
34938, 0.00809170
34939, 0.00809190
34940, 0.00809210
34941, 0.00809230
34942, 0.00809250
34943, 0.00809280
34944, 0.00809300
34945, 0.00809320
34946, 0.00809340
34947, 0.00809360
34948, 0.00809380
34949, 0.00809400
34950, 0.00809420
34951, 0.00809440
34952, 0.00809460
34953, 0.00809480
34954, 0.00809500
34955, 0.00809520
34956, 0.00809540
34957, 0.00809560
34958, 0.00809580
34959, 0.00809600
34960, 0.00809620
34961, 0.00809640
34962, 0.00809660
34963, 0.00809690
34964, 0.00809710
34965, 0.00809730
34966, 0.00809750
34967, 0.00809770
34968, 0.00809790
34969, 0.00809810
34970, 0.00809830
34971, 0.00809850
34972, 0.00809870
34973, 0.00809890
34974, 0.00809910
34975, 0.00809930
34976, 0.00809950
34977, 0.00809970
34978, 0.00809990
34979, 0.00810010
34980, 0.00810030
34981, 0.00810050
34982, 0.00810070
34983, 0.00810090
34984, 0.00810120
34985, 0.00810140
34986, 0.00810160
34987, 0.00810180
34988, 0.00810200
34989, 0.00810220
34990, 0.00810240
34991, 0.00810260
34992, 0.00810280
34993, 0.00810300
34994, 0.00810320
34995, 0.00810340
34996, 0.00810360
34997, 0.00810380
34998, 0.00810400
34999, 0.00810420
35000, 0.00810440
35001, 0.00810460
35002, 0.00810480
35003, 0.00810510
35004, 0.00810530
35005, 0.00810550
35006, 0.00810570
35007, 0.00810590
35008, 0.00810610
35009, 0.00810630
35010, 0.00810650
35011, 0.00810670
35012, 0.00810690
35013, 0.00810710
35014, 0.00810730
35015, 0.00810750
35016, 0.00810770
35017, 0.00810790
35018, 0.00810810
35019, 0.00810830
35020, 0.00810850
35021, 0.00810870
35022, 0.00810890
35023, 0.00810910
35024, 0.00810930
35025, 0.00810960
35026, 0.00810980
35027, 0.00811000
35028, 0.00811020
35029, 0.00811040
35030, 0.00811060
35031, 0.00811080
35032, 0.00811110
35033, 0.00811130
35034, 0.00811150
35035, 0.00811170
35036, 0.00811190
35037, 0.00811210
35038, 0.00811230
35039, 0.00811250
35040, 0.00811270
35041, 0.00811290
35042, 0.00811320
35043, 0.00811340
35044, 0.00811360
35045, 0.00811380
35046, 0.00811410
35047, 0.00811430
35048, 0.00811460
35049, 0.00811480
35050, 0.00811500
35051, 0.00811520
35052, 0.00811540
35053, 0.00811560
35054, 0.00811580
35055, 0.00811600
35056, 0.00811620
35057, 0.00811640
35058, 0.00811660
35059, 0.00811680
35060, 0.00811700
35061, 0.00811720
35062, 0.00811750
35063, 0.00811770
35064, 0.00811790
35065, 0.00811810
35066, 0.00811830
35067, 0.00811850
35068, 0.00811870
35069, 0.00811890
35070, 0.00811910
35071, 0.00811930
35072, 0.00811950
35073, 0.00811970
35074, 0.00811990
35075, 0.00812010
35076, 0.00812030
35077, 0.00812050
35078, 0.00812070
35079, 0.00812090
35080, 0.00812110
35081, 0.00812130
35082, 0.00812160
35083, 0.00812180
35084, 0.00812200
35085, 0.00812220
35086, 0.00812240
35087, 0.00812260
35088, 0.00812280
35089, 0.00812300
35090, 0.00812320
35091, 0.00812340
35092, 0.00812360
35093, 0.00812380
35094, 0.00812400
35095, 0.00812420
35096, 0.00812440
35097, 0.00812460
35098, 0.00812480
35099, 0.00812500
35100, 0.00812520
35101, 0.00812540
35102, 0.00812560
35103, 0.00812590
35104, 0.00812610
35105, 0.00812630
35106, 0.00812650
35107, 0.00812670
35108, 0.00813510
35109, 0.00813560
35110, 0.00813590
35111, 0.00813630
35112, 0.00813670
35113, 0.00813710
35114, 0.00813750
35115, 0.00813780
35116, 0.00813820
35117, 0.00813860
35118, 0.00813900
35119, 0.00813940
35120, 0.00813980
35121, 0.00814020
35122, 0.00814060
35123, 0.00814100
35124, 0.00814140
35125, 0.00814180
35126, 0.00814220
35127, 0.00814250
35128, 0.00814290
35129, 0.00814330
35130, 0.00814370
35131, 0.00814410
35132, 0.00814450
35133, 0.00814490
35134, 0.00814520
35135, 0.00814560
35136, 0.00814600
35137, 0.00814640
35138, 0.00814680
35139, 0.00814710
35140, 0.00814730
35141, 0.00814760
35142, 0.00814780
35143, 0.00814800
35144, 0.00814820
35145, 0.00814840
35146, 0.00814860
35147, 0.00814880
35148, 0.00814900
35149, 0.00814920
35150, 0.00814940
35151, 0.00814960
35152, 0.00814980
35153, 0.00815000
35154, 0.00815020
35155, 0.00815040
35156, 0.00815060
35157, 0.00815090
35158, 0.00815110
35159, 0.00815130
35160, 0.00815650
35161, 0.00815670
35162, 0.00815690
35163, 0.00815720
35164, 0.00815740
35165, 0.00815760
35166, 0.00815780
35167, 0.00815800
35168, 0.00815820
35169, 0.00815840
35170, 0.00815860
35171, 0.00815880
35172, 0.00815900
35173, 0.00815920
35174, 0.00815940
35175, 0.00815960
35176, 0.00815990
35177, 0.00816010
35178, 0.00816030
35179, 0.00816050
35180, 0.00816070
35181, 0.00816090
35182, 0.00816110
35183, 0.00816130
35184, 0.00816150
35185, 0.00816170
35186, 0.00816190
35187, 0.00816210
35188, 0.00816230
35189, 0.00816250
35190, 0.00816270
35191, 0.00816290
35192, 0.00816310
35193, 0.00816330
35194, 0.00816360
35195, 0.00816380
35196, 0.00816400
35197, 0.00816420
35198, 0.00816440
35199, 0.00816460
35200, 0.00816480
35201, 0.00816500
35202, 0.00816520
35203, 0.00816540
35204, 0.00816560
35205, 0.00816580
35206, 0.00816600
35207, 0.00816620
35208, 0.00816640
35209, 0.00816660
35210, 0.00816680
35211, 0.00816700
35212, 0.00816730
35213, 0.00816750
35214, 0.00816770
35215, 0.00816790
35216, 0.00816810
35217, 0.00816830
35218, 0.00816850
35219, 0.00816870
35220, 0.00816890
35221, 0.00816910
35222, 0.00816930
35223, 0.00816950
35224, 0.00816970
35225, 0.00816990
35226, 0.00817010
35227, 0.00817030
35228, 0.00817050
35229, 0.00817070
35230, 0.00817090
35231, 0.00817120
35232, 0.00817140
35233, 0.00817160
35234, 0.00817180
35235, 0.00817200
35236, 0.00817220
35237, 0.00817240
35238, 0.00817260
35239, 0.00817280
35240, 0.00817300
35241, 0.00817320
35242, 0.00817340
35243, 0.00817360
35244, 0.00817380
35245, 0.00817400
35246, 0.00817420
35247, 0.00817440
35248, 0.00817460
35249, 0.00817490
35250, 0.00817510
35251, 0.00817530
35252, 0.00817550
35253, 0.00817570
35254, 0.00817590
35255, 0.00817610
35256, 0.00817630
35257, 0.00817650
35258, 0.00817670
35259, 0.00817690
35260, 0.00817710
35261, 0.00817730
35262, 0.00817750
35263, 0.00817770
35264, 0.00817790
35265, 0.00817810
35266, 0.00817830
35267, 0.00817860
35268, 0.00817880
35269, 0.00817900
35270, 0.00817920
35271, 0.00817940
35272, 0.00817960
35273, 0.00817980
35274, 0.00818000
35275, 0.00818020
35276, 0.00818040
35277, 0.00818060
35278, 0.00818080
35279, 0.00818100
35280, 0.00818120
35281, 0.00818140
35282, 0.00818160
35283, 0.00818180
35284, 0.00818200
35285, 0.00818220
35286, 0.00818260
35287, 0.00818280
35288, 0.00818300
35289, 0.00818320
35290, 0.00818340
35291, 0.00818360
35292, 0.00818380
35293, 0.00818400
35294, 0.00818430
35295, 0.00818450
35296, 0.00818470
35297, 0.00818490
35298, 0.00818520
35299, 0.00818540
35300, 0.00818570
35301, 0.00818590
35302, 0.00818620
35303, 0.00818640
35304, 0.00818660
35305, 0.00818680
35306, 0.00818700
35307, 0.00818720
35308, 0.00818740
35309, 0.00818760
35310, 0.00818780
35311, 0.00818800
35312, 0.00818820
35313, 0.00818840
35314, 0.00818870
35315, 0.00818890
35316, 0.00818910
35317, 0.00818930
35318, 0.00818950
35319, 0.00818970
35320, 0.00818990
35321, 0.00819010
35322, 0.00819030
35323, 0.00819050
35324, 0.00819070
35325, 0.00819090
35326, 0.00819110
35327, 0.00819130
35328, 0.00819150
35329, 0.00819170
35330, 0.00819190
35331, 0.00819210
35332, 0.00819230
35333, 0.00819260
35334, 0.00819280
35335, 0.00819300
35336, 0.00819320
35337, 0.00819340
35338, 0.00819360
35339, 0.00819380
35340, 0.00819400
35341, 0.00819420
35342, 0.00819440
35343, 0.00819460
35344, 0.00819480
35345, 0.00819500
35346, 0.00819520
35347, 0.00819540
35348, 0.00819560
35349, 0.00819580
35350, 0.00819610
35351, 0.00819630
35352, 0.00819650
35353, 0.00819670
35354, 0.00819690
35355, 0.00819710
35356, 0.00819730
35357, 0.00819750
35358, 0.00819770
35359, 0.00819790
35360, 0.00819810
35361, 0.00819830
35362, 0.00819850
35363, 0.00819870
35364, 0.00819890
35365, 0.00819910
35366, 0.00819930
35367, 0.00819960
35368, 0.00819980
35369, 0.00820000
35370, 0.00820020
35371, 0.00820040
35372, 0.00820060
35373, 0.00820080
35374, 0.00820100
35375, 0.00820120
35376, 0.00820140
35377, 0.00820160
35378, 0.00820180
35379, 0.00820200
35380, 0.00820220
35381, 0.00820240
35382, 0.00820260
35383, 0.00820280
35384, 0.00820300
35385, 0.00820320
35386, 0.00820340
35387, 0.00820370
35388, 0.00820390
35389, 0.00820410
35390, 0.00820430
35391, 0.00820450
35392, 0.00820470
35393, 0.00820490
35394, 0.00820510
35395, 0.00820530
35396, 0.00820550
35397, 0.00820570
35398, 0.00820590
35399, 0.00820610
35400, 0.00820630
35401, 0.00820650
35402, 0.00820670
35403, 0.00820690
35404, 0.00820710
35405, 0.00820740
35406, 0.00820760
35407, 0.00820780
35408, 0.00820800
35409, 0.00820820
35410, 0.00820840
35411, 0.00820860
35412, 0.00820880
35413, 0.00820900
35414, 0.00820930
35415, 0.00820950
35416, 0.00820970
35417, 0.00820990
35418, 0.00821020
35419, 0.00821040
35420, 0.00821060
35421, 0.00821080
35422, 0.00821100
35423, 0.00821120
35424, 0.00821150
35425, 0.00821170
35426, 0.00821200
35427, 0.00821220
35428, 0.00821250
35429, 0.00821270
35430, 0.00821290
35431, 0.00821310
35432, 0.00821330
35433, 0.00821350
35434, 0.00821370
35435, 0.00821390
35436, 0.00821420
35437, 0.00821440
35438, 0.00821460
35439, 0.00821480
35440, 0.00821500
35441, 0.00821520
35442, 0.00821540
35443, 0.00821560
35444, 0.00821580
35445, 0.00821600
35446, 0.00821620
35447, 0.00821640
35448, 0.00821660
35449, 0.00821680
35450, 0.00821700
35451, 0.00821720
35452, 0.00821740
35453, 0.00821760
35454, 0.00821790
35455, 0.00821810
35456, 0.00821830
35457, 0.00821850
35458, 0.00821870
35459, 0.00821890
35460, 0.00821910
35461, 0.00821930
35462, 0.00821950
35463, 0.00821970
35464, 0.00821990
35465, 0.00822010
35466, 0.00822030
35467, 0.00822050
35468, 0.00822070
35469, 0.00822090
35470, 0.00822110
35471, 0.00822130
35472, 0.00822160
35473, 0.00822180
35474, 0.00822200
35475, 0.00822220
35476, 0.00822240
35477, 0.00822260
35478, 0.00822280
35479, 0.00822300
35480, 0.00822320
35481, 0.00822340
35482, 0.00822360
35483, 0.00822380
35484, 0.00822400
35485, 0.00822420
35486, 0.00822440
35487, 0.00822460
35488, 0.00822480
35489, 0.00822510
35490, 0.00822530
35491, 0.00822550
35492, 0.00822570
35493, 0.00822590
35494, 0.00822610
35495, 0.00822630
35496, 0.00822650
35497, 0.00822670
35498, 0.00822690
35499, 0.00822710
35500, 0.00822730
35501, 0.00822750
35502, 0.00822770
35503, 0.00822790
35504, 0.00822810
35505, 0.00822830
35506, 0.00822850
35507, 0.00822870
35508, 0.00822900
35509, 0.00822920
35510, 0.00822940
35511, 0.00822960
35512, 0.00822980
35513, 0.00823000
35514, 0.00823020
35515, 0.00823040
35516, 0.00823060
35517, 0.00823080
35518, 0.00823100
35519, 0.00823120
35520, 0.00823140
35521, 0.00823160
35522, 0.00823180
35523, 0.00823200
35524, 0.00823220
35525, 0.00823250
35526, 0.00823270
35527, 0.00823290
35528, 0.00823310
35529, 0.00823330
35530, 0.00823350
35531, 0.00823370
35532, 0.00823390
35533, 0.00823410
35534, 0.00823430
35535, 0.00823450
35536, 0.00823470
35537, 0.00823490
35538, 0.00823510
35539, 0.00823530
35540, 0.00823550
35541, 0.00823570
35542, 0.00823610
35543, 0.00823630
35544, 0.00823650
35545, 0.00823670
35546, 0.00823690
35547, 0.00823710
35548, 0.00823730
35549, 0.00823750
35550, 0.00823770
35551, 0.00823790
35552, 0.00823820
35553, 0.00823840
35554, 0.00823870
35555, 0.00823890
35556, 0.00823910
35557, 0.00823930
35558, 0.00823960
35559, 0.00823980
35560, 0.00824000
35561, 0.00824020
35562, 0.00824050
35563, 0.00824070
35564, 0.00824090
35565, 0.00824110
35566, 0.00824130
35567, 0.00824150
35568, 0.00824170
35569, 0.00824190
35570, 0.00824210
35571, 0.00824230
35572, 0.00824250
35573, 0.00824270
35574, 0.00824290
35575, 0.00824310
35576, 0.00824330
35577, 0.00824350
35578, 0.00824380
35579, 0.00824400
35580, 0.00824420
35581, 0.00824440
35582, 0.00824460
35583, 0.00824480
35584, 0.00824500
35585, 0.00824520
35586, 0.00824540
35587, 0.00824560
35588, 0.00824580
35589, 0.00824600
35590, 0.00824620
35591, 0.00824640
35592, 0.00824660
35593, 0.00824680
35594, 0.00824700
35595, 0.00824720
35596, 0.00824750
35597, 0.00824770
35598, 0.00824790
35599, 0.00824810
35600, 0.00824830
35601, 0.00824850
35602, 0.00824870
35603, 0.00824890
35604, 0.00824910
35605, 0.00824930
35606, 0.00824950
35607, 0.00824970
35608, 0.00824990
35609, 0.00825010
35610, 0.00825030
35611, 0.00825050
35612, 0.00825070
35613, 0.00825090
35614, 0.00825120
35615, 0.00825140
35616, 0.00825160
35617, 0.00825180
35618, 0.00825200
35619, 0.00825220
35620, 0.00825240
35621, 0.00825260
35622, 0.00825280
35623, 0.00825300
35624, 0.00825320
35625, 0.00825340
35626, 0.00825360
35627, 0.00825380
35628, 0.00825400
35629, 0.00825420
35630, 0.00825440
35631, 0.00825460
35632, 0.00825480
35633, 0.00825500
35634, 0.00825530
35635, 0.00825550
35636, 0.00825570
35637, 0.00825590
35638, 0.00825610
35639, 0.00825630
35640, 0.00825650
35641, 0.00825670
35642, 0.00825690
35643, 0.00825710
35644, 0.00825730
35645, 0.00825750
35646, 0.00825770
35647, 0.00825790
35648, 0.00825810
35649, 0.00825830
35650, 0.00825850
35651, 0.00825870
35652, 0.00825900
35653, 0.00825920
35654, 0.00825940
35655, 0.00825960
35656, 0.00825980
35657, 0.00826000
35658, 0.00826020
35659, 0.00826040
35660, 0.00826060
35661, 0.00826080
35662, 0.00826100
35663, 0.00826120
35664, 0.00826140
35665, 0.00826160
35666, 0.00826180
35667, 0.00826200
35668, 0.00826230
35669, 0.00826250
35670, 0.00826280
35671, 0.00826300
35672, 0.00826330
35673, 0.00826350
35674, 0.00826370
35675, 0.00826390
35676, 0.00826410
35677, 0.00826430
35678, 0.00826460
35679, 0.00826480
35680, 0.00826510
35681, 0.00826530
35682, 0.00826560
35683, 0.00826580
35684, 0.00826610
35685, 0.00826630
35686, 0.00826650
35687, 0.00826670
35688, 0.00826690
35689, 0.00826710
35690, 0.00826740
35691, 0.00826760
35692, 0.00826780
35693, 0.00826800
35694, 0.00826820
35695, 0.00826840
35696, 0.00826860
35697, 0.00826880
35698, 0.00826900
35699, 0.00826920
35700, 0.00826940
35701, 0.00826960
35702, 0.00826980
35703, 0.00827000
35704, 0.00827020
35705, 0.00827040
35706, 0.00827060
35707, 0.00827080
35708, 0.00827110
35709, 0.00827130
35710, 0.00827150
35711, 0.00827170
35712, 0.00827190
35713, 0.00827210
35714, 0.00827230
35715, 0.00827250
35716, 0.00827270
35717, 0.00827290
35718, 0.00827310
35719, 0.00827330
35720, 0.00827350
35721, 0.00827370
35722, 0.00827390
35723, 0.00827410
35724, 0.00827430
35725, 0.00827460
35726, 0.00827480
35727, 0.00827500
35728, 0.00827520
35729, 0.00827540
35730, 0.00827560
35731, 0.00827580
35732, 0.00827600
35733, 0.00827620
35734, 0.00827640
35735, 0.00827660
35736, 0.00827680
35737, 0.00827700
35738, 0.00827720
35739, 0.00827740
35740, 0.00827760
35741, 0.00827780
35742, 0.00827800
35743, 0.00827820
35744, 0.00827850
35745, 0.00827870
35746, 0.00827890
35747, 0.00827910
35748, 0.00827930
35749, 0.00827950
35750, 0.00827970
35751, 0.00827990
35752, 0.00828010
35753, 0.00828030
35754, 0.00828050
35755, 0.00828070
35756, 0.00828090
35757, 0.00828110
35758, 0.00828130
35759, 0.00828150
35760, 0.00828170
35761, 0.00828190
35762, 0.00828210
35763, 0.00828230
35764, 0.00828260
35765, 0.00828280
35766, 0.00828300
35767, 0.00828320
35768, 0.00828340
35769, 0.00828360
35770, 0.00828380
35771, 0.00828400
35772, 0.00828420
35773, 0.00828440
35774, 0.00828460
35775, 0.00828480
35776, 0.00828500
35777, 0.00828520
35778, 0.00828540
35779, 0.00828560
35780, 0.00828580
35781, 0.00828600
35782, 0.00828620
35783, 0.00828650
35784, 0.00828670
35785, 0.00828690
35786, 0.00828710
35787, 0.00828730
35788, 0.00828750
35789, 0.00828770
35790, 0.00828790
35791, 0.00828810
35792, 0.00828830
35793, 0.00828850
35794, 0.00828870
35795, 0.00828890
35796, 0.00828920
35797, 0.00828940
35798, 0.00828960
35799, 0.00828980
35800, 0.00829010
35801, 0.00829030
35802, 0.00829050
35803, 0.00829070
35804, 0.00829090
35805, 0.00829110
35806, 0.00829140
35807, 0.00829160
35808, 0.00829190
35809, 0.00829210
35810, 0.00829230
35811, 0.00829250
35812, 0.00829280
35813, 0.00829300
35814, 0.00829320
35815, 0.00829340
35816, 0.00829360
35817, 0.00829380
35818, 0.00829400
35819, 0.00829430
35820, 0.00829450
35821, 0.00829470
35822, 0.00829490
35823, 0.00829510
35824, 0.00829530
35825, 0.00829550
35826, 0.00829570
35827, 0.00829590
35828, 0.00829610
35829, 0.00829630
35830, 0.00829650
35831, 0.00829670
35832, 0.00829690
35833, 0.00829710
35834, 0.00829730
35835, 0.00829750
35836, 0.00829770
35837, 0.00829790
35838, 0.00829820
35839, 0.00829840
35840, 0.00829860
35841, 0.00829880
35842, 0.00829900
35843, 0.00829920
35844, 0.00829940
35845, 0.00829960
35846, 0.00829980
35847, 0.00830000
35848, 0.00830020
35849, 0.00830040
35850, 0.00830060
35851, 0.00830080
35852, 0.00830100
35853, 0.00830120
35854, 0.00830140
35855, 0.00830170
35856, 0.00830190
35857, 0.00830210
35858, 0.00830230
35859, 0.00830250
35860, 0.00830270
35861, 0.00830290
35862, 0.00830310
35863, 0.00830330
35864, 0.00830350
35865, 0.00830370
35866, 0.00830390
35867, 0.00830410
35868, 0.00830430
35869, 0.00830450
35870, 0.00830470
35871, 0.00830490
35872, 0.00830510
35873, 0.00830530
35874, 0.00830560
35875, 0.00830580
35876, 0.00830600
35877, 0.00830620
35878, 0.00830640
35879, 0.00830660
35880, 0.00830680
35881, 0.00830700
35882, 0.00830720
35883, 0.00830740
35884, 0.00830760
35885, 0.00830780
35886, 0.00830800
35887, 0.00830820
35888, 0.00830840
35889, 0.00830860
35890, 0.00830880
35891, 0.00830900
35892, 0.00830930
35893, 0.00830950
35894, 0.00830970
35895, 0.00830990
35896, 0.00831010
35897, 0.00831030
35898, 0.00831050
35899, 0.00831070
35900, 0.00831090
35901, 0.00831110
35902, 0.00831130
35903, 0.00831150
35904, 0.00831170
35905, 0.00831190
35906, 0.00831210
35907, 0.00831230
35908, 0.00831250
35909, 0.00831280
35910, 0.00831300
35911, 0.00831320
35912, 0.00831340
35913, 0.00831360
35914, 0.00831380
35915, 0.00831400
35916, 0.00831420
35917, 0.00831440
35918, 0.00831460
35919, 0.00831480
35920, 0.00831500
35921, 0.00831520
35922, 0.00831540
35923, 0.00831560
35924, 0.00831600
35925, 0.00831620
35926, 0.00831640
35927, 0.00831660
35928, 0.00831680
35929, 0.00831700
35930, 0.00831720
35931, 0.00831740
35932, 0.00831770
35933, 0.00831790
35934, 0.00831810
35935, 0.00831830
35936, 0.00831860
35937, 0.00831880
35938, 0.00831910
35939, 0.00831930
35940, 0.00831960
35941, 0.00831980
35942, 0.00832000
35943, 0.00832020
35944, 0.00832040
35945, 0.00832060
35946, 0.00832080
35947, 0.00832100
35948, 0.00832120
35949, 0.00832140
35950, 0.00832160
35951, 0.00832180
35952, 0.00832200
35953, 0.00832220
35954, 0.00832240
35955, 0.00832270
35956, 0.00832290
35957, 0.00832310
35958, 0.00832330
35959, 0.00832350
35960, 0.00832370
35961, 0.00832390
35962, 0.00832410
35963, 0.00832430
35964, 0.00832450
35965, 0.00832470
35966, 0.00832490
35967, 0.00832510
35968, 0.00832530
35969, 0.00832550
35970, 0.00832570
35971, 0.00832590
35972, 0.00832620
35973, 0.00832640
35974, 0.00832660
35975, 0.00832680
35976, 0.00832700
35977, 0.00832720
35978, 0.00832740
35979, 0.00832760
35980, 0.00832780
35981, 0.00832800
35982, 0.00832820
35983, 0.00832840
35984, 0.00832860
35985, 0.00832880
35986, 0.00832900
35987, 0.00832920
35988, 0.00832940
35989, 0.00832960
35990, 0.00832990
35991, 0.00833010
35992, 0.00833030
35993, 0.00833050
35994, 0.00833070
35995, 0.00833090
35996, 0.00833110
35997, 0.00833130
35998, 0.00833150
35999, 0.00833170
36000, 0.00833190
36001, 0.00833210
36002, 0.00833230
36003, 0.00833250
36004, 0.00833270
36005, 0.00833290
36006, 0.00833310
36007, 0.00833330
36008, 0.00833350
36009, 0.00833370
36010, 0.00833390
36011, 0.00833420
36012, 0.00833440
36013, 0.00833460
36014, 0.00833480
36015, 0.00833500
36016, 0.00833520
36017, 0.00833540
36018, 0.00833560
36019, 0.00833580
36020, 0.00833600
36021, 0.00833620
36022, 0.00833640
36023, 0.00833660
36024, 0.00833680
36025, 0.00833700
36026, 0.00833730
36027, 0.00833750
36028, 0.00833770
36029, 0.00833790
36030, 0.00833810
36031, 0.00833830
36032, 0.00833850
36033, 0.00833870
36034, 0.00833890
36035, 0.00833910
36036, 0.00833930
36037, 0.00833950
36038, 0.00833970
36039, 0.00833990
36040, 0.00834020
36041, 0.00834040
36042, 0.00834060
36043, 0.00834080
36044, 0.00834100
36045, 0.00834120
36046, 0.00834140
36047, 0.00834160
36048, 0.00834180
36049, 0.00834200
36050, 0.00834220
36051, 0.00834240
36052, 0.00834270
36053, 0.00834290
36054, 0.00834310
36055, 0.00834330
36056, 0.00834350
36057, 0.00834370
36058, 0.00834390
36059, 0.00834410
36060, 0.00834430
36061, 0.00834450
36062, 0.00834480
36063, 0.00834500
36064, 0.00834530
36065, 0.00834550
36066, 0.00834580
36067, 0.00834600
36068, 0.00834620
36069, 0.00834640
36070, 0.00834670
36071, 0.00834690
36072, 0.00834710
36073, 0.00834730
36074, 0.00834750
36075, 0.00834770
36076, 0.00834790
36077, 0.00834810
36078, 0.00834830
36079, 0.00834850
36080, 0.00834870
36081, 0.00834890
36082, 0.00834910
36083, 0.00834930
36084, 0.00834950
36085, 0.00834970
36086, 0.00834990
36087, 0.00835010
36088, 0.00835030
36089, 0.00835060
36090, 0.00835080
36091, 0.00835100
36092, 0.00835120
36093, 0.00835140
36094, 0.00835160
36095, 0.00835180
36096, 0.00835200
36097, 0.00835220
36098, 0.00835240
36099, 0.00835260
36100, 0.00835280
36101, 0.00835300
36102, 0.00835320
36103, 0.00835340
36104, 0.00835360
36105, 0.00835380
36106, 0.00835400
36107, 0.00835430
36108, 0.00835450
36109, 0.00835470
36110, 0.00835490
36111, 0.00835510
36112, 0.00835530
36113, 0.00835550
36114, 0.00835570
36115, 0.00835590
36116, 0.00835610
36117, 0.00835630
36118, 0.00835650
36119, 0.00835670
36120, 0.00835690
36121, 0.00835710
36122, 0.00835730
36123, 0.00835760
36124, 0.00835780
36125, 0.00835800
36126, 0.00835820
36127, 0.00835840
36128, 0.00835860
36129, 0.00835880
36130, 0.00835900
36131, 0.00835920
36132, 0.00835940
36133, 0.00835960
36134, 0.00835980
36135, 0.00836000
36136, 0.00836020
36137, 0.00836040
36138, 0.00836060
36139, 0.00836080
36140, 0.00836100
36141, 0.00836130
36142, 0.00836150
36143, 0.00836170
36144, 0.00836190
36145, 0.00836210
36146, 0.00836230
36147, 0.00836250
36148, 0.00836270
36149, 0.00836290
36150, 0.00836310
36151, 0.00836330
36152, 0.00836350
36153, 0.00836370
36154, 0.00836390
36155, 0.00836410
36156, 0.00836430
36157, 0.00836450
36158, 0.00836470
36159, 0.00836500
36160, 0.00836520
36161, 0.00836540
36162, 0.00836560
36163, 0.00836580
36164, 0.00836600
36165, 0.00836620
36166, 0.00836640
36167, 0.00836660
36168, 0.00836680
36169, 0.00836700
36170, 0.00836720
36171, 0.00836740
36172, 0.00836760
36173, 0.00836780
36174, 0.00836800
36175, 0.00836820
36176, 0.00836840
36177, 0.00836870
36178, 0.00836890
36179, 0.00836910
36180, 0.00836940
36181, 0.00836960
36182, 0.00837010
36183, 0.00837030
36184, 0.00837050
36185, 0.00837070
36186, 0.00837100
36187, 0.00837120
36188, 0.00837150
36189, 0.00837170
36190, 0.00837190
36191, 0.00837210
36192, 0.00837240
36193, 0.00837260
36194, 0.00837290
36195, 0.00837310
36196, 0.00837330
36197, 0.00837360
36198, 0.00837380
36199, 0.00837400
36200, 0.00837420
36201, 0.00837440
36202, 0.00837460
36203, 0.00837480
36204, 0.00837500
36205, 0.00837520
36206, 0.00837540
36207, 0.00837560
36208, 0.00837580
36209, 0.00837600
36210, 0.00837620
36211, 0.00837640
36212, 0.00837660
36213, 0.00837680
36214, 0.00837700
36215, 0.00837720
36216, 0.00837740
36217, 0.00837760
36218, 0.00837790
36219, 0.00837810
36220, 0.00837830
36221, 0.00837850
36222, 0.00837870
36223, 0.00837890
36224, 0.00837910
36225, 0.00837930
36226, 0.00837950
36227, 0.00837970
36228, 0.00837990
36229, 0.00838010
36230, 0.00838030
36231, 0.00838050
36232, 0.00838070
36233, 0.00838090
36234, 0.00838110
36235, 0.00838130
36236, 0.00838150
36237, 0.00838170
36238, 0.00838200
36239, 0.00838220
36240, 0.00838240
36241, 0.00838260
36242, 0.00838280
36243, 0.00838300
36244, 0.00838320
36245, 0.00838340
36246, 0.00838360
36247, 0.00838380
36248, 0.00838400
36249, 0.00838420
36250, 0.00838440
36251, 0.00838470
36252, 0.00838490
36253, 0.00838510
36254, 0.00838530
36255, 0.00838550
36256, 0.00838570
36257, 0.00838590
36258, 0.00838610
36259, 0.00838630
36260, 0.00838650
36261, 0.00838670
36262, 0.00838690
36263, 0.00838710
36264, 0.00838730
36265, 0.00838750
36266, 0.00838770
36267, 0.00838790
36268, 0.00838820
36269, 0.00838840
36270, 0.00838860
36271, 0.00838880
36272, 0.00838900
36273, 0.00838920
36274, 0.00838940
36275, 0.00838960
36276, 0.00838980
36277, 0.00839000
36278, 0.00839020
36279, 0.00839040
36280, 0.00839060
36281, 0.00839080
36282, 0.00839100
36283, 0.00839120
36284, 0.00839140
36285, 0.00839160
36286, 0.00839180
36287, 0.00839210
36288, 0.00839230
36289, 0.00839250
36290, 0.00839270
36291, 0.00839290
36292, 0.00839310
36293, 0.00839330
36294, 0.00839350
36295, 0.00839370
36296, 0.00839390
36297, 0.00839410
36298, 0.00839430
36299, 0.00839450
36300, 0.00839470
36301, 0.00839490
36302, 0.00839510
36303, 0.00839530
36304, 0.00839560
36305, 0.00839580
36306, 0.00839610
36307, 0.00839630
36308, 0.00839650
36309, 0.00839670
36310, 0.00839700
36311, 0.00839720
36312, 0.00839740
36313, 0.00839760
36314, 0.00839780
36315, 0.00839800
36316, 0.00839830
36317, 0.00839850
36318, 0.00839870
36319, 0.00839890
36320, 0.00839920
36321, 0.00839940
36322, 0.00839970
36323, 0.00839990
36324, 0.00840010
36325, 0.00840030
36326, 0.00840050
36327, 0.00840070
36328, 0.00840090
36329, 0.00840110
36330, 0.00840130
36331, 0.00840150
36332, 0.00840170
36333, 0.00840190
36334, 0.00840210
36335, 0.00840230
36336, 0.00840250
36337, 0.00840270
36338, 0.00840290
36339, 0.00840310
36340, 0.00840340
36341, 0.00840360
36342, 0.00840380
36343, 0.00840400
36344, 0.00840420
36345, 0.00840440
36346, 0.00840460
36347, 0.00840480
36348, 0.00840500
36349, 0.00840520
36350, 0.00840540
36351, 0.00840560
36352, 0.00840580
36353, 0.00840600
36354, 0.00840620
36355, 0.00840640
36356, 0.00840660
36357, 0.00840680
36358, 0.00840700
36359, 0.00840720
36360, 0.00840740
36361, 0.00840770
36362, 0.00840790
36363, 0.00840810
36364, 0.00840830
36365, 0.00840850
36366, 0.00840870
36367, 0.00840890
36368, 0.00840910
36369, 0.00840930
36370, 0.00840950
36371, 0.00840970
36372, 0.00840990
36373, 0.00841010
36374, 0.00841030
36375, 0.00841050
36376, 0.00841070
36377, 0.00841090
36378, 0.00841110
36379, 0.00841130
36380, 0.00841160
36381, 0.00841180
36382, 0.00841200
36383, 0.00841220
36384, 0.00841240
36385, 0.00841260
36386, 0.00841280
36387, 0.00841300
36388, 0.00841320
36389, 0.00841340
36390, 0.00841360
36391, 0.00841380
36392, 0.00841400
36393, 0.00841420
36394, 0.00841440
36395, 0.00841460
36396, 0.00841480
36397, 0.00841500
36398, 0.00841520
36399, 0.00841540
36400, 0.00841570
36401, 0.00841590
36402, 0.00841610
36403, 0.00841630
36404, 0.00841650
36405, 0.00841670
36406, 0.00841690
36407, 0.00841710
36408, 0.00841730
36409, 0.00841750
36410, 0.00841770
36411, 0.00841790
36412, 0.00841810
36413, 0.00841830
36414, 0.00841850
36415, 0.00841870
36416, 0.00841890
36417, 0.00841920
36418, 0.00841940
36419, 0.00841960
36420, 0.00841980
36421, 0.00842000
36422, 0.00842020
36423, 0.00842040
36424, 0.00842060
36425, 0.00842080
36426, 0.00842100
36427, 0.00842120
36428, 0.00842140
36429, 0.00842160
36430, 0.00842180
36431, 0.00842200
36432, 0.00842220
36433, 0.00842240
36434, 0.00842270
36435, 0.00842290
36436, 0.00842320
36437, 0.00842340
36438, 0.00842370
36439, 0.00842390
36440, 0.00842410
36441, 0.00842430
36442, 0.00842450
36443, 0.00842470
36444, 0.00842500
36445, 0.00842520
36446, 0.00842550
36447, 0.00842570
36448, 0.00842590
36449, 0.00842610
36450, 0.00842640
36451, 0.00842660
36452, 0.00842680
36453, 0.00842700
36454, 0.00842720
36455, 0.00842740
36456, 0.00842760
36457, 0.00842780
36458, 0.00842800
36459, 0.00842820
36460, 0.00842850
36461, 0.00842870
36462, 0.00842890
36463, 0.00842910
36464, 0.00842930
36465, 0.00842950
36466, 0.00842970
36467, 0.00842990
36468, 0.00843010
36469, 0.00843030
36470, 0.00843050
36471, 0.00843070
36472, 0.00843090
36473, 0.00843110
36474, 0.00843130
36475, 0.00843150
36476, 0.00843170
36477, 0.00843190
36478, 0.00843210
36479, 0.00843240
36480, 0.00843260
36481, 0.00843280
36482, 0.00843300
36483, 0.00843320
36484, 0.00843340
36485, 0.00843360
36486, 0.00843380
36487, 0.00843400
36488, 0.00843420
36489, 0.00843440
36490, 0.00843460
36491, 0.00843480
36492, 0.00843500
36493, 0.00843520
36494, 0.00843540
36495, 0.00843560
36496, 0.00843580
36497, 0.00843610
36498, 0.00843630
36499, 0.00843650
36500, 0.00843670
36501, 0.00843690
36502, 0.00843710
36503, 0.00843730
36504, 0.00843750
36505, 0.00843770
36506, 0.00843790
36507, 0.00843810
36508, 0.00843830
36509, 0.00843850
36510, 0.00843870
36511, 0.00843890
36512, 0.00843910
36513, 0.00843940
36514, 0.00843960
36515, 0.00843980
36516, 0.00844000
36517, 0.00844020
36518, 0.00844040
36519, 0.00844060
36520, 0.00844080
36521, 0.00844100
36522, 0.00844120
36523, 0.00844140
36524, 0.00844160
36525, 0.00844180
36526, 0.00844210
36527, 0.00844230
36528, 0.00844250
36529, 0.00844270
36530, 0.00844290
36531, 0.00844310
36532, 0.00844330
36533, 0.00844350
36534, 0.00844370
36535, 0.00844390
36536, 0.00844410
36537, 0.00844430
36538, 0.00844450
36539, 0.00844470
36540, 0.00844490
36541, 0.00844510
36542, 0.00844530
36543, 0.00844560
36544, 0.00844580
36545, 0.00844600
36546, 0.00844620
36547, 0.00844640
36548, 0.00844660
36549, 0.00844680
36550, 0.00844700
36551, 0.00844720
36552, 0.00844740
36553, 0.00844760
36554, 0.00844780
36555, 0.00844800
36556, 0.00844820
36557, 0.00844840
36558, 0.00844860
36559, 0.00844880
36560, 0.00844900
36561, 0.00844920
36562, 0.00844950
36563, 0.00844970
36564, 0.00844990
36565, 0.00845020
36566, 0.00845040
36567, 0.00845060
36568, 0.00845080
36569, 0.00845100
36570, 0.00845120
36571, 0.00845140
36572, 0.00845170
36573, 0.00845190
36574, 0.00845220
36575, 0.00845240
36576, 0.00845260
36577, 0.00845290
36578, 0.00845310
36579, 0.00845330
36580, 0.00845350
36581, 0.00845380
36582, 0.00845400
36583, 0.00845420
36584, 0.00845440
36585, 0.00845460
36586, 0.00845480
36587, 0.00845500
36588, 0.00845520
36589, 0.00845540
36590, 0.00845560
36591, 0.00845580
36592, 0.00845600
36593, 0.00845620
36594, 0.00845640
36595, 0.00845660
36596, 0.00845680
36597, 0.00845700
36598, 0.00845730
36599, 0.00845750
36600, 0.00845770
36601, 0.00845790
36602, 0.00845810
36603, 0.00845830
36604, 0.00845850
36605, 0.00845870
36606, 0.00845890
36607, 0.00845910
36608, 0.00845930
36609, 0.00845950
36610, 0.00845970
36611, 0.00845990
36612, 0.00846010
36613, 0.00846030
36614, 0.00846050
36615, 0.00846070
36616, 0.00846100
36617, 0.00846120
36618, 0.00846140
36619, 0.00846160
36620, 0.00846180
36621, 0.00846200
36622, 0.00846220
36623, 0.00846240
36624, 0.00846260
36625, 0.00846280
36626, 0.00846300
36627, 0.00846320
36628, 0.00846340
36629, 0.00846360
36630, 0.00846380
36631, 0.00846400
36632, 0.00846420
36633, 0.00846440
36634, 0.00846460
36635, 0.00846480
36636, 0.00846510
36637, 0.00846530
36638, 0.00846550
36639, 0.00846570
36640, 0.00846590
36641, 0.00846610
36642, 0.00846630
36643, 0.00846650
36644, 0.00846670
36645, 0.00846690
36646, 0.00846710
36647, 0.00846730
36648, 0.00846750
36649, 0.00846770
36650, 0.00846790
36651, 0.00846810
36652, 0.00846830
36653, 0.00846850
36654, 0.00846880
36655, 0.00846900
36656, 0.00846920
36657, 0.00846940
36658, 0.00846960
36659, 0.00846980
36660, 0.00847000
36661, 0.00847020
36662, 0.00847040
36663, 0.00847060
36664, 0.00847080
36665, 0.00847100
36666, 0.00847120
36667, 0.00847140
36668, 0.00847160
36669, 0.00847180
36670, 0.00847200
36671, 0.00847220
36672, 0.00847250
36673, 0.00847270
36674, 0.00847290
36675, 0.00847310
36676, 0.00847330
36677, 0.00847350
36678, 0.00847370
36679, 0.00847390
36680, 0.00847410
36681, 0.00847430
36682, 0.00847450
36683, 0.00847470
36684, 0.00847490
36685, 0.00847510
36686, 0.00847530
36687, 0.00847550
36688, 0.00847570
36689, 0.00847590
36690, 0.00847630
36691, 0.00847650
36692, 0.00847680
36693, 0.00847700
36694, 0.00847720
36695, 0.00847740
36696, 0.00847760
36697, 0.00847780
36698, 0.00847810
36699, 0.00847830
36700, 0.00847860
36701, 0.00847880
36702, 0.00847900
36703, 0.00847920
36704, 0.00847950
36705, 0.00847970
36706, 0.00848000
36707, 0.00848020
36708, 0.00848040
36709, 0.00848060
36710, 0.00848080
36711, 0.00848100
36712, 0.00848120
36713, 0.00848140
36714, 0.00848160
36715, 0.00848180
36716, 0.00848210
36717, 0.00848230
36718, 0.00848250
36719, 0.00848270
36720, 0.00848290
36721, 0.00848310
36722, 0.00848330
36723, 0.00848350
36724, 0.00848370
36725, 0.00848390
36726, 0.00848410
36727, 0.00848430
36728, 0.00848450
36729, 0.00848470
36730, 0.00848490
36731, 0.00848510
36732, 0.00848530
36733, 0.00848550
36734, 0.00848570
36735, 0.00848590
36736, 0.00848620
36737, 0.00848640
36738, 0.00848660
36739, 0.00848680
36740, 0.00848700
36741, 0.00848720
36742, 0.00848740
36743, 0.00848760
36744, 0.00848780
36745, 0.00848800
36746, 0.00848820
36747, 0.00848840
36748, 0.00848860
36749, 0.00848880
36750, 0.00848900
36751, 0.00848920
36752, 0.00848940
36753, 0.00848970
36754, 0.00848990
36755, 0.00849010
36756, 0.00849030
36757, 0.00849050
36758, 0.00849070
36759, 0.00849090
36760, 0.00849110
36761, 0.00849130
36762, 0.00849150
36763, 0.00849170
36764, 0.00849190
36765, 0.00849210
36766, 0.00849230
36767, 0.00849250
36768, 0.00849270
36769, 0.00849290
36770, 0.00849310
36771, 0.00849340
36772, 0.00849360
36773, 0.00849380
36774, 0.00849400
36775, 0.00849420
36776, 0.00849440
36777, 0.00849460
36778, 0.00849480
36779, 0.00849500
36780, 0.00849520
36781, 0.00849540
36782, 0.00849560
36783, 0.00849580
36784, 0.00849600
36785, 0.00849620
36786, 0.00849640
36787, 0.00849670
36788, 0.00849690
36789, 0.00849710
36790, 0.00849730
36791, 0.00849750
36792, 0.00849770
36793, 0.00849790
36794, 0.00849810
36795, 0.00849830
36796, 0.00849850
36797, 0.00849870
36798, 0.00849890
36799, 0.00849910
36800, 0.00849930
36801, 0.00849950
36802, 0.00849970
36803, 0.00849990
36804, 0.00850010
36805, 0.00850030
36806, 0.00850060
36807, 0.00850080
36808, 0.00850100
36809, 0.00850120
36810, 0.00850140
36811, 0.00850160
36812, 0.00850180
36813, 0.00850200
36814, 0.00850220
36815, 0.00850240
36816, 0.00850290
36817, 0.00850310
36818, 0.00850330
36819, 0.00850350
36820, 0.00850370
36821, 0.00850400
36822, 0.00850420
36823, 0.00850440
36824, 0.00850460
36825, 0.00850480
36826, 0.00850510
36827, 0.00850530
36828, 0.00850550
36829, 0.00850570
36830, 0.00850600
36831, 0.00850620
36832, 0.00850660
36833, 0.00850680
36834, 0.00850700
36835, 0.00850720
36836, 0.00850740
36837, 0.00850760
36838, 0.00850780
36839, 0.00850800
36840, 0.00850820
36841, 0.00850840
36842, 0.00850860
36843, 0.00850890
36844, 0.00850910
36845, 0.00850930
36846, 0.00850950
36847, 0.00850970
36848, 0.00850990
36849, 0.00851010
36850, 0.00851030
36851, 0.00851050
36852, 0.00851070
36853, 0.00851090
36854, 0.00851110
36855, 0.00851130
36856, 0.00851150
36857, 0.00851170
36858, 0.00851190
36859, 0.00851210
36860, 0.00851230
36861, 0.00851250
36862, 0.00851280
36863, 0.00851300
36864, 0.00851320
36865, 0.00851340
36866, 0.00851360
36867, 0.00851380
36868, 0.00851400
36869, 0.00851420
36870, 0.00851440
36871, 0.00851460
36872, 0.00851480
36873, 0.00851500
36874, 0.00851520
36875, 0.00851540
36876, 0.00851560
36877, 0.00851580
36878, 0.00851610
36879, 0.00851630
36880, 0.00851650
36881, 0.00851670
36882, 0.00851690
36883, 0.00851710
36884, 0.00851730
36885, 0.00851750
36886, 0.00851770
36887, 0.00851790
36888, 0.00851810
36889, 0.00851830
36890, 0.00851850
36891, 0.00851870
36892, 0.00851890
36893, 0.00851910
36894, 0.00851930
36895, 0.00851950
36896, 0.00851980
36897, 0.00852000
36898, 0.00852020
36899, 0.00852040
36900, 0.00852060
36901, 0.00852080
36902, 0.00852100
36903, 0.00852120
36904, 0.00852140
36905, 0.00852160
36906, 0.00852180
36907, 0.00852200
36908, 0.00852220
36909, 0.00852240
36910, 0.00852260
36911, 0.00852280
36912, 0.00852300
36913, 0.00852320
36914, 0.00852350
36915, 0.00852370
36916, 0.00852390
36917, 0.00852410
36918, 0.00852430
36919, 0.00852450
36920, 0.00852470
36921, 0.00852490
36922, 0.00852510
36923, 0.00852530
36924, 0.00852550
36925, 0.00852570
36926, 0.00852590
36927, 0.00852610
36928, 0.00852630
36929, 0.00852650
36930, 0.00852670
36931, 0.00852690
36932, 0.00852720
36933, 0.00852740
36934, 0.00852760
36935, 0.00852780
36936, 0.00852800
36937, 0.00852820
36938, 0.00852840
36939, 0.00852860
36940, 0.00852880
36941, 0.00852900
36942, 0.00852920
36943, 0.00852940
36944, 0.00853000
36945, 0.00853020
36946, 0.00853040
36947, 0.00853060
36948, 0.00853090
36949, 0.00853110
36950, 0.00853130
36951, 0.00853150
36952, 0.00853170
36953, 0.00853190
36954, 0.00853220
36955, 0.00853240
36956, 0.00853260
36957, 0.00853280
36958, 0.00853310
36959, 0.00853330
36960, 0.00853360
36961, 0.00853380
36962, 0.00853400
36963, 0.00853420
36964, 0.00853440
36965, 0.00853460
36966, 0.00853490
36967, 0.00853510
36968, 0.00853530
36969, 0.00853550
36970, 0.00853570
36971, 0.00853590
36972, 0.00853610
36973, 0.00853630
36974, 0.00853650
36975, 0.00853670
36976, 0.00853690
36977, 0.00853710
36978, 0.00853730
36979, 0.00853750
36980, 0.00853770
36981, 0.00853790
36982, 0.00853810
36983, 0.00853830
36984, 0.00853860
36985, 0.00853880
36986, 0.00853900
36987, 0.00853920
36988, 0.00853940
36989, 0.00853960
36990, 0.00853980
36991, 0.00854000
36992, 0.00854020
36993, 0.00854040
36994, 0.00854060
36995, 0.00854080
36996, 0.00854100
36997, 0.00854120
36998, 0.00854140
36999, 0.00854160
37000, 0.00854190
37001, 0.00854210
37002, 0.00854230
37003, 0.00854250
37004, 0.00854270
37005, 0.00854290
37006, 0.00854310
37007, 0.00854330
37008, 0.00854350
37009, 0.00854370
37010, 0.00854390
37011, 0.00854410
37012, 0.00854430
37013, 0.00854450
37014, 0.00854470
37015, 0.00854490
37016, 0.00854510
37017, 0.00854540
37018, 0.00854560
37019, 0.00854580
37020, 0.00854600
37021, 0.00854620
37022, 0.00854640
37023, 0.00854660
37024, 0.00854680
37025, 0.00854700
37026, 0.00854720
37027, 0.00854740
37028, 0.00854760
37029, 0.00854780
37030, 0.00854800
37031, 0.00854820
37032, 0.00854840
37033, 0.00854860
37034, 0.00854880
37035, 0.00854900
37036, 0.00854920
37037, 0.00854950
37038, 0.00854970
37039, 0.00854990
37040, 0.00855010
37041, 0.00855030
37042, 0.00855050
37043, 0.00855070
37044, 0.00855090
37045, 0.00855110
37046, 0.00855130
37047, 0.00855150
37048, 0.00855170
37049, 0.00855190
37050, 0.00855210
37051, 0.00855230
37052, 0.00855250
37053, 0.00855280
37054, 0.00855300
37055, 0.00855320
37056, 0.00855340
37057, 0.00855360
37058, 0.00855380
37059, 0.00855400
37060, 0.00855420
37061, 0.00855440
37062, 0.00855460
37063, 0.00855480
37064, 0.00855500
37065, 0.00855520
37066, 0.00855540
37067, 0.00855560
37068, 0.00855580
37069, 0.00855600
37070, 0.00855620
37071, 0.00855650
37072, 0.00855670
37073, 0.00855690
37074, 0.00855720
37075, 0.00855740
37076, 0.00855760
37077, 0.00855780
37078, 0.00855800
37079, 0.00855820
37080, 0.00855840
37081, 0.00855860
37082, 0.00855880
37083, 0.00855910
37084, 0.00855930
37085, 0.00855950
37086, 0.00855980
37087, 0.00856000
37088, 0.00856030
37089, 0.00856050
37090, 0.00856070
37091, 0.00856090
37092, 0.00856110
37093, 0.00856130
37094, 0.00856150
37095, 0.00856170
37096, 0.00856190
37097, 0.00856210
37098, 0.00856230
37099, 0.00856250
37100, 0.00856270
37101, 0.00856290
37102, 0.00856310
37103, 0.00856330
37104, 0.00856350
37105, 0.00856380
37106, 0.00856400
37107, 0.00856420
37108, 0.00856440
37109, 0.00856460
37110, 0.00856480
37111, 0.00856500
37112, 0.00856520
37113, 0.00856540
37114, 0.00856560
37115, 0.00856580
37116, 0.00856600
37117, 0.00856620
37118, 0.00856640
37119, 0.00856660
37120, 0.00856680
37121, 0.00856700
37122, 0.00856730
37123, 0.00856750
37124, 0.00856770
37125, 0.00856790
37126, 0.00856810
37127, 0.00856830
37128, 0.00856850
37129, 0.00856870
37130, 0.00856890
37131, 0.00856910
37132, 0.00856930
37133, 0.00856950
37134, 0.00856970
37135, 0.00856990
37136, 0.00857010
37137, 0.00857030
37138, 0.00857050
37139, 0.00857080
37140, 0.00857100
37141, 0.00857130
37142, 0.00857150
37143, 0.00857170
37144, 0.00857200
37145, 0.00857220
37146, 0.00857240
37147, 0.00857260
37148, 0.00857280
37149, 0.00857300
37150, 0.00857320
37151, 0.00857340
37152, 0.00857370
37153, 0.00857390
37154, 0.00857410
37155, 0.00857430
37156, 0.00857450
37157, 0.00857470
37158, 0.00857490
37159, 0.00857510
37160, 0.00857530
37161, 0.00857550
37162, 0.00857570
37163, 0.00857590
37164, 0.00857610
37165, 0.00857630
37166, 0.00857650
37167, 0.00857670
37168, 0.00857690
37169, 0.00857710
37170, 0.00857740
37171, 0.00857760
37172, 0.00857780
37173, 0.00857800
37174, 0.00857820
37175, 0.00857840
37176, 0.00857860
37177, 0.00857880
37178, 0.00857900
37179, 0.00857920
37180, 0.00857940
37181, 0.00857960
37182, 0.00857980
37183, 0.00858000
37184, 0.00858020
37185, 0.00858040
37186, 0.00858060
37187, 0.00858080
37188, 0.00858110
37189, 0.00858130
37190, 0.00858150
37191, 0.00858170
37192, 0.00858190
37193, 0.00858210
37194, 0.00858230
37195, 0.00858250
37196, 0.00858270
37197, 0.00858290
37198, 0.00858310
37199, 0.00858330
37200, 0.00858830
37201, 0.00858850
37202, 0.00858880
37203, 0.00858900
37204, 0.00858920
37205, 0.00858940
37206, 0.00858970
37207, 0.00858990
37208, 0.00859010
37209, 0.00859030
37210, 0.00859050
37211, 0.00859070
37212, 0.00859090
37213, 0.00859110
37214, 0.00859130
37215, 0.00859150
37216, 0.00859170
37217, 0.00859190
37218, 0.00859210
37219, 0.00859230
37220, 0.00859250
37221, 0.00859270
37222, 0.00859290
37223, 0.00859310
37224, 0.00859340
37225, 0.00859360
37226, 0.00859380
37227, 0.00859400
37228, 0.00859420
37229, 0.00859440
37230, 0.00859460
37231, 0.00859480
37232, 0.00859500
37233, 0.00859520
37234, 0.00859540
37235, 0.00859560
37236, 0.00859580
37237, 0.00859600
37238, 0.00859620
37239, 0.00859640
37240, 0.00859660
37241, 0.00859690
37242, 0.00859710
37243, 0.00859730
37244, 0.00859750
37245, 0.00859770
37246, 0.00859790
37247, 0.00859810
37248, 0.00859830
37249, 0.00859850
37250, 0.00859870
37251, 0.00859890
37252, 0.00859910
37253, 0.00859930
37254, 0.00859950
37255, 0.00859970
37256, 0.00859990
37257, 0.00860010
37258, 0.00860030
37259, 0.00860060
37260, 0.00860080
37261, 0.00860100
37262, 0.00860120
37263, 0.00860140
37264, 0.00860160
37265, 0.00860180
37266, 0.00860200
37267, 0.00860220
37268, 0.00860240
37269, 0.00860260
37270, 0.00860280
37271, 0.00860300
37272, 0.00860320
37273, 0.00860340
37274, 0.00860360
37275, 0.00860380
37276, 0.00860400
37277, 0.00860420
37278, 0.00860450
37279, 0.00860470
37280, 0.00860490
37281, 0.00860510
37282, 0.00860530
37283, 0.00860550
37284, 0.00860570
37285, 0.00860590
37286, 0.00860610
37287, 0.00860630
37288, 0.00860650
37289, 0.00860670
37290, 0.00860690
37291, 0.00860710
37292, 0.00860730
37293, 0.00860750
37294, 0.00860770
37295, 0.00860790
37296, 0.00860820
37297, 0.00860840
37298, 0.00860860
37299, 0.00860880
37300, 0.00860900
37301, 0.00860920
37302, 0.00860940
37303, 0.00860960
37304, 0.00860980
37305, 0.00861000
37306, 0.00861020
37307, 0.00861040
37308, 0.00861060
37309, 0.00861080
37310, 0.00861100
37311, 0.00861120
37312, 0.00861140
37313, 0.00861160
37314, 0.00861180
37315, 0.00861210
37316, 0.00861230
37317, 0.00861250
37318, 0.00861270
37319, 0.00861290
37320, 0.00861310
37321, 0.00861330
37322, 0.00861350
37323, 0.00861370
37324, 0.00861390
37325, 0.00861410
37326, 0.00861440
37327, 0.00861460
37328, 0.00861480
37329, 0.00861500
37330, 0.00861530
37331, 0.00861550
37332, 0.00861570
37333, 0.00861600
37334, 0.00861620
37335, 0.00861640
37336, 0.00861660
37337, 0.00861680
37338, 0.00861710
37339, 0.00861730
37340, 0.00861760
37341, 0.00861780
37342, 0.00861800
37343, 0.00861820
37344, 0.00861840
37345, 0.00861870
37346, 0.00861890
37347, 0.00861910
37348, 0.00861930
37349, 0.00861950
37350, 0.00861970
37351, 0.00861990
37352, 0.00862010
37353, 0.00862030
37354, 0.00862050
37355, 0.00862070
37356, 0.00862090
37357, 0.00862110
37358, 0.00862130
37359, 0.00862150
37360, 0.00862170
37361, 0.00862200
37362, 0.00862220
37363, 0.00862240
37364, 0.00862260
37365, 0.00862280
37366, 0.00862300
37367, 0.00862320
37368, 0.00862340
37369, 0.00862360
37370, 0.00862380
37371, 0.00862400
37372, 0.00862420
37373, 0.00862440
37374, 0.00862460
37375, 0.00862480
37376, 0.00862500
37377, 0.00862520
37378, 0.00862540
37379, 0.00862570
37380, 0.00862590
37381, 0.00862610
37382, 0.00862630
37383, 0.00862650
37384, 0.00862670
37385, 0.00862690
37386, 0.00862710
37387, 0.00862730
37388, 0.00862750
37389, 0.00862770
37390, 0.00862790
37391, 0.00862810
37392, 0.00862830
37393, 0.00862850
37394, 0.00862870
37395, 0.00862890
37396, 0.00862910
37397, 0.00862940
37398, 0.00862960
37399, 0.00862980
37400, 0.00863000
37401, 0.00863020
37402, 0.00863040
37403, 0.00863060
37404, 0.00863080
37405, 0.00863100
37406, 0.00863120
37407, 0.00863140
37408, 0.00863160
37409, 0.00863180
37410, 0.00863200
37411, 0.00863220
37412, 0.00863240
37413, 0.00863260
37414, 0.00863280
37415, 0.00863300
37416, 0.00863320
37417, 0.00863350
37418, 0.00863370
37419, 0.00863390
37420, 0.00863410
37421, 0.00863430
37422, 0.00863450
37423, 0.00863470
37424, 0.00863490
37425, 0.00863510
37426, 0.00863530
37427, 0.00863550
37428, 0.00863570
37429, 0.00863590
37430, 0.00863610
37431, 0.00863630
37432, 0.00863650
37433, 0.00863670
37434, 0.00863690
37435, 0.00863710
37436, 0.00863740
37437, 0.00863760
37438, 0.00863780
37439, 0.00863800
37440, 0.00863820
37441, 0.00863840
37442, 0.00863860
37443, 0.00863880
37444, 0.00863900
37445, 0.00863920
37446, 0.00863940
37447, 0.00863960
37448, 0.00863980
37449, 0.00864000
37450, 0.00864020
37451, 0.00864040
37452, 0.00864060
37453, 0.00864090
37454, 0.00864120
37455, 0.00864140
37456, 0.00864160
37457, 0.00864180
37458, 0.00864210
37459, 0.00864230
37460, 0.00864250
37461, 0.00864270
37462, 0.00864290
37463, 0.00864310
37464, 0.00864330
37465, 0.00864350
37466, 0.00864380
37467, 0.00864400
37468, 0.00864430
37469, 0.00864450
37470, 0.00864480
37471, 0.00864500
37472, 0.00864520
37473, 0.00864540
37474, 0.00864560
37475, 0.00864580
37476, 0.00864600
37477, 0.00864620
37478, 0.00864640
37479, 0.00864660
37480, 0.00864680
37481, 0.00864700
37482, 0.00864720
37483, 0.00864750
37484, 0.00864770
37485, 0.00864790
37486, 0.00864810
37487, 0.00864830
37488, 0.00864850
37489, 0.00864870
37490, 0.00864890
37491, 0.00864910
37492, 0.00864930
37493, 0.00864950
37494, 0.00864970
37495, 0.00864990
37496, 0.00865010
37497, 0.00865030
37498, 0.00865060
37499, 0.00865080
37500, 0.00865100
37501, 0.00865120
37502, 0.00865140
37503, 0.00865160
37504, 0.00865180
37505, 0.00865200
37506, 0.00865220
37507, 0.00865240
37508, 0.00865260
37509, 0.00865280
37510, 0.00865300
37511, 0.00865320
37512, 0.00865340
37513, 0.00865360
37514, 0.00865380
37515, 0.00865400
37516, 0.00865420
37517, 0.00865440
37518, 0.00865470
37519, 0.00865490
37520, 0.00865510
37521, 0.00865530
37522, 0.00865550
37523, 0.00865570
37524, 0.00865590
37525, 0.00865610
37526, 0.00865630
37527, 0.00865650
37528, 0.00865670
37529, 0.00865690
37530, 0.00865710
37531, 0.00865730
37532, 0.00865750
37533, 0.00865770
37534, 0.00865790
37535, 0.00865810
37536, 0.00865840
37537, 0.00865860
37538, 0.00865880
37539, 0.00865900
37540, 0.00865920
37541, 0.00865940
37542, 0.00865960
37543, 0.00865980
37544, 0.00866000
37545, 0.00866020
37546, 0.00866040
37547, 0.00866060
37548, 0.00866080
37549, 0.00866100
37550, 0.00866120
37551, 0.00866140
37552, 0.00866160
37553, 0.00866190
37554, 0.00866210
37555, 0.00866230
37556, 0.00866250
37557, 0.00866270
37558, 0.00866290
37559, 0.00866310
37560, 0.00866330
37561, 0.00866350
37562, 0.00866370
37563, 0.00866390
37564, 0.00866410
37565, 0.00866430
37566, 0.00866450
37567, 0.00866470
37568, 0.00866490
37569, 0.00866510
37570, 0.00866530
37571, 0.00866550
37572, 0.00866580
37573, 0.00866600
37574, 0.00866620
37575, 0.00866640
37576, 0.00866660
37577, 0.00866680
37578, 0.00866700
37579, 0.00866720
37580, 0.00866740
37581, 0.00866760
37582, 0.00866790
37583, 0.00866810
37584, 0.00866830
37585, 0.00866850
37586, 0.00866870
37587, 0.00866900
37588, 0.00866920
37589, 0.00866940
37590, 0.00866960
37591, 0.00866980
37592, 0.00867000
37593, 0.00867020
37594, 0.00867050
37595, 0.00867070
37596, 0.00867110
37597, 0.00867130
37598, 0.00867160
37599, 0.00867180
37600, 0.00867200
37601, 0.00867220
37602, 0.00867240
37603, 0.00867260
37604, 0.00867280
37605, 0.00867300
37606, 0.00867320
37607, 0.00867340
37608, 0.00867370
37609, 0.00867390
37610, 0.00867410
37611, 0.00867430
37612, 0.00867450
37613, 0.00867470
37614, 0.00867490
37615, 0.00867510
37616, 0.00867530
37617, 0.00867550
37618, 0.00867570
37619, 0.00867590
37620, 0.00867610
37621, 0.00867630
37622, 0.00867650
37623, 0.00867670
37624, 0.00867690
37625, 0.00867720
37626, 0.00867740
37627, 0.00867760
37628, 0.00867780
37629, 0.00867800
37630, 0.00867820
37631, 0.00867840
37632, 0.00867860
37633, 0.00867880
37634, 0.00867900
37635, 0.00867920
37636, 0.00867940
37637, 0.00867960
37638, 0.00867980
37639, 0.00868000
37640, 0.00868020
37641, 0.00868040
37642, 0.00868060
37643, 0.00868080
37644, 0.00868110
37645, 0.00868130
37646, 0.00868150
37647, 0.00868170
37648, 0.00868190
37649, 0.00868210
37650, 0.00868230
37651, 0.00868250
37652, 0.00868270
37653, 0.00868290
37654, 0.00868310
37655, 0.00868330
37656, 0.00868350
37657, 0.00868370
37658, 0.00868390
37659, 0.00868410
37660, 0.00868440
37661, 0.00868460
37662, 0.00868480
37663, 0.00868500
37664, 0.00868520
37665, 0.00868540
37666, 0.00868560
37667, 0.00868580
37668, 0.00868600
37669, 0.00868620
37670, 0.00868640
37671, 0.00868660
37672, 0.00868680
37673, 0.00868700
37674, 0.00868720
37675, 0.00868740
37676, 0.00868760
37677, 0.00868780
37678, 0.00868810
37679, 0.00868830
37680, 0.00868850
37681, 0.00868870
37682, 0.00868890
37683, 0.00868910
37684, 0.00868930
37685, 0.00868950
37686, 0.00868970
37687, 0.00868990
37688, 0.00869010
37689, 0.00869030
37690, 0.00869050
37691, 0.00869070
37692, 0.00869090
37693, 0.00869110
37694, 0.00869130
37695, 0.00869150
37696, 0.00869170
37697, 0.00869200
37698, 0.00869220
37699, 0.00869240
37700, 0.00869260
37701, 0.00869280
37702, 0.00869300
37703, 0.00869320
37704, 0.00869340
37705, 0.00869360
37706, 0.00869380
37707, 0.00869400
37708, 0.00869420
37709, 0.00869440
37710, 0.00869480
37711, 0.00869500
37712, 0.00869520
37713, 0.00869550
37714, 0.00869570
37715, 0.00869590
37716, 0.00869610
37717, 0.00869630
37718, 0.00869650
37719, 0.00869670
37720, 0.00869700
37721, 0.00869720
37722, 0.00869750
37723, 0.00869770
37724, 0.00869820
37725, 0.00869840
37726, 0.00869870
37727, 0.00869890
37728, 0.00869910
37729, 0.00869930
37730, 0.00869950
37731, 0.00869970
37732, 0.00869990
37733, 0.00870010
37734, 0.00870030
37735, 0.00870050
37736, 0.00870070
37737, 0.00870090
37738, 0.00870110
37739, 0.00870130
37740, 0.00870150
37741, 0.00870170
37742, 0.00870190
37743, 0.00870210
37744, 0.00870240
37745, 0.00870260
37746, 0.00870280
37747, 0.00870300
37748, 0.00870320
37749, 0.00870340
37750, 0.00870360
37751, 0.00870380
37752, 0.00870400
37753, 0.00870420
37754, 0.00870440
37755, 0.00870460
37756, 0.00870480
37757, 0.00870500
37758, 0.00870520
37759, 0.00870540
37760, 0.00870560
37761, 0.00870580
37762, 0.00870610
37763, 0.00870630
37764, 0.00870650
37765, 0.00870670
37766, 0.00870690
37767, 0.00870710
37768, 0.00870730
37769, 0.00870750
37770, 0.00870770
37771, 0.00870790
37772, 0.00870810
37773, 0.00870830
37774, 0.00870850
37775, 0.00870870
37776, 0.00870890
37777, 0.00870910
37778, 0.00870930
37779, 0.00870960
37780, 0.00870980
37781, 0.00871000
37782, 0.00871020
37783, 0.00871040
37784, 0.00871060
37785, 0.00871080
37786, 0.00871100
37787, 0.00871120
37788, 0.00871140
37789, 0.00871160
37790, 0.00871180
37791, 0.00871200
37792, 0.00871220
37793, 0.00871240
37794, 0.00871260
37795, 0.00871280
37796, 0.00871310
37797, 0.00871330
37798, 0.00871350
37799, 0.00871370
37800, 0.00871390
37801, 0.00871410
37802, 0.00871430
37803, 0.00871450
37804, 0.00871470
37805, 0.00871490
37806, 0.00871510
37807, 0.00871530
37808, 0.00871550
37809, 0.00871570
37810, 0.00871590
37811, 0.00871610
37812, 0.00871630
37813, 0.00871650
37814, 0.00871680
37815, 0.00871700
37816, 0.00871720
37817, 0.00871740
37818, 0.00871760
37819, 0.00871780
37820, 0.00871800
37821, 0.00871820
37822, 0.00871840
37823, 0.00871860
37824, 0.00871880
37825, 0.00871900
37826, 0.00871920
37827, 0.00871950
37828, 0.00871970
37829, 0.00871990
37830, 0.00872010
37831, 0.00872030
37832, 0.00872050
37833, 0.00872070
37834, 0.00872090
37835, 0.00872110
37836, 0.00872140
37837, 0.00872160
37838, 0.00872180
37839, 0.00872200
37840, 0.00872230
37841, 0.00872250
37842, 0.00872270
37843, 0.00872290
37844, 0.00872310
37845, 0.00872330
37846, 0.00872360
37847, 0.00872380
37848, 0.00872400
37849, 0.00872420
37850, 0.00872450
37851, 0.00872470
37852, 0.00872500
37853, 0.00872520
37854, 0.00872540
37855, 0.00872560
37856, 0.00872580
37857, 0.00872600
37858, 0.00872620
37859, 0.00872640
37860, 0.00872660
37861, 0.00872680
37862, 0.00872700
37863, 0.00872730
37864, 0.00872750
37865, 0.00872770
37866, 0.00872790
37867, 0.00872810
37868, 0.00872830
37869, 0.00872850
37870, 0.00872870
37871, 0.00872890
37872, 0.00872910
37873, 0.00872930
37874, 0.00872950
37875, 0.00872970
37876, 0.00872990
37877, 0.00873010
37878, 0.00873030
37879, 0.00873050
37880, 0.00873080
37881, 0.00873100
37882, 0.00873120
37883, 0.00873140
37884, 0.00873160
37885, 0.00873180
37886, 0.00873200
37887, 0.00873220
37888, 0.00873240
37889, 0.00873260
37890, 0.00873280
37891, 0.00873300
37892, 0.00873320
37893, 0.00873340
37894, 0.00873360
37895, 0.00873380
37896, 0.00873400
37897, 0.00873420
37898, 0.00873450
37899, 0.00873470
37900, 0.00873490
37901, 0.00873510
37902, 0.00873530
37903, 0.00873550
37904, 0.00873570
37905, 0.00873590
37906, 0.00873610
37907, 0.00873630
37908, 0.00873650
37909, 0.00873670
37910, 0.00873690
37911, 0.00873710
37912, 0.00873730
37913, 0.00873750
37914, 0.00873770
37915, 0.00873790
37916, 0.00873810
37917, 0.00873840
37918, 0.00873860
37919, 0.00873880
37920, 0.00873900
37921, 0.00873920
37922, 0.00873940
37923, 0.00873960
37924, 0.00873980
37925, 0.00874000
37926, 0.00874020
37927, 0.00874040
37928, 0.00874060
37929, 0.00874080
37930, 0.00874100
37931, 0.00874120
37932, 0.00874140
37933, 0.00874160
37934, 0.00874190
37935, 0.00874210
37936, 0.00874230
37937, 0.00874250
37938, 0.00874270
37939, 0.00874290
37940, 0.00874310
37941, 0.00874330
37942, 0.00874350
37943, 0.00874370
37944, 0.00874390
37945, 0.00874410
37946, 0.00874430
37947, 0.00874450
37948, 0.00874470
37949, 0.00874490
37950, 0.00874510
37951, 0.00874540
37952, 0.00874560
37953, 0.00874580
37954, 0.00874600
37955, 0.00874620
37956, 0.00874640
37957, 0.00874660
37958, 0.00874680
37959, 0.00874700
37960, 0.00874720
37961, 0.00874740
37962, 0.00874760
37963, 0.00874780
37964, 0.00874820
37965, 0.00874840
37966, 0.00874860
37967, 0.00874880
37968, 0.00874910
37969, 0.00874930
37970, 0.00874950
37971, 0.00874970
37972, 0.00874990
37973, 0.00875010
37974, 0.00875040
37975, 0.00875060
37976, 0.00875080
37977, 0.00875100
37978, 0.00875130
37979, 0.00875150
37980, 0.00875180
37981, 0.00875200
37982, 0.00875220
37983, 0.00875240
37984, 0.00875260
37985, 0.00875280
37986, 0.00875300
37987, 0.00875320
37988, 0.00875350
37989, 0.00875370
37990, 0.00875390
37991, 0.00875410
37992, 0.00875430
37993, 0.00875450
37994, 0.00875470
37995, 0.00875490
37996, 0.00875510
37997, 0.00875530
37998, 0.00875550
37999, 0.00875570
38000, 0.00875590
38001, 0.00875610
38002, 0.00875630
38003, 0.00875650
38004, 0.00875670
38005, 0.00875690
38006, 0.00875720
38007, 0.00875740
38008, 0.00875760
38009, 0.00875780
38010, 0.00875800
38011, 0.00875820
38012, 0.00875840
38013, 0.00875860
38014, 0.00875880
38015, 0.00875900
38016, 0.00875920
38017, 0.00875940
38018, 0.00875960
38019, 0.00875980
38020, 0.00876000
38021, 0.00876020
38022, 0.00876050
38023, 0.00876070
38024, 0.00876090
38025, 0.00876110
38026, 0.00876130
38027, 0.00876150
38028, 0.00876170
38029, 0.00876190
38030, 0.00876220
38031, 0.00876240
38032, 0.00876260
38033, 0.00876280
38034, 0.00876300
38035, 0.00876330
38036, 0.00876350
38037, 0.00876380
38038, 0.00876400
38039, 0.00876420
38040, 0.00876450
38041, 0.00876470
38042, 0.00876500
38043, 0.00876520
38044, 0.00876540
38045, 0.00876560
38046, 0.00876580
38047, 0.00876600
38048, 0.00876620
38049, 0.00876640
38050, 0.00876660
38051, 0.00876690
38052, 0.00876710
38053, 0.00876730
38054, 0.00876750
38055, 0.00876770
38056, 0.00876790
38057, 0.00876810
38058, 0.00876830
38059, 0.00876850
38060, 0.00876870
38061, 0.00876890
38062, 0.00876910
38063, 0.00876930
38064, 0.00876950
38065, 0.00876970
38066, 0.00876990
38067, 0.00877010
38068, 0.00877030
38069, 0.00877050
38070, 0.00877080
38071, 0.00877100
38072, 0.00877120
38073, 0.00877140
38074, 0.00877160
38075, 0.00877180
38076, 0.00877200
38077, 0.00877220
38078, 0.00877240
38079, 0.00877260
38080, 0.00877280
38081, 0.00877300
38082, 0.00877320
38083, 0.00877340
38084, 0.00877360
38085, 0.00877380
38086, 0.00877400
38087, 0.00877430
38088, 0.00877450
38089, 0.00877470
38090, 0.00877490
38091, 0.00877510
38092, 0.00877540
38093, 0.00877560
38094, 0.00877580
38095, 0.00877600
38096, 0.00877620
38097, 0.00877640
38098, 0.00877660
38099, 0.00877680
38100, 0.00877700
38101, 0.00877720
38102, 0.00877750
38103, 0.00877770
38104, 0.00877800
38105, 0.00877820
38106, 0.00877850
38107, 0.00877870
38108, 0.00877890
38109, 0.00877910
38110, 0.00877940
38111, 0.00877960
38112, 0.00877980
38113, 0.00878000
38114, 0.00878020
38115, 0.00878040
38116, 0.00878060
38117, 0.00878080
38118, 0.00878100
38119, 0.00878120
38120, 0.00878140
38121, 0.00878160
38122, 0.00878180
38123, 0.00878200
38124, 0.00878220
38125, 0.00878240
38126, 0.00878260
38127, 0.00878280
38128, 0.00878310
38129, 0.00878330
38130, 0.00878350
38131, 0.00878370
38132, 0.00878390
38133, 0.00878410
38134, 0.00878430
38135, 0.00878450
38136, 0.00878470
38137, 0.00878490
38138, 0.00878510
38139, 0.00878530
38140, 0.00878550
38141, 0.00878570
38142, 0.00878590
38143, 0.00878610
38144, 0.00878630
38145, 0.00878660
38146, 0.00878680
38147, 0.00878700
38148, 0.00878720
38149, 0.00878740
38150, 0.00878760
38151, 0.00878780
38152, 0.00878800
38153, 0.00878820
38154, 0.00878840
38155, 0.00878860
38156, 0.00878880
38157, 0.00878900
38158, 0.00878920
38159, 0.00878940
38160, 0.00878960
38161, 0.00878980
38162, 0.00879000
38163, 0.00879020
38164, 0.00879050
38165, 0.00879070
38166, 0.00879090
38167, 0.00879110
38168, 0.00879130
38169, 0.00879150
38170, 0.00879170
38171, 0.00879190
38172, 0.00879210
38173, 0.00879230
38174, 0.00879250
38175, 0.00879270
38176, 0.00879290
38177, 0.00879310
38178, 0.00879330
38179, 0.00879350
38180, 0.00879370
38181, 0.00879390
38182, 0.00879420
38183, 0.00879440
38184, 0.00879460
38185, 0.00879480
38186, 0.00879500
38187, 0.00879520
38188, 0.00879540
38189, 0.00879560
38190, 0.00879580
38191, 0.00879600
38192, 0.00879620
38193, 0.00879640
38194, 0.00879660
38195, 0.00879690
38196, 0.00879710
38197, 0.00879730
38198, 0.00879750
38199, 0.00879770
38200, 0.00879790
38201, 0.00879810
38202, 0.00879830
38203, 0.00879850
38204, 0.00879870
38205, 0.00879890
38206, 0.00879910
38207, 0.00879940
38208, 0.00879960
38209, 0.00879980
38210, 0.00880000
38211, 0.00880020
38212, 0.00880040
38213, 0.00880060
38214, 0.00880080
38215, 0.00880100
38216, 0.00880120
38217, 0.00880140
38218, 0.00880160
38219, 0.00880180
38220, 0.00880220
38221, 0.00880240
38222, 0.00880270
38223, 0.00880290
38224, 0.00880310
38225, 0.00880330
38226, 0.00880350
38227, 0.00880370
38228, 0.00880390
38229, 0.00880420
38230, 0.00880440
38231, 0.00880460
38232, 0.00880490
38233, 0.00880510
38234, 0.00880530
38235, 0.00880560
38236, 0.00880580
38237, 0.00880600
38238, 0.00880620
38239, 0.00880640
38240, 0.00880660
38241, 0.00880680
38242, 0.00880700
38243, 0.00880730
38244, 0.00880750
38245, 0.00880770
38246, 0.00880790
38247, 0.00880810
38248, 0.00880830
38249, 0.00880850
38250, 0.00880870
38251, 0.00880890
38252, 0.00880910
38253, 0.00880930
38254, 0.00880950
38255, 0.00880970
38256, 0.00880990
38257, 0.00881010
38258, 0.00881030
38259, 0.00881060
38260, 0.00881080
38261, 0.00881100
38262, 0.00881120
38263, 0.00881140
38264, 0.00881160
38265, 0.00881180
38266, 0.00881200
38267, 0.00881220
38268, 0.00881240
38269, 0.00881260
38270, 0.00881280
38271, 0.00881300
38272, 0.00881320
38273, 0.00881350
38274, 0.00881370
38275, 0.00881390
38276, 0.00881410
38277, 0.00881430
38278, 0.00881450
38279, 0.00881470
38280, 0.00881490
38281, 0.00881510
38282, 0.00881530
38283, 0.00881550
38284, 0.00881570
38285, 0.00881590
38286, 0.00881610
38287, 0.00881630
38288, 0.00881650
38289, 0.00881670
38290, 0.00881690
38291, 0.00881710
38292, 0.00881730
38293, 0.00881750
38294, 0.00881780
38295, 0.00881800
38296, 0.00881820
38297, 0.00881840
38298, 0.00881860
38299, 0.00881880
38300, 0.00881900
38301, 0.00881920
38302, 0.00881940
38303, 0.00881960
38304, 0.00881980
38305, 0.00882000
38306, 0.00882020
38307, 0.00882040
38308, 0.00882060
38309, 0.00882080
38310, 0.00882100
38311, 0.00882120
38312, 0.00882140
38313, 0.00882170
38314, 0.00882190
38315, 0.00882210
38316, 0.00882230
38317, 0.00882250
38318, 0.00882270
38319, 0.00882290
38320, 0.00882310
38321, 0.00882330
38322, 0.00882350
38323, 0.00882370
38324, 0.00882390
38325, 0.00882410
38326, 0.00882430
38327, 0.00882450
38328, 0.00882470
38329, 0.00882490
38330, 0.00882510
38331, 0.00882530
38332, 0.00882560
38333, 0.00882580
38334, 0.00882600
38335, 0.00882620
38336, 0.00882640
38337, 0.00882660
38338, 0.00882680
38339, 0.00882700
38340, 0.00882720
38341, 0.00882740
38342, 0.00882760
38343, 0.00882780
38344, 0.00882800
38345, 0.00882820
38346, 0.00882850
38347, 0.00882870
38348, 0.00882890
38349, 0.00882910
38350, 0.00882940
38351, 0.00882960
38352, 0.00882980
38353, 0.00883000
38354, 0.00883020
38355, 0.00883040
38356, 0.00883070
38357, 0.00883090
38358, 0.00883120
38359, 0.00883140
38360, 0.00883160
38361, 0.00883180
38362, 0.00883210
38363, 0.00883230
38364, 0.00883250
38365, 0.00883270
38366, 0.00883290
38367, 0.00883310
38368, 0.00883330
38369, 0.00883350
38370, 0.00883370
38371, 0.00883400
38372, 0.00883420
38373, 0.00883440
38374, 0.00883500
38375, 0.00883540
38376, 0.00883580
38377, 0.00883620
38378, 0.00883660
38379, 0.00883700
38380, 0.00883730
38381, 0.00883770
38382, 0.00883810
38383, 0.00883840
38384, 0.00883880
38385, 0.00883920
38386, 0.00883960
38387, 0.00884000
38388, 0.00884050
38389, 0.00884090
38390, 0.00884130
38391, 0.00884170
38392, 0.00884210
38393, 0.00884250
38394, 0.00884290
38395, 0.00884320
38396, 0.00884360
38397, 0.00884400
38398, 0.00884440
38399, 0.00884480
38400, 0.00884520
38401, 0.00884550
38402, 0.00884590
38403, 0.00884630
38404, 0.00884670
38405, 0.00884710
38406, 0.00884740
38407, 0.00884780
38408, 0.00884810
38409, 0.00884830
38410, 0.00884850
38411, 0.00884870
38412, 0.00884890
38413, 0.00884920
38414, 0.00884940
38415, 0.00884960
38416, 0.00884980
38417, 0.00885000
38418, 0.00885020
38419, 0.00885040
38420, 0.00885060
38421, 0.00885080
38422, 0.00885100
38423, 0.00885120
38424, 0.00885140
38425, 0.00885160
38426, 0.00885180
38427, 0.00885200
38428, 0.00885220
38429, 0.00885240
38430, 0.00885260
38431, 0.00885280
38432, 0.00885300
38433, 0.00885330
38434, 0.00885350
38435, 0.00885370
38436, 0.00885390
38437, 0.00885410
38438, 0.00885430
38439, 0.00885450
38440, 0.00885470
38441, 0.00885490
38442, 0.00885510
38443, 0.00885530
38444, 0.00885550
38445, 0.00885570
38446, 0.00885590
38447, 0.00885610
38448, 0.00885630
38449, 0.00885650
38450, 0.00885670
38451, 0.00885690
38452, 0.00885710
38453, 0.00885730
38454, 0.00885750
38455, 0.00885780
38456, 0.00885800
38457, 0.00885820
38458, 0.00885840
38459, 0.00885860
38460, 0.00885880
38461, 0.00885900
38462, 0.00885920
38463, 0.00885940
38464, 0.00885960
38465, 0.00885980
38466, 0.00886000
38467, 0.00886020
38468, 0.00886040
38469, 0.00886060
38470, 0.00886080
38471, 0.00886100
38472, 0.00886120
38473, 0.00886140
38474, 0.00886180
38475, 0.00886200
38476, 0.00886220
38477, 0.00886240
38478, 0.00886270
38479, 0.00886290
38480, 0.00886310
38481, 0.00886330
38482, 0.00886350
38483, 0.00886370
38484, 0.00886400
38485, 0.00886420
38486, 0.00886450
38487, 0.00886470
38488, 0.00886490
38489, 0.00886510
38490, 0.00886540
38491, 0.00886560
38492, 0.00886580
38493, 0.00886600
38494, 0.00886620
38495, 0.00886640
38496, 0.00886660
38497, 0.00886680
38498, 0.00886700
38499, 0.00886720
38500, 0.00886740
38501, 0.00886760
38502, 0.00886790
38503, 0.00886810
38504, 0.00886830
38505, 0.00886850
38506, 0.00886870
38507, 0.00886890
38508, 0.00886910
38509, 0.00886930
38510, 0.00886950
38511, 0.00886970
38512, 0.00886990
38513, 0.00887010
38514, 0.00887030
38515, 0.00887050
38516, 0.00887070
38517, 0.00887090
38518, 0.00887110
38519, 0.00887130
38520, 0.00887150
38521, 0.00887170
38522, 0.00887190
38523, 0.00887220
38524, 0.00887240
38525, 0.00887260
38526, 0.00887280
38527, 0.00887300
38528, 0.00887320
38529, 0.00887340
38530, 0.00887360
38531, 0.00887380
38532, 0.00887400
38533, 0.00887420
38534, 0.00887440
38535, 0.00887460
38536, 0.00887480
38537, 0.00887500
38538, 0.00887520
38539, 0.00887540
38540, 0.00887560
38541, 0.00887580
38542, 0.00887600
38543, 0.00887630
38544, 0.00887650
38545, 0.00887670
38546, 0.00887690
38547, 0.00887710
38548, 0.00887730
38549, 0.00887750
38550, 0.00887770
38551, 0.00887790
38552, 0.00887810
38553, 0.00887830
38554, 0.00887850
38555, 0.00887870
38556, 0.00887890
38557, 0.00887910
38558, 0.00887930
38559, 0.00887950
38560, 0.00887970
38561, 0.00888000
38562, 0.00888020
38563, 0.00888040
38564, 0.00888060
38565, 0.00888080
38566, 0.00888100
38567, 0.00888120
38568, 0.00888140
38569, 0.00888160
38570, 0.00888180
38571, 0.00888200
38572, 0.00888220
38573, 0.00888240
38574, 0.00888260
38575, 0.00888280
38576, 0.00888300
38577, 0.00888320
38578, 0.00888340
38579, 0.00888360
38580, 0.00888380
38581, 0.00888400
38582, 0.00888430
38583, 0.00888450
38584, 0.00888470
38585, 0.00888490
38586, 0.00888510
38587, 0.00888530
38588, 0.00888550
38589, 0.00888570
38590, 0.00888590
38591, 0.00888610
38592, 0.00888630
38593, 0.00888650
38594, 0.00888670
38595, 0.00888690
38596, 0.00888710
38597, 0.00888730
38598, 0.00888750
38599, 0.00888770
38600, 0.00888790
38601, 0.00888810
38602, 0.00888840
38603, 0.00888860
38604, 0.00888880
38605, 0.00888900
38606, 0.00888920
38607, 0.00888950
38608, 0.00888970
38609, 0.00888990
38610, 0.00889010
38611, 0.00889030
38612, 0.00889050
38613, 0.00889070
38614, 0.00889100
38615, 0.00889120
38616, 0.00889150
38617, 0.00889170
38618, 0.00889200
38619, 0.00889220
38620, 0.00889240
38621, 0.00889260
38622, 0.00889280
38623, 0.00889300
38624, 0.00889320
38625, 0.00889340
38626, 0.00889360
38627, 0.00889380
38628, 0.00889400
38629, 0.00889420
38630, 0.00889440
38631, 0.00889460
38632, 0.00889490
38633, 0.00889510
38634, 0.00889530
38635, 0.00889550
38636, 0.00889570
38637, 0.00889590
38638, 0.00889610
38639, 0.00889630
38640, 0.00889650
38641, 0.00889670
38642, 0.00889690
38643, 0.00889710
38644, 0.00889730
38645, 0.00889750
38646, 0.00889770
38647, 0.00889790
38648, 0.00889810
38649, 0.00889830
38650, 0.00889850
38651, 0.00889870
38652, 0.00889900
38653, 0.00889920
38654, 0.00889940
38655, 0.00889960
38656, 0.00889980
38657, 0.00890000
38658, 0.00890020
38659, 0.00890040
38660, 0.00890060
38661, 0.00890080
38662, 0.00890100
38663, 0.00890120
38664, 0.00890140
38665, 0.00890160
38666, 0.00890180
38667, 0.00890200
38668, 0.00890220
38669, 0.00890240
38670, 0.00890260
38671, 0.00890290
38672, 0.00890310
38673, 0.00890330
38674, 0.00890350
38675, 0.00890370
38676, 0.00890390
38677, 0.00890410
38678, 0.00890430
38679, 0.00890450
38680, 0.00890470
38681, 0.00890490
38682, 0.00890510
38683, 0.00890530
38684, 0.00890550
38685, 0.00890570
38686, 0.00890590
38687, 0.00890610
38688, 0.00890630
38689, 0.00890650
38690, 0.00890670
38691, 0.00890690
38692, 0.00890710
38693, 0.00890740
38694, 0.00890760
38695, 0.00890780
38696, 0.00890800
38697, 0.00890820
38698, 0.00890840
38699, 0.00890860
38700, 0.00890880
38701, 0.00890900
38702, 0.00890920
38703, 0.00890940
38704, 0.00890960
38705, 0.00890980
38706, 0.00891000
38707, 0.00891020
38708, 0.00891040
38709, 0.00891060
38710, 0.00891080
38711, 0.00891100
38712, 0.00891120
38713, 0.00891140
38714, 0.00891170
38715, 0.00891190
38716, 0.00891210
38717, 0.00891230
38718, 0.00891250
38719, 0.00891270
38720, 0.00891290
38721, 0.00891310
38722, 0.00891330
38723, 0.00891350
38724, 0.00891370
38725, 0.00891390
38726, 0.00891410
38727, 0.00891430
38728, 0.00891450
38729, 0.00891480
38730, 0.00891510
38731, 0.00891530
38732, 0.00891560
38733, 0.00891580
38734, 0.00891600
38735, 0.00891620
38736, 0.00891640
38737, 0.00891660
38738, 0.00891680
38739, 0.00891700
38740, 0.00891730
38741, 0.00891750
38742, 0.00891780
38743, 0.00891800
38744, 0.00891830
38745, 0.00891850
38746, 0.00891870
38747, 0.00891890
38748, 0.00891910
38749, 0.00891930
38750, 0.00891960
38751, 0.00891980
38752, 0.00892000
38753, 0.00892020
38754, 0.00892040
38755, 0.00892060
38756, 0.00892080
38757, 0.00892100
38758, 0.00892120
38759, 0.00892140
38760, 0.00892160
38761, 0.00892180
38762, 0.00892200
38763, 0.00892220
38764, 0.00892240
38765, 0.00892260
38766, 0.00892280
38767, 0.00892300
38768, 0.00892320
38769, 0.00892340
38770, 0.00892360
38771, 0.00892390
38772, 0.00892410
38773, 0.00892430
38774, 0.00892450
38775, 0.00892470
38776, 0.00892490
38777, 0.00892510
38778, 0.00892530
38779, 0.00892550
38780, 0.00892570
38781, 0.00892590
38782, 0.00892610
38783, 0.00892630
38784, 0.00892650
38785, 0.00892670
38786, 0.00892690
38787, 0.00892710
38788, 0.00892730
38789, 0.00892750
38790, 0.00892770
38791, 0.00892790
38792, 0.00892810
38793, 0.00892840
38794, 0.00892860
38795, 0.00892880
38796, 0.00892900
38797, 0.00892920
38798, 0.00892940
38799, 0.00892960
38800, 0.00892980
38801, 0.00893000
38802, 0.00893020
38803, 0.00893040
38804, 0.00893060
38805, 0.00893080
38806, 0.00893100
38807, 0.00893120
38808, 0.00893140
38809, 0.00893160
38810, 0.00893180
38811, 0.00893200
38812, 0.00893220
38813, 0.00893240
38814, 0.00893270
38815, 0.00893290
38816, 0.00893310
38817, 0.00893330
38818, 0.00893350
38819, 0.00893370
38820, 0.00893390
38821, 0.00893410
38822, 0.00893430
38823, 0.00893450
38824, 0.00893470
38825, 0.00893490
38826, 0.00893510
38827, 0.00893530
38828, 0.00893550
38829, 0.00893570
38830, 0.00893590
38831, 0.00893610
38832, 0.00893630
38833, 0.00893650
38834, 0.00893680
38835, 0.00893700
38836, 0.00893720
38837, 0.00893740
38838, 0.00893760
38839, 0.00893780
38840, 0.00893800
38841, 0.00893820
38842, 0.00893840
38843, 0.00893860
38844, 0.00893880
38845, 0.00893900
38846, 0.00893920
38847, 0.00893940
38848, 0.00893960
38849, 0.00893980
38850, 0.00894000
38851, 0.00894020
38852, 0.00894040
38853, 0.00894070
38854, 0.00894090
38855, 0.00894110
38856, 0.00894140
38857, 0.00894160
38858, 0.00894180
38859, 0.00894200
38860, 0.00894230
38861, 0.00894250
38862, 0.00894270
38863, 0.00894290
38864, 0.00894310
38865, 0.00894330
38866, 0.00894360
38867, 0.00894380
38868, 0.00894410
38869, 0.00894430
38870, 0.00894450
38871, 0.00894480
38872, 0.00894500
38873, 0.00894520
38874, 0.00894540
38875, 0.00894560
38876, 0.00894580
38877, 0.00894600
38878, 0.00894620
38879, 0.00894640
38880, 0.00894670
38881, 0.00894690
38882, 0.00894710
38883, 0.00894730
38884, 0.00894750
38885, 0.00894770
38886, 0.00894790
38887, 0.00894810
38888, 0.00894830
38889, 0.00894850
38890, 0.00894870
38891, 0.00894890
38892, 0.00894910
38893, 0.00894930
38894, 0.00894950
38895, 0.00894970
38896, 0.00894990
38897, 0.00895010
38898, 0.00895030
38899, 0.00895050
38900, 0.00895070
38901, 0.00895090
38902, 0.00895120
38903, 0.00895140
38904, 0.00895160
38905, 0.00895180
38906, 0.00895200
38907, 0.00895220
38908, 0.00895240
38909, 0.00895260
38910, 0.00895280
38911, 0.00895300
38912, 0.00895320
38913, 0.00895340
38914, 0.00895360
38915, 0.00895380
38916, 0.00895400
38917, 0.00895420
38918, 0.00895440
38919, 0.00895460
38920, 0.00895480
38921, 0.00895500
38922, 0.00895520
38923, 0.00895540
38924, 0.00895570
38925, 0.00895590
38926, 0.00895610
38927, 0.00895630
38928, 0.00895650
38929, 0.00895670
38930, 0.00895690
38931, 0.00895710
38932, 0.00895730
38933, 0.00895750
38934, 0.00895770
38935, 0.00895790
38936, 0.00895810
38937, 0.00895830
38938, 0.00895850
38939, 0.00895870
38940, 0.00895890
38941, 0.00895910
38942, 0.00895930
38943, 0.00895950
38944, 0.00895970
38945, 0.00896000
38946, 0.00896020
38947, 0.00896040
38948, 0.00896060
38949, 0.00896080
38950, 0.00896100
38951, 0.00896120
38952, 0.00896140
38953, 0.00896160
38954, 0.00896180
38955, 0.00896200
38956, 0.00896220
38957, 0.00896240
38958, 0.00896260
38959, 0.00896280
38960, 0.00896300
38961, 0.00896320
38962, 0.00896340
38963, 0.00896370
38964, 0.00896390
38965, 0.00896410
38966, 0.00896430
38967, 0.00896450
38968, 0.00896470
38969, 0.00896490
38970, 0.00896510
38971, 0.00896530
38972, 0.00896550
38973, 0.00896570
38974, 0.00896590
38975, 0.00896610
38976, 0.00896630
38977, 0.00896650
38978, 0.00896670
38979, 0.00896690
38980, 0.00896710
38981, 0.00896730
38982, 0.00896760
38983, 0.00896780
38984, 0.00896810
38985, 0.00896830
38986, 0.00896850
38987, 0.00896870
38988, 0.00896890
38989, 0.00896910
38990, 0.00896940
38991, 0.00896960
38992, 0.00896980
38993, 0.00897000
38994, 0.00897020
38995, 0.00897040
38996, 0.00897090
38997, 0.00897110
38998, 0.00897140
38999, 0.00897160
39000, 0.00897190
39001, 0.00897210
39002, 0.00897230
39003, 0.00897250
39004, 0.00897270
39005, 0.00897290
39006, 0.00897310
39007, 0.00897330
39008, 0.00897350
39009, 0.00897370
39010, 0.00897390
39011, 0.00897410
39012, 0.00897430
39013, 0.00897450
39014, 0.00897470
39015, 0.00897490
39016, 0.00897510
39017, 0.00897530
39018, 0.00897560
39019, 0.00897580
39020, 0.00897600
39021, 0.00897620
39022, 0.00897640
39023, 0.00897660
39024, 0.00897680
39025, 0.00897700
39026, 0.00897720
39027, 0.00897740
39028, 0.00897760
39029, 0.00897780
39030, 0.00897800
39031, 0.00897820
39032, 0.00897840
39033, 0.00897860
39034, 0.00897880
39035, 0.00897900
39036, 0.00897920
39037, 0.00897940
39038, 0.00897960
39039, 0.00897990
39040, 0.00898010
39041, 0.00898030
39042, 0.00898050
39043, 0.00898070
39044, 0.00898090
39045, 0.00898110
39046, 0.00898130
39047, 0.00898150
39048, 0.00898170
39049, 0.00898190
39050, 0.00898210
39051, 0.00898230
39052, 0.00898260
39053, 0.00898280
39054, 0.00898300
39055, 0.00898330
39056, 0.00898350
39057, 0.00898370
39058, 0.00898390
39059, 0.00898420
39060, 0.00898440
39061, 0.00898460
39062, 0.00898480
39063, 0.00898500
39064, 0.00898520
39065, 0.00898540
39066, 0.00898560
39067, 0.00898580
39068, 0.00898600
39069, 0.00898620
39070, 0.00898640
39071, 0.00898660
39072, 0.00898680
39073, 0.00898700
39074, 0.00898720
39075, 0.00898740
39076, 0.00898770
39077, 0.00898790
39078, 0.00898810
39079, 0.00898830
39080, 0.00898850
39081, 0.00898870
39082, 0.00898890
39083, 0.00898910
39084, 0.00898930
39085, 0.00898950
39086, 0.00898970
39087, 0.00898990
39088, 0.00899010
39089, 0.00899030
39090, 0.00899050
39091, 0.00899070
39092, 0.00899090
39093, 0.00899110
39094, 0.00899130
39095, 0.00899160
39096, 0.00899180
39097, 0.00899200
39098, 0.00899220
39099, 0.00899240
39100, 0.00899260
39101, 0.00899280
39102, 0.00899300
39103, 0.00899320
39104, 0.00899340
39105, 0.00899360
39106, 0.00899380
39107, 0.00899400
39108, 0.00899420
39109, 0.00899440
39110, 0.00899460
39111, 0.00899480
39112, 0.00899510
39113, 0.00899530
39114, 0.00899550
39115, 0.00899580
39116, 0.00899600
39117, 0.00899620
39118, 0.00899640
39119, 0.00899660
39120, 0.00899680
39121, 0.00899700
39122, 0.00899730
39123, 0.00899750
39124, 0.00899780
39125, 0.00899800
39126, 0.00899820
39127, 0.00899840
39128, 0.00899870
39129, 0.00899900
39130, 0.00899920
39131, 0.00899940
39132, 0.00899960
39133, 0.00899980
39134, 0.00900000
39135, 0.00900020
39136, 0.00900040
39137, 0.00900060
39138, 0.00900080
39139, 0.00900100
39140, 0.00900120
39141, 0.00900140
39142, 0.00900160
39143, 0.00900180
39144, 0.00900200
39145, 0.00900220
39146, 0.00900240
39147, 0.00900260
39148, 0.00900280
39149, 0.00900300
39150, 0.00900330
39151, 0.00900350
39152, 0.00900370
39153, 0.00900390
39154, 0.00900410
39155, 0.00900430
39156, 0.00900450
39157, 0.00900470
39158, 0.00900490
39159, 0.00900510
39160, 0.00900530
39161, 0.00900550
39162, 0.00900570
39163, 0.00900590
39164, 0.00900610
39165, 0.00900630
39166, 0.00900650
39167, 0.00900670
39168, 0.00900690
39169, 0.00900710
39170, 0.00900730
39171, 0.00900750
39172, 0.00900780
39173, 0.00900800
39174, 0.00900820
39175, 0.00900840
39176, 0.00900860
39177, 0.00900880
39178, 0.00900900
39179, 0.00900920
39180, 0.00900940
39181, 0.00900960
39182, 0.00900980
39183, 0.00901000
39184, 0.00901020
39185, 0.00901040
39186, 0.00901060
39187, 0.00901080
39188, 0.00901100
39189, 0.00901120
39190, 0.00901140
39191, 0.00901160
39192, 0.00901180
39193, 0.00901200
39194, 0.00901220
39195, 0.00901250
39196, 0.00901270
39197, 0.00901290
39198, 0.00901310
39199, 0.00901330
39200, 0.00901350
39201, 0.00901370
39202, 0.00901390
39203, 0.00901410
39204, 0.00901430
39205, 0.00901450
39206, 0.00901470
39207, 0.00901490
39208, 0.00901510
39209, 0.00901530
39210, 0.00901550
39211, 0.00901570
39212, 0.00901590
39213, 0.00901610
39214, 0.00901630
39215, 0.00901650
39216, 0.00901670
39217, 0.00901700
39218, 0.00901720
39219, 0.00901740
39220, 0.00901760
39221, 0.00901780
39222, 0.00901800
39223, 0.00901820
39224, 0.00901840
39225, 0.00901860
39226, 0.00901880
39227, 0.00901900
39228, 0.00901920
39229, 0.00901940
39230, 0.00901960
39231, 0.00901980
39232, 0.00902000
39233, 0.00902020
39234, 0.00902040
39235, 0.00902060
39236, 0.00902080
39237, 0.00902100
39238, 0.00902120
39239, 0.00902150
39240, 0.00902610
39241, 0.00902630
39242, 0.00902650
39243, 0.00902680
39244, 0.00902700
39245, 0.00902720
39246, 0.00902740
39247, 0.00902760
39248, 0.00902780
39249, 0.00902800
39250, 0.00902820
39251, 0.00902840
39252, 0.00902860
39253, 0.00902880
39254, 0.00902900
39255, 0.00902920
39256, 0.00902940
39257, 0.00902960
39258, 0.00902980
39259, 0.00903010
39260, 0.00903030
39261, 0.00903050
39262, 0.00903070
39263, 0.00903090
39264, 0.00903110
39265, 0.00903130
39266, 0.00903150
39267, 0.00903170
39268, 0.00903190
39269, 0.00903210
39270, 0.00903230
39271, 0.00903250
39272, 0.00903270
39273, 0.00903290
39274, 0.00903310
39275, 0.00903330
39276, 0.00903350
39277, 0.00903380
39278, 0.00903400
39279, 0.00903420
39280, 0.00903440
39281, 0.00903460
39282, 0.00903480
39283, 0.00903500
39284, 0.00903520
39285, 0.00903540
39286, 0.00903560
39287, 0.00903580
39288, 0.00903600
39289, 0.00903620
39290, 0.00903640
39291, 0.00903660
39292, 0.00903680
39293, 0.00903700
39294, 0.00903720
39295, 0.00903740
39296, 0.00903760
39297, 0.00903790
39298, 0.00903810
39299, 0.00903830
39300, 0.00903850
39301, 0.00903870
39302, 0.00903890
39303, 0.00903910
39304, 0.00903930
39305, 0.00903950
39306, 0.00903970
39307, 0.00903990
39308, 0.00904010
39309, 0.00904030
39310, 0.00904050
39311, 0.00904070
39312, 0.00904090
39313, 0.00904110
39314, 0.00904130
39315, 0.00904150
39316, 0.00904180
39317, 0.00904200
39318, 0.00904220
39319, 0.00904240
39320, 0.00904260
39321, 0.00904280
39322, 0.00904300
39323, 0.00904320
39324, 0.00904340
39325, 0.00904360
39326, 0.00904380
39327, 0.00904400
39328, 0.00904420
39329, 0.00904440
39330, 0.00904460
39331, 0.00904480
39332, 0.00904500
39333, 0.00904520
39334, 0.00904550
39335, 0.00904570
39336, 0.00904590
39337, 0.00904610
39338, 0.00904630
39339, 0.00904650
39340, 0.00904670
39341, 0.00904690
39342, 0.00904710
39343, 0.00904730
39344, 0.00904750
39345, 0.00904770
39346, 0.00904790
39347, 0.00904810
39348, 0.00904830
39349, 0.00904850
39350, 0.00904870
39351, 0.00904890
39352, 0.00904910
39353, 0.00904930
39354, 0.00904960
39355, 0.00904980
39356, 0.00905000
39357, 0.00905020
39358, 0.00905040
39359, 0.00905060
39360, 0.00905080
39361, 0.00905100
39362, 0.00905120
39363, 0.00905140
39364, 0.00905160
39365, 0.00905180
39366, 0.00905210
39367, 0.00905230
39368, 0.00905250
39369, 0.00905270
39370, 0.00905300
39371, 0.00905320
39372, 0.00905340
39373, 0.00905360
39374, 0.00905380
39375, 0.00905400
39376, 0.00905420
39377, 0.00905450
39378, 0.00905470
39379, 0.00905500
39380, 0.00905520
39381, 0.00905540
39382, 0.00905570
39383, 0.00905590
39384, 0.00905610
39385, 0.00905630
39386, 0.00905650
39387, 0.00905670
39388, 0.00905690
39389, 0.00905710
39390, 0.00905730
39391, 0.00905750
39392, 0.00905770
39393, 0.00905790
39394, 0.00905810
39395, 0.00905830
39396, 0.00905850
39397, 0.00905870
39398, 0.00905890
39399, 0.00905920
39400, 0.00905940
39401, 0.00905960
39402, 0.00905980
39403, 0.00906000
39404, 0.00906020
39405, 0.00906040
39406, 0.00906060
39407, 0.00906080
39408, 0.00906100
39409, 0.00906120
39410, 0.00906140
39411, 0.00906160
39412, 0.00906180
39413, 0.00906200
39414, 0.00906220
39415, 0.00906240
39416, 0.00906260
39417, 0.00906290
39418, 0.00906310
39419, 0.00906330
39420, 0.00906350
39421, 0.00906370
39422, 0.00906390
39423, 0.00906410
39424, 0.00906430
39425, 0.00906450
39426, 0.00906470
39427, 0.00906490
39428, 0.00906510
39429, 0.00906530
39430, 0.00906550
39431, 0.00906570
39432, 0.00906590
39433, 0.00906610
39434, 0.00906630
39435, 0.00906650
39436, 0.00906680
39437, 0.00906700
39438, 0.00906720
39439, 0.00906740
39440, 0.00906760
39441, 0.00906780
39442, 0.00906800
39443, 0.00906820
39444, 0.00906840
39445, 0.00906860
39446, 0.00906880
39447, 0.00906900
39448, 0.00906920
39449, 0.00906940
39450, 0.00906960
39451, 0.00906980
39452, 0.00907000
39453, 0.00907020
39454, 0.00907040
39455, 0.00907070
39456, 0.00907090
39457, 0.00907110
39458, 0.00907130
39459, 0.00907150
39460, 0.00907170
39461, 0.00907190
39462, 0.00907210
39463, 0.00907230
39464, 0.00907250
39465, 0.00907270
39466, 0.00907290
39467, 0.00907310
39468, 0.00907330
39469, 0.00907350
39470, 0.00907370
39471, 0.00907390
39472, 0.00907410
39473, 0.00907430
39474, 0.00907450
39475, 0.00907480
39476, 0.00907500
39477, 0.00907520
39478, 0.00907540
39479, 0.00907560
39480, 0.00907580
39481, 0.00907600
39482, 0.00907620
39483, 0.00907640
39484, 0.00907660
39485, 0.00907680
39486, 0.00907700
39487, 0.00907720
39488, 0.00907740
39489, 0.00907760
39490, 0.00907780
39491, 0.00907800
39492, 0.00907820
39493, 0.00907840
39494, 0.00907870
39495, 0.00907890
39496, 0.00907910
39497, 0.00907930
39498, 0.00907960
39499, 0.00907980
39500, 0.00908000
39501, 0.00908020
39502, 0.00908040
39503, 0.00908060
39504, 0.00908090
39505, 0.00908110
39506, 0.00908150
39507, 0.00908170
39508, 0.00908190
39509, 0.00908210
39510, 0.00908240
39511, 0.00908260
39512, 0.00908280
39513, 0.00908300
39514, 0.00908320
39515, 0.00908340
39516, 0.00908360
39517, 0.00908380
39518, 0.00908400
39519, 0.00908420
39520, 0.00908440
39521, 0.00908460
39522, 0.00908480
39523, 0.00908500
39524, 0.00908530
39525, 0.00908550
39526, 0.00908570
39527, 0.00908590
39528, 0.00908610
39529, 0.00908630
39530, 0.00908650
39531, 0.00908670
39532, 0.00908690
39533, 0.00908710
39534, 0.00908730
39535, 0.00908750
39536, 0.00908770
39537, 0.00908790
39538, 0.00908810
39539, 0.00908830
39540, 0.00908850
39541, 0.00908870
39542, 0.00908890
39543, 0.00908910
39544, 0.00908940
39545, 0.00908960
39546, 0.00908980
39547, 0.00909000
39548, 0.00909020
39549, 0.00909040
39550, 0.00909060
39551, 0.00909080
39552, 0.00909100
39553, 0.00909120
39554, 0.00909140
39555, 0.00909160
39556, 0.00909180
39557, 0.00909200
39558, 0.00909220
39559, 0.00909240
39560, 0.00909260
39561, 0.00909280
39562, 0.00909310
39563, 0.00909330
39564, 0.00909350
39565, 0.00909370
39566, 0.00909390
39567, 0.00909410
39568, 0.00909430
39569, 0.00909450
39570, 0.00909470
39571, 0.00909490
39572, 0.00909510
39573, 0.00909530
39574, 0.00909550
39575, 0.00909570
39576, 0.00909590
39577, 0.00909610
39578, 0.00909630
39579, 0.00909650
39580, 0.00909680
39581, 0.00909700
39582, 0.00909720
39583, 0.00909740
39584, 0.00909760
39585, 0.00909780
39586, 0.00909800
39587, 0.00909820
39588, 0.00909840
39589, 0.00909860
39590, 0.00909880
39591, 0.00909900
39592, 0.00909920
39593, 0.00909940
39594, 0.00909960
39595, 0.00909980
39596, 0.00910000
39597, 0.00910020
39598, 0.00910040
39599, 0.00910060
39600, 0.00910090
39601, 0.00910110
39602, 0.00910130
39603, 0.00910150
39604, 0.00910170
39605, 0.00910190
39606, 0.00910210
39607, 0.00910230
39608, 0.00910250
39609, 0.00910270
39610, 0.00910290
39611, 0.00910310
39612, 0.00910330
39613, 0.00910350
39614, 0.00910370
39615, 0.00910390
39616, 0.00910410
39617, 0.00910430
39618, 0.00910450
39619, 0.00910480
39620, 0.00910500
39621, 0.00910520
39622, 0.00910550
39623, 0.00910570
39624, 0.00910590
39625, 0.00910610
39626, 0.00910630
39627, 0.00910650
39628, 0.00910670
39629, 0.00910700
39630, 0.00910720
39631, 0.00910740
39632, 0.00910760
39633, 0.00910780
39634, 0.00910810
39635, 0.00910830
39636, 0.00910860
39637, 0.00910880
39638, 0.00910900
39639, 0.00910920
39640, 0.00910940
39641, 0.00910960
39642, 0.00910980
39643, 0.00911000
39644, 0.00911020
39645, 0.00911040
39646, 0.00911070
39647, 0.00911090
39648, 0.00911110
39649, 0.00911130
39650, 0.00911150
39651, 0.00911170
39652, 0.00911190
39653, 0.00911210
39654, 0.00911230
39655, 0.00911250
39656, 0.00911270
39657, 0.00911290
39658, 0.00911310
39659, 0.00911330
39660, 0.00911350
39661, 0.00911370
39662, 0.00911390
39663, 0.00911410
39664, 0.00911430
39665, 0.00911450
39666, 0.00911470
39667, 0.00911490
39668, 0.00911510
39669, 0.00911540
39670, 0.00911560
39671, 0.00911580
39672, 0.00911600
39673, 0.00911620
39674, 0.00911640
39675, 0.00911660
39676, 0.00911680
39677, 0.00911700
39678, 0.00911720
39679, 0.00911740
39680, 0.00911760
39681, 0.00911780
39682, 0.00911800
39683, 0.00911820
39684, 0.00911840
39685, 0.00911860
39686, 0.00911880
39687, 0.00911910
39688, 0.00911930
39689, 0.00911950
39690, 0.00911970
39691, 0.00911990
39692, 0.00912010
39693, 0.00912030
39694, 0.00912050
39695, 0.00912070
39696, 0.00912090
39697, 0.00912110
39698, 0.00912130
39699, 0.00912150
39700, 0.00912170
39701, 0.00912190
39702, 0.00912210
39703, 0.00912230
39704, 0.00912250
39705, 0.00912280
39706, 0.00912300
39707, 0.00912320
39708, 0.00912340
39709, 0.00912360
39710, 0.00912380
39711, 0.00912400
39712, 0.00912420
39713, 0.00912440
39714, 0.00912460
39715, 0.00912480
39716, 0.00912500
39717, 0.00912520
39718, 0.00912540
39719, 0.00912560
39720, 0.00912580
39721, 0.00912600
39722, 0.00912620
39723, 0.00912640
39724, 0.00912660
39725, 0.00912690
39726, 0.00912710
39727, 0.00912730
39728, 0.00912750
39729, 0.00912770
39730, 0.00912790
39731, 0.00912810
39732, 0.00912830
39733, 0.00912850
39734, 0.00912870
39735, 0.00912890
39736, 0.00912910
39737, 0.00912930
39738, 0.00912950
39739, 0.00912970
39740, 0.00912990
39741, 0.00913010
39742, 0.00913030
39743, 0.00913060
39744, 0.00913080
39745, 0.00913100
39746, 0.00913120
39747, 0.00913140
39748, 0.00913160
39749, 0.00913180
39750, 0.00913220
39751, 0.00913240
39752, 0.00913260
39753, 0.00913280
39754, 0.00913300
39755, 0.00913330
39756, 0.00913350
39757, 0.00913370
39758, 0.00913400
39759, 0.00913420
39760, 0.00913440
39761, 0.00913460
39762, 0.00913500
39763, 0.00913520
39764, 0.00913550
39765, 0.00913570
39766, 0.00913600
39767, 0.00913620
39768, 0.00913640
39769, 0.00913660
39770, 0.00913680
39771, 0.00913700
39772, 0.00913720
39773, 0.00913740
39774, 0.00913760
39775, 0.00913780
39776, 0.00913800
39777, 0.00913820
39778, 0.00913850
39779, 0.00913870
39780, 0.00913890
39781, 0.00913910
39782, 0.00913930
39783, 0.00913950
39784, 0.00913970
39785, 0.00913990
39786, 0.00914010
39787, 0.00914030
39788, 0.00914050
39789, 0.00914070
39790, 0.00914090
39791, 0.00914110
39792, 0.00914130
39793, 0.00914150
39794, 0.00914170
39795, 0.00914190
39796, 0.00914210
39797, 0.00914230
39798, 0.00914250
39799, 0.00914280
39800, 0.00914300
39801, 0.00914320
39802, 0.00914340
39803, 0.00914360
39804, 0.00914380
39805, 0.00914400
39806, 0.00914420
39807, 0.00914440
39808, 0.00914460
39809, 0.00914480
39810, 0.00914500
39811, 0.00914520
39812, 0.00914540
39813, 0.00914560
39814, 0.00914580
39815, 0.00914600
39816, 0.00914620
39817, 0.00914640
39818, 0.00914670
39819, 0.00914690
39820, 0.00914710
39821, 0.00914730
39822, 0.00914750
39823, 0.00914770
39824, 0.00914790
39825, 0.00914810
39826, 0.00914830
39827, 0.00914850
39828, 0.00914870
39829, 0.00914890
39830, 0.00914910
39831, 0.00914930
39832, 0.00914950
39833, 0.00914970
39834, 0.00914990
39835, 0.00915010
39836, 0.00915030
39837, 0.00915050
39838, 0.00915080
39839, 0.00915100
39840, 0.00915120
39841, 0.00915140
39842, 0.00915160
39843, 0.00915180
39844, 0.00915200
39845, 0.00915220
39846, 0.00915240
39847, 0.00915260
39848, 0.00915280
39849, 0.00915300
39850, 0.00915320
39851, 0.00915340
39852, 0.00915360
39853, 0.00915380
39854, 0.00915400
39855, 0.00915420
39856, 0.00915450
39857, 0.00915470
39858, 0.00915490
39859, 0.00915510
39860, 0.00915530
39861, 0.00915550
39862, 0.00915570
39863, 0.00915590
39864, 0.00915610
39865, 0.00915630
39866, 0.00915650
39867, 0.00915670
39868, 0.00915690
39869, 0.00915710
39870, 0.00915730
39871, 0.00915750
39872, 0.00915780
39873, 0.00915800
39874, 0.00915820
39875, 0.00915840
39876, 0.00915890
39877, 0.00915910
39878, 0.00915930
39879, 0.00915960
39880, 0.00915980
39881, 0.00916000
39882, 0.00916020
39883, 0.00916040
39884, 0.00916060
39885, 0.00916080
39886, 0.00916110
39887, 0.00916130
39888, 0.00916160
39889, 0.00916180
39890, 0.00916200
39891, 0.00916230
39892, 0.00916250
39893, 0.00916270
39894, 0.00916290
39895, 0.00916310
39896, 0.00916330
39897, 0.00916350
39898, 0.00916370
39899, 0.00916390
39900, 0.00916410
39901, 0.00916440
39902, 0.00916460
39903, 0.00916480
39904, 0.00916500
39905, 0.00916520
39906, 0.00916540
39907, 0.00916560
39908, 0.00916580
39909, 0.00916600
39910, 0.00916620
39911, 0.00916640
39912, 0.00916660
39913, 0.00916680
39914, 0.00916700
39915, 0.00916720
39916, 0.00916740
39917, 0.00916760
39918, 0.00916780
39919, 0.00916800
39920, 0.00916820
39921, 0.00916850
39922, 0.00916870
39923, 0.00916890
39924, 0.00916910
39925, 0.00916930
39926, 0.00916950
39927, 0.00916970
39928, 0.00916990
39929, 0.00917010
39930, 0.00917030
39931, 0.00917050
39932, 0.00917070
39933, 0.00917090
39934, 0.00917110
39935, 0.00917130
39936, 0.00917150
39937, 0.00917170
39938, 0.00917190
39939, 0.00917210
39940, 0.00917230
39941, 0.00917260
39942, 0.00917280
39943, 0.00917300
39944, 0.00917320
39945, 0.00917340
39946, 0.00917360
39947, 0.00917380
39948, 0.00917400
39949, 0.00917420
39950, 0.00917440
39951, 0.00917460
39952, 0.00917480
39953, 0.00917500
39954, 0.00917520
39955, 0.00917540
39956, 0.00917560
39957, 0.00917580
39958, 0.00917600
39959, 0.00917620
39960, 0.00917650
39961, 0.00917670
39962, 0.00917690
39963, 0.00917710
39964, 0.00917730
39965, 0.00917750
39966, 0.00917770
39967, 0.00917790
39968, 0.00917810
39969, 0.00917830
39970, 0.00917850
39971, 0.00917870
39972, 0.00917890
39973, 0.00917910
39974, 0.00917930
39975, 0.00917950
39976, 0.00917970
39977, 0.00917990
39978, 0.00918010
39979, 0.00918030
39980, 0.00918050
39981, 0.00918080
39982, 0.00918100
39983, 0.00918120
39984, 0.00918140
39985, 0.00918160
39986, 0.00918180
39987, 0.00918200
39988, 0.00918220
39989, 0.00918240
39990, 0.00918260
39991, 0.00918280
39992, 0.00918300
39993, 0.00918320
39994, 0.00918340
39995, 0.00918360
39996, 0.00918380
39997, 0.00918400
39998, 0.00918420
39999, 0.00918440
40000, 0.00918460
40001, 0.00918480
40002, 0.00918510
40003, 0.00918530
40004, 0.00918560
40005, 0.00918580
40006, 0.00918600
40007, 0.00918620
40008, 0.00918650
40009, 0.00918670
40010, 0.00918690
40011, 0.00918710
40012, 0.00918730
40013, 0.00918750
40014, 0.00918780
40015, 0.00918800
40016, 0.00918830
40017, 0.00918850
40018, 0.00918880
40019, 0.00918900
40020, 0.00918950
40021, 0.00918970
40022, 0.00918990
40023, 0.00919010
40024, 0.00919030
40025, 0.00919050
40026, 0.00919070
40027, 0.00919090
40028, 0.00919110
40029, 0.00919130
40030, 0.00919160
40031, 0.00919180
40032, 0.00919200
40033, 0.00919220
40034, 0.00919240
40035, 0.00919260
40036, 0.00919280
40037, 0.00919300
40038, 0.00919320
40039, 0.00919340
40040, 0.00919360
40041, 0.00919380
40042, 0.00919400
40043, 0.00919420
40044, 0.00919440
40045, 0.00919460
40046, 0.00919480
40047, 0.00919500
40048, 0.00919520
40049, 0.00919540
40050, 0.00919560
40051, 0.00919580
40052, 0.00919610
40053, 0.00919630
40054, 0.00919650
40055, 0.00919670
40056, 0.00919690
40057, 0.00919710
40058, 0.00919730
40059, 0.00919750
40060, 0.00919770
40061, 0.00919790
40062, 0.00919810
40063, 0.00919830
40064, 0.00919850
40065, 0.00919870
40066, 0.00919890
40067, 0.00919910
40068, 0.00919930
40069, 0.00919950
40070, 0.00919970
40071, 0.00919990
40072, 0.00920020
40073, 0.00920040
40074, 0.00920060
40075, 0.00920080
40076, 0.00920100
40077, 0.00920120
40078, 0.00920140
40079, 0.00920160
40080, 0.00920180
40081, 0.00920200
40082, 0.00920220
40083, 0.00920240
40084, 0.00920260
40085, 0.00920280
40086, 0.00920300
40087, 0.00920320
40088, 0.00920340
40089, 0.00920360
40090, 0.00920380
40091, 0.00920400
40092, 0.00920430
40093, 0.00920450
40094, 0.00920470
40095, 0.00920490
40096, 0.00920510
40097, 0.00920530
40098, 0.00920550
40099, 0.00920570
40100, 0.00920590
40101, 0.00920610
40102, 0.00920630
40103, 0.00920650
40104, 0.00920670
40105, 0.00920690
40106, 0.00920710
40107, 0.00920730
40108, 0.00920750
40109, 0.00920770
40110, 0.00920790
40111, 0.00920810
40112, 0.00920840
40113, 0.00920860
40114, 0.00920880
40115, 0.00920900
40116, 0.00920920
40117, 0.00920940
40118, 0.00920960
40119, 0.00920980
40120, 0.00921000
40121, 0.00921020
40122, 0.00921040
40123, 0.00921060
40124, 0.00921080
40125, 0.00921100
40126, 0.00921120
40127, 0.00921140
40128, 0.00921160
40129, 0.00921180
40130, 0.00921210
40131, 0.00921230
40132, 0.00921280
40133, 0.00921300
40134, 0.00921320
40135, 0.00921340
40136, 0.00921360
40137, 0.00921380
40138, 0.00921400
40139, 0.00921420
40140, 0.00921440
40141, 0.00921460
40142, 0.00921490
40143, 0.00921510
40144, 0.00921530
40145, 0.00921550
40146, 0.00921580
40147, 0.00921600
40148, 0.00921630
40149, 0.00921650
40150, 0.00921670
40151, 0.00921690
40152, 0.00921710
40153, 0.00921730
40154, 0.00921750
40155, 0.00921770
40156, 0.00921790
40157, 0.00921810
40158, 0.00921830
40159, 0.00921850
40160, 0.00921870
40161, 0.00921890
40162, 0.00921920
40163, 0.00921940
40164, 0.00921960
40165, 0.00921980
40166, 0.00922000
40167, 0.00922020
40168, 0.00922040
40169, 0.00922060
40170, 0.00922080
40171, 0.00922100
40172, 0.00922120
40173, 0.00922140
40174, 0.00922160
40175, 0.00922180
40176, 0.00922200
40177, 0.00922220
40178, 0.00922240
40179, 0.00922260
40180, 0.00922280
40181, 0.00922310
40182, 0.00922330
40183, 0.00922350
40184, 0.00922370
40185, 0.00922390
40186, 0.00922410
40187, 0.00922430
40188, 0.00922450
40189, 0.00922470
40190, 0.00922490
40191, 0.00922510
40192, 0.00922530
40193, 0.00922550
40194, 0.00922570
40195, 0.00922590
40196, 0.00922610
40197, 0.00922630
40198, 0.00922650
40199, 0.00922670
40200, 0.00922690
40201, 0.00922710
40202, 0.00922730
40203, 0.00922760
40204, 0.00922780
40205, 0.00922800
40206, 0.00922820
40207, 0.00922840
40208, 0.00922860
40209, 0.00922880
40210, 0.00922900
40211, 0.00922920
40212, 0.00922940
40213, 0.00922960
40214, 0.00922980
40215, 0.00923000
40216, 0.00923020
40217, 0.00923040
40218, 0.00923060
40219, 0.00923080
40220, 0.00923100
40221, 0.00923120
40222, 0.00923150
40223, 0.00923170
40224, 0.00923190
40225, 0.00923210
40226, 0.00923230
40227, 0.00923250
40228, 0.00923270
40229, 0.00923290
40230, 0.00923310
40231, 0.00923330
40232, 0.00923350
40233, 0.00923370
40234, 0.00923390
40235, 0.00923410
40236, 0.00923430
40237, 0.00923460
40238, 0.00923480
40239, 0.00923500
40240, 0.00923520
40241, 0.00923540
40242, 0.00923560
40243, 0.00923580
40244, 0.00923600
40245, 0.00923620
40246, 0.00923640
40247, 0.00923660
40248, 0.00923680
40249, 0.00923700
40250, 0.00923720
40251, 0.00923740
40252, 0.00923760
40253, 0.00923780
40254, 0.00923800
40255, 0.00923830
40256, 0.00923850
40257, 0.00923870
40258, 0.00923890
40259, 0.00923910
40260, 0.00923940
40261, 0.00923960
40262, 0.00924010
40263, 0.00924030
40264, 0.00924050
40265, 0.00924070
40266, 0.00924090
40267, 0.00924110
40268, 0.00924140
40269, 0.00924160
40270, 0.00924190
40271, 0.00924210
40272, 0.00924240
40273, 0.00924260
40274, 0.00924280
40275, 0.00924300
40276, 0.00924330
40277, 0.00924350
40278, 0.00924370
40279, 0.00924390
40280, 0.00924410
40281, 0.00924430
40282, 0.00924450
40283, 0.00924470
40284, 0.00924490
40285, 0.00924510
40286, 0.00924530
40287, 0.00924560
40288, 0.00924580
40289, 0.00924600
40290, 0.00924620
40291, 0.00924640
40292, 0.00924660
40293, 0.00924680
40294, 0.00924700
40295, 0.00924720
40296, 0.00924740
40297, 0.00924760
40298, 0.00924780
40299, 0.00924800
40300, 0.00924820
40301, 0.00924840
40302, 0.00924860
40303, 0.00924880
40304, 0.00924900
40305, 0.00924920
40306, 0.00924940
40307, 0.00924970
40308, 0.00924990
40309, 0.00925010
40310, 0.00925030
40311, 0.00925050
40312, 0.00925070
40313, 0.00925090
40314, 0.00925110
40315, 0.00925130
40316, 0.00925150
40317, 0.00925170
40318, 0.00925190
40319, 0.00925210
40320, 0.00925230
40321, 0.00925250
40322, 0.00925270
40323, 0.00925290
40324, 0.00925310
40325, 0.00925330
40326, 0.00925350
40327, 0.00925370
40328, 0.00925400
40329, 0.00925420
40330, 0.00925440
40331, 0.00925460
40332, 0.00925480
40333, 0.00925500
40334, 0.00925520
40335, 0.00925540
40336, 0.00925560
40337, 0.00925580
40338, 0.00925600
40339, 0.00925620
40340, 0.00925640
40341, 0.00925660
40342, 0.00925680
40343, 0.00925700
40344, 0.00925720
40345, 0.00925740
40346, 0.00925760
40347, 0.00925780
40348, 0.00925800
40349, 0.00925820
40350, 0.00925850
40351, 0.00925870
40352, 0.00925890
40353, 0.00925910
40354, 0.00925930
40355, 0.00925950
40356, 0.00925970
40357, 0.00925990
40358, 0.00926010
40359, 0.00926030
40360, 0.00926050
40361, 0.00926070
40362, 0.00926090
40363, 0.00926110
40364, 0.00926130
40365, 0.00926150
40366, 0.00926170
40367, 0.00926190
40368, 0.00926210
40369, 0.00926230
40370, 0.00926260
40371, 0.00926280
40372, 0.00926300
40373, 0.00926320
40374, 0.00926340
40375, 0.00926360
40376, 0.00926380
40377, 0.00926400
40378, 0.00926420
40379, 0.00926440
40380, 0.00926460
40381, 0.00926480
40382, 0.00926500
40383, 0.00926520
40384, 0.00926540
40385, 0.00926560
40386, 0.00926590
40387, 0.00926610
40388, 0.00926630
40389, 0.00926650
40390, 0.00926680
40391, 0.00926700
40392, 0.00926720
40393, 0.00926740
40394, 0.00926760
40395, 0.00926780
40396, 0.00926810
40397, 0.00926830
40398, 0.00926860
40399, 0.00926880
40400, 0.00926910
40401, 0.00926930
40402, 0.00926950
40403, 0.00926970
40404, 0.00926990
40405, 0.00927010
40406, 0.00927030
40407, 0.00927060
40408, 0.00927080
40409, 0.00927100
40410, 0.00927120
40411, 0.00927140
40412, 0.00927160
40413, 0.00927180
40414, 0.00927230
40415, 0.00927270
40416, 0.00927310
40417, 0.00927350
40418, 0.00927390
40419, 0.00927430
40420, 0.00927460
40421, 0.00927500
40422, 0.00927540
40423, 0.00927580
40424, 0.00927620
40425, 0.00927650
40426, 0.00927690
40427, 0.00927730
40428, 0.00927780
40429, 0.00927820
40430, 0.00927860
40431, 0.00927900
40432, 0.00927930
40433, 0.00927970
40434, 0.00928010
40435, 0.00928050
40436, 0.00928090
40437, 0.00928130
40438, 0.00928170
40439, 0.00928210
40440, 0.00928240
40441, 0.00928280
40442, 0.00928320
40443, 0.00928360
40444, 0.00928400
40445, 0.00928430
40446, 0.00928480
40447, 0.00928500
40448, 0.00928530
40449, 0.00928550
40450, 0.00928570
40451, 0.00928590
40452, 0.00928610
40453, 0.00928630
40454, 0.00928650
40455, 0.00928670
40456, 0.00928690
40457, 0.00928710
40458, 0.00928730
40459, 0.00928760
40460, 0.00928780
40461, 0.00928800
40462, 0.00928820
40463, 0.00928840
40464, 0.00928860
40465, 0.00928880
40466, 0.00928900
40467, 0.00928920
40468, 0.00928940
40469, 0.00928960
40470, 0.00928980
40471, 0.00929000
40472, 0.00929020
40473, 0.00929040
40474, 0.00929060
40475, 0.00929090
40476, 0.00929110
40477, 0.00929130
40478, 0.00929150
40479, 0.00929170
40480, 0.00929190
40481, 0.00929210
40482, 0.00929230
40483, 0.00929250
40484, 0.00929270
40485, 0.00929290
40486, 0.00929310
40487, 0.00929330
40488, 0.00929350
40489, 0.00929370
40490, 0.00929390
40491, 0.00929410
40492, 0.00929430
40493, 0.00929450
40494, 0.00929480
40495, 0.00929500
40496, 0.00929520
40497, 0.00929540
40498, 0.00929560
40499, 0.00929580
40500, 0.00929600
40501, 0.00929620
40502, 0.00929640
40503, 0.00929660
40504, 0.00929680
40505, 0.00929700
40506, 0.00929720
40507, 0.00929740
40508, 0.00929760
40509, 0.00929780
40510, 0.00929800
40511, 0.00929830
40512, 0.00929850
40513, 0.00929870
40514, 0.00929900
40515, 0.00929920
40516, 0.00929940
40517, 0.00929960
40518, 0.00929980
40519, 0.00930000
40520, 0.00930030
40521, 0.00930050
40522, 0.00930070
40523, 0.00930090
40524, 0.00930120
40525, 0.00930140
40526, 0.00930160
40527, 0.00930190
40528, 0.00930210
40529, 0.00930230
40530, 0.00930260
40531, 0.00930280
40532, 0.00930300
40533, 0.00930320
40534, 0.00930340
40535, 0.00930360
40536, 0.00930380
40537, 0.00930400
40538, 0.00930430
40539, 0.00930450
40540, 0.00930470
40541, 0.00930490
40542, 0.00930510
40543, 0.00930530
40544, 0.00930550
40545, 0.00930570
40546, 0.00930590
40547, 0.00930610
40548, 0.00930630
40549, 0.00930650
40550, 0.00930670
40551, 0.00930690
40552, 0.00930710
40553, 0.00930730
40554, 0.00930750
40555, 0.00930780
40556, 0.00930800
40557, 0.00930820
40558, 0.00930840
40559, 0.00930860
40560, 0.00930880
40561, 0.00930900
40562, 0.00930920
40563, 0.00930940
40564, 0.00930960
40565, 0.00930980
40566, 0.00931000
40567, 0.00931020
40568, 0.00931040
40569, 0.00931060
40570, 0.00931080
40571, 0.00931100
40572, 0.00931120
40573, 0.00931150
40574, 0.00931170
40575, 0.00931190
40576, 0.00931210
40577, 0.00931230
40578, 0.00931250
40579, 0.00931270
40580, 0.00931290
40581, 0.00931310
40582, 0.00931330
40583, 0.00931350
40584, 0.00931370
40585, 0.00931390
40586, 0.00931410
40587, 0.00931430
40588, 0.00931450
40589, 0.00931470
40590, 0.00931500
40591, 0.00931520
40592, 0.00931540
40593, 0.00931560
40594, 0.00931580
40595, 0.00931600
40596, 0.00931620
40597, 0.00931640
40598, 0.00931660
40599, 0.00931680
40600, 0.00931700
40601, 0.00931720
40602, 0.00931740
40603, 0.00931770
40604, 0.00931790
40605, 0.00931810
40606, 0.00931830
40607, 0.00931850
40608, 0.00931870
40609, 0.00931890
40610, 0.00931910
40611, 0.00931930
40612, 0.00931950
40613, 0.00931970
40614, 0.00931990
40615, 0.00932010
40616, 0.00932030
40617, 0.00932050
40618, 0.00932070
40619, 0.00932090
40620, 0.00932110
40621, 0.00932130
40622, 0.00932160
40623, 0.00932180
40624, 0.00932200
40625, 0.00932220
40626, 0.00932240
40627, 0.00932260
40628, 0.00932280
40629, 0.00932300
40630, 0.00932320
40631, 0.00932340
40632, 0.00932360
40633, 0.00932380
40634, 0.00932400
40635, 0.00932420
40636, 0.00932440
40637, 0.00932460
40638, 0.00932480
40639, 0.00932500
40640, 0.00932530
40641, 0.00932550
40642, 0.00932600
40643, 0.00932620
40644, 0.00932640
40645, 0.00932660
40646, 0.00932680
40647, 0.00932700
40648, 0.00932720
40649, 0.00932740
40650, 0.00932760
40651, 0.00932780
40652, 0.00932810
40653, 0.00932830
40654, 0.00932850
40655, 0.00932870
40656, 0.00932900
40657, 0.00932920
40658, 0.00932950
40659, 0.00932970
40660, 0.00932990
40661, 0.00933010
40662, 0.00933030
40663, 0.00933050
40664, 0.00933070
40665, 0.00933090
40666, 0.00933110
40667, 0.00933130
40668, 0.00933150
40669, 0.00933170
40670, 0.00933190
40671, 0.00933210
40672, 0.00933240
40673, 0.00933260
40674, 0.00933280
40675, 0.00933300
40676, 0.00933320
40677, 0.00933340
40678, 0.00933360
40679, 0.00933380
40680, 0.00933400
40681, 0.00933420
40682, 0.00933440
40683, 0.00933460
40684, 0.00933480
40685, 0.00933500
40686, 0.00933520
40687, 0.00933540
40688, 0.00933560
40689, 0.00933580
40690, 0.00933610
40691, 0.00933630
40692, 0.00933650
40693, 0.00933670
40694, 0.00933690
40695, 0.00933710
40696, 0.00933730
40697, 0.00933750
40698, 0.00933770
40699, 0.00933790
40700, 0.00933810
40701, 0.00933830
40702, 0.00933850
40703, 0.00933870
40704, 0.00933890
40705, 0.00933910
40706, 0.00933930
40707, 0.00933950
40708, 0.00933980
40709, 0.00934000
40710, 0.00934020
40711, 0.00934040
40712, 0.00934060
40713, 0.00934080
40714, 0.00934100
40715, 0.00934120
40716, 0.00934140
40717, 0.00934160
40718, 0.00934180
40719, 0.00934200
40720, 0.00934220
40721, 0.00934240
40722, 0.00934260
40723, 0.00934280
40724, 0.00934300
40725, 0.00934330
40726, 0.00934350
40727, 0.00934370
40728, 0.00934390
40729, 0.00934410
40730, 0.00934430
40731, 0.00934450
40732, 0.00934470
40733, 0.00934490
40734, 0.00934510
40735, 0.00934530
40736, 0.00934550
40737, 0.00934570
40738, 0.00934590
40739, 0.00934610
40740, 0.00934630
40741, 0.00934650
40742, 0.00934670
40743, 0.00934690
40744, 0.00934720
40745, 0.00934740
40746, 0.00934760
40747, 0.00934780
40748, 0.00934800
40749, 0.00934820
40750, 0.00934840
40751, 0.00934860
40752, 0.00934880
40753, 0.00934900
40754, 0.00934920
40755, 0.00934940
40756, 0.00934960
40757, 0.00934980
40758, 0.00935000
40759, 0.00935020
40760, 0.00935040
40761, 0.00935060
40762, 0.00935090
40763, 0.00935110
40764, 0.00935130
40765, 0.00935150
40766, 0.00935170
40767, 0.00935190
40768, 0.00935210
40769, 0.00935230
40770, 0.00935260
40771, 0.00935290
40772, 0.00935310
40773, 0.00935330
40774, 0.00935350
40775, 0.00935380
40776, 0.00935400
40777, 0.00935420
40778, 0.00935440
40779, 0.00935460
40780, 0.00935490
40781, 0.00935510
40782, 0.00935540
40783, 0.00935560
40784, 0.00935580
40785, 0.00935610
40786, 0.00935630
40787, 0.00935650
40788, 0.00935670
40789, 0.00935700
40790, 0.00935720
40791, 0.00935740
40792, 0.00935760
40793, 0.00935780
40794, 0.00935800
40795, 0.00935820
40796, 0.00935840
40797, 0.00935860
40798, 0.00935880
40799, 0.00935900
40800, 0.00935920
40801, 0.00935940
40802, 0.00935960
40803, 0.00935980
40804, 0.00936000
40805, 0.00936020
40806, 0.00936040
40807, 0.00936060
40808, 0.00936080
40809, 0.00936110
40810, 0.00936130
40811, 0.00936150
40812, 0.00936170
40813, 0.00936190
40814, 0.00936210
40815, 0.00936230
40816, 0.00936250
40817, 0.00936270
40818, 0.00936290
40819, 0.00936310
40820, 0.00936330
40821, 0.00936350
40822, 0.00936370
40823, 0.00936390
40824, 0.00936410
40825, 0.00936430
40826, 0.00936450
40827, 0.00936470
40828, 0.00936490
40829, 0.00936520
40830, 0.00936540
40831, 0.00936560
40832, 0.00936580
40833, 0.00936600
40834, 0.00936620
40835, 0.00936640
40836, 0.00936660
40837, 0.00936680
40838, 0.00936700
40839, 0.00936720
40840, 0.00936740
40841, 0.00936760
40842, 0.00936780
40843, 0.00936800
40844, 0.00936820
40845, 0.00936840
40846, 0.00936860
40847, 0.00936880
40848, 0.00936900
40849, 0.00936920
40850, 0.00936940
40851, 0.00936970
40852, 0.00936990
40853, 0.00937010
40854, 0.00937030
40855, 0.00937050
40856, 0.00937070
40857, 0.00937090
40858, 0.00937110
40859, 0.00937130
40860, 0.00937150
40861, 0.00937170
40862, 0.00937190
40863, 0.00937210
40864, 0.00937230
40865, 0.00937250
40866, 0.00937270
40867, 0.00937290
40868, 0.00937310
40869, 0.00937330
40870, 0.00937350
40871, 0.00937380
40872, 0.00937400
40873, 0.00937420
40874, 0.00937440
40875, 0.00937460
40876, 0.00937480
40877, 0.00937500
40878, 0.00937520
40879, 0.00937540
40880, 0.00937560
40881, 0.00937580
40882, 0.00937600
40883, 0.00937620
40884, 0.00937640
40885, 0.00937660
40886, 0.00937680
40887, 0.00937700
40888, 0.00937720
40889, 0.00937740
40890, 0.00937760
40891, 0.00937790
40892, 0.00937810
40893, 0.00937830
40894, 0.00937850
40895, 0.00937870
40896, 0.00937900
40897, 0.00937920
40898, 0.00937940
40899, 0.00937960
40900, 0.00937990
40901, 0.00938010
40902, 0.00938030
40903, 0.00938050
40904, 0.00938070
40905, 0.00938090
40906, 0.00938120
40907, 0.00938140
40908, 0.00938160
40909, 0.00938180
40910, 0.00938210
40911, 0.00938230
40912, 0.00938260
40913, 0.00938280
40914, 0.00938300
40915, 0.00938320
40916, 0.00938340
40917, 0.00938360
40918, 0.00938380
40919, 0.00938400
40920, 0.00938420
40921, 0.00938440
40922, 0.00938460
40923, 0.00938480
40924, 0.00938500
40925, 0.00938530
40926, 0.00938550
40927, 0.00938570
40928, 0.00938590
40929, 0.00938610
40930, 0.00938630
40931, 0.00938650
40932, 0.00938670
40933, 0.00938690
40934, 0.00938710
40935, 0.00938730
40936, 0.00938750
40937, 0.00938770
40938, 0.00938800
40939, 0.00938820
40940, 0.00938840
40941, 0.00938860
40942, 0.00938880
40943, 0.00938900
40944, 0.00938920
40945, 0.00938940
40946, 0.00938960
40947, 0.00938980
40948, 0.00939000
40949, 0.00939020
40950, 0.00939040
40951, 0.00939060
40952, 0.00939080
40953, 0.00939110
40954, 0.00939130
40955, 0.00939150
40956, 0.00939170
40957, 0.00939190
40958, 0.00939210
40959, 0.00939230
40960, 0.00939250
40961, 0.00939270
40962, 0.00939290
40963, 0.00939310
40964, 0.00939330
40965, 0.00939350
40966, 0.00939370
40967, 0.00939390
40968, 0.00939410
40969, 0.00939430
40970, 0.00939450
40971, 0.00939470
40972, 0.00939490
40973, 0.00939510
40974, 0.00939530
40975, 0.00939560
40976, 0.00939580
40977, 0.00939600
40978, 0.00939620
40979, 0.00939640
40980, 0.00939660
40981, 0.00939680
40982, 0.00939700
40983, 0.00939720
40984, 0.00939740
40985, 0.00939760
40986, 0.00939780
40987, 0.00939800
40988, 0.00939820
40989, 0.00939840
40990, 0.00939860
40991, 0.00939880
40992, 0.00939900
40993, 0.00939930
40994, 0.00939950
40995, 0.00939970
40996, 0.00939990
40997, 0.00940010
40998, 0.00940030
40999, 0.00940050
41000, 0.00940070
41001, 0.00940090
41002, 0.00940110
41003, 0.00940130
41004, 0.00940150
41005, 0.00940170
41006, 0.00940190
41007, 0.00940210
41008, 0.00940230
41009, 0.00940260
41010, 0.00940280
41011, 0.00940300
41012, 0.00940320
41013, 0.00940340
41014, 0.00940360
41015, 0.00940380
41016, 0.00940400
41017, 0.00940420
41018, 0.00940440
41019, 0.00940460
41020, 0.00940480
41021, 0.00940500
41022, 0.00940520
41023, 0.00940540
41024, 0.00940570
41025, 0.00940590
41026, 0.00940610
41027, 0.00940640
41028, 0.00940660
41029, 0.00940680
41030, 0.00940700
41031, 0.00940720
41032, 0.00940750
41033, 0.00940770
41034, 0.00940790
41035, 0.00940810
41036, 0.00940840
41037, 0.00940860
41038, 0.00940890
41039, 0.00940910
41040, 0.00940930
41041, 0.00940950
41042, 0.00940980
41043, 0.00941000
41044, 0.00941020
41045, 0.00941040
41046, 0.00941060
41047, 0.00941080
41048, 0.00941100
41049, 0.00941120
41050, 0.00941140
41051, 0.00941160
41052, 0.00941180
41053, 0.00941200
41054, 0.00941220
41055, 0.00941240
41056, 0.00941260
41057, 0.00941280
41058, 0.00941300
41059, 0.00941320
41060, 0.00941350
41061, 0.00941370
41062, 0.00941390
41063, 0.00941410
41064, 0.00941430
41065, 0.00941450
41066, 0.00941470
41067, 0.00941490
41068, 0.00941510
41069, 0.00941530
41070, 0.00941550
41071, 0.00941570
41072, 0.00941590
41073, 0.00941610
41074, 0.00941630
41075, 0.00941650
41076, 0.00941670
41077, 0.00941700
41078, 0.00941720
41079, 0.00941740
41080, 0.00941760
41081, 0.00941780
41082, 0.00941800
41083, 0.00941820
41084, 0.00941840
41085, 0.00941860
41086, 0.00941880
41087, 0.00941900
41088, 0.00941920
41089, 0.00941940
41090, 0.00941960
41091, 0.00941990
41092, 0.00942010
41093, 0.00942030
41094, 0.00942060
41095, 0.00942080
41096, 0.00942110
41097, 0.00942130
41098, 0.00942150
41099, 0.00942170
41100, 0.00942190
41101, 0.00942210
41102, 0.00942240
41103, 0.00942260
41104, 0.00942280
41105, 0.00942300
41106, 0.00942320
41107, 0.00942340
41108, 0.00942360
41109, 0.00942380
41110, 0.00942400
41111, 0.00942420
41112, 0.00942440
41113, 0.00942460
41114, 0.00942480
41115, 0.00942500
41116, 0.00942520
41117, 0.00942540
41118, 0.00942560
41119, 0.00942580
41120, 0.00942600
41121, 0.00942630
41122, 0.00942650
41123, 0.00942670
41124, 0.00942690
41125, 0.00942710
41126, 0.00942730
41127, 0.00942750
41128, 0.00942770
41129, 0.00942790
41130, 0.00942810
41131, 0.00942830
41132, 0.00942850
41133, 0.00942870
41134, 0.00942890
41135, 0.00942910
41136, 0.00942930
41137, 0.00942960
41138, 0.00942980
41139, 0.00943000
41140, 0.00943020
41141, 0.00943040
41142, 0.00943060
41143, 0.00943080
41144, 0.00943100
41145, 0.00943120
41146, 0.00943140
41147, 0.00943160
41148, 0.00943180
41149, 0.00943200
41150, 0.00943220
41151, 0.00943240
41152, 0.00943270
41153, 0.00943290
41154, 0.00943310
41155, 0.00943330
41156, 0.00943360
41157, 0.00943380
41158, 0.00943400
41159, 0.00943420
41160, 0.00943440
41161, 0.00943460
41162, 0.00943490
41163, 0.00943510
41164, 0.00943530
41165, 0.00943560
41166, 0.00943580
41167, 0.00943600
41168, 0.00943630
41169, 0.00943650
41170, 0.00943670
41171, 0.00943690
41172, 0.00943710
41173, 0.00943730
41174, 0.00943750
41175, 0.00943770
41176, 0.00943790
41177, 0.00943810
41178, 0.00943830
41179, 0.00943860
41180, 0.00943880
41181, 0.00943900
41182, 0.00943920
41183, 0.00943940
41184, 0.00943960
41185, 0.00943980
41186, 0.00944000
41187, 0.00944020
41188, 0.00944040
41189, 0.00944060
41190, 0.00944080
41191, 0.00944100
41192, 0.00944120
41193, 0.00944140
41194, 0.00944160
41195, 0.00944190
41196, 0.00944210
41197, 0.00944230
41198, 0.00944250
41199, 0.00944270
41200, 0.00944290
41201, 0.00944310
41202, 0.00944330
41203, 0.00944350
41204, 0.00944370
41205, 0.00944390
41206, 0.00944410
41207, 0.00944430
41208, 0.00944450
41209, 0.00944470
41210, 0.00944490
41211, 0.00944510
41212, 0.00944530
41213, 0.00944560
41214, 0.00944580
41215, 0.00944600
41216, 0.00944620
41217, 0.00944640
41218, 0.00944660
41219, 0.00944680
41220, 0.00944700
41221, 0.00944720
41222, 0.00944740
41223, 0.00944760
41224, 0.00944780
41225, 0.00944800
41226, 0.00944820
41227, 0.00944850
41228, 0.00944870
41229, 0.00944890
41230, 0.00944910
41231, 0.00944930
41232, 0.00944950
41233, 0.00944970
41234, 0.00944990
41235, 0.00945010
41236, 0.00945030
41237, 0.00945050
41238, 0.00945070
41239, 0.00945090
41240, 0.00945110
41241, 0.00945130
41242, 0.00945150
41243, 0.00945170
41244, 0.00945190
41245, 0.00945210
41246, 0.00945240
41247, 0.00945260
41248, 0.00945280
41249, 0.00945300
41250, 0.00945320
41251, 0.00945340
41252, 0.00945360
41253, 0.00945380
41254, 0.00945400
41255, 0.00945420
41256, 0.00945440
41257, 0.00945460
41258, 0.00945480
41259, 0.00945500
41260, 0.00945520
41261, 0.00945540
41262, 0.00945560
41263, 0.00945580
41264, 0.00945610
41265, 0.00945630
41266, 0.00945650
41267, 0.00945670
41268, 0.00945690
41269, 0.00945710
41270, 0.00945730
41271, 0.00945750
41272, 0.00945770
41273, 0.00945790
41274, 0.00945810
41275, 0.00945830
41276, 0.00945850
41277, 0.00945870
41278, 0.00945890
41279, 0.00945920
41280, 0.00946390
41281, 0.00946410
41282, 0.00946440
41283, 0.00946460
41284, 0.00946480
41285, 0.00946500
41286, 0.00946520
41287, 0.00946550
41288, 0.00946570
41289, 0.00946590
41290, 0.00946610
41291, 0.00946630
41292, 0.00946650
41293, 0.00946670
41294, 0.00946690
41295, 0.00946710
41296, 0.00946730
41297, 0.00946750
41298, 0.00946770
41299, 0.00946790
41300, 0.00946810
41301, 0.00946830
41302, 0.00946850
41303, 0.00946870
41304, 0.00946890
41305, 0.00946910
41306, 0.00946930
41307, 0.00946960
41308, 0.00946980
41309, 0.00947000
41310, 0.00947020
41311, 0.00947040
41312, 0.00947060
41313, 0.00947080
41314, 0.00947100
41315, 0.00947120
41316, 0.00947140
41317, 0.00947160
41318, 0.00947180
41319, 0.00947200
41320, 0.00947220
41321, 0.00947240
41322, 0.00947260
41323, 0.00947280
41324, 0.00947300
41325, 0.00947320
41326, 0.00947340
41327, 0.00947360
41328, 0.00947380
41329, 0.00947410
41330, 0.00947430
41331, 0.00947450
41332, 0.00947470
41333, 0.00947490
41334, 0.00947510
41335, 0.00947530
41336, 0.00947550
41337, 0.00947570
41338, 0.00947590
41339, 0.00947610
41340, 0.00947630
41341, 0.00947650
41342, 0.00947670
41343, 0.00947690
41344, 0.00947710
41345, 0.00947730
41346, 0.00947750
41347, 0.00947770
41348, 0.00947800
41349, 0.00947820
41350, 0.00947840
41351, 0.00947860
41352, 0.00947880
41353, 0.00947900
41354, 0.00947920
41355, 0.00947940
41356, 0.00947960
41357, 0.00947980
41358, 0.00948000
41359, 0.00948020
41360, 0.00948040
41361, 0.00948060
41362, 0.00948080
41363, 0.00948100
41364, 0.00948120
41365, 0.00948140
41366, 0.00948170
41367, 0.00948190
41368, 0.00948210
41369, 0.00948230
41370, 0.00948250
41371, 0.00948270
41372, 0.00948290
41373, 0.00948310
41374, 0.00948330
41375, 0.00948350
41376, 0.00948370
41377, 0.00948390
41378, 0.00948410
41379, 0.00948430
41380, 0.00948450
41381, 0.00948470
41382, 0.00948490
41383, 0.00948510
41384, 0.00948540
41385, 0.00948560
41386, 0.00948580
41387, 0.00948600
41388, 0.00948620
41389, 0.00948640
41390, 0.00948660
41391, 0.00948680
41392, 0.00948700
41393, 0.00948720
41394, 0.00948740
41395, 0.00948760
41396, 0.00948780
41397, 0.00948800
41398, 0.00948820
41399, 0.00948840
41400, 0.00948860
41401, 0.00948880
41402, 0.00948900
41403, 0.00948920
41404, 0.00948950
41405, 0.00948970
41406, 0.00949000
41407, 0.00949020
41408, 0.00949040
41409, 0.00949060
41410, 0.00949080
41411, 0.00949100
41412, 0.00949130
41413, 0.00949150
41414, 0.00949170
41415, 0.00949190
41416, 0.00949220
41417, 0.00949240
41418, 0.00949260
41419, 0.00949280
41420, 0.00949310
41421, 0.00949330
41422, 0.00949380
41423, 0.00949400
41424, 0.00949420
41425, 0.00949440
41426, 0.00949460
41427, 0.00949480
41428, 0.00949500
41429, 0.00949520
41430, 0.00949540
41431, 0.00949560
41432, 0.00949580
41433, 0.00949600
41434, 0.00949620
41435, 0.00949640
41436, 0.00949660
41437, 0.00949690
41438, 0.00949710
41439, 0.00949730
41440, 0.00949750
41441, 0.00949770
41442, 0.00949790
41443, 0.00949810
41444, 0.00949830
41445, 0.00949850
41446, 0.00949870
41447, 0.00949890
41448, 0.00949910
41449, 0.00949930
41450, 0.00949950
41451, 0.00949970
41452, 0.00949990
41453, 0.00950010
41454, 0.00950030
41455, 0.00950050
41456, 0.00950070
41457, 0.00950090
41458, 0.00950110
41459, 0.00950140
41460, 0.00950160
41461, 0.00950180
41462, 0.00950200
41463, 0.00950220
41464, 0.00950240
41465, 0.00950260
41466, 0.00950280
41467, 0.00950300
41468, 0.00950320
41469, 0.00950340
41470, 0.00950360
41471, 0.00950380
41472, 0.00950400
41473, 0.00950420
41474, 0.00950450
41475, 0.00950470
41476, 0.00950490
41477, 0.00950510
41478, 0.00950540
41479, 0.00950560
41480, 0.00950580
41481, 0.00950600
41482, 0.00950620
41483, 0.00950640
41484, 0.00950660
41485, 0.00950680
41486, 0.00950700
41487, 0.00950720
41488, 0.00950750
41489, 0.00950770
41490, 0.00950790
41491, 0.00950810
41492, 0.00950830
41493, 0.00950850
41494, 0.00950870
41495, 0.00950890
41496, 0.00950910
41497, 0.00950930
41498, 0.00950950
41499, 0.00950970
41500, 0.00950990
41501, 0.00951010
41502, 0.00951030
41503, 0.00951050
41504, 0.00951070
41505, 0.00951090
41506, 0.00951110
41507, 0.00951140
41508, 0.00951160
41509, 0.00951180
41510, 0.00951200
41511, 0.00951220
41512, 0.00951240
41513, 0.00951260
41514, 0.00951280
41515, 0.00951300
41516, 0.00951320
41517, 0.00951340
41518, 0.00951360
41519, 0.00951380
41520, 0.00951400
41521, 0.00951420
41522, 0.00951440
41523, 0.00951460
41524, 0.00951480
41525, 0.00951500
41526, 0.00951520
41527, 0.00951540
41528, 0.00951570
41529, 0.00951590
41530, 0.00951610
41531, 0.00951630
41532, 0.00951650
41533, 0.00951670
41534, 0.00951710
41535, 0.00951730
41536, 0.00951750
41537, 0.00951770
41538, 0.00951800
41539, 0.00951820
41540, 0.00951840
41541, 0.00951860
41542, 0.00951880
41543, 0.00951900
41544, 0.00951930
41545, 0.00951950
41546, 0.00951980
41547, 0.00952000
41548, 0.00952020
41549, 0.00952040
41550, 0.00952070
41551, 0.00952090
41552, 0.00952110
41553, 0.00952130
41554, 0.00952150
41555, 0.00952170
41556, 0.00952190
41557, 0.00952210
41558, 0.00952230
41559, 0.00952250
41560, 0.00952270
41561, 0.00952300
41562, 0.00952320
41563, 0.00952340
41564, 0.00952360
41565, 0.00952380
41566, 0.00952400
41567, 0.00952420
41568, 0.00952440
41569, 0.00952460
41570, 0.00952480
41571, 0.00952500
41572, 0.00952520
41573, 0.00952540
41574, 0.00952560
41575, 0.00952580
41576, 0.00952600
41577, 0.00952620
41578, 0.00952640
41579, 0.00952660
41580, 0.00952680
41581, 0.00952700
41582, 0.00952730
41583, 0.00952750
41584, 0.00952770
41585, 0.00952790
41586, 0.00952810
41587, 0.00952830
41588, 0.00952850
41589, 0.00952870
41590, 0.00952890
41591, 0.00952910
41592, 0.00952930
41593, 0.00952950
41594, 0.00952970
41595, 0.00952990
41596, 0.00953010
41597, 0.00953030
41598, 0.00953050
41599, 0.00953070
41600, 0.00953090
41601, 0.00953110
41602, 0.00953130
41603, 0.00953150
41604, 0.00953170
41605, 0.00953190
41606, 0.00953220
41607, 0.00953240
41608, 0.00953260
41609, 0.00953280
41610, 0.00953300
41611, 0.00953320
41612, 0.00953340
41613, 0.00953360
41614, 0.00953380
41615, 0.00953400
41616, 0.00953420
41617, 0.00953440
41618, 0.00953460
41619, 0.00953480
41620, 0.00953500
41621, 0.00953520
41622, 0.00953540
41623, 0.00953560
41624, 0.00953590
41625, 0.00953610
41626, 0.00953630
41627, 0.00953650
41628, 0.00953670
41629, 0.00953690
41630, 0.00953710
41631, 0.00953730
41632, 0.00953750
41633, 0.00953770
41634, 0.00953790
41635, 0.00953810
41636, 0.00953830
41637, 0.00953850
41638, 0.00953870
41639, 0.00953900
41640, 0.00953920
41641, 0.00953940
41642, 0.00953960
41643, 0.00953980
41644, 0.00954000
41645, 0.00954020
41646, 0.00954040
41647, 0.00954060
41648, 0.00954080
41649, 0.00954100
41650, 0.00954120
41651, 0.00954140
41652, 0.00954160
41653, 0.00954180
41654, 0.00954200
41655, 0.00954220
41656, 0.00954240
41657, 0.00954260
41658, 0.00954280
41659, 0.00954310
41660, 0.00954330
41661, 0.00954350
41662, 0.00954380
41663, 0.00954400
41664, 0.00954420
41665, 0.00954440
41666, 0.00954460
41667, 0.00954480
41668, 0.00954500
41669, 0.00954520
41670, 0.00954540
41671, 0.00954560
41672, 0.00954590
41673, 0.00954610
41674, 0.00954630
41675, 0.00954650
41676, 0.00954680
41677, 0.00954700
41678, 0.00954730
41679, 0.00954750
41680, 0.00954770
41681, 0.00954790
41682, 0.00954810
41683, 0.00954830
41684, 0.00954850
41685, 0.00954870
41686, 0.00954890
41687, 0.00954910
41688, 0.00954930
41689, 0.00954960
41690, 0.00954980
41691, 0.00955000
41692, 0.00955020
41693, 0.00955040
41694, 0.00955060
41695, 0.00955080
41696, 0.00955100
41697, 0.00955120
41698, 0.00955140
41699, 0.00955160
41700, 0.00955180
41701, 0.00955200
41702, 0.00955220
41703, 0.00955240
41704, 0.00955260
41705, 0.00955280
41706, 0.00955300
41707, 0.00955320
41708, 0.00955340
41709, 0.00955360
41710, 0.00955380
41711, 0.00955410
41712, 0.00955430
41713, 0.00955450
41714, 0.00955470
41715, 0.00955490
41716, 0.00955510
41717, 0.00955530
41718, 0.00955550
41719, 0.00955570
41720, 0.00955590
41721, 0.00955610
41722, 0.00955630
41723, 0.00955650
41724, 0.00955670
41725, 0.00955690
41726, 0.00955710
41727, 0.00955730
41728, 0.00955750
41729, 0.00955770
41730, 0.00955790
41731, 0.00955810
41732, 0.00955830
41733, 0.00955860
41734, 0.00955880
41735, 0.00955900
41736, 0.00955920
41737, 0.00955940
41738, 0.00955960
41739, 0.00955980
41740, 0.00956000
41741, 0.00956020
41742, 0.00956040
41743, 0.00956060
41744, 0.00956080
41745, 0.00956100
41746, 0.00956120
41747, 0.00956140
41748, 0.00956160
41749, 0.00956180
41750, 0.00956200
41751, 0.00956220
41752, 0.00956240
41753, 0.00956260
41754, 0.00956290
41755, 0.00956310
41756, 0.00956330
41757, 0.00956350
41758, 0.00956370
41759, 0.00956390
41760, 0.00956410
41761, 0.00956430
41762, 0.00956450
41763, 0.00956470
41764, 0.00956490
41765, 0.00956510
41766, 0.00956530
41767, 0.00956550
41768, 0.00956570
41769, 0.00956590
41770, 0.00956610
41771, 0.00956630
41772, 0.00956650
41773, 0.00956670
41774, 0.00956700
41775, 0.00956720
41776, 0.00956740
41777, 0.00956760
41778, 0.00956780
41779, 0.00956800
41780, 0.00956820
41781, 0.00956840
41782, 0.00956860
41783, 0.00956880
41784, 0.00956900
41785, 0.00956920
41786, 0.00956940
41787, 0.00956960
41788, 0.00956980
41789, 0.00957000
41790, 0.00957040
41791, 0.00957060
41792, 0.00957090
41793, 0.00957110
41794, 0.00957130
41795, 0.00957150
41796, 0.00957170
41797, 0.00957190
41798, 0.00957220
41799, 0.00957240
41800, 0.00957260
41801, 0.00957280
41802, 0.00957310
41803, 0.00957330
41804, 0.00957360
41805, 0.00957380
41806, 0.00957400
41807, 0.00957420
41808, 0.00957450
41809, 0.00957470
41810, 0.00957490
41811, 0.00957510
41812, 0.00957530
41813, 0.00957550
41814, 0.00957570
41815, 0.00957590
41816, 0.00957610
41817, 0.00957630
41818, 0.00957650
41819, 0.00957670
41820, 0.00957690
41821, 0.00957710
41822, 0.00957730
41823, 0.00957750
41824, 0.00957770
41825, 0.00957790
41826, 0.00957810
41827, 0.00957830
41828, 0.00957850
41829, 0.00957870
41830, 0.00957900
41831, 0.00957920
41832, 0.00957940
41833, 0.00957960
41834, 0.00957980
41835, 0.00958000
41836, 0.00958020
41837, 0.00958040
41838, 0.00958060
41839, 0.00958080
41840, 0.00958100
41841, 0.00958120
41842, 0.00958140
41843, 0.00958160
41844, 0.00958180
41845, 0.00958200
41846, 0.00958220
41847, 0.00958240
41848, 0.00958270
41849, 0.00958290
41850, 0.00958310
41851, 0.00958330
41852, 0.00958350
41853, 0.00958370
41854, 0.00958390
41855, 0.00958410
41856, 0.00958430
41857, 0.00958450
41858, 0.00958470
41859, 0.00958490
41860, 0.00958510
41861, 0.00958530
41862, 0.00958550
41863, 0.00958570
41864, 0.00958590
41865, 0.00958610
41866, 0.00958630
41867, 0.00958650
41868, 0.00958680
41869, 0.00958700
41870, 0.00958720
41871, 0.00958740
41872, 0.00958760
41873, 0.00958780
41874, 0.00958800
41875, 0.00958820
41876, 0.00958840
41877, 0.00958860
41878, 0.00958880
41879, 0.00958900
41880, 0.00958920
41881, 0.00958940
41882, 0.00958960
41883, 0.00958980
41884, 0.00959000
41885, 0.00959020
41886, 0.00959040
41887, 0.00959060
41888, 0.00959080
41889, 0.00959110
41890, 0.00959130
41891, 0.00959150
41892, 0.00959170
41893, 0.00959190
41894, 0.00959210
41895, 0.00959230
41896, 0.00959250
41897, 0.00959270
41898, 0.00959290
41899, 0.00959310
41900, 0.00959330
41901, 0.00959350
41902, 0.00959370
41903, 0.00959390
41904, 0.00959410
41905, 0.00959430
41906, 0.00959450
41907, 0.00959470
41908, 0.00959490
41909, 0.00959510
41910, 0.00959540
41911, 0.00959560
41912, 0.00959580
41913, 0.00959600
41914, 0.00959620
41915, 0.00959640
41916, 0.00959670
41917, 0.00959690
41918, 0.00959710
41919, 0.00959730
41920, 0.00959750
41921, 0.00959780
41922, 0.00959800
41923, 0.00959820
41924, 0.00959840
41925, 0.00959860
41926, 0.00959880
41927, 0.00959900
41928, 0.00959960
41929, 0.00959980
41930, 0.00960000
41931, 0.00960030
41932, 0.00960050
41933, 0.00960080
41934, 0.00960100
41935, 0.00960120
41936, 0.00960140
41937, 0.00960160
41938, 0.00960180
41939, 0.00960200
41940, 0.00960220
41941, 0.00960240
41942, 0.00960260
41943, 0.00960280
41944, 0.00960300
41945, 0.00960320
41946, 0.00960340
41947, 0.00960360
41948, 0.00960380
41949, 0.00960400
41950, 0.00960420
41951, 0.00960440
41952, 0.00960460
41953, 0.00960480
41954, 0.00960510
41955, 0.00960530
41956, 0.00960550
41957, 0.00960570
41958, 0.00960590
41959, 0.00960610
41960, 0.00960630
41961, 0.00960650
41962, 0.00960670
41963, 0.00960690
41964, 0.00960710
41965, 0.00960730
41966, 0.00960750
41967, 0.00960770
41968, 0.00960790
41969, 0.00960810
41970, 0.00960840
41971, 0.00960860
41972, 0.00960880
41973, 0.00960900
41974, 0.00960920
41975, 0.00960940
41976, 0.00960960
41977, 0.00960980
41978, 0.00961000
41979, 0.00961020
41980, 0.00961040
41981, 0.00961060
41982, 0.00961080
41983, 0.00961100
41984, 0.00961120
41985, 0.00961140
41986, 0.00961160
41987, 0.00961190
41988, 0.00961210
41989, 0.00961230
41990, 0.00961250
41991, 0.00961270
41992, 0.00961290
41993, 0.00961310
41994, 0.00961330
41995, 0.00961350
41996, 0.00961370
41997, 0.00961390
41998, 0.00961410
41999, 0.00961430
42000, 0.00961450
42001, 0.00961470
42002, 0.00961490
42003, 0.00961510
42004, 0.00961530
42005, 0.00961550
42006, 0.00961570
42007, 0.00961590
42008, 0.00961620
42009, 0.00961640
42010, 0.00961660
42011, 0.00961680
42012, 0.00961700
42013, 0.00961720
42014, 0.00961740
42015, 0.00961760
42016, 0.00961780
42017, 0.00961800
42018, 0.00961820
42019, 0.00961840
42020, 0.00961860
42021, 0.00961880
42022, 0.00961900
42023, 0.00961920
42024, 0.00961940
42025, 0.00961960
42026, 0.00961980
42027, 0.00962000
42028, 0.00962020
42029, 0.00962050
42030, 0.00962070
42031, 0.00962090
42032, 0.00962110
42033, 0.00962130
42034, 0.00962150
42035, 0.00962170
42036, 0.00962190
42037, 0.00962210
42038, 0.00962230
42039, 0.00962250
42040, 0.00962270
42041, 0.00962290
42042, 0.00962310
42043, 0.00962330
42044, 0.00962360
42045, 0.00962380
42046, 0.00962400
42047, 0.00962420
42048, 0.00962450
42049, 0.00962470
42050, 0.00962490
42051, 0.00962510
42052, 0.00962530
42053, 0.00962550
42054, 0.00962580
42055, 0.00962600
42056, 0.00962650
42057, 0.00962670
42058, 0.00962700
42059, 0.00962720
42060, 0.00962750
42061, 0.00962770
42062, 0.00962790
42063, 0.00962810
42064, 0.00962830
42065, 0.00962850
42066, 0.00962870
42067, 0.00962890
42068, 0.00962910
42069, 0.00962930
42070, 0.00962950
42071, 0.00962970
42072, 0.00962990
42073, 0.00963020
42074, 0.00963040
42075, 0.00963060
42076, 0.00963080
42077, 0.00963100
42078, 0.00963120
42079, 0.00963140
42080, 0.00963160
42081, 0.00963180
42082, 0.00963200
42083, 0.00963220
42084, 0.00963240
42085, 0.00963260
42086, 0.00963280
42087, 0.00963300
42088, 0.00963320
42089, 0.00963340
42090, 0.00963360
42091, 0.00963380
42092, 0.00963400
42093, 0.00963430
42094, 0.00963450
42095, 0.00963470
42096, 0.00963490
42097, 0.00963510
42098, 0.00963530
42099, 0.00963550
42100, 0.00963570
42101, 0.00963590
42102, 0.00963610
42103, 0.00963630
42104, 0.00963650
42105, 0.00963670
42106, 0.00963690
42107, 0.00963710
42108, 0.00963740
42109, 0.00963760
42110, 0.00963780
42111, 0.00963800
42112, 0.00963820
42113, 0.00963840
42114, 0.00963860
42115, 0.00963880
42116, 0.00963900
42117, 0.00963920
42118, 0.00963940
42119, 0.00963960
42120, 0.00963980
42121, 0.00964000
42122, 0.00964020
42123, 0.00964040
42124, 0.00964060
42125, 0.00964080
42126, 0.00964100
42127, 0.00964120
42128, 0.00964150
42129, 0.00964170
42130, 0.00964190
42131, 0.00964210
42132, 0.00964230
42133, 0.00964250
42134, 0.00964270
42135, 0.00964290
42136, 0.00964310
42137, 0.00964330
42138, 0.00964350
42139, 0.00964370
42140, 0.00964390
42141, 0.00964410
42142, 0.00964430
42143, 0.00964450
42144, 0.00964470
42145, 0.00964490
42146, 0.00964510
42147, 0.00964540
42148, 0.00964560
42149, 0.00964580
42150, 0.00964600
42151, 0.00964620
42152, 0.00964640
42153, 0.00964660
42154, 0.00964680
42155, 0.00964700
42156, 0.00964720
42157, 0.00964740
42158, 0.00964760
42159, 0.00964780
42160, 0.00964800
42161, 0.00964820
42162, 0.00964840
42163, 0.00964860
42164, 0.00964880
42165, 0.00964900
42166, 0.00964920
42167, 0.00964940
42168, 0.00964960
42169, 0.00964990
42170, 0.00965010
42171, 0.00965030
42172, 0.00965060
42173, 0.00965080
42174, 0.00965100
42175, 0.00965120
42176, 0.00965140
42177, 0.00965160
42178, 0.00965180
42179, 0.00965200
42180, 0.00965220
42181, 0.00965240
42182, 0.00965270
42183, 0.00965290
42184, 0.00965320
42185, 0.00965340
42186, 0.00965370
42187, 0.00965390
42188, 0.00965420
42189, 0.00965440
42190, 0.00965460
42191, 0.00965480
42192, 0.00965500
42193, 0.00965520
42194, 0.00965540
42195, 0.00965560
42196, 0.00965580
42197, 0.00965600
42198, 0.00965620
42199, 0.00965640
42200, 0.00965660
42201, 0.00965680
42202, 0.00965700
42203, 0.00965720
42204, 0.00965740
42205, 0.00965760
42206, 0.00965780
42207, 0.00965800
42208, 0.00965830
42209, 0.00965850
42210, 0.00965870
42211, 0.00965890
42212, 0.00965910
42213, 0.00965930
42214, 0.00965950
42215, 0.00965970
42216, 0.00965990
42217, 0.00966010
42218, 0.00966030
42219, 0.00966050
42220, 0.00966070
42221, 0.00966090
42222, 0.00966110
42223, 0.00966130
42224, 0.00966150
42225, 0.00966170
42226, 0.00966190
42227, 0.00966210
42228, 0.00966230
42229, 0.00966260
42230, 0.00966280
42231, 0.00966300
42232, 0.00966320
42233, 0.00966340
42234, 0.00966360
42235, 0.00966380
42236, 0.00966400
42237, 0.00966420
42238, 0.00966440
42239, 0.00966460
42240, 0.00966480
42241, 0.00966500
42242, 0.00966520
42243, 0.00966540
42244, 0.00966560
42245, 0.00966580
42246, 0.00966600
42247, 0.00966630
42248, 0.00966650
42249, 0.00966670
42250, 0.00966690
42251, 0.00966710
42252, 0.00966730
42253, 0.00966750
42254, 0.00966770
42255, 0.00966790
42256, 0.00966810
42257, 0.00966830
42258, 0.00966850
42259, 0.00966870
42260, 0.00966890
42261, 0.00966910
42262, 0.00966930
42263, 0.00966950
42264, 0.00966970
42265, 0.00966990
42266, 0.00967010
42267, 0.00967040
42268, 0.00967060
42269, 0.00967080
42270, 0.00967100
42271, 0.00967120
42272, 0.00967140
42273, 0.00967160
42274, 0.00967180
42275, 0.00967200
42276, 0.00967220
42277, 0.00967240
42278, 0.00967260
42279, 0.00967280
42280, 0.00967300
42281, 0.00967320
42282, 0.00967340
42283, 0.00967360
42284, 0.00967380
42285, 0.00967400
42286, 0.00967430
42287, 0.00967450
42288, 0.00967470
42289, 0.00967490
42290, 0.00967510
42291, 0.00967530
42292, 0.00967550
42293, 0.00967570
42294, 0.00967590
42295, 0.00967610
42296, 0.00967630
42297, 0.00967650
42298, 0.00967670
42299, 0.00967690
42300, 0.00967740
42301, 0.00967770
42302, 0.00967790
42303, 0.00967810
42304, 0.00967830
42305, 0.00967850
42306, 0.00967870
42307, 0.00967900
42308, 0.00967920
42309, 0.00967940
42310, 0.00967970
42311, 0.00967990
42312, 0.00968020
42313, 0.00968040
42314, 0.00968060
42315, 0.00968080
42316, 0.00968110
42317, 0.00968130
42318, 0.00968150
42319, 0.00968170
42320, 0.00968190
42321, 0.00968220
42322, 0.00968240
42323, 0.00968260
42324, 0.00968280
42325, 0.00968300
42326, 0.00968320
42327, 0.00968340
42328, 0.00968360
42329, 0.00968380
42330, 0.00968400
42331, 0.00968420
42332, 0.00968440
42333, 0.00968460
42334, 0.00968480
42335, 0.00968500
42336, 0.00968520
42337, 0.00968540
42338, 0.00968570
42339, 0.00968590
42340, 0.00968610
42341, 0.00968630
42342, 0.00968650
42343, 0.00968670
42344, 0.00968690
42345, 0.00968710
42346, 0.00968730
42347, 0.00968750
42348, 0.00968770
42349, 0.00968800
42350, 0.00968820
42351, 0.00968840
42352, 0.00968860
42353, 0.00968880
42354, 0.00968900
42355, 0.00968920
42356, 0.00968940
42357, 0.00968960
42358, 0.00968980
42359, 0.00969000
42360, 0.00969020
42361, 0.00969040
42362, 0.00969060
42363, 0.00969080
42364, 0.00969100
42365, 0.00969120
42366, 0.00969140
42367, 0.00969160
42368, 0.00969180
42369, 0.00969210
42370, 0.00969230
42371, 0.00969250
42372, 0.00969270
42373, 0.00969290
42374, 0.00969310
42375, 0.00969330
42376, 0.00969350
42377, 0.00969370
42378, 0.00969390
42379, 0.00969410
42380, 0.00969430
42381, 0.00969450
42382, 0.00969470
42383, 0.00969490
42384, 0.00969510
42385, 0.00969530
42386, 0.00969550
42387, 0.00969570
42388, 0.00969600
42389, 0.00969620
42390, 0.00969640
42391, 0.00969660
42392, 0.00969680
42393, 0.00969700
42394, 0.00969720
42395, 0.00969740
42396, 0.00969760
42397, 0.00969780
42398, 0.00969800
42399, 0.00969820
42400, 0.00969840
42401, 0.00969860
42402, 0.00969890
42403, 0.00969910
42404, 0.00969930
42405, 0.00969950
42406, 0.00969970
42407, 0.00969990
42408, 0.00970010
42409, 0.00970030
42410, 0.00970050
42411, 0.00970070
42412, 0.00970090
42413, 0.00970110
42414, 0.00970140
42415, 0.00970160
42416, 0.00970180
42417, 0.00970200
42418, 0.00970220
42419, 0.00970240
42420, 0.00970260
42421, 0.00970280
42422, 0.00970300
42423, 0.00970320
42424, 0.00970340
42425, 0.00970360
42426, 0.00970390
42427, 0.00970410
42428, 0.00970430
42429, 0.00970450
42430, 0.00970480
42431, 0.00970500
42432, 0.00970520
42433, 0.00970540
42434, 0.00970560
42435, 0.00970580
42436, 0.00970610
42437, 0.00970630
42438, 0.00970660
42439, 0.00970680
42440, 0.00970700
42441, 0.00970720
42442, 0.00970750
42443, 0.00970770
42444, 0.00970790
42445, 0.00970810
42446, 0.00970830
42447, 0.00970850
42448, 0.00970870
42449, 0.00970890
42450, 0.00970910
42451, 0.00970930
42452, 0.00970950
42453, 0.00970980
42454, 0.00971000
42455, 0.00971020
42456, 0.00971040
42457, 0.00971060
42458, 0.00971080
42459, 0.00971100
42460, 0.00971120
42461, 0.00971140
42462, 0.00971160
42463, 0.00971180
42464, 0.00971200
42465, 0.00971220
42466, 0.00971240
42467, 0.00971260
42468, 0.00971280
42469, 0.00971300
42470, 0.00971320
42471, 0.00971340
42472, 0.00971360
42473, 0.00971380
42474, 0.00971410
42475, 0.00971430
42476, 0.00971450
42477, 0.00971470
42478, 0.00971490
42479, 0.00971510
42480, 0.00971530
42481, 0.00971550
42482, 0.00971570
42483, 0.00971590
42484, 0.00971610
42485, 0.00971630
42486, 0.00971650
42487, 0.00971670
42488, 0.00971690
42489, 0.00971710
42490, 0.00971730
42491, 0.00971750
42492, 0.00971770
42493, 0.00971790
42494, 0.00971810
42495, 0.00971840
42496, 0.00971860
42497, 0.00971880
42498, 0.00971900
42499, 0.00971920
42500, 0.00971940
42501, 0.00971960
42502, 0.00971980
42503, 0.00972000
42504, 0.00972020
42505, 0.00972040
42506, 0.00972060
42507, 0.00972080
42508, 0.00972100
42509, 0.00972120
42510, 0.00972140
42511, 0.00972160
42512, 0.00972180
42513, 0.00972200
42514, 0.00972220
42515, 0.00972250
42516, 0.00972270
42517, 0.00972290
42518, 0.00972310
42519, 0.00972330
42520, 0.00972350
42521, 0.00972370
42522, 0.00972390
42523, 0.00972410
42524, 0.00972430
42525, 0.00972450
42526, 0.00972470
42527, 0.00972490
42528, 0.00972510
42529, 0.00972530
42530, 0.00972550
42531, 0.00972570
42532, 0.00972590
42533, 0.00972610
42534, 0.00972630
42535, 0.00972650
42536, 0.00972680
42537, 0.00972700
42538, 0.00972720
42539, 0.00972740
42540, 0.00972760
42541, 0.00972780
42542, 0.00972800
42543, 0.00972820
42544, 0.00972840
42545, 0.00972860
42546, 0.00972880
42547, 0.00972900
42548, 0.00972920
42549, 0.00972940
42550, 0.00972960
42551, 0.00972980
42552, 0.00973000
42553, 0.00973020
42554, 0.00973050
42555, 0.00973070
42556, 0.00973090
42557, 0.00973110
42558, 0.00973140
42559, 0.00973160
42560, 0.00973180
42561, 0.00973200
42562, 0.00973220
42563, 0.00973240
42564, 0.00973270
42565, 0.00973290
42566, 0.00973320
42567, 0.00973340
42568, 0.00973370
42569, 0.00973390
42570, 0.00973420
42571, 0.00973440
42572, 0.00973460
42573, 0.00973480
42574, 0.00973500
42575, 0.00973520
42576, 0.00973540
42577, 0.00973560
42578, 0.00973580
42579, 0.00973600
42580, 0.00973620
42581, 0.00973640
42582, 0.00973660
42583, 0.00973680
42584, 0.00973700
42585, 0.00973720
42586, 0.00973740
42587, 0.00973770
42588, 0.00973790
42589, 0.00973810
42590, 0.00973830
42591, 0.00973850
42592, 0.00973870
42593, 0.00973890
42594, 0.00973910
42595, 0.00973930
42596, 0.00973950
42597, 0.00973970
42598, 0.00973990
42599, 0.00974010
42600, 0.00974030
42601, 0.00974050
42602, 0.00974070
42603, 0.00974090
42604, 0.00974110
42605, 0.00974130
42606, 0.00974150
42607, 0.00974170
42608, 0.00974190
42609, 0.00974210
42610, 0.00974240
42611, 0.00974260
42612, 0.00974280
42613, 0.00974300
42614, 0.00974320
42615, 0.00974340
42616, 0.00974360
42617, 0.00974380
42618, 0.00974400
42619, 0.00974420
42620, 0.00974440
42621, 0.00974460
42622, 0.00974480
42623, 0.00974500
42624, 0.00974520
42625, 0.00974550
42626, 0.00974570
42627, 0.00974590
42628, 0.00974610
42629, 0.00974630
42630, 0.00974650
42631, 0.00974670
42632, 0.00974690
42633, 0.00974710
42634, 0.00974730
42635, 0.00974750
42636, 0.00974770
42637, 0.00974790
42638, 0.00974810
42639, 0.00974830
42640, 0.00974860
42641, 0.00974880
42642, 0.00974900
42643, 0.00974920
42644, 0.00974940
42645, 0.00974960
42646, 0.00974980
42647, 0.00975000
42648, 0.00975020
42649, 0.00975040
42650, 0.00975060
42651, 0.00975080
42652, 0.00975100
42653, 0.00975120
42654, 0.00975140
42655, 0.00975160
42656, 0.00975180
42657, 0.00975200
42658, 0.00975220
42659, 0.00975240
42660, 0.00975260
42661, 0.00975290
42662, 0.00975310
42663, 0.00975330
42664, 0.00975350
42665, 0.00975370
42666, 0.00975390
42667, 0.00975410
42668, 0.00975430
42669, 0.00975450
42670, 0.00975470
42671, 0.00975490
42672, 0.00975510
42673, 0.00975530
42674, 0.00975550
42675, 0.00975570
42676, 0.00975590
42677, 0.00975610
42678, 0.00975630
42679, 0.00975650
42680, 0.00975670
42681, 0.00975690
42682, 0.00975720
42683, 0.00975740
42684, 0.00975760
42685, 0.00975790
42686, 0.00975810
42687, 0.00975830
42688, 0.00975850
42689, 0.00975870
42690, 0.00975890
42691, 0.00975910
42692, 0.00975940
42693, 0.00975960
42694, 0.00975980
42695, 0.00976000
42696, 0.00976040
42697, 0.00976060
42698, 0.00976090
42699, 0.00976110
42700, 0.00976130
42701, 0.00976150
42702, 0.00976170
42703, 0.00976190
42704, 0.00976210
42705, 0.00976230
42706, 0.00976250
42707, 0.00976270
42708, 0.00976290
42709, 0.00976310
42710, 0.00976340
42711, 0.00976360
42712, 0.00976380
42713, 0.00976400
42714, 0.00976420
42715, 0.00976440
42716, 0.00976460
42717, 0.00976480
42718, 0.00976500
42719, 0.00976520
42720, 0.00976540
42721, 0.00976560
42722, 0.00976580
42723, 0.00976600
42724, 0.00976620
42725, 0.00976640
42726, 0.00976660
42727, 0.00976680
42728, 0.00976700
42729, 0.00976720
42730, 0.00976750
42731, 0.00976770
42732, 0.00976790
42733, 0.00976810
42734, 0.00976830
42735, 0.00976850
42736, 0.00976870
42737, 0.00976890
42738, 0.00976910
42739, 0.00976930
42740, 0.00976950
42741, 0.00976970
42742, 0.00976990
42743, 0.00977010
42744, 0.00977030
42745, 0.00977050
42746, 0.00977070
42747, 0.00977090
42748, 0.00977120
42749, 0.00977140
42750, 0.00977160
42751, 0.00977180
42752, 0.00977200
42753, 0.00977220
42754, 0.00977240
42755, 0.00977260
42756, 0.00977280
42757, 0.00977300
42758, 0.00977320
42759, 0.00977340
42760, 0.00977360
42761, 0.00977380
42762, 0.00977400
42763, 0.00977420
42764, 0.00977440
42765, 0.00977460
42766, 0.00977480
42767, 0.00977500
42768, 0.00977520
42769, 0.00977550
42770, 0.00977570
42771, 0.00977590
42772, 0.00977610
42773, 0.00977630
42774, 0.00977650
42775, 0.00977670
42776, 0.00977690
42777, 0.00977710
42778, 0.00977730
42779, 0.00977750
42780, 0.00977770
42781, 0.00977790
42782, 0.00977810
42783, 0.00977830
42784, 0.00977850
42785, 0.00977870
42786, 0.00977890
42787, 0.00977910
42788, 0.00977930
42789, 0.00977960
42790, 0.00977980
42791, 0.00978000
42792, 0.00978020
42793, 0.00978040
42794, 0.00978060
42795, 0.00978080
42796, 0.00978100
42797, 0.00979450
42798, 0.00979500
42799, 0.00979540
42800, 0.00979580
42801, 0.00979620
42802, 0.00979660
42803, 0.00979690
42804, 0.00979740
42805, 0.00979770
42806, 0.00979790
42807, 0.00979810
42808, 0.00979830
42809, 0.00979860
42810, 0.00979890
42811, 0.00979910
42812, 0.00979940
42813, 0.00979960
42814, 0.00979980
42815, 0.00980000
42816, 0.00980020
42817, 0.00980040
42818, 0.00980060
42819, 0.00980090
42820, 0.00980110
42821, 0.00980130
42822, 0.00980150
42823, 0.00980170
42824, 0.00980190
42825, 0.00980210
42826, 0.00980230
42827, 0.00980250
42828, 0.00980270
42829, 0.00980290
42830, 0.00980310
42831, 0.00980330
42832, 0.00980350
42833, 0.00980370
42834, 0.00980390
42835, 0.00980410
42836, 0.00980430
42837, 0.00980450
42838, 0.00980470
42839, 0.00980490
42840, 0.00980510
42841, 0.00980530
42842, 0.00980560
42843, 0.00980580
42844, 0.00980600
42845, 0.00980620
42846, 0.00980640
42847, 0.00980660
42848, 0.00980680
42849, 0.00980700
42850, 0.00980720
42851, 0.00980740
42852, 0.00980760
42853, 0.00980780
42854, 0.00980800
42855, 0.00980820
42856, 0.00980840
42857, 0.00980860
42858, 0.00980880
42859, 0.00980900
42860, 0.00980920
42861, 0.00980940
42862, 0.00980960
42863, 0.00980980
42864, 0.00981000
42865, 0.00981020
42866, 0.00981050
42867, 0.00981070
42868, 0.00981090
42869, 0.00981110
42870, 0.00981130
42871, 0.00981150
42872, 0.00981170
42873, 0.00981190
42874, 0.00981210
42875, 0.00981230
42876, 0.00981250
42877, 0.00981270
42878, 0.00981290
42879, 0.00981310
42880, 0.00981330
42881, 0.00981350
42882, 0.00981370
42883, 0.00981390
42884, 0.00981410
42885, 0.00981430
42886, 0.00981450
42887, 0.00981480
42888, 0.00981500
42889, 0.00981520
42890, 0.00981540
42891, 0.00981560
42892, 0.00981580
42893, 0.00981600
42894, 0.00981620
42895, 0.00981640
42896, 0.00981660
42897, 0.00981680
42898, 0.00981700
42899, 0.00981720
42900, 0.00981740
42901, 0.00981760
42902, 0.00981780
42903, 0.00981800
42904, 0.00981820
42905, 0.00981840
42906, 0.00981860
42907, 0.00981880
42908, 0.00981900
42909, 0.00981930
42910, 0.00981950
42911, 0.00981970
42912, 0.00981990
42913, 0.00982010
42914, 0.00982030
42915, 0.00982050
42916, 0.00982070
42917, 0.00982090
42918, 0.00982110
42919, 0.00982130
42920, 0.00982150
42921, 0.00982170
42922, 0.00982190
42923, 0.00982210
42924, 0.00982230
42925, 0.00982250
42926, 0.00982270
42927, 0.00982290
42928, 0.00982310
42929, 0.00982330
42930, 0.00982350
42931, 0.00982370
42932, 0.00982390
42933, 0.00982420
42934, 0.00982440
42935, 0.00982460
42936, 0.00982490
42937, 0.00982510
42938, 0.00982530
42939, 0.00982550
42940, 0.00982580
42941, 0.00982600
42942, 0.00982620
42943, 0.00982640
42944, 0.00982660
42945, 0.00982680
42946, 0.00982710
42947, 0.00982730
42948, 0.00982750
42949, 0.00982770
42950, 0.00982800
42951, 0.00982820
42952, 0.00982850
42953, 0.00982870
42954, 0.00982890
42955, 0.00982910
42956, 0.00982930
42957, 0.00982950
42958, 0.00982970
42959, 0.00982990
42960, 0.00983010
42961, 0.00983030
42962, 0.00983050
42963, 0.00983070
42964, 0.00983100
42965, 0.00983120
42966, 0.00983140
42967, 0.00983160
42968, 0.00983180
42969, 0.00983200
42970, 0.00983220
42971, 0.00983240
42972, 0.00983260
42973, 0.00983280
42974, 0.00983300
42975, 0.00983320
42976, 0.00983340
42977, 0.00983360
42978, 0.00983380
42979, 0.00983400
42980, 0.00983420
42981, 0.00983450
42982, 0.00983470
42983, 0.00983490
42984, 0.00983510
42985, 0.00983530
42986, 0.00983550
42987, 0.00983570
42988, 0.00983590
42989, 0.00983610
42990, 0.00983630
42991, 0.00983650
42992, 0.00983670
42993, 0.00983690
42994, 0.00983710
42995, 0.00983730
42996, 0.00983750
42997, 0.00983770
42998, 0.00983790
42999, 0.00983810
43000, 0.00983840
43001, 0.00983860
43002, 0.00983880
43003, 0.00983900
43004, 0.00983920
43005, 0.00983940
43006, 0.00983960
43007, 0.00983980
43008, 0.00984000
43009, 0.00984020
43010, 0.00984040
43011, 0.00984060
43012, 0.00984080
43013, 0.00984100
43014, 0.00984120
43015, 0.00984140
43016, 0.00984160
43017, 0.00984180
43018, 0.00984200
43019, 0.00984220
43020, 0.00984250
43021, 0.00984270
43022, 0.00984290
43023, 0.00984310
43024, 0.00984330
43025, 0.00984350
43026, 0.00984370
43027, 0.00984390
43028, 0.00984410
43029, 0.00984430
43030, 0.00984450
43031, 0.00984470
43032, 0.00984490
43033, 0.00984510
43034, 0.00984530
43035, 0.00984550
43036, 0.00984570
43037, 0.00984590
43038, 0.00984610
43039, 0.00984630
43040, 0.00984650
43041, 0.00984670
43042, 0.00984690
43043, 0.00984720
43044, 0.00984740
43045, 0.00984760
43046, 0.00984780
43047, 0.00984800
43048, 0.00984820
43049, 0.00984840
43050, 0.00984860
43051, 0.00984880
43052, 0.00984900
43053, 0.00984920
43054, 0.00984940
43055, 0.00984960
43056, 0.00984980
43057, 0.00985000
43058, 0.00985020
43059, 0.00985040
43060, 0.00985060
43061, 0.00985080
43062, 0.00985100
43063, 0.00985130
43064, 0.00985160
43065, 0.00985180
43066, 0.00985200
43067, 0.00985220
43068, 0.00985240
43069, 0.00985270
43070, 0.00985290
43071, 0.00985310
43072, 0.00985330
43073, 0.00985350
43074, 0.00985380
43075, 0.00985400
43076, 0.00985430
43077, 0.00985450
43078, 0.00985470
43079, 0.00985490
43080, 0.00985520
43081, 0.00985540
43082, 0.00985560
43083, 0.00985580
43084, 0.00985600
43085, 0.00985620
43086, 0.00985650
43087, 0.00985670
43088, 0.00985690
43089, 0.00985710
43090, 0.00985730
43091, 0.00985750
43092, 0.00985770
43093, 0.00985790
43094, 0.00985810
43095, 0.00985830
43096, 0.00985850
43097, 0.00985870
43098, 0.00985890
43099, 0.00985910
43100, 0.00985930
43101, 0.00985950
43102, 0.00985970
43103, 0.00986000
43104, 0.00986020
43105, 0.00986040
43106, 0.00986060
43107, 0.00986080
43108, 0.00986100
43109, 0.00986120
43110, 0.00986140
43111, 0.00986160
43112, 0.00986180
43113, 0.00986200
43114, 0.00986220
43115, 0.00986240
43116, 0.00986260
43117, 0.00986280
43118, 0.00986300
43119, 0.00986320
43120, 0.00986340
43121, 0.00986360
43122, 0.00986390
43123, 0.00986410
43124, 0.00986430
43125, 0.00986450
43126, 0.00986470
43127, 0.00986490
43128, 0.00986510
43129, 0.00986530
43130, 0.00986550
43131, 0.00986570
43132, 0.00986590
43133, 0.00986610
43134, 0.00986630
43135, 0.00986650
43136, 0.00986670
43137, 0.00986690
43138, 0.00986710
43139, 0.00986730
43140, 0.00986750
43141, 0.00986770
43142, 0.00986800
43143, 0.00986820
43144, 0.00986840
43145, 0.00986860
43146, 0.00986880
43147, 0.00986900
43148, 0.00986920
43149, 0.00986940
43150, 0.00986960
43151, 0.00986980
43152, 0.00987000
43153, 0.00987020
43154, 0.00987040
43155, 0.00987060
43156, 0.00987080
43157, 0.00987100
43158, 0.00987120
43159, 0.00987140
43160, 0.00987160
43161, 0.00987190
43162, 0.00987210
43163, 0.00987230
43164, 0.00987250
43165, 0.00987270
43166, 0.00987290
43167, 0.00987310
43168, 0.00987330
43169, 0.00987350
43170, 0.00987370
43171, 0.00987390
43172, 0.00987410
43173, 0.00987430
43174, 0.00987450
43175, 0.00987470
43176, 0.00987490
43177, 0.00987510
43178, 0.00987530
43179, 0.00987550
43180, 0.00987570
43181, 0.00987600
43182, 0.00987620
43183, 0.00987640
43184, 0.00987660
43185, 0.00987680
43186, 0.00987700
43187, 0.00987720
43188, 0.00987740
43189, 0.00987760
43190, 0.00987780
43191, 0.00987800
43192, 0.00987830
43193, 0.00987850
43194, 0.00987870
43195, 0.00987890
43196, 0.00987910
43197, 0.00987930
43198, 0.00987950
43199, 0.00987970
43200, 0.00987990
43201, 0.00988010
43202, 0.00988060
43203, 0.00988080
43204, 0.00988100
43205, 0.00988120
43206, 0.00988150
43207, 0.00988170
43208, 0.00988200
43209, 0.00988220
43210, 0.00988240
43211, 0.00988260
43212, 0.00988280
43213, 0.00988300
43214, 0.00988320
43215, 0.00988340
43216, 0.00988360
43217, 0.00988380
43218, 0.00988400
43219, 0.00988430
43220, 0.00988450
43221, 0.00988470
43222, 0.00988490
43223, 0.00988510
43224, 0.00988530
43225, 0.00988550
43226, 0.00988570
43227, 0.00988590
43228, 0.00988610
43229, 0.00988630
43230, 0.00988650
43231, 0.00988670
43232, 0.00988690
43233, 0.00988710
43234, 0.00988730
43235, 0.00988750
43236, 0.00988770
43237, 0.00988790
43238, 0.00988810
43239, 0.00988830
43240, 0.00988850
43241, 0.00988880
43242, 0.00988900
43243, 0.00988920
43244, 0.00988940
43245, 0.00988960
43246, 0.00988980
43247, 0.00989000
43248, 0.00989020
43249, 0.00989040
43250, 0.00989060
43251, 0.00989080
43252, 0.00989100
43253, 0.00989120
43254, 0.00989140
43255, 0.00989160
43256, 0.00989180
43257, 0.00989200
43258, 0.00989220
43259, 0.00989240
43260, 0.00989260
43261, 0.00989280
43262, 0.00989300
43263, 0.00989330
43264, 0.00989350
43265, 0.00989370
43266, 0.00989390
43267, 0.00989410
43268, 0.00989430
43269, 0.00989450
43270, 0.00989470
43271, 0.00989490
43272, 0.00989510
43273, 0.00989530
43274, 0.00989550
43275, 0.00989570
43276, 0.00989590
43277, 0.00989610
43278, 0.00989630
43279, 0.00989650
43280, 0.00989670
43281, 0.00989690
43282, 0.00989710
43283, 0.00989740
43284, 0.00989760
43285, 0.00989780
43286, 0.00989800
43287, 0.00989820
43288, 0.00989840
43289, 0.00989860
43290, 0.00989880
43291, 0.00989900
43292, 0.00989920
43293, 0.00989940
43294, 0.00989960
43295, 0.00989980
43296, 0.00990000
43297, 0.00990020
43298, 0.00990040
43299, 0.00990060
43300, 0.00990080
43301, 0.00990100
43302, 0.00990120
43303, 0.00990140
43304, 0.00990170
43305, 0.00990190
43306, 0.00990210
43307, 0.00990230
43308, 0.00990250
43309, 0.00990270
43310, 0.00990290
43311, 0.00990310
43312, 0.00990330
43313, 0.00990350
43314, 0.00990370
43315, 0.00990390
43316, 0.00990410
43317, 0.00990430
43318, 0.00990450
43319, 0.00990470
43320, 0.00990960
43321, 0.00990990
43322, 0.00991010
43323, 0.00991030
43324, 0.00991060
43325, 0.00991080
43326, 0.00991100
43327, 0.00991120
43328, 0.00991140
43329, 0.00991160
43330, 0.00991180
43331, 0.00991200
43332, 0.00991220
43333, 0.00991240
43334, 0.00991260
43335, 0.00991280
43336, 0.00991300
43337, 0.00991320
43338, 0.00991340
43339, 0.00991360
43340, 0.00991380
43341, 0.00991400
43342, 0.00991420
43343, 0.00991450
43344, 0.00991470
43345, 0.00991490
43346, 0.00991510
43347, 0.00991530
43348, 0.00991550
43349, 0.00991570
43350, 0.00991590
43351, 0.00991610
43352, 0.00991630
43353, 0.00991650
43354, 0.00991670
43355, 0.00991690
43356, 0.00991710
43357, 0.00991730
43358, 0.00991750
43359, 0.00991770
43360, 0.00991800
43361, 0.00991820
43362, 0.00991840
43363, 0.00991860
43364, 0.00991880
43365, 0.00991900
43366, 0.00991920
43367, 0.00991940
43368, 0.00991960
43369, 0.00991980
43370, 0.00992000
43371, 0.00992020
43372, 0.00992040
43373, 0.00992060
43374, 0.00992080
43375, 0.00992100
43376, 0.00992120
43377, 0.00992140
43378, 0.00992170
43379, 0.00992190
43380, 0.00992210
43381, 0.00992230
43382, 0.00992250
43383, 0.00992270
43384, 0.00992290
43385, 0.00992310
43386, 0.00992340
43387, 0.00992360
43388, 0.00992380
43389, 0.00992410
43390, 0.00992430
43391, 0.00992450
43392, 0.00992470
43393, 0.00992500
43394, 0.00992520
43395, 0.00992540
43396, 0.00992560
43397, 0.00992580
43398, 0.00992600
43399, 0.00992620
43400, 0.00992640
43401, 0.00992660
43402, 0.00992680
43403, 0.00992700
43404, 0.00992720
43405, 0.00992740
43406, 0.00992760
43407, 0.00992780
43408, 0.00992810
43409, 0.00992830
43410, 0.00992850
43411, 0.00992870
43412, 0.00992890
43413, 0.00992910
43414, 0.00992930
43415, 0.00992950
43416, 0.00992970
43417, 0.00992990
43418, 0.00993010
43419, 0.00993030
43420, 0.00993050
43421, 0.00993070
43422, 0.00993090
43423, 0.00993110
43424, 0.00993130
43425, 0.00993150
43426, 0.00993170
43427, 0.00993200
43428, 0.00993220
43429, 0.00993240
43430, 0.00993260
43431, 0.00993280
43432, 0.00993300
43433, 0.00993320
43434, 0.00993340
43435, 0.00993360
43436, 0.00993380
43437, 0.00993400
43438, 0.00993420
43439, 0.00993440
43440, 0.00993460
43441, 0.00993480
43442, 0.00993500
43443, 0.00993520
43444, 0.00993540
43445, 0.00993560
43446, 0.00993590
43447, 0.00993610
43448, 0.00993630
43449, 0.00993650
43450, 0.00993680
43451, 0.00993700
43452, 0.00993720
43453, 0.00993740
43454, 0.00993760
43455, 0.00993780
43456, 0.00993810
43457, 0.00993830
43458, 0.00993870
43459, 0.00993890
43460, 0.00993920
43461, 0.00993940
43462, 0.00993960
43463, 0.00993980
43464, 0.00994010
43465, 0.00994030
43466, 0.00994050
43467, 0.00994070
43468, 0.00994090
43469, 0.00994110
43470, 0.00994130
43471, 0.00994150
43472, 0.00994170
43473, 0.00994190
43474, 0.00994210
43475, 0.00994230
43476, 0.00994250
43477, 0.00994270
43478, 0.00994290
43479, 0.00994310
43480, 0.00994330
43481, 0.00994350
43482, 0.00994370
43483, 0.00994390
43484, 0.00994410
43485, 0.00994440
43486, 0.00994460
43487, 0.00994480
43488, 0.00994500
43489, 0.00994520
43490, 0.00994540
43491, 0.00994560
43492, 0.00994580
43493, 0.00994600
43494, 0.00994620
43495, 0.00994640
43496, 0.00994660
43497, 0.00994680
43498, 0.00994700
43499, 0.00994720
43500, 0.00994740
43501, 0.00994760
43502, 0.00994780
43503, 0.00994800
43504, 0.00994820
43505, 0.00994840
43506, 0.00994860
43507, 0.00994890
43508, 0.00994910
43509, 0.00994930
43510, 0.00994950
43511, 0.00994970
43512, 0.00994990
43513, 0.00995010
43514, 0.00995030
43515, 0.00995050
43516, 0.00995070
43517, 0.00995090
43518, 0.00995110
43519, 0.00995130
43520, 0.00995150
43521, 0.00995170
43522, 0.00995200
43523, 0.00995220
43524, 0.00995240
43525, 0.00995260
43526, 0.00995280
43527, 0.00995300
43528, 0.00995320
43529, 0.00995340
43530, 0.00995360
43531, 0.00995380
43532, 0.00995400
43533, 0.00995420
43534, 0.00995440
43535, 0.00995460
43536, 0.00995480
43537, 0.00995500
43538, 0.00995530
43539, 0.00995550
43540, 0.00995570
43541, 0.00995590
43542, 0.00995610
43543, 0.00995630
43544, 0.00995650
43545, 0.00995670
43546, 0.00995690
43547, 0.00995710
43548, 0.00995730
43549, 0.00995750
43550, 0.00995770
43551, 0.00995790
43552, 0.00995810
43553, 0.00995830
43554, 0.00995850
43555, 0.00995870
43556, 0.00995900
43557, 0.00995920
43558, 0.00995940
43559, 0.00995960
43560, 0.00995980
43561, 0.00996000
43562, 0.00996020
43563, 0.00996040
43564, 0.00996060
43565, 0.00996080
43566, 0.00996100
43567, 0.00996120
43568, 0.00996140
43569, 0.00996160
43570, 0.00996180
43571, 0.00996200
43572, 0.00996220
43573, 0.00996240
43574, 0.00996270
43575, 0.00996300
43576, 0.00996320
43577, 0.00996340
43578, 0.00996360
43579, 0.00996380
43580, 0.00996400
43581, 0.00996420
43582, 0.00996440
43583, 0.00996470
43584, 0.00996490
43585, 0.00996510
43586, 0.00996540
43587, 0.00996560
43588, 0.00996590
43589, 0.00996610
43590, 0.00996630
43591, 0.00996650
43592, 0.00996670
43593, 0.00996700
43594, 0.00996720
43595, 0.00996740
43596, 0.00996760
43597, 0.00996780
43598, 0.00996800
43599, 0.00996820
43600, 0.00996840
43601, 0.00996860
43602, 0.00996880
43603, 0.00996900
43604, 0.00996920
43605, 0.00996940
43606, 0.00996960
43607, 0.00996980
43608, 0.00997000
43609, 0.00997020
43610, 0.00997040
43611, 0.00997060
43612, 0.00997090
43613, 0.00997110
43614, 0.00997130
43615, 0.00997150
43616, 0.00997170
43617, 0.00997190
43618, 0.00997210
43619, 0.00997230
43620, 0.00997250
43621, 0.00997270
43622, 0.00997290
43623, 0.00997310
43624, 0.00997330
43625, 0.00997350
43626, 0.00997370
43627, 0.00997390
43628, 0.00997410
43629, 0.00997430
43630, 0.00997460
43631, 0.00997480
43632, 0.00997500
43633, 0.00997520
43634, 0.00997540
43635, 0.00997560
43636, 0.00997580
43637, 0.00997600
43638, 0.00997620
43639, 0.00997640
43640, 0.00997660
43641, 0.00997680
43642, 0.00997700
43643, 0.00997720
43644, 0.00997740
43645, 0.00997760
43646, 0.00997780
43647, 0.00997800
43648, 0.00997820
43649, 0.00997840
43650, 0.00997860
43651, 0.00997890
43652, 0.00997910
43653, 0.00997930
43654, 0.00997950
43655, 0.00997970
43656, 0.00997990
43657, 0.00998010
43658, 0.00998030
43659, 0.00998050
43660, 0.00998070
43661, 0.00998090
43662, 0.00998110
43663, 0.00998130
43664, 0.00998150
43665, 0.00998170
43666, 0.00998190
43667, 0.00998210
43668, 0.00998230
43669, 0.00998260
43670, 0.00998280
43671, 0.00998300
43672, 0.00998320
43673, 0.00998340
43674, 0.00998360
43675, 0.00998380
43676, 0.00998400
43677, 0.00998420
43678, 0.00998440
43679, 0.00998460
43680, 0.00998480
43681, 0.00998500
43682, 0.00998520
43683, 0.00998540
43684, 0.00998560
43685, 0.00998590
43686, 0.00998610
43687, 0.00998630
43688, 0.00998650
43689, 0.00998670
43690, 0.00998690
43691, 0.00998710
43692, 0.00998730
43693, 0.00998750
43694, 0.00998770
43695, 0.00998790
43696, 0.00998810
43697, 0.00998830
43698, 0.00998850
43699, 0.00998870
43700, 0.00998890
43701, 0.00998910
43702, 0.00998940
43703, 0.00998970
43704, 0.00998990
43705, 0.00999010
43706, 0.00999030
43707, 0.00999050
43708, 0.00999070
43709, 0.00999090
43710, 0.00999110
43711, 0.00999130
43712, 0.00999160
43713, 0.00999220
43714, 0.00999260
43715, 0.00999300
43716, 0.00999340
43717, 0.00999380
43718, 0.00999420
43719, 0.00999460
43720, 0.00999500
43721, 0.00999540
43722, 0.00999570
43723, 0.00999620
43724, 0.00999660
43725, 0.00999690
43726, 0.00999740
43727, 0.00999780
43728, 0.00999820
43729, 0.00999860
43730, 0.00999900
43731, 0.00999940
43732, 0.00999980
43733, 0.01000020
43734, 0.01000050
43735, 0.01000090
43736, 0.01000130
43737, 0.01000170
43738, 0.01000210
43739, 0.01000250
43740, 0.01000280
43741, 0.01000320
43742, 0.01000360
43743, 0.01000400
43744, 0.01000430
43745, 0.01000470
43746, 0.01000500
43747, 0.01000520
43748, 0.01000550
43749, 0.01000570
43750, 0.01000590
43751, 0.01000610
43752, 0.01000630
43753, 0.01000650
43754, 0.01000670
43755, 0.01000690
43756, 0.01000710
43757, 0.01000730
43758, 0.01000750
43759, 0.01000770
43760, 0.01000790
43761, 0.01000810
43762, 0.01000830
43763, 0.01000850
43764, 0.01000870
43765, 0.01000890
43766, 0.01000910
43767, 0.01000930
43768, 0.01000950
43769, 0.01000970
43770, 0.01001000
43771, 0.01001020
43772, 0.01001040
43773, 0.01001060
43774, 0.01001080
43775, 0.01001100
43776, 0.01001120
43777, 0.01001140
43778, 0.01001160
43779, 0.01001180
43780, 0.01001200
43781, 0.01001220
43782, 0.01001240
43783, 0.01001260
43784, 0.01001280
43785, 0.01001300
43786, 0.01001320
43787, 0.01001340
43788, 0.01001360
43789, 0.01001380
43790, 0.01001400
43791, 0.01001430
43792, 0.01001450
43793, 0.01001470
43794, 0.01001490
43795, 0.01001510
43796, 0.01001530
43797, 0.01001550
43798, 0.01001570
43799, 0.01001590
43800, 0.01001610
43801, 0.01001630
43802, 0.01001650
43803, 0.01001670
43804, 0.01001690
43805, 0.01001710
43806, 0.01001730
43807, 0.01001760
43808, 0.01001780
43809, 0.01001800
43810, 0.01001820
43811, 0.01001840
43812, 0.01001860
43813, 0.01001880
43814, 0.01001900
43815, 0.01001920
43816, 0.01001940
43817, 0.01001960
43818, 0.01001980
43819, 0.01002000
43820, 0.01002020
43821, 0.01002040
43822, 0.01002060
43823, 0.01002080
43824, 0.01002100
43825, 0.01002120
43826, 0.01002140
43827, 0.01002160
43828, 0.01002190
43829, 0.01002210
43830, 0.01002240
43831, 0.01002260
43832, 0.01002290
43833, 0.01002310
43834, 0.01002330
43835, 0.01002350
43836, 0.01002370
43837, 0.01002390
43838, 0.01002420
43839, 0.01002440
43840, 0.01002460
43841, 0.01002480
43842, 0.01002520
43843, 0.01002540
43844, 0.01002560
43845, 0.01002580
43846, 0.01002610
43847, 0.01002630
43848, 0.01002650
43849, 0.01002670
43850, 0.01002690
43851, 0.01002710
43852, 0.01002730
43853, 0.01002750
43854, 0.01002770
43855, 0.01002790
43856, 0.01002810
43857, 0.01002830
43858, 0.01002850
43859, 0.01002880
43860, 0.01002900
43861, 0.01002920
43862, 0.01002940
43863, 0.01002960
43864, 0.01002980
43865, 0.01003000
43866, 0.01003020
43867, 0.01003040
43868, 0.01003060
43869, 0.01003080
43870, 0.01003100
43871, 0.01003120
43872, 0.01003140
43873, 0.01003160
43874, 0.01003180
43875, 0.01003200
43876, 0.01003220
43877, 0.01003240
43878, 0.01003260
43879, 0.01003290
43880, 0.01003310
43881, 0.01003330
43882, 0.01003350
43883, 0.01003370
43884, 0.01003390
43885, 0.01003410
43886, 0.01003430
43887, 0.01003450
43888, 0.01003470
43889, 0.01003490
43890, 0.01003510
43891, 0.01003530
43892, 0.01003550
43893, 0.01003570
43894, 0.01003590
43895, 0.01003610
43896, 0.01003630
43897, 0.01003650
43898, 0.01003670
43899, 0.01003690
43900, 0.01003710
43901, 0.01003730
43902, 0.01003760
43903, 0.01003780
43904, 0.01003800
43905, 0.01003820
43906, 0.01003840
43907, 0.01003860
43908, 0.01003880
43909, 0.01003900
43910, 0.01003920
43911, 0.01003940
43912, 0.01003960
43913, 0.01003980
43914, 0.01004000
43915, 0.01004020
43916, 0.01004040
43917, 0.01004060
43918, 0.01004080
43919, 0.01004100
43920, 0.01004120
43921, 0.01004140
43922, 0.01004160
43923, 0.01004190
43924, 0.01004210
43925, 0.01004230
43926, 0.01004250
43927, 0.01004270
43928, 0.01004290
43929, 0.01004310
43930, 0.01004330
43931, 0.01004350
43932, 0.01004370
43933, 0.01004390
43934, 0.01004410
43935, 0.01004430
43936, 0.01004450
43937, 0.01004470
43938, 0.01004490
43939, 0.01004510
43940, 0.01004530
43941, 0.01004550
43942, 0.01004570
43943, 0.01004590
43944, 0.01004610
43945, 0.01004630
43946, 0.01004660
43947, 0.01004680
43948, 0.01004700
43949, 0.01004720
43950, 0.01004740
43951, 0.01004760
43952, 0.01004780
43953, 0.01004800
43954, 0.01004820
43955, 0.01004840
43956, 0.01004870
43957, 0.01004890
43958, 0.01004910
43959, 0.01004930
43960, 0.01004960
43961, 0.01004980
43962, 0.01005000
43963, 0.01005020
43964, 0.01005040
43965, 0.01005060
43966, 0.01005090
43967, 0.01005110
43968, 0.01005140
43969, 0.01005160
43970, 0.01005190
43971, 0.01005220
43972, 0.01005240
43973, 0.01005260
43974, 0.01005280
43975, 0.01005300
43976, 0.01005320
43977, 0.01005340
43978, 0.01005360
43979, 0.01005390
43980, 0.01005410
43981, 0.01005430
43982, 0.01005450
43983, 0.01005470
43984, 0.01005490
43985, 0.01005510
43986, 0.01005530
43987, 0.01005550
43988, 0.01005570
43989, 0.01005590
43990, 0.01005610
43991, 0.01005630
43992, 0.01005650
43993, 0.01005670
43994, 0.01005690
43995, 0.01005710
43996, 0.01005730
43997, 0.01005760
43998, 0.01005780
43999, 0.01005800
44000, 0.01005820
44001, 0.01005840
44002, 0.01005860
44003, 0.01005880
44004, 0.01005900
44005, 0.01005920
44006, 0.01005940
44007, 0.01005960
44008, 0.01005980
44009, 0.01006000
44010, 0.01006020
44011, 0.01006040
44012, 0.01006060
44013, 0.01006080
44014, 0.01006100
44015, 0.01006120
44016, 0.01006140
44017, 0.01006160
44018, 0.01006190
44019, 0.01006210
44020, 0.01006230
44021, 0.01006250
44022, 0.01006270
44023, 0.01006290
44024, 0.01006310
44025, 0.01006330
44026, 0.01006350
44027, 0.01006370
44028, 0.01006390
44029, 0.01006410
44030, 0.01006430
44031, 0.01006450
44032, 0.01006470
44033, 0.01006490
44034, 0.01006510
44035, 0.01006530
44036, 0.01006550
44037, 0.01006570
44038, 0.01006590
44039, 0.01006610
44040, 0.01006640
44041, 0.01006660
44042, 0.01006680
44043, 0.01006700
44044, 0.01006720
44045, 0.01006740
44046, 0.01006760
44047, 0.01006780
44048, 0.01006800
44049, 0.01006820
44050, 0.01006840
44051, 0.01006860
44052, 0.01006880
44053, 0.01006900
44054, 0.01006920
44055, 0.01006940
44056, 0.01006960
44057, 0.01006980
44058, 0.01007000
44059, 0.01007020
44060, 0.01007040
44061, 0.01007060
44062, 0.01007090
44063, 0.01007110
44064, 0.01007130
44065, 0.01007150
44066, 0.01007170
44067, 0.01007190
44068, 0.01007210
44069, 0.01007230
44070, 0.01007250
44071, 0.01007270
44072, 0.01007290
44073, 0.01007310
44074, 0.01007330
44075, 0.01007350
44076, 0.01007370
44077, 0.01007390
44078, 0.01007410
44079, 0.01007430
44080, 0.01007450
44081, 0.01007470
44082, 0.01007490
44083, 0.01007510
44084, 0.01007550
44085, 0.01007570
44086, 0.01007590
44087, 0.01007610
44088, 0.01007640
44089, 0.01007660
44090, 0.01007680
44091, 0.01007700
44092, 0.01007720
44093, 0.01007740
44094, 0.01007760
44095, 0.01007780
44096, 0.01007810
44097, 0.01007830
44098, 0.01007860
44099, 0.01007880
44100, 0.01007910
44101, 0.01007930
44102, 0.01007950
44103, 0.01007970
44104, 0.01007990
44105, 0.01008010
44106, 0.01008030
44107, 0.01008050
44108, 0.01008070
44109, 0.01008090
44110, 0.01008110
44111, 0.01008130
44112, 0.01008150
44113, 0.01008170
44114, 0.01008190
44115, 0.01008210
44116, 0.01008230
44117, 0.01008250
44118, 0.01008270
44119, 0.01008300
44120, 0.01008320
44121, 0.01008340
44122, 0.01008360
44123, 0.01008380
44124, 0.01008400
44125, 0.01008420
44126, 0.01008440
44127, 0.01008460
44128, 0.01008480
44129, 0.01008500
44130, 0.01008520
44131, 0.01008540
44132, 0.01008560
44133, 0.01008580
44134, 0.01008600
44135, 0.01008620
44136, 0.01008640
44137, 0.01008660
44138, 0.01008680
44139, 0.01008710
44140, 0.01008730
44141, 0.01008750
44142, 0.01008770
44143, 0.01008790
44144, 0.01008810
44145, 0.01008830
44146, 0.01008850
44147, 0.01008870
44148, 0.01008890
44149, 0.01008910
44150, 0.01008930
44151, 0.01008950
44152, 0.01008970
44153, 0.01008990
44154, 0.01009010
44155, 0.01009030
44156, 0.01009050
44157, 0.01009070
44158, 0.01009090
44159, 0.01009120
44160, 0.01009140
44161, 0.01009160
44162, 0.01009180
44163, 0.01009200
44164, 0.01009220
44165, 0.01009240
44166, 0.01009260
44167, 0.01009280
44168, 0.01009300
44169, 0.01009320
44170, 0.01009340
44171, 0.01009360
44172, 0.01009380
44173, 0.01009400
44174, 0.01009420
44175, 0.01009440
44176, 0.01009460
44177, 0.01009480
44178, 0.01009500
44179, 0.01009520
44180, 0.01009550
44181, 0.01009570
44182, 0.01009590
44183, 0.01009610
44184, 0.01009630
44185, 0.01009650
44186, 0.01009670
44187, 0.01009690
44188, 0.01009710
44189, 0.01009730
44190, 0.01009750
44191, 0.01009770
44192, 0.01009790
44193, 0.01009810
44194, 0.01009830
44195, 0.01009850
44196, 0.01009870
44197, 0.01009890
44198, 0.01009910
44199, 0.01009930
44200, 0.01009950
44201, 0.01009970
44202, 0.01010000
44203, 0.01010020
44204, 0.01010040
44205, 0.01010060
44206, 0.01010080
44207, 0.01010100
44208, 0.01010120
44209, 0.01010140
44210, 0.01010160
44211, 0.01010180
44212, 0.01010240
44213, 0.01010260
44214, 0.01010280
44215, 0.01010300
44216, 0.01010320
44217, 0.01010340
44218, 0.01010360
44219, 0.01010380
44220, 0.01010400
44221, 0.01010420
44222, 0.01010450
44223, 0.01010470
44224, 0.01010490
44225, 0.01010510
44226, 0.01010540
44227, 0.01010560
44228, 0.01010590
44229, 0.01010610
44230, 0.01010630
44231, 0.01010650
44232, 0.01010670
44233, 0.01010690
44234, 0.01010710
44235, 0.01010730
44236, 0.01010750
44237, 0.01010770
44238, 0.01010790
44239, 0.01010810
44240, 0.01010830
44241, 0.01010850
44242, 0.01010870
44243, 0.01010890
44244, 0.01010910
44245, 0.01010940
44246, 0.01010960
44247, 0.01010980
44248, 0.01011000
44249, 0.01011020
44250, 0.01011040
44251, 0.01011060
44252, 0.01011080
44253, 0.01011100
44254, 0.01011120
44255, 0.01011140
44256, 0.01011160
44257, 0.01011180
44258, 0.01011200
44259, 0.01011220
44260, 0.01011240
44261, 0.01011260
44262, 0.01011280
44263, 0.01011300
44264, 0.01011320
44265, 0.01011340
44266, 0.01011370
44267, 0.01011390
44268, 0.01011410
44269, 0.01011430
44270, 0.01011450
44271, 0.01011470
44272, 0.01011490
44273, 0.01011510
44274, 0.01011530
44275, 0.01011550
44276, 0.01011570
44277, 0.01011590
44278, 0.01011610
44279, 0.01011630
44280, 0.01011650
44281, 0.01011680
44282, 0.01011700
44283, 0.01011720
44284, 0.01011740
44285, 0.01011760
44286, 0.01011780
44287, 0.01011800
44288, 0.01011820
44289, 0.01011840
44290, 0.01011860
44291, 0.01011880
44292, 0.01011900
44293, 0.01011920
44294, 0.01011940
44295, 0.01011960
44296, 0.01011980
44297, 0.01012000
44298, 0.01012020
44299, 0.01012040
44300, 0.01012060
44301, 0.01012080
44302, 0.01012110
44303, 0.01012130
44304, 0.01012150
44305, 0.01012170
44306, 0.01012190
44307, 0.01012210
44308, 0.01012230
44309, 0.01012250
44310, 0.01012270
44311, 0.01012290
44312, 0.01012310
44313, 0.01012330
44314, 0.01012350
44315, 0.01012370
44316, 0.01012390
44317, 0.01012410
44318, 0.01012430
44319, 0.01012450
44320, 0.01012470
44321, 0.01012490
44322, 0.01012510
44323, 0.01012530
44324, 0.01012550
44325, 0.01012580
44326, 0.01012600
44327, 0.01012620
44328, 0.01012640
44329, 0.01012660
44330, 0.01012680
44331, 0.01012700
44332, 0.01012720
44333, 0.01012740
44334, 0.01012760
44335, 0.01012780
44336, 0.01012800
44337, 0.01012820
44338, 0.01012840
44339, 0.01012860
44340, 0.01012900
44341, 0.01012920
44342, 0.01012940
44343, 0.01012960
44344, 0.01012990
44345, 0.01013010
44346, 0.01013030
44347, 0.01013050
44348, 0.01013070
44349, 0.01013090
44350, 0.01013120
44351, 0.01013140
44352, 0.01013170
44353, 0.01013710
44354, 0.01013760
44355, 0.01013780
44356, 0.01013800
44357, 0.01013820
44358, 0.01013840
44359, 0.01013860
44360, 0.01013890
44361, 0.01013910
44362, 0.01013930
44363, 0.01013950
44364, 0.01013970
44365, 0.01013990
44366, 0.01014010
44367, 0.01014030
44368, 0.01014050
44369, 0.01014070
44370, 0.01014090
44371, 0.01014110
44372, 0.01014130
44373, 0.01014160
44374, 0.01014180
44375, 0.01014200
44376, 0.01014220
44377, 0.01014240
44378, 0.01014260
44379, 0.01014280
44380, 0.01014300
44381, 0.01014320
44382, 0.01014340
44383, 0.01014360
44384, 0.01014380
44385, 0.01014400
44386, 0.01014430
44387, 0.01014450
44388, 0.01014470
44389, 0.01014490
44390, 0.01014510
44391, 0.01014530
44392, 0.01014550
44393, 0.01014570
44394, 0.01014590
44395, 0.01014610
44396, 0.01014630
44397, 0.01014660
44398, 0.01014680
44399, 0.01014700
44400, 0.01014720
44401, 0.01014740
44402, 0.01014760
44403, 0.01014780
44404, 0.01014800
44405, 0.01014820
44406, 0.01014840
44407, 0.01014860
44408, 0.01014890
44409, 0.01014910
44410, 0.01014930
44411, 0.01014950
44412, 0.01014970
44413, 0.01014990
44414, 0.01015010
44415, 0.01015030
44416, 0.01015050
44417, 0.01015070
44418, 0.01015090
44419, 0.01015110
44420, 0.01015130
44421, 0.01015150
44422, 0.01015170
44423, 0.01015200
44424, 0.01015220
44425, 0.01015240
44426, 0.01015260
44427, 0.01015280
44428, 0.01015300
44429, 0.01015320
44430, 0.01015340
44431, 0.01015360
44432, 0.01015380
44433, 0.01015400
44434, 0.01015420
44435, 0.01015440
44436, 0.01015460
44437, 0.01015490
44438, 0.01015510
44439, 0.01015530
44440, 0.01015550
44441, 0.01015570
44442, 0.01015590
44443, 0.01015610
44444, 0.01015630
44445, 0.01015650
44446, 0.01015670
44447, 0.01015690
44448, 0.01015710
44449, 0.01015730
44450, 0.01015750
44451, 0.01015780
44452, 0.01015800
44453, 0.01015820
44454, 0.01015840
44455, 0.01015860
44456, 0.01015880
44457, 0.01015900
44458, 0.01015920
44459, 0.01015940
44460, 0.01015960
44461, 0.01015980
44462, 0.01016000
44463, 0.01016020
44464, 0.01016040
44465, 0.01016060
44466, 0.01016100
44467, 0.01016120
44468, 0.01016140
44469, 0.01016160
44470, 0.01016190
44471, 0.01016210
44472, 0.01016230
44473, 0.01016250
44474, 0.01016270
44475, 0.01016290
44476, 0.01016320
44477, 0.01016340
44478, 0.01016370
44479, 0.01016390
44480, 0.01016410
44481, 0.01016430
44482, 0.01016490
44483, 0.01016510
44484, 0.01016530
44485, 0.01016550
44486, 0.01016570
44487, 0.01016590
44488, 0.01016610
44489, 0.01016630
44490, 0.01016650
44491, 0.01016670
44492, 0.01016700
44493, 0.01016720
44494, 0.01016740
44495, 0.01016760
44496, 0.01016780
44497, 0.01016800
44498, 0.01016820
44499, 0.01016840
44500, 0.01016860
44501, 0.01016880
44502, 0.01016900
44503, 0.01016920
44504, 0.01016940
44505, 0.01016960
44506, 0.01016990
44507, 0.01017010
44508, 0.01017030
44509, 0.01017050
44510, 0.01017070
44511, 0.01017090
44512, 0.01017110
44513, 0.01017130
44514, 0.01017150
44515, 0.01017170
44516, 0.01017190
44517, 0.01017210
44518, 0.01017230
44519, 0.01017250
44520, 0.01017270
44521, 0.01017300
44522, 0.01017320
44523, 0.01017340
44524, 0.01017360
44525, 0.01017380
44526, 0.01017400
44527, 0.01017420
44528, 0.01017440
44529, 0.01017460
44530, 0.01017480
44531, 0.01017500
44532, 0.01017520
44533, 0.01017540
44534, 0.01017570
44535, 0.01017590
44536, 0.01017610
44537, 0.01017630
44538, 0.01017650
44539, 0.01017670
44540, 0.01017690
44541, 0.01017710
44542, 0.01017730
44543, 0.01017750
44544, 0.01017770
44545, 0.01017790
44546, 0.01017810
44547, 0.01017840
44548, 0.01017860
44549, 0.01017880
44550, 0.01017900
44551, 0.01017920
44552, 0.01017940
44553, 0.01017960
44554, 0.01017980
44555, 0.01018000
44556, 0.01018020
44557, 0.01018040
44558, 0.01018060
44559, 0.01018080
44560, 0.01018100
44561, 0.01018120
44562, 0.01018150
44563, 0.01018170
44564, 0.01018190
44565, 0.01018210
44566, 0.01018230
44567, 0.01018250
44568, 0.01018270
44569, 0.01018290
44570, 0.01018310
44571, 0.01018340
44572, 0.01018360
44573, 0.01018380
44574, 0.01018400
44575, 0.01018420
44576, 0.01018440
44577, 0.01018460
44578, 0.01018480
44579, 0.01018500
44580, 0.01018520
44581, 0.01018540
44582, 0.01018560
44583, 0.01018590
44584, 0.01018610
44585, 0.01018630
44586, 0.01018650
44587, 0.01018670
44588, 0.01018690
44589, 0.01018710
44590, 0.01018730
44591, 0.01018750
44592, 0.01018770
44593, 0.01018790
44594, 0.01018850
44595, 0.01018870
44596, 0.01018890
44597, 0.01018910
44598, 0.01018940
44599, 0.01018960
44600, 0.01018980
44601, 0.01019000
44602, 0.01019020
44603, 0.01019040
44604, 0.01019070
44605, 0.01019090
44606, 0.01019110
44607, 0.01019130
44608, 0.01019160
44609, 0.01019180
44610, 0.01019210
44611, 0.01019230
44612, 0.01019250
44613, 0.01019270
44614, 0.01019300
44615, 0.01019320
44616, 0.01019340
44617, 0.01019360
44618, 0.01019380
44619, 0.01019400
44620, 0.01019420
44621, 0.01019440
44622, 0.01019460
44623, 0.01019480
44624, 0.01019500
44625, 0.01019520
44626, 0.01019540
44627, 0.01019560
44628, 0.01019580
44629, 0.01019610
44630, 0.01019630
44631, 0.01019650
44632, 0.01019670
44633, 0.01019690
44634, 0.01019710
44635, 0.01019730
44636, 0.01019750
44637, 0.01019770
44638, 0.01019790
44639, 0.01019810
44640, 0.01019830
44641, 0.01019850
44642, 0.01019870
44643, 0.01019890
44644, 0.01019920
44645, 0.01019940
44646, 0.01019960
44647, 0.01019980
44648, 0.01020000
44649, 0.01020020
44650, 0.01020040
44651, 0.01020060
44652, 0.01020080
44653, 0.01020100
44654, 0.01020120
44655, 0.01020140
44656, 0.01020160
44657, 0.01020180
44658, 0.01020210
44659, 0.01020230
44660, 0.01020250
44661, 0.01020270
44662, 0.01020290
44663, 0.01020310
44664, 0.01020330
44665, 0.01020350
44666, 0.01020370
44667, 0.01020390
44668, 0.01020410
44669, 0.01020440
44670, 0.01020460
44671, 0.01020480
44672, 0.01020500
44673, 0.01020520
44674, 0.01020540
44675, 0.01020560
44676, 0.01020580
44677, 0.01020600
44678, 0.01020620
44679, 0.01020640
44680, 0.01020670
44681, 0.01020690
44682, 0.01020710
44683, 0.01020730
44684, 0.01020750
44685, 0.01020770
44686, 0.01020790
44687, 0.01020810
44688, 0.01020830
44689, 0.01020850
44690, 0.01020870
44691, 0.01020890
44692, 0.01020910
44693, 0.01020930
44694, 0.01020950
44695, 0.01020980
44696, 0.01021000
44697, 0.01021020
44698, 0.01021040
44699, 0.01021060
44700, 0.01021080
44701, 0.01021100
44702, 0.01021120
44703, 0.01021140
44704, 0.01021160
44705, 0.01021180
44706, 0.01021200
44707, 0.01021230
44708, 0.01021250
44709, 0.01021270
44710, 0.01021290
44711, 0.01021310
44712, 0.01021330
44713, 0.01021350
44714, 0.01021370
44715, 0.01021390
44716, 0.01021410
44717, 0.01021430
44718, 0.01021450
44719, 0.01021480
44720, 0.01021500
44721, 0.01021520
44722, 0.01021580
44723, 0.01021600
44724, 0.01021620
44725, 0.01021640
44726, 0.01021660
44727, 0.01021680
44728, 0.01021700
44729, 0.01021720
44730, 0.01021740
44731, 0.01021760
44732, 0.01021790
44733, 0.01021810
44734, 0.01021840
44735, 0.01021860
44736, 0.01021890
44737, 0.01021910
44738, 0.01021940
44739, 0.01021970
44740, 0.01021990
44741, 0.01022010
44742, 0.01022030
44743, 0.01022050
44744, 0.01022070
44745, 0.01022090
44746, 0.01022110
44747, 0.01022130
44748, 0.01022150
44749, 0.01022170
44750, 0.01022190
44751, 0.01022210
44752, 0.01022230
44753, 0.01022260
44754, 0.01022280
44755, 0.01022300
44756, 0.01022320
44757, 0.01022340
44758, 0.01022360
44759, 0.01022380
44760, 0.01022400
44761, 0.01022420
44762, 0.01022440
44763, 0.01022460
44764, 0.01022480
44765, 0.01022500
44766, 0.01022520
44767, 0.01022540
44768, 0.01022570
44769, 0.01022590
44770, 0.01022610
44771, 0.01022630
44772, 0.01022650
44773, 0.01022670
44774, 0.01022690
44775, 0.01022710
44776, 0.01022730
44777, 0.01022750
44778, 0.01022770
44779, 0.01022790
44780, 0.01022810
44781, 0.01022840
44782, 0.01022860
44783, 0.01022880
44784, 0.01022900
44785, 0.01022920
44786, 0.01022940
44787, 0.01022960
44788, 0.01022980
44789, 0.01023000
44790, 0.01023020
44791, 0.01023040
44792, 0.01023060
44793, 0.01023080
44794, 0.01023100
44795, 0.01023130
44796, 0.01023150
44797, 0.01023170
44798, 0.01023190
44799, 0.01023210
44800, 0.01023230
44801, 0.01023250
44802, 0.01023270
44803, 0.01023290
44804, 0.01023310
44805, 0.01023330
44806, 0.01023350
44807, 0.01023370
44808, 0.01023390
44809, 0.01023410
44810, 0.01023430
44811, 0.01023460
44812, 0.01023480
44813, 0.01023500
44814, 0.01023520
44815, 0.01023540
44816, 0.01023560
44817, 0.01023580
44818, 0.01023600
44819, 0.01023620
44820, 0.01023640
44821, 0.01023660
44822, 0.01023680
44823, 0.01023700
44824, 0.01023730
44825, 0.01023750
44826, 0.01023770
44827, 0.01023790
44828, 0.01023810
44829, 0.01023830
44830, 0.01023850
44831, 0.01023870
44832, 0.01023890
44833, 0.01023910
44834, 0.01023930
44835, 0.01023950
44836, 0.01023970
44837, 0.01023990
44838, 0.01024010
44839, 0.01024040
44840, 0.01024060
44841, 0.01024080
44842, 0.01024100
44843, 0.01024120
44844, 0.01024140
44845, 0.01024160
44846, 0.01024180
44847, 0.01024200
44848, 0.01024220
44849, 0.01024240
44850, 0.01024310
44851, 0.01024330
44852, 0.01024360
44853, 0.01024380
44854, 0.01024400
44855, 0.01024420
44856, 0.01024440
44857, 0.01024460
44858, 0.01024480
44859, 0.01024500
44860, 0.01024530
44861, 0.01024550
44862, 0.01024580
44863, 0.01024600
44864, 0.01024630
44865, 0.01024650
44866, 0.01024680
44867, 0.01024700
44868, 0.01024720
44869, 0.01024740
44870, 0.01024760
44871, 0.01024780
44872, 0.01024800
44873, 0.01024820
44874, 0.01024840
44875, 0.01024860
44876, 0.01024880
44877, 0.01024900
44878, 0.01024930
44879, 0.01024950
44880, 0.01024970
44881, 0.01024990
44882, 0.01025010
44883, 0.01025030
44884, 0.01025050
44885, 0.01025070
44886, 0.01025090
44887, 0.01025110
44888, 0.01025130
44889, 0.01025150
44890, 0.01025170
44891, 0.01025190
44892, 0.01025210
44893, 0.01025240
44894, 0.01025260
44895, 0.01025280
44896, 0.01025300
44897, 0.01025320
44898, 0.01025340
44899, 0.01025360
44900, 0.01025380
44901, 0.01025400
44902, 0.01025420
44903, 0.01025440
44904, 0.01025460
44905, 0.01025480
44906, 0.01025500
44907, 0.01025530
44908, 0.01025550
44909, 0.01025570
44910, 0.01025590
44911, 0.01025610
44912, 0.01025630
44913, 0.01025650
44914, 0.01025670
44915, 0.01025690
44916, 0.01025710
44917, 0.01025730
44918, 0.01025750
44919, 0.01025770
44920, 0.01025790
44921, 0.01025810
44922, 0.01025840
44923, 0.01025860
44924, 0.01025880
44925, 0.01025900
44926, 0.01025920
44927, 0.01025940
44928, 0.01025960
44929, 0.01025980
44930, 0.01026000
44931, 0.01026020
44932, 0.01026040
44933, 0.01026060
44934, 0.01026080
44935, 0.01026100
44936, 0.01026120
44937, 0.01026150
44938, 0.01026170
44939, 0.01026190
44940, 0.01026210
44941, 0.01026230
44942, 0.01026250
44943, 0.01026270
44944, 0.01026290
44945, 0.01026310
44946, 0.01026330
44947, 0.01026350
44948, 0.01026370
44949, 0.01026390
44950, 0.01026410
44951, 0.01026440
44952, 0.01026460
44953, 0.01026480
44954, 0.01026500
44955, 0.01026520
44956, 0.01026540
44957, 0.01026560
44958, 0.01026580
44959, 0.01026600
44960, 0.01026620
44961, 0.01026640
44962, 0.01026660
44963, 0.01026680
44964, 0.01026700
44965, 0.01026720
44966, 0.01026740
44967, 0.01026770
44968, 0.01026790
44969, 0.01026810
44970, 0.01026830
44971, 0.01026850
44972, 0.01026870
44973, 0.01026890
44974, 0.01026910
44975, 0.01026930
44976, 0.01026960
44977, 0.01026980
44978, 0.01027010
44979, 0.01027030
44980, 0.01027060
44981, 0.01027080
44982, 0.01027100
44983, 0.01027120
44984, 0.01027140
44985, 0.01027160
44986, 0.01027190
44987, 0.01027210
44988, 0.01027240
44989, 0.01027260
44990, 0.01027280
44991, 0.01027310
44992, 0.01027330
44993, 0.01027350
44994, 0.01027370
44995, 0.01027390
44996, 0.01027410
44997, 0.01027430
44998, 0.01027460
44999, 0.01027480
45000, 0.01027500
45001, 0.01027520
45002, 0.01027540
45003, 0.01027560
45004, 0.01027580
45005, 0.01027600
45006, 0.01027620
45007, 0.01027640
45008, 0.01027660
45009, 0.01027680
45010, 0.01027700
45011, 0.01027720
45012, 0.01027750
45013, 0.01027770
45014, 0.01027790
45015, 0.01027810
45016, 0.01027830
45017, 0.01027850
45018, 0.01027870
45019, 0.01027890
45020, 0.01027910
45021, 0.01027930
45022, 0.01027950
45023, 0.01027970
45024, 0.01027990
45025, 0.01028020
45026, 0.01028040
45027, 0.01028060
45028, 0.01028080
45029, 0.01028100
45030, 0.01028120
45031, 0.01028140
45032, 0.01028160
45033, 0.01028180
45034, 0.01028210
45035, 0.01028230
45036, 0.01028250
45037, 0.01028270
45038, 0.01028290
45039, 0.01028310
45040, 0.01028330
45041, 0.01028350
45042, 0.01028370
45043, 0.01028390
45044, 0.01028410
45045, 0.01028430
45046, 0.01028450
45047, 0.01028470
45048, 0.01028500
45049, 0.01028520
45050, 0.01028540
45051, 0.01028560
45052, 0.01028580
45053, 0.01028600
45054, 0.01028620
45055, 0.01028640
45056, 0.01028660
45057, 0.01028680
45058, 0.01028700
45059, 0.01028720
45060, 0.01028740
45061, 0.01028760
45062, 0.01028780
45063, 0.01028810
45064, 0.01028830
45065, 0.01028850
45066, 0.01028870
45067, 0.01028890
45068, 0.01028910
45069, 0.01028930
45070, 0.01028950
45071, 0.01028970
45072, 0.01028990
45073, 0.01029010
45074, 0.01029030
45075, 0.01029050
45076, 0.01029070
45077, 0.01029100
45078, 0.01029120
45079, 0.01029140
45080, 0.01029160
45081, 0.01029180
45082, 0.01029200
45083, 0.01029220
45084, 0.01029240
45085, 0.01029260
45086, 0.01029280
45087, 0.01029300
45088, 0.01029320
45089, 0.01029340
45090, 0.01029360
45091, 0.01029390
45092, 0.01029410
45093, 0.01029430
45094, 0.01029450
45095, 0.01029470
45096, 0.01029490
45097, 0.01029510
45098, 0.01029530
45099, 0.01029550
45100, 0.01029570
45101, 0.01029590
45102, 0.01029610
45103, 0.01029630
45104, 0.01029660
45105, 0.01029680
45106, 0.01029710
45107, 0.01029730
45108, 0.01029750
45109, 0.01029770
45110, 0.01029790
45111, 0.01029810
45112, 0.01029840
45113, 0.01029860
45114, 0.01029880
45115, 0.01029900
45116, 0.01029930
45117, 0.01029950
45118, 0.01029980
45119, 0.01030000
45120, 0.01030030
45121, 0.01030050
45122, 0.01030070
45123, 0.01030090
45124, 0.01030110
45125, 0.01030130
45126, 0.01030150
45127, 0.01030170
45128, 0.01030190
45129, 0.01030210
45130, 0.01030230
45131, 0.01030250
45132, 0.01030270
45133, 0.01030290
45134, 0.01030310
45135, 0.01030340
45136, 0.01030360
45137, 0.01030380
45138, 0.01030400
45139, 0.01030420
45140, 0.01030440
45141, 0.01030460
45142, 0.01030480
45143, 0.01030500
45144, 0.01030520
45145, 0.01030540
45146, 0.01030560
45147, 0.01030580
45148, 0.01030600
45149, 0.01030620
45150, 0.01030650
45151, 0.01030670
45152, 0.01030690
45153, 0.01030710
45154, 0.01030730
45155, 0.01030750
45156, 0.01030770
45157, 0.01030790
45158, 0.01030810
45159, 0.01030830
45160, 0.01030850
45161, 0.01030870
45162, 0.01030890
45163, 0.01030910
45164, 0.01030930
45165, 0.01030960
45166, 0.01030980
45167, 0.01031000
45168, 0.01031020
45169, 0.01031040
45170, 0.01031060
45171, 0.01031080
45172, 0.01031100
45173, 0.01031120
45174, 0.01031140
45175, 0.01031160
45176, 0.01031180
45177, 0.01031200
45178, 0.01031220
45179, 0.01031240
45180, 0.01031260
45181, 0.01031280
45182, 0.01031310
45183, 0.01031330
45184, 0.01031350
45185, 0.01031370
45186, 0.01031390
45187, 0.01031410
45188, 0.01031430
45189, 0.01031450
45190, 0.01031470
45191, 0.01031490
45192, 0.01031510
45193, 0.01031530
45194, 0.01031550
45195, 0.01031570
45196, 0.01031600
45197, 0.01031620
45198, 0.01031640
45199, 0.01031660
45200, 0.01031680
45201, 0.01031700
45202, 0.01031720
45203, 0.01031740
45204, 0.01031760
45205, 0.01031780
45206, 0.01031800
45207, 0.01031820
45208, 0.01031840
45209, 0.01031860
45210, 0.01031880
45211, 0.01031900
45212, 0.01031930
45213, 0.01031950
45214, 0.01031970
45215, 0.01031990
45216, 0.01032010
45217, 0.01032030
45218, 0.01032050
45219, 0.01032070
45220, 0.01032090
45221, 0.01032110
45222, 0.01032130
45223, 0.01032150
45224, 0.01032170
45225, 0.01032190
45226, 0.01032210
45227, 0.01032230
45228, 0.01032260
45229, 0.01032280
45230, 0.01032300
45231, 0.01032320
45232, 0.01032350
45233, 0.01032370
45234, 0.01032390
45235, 0.01032410
45236, 0.01032430
45237, 0.01032450
45238, 0.01032470
45239, 0.01032490
45240, 0.01032510
45241, 0.01032530
45242, 0.01032560
45243, 0.01032580
45244, 0.01032610
45245, 0.01032630
45246, 0.01032660
45247, 0.01032680
45248, 0.01032700
45249, 0.01032720
45250, 0.01032740
45251, 0.01032760
45252, 0.01032790
45253, 0.01032810
45254, 0.01032830
45255, 0.01032850
45256, 0.01032870
45257, 0.01032890
45258, 0.01032910
45259, 0.01032930
45260, 0.01032950
45261, 0.01032970
45262, 0.01032990
45263, 0.01033010
45264, 0.01033030
45265, 0.01033050
45266, 0.01033080
45267, 0.01033100
45268, 0.01033120
45269, 0.01033140
45270, 0.01033160
45271, 0.01033180
45272, 0.01033200
45273, 0.01033220
45274, 0.01033240
45275, 0.01033260
45276, 0.01033280
45277, 0.01033300
45278, 0.01033320
45279, 0.01033340
45280, 0.01033360
45281, 0.01033390
45282, 0.01033410
45283, 0.01033430
45284, 0.01033450
45285, 0.01033470
45286, 0.01033490
45287, 0.01033510
45288, 0.01033530
45289, 0.01033550
45290, 0.01033570
45291, 0.01033590
45292, 0.01033610
45293, 0.01033630
45294, 0.01033660
45295, 0.01033680
45296, 0.01033700
45297, 0.01033720
45298, 0.01033740
45299, 0.01033760
45300, 0.01033780
45301, 0.01033800
45302, 0.01033820
45303, 0.01033840
45304, 0.01033860
45305, 0.01033880
45306, 0.01033900
45307, 0.01033920
45308, 0.01033940
45309, 0.01033970
45310, 0.01033990
45311, 0.01034010
45312, 0.01034030
45313, 0.01034050
45314, 0.01034070
45315, 0.01034090
45316, 0.01034110
45317, 0.01034130
45318, 0.01034150
45319, 0.01034170
45320, 0.01034190
45321, 0.01034210
45322, 0.01034240
45323, 0.01034260
45324, 0.01034280
45325, 0.01034300
45326, 0.01034320
45327, 0.01034340
45328, 0.01034360
45329, 0.01034380
45330, 0.01034400
45331, 0.01034420
45332, 0.01034440
45333, 0.01034460
45334, 0.01034480
45335, 0.01034500
45336, 0.01034520
45337, 0.01034550
45338, 0.01034570
45339, 0.01034590
45340, 0.01034610
45341, 0.01034630
45342, 0.01034650
45343, 0.01034670
45344, 0.01034690
45345, 0.01034710
45346, 0.01034730
45347, 0.01034750
45348, 0.01034770
45349, 0.01034790
45350, 0.01034820
45351, 0.01034840
45352, 0.01034860
45353, 0.01034880
45354, 0.01034900
45355, 0.01034920
45356, 0.01034940
45357, 0.01034960
45358, 0.01034980
45359, 0.01035000
45360, 0.01035720
45361, 0.01035760
45362, 0.01035810
45363, 0.01035850
45364, 0.01035890
45365, 0.01035920
45366, 0.01035960
45367, 0.01036000
45368, 0.01036030
45369, 0.01036070
45370, 0.01036110
45371, 0.01036150
45372, 0.01036200
45373, 0.01036230
45374, 0.01036270
45375, 0.01036310
45376, 0.01036350
45377, 0.01036390
45378, 0.01036420
45379, 0.01036460
45380, 0.01036490
45381, 0.01036510
45382, 0.01036530
45383, 0.01036550
45384, 0.01036570
45385, 0.01036600
45386, 0.01036620
45387, 0.01036640
45388, 0.01036660
45389, 0.01036680
45390, 0.01036700
45391, 0.01036720
45392, 0.01036740
45393, 0.01036760
45394, 0.01036780
45395, 0.01036800
45396, 0.01036820
45397, 0.01036840
45398, 0.01036860
45399, 0.01036880
45400, 0.01036900
45401, 0.01036930
45402, 0.01036950
45403, 0.01036970
45404, 0.01036990
45405, 0.01037010
45406, 0.01037030
45407, 0.01037050
45408, 0.01037070
45409, 0.01037090
45410, 0.01037110
45411, 0.01037130
45412, 0.01037150
45413, 0.01037170
45414, 0.01037190
45415, 0.01037210
45416, 0.01037230
45417, 0.01037260
45418, 0.01037280
45419, 0.01037300
45420, 0.01037320
45421, 0.01037340
45422, 0.01037360
45423, 0.01037380
45424, 0.01037400
45425, 0.01037420
45426, 0.01037440
45427, 0.01037460
45428, 0.01037480
45429, 0.01037500
45430, 0.01037520
45431, 0.01037540
45432, 0.01037560
45433, 0.01037580
45434, 0.01037610
45435, 0.01037630
45436, 0.01037650
45437, 0.01037670
45438, 0.01037690
45439, 0.01037710
45440, 0.01037730
45441, 0.01037750
45442, 0.01037770
45443, 0.01037790
45444, 0.01037810
45445, 0.01037830
45446, 0.01037860
45447, 0.01037880
45448, 0.01037900
45449, 0.01037920
45450, 0.01037940
45451, 0.01037960
45452, 0.01037980
45453, 0.01038000
45454, 0.01038020
45455, 0.01038040
45456, 0.01038060
45457, 0.01038080
45458, 0.01038100
45459, 0.01038120
45460, 0.01038150
45461, 0.01038170
45462, 0.01038190
45463, 0.01038210
45464, 0.01038230
45465, 0.01038250
45466, 0.01038270
45467, 0.01038290
45468, 0.01038310
45469, 0.01038330
45470, 0.01038350
45471, 0.01038370
45472, 0.01038390
45473, 0.01038410
45474, 0.01038430
45475, 0.01038450
45476, 0.01038470
45477, 0.01038500
45478, 0.01038520
45479, 0.01038540
45480, 0.01038560
45481, 0.01038580
45482, 0.01038600
45483, 0.01038620
45484, 0.01038640
45485, 0.01038660
45486, 0.01038690
45487, 0.01038710
45488, 0.01038730
45489, 0.01038750
45490, 0.01038780
45491, 0.01038800
45492, 0.01038820
45493, 0.01038840
45494, 0.01038860
45495, 0.01038880
45496, 0.01038910
45497, 0.01038930
45498, 0.01038950
45499, 0.01038980
45500, 0.01039000
45501, 0.01039020
45502, 0.01039050
45503, 0.01039070
45504, 0.01039090
45505, 0.01039110
45506, 0.01039130
45507, 0.01039150
45508, 0.01039170
45509, 0.01039190
45510, 0.01039220
45511, 0.01039240
45512, 0.01039260
45513, 0.01039280
45514, 0.01039300
45515, 0.01039320
45516, 0.01039340
45517, 0.01039360
45518, 0.01039380
45519, 0.01039400
45520, 0.01039420
45521, 0.01039440
45522, 0.01039460
45523, 0.01039480
45524, 0.01039500
45525, 0.01039520
45526, 0.01039540
45527, 0.01039570
45528, 0.01039590
45529, 0.01039610
45530, 0.01039630
45531, 0.01039650
45532, 0.01039670
45533, 0.01039690
45534, 0.01039710
45535, 0.01039730
45536, 0.01039750
45537, 0.01039770
45538, 0.01039790
45539, 0.01039810
45540, 0.01039830
45541, 0.01039850
45542, 0.01039870
45543, 0.01039890
45544, 0.01039920
45545, 0.01039940
45546, 0.01039960
45547, 0.01039980
45548, 0.01040000
45549, 0.01040020
45550, 0.01040040
45551, 0.01040060
45552, 0.01040080
45553, 0.01040100
45554, 0.01040120
45555, 0.01040140
45556, 0.01040160
45557, 0.01040180
45558, 0.01040200
45559, 0.01040220
45560, 0.01040240
45561, 0.01040270
45562, 0.01040290
45563, 0.01040310
45564, 0.01040330
45565, 0.01040350
45566, 0.01040370
45567, 0.01040390
45568, 0.01040410
45569, 0.01040430
45570, 0.01040450
45571, 0.01040470
45572, 0.01040490
45573, 0.01040510
45574, 0.01040530
45575, 0.01040550
45576, 0.01040570
45577, 0.01040590
45578, 0.01040620
45579, 0.01040640
45580, 0.01040660
45581, 0.01040680
45582, 0.01040700
45583, 0.01040720
45584, 0.01040740
45585, 0.01040760
45586, 0.01040780
45587, 0.01040800
45588, 0.01040820
45589, 0.01040840
45590, 0.01040860
45591, 0.01040880
45592, 0.01040900
45593, 0.01040920
45594, 0.01040940
45595, 0.01040970
45596, 0.01040990
45597, 0.01041010
45598, 0.01041030
45599, 0.01041050
45600, 0.01041070
45601, 0.01041090
45602, 0.01041110
45603, 0.01041130
45604, 0.01041150
45605, 0.01041170
45606, 0.01041190
45607, 0.01041210
45608, 0.01041230
45609, 0.01041250
45610, 0.01041270
45611, 0.01041290
45612, 0.01041310
45613, 0.01041340
45614, 0.01041360
45615, 0.01041390
45616, 0.01041410
45617, 0.01041430
45618, 0.01041460
45619, 0.01041480
45620, 0.01041500
45621, 0.01041520
45622, 0.01041540
45623, 0.01041560
45624, 0.01041590
45625, 0.01041610
45626, 0.01041640
45627, 0.01041660
45628, 0.01041690
45629, 0.01041710
45630, 0.01041740
45631, 0.01041760
45632, 0.01041780
45633, 0.01041800
45634, 0.01041820
45635, 0.01041840
45636, 0.01041860
45637, 0.01041880
45638, 0.01041900
45639, 0.01041920
45640, 0.01041940
45641, 0.01041970
45642, 0.01041990
45643, 0.01042010
45644, 0.01042030
45645, 0.01042050
45646, 0.01042070
45647, 0.01042090
45648, 0.01042110
45649, 0.01042130
45650, 0.01042150
45651, 0.01042170
45652, 0.01042190
45653, 0.01042210
45654, 0.01042230
45655, 0.01042250
45656, 0.01042270
45657, 0.01042290
45658, 0.01042320
45659, 0.01042340
45660, 0.01042360
45661, 0.01042380
45662, 0.01042400
45663, 0.01042420
45664, 0.01042440
45665, 0.01042460
45666, 0.01042480
45667, 0.01042500
45668, 0.01042520
45669, 0.01042540
45670, 0.01042560
45671, 0.01042580
45672, 0.01042600
45673, 0.01042630
45674, 0.01042650
45675, 0.01042670
45676, 0.01042690
45677, 0.01042710
45678, 0.01042730
45679, 0.01042750
45680, 0.01042770
45681, 0.01042790
45682, 0.01042810
45683, 0.01042830
45684, 0.01042850
45685, 0.01042870
45686, 0.01042890
45687, 0.01042910
45688, 0.01042940
45689, 0.01042960
45690, 0.01042980
45691, 0.01043000
45692, 0.01043020
45693, 0.01043040
45694, 0.01043060
45695, 0.01043080
45696, 0.01043100
45697, 0.01043120
45698, 0.01043140
45699, 0.01043160
45700, 0.01043180
45701, 0.01043200
45702, 0.01043220
45703, 0.01043250
45704, 0.01043270
45705, 0.01043290
45706, 0.01043310
45707, 0.01043330
45708, 0.01043350
45709, 0.01043370
45710, 0.01043390
45711, 0.01043410
45712, 0.01043430
45713, 0.01043450
45714, 0.01043470
45715, 0.01043490
45716, 0.01043510
45717, 0.01043530
45718, 0.01043550
45719, 0.01043570
45720, 0.01043600
45721, 0.01043620
45722, 0.01043640
45723, 0.01043660
45724, 0.01043680
45725, 0.01043700
45726, 0.01043720
45727, 0.01043740
45728, 0.01043760
45729, 0.01043780
45730, 0.01043800
45731, 0.01043820
45732, 0.01043840
45733, 0.01043860
45734, 0.01043880
45735, 0.01043900
45736, 0.01043920
45737, 0.01043940
45738, 0.01043970
45739, 0.01043990
45740, 0.01044010
45741, 0.01044030
45742, 0.01044060
45743, 0.01044080
45744, 0.01044100
45745, 0.01044120
45746, 0.01044140
45747, 0.01044160
45748, 0.01044180
45749, 0.01044200
45750, 0.01044220
45751, 0.01044240
45752, 0.01044270
45753, 0.01044290
45754, 0.01044320
45755, 0.01044340
45756, 0.01044370
45757, 0.01044390
45758, 0.01044410
45759, 0.01044430
45760, 0.01044460
45761, 0.01044480
45762, 0.01044500
45763, 0.01044520
45764, 0.01044540
45765, 0.01044560
45766, 0.01044580
45767, 0.01044600
45768, 0.01044620
45769, 0.01044640
45770, 0.01044660
45771, 0.01044680
45772, 0.01044700
45773, 0.01044720
45774, 0.01044740
45775, 0.01044760
45776, 0.01044780
45777, 0.01044810
45778, 0.01044830
45779, 0.01044850
45780, 0.01044870
45781, 0.01044890
45782, 0.01044910
45783, 0.01044930
45784, 0.01044950
45785, 0.01044970
45786, 0.01044990
45787, 0.01045010
45788, 0.01045030
45789, 0.01045050
45790, 0.01045070
45791, 0.01045090
45792, 0.01045110
45793, 0.01045130
45794, 0.01045150
45795, 0.01045180
45796, 0.01045200
45797, 0.01045220
45798, 0.01045240
45799, 0.01045260
45800, 0.01045280
45801, 0.01045300
45802, 0.01045320
45803, 0.01045340
45804, 0.01045360
45805, 0.01045380
45806, 0.01045400
45807, 0.01045420
45808, 0.01045440
45809, 0.01045470
45810, 0.01045490
45811, 0.01045510
45812, 0.01045540
45813, 0.01045560
45814, 0.01045580
45815, 0.01045600
45816, 0.01045630
45817, 0.01045650
45818, 0.01045670
45819, 0.01045690
45820, 0.01045710
45821, 0.01045730
45822, 0.01045750
45823, 0.01045770
45824, 0.01045790
45825, 0.01045820
45826, 0.01045840
45827, 0.01045860
45828, 0.01045880
45829, 0.01045900
45830, 0.01045920
45831, 0.01045940
45832, 0.01045960
45833, 0.01045980
45834, 0.01046000
45835, 0.01046020
45836, 0.01046040
45837, 0.01046060
45838, 0.01046080
45839, 0.01046100
45840, 0.01046120
45841, 0.01046140
45842, 0.01046160
45843, 0.01046190
45844, 0.01046210
45845, 0.01046230
45846, 0.01046250
45847, 0.01046270
45848, 0.01046290
45849, 0.01046310
45850, 0.01046330
45851, 0.01046350
45852, 0.01046370
45853, 0.01046390
45854, 0.01046410
45855, 0.01046430
45856, 0.01046450
45857, 0.01046470
45858, 0.01046490
45859, 0.01046520
45860, 0.01046540
45861, 0.01046560
45862, 0.01046580
45863, 0.01046600
45864, 0.01046620
45865, 0.01046640
45866, 0.01046660
45867, 0.01046680
45868, 0.01046700
45869, 0.01046720
45870, 0.01046760
45871, 0.01046790
45872, 0.01046810
45873, 0.01046830
45874, 0.01046850
45875, 0.01046870
45876, 0.01046890
45877, 0.01046910
45878, 0.01046940
45879, 0.01046960
45880, 0.01046990
45881, 0.01047010
45882, 0.01047030
45883, 0.01047050
45884, 0.01047080
45885, 0.01047100
45886, 0.01047130
45887, 0.01047150
45888, 0.01047170
45889, 0.01047190
45890, 0.01047210
45891, 0.01047230
45892, 0.01047250
45893, 0.01047270
45894, 0.01047290
45895, 0.01047320
45896, 0.01047340
45897, 0.01047360
45898, 0.01047380
45899, 0.01047400
45900, 0.01047420
45901, 0.01047440
45902, 0.01047460
45903, 0.01047480
45904, 0.01047500
45905, 0.01047520
45906, 0.01047540
45907, 0.01047560
45908, 0.01047580
45909, 0.01047600
45910, 0.01047620
45911, 0.01047650
45912, 0.01047670
45913, 0.01047690
45914, 0.01047710
45915, 0.01047730
45916, 0.01047750
45917, 0.01047770
45918, 0.01047790
45919, 0.01047810
45920, 0.01047830
45921, 0.01047850
45922, 0.01047870
45923, 0.01047890
45924, 0.01047910
45925, 0.01047930
45926, 0.01047950
45927, 0.01047980
45928, 0.01048000
45929, 0.01048020
45930, 0.01048040
45931, 0.01048060
45932, 0.01048080
45933, 0.01048100
45934, 0.01048120
45935, 0.01048140
45936, 0.01048160
45937, 0.01048180
45938, 0.01048200
45939, 0.01048220
45940, 0.01048250
45941, 0.01048270
45942, 0.01048290
45943, 0.01048310
45944, 0.01048330
45945, 0.01048350
45946, 0.01048370
45947, 0.01048390
45948, 0.01048410
45949, 0.01048430
45950, 0.01048450
45951, 0.01048470
45952, 0.01048490
45953, 0.01048510
45954, 0.01048530
45955, 0.01048550
45956, 0.01048570
45957, 0.01048590
45958, 0.01048620
45959, 0.01048640
45960, 0.01048660
45961, 0.01048680
45962, 0.01048700
45963, 0.01048720
45964, 0.01048740
45965, 0.01048760
45966, 0.01048780
45967, 0.01048800
45968, 0.01048820
45969, 0.01048840
45970, 0.01048860
45971, 0.01048880
45972, 0.01048900
45973, 0.01048920
45974, 0.01048940
45975, 0.01048970
45976, 0.01048990
45977, 0.01049010
45978, 0.01049030
45979, 0.01049050
45980, 0.01049070
45981, 0.01049090
45982, 0.01049110
45983, 0.01049130
45984, 0.01049150
45985, 0.01049170
45986, 0.01049190
45987, 0.01049210
45988, 0.01049230
45989, 0.01049250
45990, 0.01049270
45991, 0.01049290
45992, 0.01049310
45993, 0.01049340
45994, 0.01049360
45995, 0.01049380
45996, 0.01049410
45997, 0.01049430
45998, 0.01049450
45999, 0.01049470
46000, 0.01049500
46001, 0.01049520
46002, 0.01049540
46003, 0.01049560
46004, 0.01049580
46005, 0.01049600
46006, 0.01049650
46007, 0.01049670
46008, 0.01049690
46009, 0.01049710
46010, 0.01049740
46011, 0.01049760
46012, 0.01049790
46013, 0.01049810
46014, 0.01049830
46015, 0.01049850
46016, 0.01049870
46017, 0.01049890
46018, 0.01049910
46019, 0.01049930
46020, 0.01049950
46021, 0.01049970
46022, 0.01049990
46023, 0.01050020
46024, 0.01050040
46025, 0.01050060
46026, 0.01050080
46027, 0.01050100
46028, 0.01050120
46029, 0.01050140
46030, 0.01050160
46031, 0.01050180
46032, 0.01050200
46033, 0.01050220
46034, 0.01050240
46035, 0.01050260
46036, 0.01050280
46037, 0.01050300
46038, 0.01050320
46039, 0.01050340
46040, 0.01050360
46041, 0.01050390
46042, 0.01050410
46043, 0.01050430
46044, 0.01050450
46045, 0.01050470
46046, 0.01050490
46047, 0.01050510
46048, 0.01050530
46049, 0.01050550
46050, 0.01050570
46051, 0.01050590
46052, 0.01050610
46053, 0.01050630
46054, 0.01050650
46055, 0.01050670
46056, 0.01050690
46057, 0.01050720
46058, 0.01050740
46059, 0.01050760
46060, 0.01050780
46061, 0.01050800
46062, 0.01050820
46063, 0.01050840
46064, 0.01050860
46065, 0.01050880
46066, 0.01050900
46067, 0.01050920
46068, 0.01050940
46069, 0.01050960
46070, 0.01050980
46071, 0.01051000
46072, 0.01051020
46073, 0.01051050
46074, 0.01051070
46075, 0.01051090
46076, 0.01051110
46077, 0.01051130
46078, 0.01051150
46079, 0.01051170
46080, 0.01051190
46081, 0.01051210
46082, 0.01051230
46083, 0.01051250
46084, 0.01051270
46085, 0.01051290
46086, 0.01051310
46087, 0.01051330
46088, 0.01051350
46089, 0.01051370
46090, 0.01051390
46091, 0.01051420
46092, 0.01051440
46093, 0.01051460
46094, 0.01051480
46095, 0.01051500
46096, 0.01051520
46097, 0.01051540
46098, 0.01051560
46099, 0.01051580
46100, 0.01051600
46101, 0.01051620
46102, 0.01051640
46103, 0.01051660
46104, 0.01051680
46105, 0.01051700
46106, 0.01051720
46107, 0.01051740
46108, 0.01051760
46109, 0.01051790
46110, 0.01051810
46111, 0.01051830
46112, 0.01051850
46113, 0.01051870
46114, 0.01051890
46115, 0.01051910
46116, 0.01051930
46117, 0.01051950
46118, 0.01051970
46119, 0.01051990
46120, 0.01052010
46121, 0.01052030
46122, 0.01052050
46123, 0.01052070
46124, 0.01052100
46125, 0.01052120
46126, 0.01052140
46127, 0.01052170
46128, 0.01052190
46129, 0.01052210
46130, 0.01052230
46131, 0.01052250
46132, 0.01052270
46133, 0.01052290
46134, 0.01052320
46135, 0.01052340
46136, 0.01052380
46137, 0.01052400
46138, 0.01052430
46139, 0.01052450
46140, 0.01052480
46141, 0.01052500
46142, 0.01052520
46143, 0.01052540
46144, 0.01052560
46145, 0.01052580
46146, 0.01052600
46147, 0.01052620
46148, 0.01052640
46149, 0.01052660
46150, 0.01052680
46151, 0.01052700
46152, 0.01052720
46153, 0.01052750
46154, 0.01052770
46155, 0.01052790
46156, 0.01052810
46157, 0.01052830
46158, 0.01052850
46159, 0.01052870
46160, 0.01052890
46161, 0.01052910
46162, 0.01052930
46163, 0.01052950
46164, 0.01052970
46165, 0.01052990
46166, 0.01053010
46167, 0.01053030
46168, 0.01053050
46169, 0.01053080
46170, 0.01053100
46171, 0.01053120
46172, 0.01053140
46173, 0.01053160
46174, 0.01053180
46175, 0.01053200
46176, 0.01053220
46177, 0.01053240
46178, 0.01053260
46179, 0.01053280
46180, 0.01053300
46181, 0.01053320
46182, 0.01053340
46183, 0.01053360
46184, 0.01053380
46185, 0.01053400
46186, 0.01053430
46187, 0.01053450
46188, 0.01053470
46189, 0.01053490
46190, 0.01053510
46191, 0.01053530
46192, 0.01053550
46193, 0.01053570
46194, 0.01053590
46195, 0.01053610
46196, 0.01053630
46197, 0.01053650
46198, 0.01053670
46199, 0.01053690
46200, 0.01053710
46201, 0.01053740
46202, 0.01053760
46203, 0.01053780
46204, 0.01053800
46205, 0.01053820
46206, 0.01053840
46207, 0.01053860
46208, 0.01053880
46209, 0.01053900
46210, 0.01053920
46211, 0.01053940
46212, 0.01053960
46213, 0.01053980
46214, 0.01054000
46215, 0.01054020
46216, 0.01054040
46217, 0.01054070
46218, 0.01054090
46219, 0.01054110
46220, 0.01054130
46221, 0.01054150
46222, 0.01054170
46223, 0.01054190
46224, 0.01054210
46225, 0.01054230
46226, 0.01054250
46227, 0.01054270
46228, 0.01054290
46229, 0.01054310
46230, 0.01054330
46231, 0.01054350
46232, 0.01054370
46233, 0.01054390
46234, 0.01054410
46235, 0.01054440
46236, 0.01054460
46237, 0.01054480
46238, 0.01054500
46239, 0.01054520
46240, 0.01054540
46241, 0.01054560
46242, 0.01054580
46243, 0.01054600
46244, 0.01054620
46245, 0.01054640
46246, 0.01054660
46247, 0.01054680
46248, 0.01054700
46249, 0.01054720
46250, 0.01054740
46251, 0.01054760
46252, 0.01054790
46253, 0.01054820
46254, 0.01054840
46255, 0.01054860
46256, 0.01054880
46257, 0.01054900
46258, 0.01054920
46259, 0.01054940
46260, 0.01054960
46261, 0.01054980
46262, 0.01055010
46263, 0.01055030
46264, 0.01055060
46265, 0.01055080
46266, 0.01055100
46267, 0.01055120
46268, 0.01055150
46269, 0.01055170
46270, 0.01055190
46271, 0.01055210
46272, 0.01055230
46273, 0.01055250
46274, 0.01055270
46275, 0.01055290
46276, 0.01055310
46277, 0.01055340
46278, 0.01055360
46279, 0.01055380
46280, 0.01055400
46281, 0.01055420
46282, 0.01055440
46283, 0.01055460
46284, 0.01055480
46285, 0.01055500
46286, 0.01055520
46287, 0.01055540
46288, 0.01055560
46289, 0.01055580
46290, 0.01055600
46291, 0.01055620
46292, 0.01055640
46293, 0.01055670
46294, 0.01055690
46295, 0.01055710
46296, 0.01055730
46297, 0.01055750
46298, 0.01055770
46299, 0.01055790
46300, 0.01055810
46301, 0.01055830
46302, 0.01055850
46303, 0.01055870
46304, 0.01055890
46305, 0.01055910
46306, 0.01055930
46307, 0.01055950
46308, 0.01055970
46309, 0.01055990
46310, 0.01056010
46311, 0.01056040
46312, 0.01056060
46313, 0.01056080
46314, 0.01056100
46315, 0.01056120
46316, 0.01056140
46317, 0.01056160
46318, 0.01056180
46319, 0.01056200
46320, 0.01056220
46321, 0.01056240
46322, 0.01056260
46323, 0.01056280
46324, 0.01056300
46325, 0.01056320
46326, 0.01056340
46327, 0.01056370
46328, 0.01056390
46329, 0.01056410
46330, 0.01056430
46331, 0.01056450
46332, 0.01056470
46333, 0.01056490
46334, 0.01056510
46335, 0.01056530
46336, 0.01056550
46337, 0.01056570
46338, 0.01056590
46339, 0.01056610
46340, 0.01056630
46341, 0.01056650
46342, 0.01056670
46343, 0.01056690
46344, 0.01056720
46345, 0.01056740
46346, 0.01056760
46347, 0.01056780
46348, 0.01056800
46349, 0.01056820
46350, 0.01056840
46351, 0.01056860
46352, 0.01056880
46353, 0.01056900
46354, 0.01056920
46355, 0.01056940
46356, 0.01056960
46357, 0.01056980
46358, 0.01057000
46359, 0.01057020
46360, 0.01057040
46361, 0.01057060
46362, 0.01057090
46363, 0.01057110
46364, 0.01057130
46365, 0.01057150
46366, 0.01057170
46367, 0.01057190
46368, 0.01057210
46369, 0.01057230
46370, 0.01057250
46371, 0.01057270
46372, 0.01057290
46373, 0.01057310
46374, 0.01057330
46375, 0.01057350
46376, 0.01057370
46377, 0.01057390
46378, 0.01057420
46379, 0.01057440
46380, 0.01057470
46381, 0.01057490
46382, 0.01057520
46383, 0.01057540
46384, 0.01057560
46385, 0.01057580
46386, 0.01057600
46387, 0.01057620
46388, 0.01057650
46389, 0.01057670
46390, 0.01057700
46391, 0.01057720
46392, 0.01057750
46393, 0.01057770
46394, 0.01057790
46395, 0.01057810
46396, 0.01057850
46397, 0.01057870
46398, 0.01057890
46399, 0.01057910
46400, 0.01057930
46401, 0.01057950
46402, 0.01057970
46403, 0.01057990
46404, 0.01058010
46405, 0.01058030
46406, 0.01058050
46407, 0.01058080
46408, 0.01058100
46409, 0.01058120
46410, 0.01058140
46411, 0.01058160
46412, 0.01058180
46413, 0.01058200
46414, 0.01058220
46415, 0.01058240
46416, 0.01058260
46417, 0.01058280
46418, 0.01058300
46419, 0.01058320
46420, 0.01058340
46421, 0.01058360
46422, 0.01058380
46423, 0.01058400
46424, 0.01058430
46425, 0.01058450
46426, 0.01058470
46427, 0.01058490
46428, 0.01058510
46429, 0.01058530
46430, 0.01058550
46431, 0.01058570
46432, 0.01058590
46433, 0.01058610
46434, 0.01058630
46435, 0.01058650
46436, 0.01058670
46437, 0.01058690
46438, 0.01058710
46439, 0.01058730
46440, 0.01058750
46441, 0.01058770
46442, 0.01058800
46443, 0.01058820
46444, 0.01058840
46445, 0.01058860
46446, 0.01058880
46447, 0.01058900
46448, 0.01058920
46449, 0.01058940
46450, 0.01058960
46451, 0.01058980
46452, 0.01059000
46453, 0.01059020
46454, 0.01059040
46455, 0.01059060
46456, 0.01059080
46457, 0.01059100
46458, 0.01059120
46459, 0.01059150
46460, 0.01059170
46461, 0.01059190
46462, 0.01059210
46463, 0.01059230
46464, 0.01059250
46465, 0.01059270
46466, 0.01059290
46467, 0.01059310
46468, 0.01059330
46469, 0.01059350
46470, 0.01059370
46471, 0.01059390
46472, 0.01059410
46473, 0.01059430
46474, 0.01059450
46475, 0.01059470
46476, 0.01059500
46477, 0.01059520
46478, 0.01059540
46479, 0.01059560
46480, 0.01059580
46481, 0.01059600
46482, 0.01059620
46483, 0.01059640
46484, 0.01059660
46485, 0.01059680
46486, 0.01059700
46487, 0.01059720
46488, 0.01059740
46489, 0.01059760
46490, 0.01059780
46491, 0.01059800
46492, 0.01059820
46493, 0.01059850
46494, 0.01059870
46495, 0.01059890
46496, 0.01059910
46497, 0.01059930
46498, 0.01059950
46499, 0.01059970
46500, 0.01059990
46501, 0.01060010
46502, 0.01060030
46503, 0.01060050
46504, 0.01060070
46505, 0.01060090
46506, 0.01060120
46507, 0.01060150
46508, 0.01060170
46509, 0.01060190
46510, 0.01060220
46511, 0.01060240
46512, 0.01060260
46513, 0.01060280
46514, 0.01060300
46515, 0.01060320
46516, 0.01060350
46517, 0.01060370
46518, 0.01060400
46519, 0.01060420
46520, 0.01060450
46521, 0.01060470
46522, 0.01060490
46523, 0.01060520
46524, 0.01060540
46525, 0.01060560
46526, 0.01060580
46527, 0.01060600
46528, 0.01060620
46529, 0.01060640
46530, 0.01060660
46531, 0.01060680
46532, 0.01060700
46533, 0.01060720
46534, 0.01060740
46535, 0.01060760
46536, 0.01060780
46537, 0.01060800
46538, 0.01060820
46539, 0.01060840
46540, 0.01060860
46541, 0.01060890
46542, 0.01060910
46543, 0.01060930
46544, 0.01060950
46545, 0.01060970
46546, 0.01060990
46547, 0.01061010
46548, 0.01061030
46549, 0.01061050
46550, 0.01061070
46551, 0.01061090
46552, 0.01061110
46553, 0.01061130
46554, 0.01061150
46555, 0.01061170
46556, 0.01061190
46557, 0.01061220
46558, 0.01061240
46559, 0.01061260
46560, 0.01061280
46561, 0.01061300
46562, 0.01061320
46563, 0.01061340
46564, 0.01061360
46565, 0.01061380
46566, 0.01061400
46567, 0.01061420
46568, 0.01061440
46569, 0.01061460
46570, 0.01061480
46571, 0.01061500
46572, 0.01061520
46573, 0.01061540
46574, 0.01061560
46575, 0.01061590
46576, 0.01061610
46577, 0.01061630
46578, 0.01061650
46579, 0.01061670
46580, 0.01061690
46581, 0.01061710
46582, 0.01061730
46583, 0.01061750
46584, 0.01061770
46585, 0.01061790
46586, 0.01061810
46587, 0.01061830
46588, 0.01061850
46589, 0.01061870
46590, 0.01061890
46591, 0.01061910
46592, 0.01061930
46593, 0.01061960
46594, 0.01061980
46595, 0.01062000
46596, 0.01062020
46597, 0.01062040
46598, 0.01062060
46599, 0.01062080
46600, 0.01062100
46601, 0.01062120
46602, 0.01062140
46603, 0.01062160
46604, 0.01062180
46605, 0.01062200
46606, 0.01062220
46607, 0.01062240
46608, 0.01062260
46609, 0.01062280
46610, 0.01062310
46611, 0.01062330
46612, 0.01062350
46613, 0.01062370
46614, 0.01062390
46615, 0.01062410
46616, 0.01062430
46617, 0.01062450
46618, 0.01062470
46619, 0.01062490
46620, 0.01062510
46621, 0.01062530
46622, 0.01062560
46623, 0.01062580
46624, 0.01062600
46625, 0.01062620
46626, 0.01062640
46627, 0.01062660
46628, 0.01062680
46629, 0.01062700
46630, 0.01062720
46631, 0.01062740
46632, 0.01062760
46633, 0.01062780
46634, 0.01062810
46635, 0.01062830
46636, 0.01062850
46637, 0.01062870
46638, 0.01062900
46639, 0.01062920
46640, 0.01062940
46641, 0.01062960
46642, 0.01062980
46643, 0.01063000
46644, 0.01063030
46645, 0.01063050
46646, 0.01063080
46647, 0.01063100
46648, 0.01063120
46649, 0.01063150
46650, 0.01063170
46651, 0.01063190
46652, 0.01063210
46653, 0.01063230
46654, 0.01063250
46655, 0.01063270
46656, 0.01063290
46657, 0.01063320
46658, 0.01063340
46659, 0.01063360
46660, 0.01063380
46661, 0.01063400
46662, 0.01063420
46663, 0.01063440
46664, 0.01063460
46665, 0.01063480
46666, 0.01063500
46667, 0.01063520
46668, 0.01063540
46669, 0.01063560
46670, 0.01063580
46671, 0.01063600
46672, 0.01063620
46673, 0.01063650
46674, 0.01063670
46675, 0.01063690
46676, 0.01063710
46677, 0.01063730
46678, 0.01063750
46679, 0.01063770
46680, 0.01063790
46681, 0.01063810
46682, 0.01063830
46683, 0.01063850
46684, 0.01063870
46685, 0.01063890
46686, 0.01063910
46687, 0.01063930
46688, 0.01063950
46689, 0.01063970
46690, 0.01064000
46691, 0.01064020
46692, 0.01064040
46693, 0.01064060
46694, 0.01064080
46695, 0.01064100
46696, 0.01064120
46697, 0.01064140
46698, 0.01064160
46699, 0.01064180
46700, 0.01064200
46701, 0.01064220
46702, 0.01064240
46703, 0.01064260
46704, 0.01064280
46705, 0.01064300
46706, 0.01064320
46707, 0.01064340
46708, 0.01064370
46709, 0.01064390
46710, 0.01064410
46711, 0.01064430
46712, 0.01064450
46713, 0.01064470
46714, 0.01064490
46715, 0.01064510
46716, 0.01064530
46717, 0.01064550
46718, 0.01064570
46719, 0.01064590
46720, 0.01064610
46721, 0.01064640
46722, 0.01064660
46723, 0.01064680
46724, 0.01064700
46725, 0.01064720
46726, 0.01064740
46727, 0.01064760
46728, 0.01064780
46729, 0.01064800
46730, 0.01064820
46731, 0.01064840
46732, 0.01064860
46733, 0.01064880
46734, 0.01064900
46735, 0.01064920
46736, 0.01064950
46737, 0.01064970
46738, 0.01064990
46739, 0.01065010
46740, 0.01065030
46741, 0.01065050
46742, 0.01065070
46743, 0.01065090
46744, 0.01065110
46745, 0.01065130
46746, 0.01065150
46747, 0.01065170
46748, 0.01065190
46749, 0.01065220
46750, 0.01065240
46751, 0.01065260
46752, 0.01065280
46753, 0.01065300
46754, 0.01065320
46755, 0.01065340
46756, 0.01065360
46757, 0.01065380
46758, 0.01065400
46759, 0.01065420
46760, 0.01065440
46761, 0.01065460
46762, 0.01065490
46763, 0.01065510
46764, 0.01065530
46765, 0.01065560
46766, 0.01065580
46767, 0.01065600
46768, 0.01065620
46769, 0.01065640
46770, 0.01065660
46771, 0.01065680
46772, 0.01065710
46773, 0.01065730
46774, 0.01065760
46775, 0.01065780
46776, 0.01065800
46777, 0.01065830
46778, 0.01065850
46779, 0.01065870
46780, 0.01065890
46781, 0.01065910
46782, 0.01065930
46783, 0.01065950
46784, 0.01065970
46785, 0.01066000
46786, 0.01066020
46787, 0.01066040
46788, 0.01066060
46789, 0.01066080
46790, 0.01066100
46791, 0.01066120
46792, 0.01066140
46793, 0.01066160
46794, 0.01066180
46795, 0.01066200
46796, 0.01066220
46797, 0.01066240
46798, 0.01066260
46799, 0.01066280
46800, 0.01066300
46801, 0.01066330
46802, 0.01066350
46803, 0.01066370
46804, 0.01066390
46805, 0.01066410
46806, 0.01066430
46807, 0.01066450
46808, 0.01066470
46809, 0.01066490
46810, 0.01066510
46811, 0.01066530
46812, 0.01066550
46813, 0.01066570
46814, 0.01066590
46815, 0.01066610
46816, 0.01066630
46817, 0.01066650
46818, 0.01066680
46819, 0.01066700
46820, 0.01066720
46821, 0.01066740
46822, 0.01066760
46823, 0.01066780
46824, 0.01066800
46825, 0.01066820
46826, 0.01066840
46827, 0.01066860
46828, 0.01066880
46829, 0.01066900
46830, 0.01066920
46831, 0.01066940
46832, 0.01066960
46833, 0.01066980
46834, 0.01067010
46835, 0.01067030
46836, 0.01067050
46837, 0.01067070
46838, 0.01067090
46839, 0.01067110
46840, 0.01067130
46841, 0.01067150
46842, 0.01067170
46843, 0.01067190
46844, 0.01067210
46845, 0.01067230
46846, 0.01067250
46847, 0.01067270
46848, 0.01067290
46849, 0.01067310
46850, 0.01067340
46851, 0.01067360
46852, 0.01067380
46853, 0.01067400
46854, 0.01067420
46855, 0.01067440
46856, 0.01067460
46857, 0.01067480
46858, 0.01067500
46859, 0.01067520
46860, 0.01067540
46861, 0.01067560
46862, 0.01067580
46863, 0.01067600
46864, 0.01067620
46865, 0.01067640
46866, 0.01067660
46867, 0.01067680
46868, 0.01067710
46869, 0.01067730
46870, 0.01067750
46871, 0.01067770
46872, 0.01067790
46873, 0.01067810
46874, 0.01067830
46875, 0.01067850
46876, 0.01067870
46877, 0.01067890
46878, 0.01067910
46879, 0.01067930
46880, 0.01067950
46881, 0.01067970
46882, 0.01067990
46883, 0.01068010
46884, 0.01068030
46885, 0.01068050
46886, 0.01068080
46887, 0.01068100
46888, 0.01068120
46889, 0.01068140
46890, 0.01068170
46891, 0.01068190
46892, 0.01068220
46893, 0.01068240
46894, 0.01068260
46895, 0.01068280
46896, 0.01068300
46897, 0.01068320
46898, 0.01068370
46899, 0.01068390
46900, 0.01068420
46901, 0.01068440
46902, 0.01068470
46903, 0.01068490
46904, 0.01068510
46905, 0.01068540
46906, 0.01068560
46907, 0.01068580
46908, 0.01068600
46909, 0.01068630
46910, 0.01068650
46911, 0.01068670
46912, 0.01068690
46913, 0.01068710
46914, 0.01068730
46915, 0.01068750
46916, 0.01068770
46917, 0.01068790
46918, 0.01068810
46919, 0.01068830
46920, 0.01068850
46921, 0.01068870
46922, 0.01068890
46923, 0.01068910
46924, 0.01068930
46925, 0.01068950
46926, 0.01068980
46927, 0.01069000
46928, 0.01069020
46929, 0.01069040
46930, 0.01069060
46931, 0.01069080
46932, 0.01069100
46933, 0.01069120
46934, 0.01069140
46935, 0.01069160
46936, 0.01069180
46937, 0.01069200
46938, 0.01069220
46939, 0.01069240
46940, 0.01069260
46941, 0.01069280
46942, 0.01069310
46943, 0.01069330
46944, 0.01069350
46945, 0.01069370
46946, 0.01069390
46947, 0.01069410
46948, 0.01069430
46949, 0.01069450
46950, 0.01069470
46951, 0.01069490
46952, 0.01069510
46953, 0.01069530
46954, 0.01069550
46955, 0.01069570
46956, 0.01069600
46957, 0.01069620
46958, 0.01069640
46959, 0.01069660
46960, 0.01069680
46961, 0.01069700
46962, 0.01069720
46963, 0.01069740
46964, 0.01069760
46965, 0.01069780
46966, 0.01069800
46967, 0.01069820
46968, 0.01069840
46969, 0.01069860
46970, 0.01069880
46971, 0.01069910
46972, 0.01069930
46973, 0.01069950
46974, 0.01069970
46975, 0.01069990
46976, 0.01070010
46977, 0.01070030
46978, 0.01070050
46979, 0.01070070
46980, 0.01070090
46981, 0.01070110
46982, 0.01070130
46983, 0.01070150
46984, 0.01070170
46985, 0.01070190
46986, 0.01070210
46987, 0.01070230
46988, 0.01070250
46989, 0.01070280
46990, 0.01070300
46991, 0.01070320
46992, 0.01070340
46993, 0.01070360
46994, 0.01070380
46995, 0.01070400
46996, 0.01070420
46997, 0.01070440
46998, 0.01070460
46999, 0.01070480
47000, 0.01070500
47001, 0.01070520
47002, 0.01070550
47003, 0.01070570
47004, 0.01070590
47005, 0.01070610
47006, 0.01070630
47007, 0.01070650
47008, 0.01070670
47009, 0.01070690
47010, 0.01070710
47011, 0.01070730
47012, 0.01070750
47013, 0.01070770
47014, 0.01070790
47015, 0.01070810
47016, 0.01070840
47017, 0.01070860
47018, 0.01070890
47019, 0.01070910
47020, 0.01070930
47021, 0.01070950
47022, 0.01070970
47023, 0.01070990
47024, 0.01071010
47025, 0.01071040
47026, 0.01071060
47027, 0.01071080
47028, 0.01071120
47029, 0.01071140
47030, 0.01071160
47031, 0.01071180
47032, 0.01071210
47033, 0.01071240
47034, 0.01071260
47035, 0.01071280
47036, 0.01071300
47037, 0.01071320
47038, 0.01071340
47039, 0.01071360
47040, 0.01071380
47041, 0.01071400
47042, 0.01071420
47043, 0.01071440
47044, 0.01071460
47045, 0.01071480
47046, 0.01071500
47047, 0.01071520
47048, 0.01071540
47049, 0.01071560
47050, 0.01071580
47051, 0.01071610
47052, 0.01071630
47053, 0.01071650
47054, 0.01071670
47055, 0.01071690
47056, 0.01071710
47057, 0.01071730
47058, 0.01071750
47059, 0.01071770
47060, 0.01071790
47061, 0.01071810
47062, 0.01071830
47063, 0.01071850
47064, 0.01071870
47065, 0.01071890
47066, 0.01071910
47067, 0.01071930
47068, 0.01071960
47069, 0.01071980
47070, 0.01072000
47071, 0.01072020
47072, 0.01072040
47073, 0.01072060
47074, 0.01072080
47075, 0.01072100
47076, 0.01072120
47077, 0.01072140
47078, 0.01072160
47079, 0.01072180
47080, 0.01072200
47081, 0.01072220
47082, 0.01072240
47083, 0.01072260
47084, 0.01072280
47085, 0.01072310
47086, 0.01072330
47087, 0.01072350
47088, 0.01072370
47089, 0.01072390
47090, 0.01072410
47091, 0.01072430
47092, 0.01072450
47093, 0.01072470
47094, 0.01072490
47095, 0.01072510
47096, 0.01072530
47097, 0.01072550
47098, 0.01072570
47099, 0.01072590
47100, 0.01072620
47101, 0.01072640
47102, 0.01072660
47103, 0.01072680
47104, 0.01072700
47105, 0.01072720
47106, 0.01072740
47107, 0.01072760
47108, 0.01072780
47109, 0.01072800
47110, 0.01072820
47111, 0.01072840
47112, 0.01072860
47113, 0.01072880
47114, 0.01072900
47115, 0.01072920
47116, 0.01072940
47117, 0.01072970
47118, 0.01072990
47119, 0.01073010
47120, 0.01073030
47121, 0.01073050
47122, 0.01073070
47123, 0.01073090
47124, 0.01073110
47125, 0.01073130
47126, 0.01073150
47127, 0.01073170
47128, 0.01073190
47129, 0.01073210
47130, 0.01073230
47131, 0.01073260
47132, 0.01073280
47133, 0.01073300
47134, 0.01073320
47135, 0.01073340
47136, 0.01073360
47137, 0.01073380
47138, 0.01073400
47139, 0.01073420
47140, 0.01073440
47141, 0.01073460
47142, 0.01073480
47143, 0.01073500
47144, 0.01073540
47145, 0.01073560
47146, 0.01073580
47147, 0.01073600
47148, 0.01073620
47149, 0.01073640
47150, 0.01073660
47151, 0.01073690
47152, 0.01073710
47153, 0.01073730
47154, 0.01073750
47155, 0.01073780
47156, 0.01073810
47157, 0.01073830
47158, 0.01073850
47159, 0.01073870
47160, 0.01073900
47161, 0.01073920
47162, 0.01073940
47163, 0.01073970
47164, 0.01073990
47165, 0.01074010
47166, 0.01074030
47167, 0.01074050
47168, 0.01074070
47169, 0.01074090
47170, 0.01074110
47171, 0.01074130
47172, 0.01074150
47173, 0.01074170
47174, 0.01074190
47175, 0.01074210
47176, 0.01074230
47177, 0.01074250
47178, 0.01074270
47179, 0.01074290
47180, 0.01074320
47181, 0.01074340
47182, 0.01074360
47183, 0.01074380
47184, 0.01074400
47185, 0.01074420
47186, 0.01074440
47187, 0.01074460
47188, 0.01074480
47189, 0.01074500
47190, 0.01074520
47191, 0.01074540
47192, 0.01074560
47193, 0.01074580
47194, 0.01074600
47195, 0.01074620
47196, 0.01074640
47197, 0.01074660
47198, 0.01074690
47199, 0.01074710
47200, 0.01074730
47201, 0.01074750
47202, 0.01074770
47203, 0.01074790
47204, 0.01074810
47205, 0.01074830
47206, 0.01074850
47207, 0.01074870
47208, 0.01074890
47209, 0.01074910
47210, 0.01074930
47211, 0.01074950
47212, 0.01074970
47213, 0.01074990
47214, 0.01075010
47215, 0.01075030
47216, 0.01075060
47217, 0.01075080
47218, 0.01075100
47219, 0.01075120
47220, 0.01075140
47221, 0.01075160
47222, 0.01075180
47223, 0.01075200
47224, 0.01075220
47225, 0.01075240
47226, 0.01075260
47227, 0.01075280
47228, 0.01075300
47229, 0.01075320
47230, 0.01075340
47231, 0.01075370
47232, 0.01075390
47233, 0.01075410
47234, 0.01075430
47235, 0.01075450
47236, 0.01075470
47237, 0.01075490
47238, 0.01075510
47239, 0.01075530
47240, 0.01075550
47241, 0.01075570
47242, 0.01075590
47243, 0.01075610
47244, 0.01075630
47245, 0.01075650
47246, 0.01075670
47247, 0.01075700
47248, 0.01075720
47249, 0.01075740
47250, 0.01075760
47251, 0.01075780
47252, 0.01075800
47253, 0.01075820
47254, 0.01075840
47255, 0.01075860
47256, 0.01075880
47257, 0.01075900
47258, 0.01075920
47259, 0.01075940
47260, 0.01075960
47261, 0.01075980
47262, 0.01076000
47263, 0.01076020
47264, 0.01076050
47265, 0.01076070
47266, 0.01076090
47267, 0.01076110
47268, 0.01076130
47269, 0.01076150
47270, 0.01076170
47271, 0.01076190
47272, 0.01076220
47273, 0.01076240
47274, 0.01076260
47275, 0.01076280
47276, 0.01076300
47277, 0.01076320
47278, 0.01076340
47279, 0.01076360
47280, 0.01076380
47281, 0.01076410
47282, 0.01076430
47283, 0.01076450
47284, 0.01076480
47285, 0.01076500
47286, 0.01076530
47287, 0.01076550
47288, 0.01076570
47289, 0.01076590
47290, 0.01076610
47291, 0.01076640
47292, 0.01076660
47293, 0.01076680
47294, 0.01076700
47295, 0.01076720
47296, 0.01076740
47297, 0.01076760
47298, 0.01076780
47299, 0.01076800
47300, 0.01076820
47301, 0.01076840
47302, 0.01076860
47303, 0.01076880
47304, 0.01076900
47305, 0.01076920
47306, 0.01076940
47307, 0.01076960
47308, 0.01076990
47309, 0.01077010
47310, 0.01077030
47311, 0.01077050
47312, 0.01077070
47313, 0.01077090
47314, 0.01077110
47315, 0.01077130
47316, 0.01077150
47317, 0.01077170
47318, 0.01077190
47319, 0.01077210
47320, 0.01077230
47321, 0.01077250
47322, 0.01077270
47323, 0.01077290
47324, 0.01077320
47325, 0.01077340
47326, 0.01077360
47327, 0.01077380
47328, 0.01077400
47329, 0.01077420
47330, 0.01077440
47331, 0.01077460
47332, 0.01077480
47333, 0.01077500
47334, 0.01077520
47335, 0.01077540
47336, 0.01077560
47337, 0.01077580
47338, 0.01077600
47339, 0.01077620
47340, 0.01077640
47341, 0.01077660
47342, 0.01077680
47343, 0.01077710
47344, 0.01077730
47345, 0.01077750
47346, 0.01077770
47347, 0.01077790
47348, 0.01077810
47349, 0.01077830
47350, 0.01077850
47351, 0.01077870
47352, 0.01077890
47353, 0.01077910
47354, 0.01077930
47355, 0.01077950
47356, 0.01077970
47357, 0.01077990
47358, 0.01078010
47359, 0.01078030
47360, 0.01078060
47361, 0.01078080
47362, 0.01078100
47363, 0.01078120
47364, 0.01078140
47365, 0.01078160
47366, 0.01078180
47367, 0.01078200
47368, 0.01078220
47369, 0.01078240
47370, 0.01078260
47371, 0.01078280
47372, 0.01078300
47373, 0.01078320
47374, 0.01078340
47375, 0.01078370
47376, 0.01078390
47377, 0.01078410
47378, 0.01078430
47379, 0.01078450
47380, 0.01078470
47381, 0.01078490
47382, 0.01078510
47383, 0.01078530
47384, 0.01078550
47385, 0.01078570
47386, 0.01078590
47387, 0.01078610
47388, 0.01078630
47389, 0.01078650
47390, 0.01078670
47391, 0.01078690
47392, 0.01078720
47393, 0.01078740
47394, 0.01078760
47395, 0.01078780
47396, 0.01078800
47397, 0.01078820
47398, 0.01078840
47399, 0.01078860
47400, 0.01079340
47401, 0.01079360
47402, 0.01079390
47403, 0.01079410
47404, 0.01079430
47405, 0.01079450
47406, 0.01079470
47407, 0.01079490
47408, 0.01079520
47409, 0.01079540
47410, 0.01079560
47411, 0.01079580
47412, 0.01079600
47413, 0.01079620
47414, 0.01079640
47415, 0.01079660
47416, 0.01079680
47417, 0.01079700
47418, 0.01079720
47419, 0.01079740
47420, 0.01079760
47421, 0.01079780
47422, 0.01079800
47423, 0.01079820
47424, 0.01079840
47425, 0.01079860
47426, 0.01079880
47427, 0.01079910
47428, 0.01079930
47429, 0.01079950
47430, 0.01079970
47431, 0.01079990
47432, 0.01080010
47433, 0.01080030
47434, 0.01080050
47435, 0.01080070
47436, 0.01080090
47437, 0.01080110
47438, 0.01080130
47439, 0.01080150
47440, 0.01080170
47441, 0.01080190
47442, 0.01080210
47443, 0.01080230
47444, 0.01080250
47445, 0.01080270
47446, 0.01080300
47447, 0.01080320
47448, 0.01080340
47449, 0.01080360
47450, 0.01080380
47451, 0.01080400
47452, 0.01080420
47453, 0.01080440
47454, 0.01080460
47455, 0.01080480
47456, 0.01080500
47457, 0.01080520
47458, 0.01080540
47459, 0.01080560
47460, 0.01080580
47461, 0.01080600
47462, 0.01080620
47463, 0.01080640
47464, 0.01080670
47465, 0.01080690
47466, 0.01080710
47467, 0.01080730
47468, 0.01080750
47469, 0.01080770
47470, 0.01080790
47471, 0.01080810
47472, 0.01080830
47473, 0.01080850
47474, 0.01080870
47475, 0.01080890
47476, 0.01080910
47477, 0.01080930
47478, 0.01080950
47479, 0.01080970
47480, 0.01080990
47481, 0.01081010
47482, 0.01081030
47483, 0.01081050
47484, 0.01081080
47485, 0.01081100
47486, 0.01081120
47487, 0.01081140
47488, 0.01081160
47489, 0.01081180
47490, 0.01081200
47491, 0.01081220
47492, 0.01081240
47493, 0.01081260
47494, 0.01081280
47495, 0.01081300
47496, 0.01081320
47497, 0.01081340
47498, 0.01081360
47499, 0.01081380
47500, 0.01081400
47501, 0.01081420
47502, 0.01081440
47503, 0.01081470
47504, 0.01081490
47505, 0.01081510
47506, 0.01081530
47507, 0.01081550
47508, 0.01081570
47509, 0.01081590
47510, 0.01081610
47511, 0.01081630
47512, 0.01081650
47513, 0.01081670
47514, 0.01081690
47515, 0.01081710
47516, 0.01081730
47517, 0.01081750
47518, 0.01081770
47519, 0.01081790
47520, 0.01081810
47521, 0.01081830
47522, 0.01081850
47523, 0.01081880
47524, 0.01081900
47525, 0.01081920
47526, 0.01081950
47527, 0.01081970
47528, 0.01081990
47529, 0.01082010
47530, 0.01082040
47531, 0.01082060
47532, 0.01082080
47533, 0.01082100
47534, 0.01082120
47535, 0.01082140
47536, 0.01082170
47537, 0.01082190
47538, 0.01082220
47539, 0.01082240
47540, 0.01082260
47541, 0.01082280
47542, 0.01082310
47543, 0.01082330
47544, 0.01082350
47545, 0.01082370
47546, 0.01082390
47547, 0.01082410
47548, 0.01082430
47549, 0.01082450
47550, 0.01082470
47551, 0.01082490
47552, 0.01082520
47553, 0.01082540
47554, 0.01082560
47555, 0.01082580
47556, 0.01082600
47557, 0.01082620
47558, 0.01082640
47559, 0.01082660
47560, 0.01082680
47561, 0.01082700
47562, 0.01082720
47563, 0.01082740
47564, 0.01082760
47565, 0.01082780
47566, 0.01082800
47567, 0.01082820
47568, 0.01082840
47569, 0.01082860
47570, 0.01082880
47571, 0.01082910
47572, 0.01082930
47573, 0.01082950
47574, 0.01082970
47575, 0.01082990
47576, 0.01083010
47577, 0.01083030
47578, 0.01083050
47579, 0.01083070
47580, 0.01083090
47581, 0.01083110
47582, 0.01083130
47583, 0.01083150
47584, 0.01083170
47585, 0.01083190
47586, 0.01083210
47587, 0.01083230
47588, 0.01083250
47589, 0.01083280
47590, 0.01083300
47591, 0.01083320
47592, 0.01083340
47593, 0.01083360
47594, 0.01083380
47595, 0.01083400
47596, 0.01083420
47597, 0.01083440
47598, 0.01083460
47599, 0.01083480
47600, 0.01083500
47601, 0.01083520
47602, 0.01083540
47603, 0.01083560
47604, 0.01083580
47605, 0.01083600
47606, 0.01083620
47607, 0.01083640
47608, 0.01083660
47609, 0.01083690
47610, 0.01083710
47611, 0.01083730
47612, 0.01083750
47613, 0.01083770
47614, 0.01083790
47615, 0.01083810
47616, 0.01083830
47617, 0.01083850
47618, 0.01083870
47619, 0.01083890
47620, 0.01083910
47621, 0.01083930
47622, 0.01083950
47623, 0.01083970
47624, 0.01084000
47625, 0.01084020
47626, 0.01084040
47627, 0.01084060
47628, 0.01084080
47629, 0.01084100
47630, 0.01084120
47631, 0.01084140
47632, 0.01084160
47633, 0.01084180
47634, 0.01084200
47635, 0.01084220
47636, 0.01084240
47637, 0.01084260
47638, 0.01084280
47639, 0.01084300
47640, 0.01084320
47641, 0.01084340
47642, 0.01084360
47643, 0.01084380
47644, 0.01084400
47645, 0.01084430
47646, 0.01084450
47647, 0.01084470
47648, 0.01084490
47649, 0.01084510
47650, 0.01084530
47651, 0.01084550
47652, 0.01084570
47653, 0.01084590
47654, 0.01084620
47655, 0.01084640
47656, 0.01084660
47657, 0.01084680
47658, 0.01084710
47659, 0.01084730
47660, 0.01084750
47661, 0.01084770
47662, 0.01084790
47663, 0.01084810
47664, 0.01084840
47665, 0.01084860
47666, 0.01084880
47667, 0.01084900
47668, 0.01084930
47669, 0.01084950
47670, 0.01084980
47671, 0.01085000
47672, 0.01085020
47673, 0.01085040
47674, 0.01085060
47675, 0.01085080
47676, 0.01085100
47677, 0.01085120
47678, 0.01085140
47679, 0.01085160
47680, 0.01085180
47681, 0.01085210
47682, 0.01085230
47683, 0.01085250
47684, 0.01085270
47685, 0.01085290
47686, 0.01085310
47687, 0.01085330
47688, 0.01085350
47689, 0.01085370
47690, 0.01085390
47691, 0.01085410
47692, 0.01085430
47693, 0.01085450
47694, 0.01085470
47695, 0.01085490
47696, 0.01085510
47697, 0.01085530
47698, 0.01085550
47699, 0.01085580
47700, 0.01085600
47701, 0.01085620
47702, 0.01085640
47703, 0.01085660
47704, 0.01085680
47705, 0.01085700
47706, 0.01085720
47707, 0.01085740
47708, 0.01085760
47709, 0.01085780
47710, 0.01085800
47711, 0.01085820
47712, 0.01085840
47713, 0.01085860
47714, 0.01085880
47715, 0.01085900
47716, 0.01085920
47717, 0.01085940
47718, 0.01085970
47719, 0.01085990
47720, 0.01086010
47721, 0.01086030
47722, 0.01086050
47723, 0.01086070
47724, 0.01086100
47725, 0.01086120
47726, 0.01086140
47727, 0.01086170
47728, 0.01086190
47729, 0.01086210
47730, 0.01086230
47731, 0.01086250
47732, 0.01086270
47733, 0.01086290
47734, 0.01086310
47735, 0.01086330
47736, 0.01086350
47737, 0.01086380
47738, 0.01086400
47739, 0.01086420
47740, 0.01086440
47741, 0.01086460
47742, 0.01086480
47743, 0.01086500
47744, 0.01086520
47745, 0.01086540
47746, 0.01086560
47747, 0.01086580
47748, 0.01086600
47749, 0.01086620
47750, 0.01086640
47751, 0.01086660
47752, 0.01086680
47753, 0.01086700
47754, 0.01086720
47755, 0.01086740
47756, 0.01086770
47757, 0.01086790
47758, 0.01086810
47759, 0.01086830
47760, 0.01086850
47761, 0.01086870
47762, 0.01086890
47763, 0.01086910
47764, 0.01086930
47765, 0.01086950
47766, 0.01086970
47767, 0.01086990
47768, 0.01087010
47769, 0.01087030
47770, 0.01087050
47771, 0.01087070
47772, 0.01087090
47773, 0.01087110
47774, 0.01087130
47775, 0.01087160
47776, 0.01087180
47777, 0.01087200
47778, 0.01087220
47779, 0.01087240
47780, 0.01087260
47781, 0.01087280
47782, 0.01087310
47783, 0.01087330
47784, 0.01087350
47785, 0.01087370
47786, 0.01087390
47787, 0.01087410
47788, 0.01087430
47789, 0.01087450
47790, 0.01087470
47791, 0.01087490
47792, 0.01087530
47793, 0.01087550
47794, 0.01087570
47795, 0.01087600
47796, 0.01087620
47797, 0.01087640
47798, 0.01087670
47799, 0.01087690
47800, 0.01087710
47801, 0.01087730
47802, 0.01087750
47803, 0.01087770
47804, 0.01087790
47805, 0.01087810
47806, 0.01087840
47807, 0.01087860
47808, 0.01087880
47809, 0.01087900
47810, 0.01087920
47811, 0.01087940
47812, 0.01087960
47813, 0.01087980
47814, 0.01088000
47815, 0.01088020
47816, 0.01088040
47817, 0.01088060
47818, 0.01088080
47819, 0.01088100
47820, 0.01088120
47821, 0.01088140
47822, 0.01088160
47823, 0.01088180
47824, 0.01088210
47825, 0.01088230
47826, 0.01088250
47827, 0.01088270
47828, 0.01088290
47829, 0.01088310
47830, 0.01088330
47831, 0.01088350
47832, 0.01088370
47833, 0.01088390
47834, 0.01088410
47835, 0.01088430
47836, 0.01088450
47837, 0.01088470
47838, 0.01088490
47839, 0.01088510
47840, 0.01088530
47841, 0.01088550
47842, 0.01088570
47843, 0.01088600
47844, 0.01088620
47845, 0.01088640
47846, 0.01088660
47847, 0.01088680
47848, 0.01088700
47849, 0.01088720
47850, 0.01088740
47851, 0.01088760
47852, 0.01088780
47853, 0.01088800
47854, 0.01088820
47855, 0.01088840
47856, 0.01088860
47857, 0.01088880
47858, 0.01088900
47859, 0.01088920
47860, 0.01088940
47861, 0.01088970
47862, 0.01088990
47863, 0.01089010
47864, 0.01089030
47865, 0.01089050
47866, 0.01089070
47867, 0.01089090
47868, 0.01089110
47869, 0.01089130
47870, 0.01089150
47871, 0.01089170
47872, 0.01089190
47873, 0.01089210
47874, 0.01089230
47875, 0.01089250
47876, 0.01089270
47877, 0.01089290
47878, 0.01089320
47879, 0.01089340
47880, 0.01089360
47881, 0.01089380
47882, 0.01089400
47883, 0.01089420
47884, 0.01089440
47885, 0.01089460
47886, 0.01089480
47887, 0.01089500
47888, 0.01089520
47889, 0.01089540
47890, 0.01089560
47891, 0.01089580
47892, 0.01089600
47893, 0.01089620
47894, 0.01089640
47895, 0.01089660
47896, 0.01089680
47897, 0.01089700
47898, 0.01089720
47899, 0.01089740
47900, 0.01089770
47901, 0.01089790
47902, 0.01089810
47903, 0.01089830
47904, 0.01089850
47905, 0.01089870
47906, 0.01089890
47907, 0.01089910
47908, 0.01089930
47909, 0.01089950
47910, 0.01089990
47911, 0.01090010
47912, 0.01090030
47913, 0.01090050
47914, 0.01090080
47915, 0.01090100
47916, 0.01090120
47917, 0.01090140
47918, 0.01090160
47919, 0.01090180
47920, 0.01090240
47921, 0.01090260
47922, 0.01090290
47923, 0.01090310
47924, 0.01090340
47925, 0.01090360
47926, 0.01090380
47927, 0.01090400
47928, 0.01090420
47929, 0.01090440
47930, 0.01090460
47931, 0.01090480
47932, 0.01090510
47933, 0.01090530
47934, 0.01090550
47935, 0.01090570
47936, 0.01090590
47937, 0.01090610
47938, 0.01090630
47939, 0.01090650
47940, 0.01090670
47941, 0.01090690
47942, 0.01090710
47943, 0.01090730
47944, 0.01090750
47945, 0.01090770
47946, 0.01090790
47947, 0.01090810
47948, 0.01090830
47949, 0.01090850
47950, 0.01090870
47951, 0.01090890
47952, 0.01090910
47953, 0.01090930
47954, 0.01090960
47955, 0.01090980
47956, 0.01091000
47957, 0.01091020
47958, 0.01091040
47959, 0.01091060
47960, 0.01091080
47961, 0.01091100
47962, 0.01091120
47963, 0.01091140
47964, 0.01091160
47965, 0.01091180
47966, 0.01091200
47967, 0.01091220
47968, 0.01091240
47969, 0.01091260
47970, 0.01091280
47971, 0.01091300
47972, 0.01091320
47973, 0.01091340
47974, 0.01091360
47975, 0.01091390
47976, 0.01091410
47977, 0.01091430
47978, 0.01091450
47979, 0.01091470
47980, 0.01091490
47981, 0.01091510
47982, 0.01091530
47983, 0.01091550
47984, 0.01091570
47985, 0.01091590
47986, 0.01091610
47987, 0.01091630
47988, 0.01091650
47989, 0.01091670
47990, 0.01091690
47991, 0.01091710
47992, 0.01091730
47993, 0.01091750
47994, 0.01091770
47995, 0.01091790
47996, 0.01091810
47997, 0.01091830
47998, 0.01091860
47999, 0.01091880
48000, 0.01091900
48001, 0.01091920
48002, 0.01091940
48003, 0.01091960
48004, 0.01091980
48005, 0.01092000
48006, 0.01092020
48007, 0.01092040
48008, 0.01092060
48009, 0.01092080
48010, 0.01092100
48011, 0.01092120
48012, 0.01092140
48013, 0.01092160
48014, 0.01092180
48015, 0.01092200
48016, 0.01092220
48017, 0.01092240
48018, 0.01092270
48019, 0.01092290
48020, 0.01092310
48021, 0.01092330
48022, 0.01092350
48023, 0.01092370
48024, 0.01092390
48025, 0.01092410
48026, 0.01092430
48027, 0.01092450
48028, 0.01092470
48029, 0.01092490
48030, 0.01092510
48031, 0.01092530
48032, 0.01092550
48033, 0.01092570
48034, 0.01092590
48035, 0.01092610
48036, 0.01092640
48037, 0.01092660
48038, 0.01092690
48039, 0.01092710
48040, 0.01092730
48041, 0.01092750
48042, 0.01092770
48043, 0.01092790
48044, 0.01092810
48045, 0.01092830
48046, 0.01092860
48047, 0.01092880
48048, 0.01092910
48049, 0.01092930
48050, 0.01092960
48051, 0.01092980
48052, 0.01093010
48053, 0.01093030
48054, 0.01093050
48055, 0.01093070
48056, 0.01093090
48057, 0.01093110
48058, 0.01093130
48059, 0.01093150
48060, 0.01093170
48061, 0.01093190
48062, 0.01093210
48063, 0.01093230
48064, 0.01093250
48065, 0.01093270
48066, 0.01093290
48067, 0.01093310
48068, 0.01093330
48069, 0.01093360
48070, 0.01093380
48071, 0.01093400
48072, 0.01093420
48073, 0.01093440
48074, 0.01093460
48075, 0.01093480
48076, 0.01093500
48077, 0.01093520
48078, 0.01093540
48079, 0.01093560
48080, 0.01093580
48081, 0.01093600
48082, 0.01093620
48083, 0.01093640
48084, 0.01093660
48085, 0.01093680
48086, 0.01093700
48087, 0.01093720
48088, 0.01093740
48089, 0.01093770
48090, 0.01093790
48091, 0.01093810
48092, 0.01093830
48093, 0.01093850
48094, 0.01093870
48095, 0.01093890
48096, 0.01093910
48097, 0.01093930
48098, 0.01093950
48099, 0.01093970
48100, 0.01093990
48101, 0.01094010
48102, 0.01094030
48103, 0.01094050
48104, 0.01094080
48105, 0.01094100
48106, 0.01094120
48107, 0.01094140
48108, 0.01094160
48109, 0.01094180
48110, 0.01094200
48111, 0.01094220
48112, 0.01094240
48113, 0.01094260
48114, 0.01094280
48115, 0.01094300
48116, 0.01094320
48117, 0.01094340
48118, 0.01094360
48119, 0.01094380
48120, 0.01094400
48121, 0.01094420
48122, 0.01094440
48123, 0.01094460
48124, 0.01094480
48125, 0.01094510
48126, 0.01094530
48127, 0.01094550
48128, 0.01094570
48129, 0.01094590
48130, 0.01094610
48131, 0.01094630
48132, 0.01094650
48133, 0.01094670
48134, 0.01094690
48135, 0.01094710
48136, 0.01094730
48137, 0.01094750
48138, 0.01094770
48139, 0.01094790
48140, 0.01094810
48141, 0.01094830
48142, 0.01094850
48143, 0.01094870
48144, 0.01094890
48145, 0.01094910
48146, 0.01094940
48147, 0.01094960
48148, 0.01094980
48149, 0.01095000
48150, 0.01095020
48151, 0.01095040
48152, 0.01095060
48153, 0.01095080
48154, 0.01095100
48155, 0.01095120
48156, 0.01095140
48157, 0.01095160
48158, 0.01095180
48159, 0.01095200
48160, 0.01095220
48161, 0.01095240
48162, 0.01095260
48163, 0.01095280
48164, 0.01095330
48165, 0.01095350
48166, 0.01095370
48167, 0.01095390
48168, 0.01095420
48169, 0.01095440
48170, 0.01095460
48171, 0.01095480
48172, 0.01095500
48173, 0.01095520
48174, 0.01095540
48175, 0.01095570
48176, 0.01095600
48177, 0.01095620
48178, 0.01095640
48179, 0.01095660
48180, 0.01095690
48181, 0.01095710
48182, 0.01095730
48183, 0.01095750
48184, 0.01095770
48185, 0.01095790
48186, 0.01095810
48187, 0.01095830
48188, 0.01095850
48189, 0.01095870
48190, 0.01095890
48191, 0.01095910
48192, 0.01095930
48193, 0.01095960
48194, 0.01095980
48195, 0.01096000
48196, 0.01096020
48197, 0.01096040
48198, 0.01096060
48199, 0.01096080
48200, 0.01096100
48201, 0.01096120
48202, 0.01096140
48203, 0.01096160
48204, 0.01096180
48205, 0.01096200
48206, 0.01096220
48207, 0.01096240
48208, 0.01096260
48209, 0.01096280
48210, 0.01096300
48211, 0.01096320
48212, 0.01096340
48213, 0.01096360
48214, 0.01096380
48215, 0.01096400
48216, 0.01096430
48217, 0.01096450
48218, 0.01096470
48219, 0.01096490
48220, 0.01096510
48221, 0.01096530
48222, 0.01096550
48223, 0.01096570
48224, 0.01096590
48225, 0.01096610
48226, 0.01096630
48227, 0.01096650
48228, 0.01096670
48229, 0.01096690
48230, 0.01096710
48231, 0.01096730
48232, 0.01096750
48233, 0.01096770
48234, 0.01096790
48235, 0.01096810
48236, 0.01096830
48237, 0.01096860
48238, 0.01096880
48239, 0.01096900
48240, 0.01096920
48241, 0.01096940
48242, 0.01096960
48243, 0.01096980
48244, 0.01097000
48245, 0.01097020
48246, 0.01097040
48247, 0.01097060
48248, 0.01097080
48249, 0.01097100
48250, 0.01097120
48251, 0.01097140
48252, 0.01097160
48253, 0.01097180
48254, 0.01097200
48255, 0.01097220
48256, 0.01097250
48257, 0.01097270
48258, 0.01097290
48259, 0.01097310
48260, 0.01097330
48261, 0.01097350
48262, 0.01097370
48263, 0.01097390
48264, 0.01097410
48265, 0.01097430
48266, 0.01097450
48267, 0.01097470
48268, 0.01097490
48269, 0.01097510
48270, 0.01097530
48271, 0.01097550
48272, 0.01097570
48273, 0.01097590
48274, 0.01097610
48275, 0.01097630
48276, 0.01097660
48277, 0.01097680
48278, 0.01097700
48279, 0.01097720
48280, 0.01097740
48281, 0.01097760
48282, 0.01097780
48283, 0.01097800
48284, 0.01097820
48285, 0.01097840
48286, 0.01097860
48287, 0.01097880
48288, 0.01097900
48289, 0.01097920
48290, 0.01097940
48291, 0.01097960
48292, 0.01097990
48293, 0.01098010
48294, 0.01098030
48295, 0.01098050
48296, 0.01098070
48297, 0.01098090
48298, 0.01098120
48299, 0.01098140
48300, 0.01098160
48301, 0.01098180
48302, 0.01098200
48303, 0.01098220
48304, 0.01098250
48305, 0.01098270
48306, 0.01098300
48307, 0.01098320
48308, 0.01098350
48309, 0.01098370
48310, 0.01098390
48311, 0.01098410
48312, 0.01098430
48313, 0.01098450
48314, 0.01098470
48315, 0.01098490
48316, 0.01098510
48317, 0.01098530
48318, 0.01098550
48319, 0.01098570
48320, 0.01098590
48321, 0.01098610
48322, 0.01098630
48323, 0.01098650
48324, 0.01098670
48325, 0.01098700
48326, 0.01098720
48327, 0.01098740
48328, 0.01098760
48329, 0.01098780
48330, 0.01098800
48331, 0.01098820
48332, 0.01098840
48333, 0.01098860
48334, 0.01098880
48335, 0.01098900
48336, 0.01098920
48337, 0.01098940
48338, 0.01098960
48339, 0.01098980
48340, 0.01099000
48341, 0.01099030
48342, 0.01099050
48343, 0.01099070
48344, 0.01099090
48345, 0.01099110
48346, 0.01099130
48347, 0.01099150
48348, 0.01099170
48349, 0.01099190
48350, 0.01099210
48351, 0.01099230
48352, 0.01099250
48353, 0.01099270
48354, 0.01099290
48355, 0.01099310
48356, 0.01099330
48357, 0.01099350
48358, 0.01099370
48359, 0.01099390
48360, 0.01099410
48361, 0.01099430
48362, 0.01099460
48363, 0.01099480
48364, 0.01099500
48365, 0.01099520
48366, 0.01099540
48367, 0.01099560
48368, 0.01099580
48369, 0.01099600
48370, 0.01099620
48371, 0.01099640
48372, 0.01099660
48373, 0.01099680
48374, 0.01099700
48375, 0.01099720
48376, 0.01099740
48377, 0.01099760
48378, 0.01099780
48379, 0.01099800
48380, 0.01099820
48381, 0.01099840
48382, 0.01099860
48383, 0.01099880
48384, 0.01099910
48385, 0.01099930
48386, 0.01099950
48387, 0.01099970
48388, 0.01099990
48389, 0.01100010
48390, 0.01100030
48391, 0.01100050
48392, 0.01100070
48393, 0.01100090
48394, 0.01100110
48395, 0.01100130
48396, 0.01100150
48397, 0.01100170
48398, 0.01100190
48399, 0.01100210
48400, 0.01100230
48401, 0.01100250
48402, 0.01100270
48403, 0.01100290
48404, 0.01100310
48405, 0.01100340
48406, 0.01100360
48407, 0.01100380
48408, 0.01100400
48409, 0.01100420
48410, 0.01100440
48411, 0.01100460
48412, 0.01100480
48413, 0.01100500
48414, 0.01100520
48415, 0.01100540
48416, 0.01100560
48417, 0.01100580
48418, 0.01100600
48419, 0.01100620
48420, 0.01100660
48421, 0.01100680
48422, 0.01100700
48423, 0.01100730
48424, 0.01100750
48425, 0.01100770
48426, 0.01100790
48427, 0.01100810
48428, 0.01100840
48429, 0.01100860
48430, 0.01100880
48431, 0.01100900
48432, 0.01100930
48433, 0.01100950
48434, 0.01100980
48435, 0.01101000
48436, 0.01101020
48437, 0.01101040
48438, 0.01101070
48439, 0.01101090
48440, 0.01101110
48441, 0.01101130
48442, 0.01101150
48443, 0.01101170
48444, 0.01101190
48445, 0.01101210
48446, 0.01101230
48447, 0.01101250
48448, 0.01101270
48449, 0.01101290
48450, 0.01101310
48451, 0.01101330
48452, 0.01101350
48453, 0.01101370
48454, 0.01101390
48455, 0.01101410
48456, 0.01101440
48457, 0.01101460
48458, 0.01101480
48459, 0.01101500
48460, 0.01101520
48461, 0.01101540
48462, 0.01101560
48463, 0.01101580
48464, 0.01101600
48465, 0.01101620
48466, 0.01101640
48467, 0.01101660
48468, 0.01101680
48469, 0.01101700
48470, 0.01101720
48471, 0.01101740
48472, 0.01101760
48473, 0.01101780
48474, 0.01101800
48475, 0.01101820
48476, 0.01101840
48477, 0.01101870
48478, 0.01101890
48479, 0.01101910
48480, 0.01101930
48481, 0.01101950
48482, 0.01101970
48483, 0.01101990
48484, 0.01102010
48485, 0.01102030
48486, 0.01102050
48487, 0.01102070
48488, 0.01102090
48489, 0.01102110
48490, 0.01102130
48491, 0.01102150
48492, 0.01102170
48493, 0.01102190
48494, 0.01102210
48495, 0.01102230
48496, 0.01102250
48497, 0.01102270
48498, 0.01102300
48499, 0.01102320
48500, 0.01102340
48501, 0.01102360
48502, 0.01102380
48503, 0.01102400
48504, 0.01102420
48505, 0.01102440
48506, 0.01102460
48507, 0.01102480
48508, 0.01102500
48509, 0.01102520
48510, 0.01102540
48511, 0.01102560
48512, 0.01102580
48513, 0.01102600
48514, 0.01102620
48515, 0.01102640
48516, 0.01102660
48517, 0.01102690
48518, 0.01102710
48519, 0.01102730
48520, 0.01102750
48521, 0.01102770
48522, 0.01102790
48523, 0.01102810
48524, 0.01102830
48525, 0.01102850
48526, 0.01102870
48527, 0.01102890
48528, 0.01102910
48529, 0.01102930
48530, 0.01102950
48531, 0.01102970
48532, 0.01103000
48533, 0.01103020
48534, 0.01103040
48535, 0.01103060
48536, 0.01103080
48537, 0.01103100
48538, 0.01103120
48539, 0.01103140
48540, 0.01103160
48541, 0.01103180
48542, 0.01103200
48543, 0.01103220
48544, 0.01103240
48545, 0.01103260
48546, 0.01103290
48547, 0.01103310
48548, 0.01103330
48549, 0.01103350
48550, 0.01103380
48551, 0.01103400
48552, 0.01103420
48553, 0.01103440
48554, 0.01103460
48555, 0.01103480
48556, 0.01103510
48557, 0.01103530
48558, 0.01103550
48559, 0.01103570
48560, 0.01103600
48561, 0.01103620
48562, 0.01103650
48563, 0.01103670
48564, 0.01103690
48565, 0.01103710
48566, 0.01103730
48567, 0.01103750
48568, 0.01103770
48569, 0.01103790
48570, 0.01103810
48571, 0.01103830
48572, 0.01103850
48573, 0.01103870
48574, 0.01103930
48575, 0.01103970
48576, 0.01104010
48577, 0.01104050
48578, 0.01104090
48579, 0.01104130
48580, 0.01104160
48581, 0.01104200
48582, 0.01104240
48583, 0.01104280
48584, 0.01104320
48585, 0.01104360
48586, 0.01104400
48587, 0.01104430
48588, 0.01104480
48589, 0.01104520
48590, 0.01104560
48591, 0.01104600
48592, 0.01104630
48593, 0.01104670
48594, 0.01104710
48595, 0.01104750
48596, 0.01104780
48597, 0.01104830
48598, 0.01104860
48599, 0.01104900
48600, 0.01104940
48601, 0.01104980
48602, 0.01105020
48603, 0.01105060
48604, 0.01105100
48605, 0.01105130
48606, 0.01105180
48607, 0.01105200
48608, 0.01105230
48609, 0.01105250
48610, 0.01105270
48611, 0.01105290
48612, 0.01105310
48613, 0.01105330
48614, 0.01105350
48615, 0.01105370
48616, 0.01105390
48617, 0.01105410
48618, 0.01105430
48619, 0.01105450
48620, 0.01105470
48621, 0.01105490
48622, 0.01105510
48623, 0.01105530
48624, 0.01105550
48625, 0.01105570
48626, 0.01105600
48627, 0.01105620
48628, 0.01105640
48629, 0.01105660
48630, 0.01105680
48631, 0.01105700
48632, 0.01105720
48633, 0.01105740
48634, 0.01105760
48635, 0.01105780
48636, 0.01105800
48637, 0.01105820
48638, 0.01105840
48639, 0.01105860
48640, 0.01105880
48641, 0.01105900
48642, 0.01105920
48643, 0.01105970
48644, 0.01106010
48645, 0.01106050
48646, 0.01106090
48647, 0.01106130
48648, 0.01106170
48649, 0.01106200
48650, 0.01106240
48651, 0.01106280
48652, 0.01106320
48653, 0.01106360
48654, 0.01106390
48655, 0.01106430
48656, 0.01106470
48657, 0.01106510
48658, 0.01106550
48659, 0.01106590
48660, 0.01106630
48661, 0.01106670
48662, 0.01106710
48663, 0.01106750
48664, 0.01106790
48665, 0.01106820
48666, 0.01106860
48667, 0.01106900
48668, 0.01106930
48669, 0.01106960
48670, 0.01106990
48671, 0.01107030
48672, 0.01107060
48673, 0.01107100
48674, 0.01107150
48675, 0.01107190
48676, 0.01107230
48677, 0.01107270
48678, 0.01107300
48679, 0.01107330
48680, 0.01107370
48681, 0.01107410
48682, 0.01107450
48683, 0.01107490
48684, 0.01107530
48685, 0.01107570
48686, 0.01107610
48687, 0.01107650
48688, 0.01107680
48689, 0.01107720
48690, 0.01107760
48691, 0.01107800
48692, 0.01107840
48693, 0.01107870
48694, 0.01107910
48695, 0.01107950
48696, 0.01107990
48697, 0.01108030
48698, 0.01108070
48699, 0.01108110
48700, 0.01108150
48701, 0.01108180
48702, 0.01108230
48703, 0.01108270
48704, 0.01108310
48705, 0.01108350
48706, 0.01108390
48707, 0.01108420
48708, 0.01108470
48709, 0.01108510
48710, 0.01108540
48711, 0.01108580
48712, 0.01108620
48713, 0.01108660
48714, 0.01108700
48715, 0.01108740
48716, 0.01108780
48717, 0.01108810
48718, 0.01108850
48719, 0.01108900
48720, 0.01108930
48721, 0.01108970
48722, 0.01109000
48723, 0.01109020
48724, 0.01109040
48725, 0.01109060
48726, 0.01109090
48727, 0.01109110
48728, 0.01109130
48729, 0.01109150
48730, 0.01109170
48731, 0.01109190
48732, 0.01109210
48733, 0.01109230
48734, 0.01109250
48735, 0.01109270
48736, 0.01109290
48737, 0.01109310
48738, 0.01109330
48739, 0.01109350
48740, 0.01109370
48741, 0.01109390
48742, 0.01109410
48743, 0.01109430
48744, 0.01109450
48745, 0.01109480
48746, 0.01109500
48747, 0.01109520
48748, 0.01109540
48749, 0.01109560
48750, 0.01109580
48751, 0.01109600
48752, 0.01109620
48753, 0.01109640
48754, 0.01109660
48755, 0.01109680
48756, 0.01109710
48757, 0.01109730
48758, 0.01109750
48759, 0.01109770
48760, 0.01109790
48761, 0.01109810
48762, 0.01109830
48763, 0.01109850
48764, 0.01109870
48765, 0.01109890
48766, 0.01109910
48767, 0.01109930
48768, 0.01109950
48769, 0.01109970
48770, 0.01109990
48771, 0.01110010
48772, 0.01110030
48773, 0.01110050
48774, 0.01110070
48775, 0.01110090
48776, 0.01110110
48777, 0.01110130
48778, 0.01110160
48779, 0.01110180
48780, 0.01110200
48781, 0.01110220
48782, 0.01110240
48783, 0.01110260
48784, 0.01110280
48785, 0.01110300
48786, 0.01110320
48787, 0.01110340
48788, 0.01110360
48789, 0.01110380
48790, 0.01110400
48791, 0.01110420
48792, 0.01110440
48793, 0.01110460
48794, 0.01110480
48795, 0.01110500
48796, 0.01110520
48797, 0.01110540
48798, 0.01110570
48799, 0.01110590
48800, 0.01110610
48801, 0.01110630
48802, 0.01110660
48803, 0.01110680
48804, 0.01110700
48805, 0.01110720
48806, 0.01110740
48807, 0.01110760
48808, 0.01110780
48809, 0.01110800
48810, 0.01110820
48811, 0.01110840
48812, 0.01110870
48813, 0.01110900
48814, 0.01110930
48815, 0.01110950
48816, 0.01110980
48817, 0.01111000
48818, 0.01111020
48819, 0.01111040
48820, 0.01111070
48821, 0.01111090
48822, 0.01111110
48823, 0.01111130
48824, 0.01111150
48825, 0.01111170
48826, 0.01111190
48827, 0.01111210
48828, 0.01111230
48829, 0.01111250
48830, 0.01111270
48831, 0.01111290
48832, 0.01111320
48833, 0.01111340
48834, 0.01111360
48835, 0.01111380
48836, 0.01111400
48837, 0.01111420
48838, 0.01111440
48839, 0.01111460
48840, 0.01111480
48841, 0.01111500
48842, 0.01111520
48843, 0.01111540
48844, 0.01111560
48845, 0.01111580
48846, 0.01111600
48847, 0.01111620
48848, 0.01111640
48849, 0.01111660
48850, 0.01111680
48851, 0.01111700
48852, 0.01111720
48853, 0.01111740
48854, 0.01111760
48855, 0.01111780
48856, 0.01111810
48857, 0.01111830
48858, 0.01111850
48859, 0.01111870
48860, 0.01111890
48861, 0.01111910
48862, 0.01111930
48863, 0.01111950
48864, 0.01111970
48865, 0.01111990
48866, 0.01112010
48867, 0.01112030
48868, 0.01112050
48869, 0.01112070
48870, 0.01112090
48871, 0.01112110
48872, 0.01112130
48873, 0.01112150
48874, 0.01112170
48875, 0.01112200
48876, 0.01112220
48877, 0.01112240
48878, 0.01112260
48879, 0.01112280
48880, 0.01112300
48881, 0.01112320
48882, 0.01112340
48883, 0.01112360
48884, 0.01112380
48885, 0.01112400
48886, 0.01112420
48887, 0.01112440
48888, 0.01112460
48889, 0.01112480
48890, 0.01112500
48891, 0.01112520
48892, 0.01112540
48893, 0.01112560
48894, 0.01112580
48895, 0.01112610
48896, 0.01112630
48897, 0.01112650
48898, 0.01112670
48899, 0.01112690
48900, 0.01112710
48901, 0.01112730
48902, 0.01112750
48903, 0.01112770
48904, 0.01112790
48905, 0.01112810
48906, 0.01112830
48907, 0.01112850
48908, 0.01112870
48909, 0.01112900
48910, 0.01112920
48911, 0.01112940
48912, 0.01112960
48913, 0.01112980
48914, 0.01113000
48915, 0.01113020
48916, 0.01113040
48917, 0.01113060
48918, 0.01113080
48919, 0.01113100
48920, 0.01113120
48921, 0.01113140
48922, 0.01113160
48923, 0.01113180
48924, 0.01113200
48925, 0.01113220
48926, 0.01113240
48927, 0.01113260
48928, 0.01113280
48929, 0.01113310
48930, 0.01113350
48931, 0.01113370
48932, 0.01113390
48933, 0.01113410
48934, 0.01113440
48935, 0.01113460
48936, 0.01113480
48937, 0.01113500
48938, 0.01113530
48939, 0.01113550
48940, 0.01113570
48941, 0.01113590
48942, 0.01113630
48943, 0.01113650
48944, 0.01113680
48945, 0.01113700
48946, 0.01113720
48947, 0.01113740
48948, 0.01113760
48949, 0.01113790
48950, 0.01113810
48951, 0.01113830
48952, 0.01113850
48953, 0.01113870
48954, 0.01113890
48955, 0.01113910
48956, 0.01113930
48957, 0.01113950
48958, 0.01113970
48959, 0.01113990
48960, 0.01114010
48961, 0.01114030
48962, 0.01114050
48963, 0.01114070
48964, 0.01114090
48965, 0.01114110
48966, 0.01114130
48967, 0.01114150
48968, 0.01114170
48969, 0.01114190
48970, 0.01114220
48971, 0.01114240
48972, 0.01114260
48973, 0.01114280
48974, 0.01114300
48975, 0.01114320
48976, 0.01114340
48977, 0.01114360
48978, 0.01114380
48979, 0.01114400
48980, 0.01114420
48981, 0.01114440
48982, 0.01114460
48983, 0.01114480
48984, 0.01114500
48985, 0.01114520
48986, 0.01114540
48987, 0.01114560
48988, 0.01114580
48989, 0.01114600
48990, 0.01114630
48991, 0.01114650
48992, 0.01114670
48993, 0.01114690
48994, 0.01114710
48995, 0.01114730
48996, 0.01114750
48997, 0.01114770
48998, 0.01114790
48999, 0.01114810
49000, 0.01114830
49001, 0.01114850
49002, 0.01114870
49003, 0.01114890
49004, 0.01114910
49005, 0.01114930
49006, 0.01114950
49007, 0.01114970
49008, 0.01114990
49009, 0.01115010
49010, 0.01115040
49011, 0.01115060
49012, 0.01115080
49013, 0.01115100
49014, 0.01115120
49015, 0.01115140
49016, 0.01115160
49017, 0.01115180
49018, 0.01115200
49019, 0.01115220
49020, 0.01115240
49021, 0.01115260
49022, 0.01115280
49023, 0.01115300
49024, 0.01115320
49025, 0.01115340
49026, 0.01115360
49027, 0.01115380
49028, 0.01115400
49029, 0.01115420
49030, 0.01115440
49031, 0.01115460
49032, 0.01115490
49033, 0.01115510
49034, 0.01115530
49035, 0.01115550
49036, 0.01115570
49037, 0.01115590
49038, 0.01115610
49039, 0.01115630
49040, 0.01115650
49041, 0.01115670
49042, 0.01115690
49043, 0.01115710
49044, 0.01115730
49045, 0.01115750
49046, 0.01115770
49047, 0.01115790
49048, 0.01115810
49049, 0.01115830
49050, 0.01115850
49051, 0.01115870
49052, 0.01115890
49053, 0.01115910
49054, 0.01115940
49055, 0.01115960
49056, 0.01115990
49057, 0.01116010
49058, 0.01116030
49059, 0.01116050
49060, 0.01116070
49061, 0.01116090
49062, 0.01116110
49063, 0.01116130
49064, 0.01116160
49065, 0.01116180
49066, 0.01116200
49067, 0.01116220
49068, 0.01116250
49069, 0.01116270
49070, 0.01116300
49071, 0.01116320
49072, 0.01116340
49073, 0.01116360
49074, 0.01116380
49075, 0.01116400
49076, 0.01116420
49077, 0.01116440
49078, 0.01116470
49079, 0.01116490
49080, 0.01116510
49081, 0.01116530
49082, 0.01116550
49083, 0.01116570
49084, 0.01116590
49085, 0.01116610
49086, 0.01116630
49087, 0.01116650
49088, 0.01116670
49089, 0.01116690
49090, 0.01116710
49091, 0.01116730
49092, 0.01116750
49093, 0.01116770
49094, 0.01116790
49095, 0.01116810
49096, 0.01116830
49097, 0.01116850
49098, 0.01116880
49099, 0.01116900
49100, 0.01116920
49101, 0.01116940
49102, 0.01116960
49103, 0.01116980
49104, 0.01117000
49105, 0.01117020
49106, 0.01117040
49107, 0.01117060
49108, 0.01117080
49109, 0.01117100
49110, 0.01117120
49111, 0.01117140
49112, 0.01117160
49113, 0.01117180
49114, 0.01117200
49115, 0.01117220
49116, 0.01117240
49117, 0.01117270
49118, 0.01117290
49119, 0.01117310
49120, 0.01117330
49121, 0.01117350
49122, 0.01117370
49123, 0.01117390
49124, 0.01117410
49125, 0.01117430
49126, 0.01117450
49127, 0.01117470
49128, 0.01117490
49129, 0.01117510
49130, 0.01117540
49131, 0.01117560
49132, 0.01117580
49133, 0.01117600
49134, 0.01117620
49135, 0.01117640
49136, 0.01117660
49137, 0.01117680
49138, 0.01117700
49139, 0.01117720
49140, 0.01117740
49141, 0.01117760
49142, 0.01117780
49143, 0.01117800
49144, 0.01117820
49145, 0.01117840
49146, 0.01117870
49147, 0.01117890
49148, 0.01117910
49149, 0.01117930
49150, 0.01117950
49151, 0.01117970
49152, 0.01117990
49153, 0.01118010
49154, 0.01118030
49155, 0.01118050
49156, 0.01118070
49157, 0.01118090
49158, 0.01118110
49159, 0.01118130
49160, 0.01118150
49161, 0.01118170
49162, 0.01118190
49163, 0.01118210
49164, 0.01118230
49165, 0.01118260
49166, 0.01118280
49167, 0.01118300
49168, 0.01118320
49169, 0.01118340
49170, 0.01118360
49171, 0.01118380
49172, 0.01118400
49173, 0.01118420
49174, 0.01118440
49175, 0.01118460
49176, 0.01118480
49177, 0.01118500
49178, 0.01118520
49179, 0.01118540
49180, 0.01118560
49181, 0.01118580
49182, 0.01118600
49183, 0.01118620
49184, 0.01118650
49185, 0.01118670
49186, 0.01118700
49187, 0.01118720
49188, 0.01118740
49189, 0.01118760
49190, 0.01118780
49191, 0.01118800
49192, 0.01118820
49193, 0.01118840
49194, 0.01118870
49195, 0.01118890
49196, 0.01118920
49197, 0.01118940
49198, 0.01118970
49199, 0.01118990
49200, 0.01119010
49201, 0.01119030
49202, 0.01119050
49203, 0.01119070
49204, 0.01119100
49205, 0.01119120
49206, 0.01119140
49207, 0.01119160
49208, 0.01119180
49209, 0.01119200
49210, 0.01119220
49211, 0.01119240
49212, 0.01119260
49213, 0.01119280
49214, 0.01119300
49215, 0.01119320
49216, 0.01119340
49217, 0.01119360
49218, 0.01119380
49219, 0.01119400
49220, 0.01119420
49221, 0.01119440
49222, 0.01119460
49223, 0.01119480
49224, 0.01119500
49225, 0.01119530
49226, 0.01119550
49227, 0.01119570
49228, 0.01119590
49229, 0.01119610
49230, 0.01119630
49231, 0.01119650
49232, 0.01119670
49233, 0.01119690
49234, 0.01119710
49235, 0.01119730
49236, 0.01119750
49237, 0.01119770
49238, 0.01119790
49239, 0.01119810
49240, 0.01119830
49241, 0.01119850
49242, 0.01119870
49243, 0.01119890
49244, 0.01119920
49245, 0.01119940
49246, 0.01119960
49247, 0.01119980
49248, 0.01120000
49249, 0.01120020
49250, 0.01120040
49251, 0.01120060
49252, 0.01120080
49253, 0.01120100
49254, 0.01120120
49255, 0.01120140
49256, 0.01120160
49257, 0.01120180
49258, 0.01120200
49259, 0.01120220
49260, 0.01120240
49261, 0.01120260
49262, 0.01120290
49263, 0.01120310
49264, 0.01120330
49265, 0.01120350
49266, 0.01120370
49267, 0.01120390
49268, 0.01120410
49269, 0.01120430
49270, 0.01120450
49271, 0.01120470
49272, 0.01120490
49273, 0.01120510
49274, 0.01120530
49275, 0.01120550
49276, 0.01120570
49277, 0.01120590
49278, 0.01120610
49279, 0.01120630
49280, 0.01120650
49281, 0.01120670
49282, 0.01120700
49283, 0.01120720
49284, 0.01120740
49285, 0.01120760
49286, 0.01120780
49287, 0.01120800
49288, 0.01120820
49289, 0.01120840
49290, 0.01120860
49291, 0.01120880
49292, 0.01120900
49293, 0.01120920
49294, 0.01120940
49295, 0.01120960
49296, 0.01120980
49297, 0.01121000
49298, 0.01121020
49299, 0.01121040
49300, 0.01121070
49301, 0.01121090
49302, 0.01121110
49303, 0.01121130
49304, 0.01121150
49305, 0.01121170
49306, 0.01121190
49307, 0.01121210
49308, 0.01121230
49309, 0.01121250
49310, 0.01121270
49311, 0.01121290
49312, 0.01121320
49313, 0.01121340
49314, 0.01121360
49315, 0.01121380
49316, 0.01121400
49317, 0.01121420
49318, 0.01121440
49319, 0.01121460
49320, 0.01121480
49321, 0.01121510
49322, 0.01121530
49323, 0.01121550
49324, 0.01121580
49325, 0.01121600
49326, 0.01121630
49327, 0.01121650
49328, 0.01121670
49329, 0.01121690
49330, 0.01121710
49331, 0.01121730
49332, 0.01121760
49333, 0.01121780
49334, 0.01121800
49335, 0.01121820
49336, 0.01121840
49337, 0.01121860
49338, 0.01121880
49339, 0.01121900
49340, 0.01121920
49341, 0.01121940
49342, 0.01121960
49343, 0.01121980
49344, 0.01122000
49345, 0.01122020
49346, 0.01122040
49347, 0.01122060
49348, 0.01122080
49349, 0.01122100
49350, 0.01122120
49351, 0.01122140
49352, 0.01122170
49353, 0.01122190
49354, 0.01122210
49355, 0.01122230
49356, 0.01122250
49357, 0.01122270
49358, 0.01122290
49359, 0.01122310
49360, 0.01122330
49361, 0.01122350
49362, 0.01122370
49363, 0.01122390
49364, 0.01122410
49365, 0.01122430
49366, 0.01122450
49367, 0.01122470
49368, 0.01122490
49369, 0.01122510
49370, 0.01122540
49371, 0.01122560
49372, 0.01122580
49373, 0.01122600
49374, 0.01122620
49375, 0.01122640
49376, 0.01122660
49377, 0.01122680
49378, 0.01122700
49379, 0.01122720
49380, 0.01122740
49381, 0.01122760
49382, 0.01122780
49383, 0.01122800
49384, 0.01122820
49385, 0.01122840
49386, 0.01122860
49387, 0.01122880
49388, 0.01122910
49389, 0.01122930
49390, 0.01122950
49391, 0.01122970
49392, 0.01122990
49393, 0.01123010
49394, 0.01123030
49395, 0.01123050
49396, 0.01123070
49397, 0.01123090
49398, 0.01123110
49399, 0.01123130
49400, 0.01123150
49401, 0.01123170
49402, 0.01123190
49403, 0.01123210
49404, 0.01123230
49405, 0.01123250
49406, 0.01123270
49407, 0.01123290
49408, 0.01123320
49409, 0.01123340
49410, 0.01123360
49411, 0.01123380
49412, 0.01123400
49413, 0.01123420
49414, 0.01123440
49415, 0.01123460
49416, 0.01123480
49417, 0.01123500
49418, 0.01123520
49419, 0.01123540
49420, 0.01123560
49421, 0.01123580
49422, 0.01123600
49423, 0.01123620
49424, 0.01123640
49425, 0.01123660
49426, 0.01123680
49427, 0.01123710
49428, 0.01123730
49429, 0.01123750
49430, 0.01123770
49431, 0.01123790
49432, 0.01123810
49433, 0.01123830
49434, 0.01123850
49435, 0.01123870
49436, 0.01123890
49437, 0.01123910
49438, 0.01123930
49439, 0.01123950
49440, 0.01124470
49441, 0.01124490
49442, 0.01124510
49443, 0.01124540
49444, 0.01124560
49445, 0.01124580
49446, 0.01124600
49447, 0.01124620
49448, 0.01124640
49449, 0.01124660
49450, 0.01124680
49451, 0.01124700
49452, 0.01124720
49453, 0.01124740
49454, 0.01124760
49455, 0.01124780
49456, 0.01124800
49457, 0.01124820
49458, 0.01124840
49459, 0.01124860
49460, 0.01124880
49461, 0.01124910
49462, 0.01124930
49463, 0.01124950
49464, 0.01124970
49465, 0.01124990
49466, 0.01125010
49467, 0.01125030
49468, 0.01125050
49469, 0.01125070
49470, 0.01125090
49471, 0.01125110
49472, 0.01125130
49473, 0.01125150
49474, 0.01125170
49475, 0.01125190
49476, 0.01125210
49477, 0.01125230
49478, 0.01125250
49479, 0.01125270
49480, 0.01125290
49481, 0.01125310
49482, 0.01125330
49483, 0.01125360
49484, 0.01125380
49485, 0.01125400
49486, 0.01125420
49487, 0.01125440
49488, 0.01125460
49489, 0.01125480
49490, 0.01125500
49491, 0.01125520
49492, 0.01125540
49493, 0.01125560
49494, 0.01125580
49495, 0.01125600
49496, 0.01125620
49497, 0.01125640
49498, 0.01125660
49499, 0.01125680
49500, 0.01125700
49501, 0.01125720
49502, 0.01125740
49503, 0.01125760
49504, 0.01125780
49505, 0.01125800
49506, 0.01125830
49507, 0.01125850
49508, 0.01125870
49509, 0.01125890
49510, 0.01125910
49511, 0.01125930
49512, 0.01125950
49513, 0.01125970
49514, 0.01125990
49515, 0.01126010
49516, 0.01126030
49517, 0.01126050
49518, 0.01126070
49519, 0.01126090
49520, 0.01126110
49521, 0.01126130
49522, 0.01126150
49523, 0.01126170
49524, 0.01126190
49525, 0.01126210
49526, 0.01126230
49527, 0.01126260
49528, 0.01126280
49529, 0.01126300
49530, 0.01126320
49531, 0.01126340
49532, 0.01126360
49533, 0.01126380
49534, 0.01126400
49535, 0.01126420
49536, 0.01126440
49537, 0.01126460
49538, 0.01126480
49539, 0.01126500
49540, 0.01126520
49541, 0.01126540
49542, 0.01126560
49543, 0.01126580
49544, 0.01126600
49545, 0.01126620
49546, 0.01126640
49547, 0.01126660
49548, 0.01126690
49549, 0.01126710
49550, 0.01126730
49551, 0.01126750
49552, 0.01126770
49553, 0.01126790
49554, 0.01126810
49555, 0.01126830
49556, 0.01126850
49557, 0.01126870
49558, 0.01126890
49559, 0.01126910
49560, 0.01126930
49561, 0.01126950
49562, 0.01126970
49563, 0.01126990
49564, 0.01127010
49565, 0.01127030
49566, 0.01127060
49567, 0.01127080
49568, 0.01127100
49569, 0.01127120
49570, 0.01127150
49571, 0.01127170
49572, 0.01127190
49573, 0.01127220
49574, 0.01127240
49575, 0.01127260
49576, 0.01127290
49577, 0.01127310
49578, 0.01127340
49579, 0.01127360
49580, 0.01127390
49581, 0.01127410
49582, 0.01127430
49583, 0.01127450
49584, 0.01127470
49585, 0.01127500
49586, 0.01127520
49587, 0.01127540
49588, 0.01127560
49589, 0.01127580
49590, 0.01127600
49591, 0.01127620
49592, 0.01127640
49593, 0.01127660
49594, 0.01127680
49595, 0.01127700
49596, 0.01127720
49597, 0.01127740
49598, 0.01127760
49599, 0.01127780
49600, 0.01127800
49601, 0.01127820
49602, 0.01127840
49603, 0.01127860
49604, 0.01127890
49605, 0.01127910
49606, 0.01127930
49607, 0.01127950
49608, 0.01127970
49609, 0.01127990
49610, 0.01128010
49611, 0.01128030
49612, 0.01128050
49613, 0.01128070
49614, 0.01128090
49615, 0.01128110
49616, 0.01128130
49617, 0.01128150
49618, 0.01128170
49619, 0.01128190
49620, 0.01128210
49621, 0.01128230
49622, 0.01128250
49623, 0.01128270
49624, 0.01128290
49625, 0.01128320
49626, 0.01128340
49627, 0.01128360
49628, 0.01128380
49629, 0.01128400
49630, 0.01128420
49631, 0.01128440
49632, 0.01128460
49633, 0.01128480
49634, 0.01128500
49635, 0.01128520
49636, 0.01128540
49637, 0.01128560
49638, 0.01128580
49639, 0.01128600
49640, 0.01128620
49641, 0.01128640
49642, 0.01128660
49643, 0.01128680
49644, 0.01128700
49645, 0.01128720
49646, 0.01128740
49647, 0.01128770
49648, 0.01128790
49649, 0.01128810
49650, 0.01128830
49651, 0.01128850
49652, 0.01128870
49653, 0.01128890
49654, 0.01128910
49655, 0.01128930
49656, 0.01128950
49657, 0.01128970
49658, 0.01128990
49659, 0.01129010
49660, 0.01129030
49661, 0.01129050
49662, 0.01129070
49663, 0.01129090
49664, 0.01129110
49665, 0.01129130
49666, 0.01129150
49667, 0.01129170
49668, 0.01129200
49669, 0.01129220
49670, 0.01129240
49671, 0.01129260
49672, 0.01129280
49673, 0.01129300
49674, 0.01129320
49675, 0.01129340
49676, 0.01129360
49677, 0.01129380
49678, 0.01129400
49679, 0.01129420
49680, 0.01129440
49681, 0.01129460
49682, 0.01129480
49683, 0.01129500
49684, 0.01129520
49685, 0.01129540
49686, 0.01129560
49687, 0.01129580
49688, 0.01129600
49689, 0.01129620
49690, 0.01129640
49691, 0.01129660
49692, 0.01129690
49693, 0.01129710
49694, 0.01129740
49695, 0.01129760
49696, 0.01129780
49697, 0.01129800
49698, 0.01129820
49699, 0.01129840
49700, 0.01129870
49701, 0.01129890
49702, 0.01129910
49703, 0.01129930
49704, 0.01129950
49705, 0.01129970
49706, 0.01130030
49707, 0.01130050
49708, 0.01130070
49709, 0.01130090
49710, 0.01130120
49711, 0.01130140
49712, 0.01130160
49713, 0.01130180
49714, 0.01130200
49715, 0.01130220
49716, 0.01130240
49717, 0.01130260
49718, 0.01130280
49719, 0.01130300
49720, 0.01130330
49721, 0.01130350
49722, 0.01130370
49723, 0.01130390
49724, 0.01130410
49725, 0.01130430
49726, 0.01130450
49727, 0.01130470
49728, 0.01130490
49729, 0.01130510
49730, 0.01130530
49731, 0.01130550
49732, 0.01130570
49733, 0.01130590
49734, 0.01130610
49735, 0.01130630
49736, 0.01130650
49737, 0.01130670
49738, 0.01130690
49739, 0.01130710
49740, 0.01130740
49741, 0.01130760
49742, 0.01130780
49743, 0.01130800
49744, 0.01130820
49745, 0.01130840
49746, 0.01130860
49747, 0.01130880
49748, 0.01130900
49749, 0.01130920
49750, 0.01130940
49751, 0.01130960
49752, 0.01130980
49753, 0.01131000
49754, 0.01131020
49755, 0.01131040
49756, 0.01131060
49757, 0.01131090
49758, 0.01131110
49759, 0.01131130
49760, 0.01131150
49761, 0.01131170
49762, 0.01131190
49763, 0.01131210
49764, 0.01131230
49765, 0.01131250
49766, 0.01131270
49767, 0.01131290
49768, 0.01131310
49769, 0.01131330
49770, 0.01131350
49771, 0.01131370
49772, 0.01131390
49773, 0.01131410
49774, 0.01131430
49775, 0.01131450
49776, 0.01131470
49777, 0.01131490
49778, 0.01131520
49779, 0.01131540
49780, 0.01131560
49781, 0.01131580
49782, 0.01131600
49783, 0.01131620
49784, 0.01131640
49785, 0.01131660
49786, 0.01131680
49787, 0.01131700
49788, 0.01131720
49789, 0.01131740
49790, 0.01131760
49791, 0.01131780
49792, 0.01131800
49793, 0.01131820
49794, 0.01131840
49795, 0.01131860
49796, 0.01131880
49797, 0.01131900
49798, 0.01131920
49799, 0.01131950
49800, 0.01131970
49801, 0.01131990
49802, 0.01132010
49803, 0.01132030
49804, 0.01132050
49805, 0.01132070
49806, 0.01132090
49807, 0.01132110
49808, 0.01132130
49809, 0.01132150
49810, 0.01132170
49811, 0.01132190
49812, 0.01132210
49813, 0.01132230
49814, 0.01132250
49815, 0.01132270
49816, 0.01132290
49817, 0.01132310
49818, 0.01132330
49819, 0.01132360
49820, 0.01132380
49821, 0.01132400
49822, 0.01132430
49823, 0.01132450
49824, 0.01132470
49825, 0.01132490
49826, 0.01132510
49827, 0.01132530
49828, 0.01132550
49829, 0.01132570
49830, 0.01132590
49831, 0.01132610
49832, 0.01132640
49833, 0.01132660
49834, 0.01132690
49835, 0.01132710
49836, 0.01132750
49837, 0.01132770
49838, 0.01132800
49839, 0.01132820
49840, 0.01132840
49841, 0.01132860
49842, 0.01132880
49843, 0.01132900
49844, 0.01132920
49845, 0.01132940
49846, 0.01132970
49847, 0.01132990
49848, 0.01133010
49849, 0.01133030
49850, 0.01133050
49851, 0.01133070
49852, 0.01133090
49853, 0.01133110
49854, 0.01133130
49855, 0.01133150
49856, 0.01133170
49857, 0.01133190
49858, 0.01133210
49859, 0.01133230
49860, 0.01133250
49861, 0.01133270
49862, 0.01133290
49863, 0.01133310
49864, 0.01133330
49865, 0.01133350
49866, 0.01133380
49867, 0.01133400
49868, 0.01133420
49869, 0.01133460
49870, 0.01133490
49871, 0.01133540
49872, 0.01133580
49873, 0.01133620
49874, 0.01133650
49875, 0.01133690
49876, 0.01133730
49877, 0.01133770
49878, 0.01133810
49879, 0.01133850
49880, 0.01133880
49881, 0.01133920
49882, 0.01133960
49883, 0.01134000
49884, 0.01134040
49885, 0.01134070
49886, 0.01134110
49887, 0.01134150
49888, 0.01134190
49889, 0.01134230
49890, 0.01134260
49891, 0.01134300
49892, 0.01134340
49893, 0.01134370
49894, 0.01134400
49895, 0.01134440
49896, 0.01134480
49897, 0.01134520
49898, 0.01134560
49899, 0.01134590
49900, 0.01134640
49901, 0.01134680
49902, 0.01134710
49903, 0.01134750
49904, 0.01134790
49905, 0.01134820
49906, 0.01134860
49907, 0.01134900
49908, 0.01134940
49909, 0.01134980
49910, 0.01135030
49911, 0.01135070
49912, 0.01135100
49913, 0.01135140
49914, 0.01135180
49915, 0.01135220
49916, 0.01135260
49917, 0.01135300
49918, 0.01135340
49919, 0.01135380
49920, 0.01135410
49921, 0.01135430
49922, 0.01135450
49923, 0.01135470
49924, 0.01135500
49925, 0.01135520
49926, 0.01135540
49927, 0.01135560
49928, 0.01135580
49929, 0.01135600
49930, 0.01135620
49931, 0.01135670
49932, 0.01135710
49933, 0.01135750
49934, 0.01135790
49935, 0.01135830
49936, 0.01135870
49937, 0.01135910
49938, 0.01135950
49939, 0.01135980
49940, 0.01136020
49941, 0.01136060
49942, 0.01136090
49943, 0.01136120
49944, 0.01136160
49945, 0.01136200
49946, 0.01136230
49947, 0.01136260
49948, 0.01136300
49949, 0.01136330
49950, 0.01136390
49951, 0.01136430
49952, 0.01136470
49953, 0.01136510
49954, 0.01136550
49955, 0.01136580
49956, 0.01136620
49957, 0.01136660
49958, 0.01136690
49959, 0.01136730
49960, 0.01136770
49961, 0.01136810
49962, 0.01136840
49963, 0.01136870
49964, 0.01136910
49965, 0.01136950
49966, 0.01136990
49967, 0.01137020
49968, 0.01137060
49969, 0.01137100
49970, 0.01137140
49971, 0.01137170
49972, 0.01137210
49973, 0.01137240
49974, 0.01137270
49975, 0.01137310
49976, 0.01137350
49977, 0.01137380
49978, 0.01137420
49979, 0.01137460
49980, 0.01137490
49981, 0.01137530
49982, 0.01137580
49983, 0.01137620
49984, 0.01137660
49985, 0.01137700
49986, 0.01137740
49987, 0.01137780
49988, 0.01137810
49989, 0.01137850
49990, 0.01137890
49991, 0.01137930
49992, 0.01137960
49993, 0.01138000
49994, 0.01138040
49995, 0.01138080
49996, 0.01138120
49997, 0.01138170
49998, 0.01138200
49999, 0.01138240
50000, 0.01138280
