0, 0.00000000
1, 0.00000107
2, 0.00000127
3, 0.00000144
4, 0.00000162
5, 0.00000179
6, 0.00000200
7, 0.00000229
8, 0.00000251
9, 0.00000268
10, 0.00000285
11, 0.00000303
12, 0.00000319
13, 0.00000344
14, 0.00000361
15, 0.00000378
16, 0.00000395
17, 0.00000418
18, 0.00000435
19, 0.00000455
20, 0.00000472
21, 0.00000489
22, 0.00000506
23, 0.00000542
24, 0.00000559
25, 0.00000584
26, 0.00000601
27, 0.00000618
28, 0.00000636
29, 0.00000660
30, 0.00000676
31, 0.00000693
32, 0.00000709
33, 0.00000726
34, 0.00000742
35, 0.00000758
36, 0.00000775
37, 0.00000791
38, 0.00000808
39, 0.00000853
40, 0.00000870
41, 0.00000886
42, 0.00000903
43, 0.00000919
44, 0.00000935
45, 0.00000952
46, 0.00000969
47, 0.00000988
48, 0.00001005
49, 0.00001023
50, 0.00001040
51, 0.00001057
52, 0.00001075
53, 0.00001092
54, 0.00001109
55, 0.00001132
56, 0.00001149
57, 0.00001167
58, 0.00001184
59, 0.00001202
60, 0.00001219
61, 0.00001236
62, 0.00001253
63, 0.00001279
64, 0.00001296
65, 0.00001321
66, 0.00001338
67, 0.00001355
68, 0.00001373
69, 0.00001390
70, 0.00001407
71, 0.00001432
72, 0.00001449
73, 0.00001466
74, 0.00001484
75, 0.00001501
76, 0.00001518
77, 0.00001535
78, 0.00001552
79, 0.00001570
80, 0.00001587
81, 0.00001604
82, 0.00001622
83, 0.00001639
84, 0.00001656
85, 0.00001673
86, 0.00001691
87, 0.00001715
88, 0.00001732
89, 0.00001749
90, 0.00001767
91, 0.00001784
92, 0.00001801
93, 0.00001818
94, 0.00001835
95, 0.00001853
96, 0.00001870
97, 0.00001887
98, 0.00001905
99, 0.00001922
100, 0.00001939
101, 0.00001957
102, 0.00001974
103, 0.00001991
104, 0.00002008
105, 0.00002025
106, 0.00002043
107, 0.00002060
108, 0.00002077
109, 0.00002094
110, 0.00002111
111, 0.00002129
112, 0.00002146
113, 0.00002163
114, 0.00002180
115, 0.00002198
116, 0.00002215
117, 0.00002232
118, 0.00002249
119, 0.00002266
120, 0.00002284
121, 0.00002301
122, 0.00002318
123, 0.00002335
124, 0.00002352
125, 0.00002370
126, 0.00002387
127, 0.00002404
128, 0.00002421
129, 0.00002438
130, 0.00002455
131, 0.00002473
132, 0.00002491
133, 0.00002527
134, 0.00002546
135, 0.00002571
136, 0.00002587
137, 0.00002603
138, 0.00002619
139, 0.00002636
140, 0.00002653
141, 0.00002669
142, 0.00002686
143, 0.00002703
144, 0.00002720
145, 0.00002736
146, 0.00002753
147, 0.00002769
148, 0.00002785
149, 0.00002802
150, 0.00002819
151, 0.00002835
152, 0.00002851
153, 0.00002868
154, 0.00002884
155, 0.00002901
156, 0.00002917
157, 0.00002933
158, 0.00002949
159, 0.00002966
160, 0.00002983
161, 0.00002999
162, 0.00003015
163, 0.00003032
164, 0.00003048
165, 0.00003065
166, 0.00003081
167, 0.00003098
168, 0.00003114
169, 0.00003130
170, 0.00003147
171, 0.00003163
172, 0.00003180
173, 0.00003196
174, 0.00003212
175, 0.00003229
176, 0.00003245
177, 0.00003262
178, 0.00003278
179, 0.00003295
180, 0.00003311
181, 0.00003328
182, 0.00003344
183, 0.00003361
184, 0.00003378
185, 0.00003395
186, 0.00003411
187, 0.00003428
188, 0.00003445
189, 0.00003462
190, 0.00003478
191, 0.00003495
192, 0.00003511
193, 0.00003528
194, 0.00003544
195, 0.00003561
196, 0.00003577
197, 0.00003594
198, 0.00003610
199, 0.00003626
200, 0.00003643
201, 0.00003659
202, 0.00003676
203, 0.00003692
204, 0.00003709
205, 0.00003726
206, 0.00003742
207, 0.00003758
208, 0.00003775
209, 0.00003791
210, 0.00003807
211, 0.00003824
212, 0.00003840
213, 0.00003857
214, 0.00003873
215, 0.00003890
216, 0.00003906
217, 0.00003923
218, 0.00003939
219, 0.00003955
220, 0.00003972
221, 0.00003988
222, 0.00004005
223, 0.00004021
224, 0.00004038
225, 0.00004055
226, 0.00004071
227, 0.00004088
228, 0.00004104
229, 0.00004120
230, 0.00004137
231, 0.00004153
232, 0.00004169
233, 0.00004186
234, 0.00004203
235, 0.00004219
236, 0.00004235
237, 0.00004252
238, 0.00004268
239, 0.00004285
240, 0.00004301
241, 0.00004320
242, 0.00004336
243, 0.00004352
244, 0.00004369
245, 0.00004385
246, 0.00004401
247, 0.00004418
248, 0.00004434
249, 0.00004451
250, 0.00004467
251, 0.00004483
252, 0.00004500
253, 0.00004516
254, 0.00004533
255, 0.00004549
256, 0.00004566
257, 0.00004587
258, 0.00004620
259, 0.00004642
260, 0.00004661
261, 0.00004684
262, 0.00004701
263, 0.00004724
264, 0.00004741
265, 0.00004758
266, 0.00004776
267, 0.00004793
268, 0.00004811
269, 0.00004829
270, 0.00004847
271, 0.00004865
272, 0.00004883
273, 0.00004901
274, 0.00004918
275, 0.00004935
276, 0.00004952
277, 0.00004969
278, 0.00004986
279, 0.00005005
280, 0.00005025
281, 0.00005042
282, 0.00005060
283, 0.00005078
284, 0.00005095
285, 0.00005112
286, 0.00005130
287, 0.00005147
288, 0.00005165
289, 0.00005182
290, 0.00005199
291, 0.00005216
292, 0.00005234
293, 0.00005251
294, 0.00005268
295, 0.00005285
296, 0.00005303
297, 0.00005320
298, 0.00005338
299, 0.00005355
300, 0.00005372
301, 0.00005390
302, 0.00005407
303, 0.00005424
304, 0.00005441
305, 0.00005458
306, 0.00005475
307, 0.00005493
308, 0.00005510
309, 0.00005527
310, 0.00005544
311, 0.00005562
312, 0.00005579
313, 0.00005596
314, 0.00005613
315, 0.00005630
316, 0.00005648
317, 0.00005665
318, 0.00005682
319, 0.00005700
320, 0.00005717
321, 0.00005734
322, 0.00005751
323, 0.00005768
324, 0.00005785
325, 0.00005802
326, 0.00005819
327, 0.00005836
328, 0.00005853
329, 0.00005870
330, 0.00005888
331, 0.00005905
332, 0.00005922
333, 0.00005939
334, 0.00005956
335, 0.00005973
336, 0.00005990
337, 0.00006007
338, 0.00006024
339, 0.00006041
340, 0.00006058
341, 0.00006075
342, 0.00006092
343, 0.00006109
344, 0.00006126
345, 0.00006143
346, 0.00006161
347, 0.00006177
348, 0.00006195
349, 0.00006214
350, 0.00006231
351, 0.00006248
352, 0.00006266
353, 0.00006283
354, 0.00006300
355, 0.00006318
356, 0.00006335
357, 0.00006352
358, 0.00006370
359, 0.00006387
360, 0.00006404
361, 0.00006422
362, 0.00006439
363, 0.00006456
364, 0.00006474
365, 0.00006491
366, 0.00006509
367, 0.00006526
368, 0.00006544
369, 0.00006561
370, 0.00006579
371, 0.00006596
372, 0.00006613
373, 0.00006630
374, 0.00006648
375, 0.00006665
376, 0.00006682
377, 0.00006700
378, 0.00006718
379, 0.00006735
380, 0.00006752
381, 0.00006770
382, 0.00006790
383, 0.00007032
384, 0.00007053
385, 0.00007073
386, 0.00007090
387, 0.00007108
388, 0.00007125
389, 0.00007143
390, 0.00007161
391, 0.00007179
392, 0.00007197
393, 0.00007215
394, 0.00007232
395, 0.00007250
396, 0.00007267
397, 0.00007284
398, 0.00007302
399, 0.00007319
400, 0.00007336
401, 0.00007354
402, 0.00007372
403, 0.00007389
404, 0.00007407
405, 0.00007424
406, 0.00007442
407, 0.00007459
408, 0.00007477
409, 0.00007494
410, 0.00007512
411, 0.00007529
412, 0.00007546
413, 0.00007564
414, 0.00007582
415, 0.00007599
416, 0.00007617
417, 0.00007635
418, 0.00007652
419, 0.00007670
420, 0.00007687
421, 0.00007704
422, 0.00007721
423, 0.00007738
424, 0.00007755
425, 0.00007772
426, 0.00007789
427, 0.00007807
428, 0.00007824
429, 0.00007842
430, 0.00007859
431, 0.00007876
432, 0.00007893
433, 0.00007910
434, 0.00007928
435, 0.00007945
436, 0.00007962
437, 0.00007979
438, 0.00007996
439, 0.00008014
440, 0.00008031
441, 0.00008048
442, 0.00008065
443, 0.00008082
444, 0.00008100
445, 0.00008117
446, 0.00008134
447, 0.00008151
448, 0.00008168
449, 0.00008186
450, 0.00008203
451, 0.00008220
452, 0.00008237
453, 0.00008254
454, 0.00008271
455, 0.00008288
456, 0.00008305
457, 0.00008323
458, 0.00008340
459, 0.00008357
460, 0.00008374
461, 0.00008391
462, 0.00008409
463, 0.00008426
464, 0.00008444
465, 0.00008461
466, 0.00008478
467, 0.00008495
468, 0.00008512
469, 0.00008529
470, 0.00008546
471, 0.00008563
472, 0.00008581
473, 0.00008598
474, 0.00008615
475, 0.00008633
476, 0.00008652
477, 0.00008669
478, 0.00008686
479, 0.00008704
480, 0.00008722
481, 0.00008741
482, 0.00008759
483, 0.00008777
484, 0.00008795
485, 0.00008813
486, 0.00008831
487, 0.00008849
488, 0.00008867
489, 0.00008885
490, 0.00008903
491, 0.00008921
492, 0.00008940
493, 0.00008957
494, 0.00008976
495, 0.00008994
496, 0.00009012
497, 0.00009030
498, 0.00009048
499, 0.00009066
500, 0.00009083
501, 0.00009100
502, 0.00009117
503, 0.00009134
504, 0.00009151
505, 0.00009169
506, 0.00009186
507, 0.00009203
508, 0.00009222
509, 0.00009443
510, 0.00009465
511, 0.00009483
512, 0.00009502
513, 0.00009520
514, 0.00009538
515, 0.00009556
516, 0.00009575
517, 0.00009593
518, 0.00009611
519, 0.00009629
520, 0.00009648
521, 0.00009666
522, 0.00009684
523, 0.00009703
524, 0.00009721
525, 0.00009739
526, 0.00009758
527, 0.00009776
528, 0.00009794
529, 0.00009813
530, 0.00009831
531, 0.00009849
532, 0.00009867
533, 0.00009886
534, 0.00009904
535, 0.00009923
536, 0.00009941
537, 0.00009960
538, 0.00009978
539, 0.00009996
540, 0.00010015
541, 0.00010033
542, 0.00010052
543, 0.00010077
544, 0.00010095
545, 0.00010114
546, 0.00010132
547, 0.00010151
548, 0.00010169
549, 0.00010188
550, 0.00010206
551, 0.00010226
552, 0.00010244
553, 0.00010263
554, 0.00010281
555, 0.00010299
556, 0.00010317
557, 0.00010336
558, 0.00010354
559, 0.00010379
560, 0.00010397
561, 0.00010416
562, 0.00010434
563, 0.00010452
564, 0.00010470
565, 0.00010489
566, 0.00010507
567, 0.00010526
568, 0.00010545
569, 0.00010563
570, 0.00010582
571, 0.00010600
572, 0.00010617
573, 0.00010635
574, 0.00010653
575, 0.00010677
576, 0.00010695
577, 0.00010712
578, 0.00010730
579, 0.00010748
580, 0.00010765
581, 0.00010783
582, 0.00010801
583, 0.00010819
584, 0.00010836
585, 0.00010854
586, 0.00010872
587, 0.00010889
588, 0.00010906
589, 0.00010924
590, 0.00010942
591, 0.00010974
592, 0.00010992
593, 0.00011010
594, 0.00011028
595, 0.00011045
596, 0.00011063
597, 0.00011081
598, 0.00011099
599, 0.00011117
600, 0.00011134
601, 0.00011152
602, 0.00011170
603, 0.00011187
604, 0.00011206
605, 0.00011223
606, 0.00011241
607, 0.00011259
608, 0.00011277
609, 0.00011294
610, 0.00011312
611, 0.00011329
612, 0.00011347
613, 0.00011364
614, 0.00011382
615, 0.00011399
616, 0.00011417
617, 0.00011435
618, 0.00011452
619, 0.00011470
620, 0.00011487
621, 0.00011505
622, 0.00011523
623, 0.00011541
624, 0.00011558
625, 0.00011576
626, 0.00011593
627, 0.00011610
628, 0.00011628
629, 0.00011646
630, 0.00011663
631, 0.00011681
632, 0.00011699
633, 0.00011716
634, 0.00011735
635, 0.00011959
636, 0.00011979
637, 0.00011999
638, 0.00012017
639, 0.00012035
640, 0.00012053
641, 0.00012071
642, 0.00012088
643, 0.00012106
644, 0.00012123
645, 0.00012141
646, 0.00012158
647, 0.00012176
648, 0.00012193
649, 0.00012211
650, 0.00012228
651, 0.00012246
652, 0.00012263
653, 0.00012281
654, 0.00012299
655, 0.00012316
656, 0.00012334
657, 0.00012351
658, 0.00012369
659, 0.00012387
660, 0.00012405
661, 0.00012422
662, 0.00012440
663, 0.00012458
664, 0.00012476
665, 0.00012494
666, 0.00012512
667, 0.00012530
668, 0.00012548
669, 0.00012565
670, 0.00012583
671, 0.00012600
672, 0.00012618
673, 0.00012635
674, 0.00012653
675, 0.00012670
676, 0.00012688
677, 0.00012706
678, 0.00012723
679, 0.00012741
680, 0.00012758
681, 0.00012776
682, 0.00012794
683, 0.00012811
684, 0.00012829
685, 0.00012846
686, 0.00012864
687, 0.00012881
688, 0.00012899
689, 0.00012916
690, 0.00012934
691, 0.00012951
692, 0.00012969
693, 0.00012986
694, 0.00013004
695, 0.00013021
696, 0.00013039
697, 0.00013056
698, 0.00013073
699, 0.00013091
700, 0.00013108
701, 0.00013126
702, 0.00013144
703, 0.00013161
704, 0.00013178
705, 0.00013196
706, 0.00013213
707, 0.00013231
708, 0.00013248
709, 0.00013265
710, 0.00013283
711, 0.00013300
712, 0.00013318
713, 0.00013335
714, 0.00013352
715, 0.00013370
716, 0.00013387
717, 0.00013405
718, 0.00013422
719, 0.00013439
720, 0.00013457
721, 0.00013474
722, 0.00013492
723, 0.00013509
724, 0.00013526
725, 0.00013544
726, 0.00013561
727, 0.00013579
728, 0.00013596
729, 0.00013614
730, 0.00013631
731, 0.00013649
732, 0.00013666
733, 0.00013684
734, 0.00013701
735, 0.00013718
736, 0.00013736
737, 0.00013753
738, 0.00013770
739, 0.00013788
740, 0.00013805
741, 0.00013822
742, 0.00013840
743, 0.00013857
744, 0.00013875
745, 0.00013892
746, 0.00013909
747, 0.00013926
748, 0.00013944
749, 0.00013961
750, 0.00013979
751, 0.00013996
752, 0.00014014
753, 0.00014031
754, 0.00014049
755, 0.00014066
756, 0.00014084
757, 0.00014101
758, 0.00014119
759, 0.00014136
760, 0.00014155
761, 0.00014382
762, 0.00014402
763, 0.00014420
764, 0.00014437
765, 0.00014455
766, 0.00014472
767, 0.00014490
768, 0.00014507
769, 0.00014524
770, 0.00014542
771, 0.00014559
772, 0.00014576
773, 0.00014594
774, 0.00014611
775, 0.00014629
776, 0.00014646
777, 0.00014664
778, 0.00014681
779, 0.00014699
780, 0.00014716
781, 0.00014733
782, 0.00014751
783, 0.00014769
784, 0.00014786
785, 0.00014804
786, 0.00014821
787, 0.00014839
788, 0.00014856
789, 0.00014874
790, 0.00014891
791, 0.00014909
792, 0.00014926
793, 0.00014944
794, 0.00014961
795, 0.00014979
796, 0.00014997
797, 0.00015014
798, 0.00015032
799, 0.00015049
800, 0.00015067
801, 0.00015084
802, 0.00015102
803, 0.00015120
804, 0.00015137
805, 0.00015155
806, 0.00015172
807, 0.00015190
808, 0.00015207
809, 0.00015225
810, 0.00015242
811, 0.00015260
812, 0.00015278
813, 0.00015296
814, 0.00015314
815, 0.00015332
816, 0.00015349
817, 0.00015367
818, 0.00015384
819, 0.00015402
820, 0.00015419
821, 0.00015437
822, 0.00015455
823, 0.00015473
824, 0.00015490
825, 0.00015509
826, 0.00015526
827, 0.00015544
828, 0.00015561
829, 0.00015579
830, 0.00015597
831, 0.00015614
832, 0.00015632
833, 0.00015649
834, 0.00015667
835, 0.00015684
836, 0.00015701
837, 0.00015718
838, 0.00015736
839, 0.00015753
840, 0.00015771
841, 0.00015788
842, 0.00015806
843, 0.00015824
844, 0.00015842
845, 0.00015859
846, 0.00015877
847, 0.00015894
848, 0.00015912
849, 0.00015929
850, 0.00015946
851, 0.00015964
852, 0.00015981
853, 0.00015999
854, 0.00016017
855, 0.00016034
856, 0.00016051
857, 0.00016069
858, 0.00016087
859, 0.00016104
860, 0.00016122
861, 0.00016140
862, 0.00016157
863, 0.00016174
864, 0.00016192
865, 0.00016210
866, 0.00016227
867, 0.00016245
868, 0.00016262
869, 0.00016279
870, 0.00016296
871, 0.00016314
872, 0.00016331
873, 0.00016349
874, 0.00016366
875, 0.00016384
876, 0.00016402
877, 0.00016420
878, 0.00016437
879, 0.00016455
880, 0.00016472
881, 0.00016489
882, 0.00016507
883, 0.00016525
884, 0.00016542
885, 0.00016560
886, 0.00016578
887, 0.00016807
888, 0.00016827
889, 0.00016846
890, 0.00016864
891, 0.00016882
892, 0.00016899
893, 0.00016917
894, 0.00016935
895, 0.00016953
896, 0.00016970
897, 0.00016988
898, 0.00017006
899, 0.00017023
900, 0.00017041
901, 0.00017059
902, 0.00017077
903, 0.00017095
904, 0.00017112
905, 0.00017130
906, 0.00017149
907, 0.00017167
908, 0.00017184
909, 0.00017202
910, 0.00017220
911, 0.00017238
912, 0.00017256
913, 0.00017274
914, 0.00017291
915, 0.00017309
916, 0.00017327
917, 0.00017344
918, 0.00017362
919, 0.00017380
920, 0.00017398
921, 0.00017415
922, 0.00017433
923, 0.00017450
924, 0.00017468
925, 0.00017486
926, 0.00017504
927, 0.00017521
928, 0.00017539
929, 0.00017557
930, 0.00017574
931, 0.00017591
932, 0.00017609
933, 0.00017626
934, 0.00017644
935, 0.00017661
936, 0.00017679
937, 0.00017697
938, 0.00017714
939, 0.00017732
940, 0.00017750
941, 0.00017767
942, 0.00017786
943, 0.00017803
944, 0.00017821
945, 0.00017839
946, 0.00017856
947, 0.00017874
948, 0.00017892
949, 0.00017910
950, 0.00017927
951, 0.00017946
952, 0.00017963
953, 0.00017981
954, 0.00017998
955, 0.00018016
956, 0.00018034
957, 0.00018051
958, 0.00018069
959, 0.00018087
960, 0.00018105
961, 0.00018123
962, 0.00018141
963, 0.00018159
964, 0.00018176
965, 0.00018194
966, 0.00018212
967, 0.00018230
968, 0.00018247
969, 0.00018264
970, 0.00018282
971, 0.00018300
972, 0.00018318
973, 0.00018336
974, 0.00018353
975, 0.00018370
976, 0.00018388
977, 0.00018405
978, 0.00018423
979, 0.00018441
980, 0.00018459
981, 0.00018476
982, 0.00018494
983, 0.00018512
984, 0.00018529
985, 0.00018547
986, 0.00018564
987, 0.00018581
988, 0.00018599
989, 0.00018617
990, 0.00018634
991, 0.00018651
992, 0.00018669
993, 0.00018686
994, 0.00018703
995, 0.00018721
996, 0.00018738
997, 0.00018756
998, 0.00018773
999, 0.00018791
1000, 0.00018810
1001, 0.00018828
1002, 0.00018845
1003, 0.00018863
1004, 0.00018881
1005, 0.00018899
1006, 0.00018917
1007, 0.00018936
1008, 0.00018954
1009, 0.00018972
1010, 0.00018990
1011, 0.00019008
1012, 0.00019026
1013, 0.00019247
1014, 0.00019267
1015, 0.00019286
1016, 0.00019304
1017, 0.00019322
1018, 0.00019340
1019, 0.00019358
1020, 0.00019377
1021, 0.00019395
1022, 0.00019413
1023, 0.00019431
1024, 0.00019449
1025, 0.00019468
1026, 0.00019486
1027, 0.00019504
1028, 0.00019522
1029, 0.00019540
1030, 0.00019559
1031, 0.00019577
1032, 0.00019595
1033, 0.00019613
1034, 0.00019631
1035, 0.00019649
1036, 0.00019667
1037, 0.00019685
1038, 0.00019703
1039, 0.00019721
1040, 0.00019739
1041, 0.00019757
1042, 0.00019775
1043, 0.00019794
1044, 0.00019812
1045, 0.00019830
1046, 0.00019848
1047, 0.00019867
1048, 0.00019885
1049, 0.00019903
1050, 0.00019921
1051, 0.00019939
1052, 0.00019957
1053, 0.00019976
1054, 0.00019994
1055, 0.00020020
1056, 0.00020038
1057, 0.00020056
1058, 0.00020074
1059, 0.00020093
1060, 0.00020111
1061, 0.00020130
1062, 0.00020148
1063, 0.00020174
1064, 0.00020192
1065, 0.00020210
1066, 0.00020229
1067, 0.00020247
1068, 0.00020265
1069, 0.00020283
1070, 0.00020301
1071, 0.00020320
1072, 0.00020338
1073, 0.00020357
1074, 0.00020375
1075, 0.00020393
1076, 0.00020411
1077, 0.00020429
1078, 0.00020448
1079, 0.00020473
1080, 0.00020491
1081, 0.00020510
1082, 0.00020528
1083, 0.00020546
1084, 0.00020565
1085, 0.00020583
1086, 0.00020601
1087, 0.00020621
1088, 0.00020639
1089, 0.00020657
1090, 0.00020676
1091, 0.00020694
1092, 0.00020712
1093, 0.00020731
1094, 0.00020749
1095, 0.00020767
1096, 0.00020786
1097, 0.00020804
1098, 0.00020822
1099, 0.00020840
1100, 0.00020859
1101, 0.00020877
1102, 0.00020896
1103, 0.00020914
1104, 0.00020933
1105, 0.00020951
1106, 0.00020969
1107, 0.00020988
1108, 0.00021006
1109, 0.00021025
1110, 0.00021043
1111, 0.00021062
1112, 0.00021080
1113, 0.00021099
1114, 0.00021117
1115, 0.00021135
1116, 0.00021154
1117, 0.00021171
1118, 0.00021189
1119, 0.00021206
1120, 0.00021223
1121, 0.00021240
1122, 0.00021258
1123, 0.00021275
1124, 0.00021292
1125, 0.00021309
1126, 0.00021326
1127, 0.00021343
1128, 0.00021360
1129, 0.00021377
1130, 0.00021395
1131, 0.00021412
1132, 0.00021429
1133, 0.00021446
1134, 0.00021463
1135, 0.00021480
1136, 0.00021497
1137, 0.00021514
1138, 0.00021533
1139, 0.00021751
1140, 0.00021772
1141, 0.00021790
1142, 0.00021807
1143, 0.00021825
1144, 0.00021843
1145, 0.00021861
1146, 0.00021879
1147, 0.00021896
1148, 0.00021914
1149, 0.00021932
1150, 0.00021949
1151, 0.00021967
1152, 0.00021985
1153, 0.00022002
1154, 0.00022020
1155, 0.00022037
1156, 0.00022054
1157, 0.00022072
1158, 0.00022089
1159, 0.00022107
1160, 0.00022125
1161, 0.00022142
1162, 0.00022160
1163, 0.00022177
1164, 0.00022195
1165, 0.00022213
1166, 0.00022231
1167, 0.00022248
1168, 0.00022266
1169, 0.00022284
1170, 0.00022302
1171, 0.00022320
1172, 0.00022338
1173, 0.00022355
1174, 0.00022373
1175, 0.00022390
1176, 0.00022408
1177, 0.00022426
1178, 0.00022443
1179, 0.00022461
1180, 0.00022478
1181, 0.00022496
1182, 0.00022513
1183, 0.00022531
1184, 0.00022548
1185, 0.00022566
1186, 0.00022583
1187, 0.00022601
1188, 0.00022619
1189, 0.00022637
1190, 0.00022654
1191, 0.00022672
1192, 0.00022689
1193, 0.00022707
1194, 0.00022724
1195, 0.00022742
1196, 0.00022760
1197, 0.00022777
1198, 0.00022795
1199, 0.00022813
1200, 0.00022830
1201, 0.00022848
1202, 0.00022866
1203, 0.00022885
1204, 0.00022903
1205, 0.00022921
1206, 0.00022939
1207, 0.00022957
1208, 0.00022975
1209, 0.00022992
1210, 0.00023010
1211, 0.00023027
1212, 0.00023045
1213, 0.00023062
1214, 0.00023079
1215, 0.00023096
1216, 0.00023114
1217, 0.00023131
1218, 0.00023148
1219, 0.00023166
1220, 0.00023183
1221, 0.00023200
1222, 0.00023217
1223, 0.00023235
1224, 0.00023252
1225, 0.00023270
1226, 0.00023287
1227, 0.00023304
1228, 0.00023322
1229, 0.00023339
1230, 0.00023356
1231, 0.00023373
1232, 0.00023390
1233, 0.00023408
1234, 0.00023425
1235, 0.00023442
1236, 0.00023460
1237, 0.00023477
1238, 0.00023495
1239, 0.00023512
1240, 0.00023530
1241, 0.00023548
1242, 0.00023565
1243, 0.00023583
1244, 0.00023600
1245, 0.00023618
1246, 0.00023636
1247, 0.00023653
1248, 0.00023670
1249, 0.00023687
1250, 0.00023704
1251, 0.00023722
1252, 0.00023739
1253, 0.00023756
1254, 0.00023774
1255, 0.00023791
1256, 0.00023808
1257, 0.00023825
1258, 0.00023843
1259, 0.00023860
1260, 0.00023878
1261, 0.00023895
1262, 0.00023912
1263, 0.00023930
1264, 0.00023949
1265, 0.00024177
1266, 0.00024197
1267, 0.00024216
1268, 0.00024234
1269, 0.00024252
1270, 0.00024271
1271, 0.00024290
1272, 0.00024308
1273, 0.00024327
1274, 0.00024345
1275, 0.00024363
1276, 0.00024381
1277, 0.00024400
1278, 0.00024418
1279, 0.00024436
1280, 0.00024454
1281, 0.00024473
1282, 0.00024491
1283, 0.00024510
1284, 0.00024528
1285, 0.00024546
1286, 0.00024565
1287, 0.00024583
1288, 0.00024601
1289, 0.00024619
1290, 0.00024638
1291, 0.00024656
1292, 0.00024674
1293, 0.00024693
1294, 0.00024711
1295, 0.00024729
1296, 0.00024747
1297, 0.00024765
1298, 0.00024784
1299, 0.00024802
1300, 0.00024820
1301, 0.00024838
1302, 0.00024856
1303, 0.00024874
1304, 0.00024892
1305, 0.00024911
1306, 0.00024929
1307, 0.00024947
1308, 0.00024965
1309, 0.00024983
1310, 0.00025003
1311, 0.00025021
1312, 0.00025039
1313, 0.00025058
1314, 0.00025076
1315, 0.00025094
1316, 0.00025112
1317, 0.00025130
1318, 0.00025148
1319, 0.00025167
1320, 0.00025184
1321, 0.00025202
1322, 0.00025219
1323, 0.00025237
1324, 0.00025254
1325, 0.00025272
1326, 0.00025289
1327, 0.00025307
1328, 0.00025324
1329, 0.00025341
1330, 0.00025358
1331, 0.00025375
1332, 0.00025393
1333, 0.00025410
1334, 0.00025427
1335, 0.00025444
1336, 0.00025461
1337, 0.00025478
1338, 0.00025496
1339, 0.00025513
1340, 0.00025530
1341, 0.00025547
1342, 0.00025565
1343, 0.00025582
1344, 0.00025600
1345, 0.00025617
1346, 0.00025634
1347, 0.00025652
1348, 0.00025669
1349, 0.00025686
1350, 0.00025703
1351, 0.00025721
1352, 0.00025738
1353, 0.00025755
1354, 0.00025772
1355, 0.00025790
1356, 0.00025807
1357, 0.00025825
1358, 0.00025842
1359, 0.00025859
1360, 0.00025877
1361, 0.00025894
1362, 0.00025911
1363, 0.00025928
1364, 0.00025945
1365, 0.00025962
1366, 0.00025980
1367, 0.00025997
1368, 0.00026014
1369, 0.00026032
1370, 0.00026049
1371, 0.00026067
1372, 0.00026084
1373, 0.00026101
1374, 0.00026119
1375, 0.00026136
1376, 0.00026153
1377, 0.00026170
1378, 0.00026187
1379, 0.00026204
1380, 0.00026222
1381, 0.00026241
1382, 0.00026258
1383, 0.00026276
1384, 0.00026293
1385, 0.00026310
1386, 0.00026328
1387, 0.00026345
1388, 0.00026362
1389, 0.00026380
1390, 0.00026399
1391, 0.00026630
1392, 0.00026651
1393, 0.00026668
1394, 0.00026686
1395, 0.00026703
1396, 0.00026722
1397, 0.00026739
1398, 0.00026757
1399, 0.00026775
1400, 0.00026792
1401, 0.00026809
1402, 0.00026827
1403, 0.00026845
1404, 0.00026863
1405, 0.00026880
1406, 0.00026898
1407, 0.00026915
1408, 0.00026932
1409, 0.00026950
1410, 0.00026968
1411, 0.00026985
1412, 0.00027003
1413, 0.00027020
1414, 0.00027037
1415, 0.00027055
1416, 0.00027072
1417, 0.00027090
1418, 0.00027107
1419, 0.00027124
1420, 0.00027142
1421, 0.00027159
1422, 0.00027176
1423, 0.00027193
1424, 0.00027211
1425, 0.00027228
1426, 0.00027245
1427, 0.00027263
1428, 0.00027280
1429, 0.00027297
1430, 0.00027315
1431, 0.00027332
1432, 0.00027349
1433, 0.00027366
1434, 0.00027384
1435, 0.00027401
1436, 0.00027418
1437, 0.00027435
1438, 0.00027452
1439, 0.00027470
1440, 0.00027487
1441, 0.00027504
1442, 0.00027521
1443, 0.00027539
1444, 0.00027556
1445, 0.00027573
1446, 0.00027591
1447, 0.00027608
1448, 0.00027625
1449, 0.00027643
1450, 0.00027660
1451, 0.00027678
1452, 0.00027695
1453, 0.00027713
1454, 0.00027730
1455, 0.00027747
1456, 0.00027765
1457, 0.00027782
1458, 0.00027800
1459, 0.00027817
1460, 0.00027834
1461, 0.00027852
1462, 0.00027869
1463, 0.00027886
1464, 0.00027904
1465, 0.00027921
1466, 0.00027939
1467, 0.00027956
1468, 0.00027973
1469, 0.00027991
1470, 0.00028008
1471, 0.00028026
1472, 0.00028043
1473, 0.00028061
1474, 0.00028078
1475, 0.00028095
1476, 0.00028113
1477, 0.00028130
1478, 0.00028147
1479, 0.00028165
1480, 0.00028182
1481, 0.00028200
1482, 0.00028217
1483, 0.00028234
1484, 0.00028251
1485, 0.00028268
1486, 0.00028286
1487, 0.00028303
1488, 0.00028321
1489, 0.00028338
1490, 0.00028355
1491, 0.00028373
1492, 0.00028390
1493, 0.00028407
1494, 0.00028424
1495, 0.00028442
1496, 0.00028459
1497, 0.00028476
1498, 0.00028493
1499, 0.00028511
1500, 0.00028528
1501, 0.00028545
1502, 0.00028563
1503, 0.00028580
1504, 0.00028598
1505, 0.00028616
1506, 0.00028633
1507, 0.00028650
1508, 0.00028668
1509, 0.00028685
1510, 0.00028702
1511, 0.00028720
1512, 0.00028737
1513, 0.00028755
1514, 0.00028772
1515, 0.00028790
1516, 0.00028809
1517, 0.00029028
1518, 0.00029048
1519, 0.00029066
1520, 0.00029084
1521, 0.00029101
1522, 0.00029119
1523, 0.00029137
1524, 0.00029154
1525, 0.00029172
1526, 0.00029190
1527, 0.00029207
1528, 0.00029225
1529, 0.00029242
1530, 0.00029260
1531, 0.00029278
1532, 0.00029296
1533, 0.00029313
1534, 0.00029330
1535, 0.00029348
1536, 0.00029366
1537, 0.00029383
1538, 0.00029401
1539, 0.00029418
1540, 0.00029436
1541, 0.00029453
1542, 0.00029471
1543, 0.00029489
1544, 0.00029506
1545, 0.00029523
1546, 0.00029541
1547, 0.00029559
1548, 0.00029576
1549, 0.00029594
1550, 0.00029612
1551, 0.00029629
1552, 0.00029647
1553, 0.00029665
1554, 0.00029682
1555, 0.00029700
1556, 0.00029717
1557, 0.00029735
1558, 0.00029753
1559, 0.00029778
1560, 0.00029796
1561, 0.00029813
1562, 0.00029831
1563, 0.00029848
1564, 0.00029866
1565, 0.00029884
1566, 0.00029901
1567, 0.00029920
1568, 0.00029937
1569, 0.00029955
1570, 0.00029972
1571, 0.00029990
1572, 0.00030007
1573, 0.00030025
1574, 0.00030042
1575, 0.00030060
1576, 0.00030078
1577, 0.00030095
1578, 0.00030113
1579, 0.00030130
1580, 0.00030148
1581, 0.00030165
1582, 0.00030183
1583, 0.00030202
1584, 0.00030219
1585, 0.00030237
1586, 0.00030254
1587, 0.00030272
1588, 0.00030289
1589, 0.00030306
1590, 0.00030324
1591, 0.00030343
1592, 0.00030361
1593, 0.00030378
1594, 0.00030396
1595, 0.00030414
1596, 0.00030431
1597, 0.00030449
1598, 0.00030466
1599, 0.00030491
1600, 0.00030509
1601, 0.00030527
1602, 0.00030544
1603, 0.00030562
1604, 0.00030580
1605, 0.00030597
1606, 0.00030615
1607, 0.00030633
1608, 0.00030651
1609, 0.00030668
1610, 0.00030685
1611, 0.00030703
1612, 0.00030721
1613, 0.00030738
1614, 0.00030756
1615, 0.00030775
1616, 0.00030792
1617, 0.00030810
1618, 0.00030828
1619, 0.00030845
1620, 0.00030862
1621, 0.00030880
1622, 0.00030897
1623, 0.00030915
1624, 0.00030933
1625, 0.00030950
1626, 0.00030967
1627, 0.00030985
1628, 0.00031002
1629, 0.00031019
1630, 0.00031037
1631, 0.00031056
1632, 0.00031073
1633, 0.00031090
1634, 0.00031108
1635, 0.00031126
1636, 0.00031143
1637, 0.00031161
1638, 0.00031179
1639, 0.00031196
1640, 0.00031213
1641, 0.00031231
1642, 0.00031250
1643, 0.00031469
1644, 0.00031489
1645, 0.00031506
1646, 0.00031524
1647, 0.00031542
1648, 0.00031559
1649, 0.00031577
1650, 0.00031594
1651, 0.00031612
1652, 0.00031629
1653, 0.00031647
1654, 0.00031665
1655, 0.00031682
1656, 0.00031700
1657, 0.00031717
1658, 0.00031735
1659, 0.00031753
1660, 0.00031771
1661, 0.00031788
1662, 0.00031806
1663, 0.00031823
1664, 0.00031840
1665, 0.00031857
1666, 0.00031874
1667, 0.00031892
1668, 0.00031910
1669, 0.00031927
1670, 0.00031945
1671, 0.00031962
1672, 0.00031979
1673, 0.00031997
1674, 0.00032014
1675, 0.00032031
1676, 0.00032049
1677, 0.00032066
1678, 0.00032084
1679, 0.00032102
1680, 0.00032119
1681, 0.00032137
1682, 0.00032154
1683, 0.00032172
1684, 0.00032189
1685, 0.00032210
1686, 0.00032228
1687, 0.00032245
1688, 0.00032263
1689, 0.00032280
1690, 0.00032297
1691, 0.00032315
1692, 0.00032332
1693, 0.00032349
1694, 0.00032366
1695, 0.00032384
1696, 0.00032401
1697, 0.00032418
1698, 0.00032436
1699, 0.00032454
1700, 0.00032471
1701, 0.00032488
1702, 0.00032505
1703, 0.00032523
1704, 0.00032540
1705, 0.00032557
1706, 0.00032574
1707, 0.00032591
1708, 0.00032609
1709, 0.00032626
1710, 0.00032644
1711, 0.00032662
1712, 0.00032680
1713, 0.00032697
1714, 0.00032718
1715, 0.00032736
1716, 0.00032754
1717, 0.00032771
1718, 0.00032788
1719, 0.00032805
1720, 0.00032822
1721, 0.00032840
1722, 0.00032857
1723, 0.00032875
1724, 0.00032893
1725, 0.00032910
1726, 0.00032928
1727, 0.00032945
1728, 0.00032962
1729, 0.00032980
1730, 0.00032997
1731, 0.00033014
1732, 0.00033032
1733, 0.00033049
1734, 0.00033066
1735, 0.00033083
1736, 0.00033101
1737, 0.00033118
1738, 0.00033136
1739, 0.00033153
1740, 0.00033170
1741, 0.00033188
1742, 0.00033205
1743, 0.00033223
1744, 0.00033240
1745, 0.00033258
1746, 0.00033275
1747, 0.00033292
1748, 0.00033310
1749, 0.00033327
1750, 0.00033344
1751, 0.00033361
1752, 0.00033379
1753, 0.00033396
1754, 0.00033413
1755, 0.00033431
1756, 0.00033448
1757, 0.00033466
1758, 0.00033483
1759, 0.00033500
1760, 0.00033517
1761, 0.00033535
1762, 0.00033553
1763, 0.00033570
1764, 0.00033587
1765, 0.00033604
1766, 0.00033622
1767, 0.00033639
1768, 0.00033657
1769, 0.00034092
1770, 0.00034113
1771, 0.00034131
1772, 0.00034149
1773, 0.00034166
1774, 0.00034185
1775, 0.00034202
1776, 0.00034220
1777, 0.00034238
1778, 0.00034255
1779, 0.00034273
1780, 0.00034291
1781, 0.00034309
1782, 0.00034326
1783, 0.00034344
1784, 0.00034361
1785, 0.00034379
1786, 0.00034397
1787, 0.00034415
1788, 0.00034433
1789, 0.00034451
1790, 0.00034468
1791, 0.00034486
1792, 0.00034504
1793, 0.00034522
1794, 0.00034539
1795, 0.00034558
1796, 0.00034575
1797, 0.00034593
1798, 0.00034611
1799, 0.00034628
1800, 0.00034646
1801, 0.00034664
1802, 0.00034681
1803, 0.00034699
1804, 0.00034717
1805, 0.00034734
1806, 0.00034752
1807, 0.00034770
1808, 0.00034787
1809, 0.00034805
1810, 0.00034822
1811, 0.00034840
1812, 0.00034858
1813, 0.00034876
1814, 0.00034894
1815, 0.00034911
1816, 0.00034928
1817, 0.00034946
1818, 0.00034963
1819, 0.00034981
1820, 0.00034998
1821, 0.00035015
1822, 0.00035033
1823, 0.00035052
1824, 0.00035070
1825, 0.00035088
1826, 0.00035105
1827, 0.00035123
1828, 0.00035140
1829, 0.00035157
1830, 0.00035176
1831, 0.00035193
1832, 0.00035211
1833, 0.00035228
1834, 0.00035245
1835, 0.00035262
1836, 0.00035280
1837, 0.00035298
1838, 0.00035316
1839, 0.00035335
1840, 0.00035353
1841, 0.00035371
1842, 0.00035389
1843, 0.00035407
1844, 0.00035424
1845, 0.00035441
1846, 0.00035458
1847, 0.00035475
1848, 0.00035493
1849, 0.00035510
1850, 0.00035528
1851, 0.00035545
1852, 0.00035563
1853, 0.00035580
1854, 0.00035597
1855, 0.00035615
1856, 0.00035632
1857, 0.00035649
1858, 0.00035666
1859, 0.00035683
1860, 0.00035700
1861, 0.00035717
1862, 0.00035735
1863, 0.00035752
1864, 0.00035768
1865, 0.00035786
1866, 0.00035803
1867, 0.00035820
1868, 0.00035837
1869, 0.00035854
1870, 0.00035871
1871, 0.00035888
1872, 0.00035905
1873, 0.00035922
1874, 0.00035940
1875, 0.00035957
1876, 0.00035975
1877, 0.00035992
1878, 0.00036009
1879, 0.00036026
1880, 0.00036043
1881, 0.00036060
1882, 0.00036077
1883, 0.00036094
1884, 0.00036111
1885, 0.00036128
1886, 0.00036145
1887, 0.00036162
1888, 0.00036179
1889, 0.00036196
1890, 0.00036213
1891, 0.00036230
1892, 0.00036247
1893, 0.00036265
1894, 0.00036283
1895, 0.00036496
1896, 0.00036516
1897, 0.00036533
1898, 0.00036551
1899, 0.00036569
1900, 0.00036587
1901, 0.00036605
1902, 0.00036622
1903, 0.00036640
1904, 0.00036657
1905, 0.00036674
1906, 0.00036692
1907, 0.00036709
1908, 0.00036726
1909, 0.00036744
1910, 0.00036762
1911, 0.00036779
1912, 0.00036796
1913, 0.00036813
1914, 0.00036830
1915, 0.00036847
1916, 0.00036864
1917, 0.00036881
1918, 0.00036898
1919, 0.00036915
1920, 0.00036932
1921, 0.00036949
1922, 0.00036966
1923, 0.00036983
1924, 0.00037001
1925, 0.00037018
1926, 0.00037035
1927, 0.00037053
1928, 0.00037070
1929, 0.00037087
1930, 0.00037104
1931, 0.00037121
1932, 0.00037139
1933, 0.00037156
1934, 0.00037173
1935, 0.00037191
1936, 0.00037209
1937, 0.00037230
1938, 0.00037247
1939, 0.00037267
1940, 0.00037284
1941, 0.00037302
1942, 0.00037319
1943, 0.00037337
1944, 0.00037354
1945, 0.00037371
1946, 0.00037388
1947, 0.00037406
1948, 0.00037423
1949, 0.00037441
1950, 0.00037459
1951, 0.00037477
1952, 0.00037494
1953, 0.00037511
1954, 0.00037528
1955, 0.00037545
1956, 0.00037562
1957, 0.00037580
1958, 0.00037597
1959, 0.00037614
1960, 0.00037631
1961, 0.00037648
1962, 0.00037665
1963, 0.00037682
1964, 0.00037700
1965, 0.00037716
1966, 0.00037737
1967, 0.00037756
1968, 0.00037773
1969, 0.00037791
1970, 0.00037808
1971, 0.00037825
1972, 0.00037843
1973, 0.00037861
1974, 0.00037879
1975, 0.00037897
1976, 0.00037915
1977, 0.00037934
1978, 0.00037952
1979, 0.00037970
1980, 0.00037987
1981, 0.00038004
1982, 0.00038021
1983, 0.00038039
1984, 0.00038056
1985, 0.00038073
1986, 0.00038090
1987, 0.00038107
1988, 0.00038124
1989, 0.00038142
1990, 0.00038159
1991, 0.00038176
1992, 0.00038193
1993, 0.00038211
1994, 0.00038228
1995, 0.00038245
1996, 0.00038263
1997, 0.00038280
1998, 0.00038297
1999, 0.00038320
2000, 0.00038338
2001, 0.00038355
2002, 0.00038373
2003, 0.00038390
2004, 0.00038407
2005, 0.00038425
2006, 0.00038442
2007, 0.00038459
2008, 0.00038477
2009, 0.00038494
2010, 0.00038511
2011, 0.00038529
2012, 0.00038546
2013, 0.00038563
2014, 0.00038581
2015, 0.00038598
2016, 0.00038615
2017, 0.00038632
2018, 0.00038649
2019, 0.00038667
2020, 0.00038685
2021, 0.00038897
2022, 0.00038916
2023, 0.00038934
2024, 0.00038951
2025, 0.00038969
2026, 0.00038987
2027, 0.00039005
2028, 0.00039023
2029, 0.00039041
2030, 0.00039060
2031, 0.00039078
2032, 0.00039096
2033, 0.00039114
2034, 0.00039131
2035, 0.00039149
2036, 0.00039167
2037, 0.00039184
2038, 0.00039202
2039, 0.00039219
2040, 0.00039237
2041, 0.00039254
2042, 0.00039272
2043, 0.00039290
2044, 0.00039307
2045, 0.00039325
2046, 0.00039342
2047, 0.00039360
2048, 0.00039377
2049, 0.00039395
2050, 0.00039412
2051, 0.00039430
2052, 0.00039447
2053, 0.00039465
2054, 0.00039482
2055, 0.00039500
2056, 0.00039517
2057, 0.00039535
2058, 0.00039553
2059, 0.00039570
2060, 0.00039588
2061, 0.00039606
2062, 0.00039624
2063, 0.00039641
2064, 0.00039659
2065, 0.00039677
2066, 0.00039694
2067, 0.00039712
2068, 0.00039729
2069, 0.00039747
2070, 0.00039764
2071, 0.00039782
2072, 0.00039799
2073, 0.00039817
2074, 0.00039834
2075, 0.00039852
2076, 0.00039870
2077, 0.00039887
2078, 0.00039904
2079, 0.00039922
2080, 0.00039940
2081, 0.00039958
2082, 0.00039975
2083, 0.00039993
2084, 0.00040011
2085, 0.00040028
2086, 0.00040046
2087, 0.00040064
2088, 0.00040081
2089, 0.00040099
2090, 0.00040116
2091, 0.00040134
2092, 0.00040152
2093, 0.00040169
2094, 0.00040187
2095, 0.00040204
2096, 0.00040222
2097, 0.00040240
2098, 0.00040257
2099, 0.00040275
2100, 0.00040293
2101, 0.00040310
2102, 0.00040328
2103, 0.00040346
2104, 0.00040363
2105, 0.00040381
2106, 0.00040398
2107, 0.00040415
2108, 0.00040433
2109, 0.00040450
2110, 0.00040468
2111, 0.00040485
2112, 0.00040503
2113, 0.00040520
2114, 0.00040538
2115, 0.00040555
2116, 0.00040572
2117, 0.00040589
2118, 0.00040607
2119, 0.00040624
2120, 0.00040641
2121, 0.00040659
2122, 0.00040677
2123, 0.00040695
2124, 0.00040712
2125, 0.00040730
2126, 0.00040749
2127, 0.00040767
2128, 0.00040785
2129, 0.00040803
2130, 0.00040821
2131, 0.00040840
2132, 0.00040858
2133, 0.00040876
2134, 0.00040894
2135, 0.00040911
2136, 0.00040928
2137, 0.00040945
2138, 0.00040962
2139, 0.00040980
2140, 0.00040997
2141, 0.00041014
2142, 0.00041031
2143, 0.00041048
2144, 0.00041066
2145, 0.00041083
2146, 0.00041101
2147, 0.00041315
2148, 0.00041334
2149, 0.00041352
2150, 0.00041370
2151, 0.00041389
2152, 0.00041407
2153, 0.00041425
2154, 0.00041444
2155, 0.00041462
2156, 0.00041480
2157, 0.00041499
2158, 0.00041517
2159, 0.00041535
2160, 0.00041554
2161, 0.00041572
2162, 0.00041590
2163, 0.00041608
2164, 0.00041627
2165, 0.00041645
2166, 0.00041663
2167, 0.00041681
2168, 0.00041700
2169, 0.00041718
2170, 0.00041736
2171, 0.00041754
2172, 0.00041773
2173, 0.00041791
2174, 0.00041809
2175, 0.00041827
2176, 0.00041846
2177, 0.00041864
2178, 0.00041882
2179, 0.00041900
2180, 0.00041918
2181, 0.00041937
2182, 0.00041955
2183, 0.00041974
2184, 0.00041992
2185, 0.00042011
2186, 0.00042029
2187, 0.00042047
2188, 0.00042065
2189, 0.00042087
2190, 0.00042105
2191, 0.00042124
2192, 0.00042142
2193, 0.00042160
2194, 0.00042178
2195, 0.00042197
2196, 0.00042215
2197, 0.00042233
2198, 0.00042251
2199, 0.00042270
2200, 0.00042288
2201, 0.00042306
2202, 0.00042325
2203, 0.00042343
2204, 0.00042361
2205, 0.00042379
2206, 0.00042397
2207, 0.00042416
2208, 0.00042434
2209, 0.00042453
2210, 0.00042471
2211, 0.00042489
2212, 0.00042507
2213, 0.00042526
2214, 0.00042544
2215, 0.00042562
2216, 0.00042581
2217, 0.00042599
2218, 0.00042621
2219, 0.00042639
2220, 0.00042657
2221, 0.00042675
2222, 0.00042694
2223, 0.00042712
2224, 0.00042730
2225, 0.00042748
2226, 0.00042767
2227, 0.00042785
2228, 0.00042803
2229, 0.00042821
2230, 0.00042840
2231, 0.00042858
2232, 0.00042876
2233, 0.00042894
2234, 0.00042913
2235, 0.00042931
2236, 0.00042949
2237, 0.00042968
2238, 0.00042986
2239, 0.00043004
2240, 0.00043022
2241, 0.00043040
2242, 0.00043059
2243, 0.00043077
2244, 0.00043095
2245, 0.00043114
2246, 0.00043132
2247, 0.00043150
2248, 0.00043168
2249, 0.00043187
2250, 0.00043205
2251, 0.00043223
2252, 0.00043241
2253, 0.00043259
2254, 0.00043277
2255, 0.00043296
2256, 0.00043314
2257, 0.00043333
2258, 0.00043351
2259, 0.00043369
2260, 0.00043388
2261, 0.00043406
2262, 0.00043424
2263, 0.00043442
2264, 0.00043461
2265, 0.00043479
2266, 0.00043497
2267, 0.00043516
2268, 0.00043534
2269, 0.00043552
2270, 0.00043570
2271, 0.00043589
2272, 0.00043608
2273, 0.00043822
2274, 0.00043842
2275, 0.00043861
2276, 0.00043879
2277, 0.00043898
2278, 0.00043916
2279, 0.00043935
2280, 0.00043953
2281, 0.00043972
2282, 0.00043990
2283, 0.00044009
2284, 0.00044027
2285, 0.00044046
2286, 0.00044064
2287, 0.00044083
2288, 0.00044101
2289, 0.00044120
2290, 0.00044138
2291, 0.00044157
2292, 0.00044175
2293, 0.00044194
2294, 0.00044212
2295, 0.00044230
2296, 0.00044248
2297, 0.00044266
2298, 0.00044285
2299, 0.00044303
2300, 0.00044321
2301, 0.00044339
2302, 0.00044358
2303, 0.00044376
2304, 0.00044394
2305, 0.00044412
2306, 0.00044431
2307, 0.00044449
2308, 0.00044467
2309, 0.00044485
2310, 0.00044503
2311, 0.00044522
2312, 0.00044540
2313, 0.00044558
2314, 0.00044576
2315, 0.00044594
2316, 0.00044611
2317, 0.00044628
2318, 0.00044645
2319, 0.00044663
2320, 0.00044680
2321, 0.00044697
2322, 0.00044715
2323, 0.00044732
2324, 0.00044749
2325, 0.00044767
2326, 0.00044784
2327, 0.00044802
2328, 0.00044819
2329, 0.00044836
2330, 0.00044853
2331, 0.00044871
2332, 0.00044888
2333, 0.00044905
2334, 0.00044922
2335, 0.00044940
2336, 0.00044957
2337, 0.00044973
2338, 0.00044991
2339, 0.00045008
2340, 0.00045025
2341, 0.00045042
2342, 0.00045059
2343, 0.00045076
2344, 0.00045093
2345, 0.00045111
2346, 0.00045128
2347, 0.00045145
2348, 0.00045163
2349, 0.00045180
2350, 0.00045197
2351, 0.00045215
2352, 0.00045232
2353, 0.00045249
2354, 0.00045267
2355, 0.00045284
2356, 0.00045301
2357, 0.00045318
2358, 0.00045335
2359, 0.00045352
2360, 0.00045369
2361, 0.00045386
2362, 0.00045403
2363, 0.00045420
2364, 0.00045438
2365, 0.00045455
2366, 0.00045472
2367, 0.00045489
2368, 0.00045506
2369, 0.00045523
2370, 0.00045541
2371, 0.00045558
2372, 0.00045575
2373, 0.00045592
2374, 0.00045609
2375, 0.00045627
2376, 0.00045644
2377, 0.00045661
2378, 0.00045679
2379, 0.00045696
2380, 0.00045713
2381, 0.00045730
2382, 0.00045747
2383, 0.00045764
2384, 0.00045781
2385, 0.00045798
2386, 0.00045815
2387, 0.00045832
2388, 0.00045850
2389, 0.00045867
2390, 0.00045884
2391, 0.00045902
2392, 0.00045918
2393, 0.00045935
2394, 0.00045952
2395, 0.00045970
2396, 0.00045987
2397, 0.00046004
2398, 0.00046023
2399, 0.00046255
2400, 0.00046275
2401, 0.00046292
2402, 0.00046310
2403, 0.00046327
2404, 0.00046345
2405, 0.00046363
2406, 0.00046381
2407, 0.00046398
2408, 0.00046416
2409, 0.00046434
2410, 0.00046451
2411, 0.00046469
2412, 0.00046486
2413, 0.00046504
2414, 0.00046522
2415, 0.00046539
2416, 0.00046557
2417, 0.00046574
2418, 0.00046592
2419, 0.00046609
2420, 0.00046628
2421, 0.00046645
2422, 0.00046663
2423, 0.00046681
2424, 0.00046698
2425, 0.00046715
2426, 0.00046733
2427, 0.00046751
2428, 0.00046768
2429, 0.00046786
2430, 0.00046803
2431, 0.00046821
2432, 0.00046839
2433, 0.00046856
2434, 0.00046874
2435, 0.00046891
2436, 0.00046909
2437, 0.00046927
2438, 0.00046944
2439, 0.00046962
2440, 0.00046980
2441, 0.00046997
2442, 0.00047014
2443, 0.00047031
2444, 0.00047048
2445, 0.00047066
2446, 0.00047083
2447, 0.00047100
2448, 0.00047117
2449, 0.00047134
2450, 0.00047152
2451, 0.00047169
2452, 0.00047186
2453, 0.00047204
2454, 0.00047221
2455, 0.00047239
2456, 0.00047256
2457, 0.00047273
2458, 0.00047290
2459, 0.00047307
2460, 0.00047324
2461, 0.00047342
2462, 0.00047359
2463, 0.00047376
2464, 0.00047393
2465, 0.00047411
2466, 0.00047427
2467, 0.00047445
2468, 0.00047461
2469, 0.00047479
2470, 0.00047496
2471, 0.00047513
2472, 0.00047532
2473, 0.00047549
2474, 0.00047566
2475, 0.00047584
2476, 0.00047601
2477, 0.00047619
2478, 0.00047638
2479, 0.00047656
2480, 0.00047674
2481, 0.00047692
2482, 0.00047711
2483, 0.00047728
2484, 0.00047745
2485, 0.00047763
2486, 0.00047780
2487, 0.00047797
2488, 0.00047815
2489, 0.00047832
2490, 0.00047850
2491, 0.00047867
2492, 0.00047884
2493, 0.00047901
2494, 0.00047918
2495, 0.00047936
2496, 0.00047953
2497, 0.00047971
2498, 0.00047988
2499, 0.00048005
2500, 0.00048022
2501, 0.00048040
2502, 0.00048057
2503, 0.00048075
2504, 0.00048092
2505, 0.00048109
2506, 0.00048127
2507, 0.00048144
2508, 0.00048161
2509, 0.00048178
2510, 0.00048196
2511, 0.00048213
2512, 0.00048230
2513, 0.00048247
2514, 0.00048264
2515, 0.00048282
2516, 0.00048299
2517, 0.00048317
2518, 0.00048334
2519, 0.00048351
2520, 0.00048368
2521, 0.00048386
2522, 0.00048403
2523, 0.00048420
2524, 0.00048439
2525, 0.00048652
2526, 0.00048673
2527, 0.00048690
2528, 0.00048708
2529, 0.00048726
2530, 0.00048743
2531, 0.00048761
2532, 0.00048778
2533, 0.00048795
2534, 0.00048812
2535, 0.00048830
2536, 0.00048848
2537, 0.00048865
2538, 0.00048882
2539, 0.00048899
2540, 0.00048916
2541, 0.00048934
2542, 0.00048951
2543, 0.00048968
2544, 0.00048985
2545, 0.00049003
2546, 0.00049021
2547, 0.00049038
2548, 0.00049055
2549, 0.00049072
2550, 0.00049089
2551, 0.00049106
2552, 0.00049123
2553, 0.00049140
2554, 0.00049157
2555, 0.00049174
2556, 0.00049191
2557, 0.00049209
2558, 0.00049226
2559, 0.00049243
2560, 0.00049260
2561, 0.00049277
2562, 0.00049294
2563, 0.00049312
2564, 0.00049329
2565, 0.00049346
2566, 0.00049363
2567, 0.00049380
2568, 0.00049397
2569, 0.00049414
2570, 0.00049431
2571, 0.00049448
2572, 0.00049465
2573, 0.00049482
2574, 0.00049499
2575, 0.00049516
2576, 0.00049533
2577, 0.00049550
2578, 0.00049566
2579, 0.00049583
2580, 0.00049600
2581, 0.00049617
2582, 0.00049634
2583, 0.00049651
2584, 0.00049668
2585, 0.00049685
2586, 0.00049702
2587, 0.00049719
2588, 0.00049736
2589, 0.00049753
2590, 0.00049770
2591, 0.00049787
2592, 0.00049804
2593, 0.00049821
2594, 0.00049838
2595, 0.00049855
2596, 0.00049872
2597, 0.00049889
2598, 0.00049906
2599, 0.00049923
2600, 0.00049940
2601, 0.00049958
2602, 0.00049975
2603, 0.00049992
2604, 0.00050009
2605, 0.00050026
2606, 0.00050043
2607, 0.00050060
2608, 0.00050077
2609, 0.00050094
2610, 0.00050111
2611, 0.00050129
2612, 0.00050146
2613, 0.00050163
2614, 0.00050180
2615, 0.00050197
2616, 0.00050215
2617, 0.00050232
2618, 0.00050249
2619, 0.00050266
2620, 0.00050283
2621, 0.00050300
2622, 0.00050317
2623, 0.00050335
2624, 0.00050352
2625, 0.00050370
2626, 0.00050387
2627, 0.00050404
2628, 0.00050421
2629, 0.00050438
2630, 0.00050455
2631, 0.00050473
2632, 0.00050489
2633, 0.00050507
2634, 0.00050524
2635, 0.00050540
2636, 0.00050557
2637, 0.00050574
2638, 0.00050591
2639, 0.00050609
2640, 0.00050626
2641, 0.00050643
2642, 0.00050660
2643, 0.00050677
2644, 0.00050695
2645, 0.00050712
2646, 0.00050729
2647, 0.00050746
2648, 0.00050763
2649, 0.00050781
2650, 0.00050799
2651, 0.00051010
2652, 0.00051029
2653, 0.00051048
2654, 0.00051065
2655, 0.00051083
2656, 0.00051101
2657, 0.00051118
2658, 0.00051136
2659, 0.00051154
2660, 0.00051171
2661, 0.00051189
2662, 0.00051207
2663, 0.00051224
2664, 0.00051242
2665, 0.00051259
2666, 0.00051277
2667, 0.00051294
2668, 0.00051312
2669, 0.00051329
2670, 0.00051347
2671, 0.00051364
2672, 0.00051382
2673, 0.00051399
2674, 0.00051417
2675, 0.00051434
2676, 0.00051452
2677, 0.00051469
2678, 0.00051486
2679, 0.00051504
2680, 0.00051521
2681, 0.00051539
2682, 0.00051556
2683, 0.00051573
2684, 0.00051591
2685, 0.00051608
2686, 0.00051626
2687, 0.00051644
2688, 0.00051661
2689, 0.00051679
2690, 0.00051697
2691, 0.00051714
2692, 0.00051732
2693, 0.00051749
2694, 0.00051767
2695, 0.00051784
2696, 0.00051802
2697, 0.00051819
2698, 0.00051837
2699, 0.00051854
2700, 0.00051872
2701, 0.00051889
2702, 0.00051906
2703, 0.00051924
2704, 0.00051942
2705, 0.00051959
2706, 0.00051976
2707, 0.00051994
2708, 0.00052011
2709, 0.00052028
2710, 0.00052046
2711, 0.00052063
2712, 0.00052081
2713, 0.00052098
2714, 0.00052116
2715, 0.00052133
2716, 0.00052151
2717, 0.00052168
2718, 0.00052185
2719, 0.00052203
2720, 0.00052220
2721, 0.00052238
2722, 0.00052255
2723, 0.00052276
2724, 0.00052294
2725, 0.00052312
2726, 0.00052330
2727, 0.00052348
2728, 0.00052367
2729, 0.00052385
2730, 0.00052403
2731, 0.00052422
2732, 0.00052440
2733, 0.00052458
2734, 0.00052477
2735, 0.00052495
2736, 0.00052513
2737, 0.00052531
2738, 0.00052549
2739, 0.00052567
2740, 0.00052586
2741, 0.00052604
2742, 0.00052622
2743, 0.00052640
2744, 0.00052657
2745, 0.00052675
2746, 0.00052693
2747, 0.00052711
2748, 0.00052729
2749, 0.00052748
2750, 0.00052766
2751, 0.00052784
2752, 0.00052802
2753, 0.00052820
2754, 0.00052837
2755, 0.00052855
2756, 0.00052872
2757, 0.00052890
2758, 0.00052907
2759, 0.00052925
2760, 0.00052942
2761, 0.00052961
2762, 0.00052979
2763, 0.00052996
2764, 0.00053013
2765, 0.00053031
2766, 0.00053049
2767, 0.00053066
2768, 0.00053084
2769, 0.00053101
2770, 0.00053119
2771, 0.00053136
2772, 0.00053153
2773, 0.00053171
2774, 0.00053188
2775, 0.00053205
2776, 0.00053224
2777, 0.00053450
2778, 0.00053469
2779, 0.00053487
2780, 0.00053505
2781, 0.00053523
2782, 0.00053541
2783, 0.00053559
2784, 0.00053577
2785, 0.00053594
2786, 0.00053612
2787, 0.00053630
2788, 0.00053648
2789, 0.00053665
2790, 0.00053682
2791, 0.00053701
2792, 0.00053719
2793, 0.00053736
2794, 0.00053754
2795, 0.00053772
2796, 0.00053789
2797, 0.00053807
2798, 0.00053825
2799, 0.00053842
2800, 0.00053860
2801, 0.00053877
2802, 0.00053895
2803, 0.00053912
2804, 0.00053930
2805, 0.00053948
2806, 0.00053966
2807, 0.00053984
2808, 0.00054001
2809, 0.00054019
2810, 0.00054037
2811, 0.00054054
2812, 0.00054072
2813, 0.00054089
2814, 0.00054107
2815, 0.00054124
2816, 0.00054142
2817, 0.00054160
2818, 0.00054177
2819, 0.00054195
2820, 0.00054213
2821, 0.00054230
2822, 0.00054248
2823, 0.00054265
2824, 0.00054283
2825, 0.00054301
2826, 0.00054319
2827, 0.00054336
2828, 0.00054354
2829, 0.00054371
2830, 0.00054389
2831, 0.00054406
2832, 0.00054424
2833, 0.00054441
2834, 0.00054459
2835, 0.00054477
2836, 0.00054494
2837, 0.00054512
2838, 0.00054529
2839, 0.00054547
2840, 0.00054565
2841, 0.00054582
2842, 0.00054600
2843, 0.00054617
2844, 0.00054635
2845, 0.00054653
2846, 0.00054670
2847, 0.00054688
2848, 0.00054705
2849, 0.00054723
2850, 0.00054741
2851, 0.00054758
2852, 0.00054776
2853, 0.00054793
2854, 0.00054811
2855, 0.00054828
2856, 0.00054846
2857, 0.00054863
2858, 0.00054881
2859, 0.00054898
2860, 0.00054916
2861, 0.00054933
2862, 0.00054951
2863, 0.00054968
2864, 0.00054986
2865, 0.00055003
2866, 0.00055021
2867, 0.00055039
2868, 0.00055056
2869, 0.00055074
2870, 0.00055091
2871, 0.00055109
2872, 0.00055127
2873, 0.00055144
2874, 0.00055162
2875, 0.00055179
2876, 0.00055197
2877, 0.00055215
2878, 0.00055232
2879, 0.00055250
2880, 0.00055267
2881, 0.00055285
2882, 0.00055303
2883, 0.00055320
2884, 0.00055338
2885, 0.00055356
2886, 0.00055373
2887, 0.00055391
2888, 0.00055408
2889, 0.00055426
2890, 0.00055444
2891, 0.00055461
2892, 0.00055478
2893, 0.00055496
2894, 0.00055514
2895, 0.00055531
2896, 0.00055549
2897, 0.00055567
2898, 0.00055584
2899, 0.00055602
2900, 0.00055620
2901, 0.00055637
2902, 0.00055656
2903, 0.00055883
2904, 0.00055904
2905, 0.00055923
2906, 0.00055941
2907, 0.00055959
2908, 0.00055977
2909, 0.00055995
2910, 0.00056013
2911, 0.00056030
2912, 0.00056048
2913, 0.00056065
2914, 0.00056083
2915, 0.00056100
2916, 0.00056118
2917, 0.00056135
2918, 0.00056153
2919, 0.00056171
2920, 0.00056188
2921, 0.00056206
2922, 0.00056223
2923, 0.00056241
2924, 0.00056258
2925, 0.00056276
2926, 0.00056293
2927, 0.00056311
2928, 0.00056328
2929, 0.00056346
2930, 0.00056364
2931, 0.00056381
2932, 0.00056399
2933, 0.00056416
2934, 0.00056434
2935, 0.00056452
2936, 0.00056469
2937, 0.00056487
2938, 0.00056504
2939, 0.00056522
2940, 0.00056540
2941, 0.00056557
2942, 0.00056574
2943, 0.00056592
2944, 0.00056610
2945, 0.00056627
2946, 0.00056645
2947, 0.00056662
2948, 0.00056680
2949, 0.00056698
2950, 0.00056715
2951, 0.00056733
2952, 0.00056751
2953, 0.00056768
2954, 0.00056786
2955, 0.00056803
2956, 0.00056821
2957, 0.00056839
2958, 0.00056856
2959, 0.00056874
2960, 0.00056891
2961, 0.00056909
2962, 0.00056926
2963, 0.00056944
2964, 0.00056961
2965, 0.00056979
2966, 0.00056996
2967, 0.00057014
2968, 0.00057031
2969, 0.00057049
2970, 0.00057067
2971, 0.00057084
2972, 0.00057102
2973, 0.00057119
2974, 0.00057137
2975, 0.00057155
2976, 0.00057173
2977, 0.00057190
2978, 0.00057207
2979, 0.00057225
2980, 0.00057242
2981, 0.00057260
2982, 0.00057278
2983, 0.00057295
2984, 0.00057313
2985, 0.00057330
2986, 0.00057348
2987, 0.00057365
2988, 0.00057383
2989, 0.00057400
2990, 0.00057418
2991, 0.00057436
2992, 0.00057453
2993, 0.00057471
2994, 0.00057489
2995, 0.00057506
2996, 0.00057524
2997, 0.00057542
2998, 0.00057560
2999, 0.00057577
3000, 0.00057595
3001, 0.00057613
3002, 0.00057630
3003, 0.00057648
3004, 0.00057666
3005, 0.00057684
3006, 0.00057701
3007, 0.00057718
3008, 0.00057736
3009, 0.00057753
3010, 0.00057772
3011, 0.00057790
3012, 0.00057808
3013, 0.00057825
3014, 0.00057843
3015, 0.00057860
3016, 0.00057878
3017, 0.00057896
3018, 0.00057914
3019, 0.00057932
3020, 0.00057950
3021, 0.00057968
3022, 0.00057986
3023, 0.00058004
3024, 0.00058023
3025, 0.00058041
3026, 0.00058059
3027, 0.00058076
3028, 0.00058095
3029, 0.00058307
3030, 0.00058327
3031, 0.00058344
3032, 0.00058361
3033, 0.00058380
3034, 0.00058398
3035, 0.00058416
3036, 0.00058434
3037, 0.00058452
3038, 0.00058470
3039, 0.00058487
3040, 0.00058504
3041, 0.00058522
3042, 0.00058539
3043, 0.00058556
3044, 0.00058574
3045, 0.00058591
3046, 0.00058609
3047, 0.00058626
3048, 0.00058644
3049, 0.00058661
3050, 0.00058679
3051, 0.00058696
3052, 0.00058713
3053, 0.00058730
3054, 0.00058748
3055, 0.00058766
3056, 0.00058783
3057, 0.00058800
3058, 0.00058817
3059, 0.00058834
3060, 0.00058852
3061, 0.00058870
3062, 0.00058888
3063, 0.00058907
3064, 0.00058925
3065, 0.00058942
3066, 0.00058960
3067, 0.00058977
3068, 0.00058994
3069, 0.00059011
3070, 0.00059029
3071, 0.00059046
3072, 0.00059064
3073, 0.00059081
3074, 0.00059098
3075, 0.00059115
3076, 0.00059133
3077, 0.00059150
3078, 0.00059167
3079, 0.00059184
3080, 0.00059201
3081, 0.00059218
3082, 0.00059236
3083, 0.00059253
3084, 0.00059270
3085, 0.00059287
3086, 0.00059305
3087, 0.00059322
3088, 0.00059340
3089, 0.00059357
3090, 0.00059375
3091, 0.00059392
3092, 0.00059409
3093, 0.00059426
3094, 0.00059443
3095, 0.00059461
3096, 0.00059478
3097, 0.00059496
3098, 0.00059513
3099, 0.00059531
3100, 0.00059548
3101, 0.00059566
3102, 0.00059583
3103, 0.00059600
3104, 0.00059617
3105, 0.00059634
3106, 0.00059652
3107, 0.00059670
3108, 0.00059687
3109, 0.00059705
3110, 0.00059722
3111, 0.00059740
3112, 0.00059756
3113, 0.00059774
3114, 0.00059791
3115, 0.00059809
3116, 0.00059826
3117, 0.00059843
3118, 0.00059860
3119, 0.00059877
3120, 0.00059894
3121, 0.00059912
3122, 0.00059930
3123, 0.00059947
3124, 0.00059964
3125, 0.00059982
3126, 0.00059999
3127, 0.00060016
3128, 0.00060033
3129, 0.00060050
3130, 0.00060068
3131, 0.00060085
3132, 0.00060102
3133, 0.00060119
3134, 0.00060136
3135, 0.00060154
3136, 0.00060171
3137, 0.00060189
3138, 0.00060207
3139, 0.00060224
3140, 0.00060241
3141, 0.00060259
3142, 0.00060276
3143, 0.00060293
3144, 0.00060310
3145, 0.00060330
3146, 0.00060347
3147, 0.00060364
3148, 0.00060382
3149, 0.00060399
3150, 0.00060416
3151, 0.00060433
3152, 0.00060450
3153, 0.00060471
3154, 0.00060489
3155, 0.00060700
3156, 0.00060720
3157, 0.00060738
3158, 0.00060756
3159, 0.00060774
3160, 0.00060793
3161, 0.00060811
3162, 0.00060830
3163, 0.00060848
3164, 0.00060866
3165, 0.00060885
3166, 0.00060903
3167, 0.00060921
3168, 0.00060939
3169, 0.00060957
3170, 0.00060975
3171, 0.00060994
3172, 0.00061012
3173, 0.00061030
3174, 0.00061048
3175, 0.00061066
3176, 0.00061084
3177, 0.00061102
3178, 0.00061120
3179, 0.00061138
3180, 0.00061157
3181, 0.00061175
3182, 0.00061193
3183, 0.00061211
3184, 0.00061230
3185, 0.00061248
3186, 0.00061267
3187, 0.00061285
3188, 0.00061303
3189, 0.00061321
3190, 0.00061340
3191, 0.00061358
3192, 0.00061376
3193, 0.00061394
3194, 0.00061412
3195, 0.00061430
3196, 0.00061448
3197, 0.00061467
3198, 0.00061485
3199, 0.00061503
3200, 0.00061521
3201, 0.00061540
3202, 0.00061558
3203, 0.00061576
3204, 0.00061594
3205, 0.00061612
3206, 0.00061630
3207, 0.00061648
3208, 0.00061667
3209, 0.00061685
3210, 0.00061703
3211, 0.00061721
3212, 0.00061739
3213, 0.00061757
3214, 0.00061775
3215, 0.00061794
3216, 0.00061812
3217, 0.00061830
3218, 0.00061848
3219, 0.00061866
3220, 0.00061885
3221, 0.00061903
3222, 0.00061921
3223, 0.00061939
3224, 0.00061957
3225, 0.00061975
3226, 0.00061993
3227, 0.00062011
3228, 0.00062029
3229, 0.00062047
3230, 0.00062065
3231, 0.00062083
3232, 0.00062101
3233, 0.00062120
3234, 0.00062138
3235, 0.00062156
3236, 0.00062174
3237, 0.00062192
3238, 0.00062210
3239, 0.00062228
3240, 0.00062246
3241, 0.00062265
3242, 0.00062283
3243, 0.00062301
3244, 0.00062319
3245, 0.00062337
3246, 0.00062355
3247, 0.00062373
3248, 0.00062391
3249, 0.00062409
3250, 0.00062427
3251, 0.00062445
3252, 0.00062463
3253, 0.00062481
3254, 0.00062499
3255, 0.00062517
3256, 0.00062535
3257, 0.00062553
3258, 0.00062571
3259, 0.00062589
3260, 0.00062607
3261, 0.00062625
3262, 0.00062644
3263, 0.00062662
3264, 0.00062680
3265, 0.00062698
3266, 0.00062716
3267, 0.00062735
3268, 0.00062753
3269, 0.00062770
3270, 0.00062789
3271, 0.00062807
3272, 0.00062825
3273, 0.00062843
3274, 0.00062861
3275, 0.00062879
3276, 0.00062897
3277, 0.00062916
3278, 0.00062934
3279, 0.00062952
3280, 0.00062971
3281, 0.00063195
3282, 0.00063214
3283, 0.00063233
3284, 0.00063252
3285, 0.00063271
3286, 0.00063289
3287, 0.00063308
3288, 0.00063326
3289, 0.00063344
3290, 0.00063363
3291, 0.00063381
3292, 0.00063400
3293, 0.00063418
3294, 0.00063436
3295, 0.00063454
3296, 0.00063472
3297, 0.00063490
3298, 0.00063508
3299, 0.00063526
3300, 0.00063545
3301, 0.00063563
3302, 0.00063581
3303, 0.00063600
3304, 0.00063618
3305, 0.00063636
3306, 0.00063654
3307, 0.00063673
3308, 0.00063692
3309, 0.00063710
3310, 0.00063728
3311, 0.00063747
3312, 0.00063765
3313, 0.00063782
3314, 0.00063800
3315, 0.00063817
3316, 0.00063835
3317, 0.00063853
3318, 0.00063870
3319, 0.00063887
3320, 0.00063905
3321, 0.00063922
3322, 0.00063940
3323, 0.00063957
3324, 0.00063974
3325, 0.00063992
3326, 0.00064009
3327, 0.00064026
3328, 0.00064044
3329, 0.00064061
3330, 0.00064078
3331, 0.00064095
3332, 0.00064112
3333, 0.00064130
3334, 0.00064147
3335, 0.00064165
3336, 0.00064183
3337, 0.00064201
3338, 0.00064218
3339, 0.00064235
3340, 0.00064253
3341, 0.00064271
3342, 0.00064288
3343, 0.00064305
3344, 0.00064323
3345, 0.00064340
3346, 0.00064358
3347, 0.00064375
3348, 0.00064393
3349, 0.00064410
3350, 0.00064427
3351, 0.00064445
3352, 0.00064462
3353, 0.00064479
3354, 0.00064497
3355, 0.00064515
3356, 0.00064532
3357, 0.00064549
3358, 0.00064567
3359, 0.00064584
3360, 0.00064601
3361, 0.00064619
3362, 0.00064636
3363, 0.00064654
3364, 0.00064671
3365, 0.00064689
3366, 0.00064706
3367, 0.00064724
3368, 0.00064741
3369, 0.00064759
3370, 0.00064776
3371, 0.00064793
3372, 0.00064811
3373, 0.00064828
3374, 0.00064846
3375, 0.00064863
3376, 0.00064881
3377, 0.00064899
3378, 0.00064916
3379, 0.00064934
3380, 0.00064952
3381, 0.00064969
3382, 0.00064987
3383, 0.00065004
3384, 0.00065021
3385, 0.00065039
3386, 0.00065056
3387, 0.00065074
3388, 0.00065091
3389, 0.00065109
3390, 0.00065126
3391, 0.00065144
3392, 0.00065161
3393, 0.00065179
3394, 0.00065196
3395, 0.00065214
3396, 0.00065231
3397, 0.00065249
3398, 0.00065266
3399, 0.00065284
3400, 0.00065302
3401, 0.00065320
3402, 0.00065337
3403, 0.00065355
3404, 0.00065373
3405, 0.00065392
3406, 0.00065411
3407, 0.00065632
3408, 0.00065651
3409, 0.00065668
3410, 0.00065686
3411, 0.00065704
3412, 0.00065722
3413, 0.00065739
3414, 0.00065757
3415, 0.00065774
3416, 0.00065792
3417, 0.00065810
3418, 0.00065827
3419, 0.00065845
3420, 0.00065863
3421, 0.00065880
3422, 0.00065898
3423, 0.00065915
3424, 0.00065933
3425, 0.00065951
3426, 0.00065968
3427, 0.00065985
3428, 0.00066003
3429, 0.00066020
3430, 0.00066038
3431, 0.00066055
3432, 0.00066073
3433, 0.00066091
3434, 0.00066108
3435, 0.00066126
3436, 0.00066144
3437, 0.00066161
3438, 0.00066179
3439, 0.00066197
3440, 0.00066214
3441, 0.00066232
3442, 0.00066249
3443, 0.00066267
3444, 0.00066285
3445, 0.00066302
3446, 0.00066319
3447, 0.00066337
3448, 0.00066355
3449, 0.00066372
3450, 0.00066390
3451, 0.00066411
3452, 0.00066428
3453, 0.00066446
3454, 0.00066463
3455, 0.00066481
3456, 0.00066499
3457, 0.00066516
3458, 0.00066534
3459, 0.00066552
3460, 0.00066570
3461, 0.00066587
3462, 0.00066605
3463, 0.00066623
3464, 0.00066640
3465, 0.00066658
3466, 0.00066675
3467, 0.00066692
3468, 0.00066710
3469, 0.00066727
3470, 0.00066744
3471, 0.00066762
3472, 0.00066780
3473, 0.00066798
3474, 0.00066815
3475, 0.00066833
3476, 0.00066850
3477, 0.00066868
3478, 0.00066885
3479, 0.00066903
3480, 0.00066920
3481, 0.00066938
3482, 0.00066957
3483, 0.00066975
3484, 0.00066993
3485, 0.00067011
3486, 0.00067029
3487, 0.00067047
3488, 0.00067064
3489, 0.00067081
3490, 0.00067098
3491, 0.00067116
3492, 0.00067133
3493, 0.00067151
3494, 0.00067168
3495, 0.00067186
3496, 0.00067203
3497, 0.00067221
3498, 0.00067238
3499, 0.00067256
3500, 0.00067273
3501, 0.00067291
3502, 0.00067308
3503, 0.00067326
3504, 0.00067343
3505, 0.00067361
3506, 0.00067378
3507, 0.00067396
3508, 0.00067413
3509, 0.00067430
3510, 0.00067448
3511, 0.00067466
3512, 0.00067483
3513, 0.00067501
3514, 0.00067518
3515, 0.00067536
3516, 0.00067554
3517, 0.00067571
3518, 0.00067589
3519, 0.00067607
3520, 0.00067625
3521, 0.00067643
3522, 0.00067660
3523, 0.00067678
3524, 0.00067696
3525, 0.00067713
3526, 0.00067731
3527, 0.00067748
3528, 0.00067766
3529, 0.00067783
3530, 0.00067801
3531, 0.00067818
3532, 0.00067837
3533, 0.00068052
3534, 0.00068072
3535, 0.00068091
3536, 0.00068109
3537, 0.00068127
3538, 0.00068146
3539, 0.00068164
3540, 0.00068182
3541, 0.00068200
3542, 0.00068217
3543, 0.00068235
3544, 0.00068253
3545, 0.00068270
3546, 0.00068288
3547, 0.00068305
3548, 0.00068323
3549, 0.00068340
3550, 0.00068357
3551, 0.00068374
3552, 0.00068392
3553, 0.00068409
3554, 0.00068426
3555, 0.00068443
3556, 0.00068460
3557, 0.00068478
3558, 0.00068495
3559, 0.00068512
3560, 0.00068529
3561, 0.00068546
3562, 0.00068563
3563, 0.00068580
3564, 0.00068597
3565, 0.00068615
3566, 0.00068632
3567, 0.00068649
3568, 0.00068667
3569, 0.00068684
3570, 0.00068701
3571, 0.00068718
3572, 0.00068736
3573, 0.00068753
3574, 0.00068770
3575, 0.00068787
3576, 0.00068804
3577, 0.00068821
3578, 0.00068838
3579, 0.00068855
3580, 0.00068873
3581, 0.00068890
3582, 0.00068908
3583, 0.00068925
3584, 0.00068942
3585, 0.00068959
3586, 0.00068977
3587, 0.00068994
3588, 0.00069011
3589, 0.00069028
3590, 0.00069045
3591, 0.00069062
3592, 0.00069079
3593, 0.00069096
3594, 0.00069113
3595, 0.00069130
3596, 0.00069147
3597, 0.00069164
3598, 0.00069182
3599, 0.00069199
3600, 0.00069216
3601, 0.00069233
3602, 0.00069250
3603, 0.00069268
3604, 0.00069285
3605, 0.00069302
3606, 0.00069319
3607, 0.00069343
3608, 0.00069361
3609, 0.00069378
3610, 0.00069395
3611, 0.00069412
3612, 0.00069430
3613, 0.00069447
3614, 0.00069464
3615, 0.00069492
3616, 0.00069509
3617, 0.00069526
3618, 0.00069543
3619, 0.00069560
3620, 0.00069578
3621, 0.00069595
3622, 0.00069612
3623, 0.00069629
3624, 0.00069646
3625, 0.00069663
3626, 0.00069680
3627, 0.00069698
3628, 0.00069715
3629, 0.00069732
3630, 0.00069749
3631, 0.00069767
3632, 0.00069784
3633, 0.00069801
3634, 0.00069818
3635, 0.00069835
3636, 0.00069852
3637, 0.00069869
3638, 0.00069887
3639, 0.00069904
3640, 0.00069921
3641, 0.00069938
3642, 0.00069955
3643, 0.00069972
3644, 0.00069990
3645, 0.00070007
3646, 0.00070024
3647, 0.00070041
3648, 0.00070058
3649, 0.00070075
3650, 0.00070092
3651, 0.00070109
3652, 0.00070127
3653, 0.00070144
3654, 0.00070161
3655, 0.00070178
3656, 0.00070195
3657, 0.00070213
3658, 0.00070232
3659, 0.00070446
3660, 0.00070466
3661, 0.00070485
3662, 0.00070503
3663, 0.00070521
3664, 0.00070540
3665, 0.00070558
3666, 0.00070575
3667, 0.00070593
3668, 0.00070610
3669, 0.00070628
3670, 0.00070646
3671, 0.00070663
3672, 0.00070681
3673, 0.00070698
3674, 0.00070715
3675, 0.00070733
3676, 0.00070750
3677, 0.00070767
3678, 0.00070785
3679, 0.00070802
3680, 0.00070819
3681, 0.00070837
3682, 0.00070854
3683, 0.00070871
3684, 0.00070888
3685, 0.00070905
3686, 0.00070922
3687, 0.00070939
3688, 0.00070957
3689, 0.00070974
3690, 0.00070991
3691, 0.00071008
3692, 0.00071025
3693, 0.00071043
3694, 0.00071060
3695, 0.00071077
3696, 0.00071094
3697, 0.00071111
3698, 0.00071128
3699, 0.00071145
3700, 0.00071162
3701, 0.00071179
3702, 0.00071196
3703, 0.00071213
3704, 0.00071232
3705, 0.00071249
3706, 0.00071266
3707, 0.00071283
3708, 0.00071301
3709, 0.00071318
3710, 0.00071335
3711, 0.00071353
3712, 0.00071370
3713, 0.00071387
3714, 0.00071404
3715, 0.00071421
3716, 0.00071438
3717, 0.00071456
3718, 0.00071473
3719, 0.00071491
3720, 0.00071509
3721, 0.00071525
3722, 0.00071543
3723, 0.00071560
3724, 0.00071577
3725, 0.00071595
3726, 0.00071612
3727, 0.00071629
3728, 0.00071646
3729, 0.00071663
3730, 0.00071680
3731, 0.00071698
3732, 0.00071715
3733, 0.00071732
3734, 0.00071749
3735, 0.00071766
3736, 0.00071784
3737, 0.00071801
3738, 0.00071818
3739, 0.00071835
3740, 0.00071852
3741, 0.00071869
3742, 0.00071887
3743, 0.00071904
3744, 0.00071921
3745, 0.00071939
3746, 0.00071956
3747, 0.00071973
3748, 0.00071990
3749, 0.00072008
3750, 0.00072025
3751, 0.00072042
3752, 0.00072059
3753, 0.00072076
3754, 0.00072093
3755, 0.00072112
3756, 0.00072129
3757, 0.00072146
3758, 0.00072164
3759, 0.00072181
3760, 0.00072198
3761, 0.00072216
3762, 0.00072233
3763, 0.00072250
3764, 0.00072267
3765, 0.00072284
3766, 0.00072301
3767, 0.00072319
3768, 0.00072336
3769, 0.00072354
3770, 0.00072371
3771, 0.00072389
3772, 0.00072406
3773, 0.00072423
3774, 0.00072440
3775, 0.00072458
3776, 0.00072475
3777, 0.00072492
3778, 0.00072509
3779, 0.00072526
3780, 0.00072543
3781, 0.00072560
3782, 0.00072577
3783, 0.00072595
3784, 0.00072615
3785, 0.00072837
3786, 0.00072857
3787, 0.00072875
3788, 0.00072892
3789, 0.00072910
3790, 0.00072927
3791, 0.00072945
3792, 0.00072963
3793, 0.00072981
3794, 0.00072998
3795, 0.00073016
3796, 0.00073034
3797, 0.00073051
3798, 0.00073069
3799, 0.00073086
3800, 0.00073104
3801, 0.00073121
3802, 0.00073139
3803, 0.00073156
3804, 0.00073173
3805, 0.00073191
3806, 0.00073209
3807, 0.00073226
3808, 0.00073243
3809, 0.00073261
3810, 0.00073278
3811, 0.00073295
3812, 0.00073313
3813, 0.00073330
3814, 0.00073348
3815, 0.00073365
3816, 0.00073382
3817, 0.00073400
3818, 0.00073417
3819, 0.00073435
3820, 0.00073452
3821, 0.00073469
3822, 0.00073487
3823, 0.00073504
3824, 0.00073522
3825, 0.00073539
3826, 0.00073557
3827, 0.00073574
3828, 0.00073592
3829, 0.00073610
3830, 0.00073627
3831, 0.00073644
3832, 0.00073662
3833, 0.00073679
3834, 0.00073697
3835, 0.00073714
3836, 0.00073731
3837, 0.00073749
3838, 0.00073767
3839, 0.00073785
3840, 0.00073802
3841, 0.00073819
3842, 0.00073837
3843, 0.00073855
3844, 0.00073872
3845, 0.00073890
3846, 0.00073907
3847, 0.00073924
3848, 0.00073942
3849, 0.00073959
3850, 0.00073977
3851, 0.00073994
3852, 0.00074012
3853, 0.00074029
3854, 0.00074046
3855, 0.00074064
3856, 0.00074081
3857, 0.00074098
3858, 0.00074116
3859, 0.00074133
3860, 0.00074151
3861, 0.00074169
3862, 0.00074186
3863, 0.00074204
3864, 0.00074221
3865, 0.00074239
3866, 0.00074257
3867, 0.00074274
3868, 0.00074292
3869, 0.00074309
3870, 0.00074327
3871, 0.00074345
3872, 0.00074362
3873, 0.00074380
3874, 0.00074397
3875, 0.00074415
3876, 0.00074432
3877, 0.00074450
3878, 0.00074467
3879, 0.00074485
3880, 0.00074502
3881, 0.00074520
3882, 0.00074538
3883, 0.00074555
3884, 0.00074572
3885, 0.00074590
3886, 0.00074608
3887, 0.00074626
3888, 0.00074643
3889, 0.00074661
3890, 0.00074678
3891, 0.00074696
3892, 0.00074714
3893, 0.00074731
3894, 0.00074749
3895, 0.00074766
3896, 0.00074784
3897, 0.00074801
3898, 0.00074818
3899, 0.00074836
3900, 0.00074853
3901, 0.00074871
3902, 0.00074889
3903, 0.00074906
3904, 0.00074924
3905, 0.00074942
3906, 0.00074959
3907, 0.00074977
3908, 0.00074995
3909, 0.00075014
3910, 0.00075033
3911, 0.00075262
3912, 0.00075281
3913, 0.00075300
3914, 0.00075318
3915, 0.00075336
3916, 0.00075354
3917, 0.00075372
3918, 0.00075389
3919, 0.00075407
3920, 0.00075425
3921, 0.00075442
3922, 0.00075460
3923, 0.00075478
3924, 0.00075496
3925, 0.00075514
3926, 0.00075531
3927, 0.00075549
3928, 0.00075566
3929, 0.00075584
3930, 0.00075602
3931, 0.00075619
3932, 0.00075636
3933, 0.00075654
3934, 0.00075672
3935, 0.00075689
3936, 0.00075707
3937, 0.00075725
3938, 0.00075743
3939, 0.00075760
3940, 0.00075778
3941, 0.00075796
3942, 0.00075814
3943, 0.00075831
3944, 0.00075848
3945, 0.00075866
3946, 0.00075884
3947, 0.00075901
3948, 0.00075919
3949, 0.00075937
3950, 0.00075955
3951, 0.00075972
3952, 0.00075989
3953, 0.00076007
3954, 0.00076024
3955, 0.00076042
3956, 0.00076059
3957, 0.00076077
3958, 0.00076094
3959, 0.00076112
3960, 0.00076130
3961, 0.00076147
3962, 0.00076165
3963, 0.00076182
3964, 0.00076200
3965, 0.00076217
3966, 0.00076235
3967, 0.00076253
3968, 0.00076270
3969, 0.00076288
3970, 0.00076306
3971, 0.00076323
3972, 0.00076341
3973, 0.00076359
3974, 0.00076376
3975, 0.00076394
3976, 0.00076411
3977, 0.00076428
3978, 0.00076445
3979, 0.00076463
3980, 0.00076481
3981, 0.00076498
3982, 0.00076515
3983, 0.00076533
3984, 0.00076550
3985, 0.00076568
3986, 0.00076585
3987, 0.00076603
3988, 0.00076621
3989, 0.00076638
3990, 0.00076656
3991, 0.00076673
3992, 0.00076691
3993, 0.00076708
3994, 0.00076726
3995, 0.00076744
3996, 0.00076762
3997, 0.00076779
3998, 0.00076797
3999, 0.00076815
4000, 0.00076832
4001, 0.00076850
4002, 0.00076868
4003, 0.00076886
4004, 0.00076904
4005, 0.00076921
4006, 0.00076939
4007, 0.00076956
4008, 0.00076973
4009, 0.00076991
4010, 0.00077008
4011, 0.00077026
4012, 0.00077044
4013, 0.00077061
4014, 0.00077079
4015, 0.00077097
4016, 0.00077114
4017, 0.00077132
4018, 0.00077150
4019, 0.00077168
4020, 0.00077185
4021, 0.00077202
4022, 0.00077220
4023, 0.00077237
4024, 0.00077255
4025, 0.00077272
4026, 0.00077290
4027, 0.00077308
4028, 0.00077325
4029, 0.00077342
4030, 0.00077360
4031, 0.00077377
4032, 0.00077395
4033, 0.00077413
4034, 0.00077431
4035, 0.00077451
4036, 0.00077471
4037, 0.00078185
4038, 0.00078207
4039, 0.00078225
4040, 0.00078242
4041, 0.00078260
4042, 0.00078278
4043, 0.00078297
4044, 0.00078315
4045, 0.00078333
4046, 0.00078350
4047, 0.00078368
4048, 0.00078385
4049, 0.00078403
4050, 0.00078420
4051, 0.00078437
4052, 0.00078455
4053, 0.00078472
4054, 0.00078489
4055, 0.00078506
4056, 0.00078524
4057, 0.00078541
4058, 0.00078558
4059, 0.00078576
4060, 0.00078594
4061, 0.00078611
4062, 0.00078629
4063, 0.00078646
4064, 0.00078664
4065, 0.00078682
4066, 0.00078699
4067, 0.00078717
4068, 0.00078734
4069, 0.00078752
4070, 0.00078769
4071, 0.00078786
4072, 0.00078804
4073, 0.00078821
4074, 0.00078839
4075, 0.00078856
4076, 0.00078873
4077, 0.00078891
4078, 0.00078908
4079, 0.00078926
4080, 0.00078944
4081, 0.00078961
4082, 0.00078979
4083, 0.00078996
4084, 0.00079014
4085, 0.00079031
4086, 0.00079049
4087, 0.00079066
4088, 0.00079084
4089, 0.00079102
4090, 0.00079119
4091, 0.00079137
4092, 0.00079155
4093, 0.00079172
4094, 0.00079190
4095, 0.00079207
4096, 0.00079225
4097, 0.00079242
4098, 0.00079260
4099, 0.00079278
4100, 0.00079295
4101, 0.00079313
4102, 0.00079330
4103, 0.00079348
4104, 0.00079365
4105, 0.00079383
4106, 0.00079400
4107, 0.00079418
4108, 0.00079435
4109, 0.00079453
4110, 0.00079470
4111, 0.00079488
4112, 0.00079506
4113, 0.00079523
4114, 0.00079541
4115, 0.00079559
4116, 0.00079576
4117, 0.00079594
4118, 0.00079611
4119, 0.00079635
4120, 0.00079652
4121, 0.00079670
4122, 0.00079687
4123, 0.00079705
4124, 0.00079723
4125, 0.00079740
4126, 0.00079758
4127, 0.00079775
4128, 0.00079793
4129, 0.00079810
4130, 0.00079828
4131, 0.00079846
4132, 0.00079863
4133, 0.00079881
4134, 0.00079898
4135, 0.00079915
4136, 0.00079932
4137, 0.00079950
4138, 0.00079967
4139, 0.00079985
4140, 0.00080002
4141, 0.00080020
4142, 0.00080037
4143, 0.00080055
4144, 0.00080072
4145, 0.00080089
4146, 0.00080107
4147, 0.00080124
4148, 0.00080141
4149, 0.00080159
4150, 0.00080177
4151, 0.00080194
4152, 0.00080212
4153, 0.00080229
4154, 0.00080247
4155, 0.00080264
4156, 0.00080281
4157, 0.00080299
4158, 0.00080316
4159, 0.00080333
4160, 0.00080351
4161, 0.00080368
4162, 0.00080387
4163, 0.00080603
4164, 0.00080623
4165, 0.00080641
4166, 0.00080659
4167, 0.00080677
4168, 0.00080694
4169, 0.00080711
4170, 0.00080729
4171, 0.00080746
4172, 0.00080764
4173, 0.00080781
4174, 0.00080798
4175, 0.00080815
4176, 0.00080833
4177, 0.00080850
4178, 0.00080868
4179, 0.00080885
4180, 0.00080902
4181, 0.00080920
4182, 0.00080937
4183, 0.00080954
4184, 0.00080972
4185, 0.00080989
4186, 0.00081007
4187, 0.00081024
4188, 0.00081041
4189, 0.00081058
4190, 0.00081076
4191, 0.00081093
4192, 0.00081110
4193, 0.00081127
4194, 0.00081145
4195, 0.00081162
4196, 0.00081179
4197, 0.00081196
4198, 0.00081214
4199, 0.00081231
4200, 0.00081248
4201, 0.00081266
4202, 0.00081283
4203, 0.00081300
4204, 0.00081317
4205, 0.00081335
4206, 0.00081352
4207, 0.00081369
4208, 0.00081386
4209, 0.00081403
4210, 0.00081421
4211, 0.00081438
4212, 0.00081456
4213, 0.00081473
4214, 0.00081490
4215, 0.00081507
4216, 0.00081524
4217, 0.00081541
4218, 0.00081559
4219, 0.00081576
4220, 0.00081593
4221, 0.00081610
4222, 0.00081627
4223, 0.00081645
4224, 0.00081663
4225, 0.00081681
4226, 0.00081698
4227, 0.00081715
4228, 0.00081732
4229, 0.00081750
4230, 0.00081767
4231, 0.00081784
4232, 0.00081801
4233, 0.00081818
4234, 0.00081836
4235, 0.00081853
4236, 0.00081870
4237, 0.00081887
4238, 0.00081905
4239, 0.00081922
4240, 0.00081939
4241, 0.00081956
4242, 0.00081973
4243, 0.00081990
4244, 0.00082007
4245, 0.00082025
4246, 0.00082042
4247, 0.00082059
4248, 0.00082077
4249, 0.00082094
4250, 0.00082111
4251, 0.00082128
4252, 0.00082145
4253, 0.00082162
4254, 0.00082180
4255, 0.00082198
4256, 0.00082215
4257, 0.00082232
4258, 0.00082249
4259, 0.00082266
4260, 0.00082283
4261, 0.00082300
4262, 0.00082317
4263, 0.00082334
4264, 0.00082351
4265, 0.00082368
4266, 0.00082386
4267, 0.00082403
4268, 0.00082420
4269, 0.00082437
4270, 0.00082455
4271, 0.00082472
4272, 0.00082490
4273, 0.00082507
4274, 0.00082524
4275, 0.00082542
4276, 0.00082559
4277, 0.00082576
4278, 0.00082594
4279, 0.00082611
4280, 0.00082629
4281, 0.00082646
4282, 0.00082664
4283, 0.00082681
4284, 0.00082698
4285, 0.00082715
4286, 0.00082733
4287, 0.00082750
4288, 0.00082769
4289, 0.00082988
4290, 0.00083008
4291, 0.00083026
4292, 0.00083045
4293, 0.00083063
4294, 0.00083081
4295, 0.00083099
4296, 0.00083117
4297, 0.00083136
4298, 0.00083154
4299, 0.00083173
4300, 0.00083191
4301, 0.00083210
4302, 0.00083228
4303, 0.00083246
4304, 0.00083264
4305, 0.00083283
4306, 0.00083301
4307, 0.00083319
4308, 0.00083338
4309, 0.00083356
4310, 0.00083374
4311, 0.00083393
4312, 0.00083411
4313, 0.00083429
4314, 0.00083447
4315, 0.00083465
4316, 0.00083484
4317, 0.00083502
4318, 0.00083520
4319, 0.00083539
4320, 0.00083557
4321, 0.00083575
4322, 0.00083593
4323, 0.00083612
4324, 0.00083630
4325, 0.00083648
4326, 0.00083666
4327, 0.00083684
4328, 0.00083702
4329, 0.00083720
4330, 0.00083739
4331, 0.00083757
4332, 0.00083775
4333, 0.00083793
4334, 0.00083812
4335, 0.00083830
4336, 0.00083848
4337, 0.00083866
4338, 0.00083884
4339, 0.00083902
4340, 0.00083920
4341, 0.00083938
4342, 0.00083957
4343, 0.00083975
4344, 0.00083993
4345, 0.00084011
4346, 0.00084030
4347, 0.00084048
4348, 0.00084066
4349, 0.00084084
4350, 0.00084103
4351, 0.00084121
4352, 0.00084139
4353, 0.00084157
4354, 0.00084175
4355, 0.00084194
4356, 0.00084212
4357, 0.00084230
4358, 0.00084248
4359, 0.00084266
4360, 0.00084285
4361, 0.00084303
4362, 0.00084321
4363, 0.00084339
4364, 0.00084357
4365, 0.00084376
4366, 0.00084394
4367, 0.00084412
4368, 0.00084430
4369, 0.00084448
4370, 0.00084466
4371, 0.00084484
4372, 0.00084503
4373, 0.00084521
4374, 0.00084539
4375, 0.00084558
4376, 0.00084576
4377, 0.00084594
4378, 0.00084612
4379, 0.00084630
4380, 0.00084648
4381, 0.00084667
4382, 0.00084685
4383, 0.00084703
4384, 0.00084721
4385, 0.00084740
4386, 0.00084758
4387, 0.00084776
4388, 0.00084794
4389, 0.00084812
4390, 0.00084831
4391, 0.00084849
4392, 0.00084867
4393, 0.00084885
4394, 0.00084903
4395, 0.00084922
4396, 0.00084940
4397, 0.00084958
4398, 0.00084976
4399, 0.00084994
4400, 0.00085012
4401, 0.00085030
4402, 0.00085048
4403, 0.00085067
4404, 0.00085085
4405, 0.00085103
4406, 0.00085121
4407, 0.00085140
4408, 0.00085158
4409, 0.00085177
4410, 0.00085195
4411, 0.00085213
4412, 0.00085231
4413, 0.00085249
4414, 0.00085269
4415, 0.00085495
4416, 0.00085515
4417, 0.00085533
4418, 0.00085552
4419, 0.00085570
4420, 0.00085588
4421, 0.00085606
4422, 0.00085625
4423, 0.00085643
4424, 0.00085661
4425, 0.00085680
4426, 0.00085698
4427, 0.00085716
4428, 0.00085734
4429, 0.00085752
4430, 0.00085771
4431, 0.00085789
4432, 0.00085807
4433, 0.00085825
4434, 0.00085843
4435, 0.00085862
4436, 0.00085880
4437, 0.00085898
4438, 0.00085916
4439, 0.00085935
4440, 0.00085953
4441, 0.00085971
4442, 0.00085990
4443, 0.00086008
4444, 0.00086027
4445, 0.00086045
4446, 0.00086063
4447, 0.00086081
4448, 0.00086100
4449, 0.00086118
4450, 0.00086137
4451, 0.00086155
4452, 0.00086173
4453, 0.00086191
4454, 0.00086210
4455, 0.00086228
4456, 0.00086246
4457, 0.00086265
4458, 0.00086283
4459, 0.00086302
4460, 0.00086320
4461, 0.00086339
4462, 0.00086357
4463, 0.00086375
4464, 0.00086393
4465, 0.00086412
4466, 0.00086430
4467, 0.00086448
4468, 0.00086466
4469, 0.00086485
4470, 0.00086503
4471, 0.00086521
4472, 0.00086540
4473, 0.00086558
4474, 0.00086577
4475, 0.00086595
4476, 0.00086613
4477, 0.00086631
4478, 0.00086650
4479, 0.00086668
4480, 0.00086686
4481, 0.00086704
4482, 0.00086723
4483, 0.00086741
4484, 0.00086759
4485, 0.00086777
4486, 0.00086796
4487, 0.00086814
4488, 0.00086832
4489, 0.00086851
4490, 0.00086869
4491, 0.00086887
4492, 0.00086905
4493, 0.00086924
4494, 0.00086942
4495, 0.00086960
4496, 0.00086979
4497, 0.00086997
4498, 0.00087015
4499, 0.00087034
4500, 0.00087052
4501, 0.00087070
4502, 0.00087089
4503, 0.00087107
4504, 0.00087125
4505, 0.00087144
4506, 0.00087162
4507, 0.00087184
4508, 0.00087203
4509, 0.00087221
4510, 0.00087240
4511, 0.00087258
4512, 0.00087277
4513, 0.00087295
4514, 0.00087313
4515, 0.00087331
4516, 0.00087349
4517, 0.00087367
4518, 0.00087386
4519, 0.00087404
4520, 0.00087422
4521, 0.00087440
4522, 0.00087458
4523, 0.00087477
4524, 0.00087495
4525, 0.00087513
4526, 0.00087531
4527, 0.00087549
4528, 0.00087567
4529, 0.00087586
4530, 0.00087604
4531, 0.00087622
4532, 0.00087640
4533, 0.00087658
4534, 0.00087676
4535, 0.00087694
4536, 0.00087712
4537, 0.00087731
4538, 0.00087749
4539, 0.00087767
4540, 0.00087786
4541, 0.00088001
4542, 0.00088021
4543, 0.00088039
4544, 0.00088057
4545, 0.00088076
4546, 0.00088094
4547, 0.00088112
4548, 0.00088130
4549, 0.00088149
4550, 0.00088167
4551, 0.00088185
4552, 0.00088203
4553, 0.00088221
4554, 0.00088240
4555, 0.00088258
4556, 0.00088276
4557, 0.00088294
4558, 0.00088312
4559, 0.00088330
4560, 0.00088348
4561, 0.00088366
4562, 0.00088385
4563, 0.00088403
4564, 0.00088421
4565, 0.00088439
4566, 0.00088457
4567, 0.00088476
4568, 0.00088494
4569, 0.00088512
4570, 0.00088530
4571, 0.00088548
4572, 0.00088566
4573, 0.00088585
4574, 0.00088603
4575, 0.00088620
4576, 0.00088638
4577, 0.00088656
4578, 0.00088675
4579, 0.00088693
4580, 0.00088711
4581, 0.00088729
4582, 0.00088747
4583, 0.00088765
4584, 0.00088783
4585, 0.00088802
4586, 0.00088820
4587, 0.00088838
4588, 0.00088856
4589, 0.00088874
4590, 0.00088892
4591, 0.00088910
4592, 0.00088928
4593, 0.00088947
4594, 0.00088965
4595, 0.00088983
4596, 0.00089001
4597, 0.00089019
4598, 0.00089037
4599, 0.00089055
4600, 0.00089073
4601, 0.00089091
4602, 0.00089109
4603, 0.00089128
4604, 0.00089146
4605, 0.00089164
4606, 0.00089182
4607, 0.00089202
4608, 0.00089220
4609, 0.00089238
4610, 0.00089256
4611, 0.00089274
4612, 0.00089293
4613, 0.00089310
4614, 0.00089329
4615, 0.00089347
4616, 0.00089365
4617, 0.00089383
4618, 0.00089401
4619, 0.00089419
4620, 0.00089438
4621, 0.00089456
4622, 0.00089474
4623, 0.00089492
4624, 0.00089510
4625, 0.00089528
4626, 0.00089546
4627, 0.00089564
4628, 0.00089583
4629, 0.00089601
4630, 0.00089619
4631, 0.00089637
4632, 0.00089655
4633, 0.00089673
4634, 0.00089692
4635, 0.00089710
4636, 0.00089728
4637, 0.00089746
4638, 0.00089764
4639, 0.00089789
4640, 0.00089807
4641, 0.00089825
4642, 0.00089843
4643, 0.00089861
4644, 0.00089881
4645, 0.00089899
4646, 0.00089917
4647, 0.00089935
4648, 0.00089952
4649, 0.00089969
4650, 0.00089986
4651, 0.00090004
4652, 0.00090021
4653, 0.00090038
4654, 0.00090055
4655, 0.00090072
4656, 0.00090090
4657, 0.00090107
4658, 0.00090125
4659, 0.00090142
4660, 0.00090159
4661, 0.00090176
4662, 0.00090193
4663, 0.00090211
4664, 0.00090228
4665, 0.00090246
4666, 0.00090265
4667, 0.00090485
4668, 0.00090505
4669, 0.00090523
4670, 0.00090540
4671, 0.00090558
4672, 0.00090576
4673, 0.00090593
4674, 0.00090611
4675, 0.00090628
4676, 0.00090646
4677, 0.00090663
4678, 0.00090681
4679, 0.00090698
4680, 0.00090715
4681, 0.00090733
4682, 0.00090750
4683, 0.00090767
4684, 0.00090785
4685, 0.00090803
4686, 0.00090820
4687, 0.00090838
4688, 0.00090855
4689, 0.00090873
4690, 0.00090890
4691, 0.00090908
4692, 0.00090925
4693, 0.00090942
4694, 0.00090960
4695, 0.00090977
4696, 0.00090994
4697, 0.00091011
4698, 0.00091029
4699, 0.00091046
4700, 0.00091063
4701, 0.00091081
4702, 0.00091098
4703, 0.00091115
4704, 0.00091132
4705, 0.00091149
4706, 0.00091167
4707, 0.00091184
4708, 0.00091201
4709, 0.00091218
4710, 0.00091236
4711, 0.00091253
4712, 0.00091270
4713, 0.00091287
4714, 0.00091304
4715, 0.00091322
4716, 0.00091339
4717, 0.00091356
4718, 0.00091373
4719, 0.00091391
4720, 0.00091408
4721, 0.00091425
4722, 0.00091443
4723, 0.00091460
4724, 0.00091477
4725, 0.00091494
4726, 0.00091511
4727, 0.00091528
4728, 0.00091546
4729, 0.00091563
4730, 0.00091580
4731, 0.00091597
4732, 0.00091614
4733, 0.00091632
4734, 0.00091649
4735, 0.00091666
4736, 0.00091683
4737, 0.00091700
4738, 0.00091718
4739, 0.00091735
4740, 0.00091752
4741, 0.00091769
4742, 0.00091787
4743, 0.00091804
4744, 0.00091821
4745, 0.00091838
4746, 0.00091855
4747, 0.00091873
4748, 0.00091890
4749, 0.00091907
4750, 0.00091924
4751, 0.00091942
4752, 0.00091959
4753, 0.00091976
4754, 0.00091993
4755, 0.00092010
4756, 0.00092028
4757, 0.00092045
4758, 0.00092062
4759, 0.00092079
4760, 0.00092097
4761, 0.00092114
4762, 0.00092131
4763, 0.00092148
4764, 0.00092165
4765, 0.00092183
4766, 0.00092200
4767, 0.00092217
4768, 0.00092234
4769, 0.00092251
4770, 0.00092268
4771, 0.00092286
4772, 0.00092303
4773, 0.00092320
4774, 0.00092337
4775, 0.00092355
4776, 0.00092372
4777, 0.00092389
4778, 0.00092406
4779, 0.00092423
4780, 0.00092441
4781, 0.00092458
4782, 0.00092475
4783, 0.00092492
4784, 0.00092510
4785, 0.00092527
4786, 0.00092544
4787, 0.00092561
4788, 0.00092578
4789, 0.00092596
4790, 0.00092613
4791, 0.00092630
4792, 0.00092649
4793, 0.00092870
4794, 0.00092891
4795, 0.00092909
4796, 0.00092927
4797, 0.00092946
4798, 0.00092964
4799, 0.00092982
4800, 0.00093000
4801, 0.00093018
4802, 0.00093036
4803, 0.00093054
4804, 0.00093090
4805, 0.00093118
4806, 0.00093146
4807, 0.00093168
4808, 0.00093196
4809, 0.00093222
4810, 0.00093247
4811, 0.00093276
4812, 0.00093299
4813, 0.00093325
4814, 0.00093352
4815, 0.00093380
4816, 0.00093411
4817, 0.00093436
4818, 0.00093466
4819, 0.00093498
4820, 0.00093525
4821, 0.00093550
4822, 0.00093574
4823, 0.00093601
4824, 0.00093626
4825, 0.00093663
4826, 0.00093690
4827, 0.00093717
4828, 0.00093743
4829, 0.00093770
4830, 0.00093793
4831, 0.00093822
4832, 0.00093851
4833, 0.00093882
4834, 0.00093912
4835, 0.00093944
4836, 0.00093975
4837, 0.00094005
4838, 0.00094033
4839, 0.00094055
4840, 0.00094085
4841, 0.00094119
4842, 0.00094147
4843, 0.00094177
4844, 0.00094207
4845, 0.00094238
4846, 0.00094283
4847, 0.00094307
4848, 0.00094330
4849, 0.00094367
4850, 0.00094412
4851, 0.00094430
4852, 0.00094448
4853, 0.00094465
4854, 0.00094482
4855, 0.00094500
4856, 0.00094517
4857, 0.00094535
4858, 0.00094553
4859, 0.00094570
4860, 0.00094587
4861, 0.00094605
4862, 0.00094622
4863, 0.00094640
4864, 0.00094658
4865, 0.00094675
4866, 0.00094719
4867, 0.00094748
4868, 0.00094772
4869, 0.00094798
4870, 0.00094821
4871, 0.00094850
4872, 0.00094881
4873, 0.00094909
4874, 0.00094939
4875, 0.00094968
4876, 0.00094997
4877, 0.00095028
4878, 0.00095053
4879, 0.00095086
4880, 0.00095116
4881, 0.00095146
4882, 0.00095183
4883, 0.00095234
4884, 0.00095260
4885, 0.00095281
4886, 0.00095303
4887, 0.00095365
4888, 0.00095386
4889, 0.00095404
4890, 0.00095421
4891, 0.00095438
4892, 0.00095456
4893, 0.00095473
4894, 0.00095490
4895, 0.00095507
4896, 0.00095524
4897, 0.00095541
4898, 0.00095558
4899, 0.00095576
4900, 0.00095593
4901, 0.00095610
4902, 0.00095627
4903, 0.00095644
4904, 0.00095661
4905, 0.00095678
4906, 0.00095695
4907, 0.00095713
4908, 0.00095730
4909, 0.00095747
4910, 0.00095764
4911, 0.00095781
4912, 0.00095798
4913, 0.00095815
4914, 0.00095832
4915, 0.00095849
4916, 0.00095866
4917, 0.00095883
4918, 0.00095902
4919, 0.00096138
4920, 0.00096159
4921, 0.00096176
4922, 0.00096193
4923, 0.00096211
4924, 0.00096229
4925, 0.00096247
4926, 0.00096266
4927, 0.00096283
4928, 0.00096300
4929, 0.00096318
4930, 0.00096335
4931, 0.00096352
4932, 0.00096369
4933, 0.00096387
4934, 0.00096404
4935, 0.00096422
4936, 0.00096439
4937, 0.00096456
4938, 0.00096473
4939, 0.00096491
4940, 0.00096508
4941, 0.00096525
4942, 0.00096542
4943, 0.00096559
4944, 0.00096577
4945, 0.00096594
4946, 0.00096611
4947, 0.00096628
4948, 0.00096645
4949, 0.00096663
4950, 0.00096680
4951, 0.00096697
4952, 0.00096714
4953, 0.00096731
4954, 0.00096748
4955, 0.00096765
4956, 0.00096782
4957, 0.00096799
4958, 0.00096816
4959, 0.00096833
4960, 0.00096850
4961, 0.00096868
4962, 0.00096885
4963, 0.00096901
4964, 0.00096919
4965, 0.00096936
4966, 0.00096953
4967, 0.00096970
4968, 0.00096987
4969, 0.00097004
4970, 0.00097022
4971, 0.00097039
4972, 0.00097056
4973, 0.00097074
4974, 0.00097091
4975, 0.00097108
4976, 0.00097125
4977, 0.00097142
4978, 0.00097159
4979, 0.00097177
4980, 0.00097194
4981, 0.00097211
4982, 0.00097228
4983, 0.00097245
4984, 0.00097262
4985, 0.00097279
4986, 0.00097297
4987, 0.00097314
4988, 0.00097331
4989, 0.00097348
4990, 0.00097365
4991, 0.00097381
4992, 0.00097398
4993, 0.00097415
4994, 0.00097432
4995, 0.00097449
4996, 0.00097466
4997, 0.00097484
4998, 0.00097501
4999, 0.00097525
5000, 0.00097542
5001, 0.00097559
5002, 0.00097576
5003, 0.00097593
5004, 0.00097610
5005, 0.00097628
5006, 0.00097645
5007, 0.00097671
5008, 0.00097688
5009, 0.00097705
5010, 0.00097722
5011, 0.00097741
5012, 0.00097758
5013, 0.00097776
5014, 0.00097793
5015, 0.00097810
5016, 0.00097827
5017, 0.00097845
5018, 0.00097862
5019, 0.00097879
5020, 0.00097896
5021, 0.00097914
5022, 0.00097931
5023, 0.00097949
5024, 0.00097966
5025, 0.00097984
5026, 0.00098001
5027, 0.00098018
5028, 0.00098035
5029, 0.00098052
5030, 0.00098070
5031, 0.00098086
5032, 0.00098103
5033, 0.00098120
5034, 0.00098137
5035, 0.00098154
5036, 0.00098171
5037, 0.00098189
5038, 0.00098206
5039, 0.00098223
5040, 0.00098240
5041, 0.00098258
5042, 0.00098275
5043, 0.00098292
5044, 0.00098312
5045, 0.00098522
5046, 0.00098543
5047, 0.00098561
5048, 0.00098579
5049, 0.00098596
5050, 0.00098614
5051, 0.00098631
5052, 0.00098649
5053, 0.00098666
5054, 0.00098684
5055, 0.00098701
5056, 0.00098719
5057, 0.00098736
5058, 0.00098754
5059, 0.00098771
5060, 0.00098788
5061, 0.00098806
5062, 0.00098823
5063, 0.00098840
5064, 0.00098858
5065, 0.00098875
5066, 0.00098892
5067, 0.00098909
5068, 0.00098927
5069, 0.00098944
5070, 0.00098961
5071, 0.00098979
5072, 0.00098997
5073, 0.00099014
5074, 0.00099031
5075, 0.00099049
5076, 0.00099066
5077, 0.00099083
5078, 0.00099100
5079, 0.00099117
5080, 0.00099134
5081, 0.00099152
5082, 0.00099170
5083, 0.00099187
5084, 0.00099205
5085, 0.00099222
5086, 0.00099240
5087, 0.00099257
5088, 0.00099274
5089, 0.00099291
5090, 0.00099308
5091, 0.00099326
5092, 0.00099716
5093, 0.00099737
5094, 0.00099755
5095, 0.00099774
5096, 0.00099792
5097, 0.00099811
5098, 0.00099829
5099, 0.00099847
5100, 0.00099866
5101, 0.00099884
5102, 0.00099902
5103, 0.00099920
5104, 0.00099938
5105, 0.00099957
5106, 0.00099975
5107, 0.00099993
5108, 0.00100011
5109, 0.00100029
5110, 0.00100047
5111, 0.00100065
5112, 0.00100083
5113, 0.00100101
5114, 0.00100120
5115, 0.00100138
5116, 0.00100156
5117, 0.00100174
5118, 0.00100192
5119, 0.00100210
5120, 0.00100228
5121, 0.00100247
5122, 0.00100265
5123, 0.00100283
5124, 0.00100301
5125, 0.00100320
5126, 0.00100338
5127, 0.00100356
5128, 0.00100374
5129, 0.00100392
5130, 0.00100410
5131, 0.00100428
5132, 0.00100446
5133, 0.00100465
5134, 0.00100482
5135, 0.00100499
5136, 0.00100516
5137, 0.00100533
5138, 0.00100551
5139, 0.00100568
5140, 0.00100585
5141, 0.00100602
5142, 0.00100619
5143, 0.00100636
5144, 0.00100653
5145, 0.00100670
5146, 0.00100688
5147, 0.00100705
5148, 0.00100722
5149, 0.00100740
5150, 0.00100757
5151, 0.00100774
5152, 0.00100792
5153, 0.00100809
5154, 0.00100826
5155, 0.00100844
5156, 0.00100861
5157, 0.00100878
5158, 0.00100895
5159, 0.00100912
5160, 0.00100930
5161, 0.00100947
5162, 0.00100964
5163, 0.00100982
5164, 0.00100999
5165, 0.00101017
5166, 0.00101034
5167, 0.00101051
5168, 0.00101069
5169, 0.00101086
5170, 0.00101107
5171, 0.00101341
5172, 0.00101361
5173, 0.00101379
5174, 0.00101397
5175, 0.00101416
5176, 0.00101434
5177, 0.00101451
5178, 0.00101469
5179, 0.00101486
5180, 0.00101504
5181, 0.00101522
5182, 0.00101539
5183, 0.00101565
5184, 0.00101582
5185, 0.00101600
5186, 0.00101617
5187, 0.00101635
5188, 0.00101652
5189, 0.00101670
5190, 0.00101687
5191, 0.00101706
5192, 0.00101723
5193, 0.00101741
5194, 0.00101759
5195, 0.00101776
5196, 0.00101794
5197, 0.00101811
5198, 0.00101829
5199, 0.00101853
5200, 0.00101870
5201, 0.00101888
5202, 0.00101905
5203, 0.00101923
5204, 0.00101940
5205, 0.00101958
5206, 0.00101976
5207, 0.00102000
5208, 0.00102017
5209, 0.00102035
5210, 0.00102052
5211, 0.00102070
5212, 0.00102087
5213, 0.00102105
5214, 0.00102122
5215, 0.00102149
5216, 0.00102167
5217, 0.00102184
5218, 0.00102202
5219, 0.00102219
5220, 0.00102237
5221, 0.00102254
5222, 0.00102272
5223, 0.00102291
5224, 0.00102308
5225, 0.00102326
5226, 0.00102343
5227, 0.00102361
5228, 0.00102378
5229, 0.00102396
5230, 0.00102414
5231, 0.00102440
5232, 0.00102457
5233, 0.00102475
5234, 0.00102492
5235, 0.00102510
5236, 0.00102528
5237, 0.00102545
5238, 0.00102563
5239, 0.00102587
5240, 0.00102605
5241, 0.00102622
5242, 0.00102640
5243, 0.00102658
5244, 0.00102675
5245, 0.00102693
5246, 0.00102710
5247, 0.00102735
5248, 0.00102753
5249, 0.00102770
5250, 0.00102788
5251, 0.00102805
5252, 0.00102823
5253, 0.00102841
5254, 0.00102858
5255, 0.00102876
5256, 0.00102893
5257, 0.00102911
5258, 0.00102928
5259, 0.00102946
5260, 0.00102963
5261, 0.00102981
5262, 0.00102998
5263, 0.00103016
5264, 0.00103034
5265, 0.00103051
5266, 0.00103068
5267, 0.00103086
5268, 0.00103103
5269, 0.00103121
5270, 0.00103138
5271, 0.00103156
5272, 0.00103173
5273, 0.00103191
5274, 0.00103208
5275, 0.00103226
5276, 0.00103243
5277, 0.00103261
5278, 0.00103278
5279, 0.00103296
5280, 0.00103314
5281, 0.00103331
5282, 0.00103349
5283, 0.00103366
5284, 0.00103384
5285, 0.00103401
5286, 0.00103419
5287, 0.00103436
5288, 0.00103454
5289, 0.00103471
5290, 0.00103489
5291, 0.00103506
5292, 0.00103524
5293, 0.00103541
5294, 0.00103559
5295, 0.00103576
5296, 0.00103595
5297, 0.00103833
5298, 0.00103854
5299, 0.00103873
5300, 0.00103891
5301, 0.00103909
5302, 0.00103927
5303, 0.00103946
5304, 0.00103964
5305, 0.00103982
5306, 0.00104000
5307, 0.00104018
5308, 0.00104037
5309, 0.00104055
5310, 0.00104073
5311, 0.00104091
5312, 0.00104110
5313, 0.00104128
5314, 0.00104146
5315, 0.00104165
5316, 0.00104183
5317, 0.00104202
5318, 0.00104220
5319, 0.00104238
5320, 0.00104256
5321, 0.00104275
5322, 0.00104294
5323, 0.00104312
5324, 0.00104330
5325, 0.00104349
5326, 0.00104367
5327, 0.00104385
5328, 0.00104404
5329, 0.00104422
5330, 0.00104441
5331, 0.00104459
5332, 0.00104477
5333, 0.00104496
5334, 0.00104514
5335, 0.00104533
5336, 0.00104551
5337, 0.00104569
5338, 0.00104588
5339, 0.00104606
5340, 0.00104625
5341, 0.00104643
5342, 0.00104662
5343, 0.00104680
5344, 0.00104698
5345, 0.00104717
5346, 0.00104735
5347, 0.00104753
5348, 0.00104772
5349, 0.00104790
5350, 0.00104809
5351, 0.00104827
5352, 0.00104845
5353, 0.00104864
5354, 0.00104882
5355, 0.00104901
5356, 0.00104919
5357, 0.00104937
5358, 0.00104956
5359, 0.00104974
5360, 0.00104993
5361, 0.00105011
5362, 0.00105029
5363, 0.00105048
5364, 0.00105066
5365, 0.00105085
5366, 0.00105103
5367, 0.00105122
5368, 0.00105140
5369, 0.00105158
5370, 0.00105177
5371, 0.00105195
5372, 0.00105214
5373, 0.00105232
5374, 0.00105251
5375, 0.00105269
5376, 0.00105287
5377, 0.00105306
5378, 0.00105324
5379, 0.00105343
5380, 0.00105361
5381, 0.00105379
5382, 0.00105398
5383, 0.00105416
5384, 0.00105435
5385, 0.00105453
5386, 0.00105471
5387, 0.00105490
5388, 0.00105508
5389, 0.00105527
5390, 0.00105545
5391, 0.00105563
5392, 0.00105582
5393, 0.00105600
5394, 0.00105619
5395, 0.00105637
5396, 0.00105655
5397, 0.00105674
5398, 0.00105692
5399, 0.00105711
5400, 0.00105729
5401, 0.00105747
5402, 0.00105766
5403, 0.00105784
5404, 0.00105803
5405, 0.00105821
5406, 0.00105839
5407, 0.00105858
5408, 0.00105876
5409, 0.00105895
5410, 0.00105913
5411, 0.00105931
5412, 0.00105950
5413, 0.00105968
5414, 0.00105987
5415, 0.00106005
5416, 0.00106023
5417, 0.00106042
5418, 0.00106061
5419, 0.00106079
5420, 0.00106097
5421, 0.00106116
5422, 0.00106135
5423, 0.00106355
5424, 0.00106375
5425, 0.00106394
5426, 0.00106412
5427, 0.00106430
5428, 0.00106449
5429, 0.00106467
5430, 0.00106485
5431, 0.00106503
5432, 0.00106521
5433, 0.00106539
5434, 0.00106557
5435, 0.00106575
5436, 0.00106593
5437, 0.00106611
5438, 0.00106630
5439, 0.00106648
5440, 0.00106666
5441, 0.00106684
5442, 0.00106703
5443, 0.00106721
5444, 0.00106739
5445, 0.00106757
5446, 0.00106775
5447, 0.00106794
5448, 0.00106812
5449, 0.00106830
5450, 0.00106848
5451, 0.00106867
5452, 0.00106885
5453, 0.00106903
5454, 0.00106922
5455, 0.00106940
5456, 0.00106958
5457, 0.00106976
5458, 0.00106994
5459, 0.00107012
5460, 0.00107031
5461, 0.00107049
5462, 0.00107067
5463, 0.00107085
5464, 0.00107103
5465, 0.00107123
5466, 0.00107142
5467, 0.00107160
5468, 0.00107178
5469, 0.00107197
5470, 0.00107215
5471, 0.00107233
5472, 0.00107251
5473, 0.00107269
5474, 0.00107288
5475, 0.00107306
5476, 0.00107324
5477, 0.00107342
5478, 0.00107360
5479, 0.00107379
5480, 0.00107397
5481, 0.00107415
5482, 0.00107433
5483, 0.00107451
5484, 0.00107470
5485, 0.00107488
5486, 0.00107506
5487, 0.00107524
5488, 0.00107543
5489, 0.00107561
5490, 0.00107579
5491, 0.00107597
5492, 0.00107615
5493, 0.00107635
5494, 0.00107655
5495, 0.00107673
5496, 0.00107691
5497, 0.00107710
5498, 0.00107728
5499, 0.00107746
5500, 0.00107764
5501, 0.00107783
5502, 0.00107801
5503, 0.00107819
5504, 0.00107837
5505, 0.00107855
5506, 0.00107873
5507, 0.00107892
5508, 0.00107910
5509, 0.00107928
5510, 0.00107947
5511, 0.00107965
5512, 0.00107983
5513, 0.00108001
5514, 0.00108019
5515, 0.00108038
5516, 0.00108056
5517, 0.00108074
5518, 0.00108092
5519, 0.00108111
5520, 0.00108129
5521, 0.00108146
5522, 0.00108163
5523, 0.00108181
5524, 0.00108198
5525, 0.00108216
5526, 0.00108233
5527, 0.00108250
5528, 0.00108267
5529, 0.00108285
5530, 0.00108302
5531, 0.00108319
5532, 0.00108336
5533, 0.00108354
5534, 0.00108371
5535, 0.00108388
5536, 0.00108405
5537, 0.00108423
5538, 0.00108440
5539, 0.00108458
5540, 0.00108475
5541, 0.00108493
5542, 0.00108510
5543, 0.00108527
5544, 0.00108544
5545, 0.00108562
5546, 0.00108579
5547, 0.00108596
5548, 0.00108615
5549, 0.00108836
5550, 0.00108856
5551, 0.00108874
5552, 0.00108891
5553, 0.00108909
5554, 0.00108926
5555, 0.00108944
5556, 0.00108962
5557, 0.00108980
5558, 0.00108997
5559, 0.00109015
5560, 0.00109032
5561, 0.00109050
5562, 0.00109068
5563, 0.00109086
5564, 0.00109103
5565, 0.00109121
5566, 0.00109139
5567, 0.00109156
5568, 0.00109174
5569, 0.00109192
5570, 0.00109209
5571, 0.00109227
5572, 0.00109244
5573, 0.00109262
5574, 0.00109280
5575, 0.00109297
5576, 0.00109315
5577, 0.00109333
5578, 0.00109350
5579, 0.00109368
5580, 0.00109386
5581, 0.00109403
5582, 0.00109421
5583, 0.00109438
5584, 0.00109456
5585, 0.00109474
5586, 0.00109491
5587, 0.00109509
5588, 0.00109526
5589, 0.00109544
5590, 0.00109561
5591, 0.00109579
5592, 0.00109596
5593, 0.00109614
5594, 0.00109632
5595, 0.00109649
5596, 0.00109667
5597, 0.00109684
5598, 0.00109702
5599, 0.00109719
5600, 0.00109737
5601, 0.00109755
5602, 0.00109773
5603, 0.00109790
5604, 0.00109808
5605, 0.00109825
5606, 0.00109843
5607, 0.00109861
5608, 0.00109878
5609, 0.00109896
5610, 0.00109913
5611, 0.00109931
5612, 0.00109949
5613, 0.00109966
5614, 0.00109984
5615, 0.00110002
5616, 0.00110019
5617, 0.00110037
5618, 0.00110055
5619, 0.00110072
5620, 0.00110090
5621, 0.00110107
5622, 0.00110125
5623, 0.00110143
5624, 0.00110160
5625, 0.00110178
5626, 0.00110196
5627, 0.00110213
5628, 0.00110230
5629, 0.00110248
5630, 0.00110265
5631, 0.00110283
5632, 0.00110300
5633, 0.00110318
5634, 0.00110336
5635, 0.00110353
5636, 0.00110371
5637, 0.00110389
5638, 0.00110406
5639, 0.00110425
5640, 0.00110442
5641, 0.00110459
5642, 0.00110477
5643, 0.00110494
5644, 0.00110512
5645, 0.00110529
5646, 0.00110546
5647, 0.00110571
5648, 0.00110588
5649, 0.00110606
5650, 0.00110624
5651, 0.00110641
5652, 0.00110659
5653, 0.00110677
5654, 0.00110694
5655, 0.00110719
5656, 0.00110736
5657, 0.00110753
5658, 0.00110771
5659, 0.00110788
5660, 0.00110806
5661, 0.00110824
5662, 0.00110841
5663, 0.00110867
5664, 0.00110884
5665, 0.00110901
5666, 0.00110919
5667, 0.00110937
5668, 0.00110954
5669, 0.00110971
5670, 0.00110989
5671, 0.00111014
5672, 0.00111032
5673, 0.00111049
5674, 0.00111068
5675, 0.00111495
5676, 0.00111516
5677, 0.00111535
5678, 0.00111552
5679, 0.00111579
5680, 0.00111596
5681, 0.00111614
5682, 0.00111632
5683, 0.00111650
5684, 0.00111667
5685, 0.00111685
5686, 0.00111703
5687, 0.00111743
5688, 0.00111761
5689, 0.00111778
5690, 0.00111796
5691, 0.00111813
5692, 0.00111831
5693, 0.00111848
5694, 0.00111866
5695, 0.00111890
5696, 0.00111907
5697, 0.00111925
5698, 0.00111943
5699, 0.00111960
5700, 0.00111978
5701, 0.00111995
5702, 0.00112013
5703, 0.00112031
5704, 0.00112048
5705, 0.00112066
5706, 0.00112084
5707, 0.00112102
5708, 0.00112119
5709, 0.00112137
5710, 0.00112155
5711, 0.00112172
5712, 0.00112190
5713, 0.00112207
5714, 0.00112225
5715, 0.00112243
5716, 0.00112260
5717, 0.00112282
5718, 0.00112299
5719, 0.00112317
5720, 0.00112335
5721, 0.00112352
5722, 0.00112370
5723, 0.00112388
5724, 0.00112405
5725, 0.00112424
5726, 0.00112442
5727, 0.00112460
5728, 0.00112479
5729, 0.00112497
5730, 0.00112515
5731, 0.00112534
5732, 0.00112552
5733, 0.00112570
5734, 0.00112589
5735, 0.00112607
5736, 0.00112625
5737, 0.00112644
5738, 0.00112662
5739, 0.00112680
5740, 0.00112698
5741, 0.00112717
5742, 0.00112734
5743, 0.00112751
5744, 0.00112769
5745, 0.00112786
5746, 0.00112807
5747, 0.00112825
5748, 0.00112842
5749, 0.00112860
5750, 0.00112877
5751, 0.00112895
5752, 0.00112913
5753, 0.00112931
5754, 0.00112948
5755, 0.00112966
5756, 0.00112984
5757, 0.00113001
5758, 0.00113019
5759, 0.00113037
5760, 0.00113054
5761, 0.00113072
5762, 0.00113090
5763, 0.00113107
5764, 0.00113125
5765, 0.00113143
5766, 0.00113161
5767, 0.00113178
5768, 0.00113196
5769, 0.00113213
5770, 0.00113231
5771, 0.00113248
5772, 0.00113266
5773, 0.00113284
5774, 0.00113301
5775, 0.00113319
5776, 0.00113337
5777, 0.00113354
5778, 0.00113372
5779, 0.00113389
5780, 0.00113407
5781, 0.00113425
5782, 0.00113442
5783, 0.00113460
5784, 0.00113477
5785, 0.00113495
5786, 0.00113513
5787, 0.00113530
5788, 0.00113548
5789, 0.00113566
5790, 0.00113583
5791, 0.00113601
5792, 0.00113619
5793, 0.00113636
5794, 0.00113654
5795, 0.00113671
5796, 0.00113689
5797, 0.00113707
5798, 0.00113724
5799, 0.00113741
5800, 0.00113760
5801, 0.00114010
5802, 0.00114030
5803, 0.00114048
5804, 0.00114066
5805, 0.00114083
5806, 0.00114101
5807, 0.00114119
5808, 0.00114137
5809, 0.00114154
5810, 0.00114171
5811, 0.00114189
5812, 0.00114207
5813, 0.00114224
5814, 0.00114242
5815, 0.00114260
5816, 0.00114277
5817, 0.00114295
5818, 0.00114313
5819, 0.00114331
5820, 0.00114349
5821, 0.00114367
5822, 0.00114385
5823, 0.00114403
5824, 0.00114422
5825, 0.00114440
5826, 0.00114457
5827, 0.00114475
5828, 0.00114492
5829, 0.00114510
5830, 0.00114527
5831, 0.00114545
5832, 0.00114562
5833, 0.00114580
5834, 0.00114598
5835, 0.00114615
5836, 0.00114632
5837, 0.00114650
5838, 0.00114667
5839, 0.00114685
5840, 0.00114702
5841, 0.00114720
5842, 0.00114737
5843, 0.00114756
5844, 0.00114773
5845, 0.00114791
5846, 0.00114808
5847, 0.00114825
5848, 0.00114843
5849, 0.00114860
5850, 0.00114878
5851, 0.00114896
5852, 0.00114913
5853, 0.00114930
5854, 0.00114948
5855, 0.00114965
5856, 0.00114983
5857, 0.00115000
5858, 0.00115018
5859, 0.00115035
5860, 0.00115052
5861, 0.00115070
5862, 0.00115087
5863, 0.00115105
5864, 0.00115122
5865, 0.00115139
5866, 0.00115156
5867, 0.00115174
5868, 0.00115191
5869, 0.00115209
5870, 0.00115226
5871, 0.00115244
5872, 0.00115261
5873, 0.00115279
5874, 0.00115296
5875, 0.00115314
5876, 0.00115331
5877, 0.00115349
5878, 0.00115366
5879, 0.00115384
5880, 0.00115401
5881, 0.00115419
5882, 0.00115437
5883, 0.00115454
5884, 0.00115472
5885, 0.00115489
5886, 0.00115507
5887, 0.00115525
5888, 0.00115542
5889, 0.00115560
5890, 0.00115577
5891, 0.00115594
5892, 0.00115612
5893, 0.00115629
5894, 0.00115647
5895, 0.00115665
5896, 0.00115682
5897, 0.00115700
5898, 0.00115717
5899, 0.00115735
5900, 0.00115752
5901, 0.00115770
5902, 0.00115787
5903, 0.00115805
5904, 0.00115822
5905, 0.00115840
5906, 0.00115858
5907, 0.00115876
5908, 0.00115893
5909, 0.00115911
5910, 0.00115929
5911, 0.00115946
5912, 0.00115964
5913, 0.00115981
5914, 0.00115999
5915, 0.00116016
5916, 0.00116034
5917, 0.00116052
5918, 0.00116069
5919, 0.00116087
5920, 0.00116104
5921, 0.00116122
5922, 0.00116140
5923, 0.00116157
5924, 0.00116175
5925, 0.00116192
5926, 0.00116212
5927, 0.00116439
5928, 0.00116459
5929, 0.00116477
5930, 0.00116495
5931, 0.00116512
5932, 0.00116530
5933, 0.00116548
5934, 0.00116565
5935, 0.00116583
5936, 0.00116601
5937, 0.00116618
5938, 0.00116636
5939, 0.00116653
5940, 0.00116671
5941, 0.00116688
5942, 0.00116706
5943, 0.00116724
5944, 0.00116742
5945, 0.00116759
5946, 0.00116777
5947, 0.00116794
5948, 0.00116812
5949, 0.00116830
5950, 0.00116847
5951, 0.00116865
5952, 0.00116883
5953, 0.00116901
5954, 0.00116919
5955, 0.00116936
5956, 0.00116954
5957, 0.00116971
5958, 0.00116988
5959, 0.00117006
5960, 0.00117023
5961, 0.00117041
5962, 0.00117058
5963, 0.00117075
5964, 0.00117093
5965, 0.00117111
5966, 0.00117128
5967, 0.00117146
5968, 0.00117163
5969, 0.00117180
5970, 0.00117198
5971, 0.00117215
5972, 0.00117232
5973, 0.00117250
5974, 0.00117267
5975, 0.00117285
5976, 0.00117302
5977, 0.00117320
5978, 0.00117337
5979, 0.00117355
5980, 0.00117372
5981, 0.00117390
5982, 0.00117407
5983, 0.00117424
5984, 0.00117441
5985, 0.00117459
5986, 0.00117476
5987, 0.00117494
5988, 0.00117511
5989, 0.00117529
5990, 0.00117547
5991, 0.00117564
5992, 0.00117582
5993, 0.00117599
5994, 0.00117616
5995, 0.00117634
5996, 0.00117651
5997, 0.00117668
5998, 0.00117685
5999, 0.00117703
6000, 0.00117721
6001, 0.00117738
6002, 0.00117755
6003, 0.00117772
6004, 0.00117789
6005, 0.00117807
6006, 0.00117824
6007, 0.00117841
6008, 0.00117859
6009, 0.00117877
6010, 0.00117894
6011, 0.00117912
6012, 0.00117929
6013, 0.00117947
6014, 0.00117964
6015, 0.00117982
6016, 0.00117999
6017, 0.00118017
6018, 0.00118035
6019, 0.00118053
6020, 0.00118070
6021, 0.00118088
6022, 0.00118105
6023, 0.00118123
6024, 0.00118141
6025, 0.00118158
6026, 0.00118176
6027, 0.00118194
6028, 0.00118211
6029, 0.00118229
6030, 0.00118246
6031, 0.00118264
6032, 0.00118281
6033, 0.00118298
6034, 0.00118316
6035, 0.00118333
6036, 0.00118351
6037, 0.00118368
6038, 0.00118386
6039, 0.00118403
6040, 0.00118421
6041, 0.00118438
6042, 0.00118455
6043, 0.00118472
6044, 0.00118490
6045, 0.00118508
6046, 0.00118526
6047, 0.00118543
6048, 0.00118561
6049, 0.00118578
6050, 0.00118596
6051, 0.00118614
6052, 0.00118632
6053, 0.00118855
6054, 0.00118875
6055, 0.00118894
6056, 0.00118911
6057, 0.00118929
6058, 0.00118946
6059, 0.00118963
6060, 0.00118981
6061, 0.00118998
6062, 0.00119016
6063, 0.00119033
6064, 0.00119051
6065, 0.00119069
6066, 0.00119086
6067, 0.00119104
6068, 0.00119122
6069, 0.00119139
6070, 0.00119157
6071, 0.00119175
6072, 0.00119192
6073, 0.00119210
6074, 0.00119228
6075, 0.00119245
6076, 0.00119263
6077, 0.00119280
6078, 0.00119298
6079, 0.00119315
6080, 0.00119333
6081, 0.00119351
6082, 0.00119368
6083, 0.00119386
6084, 0.00119403
6085, 0.00119421
6086, 0.00119438
6087, 0.00119456
6088, 0.00119473
6089, 0.00119491
6090, 0.00119509
6091, 0.00119526
6092, 0.00119543
6093, 0.00119561
6094, 0.00119579
6095, 0.00119596
6096, 0.00119614
6097, 0.00119631
6098, 0.00119649
6099, 0.00119666
6100, 0.00119684
6101, 0.00119702
6102, 0.00119719
6103, 0.00119737
6104, 0.00119754
6105, 0.00119772
6106, 0.00119789
6107, 0.00119807
6108, 0.00119825
6109, 0.00119842
6110, 0.00119860
6111, 0.00119877
6112, 0.00119894
6113, 0.00119912
6114, 0.00119929
6115, 0.00119947
6116, 0.00119964
6117, 0.00119982
6118, 0.00119999
6119, 0.00120016
6120, 0.00120034
6121, 0.00120051
6122, 0.00120069
6123, 0.00120086
6124, 0.00120104
6125, 0.00120121
6126, 0.00120139
6127, 0.00120156
6128, 0.00120174
6129, 0.00120192
6130, 0.00120209
6131, 0.00120227
6132, 0.00120244
6133, 0.00120262
6134, 0.00120279
6135, 0.00120297
6136, 0.00120314
6137, 0.00120332
6138, 0.00120349
6139, 0.00120367
6140, 0.00120385
6141, 0.00120402
6142, 0.00120419
6143, 0.00120437
6144, 0.00120454
6145, 0.00120472
6146, 0.00120489
6147, 0.00120506
6148, 0.00120524
6149, 0.00120541
6150, 0.00120559
6151, 0.00120578
6152, 0.00120595
6153, 0.00120613
6154, 0.00120631
6155, 0.00120648
6156, 0.00120666
6157, 0.00120684
6158, 0.00120701
6159, 0.00120725
6160, 0.00120742
6161, 0.00120759
6162, 0.00120777
6163, 0.00120794
6164, 0.00120811
6165, 0.00120829
6166, 0.00120847
6167, 0.00120872
6168, 0.00120889
6169, 0.00120907
6170, 0.00120924
6171, 0.00120942
6172, 0.00120959
6173, 0.00120976
6174, 0.00120993
6175, 0.00121011
6176, 0.00121029
6177, 0.00121046
6178, 0.00121065
6179, 0.00121281
6180, 0.00121302
6181, 0.00121320
6182, 0.00121338
6183, 0.00121356
6184, 0.00121374
6185, 0.00121393
6186, 0.00121411
6187, 0.00121429
6188, 0.00121447
6189, 0.00121464
6190, 0.00121482
6191, 0.00121507
6192, 0.00121524
6193, 0.00121542
6194, 0.00121560
6195, 0.00121578
6196, 0.00121596
6197, 0.00121613
6198, 0.00121630
6199, 0.00121655
6200, 0.00121672
6201, 0.00121689
6202, 0.00121707
6203, 0.00121725
6204, 0.00121742
6205, 0.00121759
6206, 0.00121776
6207, 0.00121794
6208, 0.00121812
6209, 0.00121829
6210, 0.00121847
6211, 0.00121864
6212, 0.00121881
6213, 0.00121899
6214, 0.00121916
6215, 0.00121942
6216, 0.00121959
6217, 0.00121977
6218, 0.00121994
6219, 0.00122011
6220, 0.00122028
6221, 0.00122045
6222, 0.00122063
6223, 0.00122080
6224, 0.00122097
6225, 0.00122115
6226, 0.00122133
6227, 0.00122150
6228, 0.00122167
6229, 0.00122184
6230, 0.00122201
6231, 0.00122218
6232, 0.00122236
6233, 0.00122253
6234, 0.00122270
6235, 0.00122287
6236, 0.00122305
6237, 0.00122322
6238, 0.00122339
6239, 0.00122356
6240, 0.00122374
6241, 0.00122391
6242, 0.00122408
6243, 0.00122425
6244, 0.00122442
6245, 0.00122460
6246, 0.00122477
6247, 0.00122495
6248, 0.00122512
6249, 0.00122529
6250, 0.00122546
6251, 0.00122563
6252, 0.00122581
6253, 0.00122598
6254, 0.00122615
6255, 0.00122632
6256, 0.00122649
6257, 0.00122667
6258, 0.00122684
6259, 0.00122701
6260, 0.00122718
6261, 0.00122735
6262, 0.00122752
6263, 0.00122769
6264, 0.00122787
6265, 0.00122804
6266, 0.00122821
6267, 0.00122839
6268, 0.00122856
6269, 0.00122874
6270, 0.00122891
6271, 0.00122908
6272, 0.00122925
6273, 0.00122942
6274, 0.00122959
6275, 0.00122977
6276, 0.00122994
6277, 0.00123011
6278, 0.00123029
6279, 0.00123047
6280, 0.00123064
6281, 0.00123082
6282, 0.00123099
6283, 0.00123116
6284, 0.00123134
6285, 0.00123151
6286, 0.00123169
6287, 0.00123187
6288, 0.00123204
6289, 0.00123222
6290, 0.00123240
6291, 0.00123257
6292, 0.00123274
6293, 0.00123292
6294, 0.00123309
6295, 0.00123327
6296, 0.00123345
6297, 0.00123362
6298, 0.00123380
6299, 0.00123397
6300, 0.00123415
6301, 0.00123433
6302, 0.00123450
6303, 0.00123468
6304, 0.00123486
6305, 0.00123711
6306, 0.00123731
6307, 0.00123749
6308, 0.00123766
6309, 0.00123784
6310, 0.00123802
6311, 0.00123820
6312, 0.00123837
6313, 0.00123855
6314, 0.00123873
6315, 0.00123890
6316, 0.00123908
6317, 0.00123925
6318, 0.00123944
6319, 0.00123961
6320, 0.00123979
6321, 0.00123996
6322, 0.00124014
6323, 0.00124032
6324, 0.00124049
6325, 0.00124067
6326, 0.00124085
6327, 0.00124102
6328, 0.00124120
6329, 0.00124138
6330, 0.00124156
6331, 0.00124174
6332, 0.00124192
6333, 0.00124210
6334, 0.00124227
6335, 0.00124245
6336, 0.00124263
6337, 0.00124280
6338, 0.00124298
6339, 0.00124315
6340, 0.00124333
6341, 0.00124351
6342, 0.00124369
6343, 0.00124387
6344, 0.00124405
6345, 0.00124424
6346, 0.00124442
6347, 0.00124460
6348, 0.00124478
6349, 0.00124495
6350, 0.00124513
6351, 0.00124530
6352, 0.00124547
6353, 0.00124565
6354, 0.00124582
6355, 0.00124599
6356, 0.00124617
6357, 0.00124635
6358, 0.00124654
6359, 0.00124671
6360, 0.00124688
6361, 0.00124705
6362, 0.00124722
6363, 0.00124740
6364, 0.00124757
6365, 0.00124774
6366, 0.00124791
6367, 0.00124809
6368, 0.00124826
6369, 0.00124843
6370, 0.00124860
6371, 0.00124879
6372, 0.00124897
6373, 0.00124915
6374, 0.00124933
6375, 0.00124949
6376, 0.00124967
6377, 0.00124985
6378, 0.00125002
6379, 0.00125020
6380, 0.00125038
6381, 0.00125056
6382, 0.00125075
6383, 0.00125093
6384, 0.00125111
6385, 0.00125129
6386, 0.00125147
6387, 0.00125166
6388, 0.00125184
6389, 0.00125202
6390, 0.00125220
6391, 0.00125238
6392, 0.00125256
6393, 0.00125275
6394, 0.00125293
6395, 0.00125311
6396, 0.00125329
6397, 0.00125348
6398, 0.00125366
6399, 0.00125384
6400, 0.00125401
6401, 0.00125418
6402, 0.00125436
6403, 0.00125453
6404, 0.00125471
6405, 0.00125489
6406, 0.00125506
6407, 0.00125524
6408, 0.00125541
6409, 0.00125559
6410, 0.00125576
6411, 0.00125593
6412, 0.00125610
6413, 0.00125627
6414, 0.00125644
6415, 0.00125661
6416, 0.00125679
6417, 0.00125696
6418, 0.00125713
6419, 0.00125731
6420, 0.00125748
6421, 0.00125765
6422, 0.00125782
6423, 0.00125800
6424, 0.00125817
6425, 0.00125834
6426, 0.00125851
6427, 0.00125869
6428, 0.00125888
6429, 0.00125905
6430, 0.00125924
6431, 0.00126144
6432, 0.00126164
6433, 0.00126182
6434, 0.00126200
6435, 0.00126218
6436, 0.00126235
6437, 0.00126252
6438, 0.00126270
6439, 0.00126288
6440, 0.00126306
6441, 0.00126323
6442, 0.00126341
6443, 0.00126359
6444, 0.00126376
6445, 0.00126393
6446, 0.00126411
6447, 0.00126428
6448, 0.00126446
6449, 0.00126464
6450, 0.00126481
6451, 0.00126499
6452, 0.00126517
6453, 0.00126535
6454, 0.00126552
6455, 0.00126570
6456, 0.00126587
6457, 0.00126605
6458, 0.00126623
6459, 0.00126640
6460, 0.00126658
6461, 0.00126675
6462, 0.00126692
6463, 0.00126710
6464, 0.00126727
6465, 0.00126745
6466, 0.00126764
6467, 0.00126782
6468, 0.00126799
6469, 0.00126816
6470, 0.00126833
6471, 0.00126850
6472, 0.00126868
6473, 0.00126885
6474, 0.00126902
6475, 0.00126919
6476, 0.00126936
6477, 0.00126954
6478, 0.00126971
6479, 0.00126988
6480, 0.00127005
6481, 0.00127022
6482, 0.00127040
6483, 0.00127057
6484, 0.00127074
6485, 0.00127092
6486, 0.00127109
6487, 0.00127126
6488, 0.00127143
6489, 0.00127160
6490, 0.00127178
6491, 0.00127195
6492, 0.00127212
6493, 0.00127229
6494, 0.00127246
6495, 0.00127264
6496, 0.00127281
6497, 0.00127298
6498, 0.00127315
6499, 0.00127332
6500, 0.00127349
6501, 0.00127366
6502, 0.00127383
6503, 0.00127401
6504, 0.00127418
6505, 0.00127435
6506, 0.00127452
6507, 0.00127470
6508, 0.00127487
6509, 0.00127504
6510, 0.00127521
6511, 0.00127538
6512, 0.00127556
6513, 0.00127573
6514, 0.00127590
6515, 0.00127607
6516, 0.00127625
6517, 0.00127642
6518, 0.00127659
6519, 0.00127676
6520, 0.00127694
6521, 0.00127711
6522, 0.00127728
6523, 0.00127746
6524, 0.00127763
6525, 0.00127780
6526, 0.00127797
6527, 0.00127815
6528, 0.00127832
6529, 0.00127849
6530, 0.00127866
6531, 0.00127883
6532, 0.00127900
6533, 0.00127917
6534, 0.00127934
6535, 0.00127951
6536, 0.00127969
6537, 0.00127986
6538, 0.00128003
6539, 0.00128020
6540, 0.00128037
6541, 0.00128054
6542, 0.00128071
6543, 0.00128089
6544, 0.00128106
6545, 0.00128123
6546, 0.00128140
6547, 0.00128157
6548, 0.00128174
6549, 0.00128191
6550, 0.00128209
6551, 0.00128226
6552, 0.00128243
6553, 0.00128260
6554, 0.00128277
6555, 0.00128294
6556, 0.00128313
6557, 0.00128527
6558, 0.00128548
6559, 0.00128566
6560, 0.00128583
6561, 0.00128601
6562, 0.00128619
6563, 0.00128636
6564, 0.00128654
6565, 0.00128672
6566, 0.00128690
6567, 0.00128707
6568, 0.00128725
6569, 0.00128742
6570, 0.00128760
6571, 0.00128777
6572, 0.00128795
6573, 0.00128812
6574, 0.00128830
6575, 0.00128847
6576, 0.00128864
6577, 0.00128882
6578, 0.00128899
6579, 0.00128917
6580, 0.00128935
6581, 0.00128952
6582, 0.00128970
6583, 0.00128987
6584, 0.00129005
6585, 0.00129022
6586, 0.00129039
6587, 0.00129056
6588, 0.00129074
6589, 0.00129091
6590, 0.00129109
6591, 0.00129126
6592, 0.00129144
6593, 0.00129162
6594, 0.00129179
6595, 0.00129196
6596, 0.00129214
6597, 0.00129232
6598, 0.00129249
6599, 0.00129267
6600, 0.00129284
6601, 0.00129301
6602, 0.00129319
6603, 0.00129336
6604, 0.00129354
6605, 0.00129371
6606, 0.00129388
6607, 0.00129405
6608, 0.00129422
6609, 0.00129440
6610, 0.00129457
6611, 0.00129474
6612, 0.00129492
6613, 0.00129509
6614, 0.00129526
6615, 0.00129544
6616, 0.00129561
6617, 0.00129578
6618, 0.00129596
6619, 0.00129613
6620, 0.00129630
6621, 0.00129647
6622, 0.00129665
6623, 0.00129682
6624, 0.00129699
6625, 0.00129716
6626, 0.00129733
6627, 0.00129751
6628, 0.00129768
6629, 0.00129785
6630, 0.00129802
6631, 0.00129820
6632, 0.00129837
6633, 0.00129855
6634, 0.00129872
6635, 0.00129889
6636, 0.00129906
6637, 0.00129924
6638, 0.00129942
6639, 0.00129960
6640, 0.00129977
6641, 0.00129995
6642, 0.00130012
6643, 0.00130030
6644, 0.00130048
6645, 0.00130065
6646, 0.00130082
6647, 0.00130099
6648, 0.00130116
6649, 0.00130134
6650, 0.00130152
6651, 0.00130169
6652, 0.00130186
6653, 0.00130204
6654, 0.00130221
6655, 0.00130238
6656, 0.00130255
6657, 0.00130273
6658, 0.00130291
6659, 0.00130308
6660, 0.00130325
6661, 0.00130342
6662, 0.00130360
6663, 0.00130386
6664, 0.00130404
6665, 0.00130421
6666, 0.00130439
6667, 0.00130456
6668, 0.00130474
6669, 0.00130491
6670, 0.00130509
6671, 0.00130528
6672, 0.00130545
6673, 0.00130563
6674, 0.00130581
6675, 0.00130598
6676, 0.00130616
6677, 0.00130634
6678, 0.00130652
6679, 0.00130669
6680, 0.00130687
6681, 0.00130705
6682, 0.00130724
6683, 0.00130941
6684, 0.00130962
6685, 0.00130979
6686, 0.00130998
6687, 0.00131015
6688, 0.00131033
6689, 0.00131051
6690, 0.00131069
6691, 0.00131088
6692, 0.00131106
6693, 0.00131124
6694, 0.00131141
6695, 0.00131159
6696, 0.00131176
6697, 0.00131194
6698, 0.00131211
6699, 0.00131229
6700, 0.00131246
6701, 0.00131264
6702, 0.00131281
6703, 0.00131299
6704, 0.00131316
6705, 0.00131334
6706, 0.00131351
6707, 0.00131369
6708, 0.00131386
6709, 0.00131403
6710, 0.00131421
6711, 0.00131438
6712, 0.00131456
6713, 0.00131473
6714, 0.00131491
6715, 0.00131508
6716, 0.00131525
6717, 0.00131543
6718, 0.00131561
6719, 0.00131585
6720, 0.00131603
6721, 0.00131620
6722, 0.00131638
6723, 0.00131655
6724, 0.00131673
6725, 0.00131690
6726, 0.00131708
6727, 0.00131725
6728, 0.00131743
6729, 0.00131760
6730, 0.00131778
6731, 0.00131795
6732, 0.00131813
6733, 0.00131830
6734, 0.00131847
6735, 0.00131865
6736, 0.00131883
6737, 0.00131900
6738, 0.00131917
6739, 0.00131935
6740, 0.00131952
6741, 0.00131970
6742, 0.00131987
6743, 0.00132005
6744, 0.00132022
6745, 0.00132040
6746, 0.00132057
6747, 0.00132074
6748, 0.00132092
6749, 0.00132109
6750, 0.00132127
6751, 0.00132144
6752, 0.00132162
6753, 0.00132179
6754, 0.00132197
6755, 0.00132216
6756, 0.00132235
6757, 0.00132253
6758, 0.00132270
6759, 0.00132288
6760, 0.00132306
6761, 0.00132324
6762, 0.00132341
6763, 0.00132359
6764, 0.00132376
6765, 0.00132393
6766, 0.00132411
6767, 0.00132428
6768, 0.00132446
6769, 0.00132463
6770, 0.00132481
6771, 0.00132498
6772, 0.00132516
6773, 0.00132533
6774, 0.00132551
6775, 0.00132568
6776, 0.00132585
6777, 0.00132603
6778, 0.00132620
6779, 0.00132638
6780, 0.00132655
6781, 0.00132673
6782, 0.00132690
6783, 0.00132707
6784, 0.00132725
6785, 0.00132742
6786, 0.00132759
6787, 0.00132777
6788, 0.00132794
6789, 0.00132811
6790, 0.00132829
6791, 0.00132846
6792, 0.00132863
6793, 0.00132883
6794, 0.00132900
6795, 0.00132917
6796, 0.00132936
6797, 0.00132954
6798, 0.00132972
6799, 0.00132990
6800, 0.00133008
6801, 0.00133027
6802, 0.00133045
6803, 0.00133063
6804, 0.00133081
6805, 0.00133100
6806, 0.00133118
6807, 0.00133136
6808, 0.00133156
6809, 0.00133379
6810, 0.00133399
6811, 0.00133417
6812, 0.00133435
6813, 0.00133453
6814, 0.00133471
6815, 0.00133489
6816, 0.00133507
6817, 0.00133526
6818, 0.00133544
6819, 0.00133561
6820, 0.00133579
6821, 0.00133596
6822, 0.00133614
6823, 0.00133631
6824, 0.00133649
6825, 0.00133666
6826, 0.00133684
6827, 0.00133701
6828, 0.00133719
6829, 0.00133737
6830, 0.00133754
6831, 0.00133772
6832, 0.00133789
6833, 0.00133806
6834, 0.00133824
6835, 0.00133841
6836, 0.00133858
6837, 0.00133876
6838, 0.00133894
6839, 0.00133911
6840, 0.00133929
6841, 0.00133946
6842, 0.00133963
6843, 0.00133981
6844, 0.00133998
6845, 0.00134016
6846, 0.00134033
6847, 0.00134050
6848, 0.00134068
6849, 0.00134085
6850, 0.00134102
6851, 0.00134120
6852, 0.00134137
6853, 0.00134156
6854, 0.00134173
6855, 0.00134191
6856, 0.00134208
6857, 0.00134226
6858, 0.00134243
6859, 0.00134261
6860, 0.00134278
6861, 0.00134296
6862, 0.00134313
6863, 0.00134331
6864, 0.00134348
6865, 0.00134365
6866, 0.00134383
6867, 0.00134400
6868, 0.00134418
6869, 0.00134435
6870, 0.00134452
6871, 0.00134470
6872, 0.00134487
6873, 0.00134505
6874, 0.00134522
6875, 0.00134540
6876, 0.00134557
6877, 0.00134575
6878, 0.00134592
6879, 0.00134610
6880, 0.00134627
6881, 0.00134645
6882, 0.00134663
6883, 0.00134680
6884, 0.00134698
6885, 0.00134715
6886, 0.00134733
6887, 0.00134750
6888, 0.00134768
6889, 0.00134785
6890, 0.00134803
6891, 0.00134821
6892, 0.00134838
6893, 0.00134855
6894, 0.00134872
6895, 0.00134890
6896, 0.00134907
6897, 0.00134925
6898, 0.00134943
6899, 0.00134960
6900, 0.00134977
6901, 0.00134995
6902, 0.00135012
6903, 0.00135030
6904, 0.00135047
6905, 0.00135065
6906, 0.00135082
6907, 0.00135100
6908, 0.00135118
6909, 0.00135135
6910, 0.00135153
6911, 0.00135171
6912, 0.00135188
6913, 0.00135206
6914, 0.00135223
6915, 0.00135240
6916, 0.00135258
6917, 0.00135276
6918, 0.00135293
6919, 0.00135310
6920, 0.00135327
6921, 0.00135345
6922, 0.00135362
6923, 0.00135380
6924, 0.00135398
6925, 0.00135416
6926, 0.00135433
6927, 0.00135451
6928, 0.00135469
6929, 0.00135486
6930, 0.00135504
6931, 0.00135522
6932, 0.00135539
6933, 0.00135557
6934, 0.00135576
6935, 0.00135798
6936, 0.00135819
6937, 0.00135837
6938, 0.00135854
6939, 0.00135872
6940, 0.00135890
6941, 0.00135908
6942, 0.00135925
6943, 0.00135943
6944, 0.00135961
6945, 0.00135979
6946, 0.00135997
6947, 0.00136014
6948, 0.00136032
6949, 0.00136050
6950, 0.00136067
6951, 0.00136085
6952, 0.00136103
6953, 0.00136121
6954, 0.00136139
6955, 0.00136156
6956, 0.00136174
6957, 0.00136192
6958, 0.00136209
6959, 0.00136227
6960, 0.00136245
6961, 0.00136262
6962, 0.00136280
6963, 0.00136297
6964, 0.00136315
6965, 0.00136333
6966, 0.00136350
6967, 0.00136368
6968, 0.00136385
6969, 0.00136403
6970, 0.00136420
6971, 0.00136438
6972, 0.00136456
6973, 0.00136474
6974, 0.00136492
6975, 0.00136509
6976, 0.00136527
6977, 0.00136544
6978, 0.00136562
6979, 0.00136579
6980, 0.00136597
6981, 0.00136614
6982, 0.00136631
6983, 0.00136649
6984, 0.00136666
6985, 0.00136684
6986, 0.00136701
6987, 0.00136718
6988, 0.00136736
6989, 0.00136753
6990, 0.00136770
6991, 0.00136788
6992, 0.00136805
6993, 0.00136823
6994, 0.00136840
6995, 0.00136858
6996, 0.00136875
6997, 0.00136893
6998, 0.00136910
6999, 0.00136928
7000, 0.00136945
7001, 0.00136963
7002, 0.00136980
7003, 0.00136998
7004, 0.00137016
7005, 0.00137033
7006, 0.00137050
7007, 0.00137071
7008, 0.00137091
7009, 0.00137109
7010, 0.00137126
7011, 0.00137144
7012, 0.00137161
7013, 0.00137179
7014, 0.00137196
7015, 0.00137214
7016, 0.00137232
7017, 0.00137249
7018, 0.00137266
7019, 0.00137284
7020, 0.00137301
7021, 0.00137319
7022, 0.00137336
7023, 0.00137354
7024, 0.00137371
7025, 0.00137389
7026, 0.00137407
7027, 0.00137424
7028, 0.00137442
7029, 0.00137460
7030, 0.00137477
7031, 0.00137495
7032, 0.00137512
7033, 0.00137530
7034, 0.00137547
7035, 0.00137565
7036, 0.00137582
7037, 0.00137600
7038, 0.00137617
7039, 0.00137635
7040, 0.00137652
7041, 0.00137670
7042, 0.00137687
7043, 0.00137705
7044, 0.00137723
7045, 0.00137742
7046, 0.00137759
7047, 0.00137777
7048, 0.00137794
7049, 0.00137812
7050, 0.00137829
7051, 0.00137847
7052, 0.00137864
7053, 0.00137882
7054, 0.00137899
7055, 0.00137916
7056, 0.00137934
7057, 0.00137951
7058, 0.00137969
7059, 0.00137987
7060, 0.00138006
7061, 0.00138224
7062, 0.00138245
7063, 0.00138263
7064, 0.00138281
7065, 0.00138298
7066, 0.00138316
7067, 0.00138334
7068, 0.00138352
7069, 0.00138369
7070, 0.00138386
7071, 0.00138403
7072, 0.00138421
7073, 0.00138439
7074, 0.00138456
7075, 0.00138474
7076, 0.00138492
7077, 0.00138510
7078, 0.00138527
7079, 0.00138545
7080, 0.00138562
7081, 0.00138580
7082, 0.00138597
7083, 0.00138615
7084, 0.00138633
7085, 0.00138650
7086, 0.00138668
7087, 0.00138685
7088, 0.00138703
7089, 0.00138721
7090, 0.00138739
7091, 0.00138756
7092, 0.00138774
7093, 0.00138791
7094, 0.00138809
7095, 0.00138827
7096, 0.00138844
7097, 0.00138862
7098, 0.00138880
7099, 0.00138897
7100, 0.00138915
7101, 0.00138933
7102, 0.00138950
7103, 0.00138968
7104, 0.00138985
7105, 0.00139003
7106, 0.00139020
7107, 0.00139038
7108, 0.00139056
7109, 0.00139073
7110, 0.00139091
7111, 0.00139108
7112, 0.00139126
7113, 0.00139143
7114, 0.00139161
7115, 0.00139178
7116, 0.00139196
7117, 0.00139214
7118, 0.00139231
7119, 0.00139249
7120, 0.00139266
7121, 0.00139284
7122, 0.00139301
7123, 0.00139319
7124, 0.00139337
7125, 0.00139354
7126, 0.00139372
7127, 0.00139390
7128, 0.00139407
7129, 0.00139425
7130, 0.00139443
7131, 0.00139460
7132, 0.00139478
7133, 0.00139496
7134, 0.00139513
7135, 0.00139531
7136, 0.00139549
7137, 0.00139566
7138, 0.00139584
7139, 0.00139601
7140, 0.00139619
7141, 0.00139637
7142, 0.00139654
7143, 0.00139672
7144, 0.00139690
7145, 0.00139707
7146, 0.00139725
7147, 0.00139743
7148, 0.00139760
7149, 0.00139778
7150, 0.00139795
7151, 0.00139813
7152, 0.00139830
7153, 0.00139848
7154, 0.00139866
7155, 0.00139883
7156, 0.00139901
7157, 0.00139919
7158, 0.00139936
7159, 0.00139954
7160, 0.00139971
7161, 0.00139989
7162, 0.00140007
7163, 0.00140024
7164, 0.00140041
7165, 0.00140059
7166, 0.00140077
7167, 0.00140095
7168, 0.00140112
7169, 0.00140130
7170, 0.00140148
7171, 0.00140165
7172, 0.00140182
7173, 0.00140200
7174, 0.00140218
7175, 0.00140236
7176, 0.00140254
7177, 0.00140271
7178, 0.00140289
7179, 0.00140306
7180, 0.00140324
7181, 0.00140343
7182, 0.00140361
7183, 0.00140380
7184, 0.00140399
7185, 0.00140417
7186, 0.00140436
7187, 0.00140660
7188, 0.00140679
7189, 0.00140697
7190, 0.00140716
7191, 0.00140734
7192, 0.00140752
7193, 0.00140769
7194, 0.00140787
7195, 0.00140805
7196, 0.00140822
7197, 0.00140840
7198, 0.00140857
7199, 0.00140875
7200, 0.00140893
7201, 0.00140910
7202, 0.00140927
7203, 0.00140945
7204, 0.00140963
7205, 0.00140980
7206, 0.00140997
7207, 0.00141015
7208, 0.00141032
7209, 0.00141049
7210, 0.00141067
7211, 0.00141084
7212, 0.00141101
7213, 0.00141118
7214, 0.00141135
7215, 0.00141152
7216, 0.00141169
7217, 0.00141186
7218, 0.00141203
7219, 0.00141221
7220, 0.00141238
7221, 0.00141256
7222, 0.00141274
7223, 0.00141292
7224, 0.00141309
7225, 0.00141327
7226, 0.00141344
7227, 0.00141361
7228, 0.00141379
7229, 0.00141396
7230, 0.00141413
7231, 0.00141430
7232, 0.00141449
7233, 0.00141466
7234, 0.00141484
7235, 0.00141501
7236, 0.00141518
7237, 0.00141535
7238, 0.00141553
7239, 0.00141570
7240, 0.00141587
7241, 0.00141604
7242, 0.00141621
7243, 0.00141638
7244, 0.00141655
7245, 0.00141673
7246, 0.00141690
7247, 0.00141707
7248, 0.00141724
7249, 0.00141742
7250, 0.00141759
7251, 0.00141777
7252, 0.00141794
7253, 0.00141811
7254, 0.00141828
7255, 0.00141845
7256, 0.00141862
7257, 0.00141879
7258, 0.00141897
7259, 0.00141914
7260, 0.00141931
7261, 0.00141948
7262, 0.00141966
7263, 0.00141983
7264, 0.00142001
7265, 0.00142018
7266, 0.00142036
7267, 0.00142053
7268, 0.00142070
7269, 0.00142087
7270, 0.00142105
7271, 0.00142122
7272, 0.00142139
7273, 0.00142156
7274, 0.00142173
7275, 0.00142190
7276, 0.00142207
7277, 0.00142224
7278, 0.00142241
7279, 0.00142258
7280, 0.00142276
7281, 0.00142293
7282, 0.00142310
7283, 0.00142327
7284, 0.00142345
7285, 0.00142362
7286, 0.00142379
7287, 0.00142396
7288, 0.00142414
7289, 0.00142431
7290, 0.00142448
7291, 0.00142465
7292, 0.00142483
7293, 0.00142500
7294, 0.00142518
7295, 0.00142535
7296, 0.00142552
7297, 0.00142569
7298, 0.00142586
7299, 0.00142603
7300, 0.00142620
7301, 0.00142637
7302, 0.00142655
7303, 0.00142672
7304, 0.00142689
7305, 0.00142707
7306, 0.00142725
7307, 0.00142742
7308, 0.00142760
7309, 0.00142777
7310, 0.00142794
7311, 0.00142811
7312, 0.00142831
7313, 0.00143057
7314, 0.00143076
7315, 0.00143093
7316, 0.00143111
7317, 0.00143129
7318, 0.00143147
7319, 0.00143165
7320, 0.00143183
7321, 0.00143202
7322, 0.00143220
7323, 0.00143237
7324, 0.00143255
7325, 0.00143272
7326, 0.00143290
7327, 0.00143308
7328, 0.00143326
7329, 0.00143343
7330, 0.00143361
7331, 0.00143378
7332, 0.00143395
7333, 0.00143413
7334, 0.00143431
7335, 0.00143448
7336, 0.00143466
7337, 0.00143483
7338, 0.00143501
7339, 0.00143519
7340, 0.00143536
7341, 0.00143554
7342, 0.00143572
7343, 0.00143589
7344, 0.00143607
7345, 0.00143624
7346, 0.00143642
7347, 0.00143659
7348, 0.00143677
7349, 0.00143694
7350, 0.00143711
7351, 0.00143729
7352, 0.00143747
7353, 0.00143764
7354, 0.00143782
7355, 0.00143800
7356, 0.00143818
7357, 0.00143835
7358, 0.00143853
7359, 0.00143871
7360, 0.00143888
7361, 0.00143906
7362, 0.00143924
7363, 0.00143941
7364, 0.00143959
7365, 0.00143976
7366, 0.00143994
7367, 0.00144011
7368, 0.00144029
7369, 0.00144047
7370, 0.00144064
7371, 0.00144082
7372, 0.00144099
7373, 0.00144117
7374, 0.00144134
7375, 0.00144152
7376, 0.00144169
7377, 0.00144186
7378, 0.00144204
7379, 0.00144221
7380, 0.00144239
7381, 0.00144256
7382, 0.00144274
7383, 0.00144291
7384, 0.00144308
7385, 0.00144326
7386, 0.00144344
7387, 0.00144361
7388, 0.00144378
7389, 0.00144395
7390, 0.00144412
7391, 0.00144430
7392, 0.00144447
7393, 0.00144465
7394, 0.00144482
7395, 0.00144500
7396, 0.00144517
7397, 0.00144535
7398, 0.00144552
7399, 0.00144570
7400, 0.00144587
7401, 0.00144605
7402, 0.00144622
7403, 0.00144640
7404, 0.00144658
7405, 0.00144675
7406, 0.00144693
7407, 0.00144711
7408, 0.00144728
7409, 0.00144745
7410, 0.00144763
7411, 0.00144780
7412, 0.00144798
7413, 0.00144815
7414, 0.00144833
7415, 0.00144850
7416, 0.00144868
7417, 0.00144886
7418, 0.00144902
7419, 0.00144920
7420, 0.00144937
7421, 0.00144955
7422, 0.00144972
7423, 0.00144990
7424, 0.00145007
7425, 0.00145025
7426, 0.00145042
7427, 0.00145060
7428, 0.00145077
7429, 0.00145095
7430, 0.00145112
7431, 0.00145130
7432, 0.00145148
7433, 0.00145165
7434, 0.00145183
7435, 0.00145200
7436, 0.00145218
7437, 0.00145236
7438, 0.00145254
7439, 0.00145485
7440, 0.00145504
7441, 0.00145523
7442, 0.00145541
7443, 0.00145560
7444, 0.00145578
7445, 0.00145597
7446, 0.00145615
7447, 0.00145633
7448, 0.00145651
7449, 0.00145670
7450, 0.00145688
7451, 0.00145707
7452, 0.00145725
7453, 0.00145743
7454, 0.00145762
7455, 0.00145780
7456, 0.00145798
7457, 0.00145817
7458, 0.00145835
7459, 0.00145853
7460, 0.00145871
7461, 0.00145889
7462, 0.00145908
7463, 0.00145926
7464, 0.00145944
7465, 0.00145962
7466, 0.00145981
7467, 0.00145999
7468, 0.00146017
7469, 0.00146035
7470, 0.00146052
7471, 0.00146069
7472, 0.00146086
7473, 0.00146104
7474, 0.00146121
7475, 0.00146138
7476, 0.00146155
7477, 0.00146172
7478, 0.00146189
7479, 0.00146207
7480, 0.00146224
7481, 0.00146241
7482, 0.00146258
7483, 0.00146275
7484, 0.00146292
7485, 0.00146310
7486, 0.00146327
7487, 0.00146344
7488, 0.00146361
7489, 0.00146378
7490, 0.00146395
7491, 0.00146413
7492, 0.00146430
7493, 0.00146447
7494, 0.00146464
7495, 0.00146482
7496, 0.00146499
7497, 0.00146516
7498, 0.00146533
7499, 0.00146550
7500, 0.00146567
7501, 0.00146584
7502, 0.00146601
7503, 0.00146619
7504, 0.00146636
7505, 0.00146653
7506, 0.00146670
7507, 0.00146687
7508, 0.00146704
7509, 0.00146721
7510, 0.00146738
7511, 0.00146755
7512, 0.00146772
7513, 0.00146789
7514, 0.00146806
7515, 0.00146823
7516, 0.00146840
7517, 0.00146857
7518, 0.00146874
7519, 0.00146891
7520, 0.00146908
7521, 0.00146926
7522, 0.00146943
7523, 0.00146960
7524, 0.00146977
7525, 0.00146994
7526, 0.00147011
7527, 0.00147028
7528, 0.00147045
7529, 0.00147062
7530, 0.00147079
7531, 0.00147096
7532, 0.00147113
7533, 0.00147130
7534, 0.00147147
7535, 0.00147164
7536, 0.00147182
7537, 0.00147199
7538, 0.00147215
7539, 0.00147232
7540, 0.00147249
7541, 0.00147266
7542, 0.00147283
7543, 0.00147300
7544, 0.00147317
7545, 0.00147335
7546, 0.00147352
7547, 0.00147369
7548, 0.00147386
7549, 0.00147404
7550, 0.00147420
7551, 0.00147437
7552, 0.00147454
7553, 0.00147471
7554, 0.00147488
7555, 0.00147505
7556, 0.00147522
7557, 0.00147539
7558, 0.00147556
7559, 0.00147573
7560, 0.00147590
7561, 0.00147607
7562, 0.00147625
7563, 0.00147642
7564, 0.00147661
7565, 0.00147884
7566, 0.00147903
7567, 0.00147922
7568, 0.00147940
7569, 0.00147958
7570, 0.00147976
7571, 0.00147994
7572, 0.00148012
7573, 0.00148030
7574, 0.00148048
7575, 0.00148066
7576, 0.00148084
7577, 0.00148101
7578, 0.00148118
7579, 0.00148135
7580, 0.00148152
7581, 0.00148169
7582, 0.00148187
7583, 0.00148204
7584, 0.00148221
7585, 0.00148238
7586, 0.00148255
7587, 0.00148272
7588, 0.00148289
7589, 0.00148306
7590, 0.00148323
7591, 0.00148341
7592, 0.00148358
7593, 0.00148376
7594, 0.00148393
7595, 0.00148410
7596, 0.00148427
7597, 0.00148444
7598, 0.00148461
7599, 0.00148479
7600, 0.00148496
7601, 0.00148513
7602, 0.00148530
7603, 0.00148547
7604, 0.00148565
7605, 0.00148582
7606, 0.00148598
7607, 0.00148615
7608, 0.00148633
7609, 0.00148650
7610, 0.00148667
7611, 0.00148684
7612, 0.00148701
7613, 0.00148718
7614, 0.00148735
7615, 0.00148752
7616, 0.00148769
7617, 0.00148786
7618, 0.00148804
7619, 0.00148821
7620, 0.00148838
7621, 0.00148855
7622, 0.00148872
7623, 0.00148889
7624, 0.00148906
7625, 0.00148923
7626, 0.00148940
7627, 0.00148957
7628, 0.00148974
7629, 0.00148991
7630, 0.00149008
7631, 0.00149025
7632, 0.00149042
7633, 0.00149059
7634, 0.00149076
7635, 0.00149093
7636, 0.00149110
7637, 0.00149127
7638, 0.00149144
7639, 0.00149161
7640, 0.00149179
7641, 0.00149196
7642, 0.00149213
7643, 0.00149230
7644, 0.00149247
7645, 0.00149264
7646, 0.00149282
7647, 0.00149299
7648, 0.00149316
7649, 0.00149333
7650, 0.00149350
7651, 0.00149367
7652, 0.00149384
7653, 0.00149401
7654, 0.00149418
7655, 0.00149435
7656, 0.00149452
7657, 0.00149469
7658, 0.00149486
7659, 0.00149503
7660, 0.00149520
7661, 0.00149537
7662, 0.00149554
7663, 0.00149571
7664, 0.00149589
7665, 0.00149606
7666, 0.00149623
7667, 0.00149640
7668, 0.00149657
7669, 0.00149674
7670, 0.00149691
7671, 0.00149708
7672, 0.00149725
7673, 0.00149743
7674, 0.00149760
7675, 0.00149777
7676, 0.00149794
7677, 0.00149812
7678, 0.00149829
7679, 0.00149847
7680, 0.00149865
7681, 0.00149883
7682, 0.00149901
7683, 0.00149919
7684, 0.00149937
7685, 0.00149955
7686, 0.00149974
7687, 0.00149993
7688, 0.00150010
7689, 0.00150027
7690, 0.00150045
7691, 0.00150265
7692, 0.00150284
7693, 0.00150302
7694, 0.00150320
7695, 0.00150338
7696, 0.00150356
7697, 0.00150374
7698, 0.00150391
7699, 0.00150408
7700, 0.00150425
7701, 0.00150445
7702, 0.00150463
7703, 0.00150480
7704, 0.00150497
7705, 0.00150515
7706, 0.00150532
7707, 0.00150549
7708, 0.00150566
7709, 0.00150583
7710, 0.00150600
7711, 0.00150617
7712, 0.00150634
7713, 0.00150652
7714, 0.00150669
7715, 0.00150687
7716, 0.00150704
7717, 0.00150721
7718, 0.00150739
7719, 0.00150756
7720, 0.00150773
7721, 0.00150790
7722, 0.00150807
7723, 0.00150825
7724, 0.00150842
7725, 0.00150859
7726, 0.00150876
7727, 0.00150894
7728, 0.00150911
7729, 0.00150928
7730, 0.00150945
7731, 0.00150963
7732, 0.00150980
7733, 0.00150997
7734, 0.00151015
7735, 0.00151033
7736, 0.00151050
7737, 0.00151067
7738, 0.00151084
7739, 0.00151101
7740, 0.00151119
7741, 0.00151136
7742, 0.00151153
7743, 0.00151170
7744, 0.00151187
7745, 0.00151204
7746, 0.00151222
7747, 0.00151239
7748, 0.00151256
7749, 0.00151274
7750, 0.00151291
7751, 0.00151309
7752, 0.00151326
7753, 0.00151343
7754, 0.00151360
7755, 0.00151378
7756, 0.00151395
7757, 0.00151412
7758, 0.00151429
7759, 0.00151446
7760, 0.00151463
7761, 0.00151481
7762, 0.00151499
7763, 0.00151516
7764, 0.00151533
7765, 0.00151551
7766, 0.00151568
7767, 0.00151585
7768, 0.00151603
7769, 0.00151621
7770, 0.00151638
7771, 0.00151655
7772, 0.00151672
7773, 0.00151690
7774, 0.00151707
7775, 0.00151724
7776, 0.00151742
7777, 0.00151759
7778, 0.00151776
7779, 0.00151793
7780, 0.00151811
7781, 0.00151828
7782, 0.00151845
7783, 0.00151863
7784, 0.00151880
7785, 0.00151898
7786, 0.00151915
7787, 0.00151932
7788, 0.00151949
7789, 0.00151967
7790, 0.00151984
7791, 0.00152001
7792, 0.00152019
7793, 0.00152036
7794, 0.00152053
7795, 0.00152071
7796, 0.00152088
7797, 0.00152106
7798, 0.00152123
7799, 0.00152141
7800, 0.00152159
7801, 0.00152176
7802, 0.00152193
7803, 0.00152210
7804, 0.00152228
7805, 0.00152245
7806, 0.00152263
7807, 0.00152280
7808, 0.00152297
7809, 0.00152314
7810, 0.00152331
7811, 0.00152348
7812, 0.00152366
7813, 0.00152384
7814, 0.00152401
7815, 0.00152418
7816, 0.00152437
7817, 0.00152661
7818, 0.00152682
7819, 0.00152700
7820, 0.00152717
7821, 0.00152735
7822, 0.00152752
7823, 0.00152770
7824, 0.00152788
7825, 0.00152805
7826, 0.00152823
7827, 0.00152840
7828, 0.00152858
7829, 0.00152875
7830, 0.00152893
7831, 0.00152911
7832, 0.00152928
7833, 0.00152946
7834, 0.00152963
7835, 0.00152980
7836, 0.00152998
7837, 0.00153016
7838, 0.00153033
7839, 0.00153051
7840, 0.00153069
7841, 0.00153086
7842, 0.00153104
7843, 0.00153122
7844, 0.00153139
7845, 0.00153156
7846, 0.00153174
7847, 0.00153191
7848, 0.00153209
7849, 0.00153226
7850, 0.00153244
7851, 0.00153261
7852, 0.00153279
7853, 0.00153296
7854, 0.00153314
7855, 0.00153331
7856, 0.00153349
7857, 0.00153366
7858, 0.00153384
7859, 0.00153401
7860, 0.00153419
7861, 0.00153436
7862, 0.00153454
7863, 0.00153472
7864, 0.00153490
7865, 0.00153508
7866, 0.00153525
7867, 0.00153543
7868, 0.00153560
7869, 0.00153578
7870, 0.00153595
7871, 0.00153613
7872, 0.00153630
7873, 0.00153648
7874, 0.00153666
7875, 0.00153684
7876, 0.00153701
7877, 0.00153718
7878, 0.00153736
7879, 0.00153754
7880, 0.00153771
7881, 0.00153789
7882, 0.00153806
7883, 0.00153824
7884, 0.00153842
7885, 0.00153859
7886, 0.00153877
7887, 0.00153895
7888, 0.00153912
7889, 0.00153930
7890, 0.00153947
7891, 0.00153965
7892, 0.00153983
7893, 0.00154000
7894, 0.00154018
7895, 0.00154036
7896, 0.00154053
7897, 0.00154071
7898, 0.00154089
7899, 0.00154106
7900, 0.00154124
7901, 0.00154141
7902, 0.00154158
7903, 0.00154176
7904, 0.00154195
7905, 0.00154213
7906, 0.00154232
7907, 0.00154250
7908, 0.00154268
7909, 0.00154285
7910, 0.00154302
7911, 0.00154319
7912, 0.00154336
7913, 0.00154353
7914, 0.00154371
7915, 0.00154388
7916, 0.00154405
7917, 0.00154422
7918, 0.00154440
7919, 0.00154457
7920, 0.00154474
7921, 0.00154491
7922, 0.00154508
7923, 0.00154526
7924, 0.00154543
7925, 0.00154560
7926, 0.00154577
7927, 0.00154595
7928, 0.00154612
7929, 0.00154629
7930, 0.00154646
7931, 0.00154663
7932, 0.00154680
7933, 0.00154697
7934, 0.00154715
7935, 0.00154732
7936, 0.00154749
7937, 0.00154766
7938, 0.00154783
7939, 0.00154800
7940, 0.00154817
7941, 0.00154835
7942, 0.00154853
7943, 0.00155081
7944, 0.00155102
7945, 0.00155120
7946, 0.00155138
7947, 0.00155156
7948, 0.00155173
7949, 0.00155191
7950, 0.00155208
7951, 0.00155226
7952, 0.00155244
7953, 0.00155261
7954, 0.00155279
7955, 0.00155296
7956, 0.00155314
7957, 0.00155331
7958, 0.00155349
7959, 0.00155366
7960, 0.00155383
7961, 0.00155401
7962, 0.00155418
7963, 0.00155436
7964, 0.00155454
7965, 0.00155471
7966, 0.00155489
7967, 0.00155506
7968, 0.00155524
7969, 0.00155541
7970, 0.00155559
7971, 0.00155577
7972, 0.00155594
7973, 0.00155612
7974, 0.00155629
7975, 0.00155647
7976, 0.00155664
7977, 0.00155682
7978, 0.00155700
7979, 0.00155717
7980, 0.00155735
7981, 0.00155752
7982, 0.00155769
7983, 0.00155787
7984, 0.00155804
7985, 0.00155822
7986, 0.00155840
7987, 0.00155857
7988, 0.00155875
7989, 0.00155893
7990, 0.00155910
7991, 0.00155927
7992, 0.00155945
7993, 0.00155962
7994, 0.00155979
7995, 0.00155997
7996, 0.00156015
7997, 0.00156032
7998, 0.00156049
7999, 0.00156066
8000, 0.00156084
8001, 0.00156101
8002, 0.00156118
8003, 0.00156135
8004, 0.00156153
8005, 0.00156172
8006, 0.00156190
8007, 0.00156208
8008, 0.00156225
8009, 0.00156243
8010, 0.00156261
8011, 0.00156279
8012, 0.00156297
8013, 0.00156316
8014, 0.00156334
8015, 0.00156352
8016, 0.00156370
8017, 0.00156389
8018, 0.00156407
8019, 0.00156425
8020, 0.00156443
8021, 0.00156461
8022, 0.00156479
8023, 0.00156498
8024, 0.00156516
8025, 0.00156534
8026, 0.00156552
8027, 0.00156570
8028, 0.00156588
8029, 0.00156606
8030, 0.00156624
8031, 0.00156641
8032, 0.00156659
8033, 0.00156676
8034, 0.00156694
8035, 0.00156711
8036, 0.00156728
8037, 0.00156745
8038, 0.00156763
8039, 0.00156781
8040, 0.00156798
8041, 0.00156816
8042, 0.00156833
8043, 0.00156851
8044, 0.00156868
8045, 0.00156886
8046, 0.00156903
8047, 0.00156921
8048, 0.00156938
8049, 0.00156955
8050, 0.00156972
8051, 0.00156989
8052, 0.00157007
8053, 0.00157024
8054, 0.00157041
8055, 0.00157059
8056, 0.00157076
8057, 0.00157094
8058, 0.00157111
8059, 0.00157128
8060, 0.00157145
8061, 0.00157163
8062, 0.00157180
8063, 0.00157198
8064, 0.00157215
8065, 0.00157232
8066, 0.00157250
8067, 0.00157267
8068, 0.00157286
8069, 0.00157518
8070, 0.00157538
8071, 0.00157556
8072, 0.00157575
8073, 0.00157592
8074, 0.00157610
8075, 0.00157627
8076, 0.00157645
8077, 0.00157662
8078, 0.00157680
8079, 0.00157697
8080, 0.00157715
8081, 0.00157733
8082, 0.00157751
8083, 0.00157768
8084, 0.00157786
8085, 0.00157803
8086, 0.00157821
8087, 0.00157839
8088, 0.00157858
8089, 0.00157875
8090, 0.00157893
8091, 0.00157911
8092, 0.00157928
8093, 0.00157946
8094, 0.00157963
8095, 0.00157981
8096, 0.00157999
8097, 0.00158017
8098, 0.00158034
8099, 0.00158052
8100, 0.00158069
8101, 0.00158087
8102, 0.00158105
8103, 0.00158122
8104, 0.00158139
8105, 0.00158157
8106, 0.00158175
8107, 0.00158192
8108, 0.00158210
8109, 0.00158227
8110, 0.00158245
8111, 0.00158262
8112, 0.00158280
8113, 0.00158297
8114, 0.00158315
8115, 0.00158332
8116, 0.00158350
8117, 0.00158367
8118, 0.00158385
8119, 0.00158403
8120, 0.00158421
8121, 0.00158438
8122, 0.00158456
8123, 0.00158473
8124, 0.00158491
8125, 0.00158509
8126, 0.00158526
8127, 0.00158544
8128, 0.00158561
8129, 0.00158579
8130, 0.00158597
8131, 0.00158614
8132, 0.00158632
8133, 0.00158649
8134, 0.00158667
8135, 0.00158684
8136, 0.00158702
8137, 0.00158719
8138, 0.00158736
8139, 0.00158754
8140, 0.00158772
8141, 0.00158789
8142, 0.00158806
8143, 0.00158823
8144, 0.00158841
8145, 0.00158858
8146, 0.00158876
8147, 0.00158893
8148, 0.00158910
8149, 0.00158928
8150, 0.00158945
8151, 0.00158963
8152, 0.00158981
8153, 0.00158998
8154, 0.00159016
8155, 0.00159033
8156, 0.00159051
8157, 0.00159069
8158, 0.00159086
8159, 0.00159103
8160, 0.00159121
8161, 0.00159138
8162, 0.00159156
8163, 0.00159173
8164, 0.00159191
8165, 0.00159208
8166, 0.00159226
8167, 0.00159243
8168, 0.00159261
8169, 0.00159278
8170, 0.00159295
8171, 0.00159313
8172, 0.00159330
8173, 0.00159348
8174, 0.00159365
8175, 0.00159383
8176, 0.00159400
8177, 0.00159417
8178, 0.00159435
8179, 0.00159452
8180, 0.00159469
8181, 0.00159487
8182, 0.00159504
8183, 0.00159521
8184, 0.00159539
8185, 0.00159556
8186, 0.00159574
8187, 0.00159591
8188, 0.00159609
8189, 0.00159626
8190, 0.00159643
8191, 0.00159661
8192, 0.00159678
8193, 0.00159695
8194, 0.00159715
8195, 0.00159931
8196, 0.00159952
8197, 0.00159970
8198, 0.00159988
8199, 0.00160007
8200, 0.00160026
8201, 0.00160044
8202, 0.00160063
8203, 0.00160081
8204, 0.00160099
8205, 0.00160118
8206, 0.00160136
8207, 0.00160156
8208, 0.00160174
8209, 0.00160193
8210, 0.00160211
8211, 0.00160229
8212, 0.00160247
8213, 0.00160266
8214, 0.00160284
8215, 0.00160302
8216, 0.00160320
8217, 0.00160338
8218, 0.00160356
8219, 0.00160375
8220, 0.00160393
8221, 0.00160411
8222, 0.00160429
8223, 0.00160447
8224, 0.00160465
8225, 0.00160484
8226, 0.00160502
8227, 0.00160520
8228, 0.00160538
8229, 0.00160556
8230, 0.00160574
8231, 0.00160592
8232, 0.00160611
8233, 0.00160629
8234, 0.00160647
8235, 0.00160665
8236, 0.00160683
8237, 0.00160701
8238, 0.00160720
8239, 0.00160738
8240, 0.00160756
8241, 0.00160774
8242, 0.00160792
8243, 0.00160811
8244, 0.00160828
8245, 0.00160847
8246, 0.00160865
8247, 0.00160884
8248, 0.00160902
8249, 0.00160921
8250, 0.00160939
8251, 0.00160957
8252, 0.00160975
8253, 0.00160994
8254, 0.00161012
8255, 0.00161031
8256, 0.00161050
8257, 0.00161068
8258, 0.00161086
8259, 0.00161104
8260, 0.00161123
8261, 0.00161141
8262, 0.00161159
8263, 0.00161177
8264, 0.00161195
8265, 0.00161214
8266, 0.00161232
8267, 0.00161250
8268, 0.00161269
8269, 0.00161286
8270, 0.00161305
8271, 0.00161323
8272, 0.00161341
8273, 0.00161360
8274, 0.00161378
8275, 0.00161396
8276, 0.00161414
8277, 0.00161432
8278, 0.00161450
8279, 0.00161469
8280, 0.00161487
8281, 0.00161505
8282, 0.00161523
8283, 0.00161541
8284, 0.00161559
8285, 0.00161577
8286, 0.00161595
8287, 0.00161614
8288, 0.00161632
8289, 0.00161650
8290, 0.00161668
8291, 0.00161687
8292, 0.00161705
8293, 0.00161723
8294, 0.00161741
8295, 0.00161760
8296, 0.00161778
8297, 0.00161795
8298, 0.00161813
8299, 0.00161831
8300, 0.00161848
8301, 0.00161865
8302, 0.00161882
8303, 0.00161900
8304, 0.00161918
8305, 0.00161936
8306, 0.00161953
8307, 0.00161971
8308, 0.00161989
8309, 0.00162006
8310, 0.00162023
8311, 0.00162041
8312, 0.00162058
8313, 0.00162076
8314, 0.00162093
8315, 0.00162110
8316, 0.00162128
8317, 0.00162145
8318, 0.00162163
8319, 0.00162181
8320, 0.00162200
8321, 0.00162418
8322, 0.00162438
8323, 0.00162455
8324, 0.00162473
8325, 0.00162491
8326, 0.00162509
8327, 0.00162526
8328, 0.00162544
8329, 0.00162561
8330, 0.00162579
8331, 0.00162597
8332, 0.00162614
8333, 0.00162632
8334, 0.00162650
8335, 0.00162668
8336, 0.00162686
8337, 0.00162703
8338, 0.00162720
8339, 0.00162738
8340, 0.00162755
8341, 0.00162773
8342, 0.00162791
8343, 0.00162808
8344, 0.00162826
8345, 0.00162843
8346, 0.00162861
8347, 0.00162879
8348, 0.00162896
8349, 0.00162914
8350, 0.00162932
8351, 0.00162950
8352, 0.00162967
8353, 0.00162985
8354, 0.00163002
8355, 0.00163019
8356, 0.00163037
8357, 0.00163055
8358, 0.00163072
8359, 0.00163090
8360, 0.00163107
8361, 0.00163124
8362, 0.00163142
8363, 0.00163160
8364, 0.00163180
8365, 0.00163197
8366, 0.00163217
8367, 0.00163234
8368, 0.00163252
8369, 0.00163269
8370, 0.00163287
8371, 0.00163305
8372, 0.00163322
8373, 0.00163340
8374, 0.00163358
8375, 0.00163376
8376, 0.00163393
8377, 0.00163411
8378, 0.00163428
8379, 0.00163446
8380, 0.00163463
8381, 0.00163482
8382, 0.00163500
8383, 0.00163517
8384, 0.00163535
8385, 0.00163552
8386, 0.00163570
8387, 0.00163588
8388, 0.00163605
8389, 0.00163623
8390, 0.00163640
8391, 0.00163658
8392, 0.00163675
8393, 0.00163693
8394, 0.00163710
8395, 0.00163727
8396, 0.00163745
8397, 0.00163762
8398, 0.00163780
8399, 0.00163797
8400, 0.00163815
8401, 0.00163832
8402, 0.00163850
8403, 0.00163867
8404, 0.00163885
8405, 0.00163903
8406, 0.00163920
8407, 0.00163937
8408, 0.00163955
8409, 0.00163972
8410, 0.00163990
8411, 0.00164007
8412, 0.00164025
8413, 0.00164042
8414, 0.00164060
8415, 0.00164078
8416, 0.00164095
8417, 0.00164112
8418, 0.00164130
8419, 0.00164148
8420, 0.00164165
8421, 0.00164183
8422, 0.00164200
8423, 0.00164218
8424, 0.00164236
8425, 0.00164253
8426, 0.00164271
8427, 0.00164288
8428, 0.00164306
8429, 0.00164324
8430, 0.00164341
8431, 0.00164359
8432, 0.00164376
8433, 0.00164394
8434, 0.00164411
8435, 0.00164429
8436, 0.00164446
8437, 0.00164463
8438, 0.00164481
8439, 0.00164499
8440, 0.00164516
8441, 0.00164534
8442, 0.00164551
8443, 0.00164569
8444, 0.00164586
8445, 0.00164604
8446, 0.00164624
8447, 0.00164851
8448, 0.00164872
8449, 0.00164889
8450, 0.00164907
8451, 0.00164924
8452, 0.00164943
8453, 0.00164961
8454, 0.00164979
8455, 0.00164997
8456, 0.00165016
8457, 0.00165033
8458, 0.00165051
8459, 0.00165070
8460, 0.00165087
8461, 0.00165105
8462, 0.00165122
8463, 0.00165140
8464, 0.00165157
8465, 0.00165175
8466, 0.00165193
8467, 0.00165210
8468, 0.00165227
8469, 0.00165244
8470, 0.00165262
8471, 0.00165279
8472, 0.00165297
8473, 0.00165314
8474, 0.00165332
8475, 0.00165349
8476, 0.00165366
8477, 0.00165383
8478, 0.00165401
8479, 0.00165418
8480, 0.00165435
8481, 0.00165453
8482, 0.00165470
8483, 0.00165487
8484, 0.00165505
8485, 0.00165522
8486, 0.00165539
8487, 0.00165556
8488, 0.00165573
8489, 0.00165590
8490, 0.00165608
8491, 0.00165625
8492, 0.00165643
8493, 0.00165661
8494, 0.00165678
8495, 0.00165696
8496, 0.00165713
8497, 0.00165731
8498, 0.00165748
8499, 0.00165766
8500, 0.00165783
8501, 0.00165800
8502, 0.00165818
8503, 0.00165835
8504, 0.00165853
8505, 0.00165870
8506, 0.00165887
8507, 0.00165905
8508, 0.00165922
8509, 0.00165940
8510, 0.00165958
8511, 0.00165975
8512, 0.00165993
8513, 0.00166010
8514, 0.00166027
8515, 0.00166044
8516, 0.00166062
8517, 0.00166079
8518, 0.00166097
8519, 0.00166114
8520, 0.00166132
8521, 0.00166150
8522, 0.00166167
8523, 0.00166184
8524, 0.00166201
8525, 0.00166218
8526, 0.00166236
8527, 0.00166253
8528, 0.00166270
8529, 0.00166288
8530, 0.00166305
8531, 0.00166323
8532, 0.00166340
8533, 0.00166357
8534, 0.00166374
8535, 0.00166392
8536, 0.00166409
8537, 0.00166427
8538, 0.00166444
8539, 0.00166462
8540, 0.00166479
8541, 0.00166496
8542, 0.00166513
8543, 0.00166531
8544, 0.00166549
8545, 0.00166566
8546, 0.00166584
8547, 0.00166601
8548, 0.00166619
8549, 0.00166636
8550, 0.00166653
8551, 0.00166671
8552, 0.00166688
8553, 0.00166706
8554, 0.00166723
8555, 0.00166740
8556, 0.00166758
8557, 0.00166775
8558, 0.00166792
8559, 0.00166810
8560, 0.00166827
8561, 0.00166845
8562, 0.00166862
8563, 0.00166880
8564, 0.00166897
8565, 0.00166915
8566, 0.00166932
8567, 0.00166950
8568, 0.00166968
8569, 0.00166985
8570, 0.00167002
8571, 0.00167020
8572, 0.00167039
8573, 0.00167261
8574, 0.00167281
8575, 0.00167300
8576, 0.00167318
8577, 0.00167336
8578, 0.00167353
8579, 0.00167371
8580, 0.00167389
8581, 0.00167407
8582, 0.00167424
8583, 0.00167441
8584, 0.00167459
8585, 0.00167476
8586, 0.00167494
8587, 0.00167512
8588, 0.00167529
8589, 0.00167547
8590, 0.00167564
8591, 0.00167582
8592, 0.00167599
8593, 0.00167616
8594, 0.00167633
8595, 0.00167651
8596, 0.00167668
8597, 0.00167685
8598, 0.00167702
8599, 0.00167720
8600, 0.00167737
8601, 0.00167754
8602, 0.00167771
8603, 0.00167788
8604, 0.00167806
8605, 0.00167823
8606, 0.00167840
8607, 0.00167857
8608, 0.00167875
8609, 0.00167892
8610, 0.00167909
8611, 0.00167926
8612, 0.00167944
8613, 0.00167961
8614, 0.00167978
8615, 0.00167995
8616, 0.00168013
8617, 0.00168030
8618, 0.00168048
8619, 0.00168065
8620, 0.00168082
8621, 0.00168100
8622, 0.00168117
8623, 0.00168135
8624, 0.00168152
8625, 0.00168169
8626, 0.00168186
8627, 0.00168204
8628, 0.00168222
8629, 0.00168241
8630, 0.00168259
8631, 0.00168277
8632, 0.00168295
8633, 0.00168314
8634, 0.00168331
8635, 0.00168348
8636, 0.00168365
8637, 0.00168383
8638, 0.00168400
8639, 0.00168417
8640, 0.00168434
8641, 0.00168451
8642, 0.00168469
8643, 0.00168486
8644, 0.00168504
8645, 0.00168523
8646, 0.00168543
8647, 0.00168560
8648, 0.00168578
8649, 0.00168595
8650, 0.00168612
8651, 0.00168630
8652, 0.00168647
8653, 0.00168665
8654, 0.00168682
8655, 0.00168700
8656, 0.00168717
8657, 0.00168735
8658, 0.00168752
8659, 0.00168769
8660, 0.00168786
8661, 0.00168804
8662, 0.00168821
8663, 0.00168839
8664, 0.00168856
8665, 0.00168873
8666, 0.00168890
8667, 0.00168908
8668, 0.00168925
8669, 0.00168942
8670, 0.00168959
8671, 0.00168976
8672, 0.00168994
8673, 0.00169011
8674, 0.00169028
8675, 0.00169045
8676, 0.00169062
8677, 0.00169079
8678, 0.00169096
8679, 0.00169113
8680, 0.00169130
8681, 0.00169147
8682, 0.00169164
8683, 0.00169184
8684, 0.00169201
8685, 0.00169218
8686, 0.00169235
8687, 0.00169253
8688, 0.00169270
8689, 0.00169287
8690, 0.00169305
8691, 0.00169322
8692, 0.00169339
8693, 0.00169356
8694, 0.00169374
8695, 0.00169391
8696, 0.00169408
8697, 0.00169425
8698, 0.00169444
8699, 0.00169655
8700, 0.00169676
8701, 0.00169694
8702, 0.00169711
8703, 0.00169728
8704, 0.00169746
8705, 0.00169764
8706, 0.00169781
8707, 0.00169798
8708, 0.00169816
8709, 0.00169833
8710, 0.00169851
8711, 0.00169868
8712, 0.00169886
8713, 0.00169903
8714, 0.00169920
8715, 0.00169938
8716, 0.00169955
8717, 0.00169972
8718, 0.00169990
8719, 0.00170007
8720, 0.00170024
8721, 0.00170042
8722, 0.00170059
8723, 0.00170076
8724, 0.00170094
8725, 0.00170112
8726, 0.00170129
8727, 0.00170146
8728, 0.00170164
8729, 0.00170181
8730, 0.00170198
8731, 0.00170216
8732, 0.00170234
8733, 0.00170251
8734, 0.00170269
8735, 0.00170286
8736, 0.00170304
8737, 0.00170321
8738, 0.00170338
8739, 0.00170356
8740, 0.00170373
8741, 0.00170390
8742, 0.00170408
8743, 0.00170425
8744, 0.00170442
8745, 0.00170460
8746, 0.00170477
8747, 0.00170495
8748, 0.00170512
8749, 0.00170530
8750, 0.00170547
8751, 0.00170564
8752, 0.00170582
8753, 0.00170599
8754, 0.00170617
8755, 0.00170634
8756, 0.00170652
8757, 0.00170669
8758, 0.00170686
8759, 0.00170704
8760, 0.00170721
8761, 0.00170738
8762, 0.00170756
8763, 0.00170773
8764, 0.00170791
8765, 0.00170808
8766, 0.00170825
8767, 0.00170843
8768, 0.00170860
8769, 0.00170878
8770, 0.00170895
8771, 0.00170913
8772, 0.00170930
8773, 0.00170947
8774, 0.00170965
8775, 0.00170982
8776, 0.00171000
8777, 0.00171017
8778, 0.00171034
8779, 0.00171052
8780, 0.00171069
8781, 0.00171086
8782, 0.00171104
8783, 0.00171122
8784, 0.00171139
8785, 0.00171156
8786, 0.00171174
8787, 0.00171191
8788, 0.00171208
8789, 0.00171226
8790, 0.00171243
8791, 0.00171261
8792, 0.00171278
8793, 0.00171296
8794, 0.00171313
8795, 0.00171330
8796, 0.00171348
8797, 0.00171365
8798, 0.00171382
8799, 0.00171400
8800, 0.00171417
8801, 0.00171435
8802, 0.00171452
8803, 0.00171469
8804, 0.00171487
8805, 0.00171504
8806, 0.00171522
8807, 0.00171539
8808, 0.00171556
8809, 0.00171574
8810, 0.00171591
8811, 0.00171609
8812, 0.00171626
8813, 0.00171644
8814, 0.00171662
8815, 0.00171679
8816, 0.00171696
8817, 0.00171714
8818, 0.00171731
8819, 0.00171748
8820, 0.00171766
8821, 0.00171783
8822, 0.00171801
8823, 0.00171818
8824, 0.00171837
8825, 0.00172056
8826, 0.00172074
8827, 0.00172092
8828, 0.00172109
8829, 0.00172127
8830, 0.00172145
8831, 0.00172162
8832, 0.00172179
8833, 0.00172196
8834, 0.00172214
8835, 0.00172231
8836, 0.00172248
8837, 0.00172266
8838, 0.00172284
8839, 0.00172301
8840, 0.00172319
8841, 0.00172336
8842, 0.00172353
8843, 0.00172371
8844, 0.00172388
8845, 0.00172406
8846, 0.00172423
8847, 0.00172440
8848, 0.00172458
8849, 0.00172475
8850, 0.00172493
8851, 0.00172511
8852, 0.00172528
8853, 0.00172546
8854, 0.00172563
8855, 0.00172581
8856, 0.00172598
8857, 0.00172616
8858, 0.00172633
8859, 0.00172650
8860, 0.00172667
8861, 0.00172685
8862, 0.00172702
8863, 0.00172719
8864, 0.00172737
8865, 0.00172754
8866, 0.00172771
8867, 0.00172789
8868, 0.00172806
8869, 0.00172823
8870, 0.00172840
8871, 0.00172857
8872, 0.00172874
8873, 0.00172892
8874, 0.00172909
8875, 0.00172926
8876, 0.00172943
8877, 0.00172960
8878, 0.00172977
8879, 0.00172994
8880, 0.00173011
8881, 0.00173028
8882, 0.00173046
8883, 0.00173063
8884, 0.00173080
8885, 0.00173097
8886, 0.00173114
8887, 0.00173132
8888, 0.00173149
8889, 0.00173167
8890, 0.00173184
8891, 0.00173201
8892, 0.00173219
8893, 0.00173236
8894, 0.00173254
8895, 0.00173271
8896, 0.00173288
8897, 0.00173305
8898, 0.00173322
8899, 0.00173339
8900, 0.00173356
8901, 0.00173373
8902, 0.00173390
8903, 0.00173407
8904, 0.00173424
8905, 0.00173441
8906, 0.00173458
8907, 0.00173475
8908, 0.00173493
8909, 0.00173510
8910, 0.00173527
8911, 0.00173544
8912, 0.00173561
8913, 0.00173578
8914, 0.00173595
8915, 0.00173612
8916, 0.00173629
8917, 0.00173647
8918, 0.00173664
8919, 0.00173681
8920, 0.00173698
8921, 0.00173716
8922, 0.00173733
8923, 0.00173750
8924, 0.00173767
8925, 0.00173783
8926, 0.00173800
8927, 0.00173817
8928, 0.00173834
8929, 0.00173851
8930, 0.00173868
8931, 0.00173885
8932, 0.00173902
8933, 0.00173919
8934, 0.00173936
8935, 0.00173953
8936, 0.00173970
8937, 0.00173987
8938, 0.00174004
8939, 0.00174021
8940, 0.00174038
8941, 0.00174055
8942, 0.00174072
8943, 0.00174089
8944, 0.00174106
8945, 0.00174123
8946, 0.00174140
8947, 0.00174157
8948, 0.00174175
8949, 0.00174191
8950, 0.00174211
8951, 0.00174421
8952, 0.00174441
8953, 0.00174459
8954, 0.00174477
8955, 0.00174494
8956, 0.00174511
8957, 0.00174529
8958, 0.00174546
8959, 0.00174564
8960, 0.00174581
8961, 0.00174598
8962, 0.00174615
8963, 0.00174632
8964, 0.00174649
8965, 0.00174666
8966, 0.00174683
8967, 0.00174700
8968, 0.00174717
8969, 0.00174735
8970, 0.00174752
8971, 0.00174769
8972, 0.00174786
8973, 0.00174804
8974, 0.00174821
8975, 0.00174838
8976, 0.00174855
8977, 0.00174872
8978, 0.00174889
8979, 0.00174906
8980, 0.00174923
8981, 0.00174940
8982, 0.00174957
8983, 0.00174974
8984, 0.00174991
8985, 0.00175008
8986, 0.00175025
8987, 0.00175042
8988, 0.00175060
8989, 0.00175077
8990, 0.00175094
8991, 0.00175111
8992, 0.00175128
8993, 0.00175146
8994, 0.00175163
8995, 0.00175181
8996, 0.00175198
8997, 0.00175215
8998, 0.00175232
8999, 0.00175249
9000, 0.00175266
9001, 0.00175283
9002, 0.00175300
9003, 0.00175317
9004, 0.00175334
9005, 0.00175351
9006, 0.00175368
9007, 0.00175385
9008, 0.00175402
9009, 0.00175419
9010, 0.00175436
9011, 0.00175453
9012, 0.00175470
9013, 0.00175487
9014, 0.00175504
9015, 0.00175521
9016, 0.00175538
9017, 0.00175556
9018, 0.00175574
9019, 0.00175591
9020, 0.00175609
9021, 0.00175626
9022, 0.00175643
9023, 0.00175661
9024, 0.00175678
9025, 0.00175695
9026, 0.00175712
9027, 0.00175729
9028, 0.00175747
9029, 0.00175764
9030, 0.00175781
9031, 0.00175799
9032, 0.00175816
9033, 0.00175834
9034, 0.00175851
9035, 0.00175868
9036, 0.00175886
9037, 0.00175904
9038, 0.00175922
9039, 0.00175940
9040, 0.00175958
9041, 0.00175977
9042, 0.00175995
9043, 0.00176013
9044, 0.00176031
9045, 0.00176049
9046, 0.00176067
9047, 0.00176085
9048, 0.00176103
9049, 0.00176120
9050, 0.00176137
9051, 0.00176155
9052, 0.00176171
9053, 0.00176189
9054, 0.00176205
9055, 0.00176223
9056, 0.00176240
9057, 0.00176257
9058, 0.00176275
9059, 0.00176292
9060, 0.00176309
9061, 0.00176326
9062, 0.00176343
9063, 0.00176360
9064, 0.00176378
9065, 0.00176395
9066, 0.00176411
9067, 0.00176428
9068, 0.00176445
9069, 0.00176463
9070, 0.00176480
9071, 0.00176497
9072, 0.00176513
9073, 0.00176531
9074, 0.00176548
9075, 0.00176565
9076, 0.00176583
9077, 0.00176790
9078, 0.00176809
9079, 0.00176828
9080, 0.00176846
9081, 0.00176864
9082, 0.00176882
9083, 0.00176900
9084, 0.00176918
9085, 0.00176937
9086, 0.00176955
9087, 0.00176973
9088, 0.00176991
9089, 0.00177009
9090, 0.00177027
9091, 0.00177044
9092, 0.00177062
9093, 0.00177079
9094, 0.00177096
9095, 0.00177113
9096, 0.00177130
9097, 0.00177147
9098, 0.00177165
9099, 0.00177182
9100, 0.00177199
9101, 0.00177217
9102, 0.00177234
9103, 0.00177251
9104, 0.00177268
9105, 0.00177285
9106, 0.00177302
9107, 0.00177319
9108, 0.00177336
9109, 0.00177353
9110, 0.00177370
9111, 0.00177388
9112, 0.00177405
9113, 0.00177422
9114, 0.00177440
9115, 0.00177457
9116, 0.00177474
9117, 0.00177491
9118, 0.00177508
9119, 0.00177525
9120, 0.00177542
9121, 0.00177560
9122, 0.00177577
9123, 0.00177594
9124, 0.00177611
9125, 0.00177628
9126, 0.00177645
9127, 0.00177662
9128, 0.00177679
9129, 0.00177696
9130, 0.00177713
9131, 0.00177730
9132, 0.00177748
9133, 0.00177765
9134, 0.00177782
9135, 0.00177799
9136, 0.00177816
9137, 0.00177833
9138, 0.00177850
9139, 0.00177867
9140, 0.00177884
9141, 0.00177901
9142, 0.00177918
9143, 0.00177936
9144, 0.00177953
9145, 0.00177971
9146, 0.00177988
9147, 0.00178006
9148, 0.00178023
9149, 0.00178040
9150, 0.00178058
9151, 0.00178075
9152, 0.00178092
9153, 0.00178109
9154, 0.00178126
9155, 0.00178144
9156, 0.00178161
9157, 0.00178178
9158, 0.00178196
9159, 0.00178213
9160, 0.00178230
9161, 0.00178247
9162, 0.00178265
9163, 0.00178282
9164, 0.00178300
9165, 0.00178317
9166, 0.00178334
9167, 0.00178353
9168, 0.00178370
9169, 0.00178388
9170, 0.00178405
9171, 0.00178422
9172, 0.00178440
9173, 0.00178457
9174, 0.00178474
9175, 0.00178492
9176, 0.00178509
9177, 0.00178526
9178, 0.00178544
9179, 0.00178561
9180, 0.00178579
9181, 0.00178596
9182, 0.00178613
9183, 0.00178630
9184, 0.00178648
9185, 0.00178666
9186, 0.00178683
9187, 0.00178701
9188, 0.00178718
9189, 0.00178735
9190, 0.00178752
9191, 0.00178770
9192, 0.00178788
9193, 0.00178805
9194, 0.00178822
9195, 0.00178839
9196, 0.00178856
9197, 0.00178874
9198, 0.00178891
9199, 0.00178908
9200, 0.00178925
9201, 0.00178942
9202, 0.00178960
9203, 0.00179169
9204, 0.00179187
9205, 0.00179204
9206, 0.00179222
9207, 0.00179239
9208, 0.00179256
9209, 0.00179274
9210, 0.00179292
9211, 0.00179309
9212, 0.00179327
9213, 0.00179344
9214, 0.00179362
9215, 0.00179380
9216, 0.00179397
9217, 0.00179415
9218, 0.00179432
9219, 0.00179450
9220, 0.00179467
9221, 0.00179485
9222, 0.00179502
9223, 0.00179520
9224, 0.00179537
9225, 0.00179554
9226, 0.00179571
9227, 0.00179588
9228, 0.00179606
9229, 0.00179623
9230, 0.00179640
9231, 0.00179657
9232, 0.00179674
9233, 0.00179692
9234, 0.00179709
9235, 0.00179726
9236, 0.00179744
9237, 0.00179761
9238, 0.00179778
9239, 0.00179795
9240, 0.00179812
9241, 0.00179830
9242, 0.00179847
9243, 0.00179865
9244, 0.00179882
9245, 0.00179900
9246, 0.00179918
9247, 0.00179935
9248, 0.00179955
9249, 0.00179972
9250, 0.00179990
9251, 0.00180007
9252, 0.00180024
9253, 0.00180042
9254, 0.00180059
9255, 0.00180077
9256, 0.00180094
9257, 0.00180111
9258, 0.00180128
9259, 0.00180146
9260, 0.00180163
9261, 0.00180180
9262, 0.00180198
9263, 0.00180215
9264, 0.00180232
9265, 0.00180250
9266, 0.00180267
9267, 0.00180284
9268, 0.00180301
9269, 0.00180319
9270, 0.00180336
9271, 0.00180353
9272, 0.00180370
9273, 0.00180388
9274, 0.00180405
9275, 0.00180422
9276, 0.00180439
9277, 0.00180457
9278, 0.00180474
9279, 0.00180491
9280, 0.00180508
9281, 0.00180526
9282, 0.00180543
9283, 0.00180560
9284, 0.00180577
9285, 0.00180594
9286, 0.00180612
9287, 0.00180629
9288, 0.00180646
9289, 0.00180663
9290, 0.00180681
9291, 0.00180698
9292, 0.00180716
9293, 0.00180733
9294, 0.00180751
9295, 0.00180768
9296, 0.00180785
9297, 0.00180802
9298, 0.00180820
9299, 0.00180837
9300, 0.00180854
9301, 0.00180872
9302, 0.00180889
9303, 0.00180906
9304, 0.00180924
9305, 0.00180941
9306, 0.00180958
9307, 0.00180976
9308, 0.00180993
9309, 0.00181010
9310, 0.00181028
9311, 0.00181045
9312, 0.00181062
9313, 0.00181080
9314, 0.00181097
9315, 0.00181114
9316, 0.00181132
9317, 0.00181149
9318, 0.00181166
9319, 0.00181184
9320, 0.00181201
9321, 0.00181218
9322, 0.00181236
9323, 0.00181253
9324, 0.00181270
9325, 0.00181288
9326, 0.00181305
9327, 0.00181323
9328, 0.00181341
9329, 0.00181553
9330, 0.00181572
9331, 0.00181589
9332, 0.00181607
9333, 0.00181624
9334, 0.00181641
9335, 0.00181659
9336, 0.00181677
9337, 0.00181694
9338, 0.00181711
9339, 0.00181729
9340, 0.00181747
9341, 0.00181764
9342, 0.00181781
9343, 0.00181798
9344, 0.00181815
9345, 0.00181833
9346, 0.00181850
9347, 0.00181867
9348, 0.00181884
9349, 0.00181901
9350, 0.00181918
9351, 0.00181935
9352, 0.00181952
9353, 0.00181969
9354, 0.00181987
9355, 0.00182004
9356, 0.00182021
9357, 0.00182038
9358, 0.00182055
9359, 0.00182072
9360, 0.00182089
9361, 0.00182106
9362, 0.00182123
9363, 0.00182140
9364, 0.00182158
9365, 0.00182175
9366, 0.00182192
9367, 0.00182209
9368, 0.00182227
9369, 0.00182244
9370, 0.00182261
9371, 0.00182279
9372, 0.00182296
9373, 0.00182313
9374, 0.00182331
9375, 0.00182348
9376, 0.00182365
9377, 0.00182383
9378, 0.00182400
9379, 0.00182417
9380, 0.00182435
9381, 0.00182452
9382, 0.00182469
9383, 0.00182487
9384, 0.00182504
9385, 0.00182521
9386, 0.00182538
9387, 0.00182555
9388, 0.00182572
9389, 0.00182589
9390, 0.00182606
9391, 0.00182623
9392, 0.00182640
9393, 0.00182657
9394, 0.00182675
9395, 0.00182692
9396, 0.00182710
9397, 0.00182726
9398, 0.00182743
9399, 0.00182761
9400, 0.00182778
9401, 0.00182795
9402, 0.00182812
9403, 0.00182829
9404, 0.00182846
9405, 0.00182864
9406, 0.00182881
9407, 0.00182898
9408, 0.00182915
9409, 0.00182932
9410, 0.00182949
9411, 0.00182966
9412, 0.00182983
9413, 0.00183000
9414, 0.00183017
9415, 0.00183035
9416, 0.00183052
9417, 0.00183069
9418, 0.00183086
9419, 0.00183103
9420, 0.00183120
9421, 0.00183137
9422, 0.00183155
9423, 0.00183172
9424, 0.00183189
9425, 0.00183206
9426, 0.00183223
9427, 0.00183240
9428, 0.00183257
9429, 0.00183275
9430, 0.00183292
9431, 0.00183309
9432, 0.00183327
9433, 0.00183344
9434, 0.00183361
9435, 0.00183378
9436, 0.00183395
9437, 0.00183412
9438, 0.00183429
9439, 0.00183446
9440, 0.00183463
9441, 0.00183480
9442, 0.00183497
9443, 0.00183514
9444, 0.00183532
9445, 0.00183549
9446, 0.00183566
9447, 0.00183583
9448, 0.00183600
9449, 0.00183617
9450, 0.00183634
9451, 0.00183651
9452, 0.00183668
9453, 0.00183685
9454, 0.00183704
9455, 0.00183914
9456, 0.00183934
9457, 0.00183952
9458, 0.00183969
9459, 0.00183987
9460, 0.00184005
9461, 0.00184022
9462, 0.00184040
9463, 0.00184057
9464, 0.00184075
9465, 0.00184093
9466, 0.00184110
9467, 0.00184128
9468, 0.00184146
9469, 0.00184163
9470, 0.00184180
9471, 0.00184198
9472, 0.00184215
9473, 0.00184232
9474, 0.00184249
9475, 0.00184267
9476, 0.00184284
9477, 0.00184302
9478, 0.00184320
9479, 0.00184337
9480, 0.00184355
9481, 0.00184372
9482, 0.00184390
9483, 0.00184407
9484, 0.00184425
9485, 0.00184443
9486, 0.00184460
9487, 0.00184477
9488, 0.00184495
9489, 0.00184512
9490, 0.00184529
9491, 0.00184547
9492, 0.00184564
9493, 0.00184581
9494, 0.00184599
9495, 0.00184616
9496, 0.00184633
9497, 0.00184650
9498, 0.00184667
9499, 0.00184684
9500, 0.00184701
9501, 0.00184718
9502, 0.00184736
9503, 0.00184753
9504, 0.00184770
9505, 0.00184787
9506, 0.00184804
9507, 0.00184822
9508, 0.00184839
9509, 0.00184857
9510, 0.00184875
9511, 0.00184892
9512, 0.00184909
9513, 0.00184927
9514, 0.00184944
9515, 0.00184962
9516, 0.00184979
9517, 0.00184996
9518, 0.00185014
9519, 0.00185031
9520, 0.00185048
9521, 0.00185065
9522, 0.00185083
9523, 0.00185100
9524, 0.00185117
9525, 0.00185134
9526, 0.00185152
9527, 0.00185169
9528, 0.00185186
9529, 0.00185203
9530, 0.00185220
9531, 0.00185237
9532, 0.00185255
9533, 0.00185272
9534, 0.00185289
9535, 0.00185306
9536, 0.00185324
9537, 0.00185341
9538, 0.00185358
9539, 0.00185376
9540, 0.00185393
9541, 0.00185410
9542, 0.00185427
9543, 0.00185445
9544, 0.00185462
9545, 0.00185479
9546, 0.00185497
9547, 0.00185514
9548, 0.00185531
9549, 0.00185550
9550, 0.00185568
9551, 0.00185586
9552, 0.00185604
9553, 0.00185622
9554, 0.00185640
9555, 0.00185658
9556, 0.00185675
9557, 0.00185692
9558, 0.00185709
9559, 0.00185726
9560, 0.00185743
9561, 0.00185761
9562, 0.00185777
9563, 0.00185795
9564, 0.00185812
9565, 0.00185829
9566, 0.00185845
9567, 0.00185863
9568, 0.00185880
9569, 0.00185897
9570, 0.00185914
9571, 0.00185931
9572, 0.00185948
9573, 0.00185965
9574, 0.00185982
9575, 0.00186000
9576, 0.00186017
9577, 0.00186035
9578, 0.00186052
9579, 0.00186070
9580, 0.00186088
9581, 0.00186512
9582, 0.00186531
9583, 0.00186549
9584, 0.00186568
9585, 0.00186585
9586, 0.00186603
9587, 0.00186620
9588, 0.00186638
9589, 0.00186656
9590, 0.00186673
9591, 0.00186691
9592, 0.00186709
9593, 0.00186727
9594, 0.00186744
9595, 0.00186762
9596, 0.00186779
9597, 0.00186796
9598, 0.00186813
9599, 0.00186831
9600, 0.00186849
9601, 0.00186866
9602, 0.00186884
9603, 0.00186902
9604, 0.00186920
9605, 0.00186937
9606, 0.00186955
9607, 0.00186972
9608, 0.00186989
9609, 0.00187007
9610, 0.00187025
9611, 0.00187042
9612, 0.00187059
9613, 0.00187077
9614, 0.00187094
9615, 0.00187112
9616, 0.00187130
9617, 0.00187147
9618, 0.00187165
9619, 0.00187182
9620, 0.00187199
9621, 0.00187217
9622, 0.00187235
9623, 0.00187256
9624, 0.00187276
9625, 0.00187293
9626, 0.00187311
9627, 0.00187329
9628, 0.00187347
9629, 0.00187364
9630, 0.00187382
9631, 0.00187400
9632, 0.00187416
9633, 0.00187434
9634, 0.00187451
9635, 0.00187469
9636, 0.00187487
9637, 0.00187504
9638, 0.00187522
9639, 0.00187539
9640, 0.00187557
9641, 0.00187574
9642, 0.00187592
9643, 0.00187609
9644, 0.00187627
9645, 0.00187644
9646, 0.00187662
9647, 0.00187679
9648, 0.00187697
9649, 0.00187715
9650, 0.00187732
9651, 0.00187749
9652, 0.00187770
9653, 0.00187788
9654, 0.00187805
9655, 0.00187823
9656, 0.00187840
9657, 0.00187858
9658, 0.00187875
9659, 0.00187892
9660, 0.00187910
9661, 0.00187928
9662, 0.00187945
9663, 0.00187962
9664, 0.00187980
9665, 0.00187997
9666, 0.00188014
9667, 0.00188032
9668, 0.00188049
9669, 0.00188067
9670, 0.00188084
9671, 0.00188102
9672, 0.00188120
9673, 0.00188137
9674, 0.00188154
9675, 0.00188171
9676, 0.00188189
9677, 0.00188206
9678, 0.00188224
9679, 0.00188241
9680, 0.00188259
9681, 0.00188276
9682, 0.00188294
9683, 0.00188312
9684, 0.00188329
9685, 0.00188347
9686, 0.00188364
9687, 0.00188382
9688, 0.00188400
9689, 0.00188417
9690, 0.00188434
9691, 0.00188451
9692, 0.00188468
9693, 0.00188486
9694, 0.00188503
9695, 0.00188521
9696, 0.00188538
9697, 0.00188555
9698, 0.00188573
9699, 0.00188590
9700, 0.00188607
9701, 0.00188625
9702, 0.00188643
9703, 0.00188661
9704, 0.00188678
9705, 0.00188695
9706, 0.00188714
9707, 0.00188937
9708, 0.00188958
9709, 0.00188976
9710, 0.00188994
9711, 0.00189012
9712, 0.00189030
9713, 0.00189048
9714, 0.00189065
9715, 0.00189084
9716, 0.00189102
9717, 0.00189120
9718, 0.00189138
9719, 0.00189156
9720, 0.00189174
9721, 0.00189192
9722, 0.00189209
9723, 0.00189226
9724, 0.00189244
9725, 0.00189261
9726, 0.00189279
9727, 0.00189296
9728, 0.00189314
9729, 0.00189332
9730, 0.00189349
9731, 0.00189367
9732, 0.00189384
9733, 0.00189402
9734, 0.00189420
9735, 0.00189444
9736, 0.00189462
9737, 0.00189479
9738, 0.00189497
9739, 0.00189514
9740, 0.00189532
9741, 0.00189550
9742, 0.00189567
9743, 0.00189586
9744, 0.00189603
9745, 0.00189621
9746, 0.00189638
9747, 0.00189655
9748, 0.00189673
9749, 0.00189690
9750, 0.00189708
9751, 0.00189726
9752, 0.00189744
9753, 0.00189762
9754, 0.00189780
9755, 0.00189797
9756, 0.00189814
9757, 0.00189832
9758, 0.00189849
9759, 0.00189866
9760, 0.00189884
9761, 0.00189902
9762, 0.00189919
9763, 0.00189937
9764, 0.00189955
9765, 0.00189972
9766, 0.00189990
9767, 0.00190008
9768, 0.00190025
9769, 0.00190043
9770, 0.00190060
9771, 0.00190078
9772, 0.00190096
9773, 0.00190113
9774, 0.00190131
9775, 0.00190149
9776, 0.00190166
9777, 0.00190184
9778, 0.00190202
9779, 0.00190219
9780, 0.00190237
9781, 0.00190255
9782, 0.00190272
9783, 0.00190290
9784, 0.00190308
9785, 0.00190325
9786, 0.00190343
9787, 0.00190360
9788, 0.00190378
9789, 0.00190396
9790, 0.00190413
9791, 0.00190431
9792, 0.00190449
9793, 0.00190467
9794, 0.00190484
9795, 0.00190502
9796, 0.00190520
9797, 0.00190537
9798, 0.00190555
9799, 0.00190572
9800, 0.00190590
9801, 0.00190607
9802, 0.00190625
9803, 0.00190642
9804, 0.00190660
9805, 0.00190677
9806, 0.00190695
9807, 0.00190712
9808, 0.00190730
9809, 0.00190748
9810, 0.00190766
9811, 0.00190783
9812, 0.00190801
9813, 0.00190819
9814, 0.00190836
9815, 0.00190854
9816, 0.00190871
9817, 0.00190889
9818, 0.00190906
9819, 0.00190924
9820, 0.00190941
9821, 0.00190959
9822, 0.00190977
9823, 0.00190995
9824, 0.00191012
9825, 0.00191029
9826, 0.00191046
9827, 0.00191064
9828, 0.00191082
9829, 0.00191099
9830, 0.00191117
9831, 0.00191135
9832, 0.00191153
9833, 0.00191374
9834, 0.00191394
9835, 0.00191412
9836, 0.00191429
9837, 0.00191447
9838, 0.00191465
9839, 0.00191482
9840, 0.00191500
9841, 0.00191518
9842, 0.00191537
9843, 0.00191554
9844, 0.00191571
9845, 0.00191589
9846, 0.00191606
9847, 0.00191623
9848, 0.00191640
9849, 0.00191657
9850, 0.00191674
9851, 0.00191692
9852, 0.00191709
9853, 0.00191726
9854, 0.00191743
9855, 0.00191761
9856, 0.00191777
9857, 0.00191795
9858, 0.00191812
9859, 0.00191830
9860, 0.00191847
9861, 0.00191864
9862, 0.00191881
9863, 0.00191898
9864, 0.00191915
9865, 0.00191933
9866, 0.00191950
9867, 0.00191967
9868, 0.00191985
9869, 0.00192002
9870, 0.00192019
9871, 0.00192036
9872, 0.00192053
9873, 0.00192071
9874, 0.00192088
9875, 0.00192105
9876, 0.00192122
9877, 0.00192139
9878, 0.00192156
9879, 0.00192173
9880, 0.00192190
9881, 0.00192207
9882, 0.00192224
9883, 0.00192241
9884, 0.00192259
9885, 0.00192276
9886, 0.00192293
9887, 0.00192311
9888, 0.00192328
9889, 0.00192345
9890, 0.00192362
9891, 0.00192379
9892, 0.00192396
9893, 0.00192414
9894, 0.00192431
9895, 0.00192448
9896, 0.00192466
9897, 0.00192483
9898, 0.00192500
9899, 0.00192517
9900, 0.00192535
9901, 0.00192552
9902, 0.00192569
9903, 0.00192587
9904, 0.00192604
9905, 0.00192622
9906, 0.00192639
9907, 0.00192657
9908, 0.00192675
9909, 0.00192692
9910, 0.00192710
9911, 0.00192728
9912, 0.00192745
9913, 0.00192763
9914, 0.00192780
9915, 0.00192798
9916, 0.00192816
9917, 0.00192833
9918, 0.00192851
9919, 0.00192869
9920, 0.00192886
9921, 0.00192904
9922, 0.00192921
9923, 0.00192938
9924, 0.00192955
9925, 0.00192973
9926, 0.00192991
9927, 0.00193009
9928, 0.00193026
9929, 0.00193043
9930, 0.00193061
9931, 0.00193079
9932, 0.00193097
9933, 0.00193114
9934, 0.00193132
9935, 0.00193150
9936, 0.00193169
9937, 0.00193187
9938, 0.00193205
9939, 0.00193223
9940, 0.00193240
9941, 0.00193257
9942, 0.00193274
9943, 0.00193292
9944, 0.00193309
9945, 0.00193326
9946, 0.00193343
9947, 0.00193361
9948, 0.00193378
9949, 0.00193395
9950, 0.00193412
9951, 0.00193429
9952, 0.00193446
9953, 0.00193464
9954, 0.00193481
9955, 0.00193498
9956, 0.00193515
9957, 0.00193532
9958, 0.00193550
9959, 0.00193773
9960, 0.00193791
9961, 0.00193809
9962, 0.00193826
9963, 0.00193843
9964, 0.00193861
9965, 0.00193879
9966, 0.00193896
9967, 0.00193913
9968, 0.00193931
9969, 0.00193948
9970, 0.00193966
9971, 0.00193983
9972, 0.00194001
9973, 0.00194018
9974, 0.00194036
9975, 0.00194053
9976, 0.00194071
9977, 0.00194089
9978, 0.00194107
9979, 0.00194124
9980, 0.00194142
9981, 0.00194160
9982, 0.00194177
9983, 0.00194195
9984, 0.00194212
9985, 0.00194230
9986, 0.00194248
9987, 0.00194265
9988, 0.00194283
9989, 0.00194301
9990, 0.00194318
9991, 0.00194336
9992, 0.00194353
9993, 0.00194371
9994, 0.00194388
9995, 0.00194405
9996, 0.00194423
9997, 0.00194440
9998, 0.00194457
9999, 0.00194474
10000, 0.00194492
10001, 0.00194510
10002, 0.00194527
10003, 0.00194544
10004, 0.00194562
10005, 0.00194579
10006, 0.00194596
10007, 0.00194613
10008, 0.00194631
10009, 0.00194649
10010, 0.00194667
10011, 0.00194684
10012, 0.00194702
10013, 0.00194719
10014, 0.00194737
10015, 0.00194755
10016, 0.00194772
10017, 0.00194789
10018, 0.00194807
10019, 0.00194824
10020, 0.00194841
10021, 0.00194859
10022, 0.00194876
10023, 0.00194894
10024, 0.00194911
10025, 0.00194929
10026, 0.00194947
10027, 0.00194965
10028, 0.00194984
10029, 0.00195002
10030, 0.00195020
10031, 0.00195038
10032, 0.00195056
10033, 0.00195074
10034, 0.00195091
10035, 0.00195108
10036, 0.00195125
10037, 0.00195143
10038, 0.00195160
10039, 0.00195178
10040, 0.00195196
10041, 0.00195213
10042, 0.00195230
10043, 0.00195247
10044, 0.00195265
10045, 0.00195282
10046, 0.00195299
10047, 0.00195317
10048, 0.00195334
10049, 0.00195352
10050, 0.00195369
10051, 0.00195386
10052, 0.00195404
10053, 0.00195421
10054, 0.00195438
10055, 0.00195455
10056, 0.00195472
10057, 0.00195490
10058, 0.00195507
10059, 0.00195525
10060, 0.00195543
10061, 0.00195560
10062, 0.00195578
10063, 0.00195595
10064, 0.00195613
10065, 0.00195630
10066, 0.00195647
10067, 0.00195665
10068, 0.00195683
10069, 0.00195700
10070, 0.00195717
10071, 0.00195734
10072, 0.00195751
10073, 0.00195768
10074, 0.00195786
10075, 0.00195803
10076, 0.00195820
10077, 0.00195837
10078, 0.00195854
10079, 0.00195872
10080, 0.00195889
10081, 0.00195906
10082, 0.00195924
10083, 0.00195941
10084, 0.00195960
10085, 0.00196182
10086, 0.00196201
10087, 0.00196219
10088, 0.00196236
10089, 0.00196254
10090, 0.00196271
10091, 0.00196290
10092, 0.00196307
10093, 0.00196325
10094, 0.00196342
10095, 0.00196360
10096, 0.00196377
10097, 0.00196394
10098, 0.00196412
10099, 0.00196429
10100, 0.00196447
10101, 0.00196465
10102, 0.00196482
10103, 0.00196500
10104, 0.00196518
10105, 0.00196535
10106, 0.00196553
10107, 0.00196571
10108, 0.00196588
10109, 0.00196606
10110, 0.00196624
10111, 0.00196641
10112, 0.00196658
10113, 0.00196676
10114, 0.00196693
10115, 0.00196711
10116, 0.00196729
10117, 0.00196746
10118, 0.00196764
10119, 0.00196781
10120, 0.00196799
10121, 0.00196817
10122, 0.00196834
10123, 0.00196852
10124, 0.00196870
10125, 0.00196887
10126, 0.00196905
10127, 0.00196922
10128, 0.00196940
10129, 0.00196958
10130, 0.00196975
10131, 0.00196993
10132, 0.00197010
10133, 0.00197028
10134, 0.00197046
10135, 0.00197063
10136, 0.00197081
10137, 0.00197098
10138, 0.00197116
10139, 0.00197133
10140, 0.00197151
10141, 0.00197168
10142, 0.00197186
10143, 0.00197203
10144, 0.00197221
10145, 0.00197239
10146, 0.00197256
10147, 0.00197274
10148, 0.00197291
10149, 0.00197309
10150, 0.00197327
10151, 0.00197344
10152, 0.00197362
10153, 0.00197380
10154, 0.00197397
10155, 0.00197415
10156, 0.00197433
10157, 0.00197450
10158, 0.00197468
10159, 0.00197485
10160, 0.00197503
10161, 0.00197520
10162, 0.00197538
10163, 0.00197555
10164, 0.00197573
10165, 0.00197590
10166, 0.00197608
10167, 0.00197625
10168, 0.00197643
10169, 0.00197660
10170, 0.00197678
10171, 0.00197695
10172, 0.00197713
10173, 0.00197730
10174, 0.00197748
10175, 0.00197766
10176, 0.00197783
10177, 0.00197801
10178, 0.00197818
10179, 0.00197836
10180, 0.00197853
10181, 0.00197871
10182, 0.00197888
10183, 0.00197906
10184, 0.00197924
10185, 0.00197941
10186, 0.00197959
10187, 0.00197977
10188, 0.00197994
10189, 0.00198012
10190, 0.00198029
10191, 0.00198047
10192, 0.00198064
10193, 0.00198082
10194, 0.00198100
10195, 0.00198117
10196, 0.00198134
10197, 0.00198152
10198, 0.00198170
10199, 0.00198187
10200, 0.00198205
10201, 0.00198222
10202, 0.00198240
10203, 0.00198258
10204, 0.00198275
10205, 0.00198293
10206, 0.00198310
10207, 0.00198328
10208, 0.00198346
10209, 0.00198363
10210, 0.00198382
10211, 0.00198603
10212, 0.00198621
10213, 0.00198639
10214, 0.00198656
10215, 0.00198673
10216, 0.00198691
10217, 0.00198708
10218, 0.00198726
10219, 0.00198743
10220, 0.00198761
10221, 0.00198779
10222, 0.00198796
10223, 0.00198814
10224, 0.00198831
10225, 0.00198849
10226, 0.00198866
10227, 0.00198883
10228, 0.00198901
10229, 0.00198919
10230, 0.00198936
10231, 0.00198953
10232, 0.00198971
10233, 0.00198988
10234, 0.00199005
10235, 0.00199023
10236, 0.00199041
10237, 0.00199059
10238, 0.00199077
10239, 0.00199094
10240, 0.00199112
10241, 0.00199129
10242, 0.00199146
10243, 0.00199164
10244, 0.00199182
10245, 0.00199199
10246, 0.00199216
10247, 0.00199235
10248, 0.00199252
10249, 0.00199270
10250, 0.00199287
10251, 0.00199305
10252, 0.00199322
10253, 0.00199339
10254, 0.00199356
10255, 0.00199373
10256, 0.00199391
10257, 0.00199409
10258, 0.00199426
10259, 0.00199444
10260, 0.00199461
10261, 0.00199479
10262, 0.00199496
10263, 0.00199515
10264, 0.00199533
10265, 0.00199550
10266, 0.00199568
10267, 0.00199585
10268, 0.00199603
10269, 0.00199620
10270, 0.00199638
10271, 0.00199655
10272, 0.00199673
10273, 0.00199691
10274, 0.00199709
10275, 0.00199726
10276, 0.00199744
10277, 0.00199761
10278, 0.00199778
10279, 0.00199795
10280, 0.00199813
10281, 0.00199830
10282, 0.00199847
10283, 0.00199865
10284, 0.00199883
10285, 0.00199900
10286, 0.00199918
10287, 0.00199936
10288, 0.00199953
10289, 0.00199970
10290, 0.00199988
10291, 0.00200005
10292, 0.00200023
10293, 0.00200041
10294, 0.00200058
10295, 0.00200076
10296, 0.00200093
10297, 0.00200111
10298, 0.00200128
10299, 0.00200146
10300, 0.00200163
10301, 0.00200181
10302, 0.00200198
10303, 0.00200216
10304, 0.00200234
10305, 0.00200252
10306, 0.00200269
10307, 0.00200286
10308, 0.00200304
10309, 0.00200321
10310, 0.00200339
10311, 0.00200356
10312, 0.00200373
10313, 0.00200391
10314, 0.00200408
10315, 0.00200425
10316, 0.00200442
10317, 0.00200459
10318, 0.00200477
10319, 0.00200494
10320, 0.00200512
10321, 0.00200529
10322, 0.00200546
10323, 0.00200564
10324, 0.00200581
10325, 0.00200598
10326, 0.00200615
10327, 0.00200633
10328, 0.00200650
10329, 0.00200667
10330, 0.00200684
10331, 0.00200702
10332, 0.00200719
10333, 0.00200736
10334, 0.00200753
10335, 0.00200771
10336, 0.00200790
10337, 0.00201010
10338, 0.00201029
10339, 0.00201047
10340, 0.00201065
10341, 0.00201083
10342, 0.00201100
10343, 0.00201118
10344, 0.00201136
10345, 0.00201153
10346, 0.00201171
10347, 0.00201190
10348, 0.00201207
10349, 0.00201225
10350, 0.00201243
10351, 0.00201261
10352, 0.00201278
10353, 0.00201296
10354, 0.00201314
10355, 0.00201332
10356, 0.00201350
10357, 0.00201368
10358, 0.00201386
10359, 0.00201403
10360, 0.00201421
10361, 0.00201439
10362, 0.00201457
10363, 0.00201475
10364, 0.00201492
10365, 0.00201509
10366, 0.00201527
10367, 0.00201544
10368, 0.00201561
10369, 0.00201579
10370, 0.00201597
10371, 0.00201615
10372, 0.00201632
10373, 0.00201650
10374, 0.00201667
10375, 0.00201685
10376, 0.00201702
10377, 0.00201720
10378, 0.00201738
10379, 0.00201760
10380, 0.00201780
10381, 0.00201799
10382, 0.00201819
10383, 0.00201837
10384, 0.00201855
10385, 0.00201873
10386, 0.00201890
10387, 0.00201908
10388, 0.00201925
10389, 0.00201943
10390, 0.00201961
10391, 0.00201978
10392, 0.00201995
10393, 0.00202013
10394, 0.00202031
10395, 0.00202048
10396, 0.00202066
10397, 0.00202083
10398, 0.00202101
10399, 0.00202119
10400, 0.00202137
10401, 0.00202154
10402, 0.00202172
10403, 0.00202190
10404, 0.00202207
10405, 0.00202224
10406, 0.00202241
10407, 0.00202259
10408, 0.00202279
10409, 0.00202299
10410, 0.00202317
10411, 0.00202334
10412, 0.00202351
10413, 0.00202368
10414, 0.00202385
10415, 0.00202402
10416, 0.00202420
10417, 0.00202437
10418, 0.00202454
10419, 0.00202471
10420, 0.00202489
10421, 0.00202506
10422, 0.00202523
10423, 0.00202541
10424, 0.00202558
10425, 0.00202576
10426, 0.00202594
10427, 0.00202612
10428, 0.00202630
10429, 0.00202647
10430, 0.00202665
10431, 0.00202682
10432, 0.00202700
10433, 0.00202717
10434, 0.00202735
10435, 0.00202752
10436, 0.00202770
10437, 0.00202787
10438, 0.00202806
10439, 0.00202823
10440, 0.00202841
10441, 0.00202858
10442, 0.00202876
10443, 0.00202893
10444, 0.00202911
10445, 0.00202929
10446, 0.00202947
10447, 0.00202964
10448, 0.00202981
10449, 0.00202999
10450, 0.00203017
10451, 0.00203035
10452, 0.00203052
10453, 0.00203069
10454, 0.00203087
10455, 0.00203104
10456, 0.00203122
10457, 0.00203140
10458, 0.00203158
10459, 0.00203175
10460, 0.00203194
10461, 0.00203212
10462, 0.00203231
10463, 0.00203457
10464, 0.00203476
10465, 0.00203494
10466, 0.00203511
10467, 0.00203529
10468, 0.00203547
10469, 0.00203564
10470, 0.00203582
10471, 0.00203599
10472, 0.00203616
10473, 0.00203634
10474, 0.00203651
10475, 0.00203669
10476, 0.00203687
10477, 0.00203705
10478, 0.00203722
10479, 0.00203740
10480, 0.00203757
10481, 0.00203775
10482, 0.00203792
10483, 0.00203810
10484, 0.00203827
10485, 0.00203845
10486, 0.00203863
10487, 0.00203880
10488, 0.00203897
10489, 0.00203915
10490, 0.00203932
10491, 0.00203950
10492, 0.00203967
10493, 0.00203985
10494, 0.00204002
10495, 0.00204020
10496, 0.00204039
10497, 0.00204056
10498, 0.00204074
10499, 0.00204091
10500, 0.00204108
10501, 0.00204125
10502, 0.00204142
10503, 0.00204160
10504, 0.00204177
10505, 0.00204194
10506, 0.00204211
10507, 0.00204228
10508, 0.00204245
10509, 0.00204262
10510, 0.00204279
10511, 0.00204296
10512, 0.00204313
10513, 0.00204330
10514, 0.00204347
10515, 0.00204365
10516, 0.00204382
10517, 0.00204399
10518, 0.00204416
10519, 0.00204433
10520, 0.00204450
10521, 0.00204467
10522, 0.00204485
10523, 0.00204502
10524, 0.00204519
10525, 0.00204536
10526, 0.00204553
10527, 0.00204570
10528, 0.00204587
10529, 0.00204604
10530, 0.00204621
10531, 0.00204638
10532, 0.00204655
10533, 0.00204673
10534, 0.00204690
10535, 0.00204707
10536, 0.00204724
10537, 0.00204741
10538, 0.00204759
10539, 0.00204775
10540, 0.00204793
10541, 0.00204810
10542, 0.00204827
10543, 0.00204845
10544, 0.00204862
10545, 0.00204879
10546, 0.00204896
10547, 0.00204914
10548, 0.00204931
10549, 0.00204948
10550, 0.00204966
10551, 0.00204983
10552, 0.00205001
10553, 0.00205018
10554, 0.00205036
10555, 0.00205053
10556, 0.00205071
10557, 0.00205088
10558, 0.00205105
10559, 0.00205123
10560, 0.00205141
10561, 0.00205158
10562, 0.00205176
10563, 0.00205193
10564, 0.00205210
10565, 0.00205228
10566, 0.00205246
10567, 0.00205263
10568, 0.00205280
10569, 0.00205297
10570, 0.00205315
10571, 0.00205332
10572, 0.00205349
10573, 0.00205366
10574, 0.00205383
10575, 0.00205400
10576, 0.00205418
10577, 0.00205435
10578, 0.00205452
10579, 0.00205469
10580, 0.00205486
10581, 0.00205503
10582, 0.00205520
10583, 0.00205537
10584, 0.00205554
10585, 0.00205571
10586, 0.00205589
10587, 0.00205606
10588, 0.00205624
10589, 0.00205845
10590, 0.00205865
10591, 0.00205882
10592, 0.00205900
10593, 0.00205918
10594, 0.00205935
10595, 0.00205953
10596, 0.00205971
10597, 0.00205988
10598, 0.00206007
10599, 0.00206024
10600, 0.00206042
10601, 0.00206059
10602, 0.00206077
10603, 0.00206095
10604, 0.00206112
10605, 0.00206130
10606, 0.00206148
10607, 0.00206165
10608, 0.00206183
10609, 0.00206201
10610, 0.00206218
10611, 0.00206236
10612, 0.00206254
10613, 0.00206271
10614, 0.00206289
10615, 0.00206307
10616, 0.00206325
10617, 0.00206342
10618, 0.00206360
10619, 0.00206378
10620, 0.00206395
10621, 0.00206412
10622, 0.00206430
10623, 0.00206447
10624, 0.00206465
10625, 0.00206483
10626, 0.00206500
10627, 0.00206518
10628, 0.00206535
10629, 0.00206553
10630, 0.00206570
10631, 0.00206587
10632, 0.00206605
10633, 0.00206623
10634, 0.00206641
10635, 0.00206658
10636, 0.00206675
10637, 0.00206693
10638, 0.00206710
10639, 0.00206728
10640, 0.00206746
10641, 0.00206763
10642, 0.00206782
10643, 0.00206799
10644, 0.00206817
10645, 0.00206835
10646, 0.00206852
10647, 0.00206870
10648, 0.00206887
10649, 0.00206905
10650, 0.00206923
10651, 0.00206940
10652, 0.00206957
10653, 0.00206974
10654, 0.00206992
10655, 0.00207010
10656, 0.00207027
10657, 0.00207044
10658, 0.00207061
10659, 0.00207078
10660, 0.00207096
10661, 0.00207115
10662, 0.00207132
10663, 0.00207149
10664, 0.00207168
10665, 0.00207186
10666, 0.00207204
10667, 0.00207221
10668, 0.00207238
10669, 0.00207256
10670, 0.00207273
10671, 0.00207290
10672, 0.00207307
10673, 0.00207325
10674, 0.00207342
10675, 0.00207359
10676, 0.00207376
10677, 0.00207393
10678, 0.00207411
10679, 0.00207428
10680, 0.00207445
10681, 0.00207462
10682, 0.00207479
10683, 0.00207496
10684, 0.00207514
10685, 0.00207531
10686, 0.00207548
10687, 0.00207566
10688, 0.00207583
10689, 0.00207600
10690, 0.00207617
10691, 0.00207635
10692, 0.00207652
10693, 0.00207669
10694, 0.00207686
10695, 0.00207703
10696, 0.00207720
10697, 0.00207738
10698, 0.00207755
10699, 0.00207774
10700, 0.00207791
10701, 0.00207810
10702, 0.00207828
10703, 0.00207845
10704, 0.00207862
10705, 0.00207880
10706, 0.00207897
10707, 0.00207914
10708, 0.00207931
10709, 0.00207948
10710, 0.00207966
10711, 0.00207983
10712, 0.00208000
10713, 0.00208017
10714, 0.00208036
10715, 0.00208255
10716, 0.00208275
10717, 0.00208293
10718, 0.00208311
10719, 0.00208329
10720, 0.00208347
10721, 0.00208365
10722, 0.00208383
10723, 0.00208400
10724, 0.00208418
10725, 0.00208436
10726, 0.00208453
10727, 0.00208471
10728, 0.00208488
10729, 0.00208505
10730, 0.00208523
10731, 0.00208540
10732, 0.00208558
10733, 0.00208575
10734, 0.00208593
10735, 0.00208610
10736, 0.00208628
10737, 0.00208645
10738, 0.00208662
10739, 0.00208680
10740, 0.00208697
10741, 0.00208715
10742, 0.00208732
10743, 0.00208750
10744, 0.00208767
10745, 0.00208784
10746, 0.00208802
10747, 0.00208819
10748, 0.00208837
10749, 0.00208854
10750, 0.00208871
10751, 0.00208889
10752, 0.00208906
10753, 0.00208924
10754, 0.00208941
10755, 0.00208958
10756, 0.00208976
10757, 0.00208993
10758, 0.00209011
10759, 0.00209030
10760, 0.00209049
10761, 0.00209066
10762, 0.00209083
10763, 0.00209101
10764, 0.00209118
10765, 0.00209136
10766, 0.00209153
10767, 0.00209170
10768, 0.00209188
10769, 0.00209205
10770, 0.00209223
10771, 0.00209240
10772, 0.00209257
10773, 0.00209275
10774, 0.00209292
10775, 0.00209310
10776, 0.00209327
10777, 0.00209345
10778, 0.00209362
10779, 0.00209379
10780, 0.00209397
10781, 0.00209414
10782, 0.00209432
10783, 0.00209449
10784, 0.00209467
10785, 0.00209484
10786, 0.00209501
10787, 0.00209519
10788, 0.00209536
10789, 0.00209554
10790, 0.00209571
10791, 0.00209588
10792, 0.00209606
10793, 0.00209623
10794, 0.00209641
10795, 0.00209659
10796, 0.00209676
10797, 0.00209693
10798, 0.00209711
10799, 0.00209728
10800, 0.00209745
10801, 0.00209763
10802, 0.00209780
10803, 0.00209797
10804, 0.00209815
10805, 0.00209832
10806, 0.00209849
10807, 0.00209867
10808, 0.00209884
10809, 0.00209902
10810, 0.00209919
10811, 0.00209937
10812, 0.00209954
10813, 0.00209972
10814, 0.00209989
10815, 0.00210007
10816, 0.00210024
10817, 0.00210041
10818, 0.00210059
10819, 0.00210076
10820, 0.00210094
10821, 0.00210111
10822, 0.00210129
10823, 0.00210146
10824, 0.00210163
10825, 0.00210181
10826, 0.00210198
10827, 0.00210216
10828, 0.00210233
10829, 0.00210251
10830, 0.00210268
10831, 0.00210285
10832, 0.00210303
10833, 0.00210320
10834, 0.00210338
10835, 0.00210355
10836, 0.00210373
10837, 0.00210390
10838, 0.00210407
10839, 0.00210425
10840, 0.00210445
10841, 0.00210660
10842, 0.00210680
10843, 0.00210698
10844, 0.00210715
10845, 0.00210733
10846, 0.00210751
10847, 0.00210769
10848, 0.00210786
10849, 0.00210804
10850, 0.00210821
10851, 0.00210839
10852, 0.00210856
10853, 0.00210874
10854, 0.00210891
10855, 0.00210908
10856, 0.00210926
10857, 0.00210943
10858, 0.00210961
10859, 0.00210979
10860, 0.00210998
10861, 0.00211016
10862, 0.00211034
10863, 0.00211053
10864, 0.00211071
10865, 0.00211089
10866, 0.00211107
10867, 0.00211125
10868, 0.00211143
10869, 0.00211161
10870, 0.00211179
10871, 0.00211197
10872, 0.00211214
10873, 0.00211232
10874, 0.00211249
10875, 0.00211267
10876, 0.00211284
10877, 0.00211301
10878, 0.00211319
10879, 0.00211336
10880, 0.00211353
10881, 0.00211370
10882, 0.00211387
10883, 0.00211405
10884, 0.00211422
10885, 0.00211439
10886, 0.00211456
10887, 0.00211473
10888, 0.00211491
10889, 0.00211508
10890, 0.00211525
10891, 0.00211543
10892, 0.00211560
10893, 0.00211577
10894, 0.00211595
10895, 0.00211612
10896, 0.00211629
10897, 0.00211646
10898, 0.00211663
10899, 0.00211681
10900, 0.00211699
10901, 0.00211716
10902, 0.00211734
10903, 0.00211751
10904, 0.00211769
10905, 0.00211786
10906, 0.00211803
10907, 0.00211821
10908, 0.00211838
10909, 0.00211856
10910, 0.00211873
10911, 0.00211891
10912, 0.00211909
10913, 0.00211926
10914, 0.00211944
10915, 0.00211962
10916, 0.00211980
10917, 0.00211997
10918, 0.00212015
10919, 0.00212033
10920, 0.00212050
10921, 0.00212068
10922, 0.00212086
10923, 0.00212767
10924, 0.00212817
10925, 0.00212850
10926, 0.00212880
10927, 0.00212904
10928, 0.00212932
10929, 0.00212958
10930, 0.00212986
10931, 0.00213010
10932, 0.00213035
10933, 0.00213060
10934, 0.00213088
10935, 0.00213116
10936, 0.00213140
10937, 0.00213167
10938, 0.00213192
10939, 0.00213216
10940, 0.00213240
10941, 0.00213263
10942, 0.00213287
10943, 0.00213313
10944, 0.00213339
10945, 0.00213364
10946, 0.00213387
10947, 0.00213414
10948, 0.00213445
10949, 0.00213477
10950, 0.00213506
10951, 0.00213530
10952, 0.00213553
10953, 0.00213576
10954, 0.00213602
10955, 0.00213628
10956, 0.00213655
10957, 0.00213681
10958, 0.00213708
10959, 0.00213740
10960, 0.00213764
10961, 0.00213791
10962, 0.00213816
10963, 0.00213844
10964, 0.00213869
10965, 0.00213890
10966, 0.00213917
10967, 0.00214207
10968, 0.00214237
10969, 0.00214259
10970, 0.00214288
10971, 0.00214313
10972, 0.00214337
10973, 0.00214358
10974, 0.00214379
10975, 0.00214404
10976, 0.00214429
10977, 0.00214460
10978, 0.00214487
10979, 0.00214511
10980, 0.00214537
10981, 0.00214558
10982, 0.00214584
10983, 0.00214608
10984, 0.00214629
10985, 0.00214650
10986, 0.00214674
10987, 0.00214699
10988, 0.00214725
10989, 0.00214753
10990, 0.00214780
10991, 0.00214807
10992, 0.00214834
10993, 0.00214859
10994, 0.00214880
10995, 0.00214906
10996, 0.00214933
10997, 0.00214955
10998, 0.00214984
10999, 0.00215012
11000, 0.00215040
11001, 0.00215068
11002, 0.00215100
11003, 0.00215126
11004, 0.00215152
11005, 0.00215178
11006, 0.00215207
11007, 0.00215232
11008, 0.00215256
11009, 0.00215284
11010, 0.00215312
11011, 0.00215339
11012, 0.00215368
11013, 0.00215393
11014, 0.00215416
11015, 0.00215436
11016, 0.00215459
11017, 0.00215489
11018, 0.00215511
11019, 0.00215534
11020, 0.00215559
11021, 0.00215587
11022, 0.00215615
11023, 0.00215643
11024, 0.00215667
11025, 0.00215687
11026, 0.00215714
11027, 0.00215742
11028, 0.00215771
11029, 0.00215797
11030, 0.00215824
11031, 0.00215852
11032, 0.00215880
11033, 0.00215909
11034, 0.00215942
11035, 0.00215978
11036, 0.00216014
11037, 0.00216061
11038, 0.00216085
11039, 0.00216106
11040, 0.00216127
11041, 0.00216189
11042, 0.00216206
11043, 0.00216224
11044, 0.00216241
11045, 0.00216259
11046, 0.00216277
11047, 0.00216295
11048, 0.00216312
11049, 0.00216330
11050, 0.00216347
11051, 0.00216364
11052, 0.00216382
11053, 0.00216399
11054, 0.00216416
11055, 0.00216434
11056, 0.00216452
11057, 0.00216469
11058, 0.00216486
11059, 0.00216503
11060, 0.00216520
11061, 0.00216537
11062, 0.00216555
11063, 0.00216572
11064, 0.00216590
11065, 0.00216607
11066, 0.00216624
11067, 0.00216642
11068, 0.00216659
11069, 0.00216677
11070, 0.00216694
11071, 0.00216711
11072, 0.00216727
11073, 0.00216745
11074, 0.00216762
11075, 0.00216779
11076, 0.00216796
11077, 0.00216813
11078, 0.00216830
11079, 0.00216847
11080, 0.00216864
11081, 0.00216881
11082, 0.00216898
11083, 0.00216915
11084, 0.00216933
11085, 0.00216950
11086, 0.00216967
11087, 0.00216984
11088, 0.00217001
11089, 0.00217018
11090, 0.00217035
11091, 0.00217052
11092, 0.00217070
11093, 0.00217322
11094, 0.00217342
11095, 0.00217359
11096, 0.00217377
11097, 0.00217395
11098, 0.00217414
11099, 0.00217431
11100, 0.00217449
11101, 0.00217466
11102, 0.00217483
11103, 0.00217501
11104, 0.00217519
11105, 0.00217536
11106, 0.00217553
11107, 0.00217571
11108, 0.00217588
11109, 0.00217605
11110, 0.00217623
11111, 0.00217647
11112, 0.00217665
11113, 0.00217682
11114, 0.00217699
11115, 0.00217717
11116, 0.00217734
11117, 0.00217752
11118, 0.00217769
11119, 0.00217793
11120, 0.00217811
11121, 0.00217828
11122, 0.00217846
11123, 0.00217863
11124, 0.00217880
11125, 0.00217897
11126, 0.00217915
11127, 0.00217941
11128, 0.00217958
11129, 0.00217976
11130, 0.00217993
11131, 0.00218010
11132, 0.00218027
11133, 0.00218045
11134, 0.00218062
11135, 0.00218088
11136, 0.00218106
11137, 0.00218123
11138, 0.00218141
11139, 0.00218158
11140, 0.00218176
11141, 0.00218193
11142, 0.00218210
11143, 0.00218235
11144, 0.00218252
11145, 0.00218269
11146, 0.00218287
11147, 0.00218304
11148, 0.00218322
11149, 0.00218339
11150, 0.00218357
11151, 0.00218380
11152, 0.00218398
11153, 0.00218415
11154, 0.00218432
11155, 0.00218450
11156, 0.00218467
11157, 0.00218485
11158, 0.00218502
11159, 0.00218521
11160, 0.00218538
11161, 0.00218556
11162, 0.00218573
11163, 0.00218591
11164, 0.00218608
11165, 0.00218626
11166, 0.00218643
11167, 0.00218668
11168, 0.00218685
11169, 0.00218703
11170, 0.00218720
11171, 0.00218738
11172, 0.00218755
11173, 0.00218772
11174, 0.00218790
11175, 0.00218814
11176, 0.00218832
11177, 0.00218849
11178, 0.00218867
11179, 0.00218884
11180, 0.00218901
11181, 0.00218919
11182, 0.00218936
11183, 0.00218961
11184, 0.00218979
11185, 0.00218996
11186, 0.00219013
11187, 0.00219031
11188, 0.00219048
11189, 0.00219066
11190, 0.00219083
11191, 0.00219100
11192, 0.00219118
11193, 0.00219135
11194, 0.00219152
11195, 0.00219170
11196, 0.00219187
11197, 0.00219204
11198, 0.00219221
11199, 0.00219239
11200, 0.00219256
11201, 0.00219274
11202, 0.00219291
11203, 0.00219308
11204, 0.00219326
11205, 0.00219343
11206, 0.00219360
11207, 0.00219378
11208, 0.00219395
11209, 0.00219414
11210, 0.00219432
11211, 0.00219449
11212, 0.00219466
11213, 0.00219484
11214, 0.00219502
11215, 0.00219519
11216, 0.00219537
11217, 0.00219554
11218, 0.00219574
11219, 0.00219796
11220, 0.00219816
11221, 0.00219834
11222, 0.00219852
11223, 0.00219869
11224, 0.00219887
11225, 0.00219905
11226, 0.00219923
11227, 0.00219940
11228, 0.00219958
11229, 0.00219975
11230, 0.00219993
11231, 0.00220011
11232, 0.00220028
11233, 0.00220046
11234, 0.00220063
11235, 0.00220081
11236, 0.00220099
11237, 0.00220117
11238, 0.00220134
11239, 0.00220152
11240, 0.00220170
11241, 0.00220187
11242, 0.00220205
11243, 0.00220222
11244, 0.00220240
11245, 0.00220258
11246, 0.00220275
11247, 0.00220293
11248, 0.00220310
11249, 0.00220327
11250, 0.00220345
11251, 0.00220363
11252, 0.00220380
11253, 0.00220397
11254, 0.00220415
11255, 0.00220432
11256, 0.00220450
11257, 0.00220467
11258, 0.00220484
11259, 0.00220502
11260, 0.00220519
11261, 0.00220536
11262, 0.00220554
11263, 0.00220571
11264, 0.00220589
11265, 0.00220606
11266, 0.00220624
11267, 0.00220641
11268, 0.00220659
11269, 0.00220676
11270, 0.00220693
11271, 0.00220717
11272, 0.00220735
11273, 0.00220752
11274, 0.00220770
11275, 0.00220787
11276, 0.00220805
11277, 0.00220822
11278, 0.00220839
11279, 0.00220857
11280, 0.00220875
11281, 0.00220892
11282, 0.00220910
11283, 0.00220927
11284, 0.00220945
11285, 0.00220962
11286, 0.00220979
11287, 0.00220996
11288, 0.00221014
11289, 0.00221031
11290, 0.00221049
11291, 0.00221066
11292, 0.00221083
11293, 0.00221101
11294, 0.00221119
11295, 0.00221136
11296, 0.00221154
11297, 0.00221171
11298, 0.00221188
11299, 0.00221206
11300, 0.00221223
11301, 0.00221241
11302, 0.00221258
11303, 0.00221276
11304, 0.00221293
11305, 0.00221311
11306, 0.00221328
11307, 0.00221346
11308, 0.00221363
11309, 0.00221381
11310, 0.00221398
11311, 0.00221416
11312, 0.00221433
11313, 0.00221450
11314, 0.00221468
11315, 0.00221485
11316, 0.00221503
11317, 0.00221520
11318, 0.00221538
11319, 0.00221556
11320, 0.00221575
11321, 0.00221593
11322, 0.00221610
11323, 0.00221627
11324, 0.00221645
11325, 0.00221662
11326, 0.00221679
11327, 0.00221697
11328, 0.00221714
11329, 0.00221732
11330, 0.00221749
11331, 0.00221766
11332, 0.00221784
11333, 0.00221801
11334, 0.00221818
11335, 0.00221835
11336, 0.00221853
11337, 0.00221871
11338, 0.00221888
11339, 0.00221905
11340, 0.00221923
11341, 0.00221940
11342, 0.00221957
11343, 0.00221975
11344, 0.00221994
11345, 0.00222234
11346, 0.00222255
11347, 0.00222273
11348, 0.00222291
11349, 0.00222308
11350, 0.00222326
11351, 0.00222344
11352, 0.00222361
11353, 0.00222379
11354, 0.00222396
11355, 0.00222414
11356, 0.00222432
11357, 0.00222450
11358, 0.00222468
11359, 0.00222486
11360, 0.00222504
11361, 0.00222522
11362, 0.00222540
11363, 0.00222558
11364, 0.00222575
11365, 0.00222593
11366, 0.00222610
11367, 0.00222628
11368, 0.00222645
11369, 0.00222663
11370, 0.00222680
11371, 0.00222698
11372, 0.00222716
11373, 0.00222733
11374, 0.00222751
11375, 0.00222768
11376, 0.00222787
11377, 0.00222805
11378, 0.00222823
11379, 0.00222841
11380, 0.00222859
11381, 0.00222878
11382, 0.00222896
11383, 0.00222914
11384, 0.00222932
11385, 0.00222950
11386, 0.00222968
11387, 0.00222986
11388, 0.00223005
11389, 0.00223023
11390, 0.00223041
11391, 0.00223059
11392, 0.00223077
11393, 0.00223096
11394, 0.00223114
11395, 0.00223132
11396, 0.00223150
11397, 0.00223168
11398, 0.00223186
11399, 0.00223203
11400, 0.00223221
11401, 0.00223238
11402, 0.00223256
11403, 0.00223273
11404, 0.00223290
11405, 0.00223308
11406, 0.00223325
11407, 0.00223343
11408, 0.00223360
11409, 0.00223378
11410, 0.00223395
11411, 0.00223413
11412, 0.00223431
11413, 0.00223448
11414, 0.00223465
11415, 0.00223483
11416, 0.00223500
11417, 0.00223517
11418, 0.00223535
11419, 0.00223552
11420, 0.00223569
11421, 0.00223587
11422, 0.00223604
11423, 0.00223622
11424, 0.00223639
11425, 0.00223656
11426, 0.00223674
11427, 0.00223691
11428, 0.00223709
11429, 0.00223726
11430, 0.00223743
11431, 0.00223761
11432, 0.00223778
11433, 0.00223795
11434, 0.00223813
11435, 0.00223830
11436, 0.00223848
11437, 0.00223865
11438, 0.00223883
11439, 0.00223900
11440, 0.00223918
11441, 0.00223935
11442, 0.00223953
11443, 0.00223972
11444, 0.00223990
11445, 0.00224008
11446, 0.00224026
11447, 0.00224044
11448, 0.00224062
11449, 0.00224080
11450, 0.00224099
11451, 0.00224117
11452, 0.00224135
11453, 0.00224153
11454, 0.00224171
11455, 0.00224189
11456, 0.00224207
11457, 0.00224225
11458, 0.00224244
11459, 0.00224262
11460, 0.00224280
11461, 0.00224298
11462, 0.00224316
11463, 0.00224335
11464, 0.00224353
11465, 0.00224371
11466, 0.00224389
11467, 0.00224407
11468, 0.00224426
11469, 0.00224444
11470, 0.00224463
11471, 0.00224690
11472, 0.00224711
11473, 0.00224731
11474, 0.00224750
11475, 0.00224769
11476, 0.00224788
11477, 0.00224807
11478, 0.00224825
11479, 0.00224843
11480, 0.00224861
11481, 0.00224879
11482, 0.00224898
11483, 0.00224916
11484, 0.00224934
11485, 0.00224953
11486, 0.00224971
11487, 0.00224989
11488, 0.00225008
11489, 0.00225026
11490, 0.00225044
11491, 0.00225062
11492, 0.00225081
11493, 0.00225099
11494, 0.00225117
11495, 0.00225135
11496, 0.00225154
11497, 0.00225172
11498, 0.00225190
11499, 0.00225208
11500, 0.00225227
11501, 0.00225245
11502, 0.00225263
11503, 0.00225281
11504, 0.00225300
11505, 0.00225318
11506, 0.00225336
11507, 0.00225355
11508, 0.00225373
11509, 0.00225391
11510, 0.00225409
11511, 0.00225427
11512, 0.00225446
11513, 0.00225464
11514, 0.00225482
11515, 0.00225500
11516, 0.00225519
11517, 0.00225537
11518, 0.00225555
11519, 0.00225574
11520, 0.00225592
11521, 0.00225610
11522, 0.00225629
11523, 0.00225647
11524, 0.00225666
11525, 0.00225684
11526, 0.00225703
11527, 0.00225721
11528, 0.00225739
11529, 0.00225758
11530, 0.00225776
11531, 0.00225794
11532, 0.00225813
11533, 0.00225831
11534, 0.00225849
11535, 0.00225868
11536, 0.00225886
11537, 0.00225905
11538, 0.00225923
11539, 0.00225941
11540, 0.00225959
11541, 0.00225978
11542, 0.00225996
11543, 0.00226014
11544, 0.00226033
11545, 0.00226051
11546, 0.00226069
11547, 0.00226087
11548, 0.00226106
11549, 0.00226124
11550, 0.00226142
11551, 0.00226160
11552, 0.00226178
11553, 0.00226196
11554, 0.00226215
11555, 0.00226233
11556, 0.00226251
11557, 0.00226269
11558, 0.00226288
11559, 0.00226306
11560, 0.00226324
11561, 0.00226342
11562, 0.00226361
11563, 0.00226379
11564, 0.00226397
11565, 0.00226415
11566, 0.00226433
11567, 0.00226452
11568, 0.00226470
11569, 0.00226488
11570, 0.00226506
11571, 0.00226525
11572, 0.00226543
11573, 0.00226561
11574, 0.00226580
11575, 0.00226598
11576, 0.00226616
11577, 0.00226634
11578, 0.00226652
11579, 0.00226671
11580, 0.00226689
11581, 0.00226707
11582, 0.00226725
11583, 0.00226744
11584, 0.00226762
11585, 0.00226780
11586, 0.00226798
11587, 0.00226817
11588, 0.00226835
11589, 0.00226853
11590, 0.00226871
11591, 0.00226890
11592, 0.00226908
11593, 0.00226926
11594, 0.00226944
11595, 0.00226962
11596, 0.00226982
11597, 0.00227205
11598, 0.00227225
11599, 0.00227244
11600, 0.00227262
11601, 0.00227280
11602, 0.00227298
11603, 0.00227317
11604, 0.00227335
11605, 0.00227353
11606, 0.00227371
11607, 0.00227389
11608, 0.00227407
11609, 0.00227426
11610, 0.00227444
11611, 0.00227462
11612, 0.00227480
11613, 0.00227498
11614, 0.00227516
11615, 0.00227534
11616, 0.00227553
11617, 0.00227571
11618, 0.00227589
11619, 0.00227607
11620, 0.00227625
11621, 0.00227644
11622, 0.00227662
11623, 0.00227680
11624, 0.00227698
11625, 0.00227716
11626, 0.00227734
11627, 0.00227753
11628, 0.00227771
11629, 0.00227789
11630, 0.00227807
11631, 0.00227825
11632, 0.00227844
11633, 0.00227862
11634, 0.00227880
11635, 0.00227899
11636, 0.00227917
11637, 0.00227935
11638, 0.00227953
11639, 0.00227972
11640, 0.00227990
11641, 0.00228008
11642, 0.00228027
11643, 0.00228045
11644, 0.00228063
11645, 0.00228082
11646, 0.00228100
11647, 0.00228118
11648, 0.00228137
11649, 0.00228155
11650, 0.00228173
11651, 0.00228191
11652, 0.00228209
11653, 0.00228227
11654, 0.00228245
11655, 0.00228264
11656, 0.00228282
11657, 0.00228300
11658, 0.00228319
11659, 0.00228337
11660, 0.00228355
11661, 0.00228373
11662, 0.00228392
11663, 0.00228410
11664, 0.00228428
11665, 0.00228446
11666, 0.00228465
11667, 0.00228483
11668, 0.00228501
11669, 0.00228519
11670, 0.00228538
11671, 0.00228556
11672, 0.00228574
11673, 0.00228592
11674, 0.00228610
11675, 0.00228627
11676, 0.00228645
11677, 0.00228662
11678, 0.00228679
11679, 0.00228697
11680, 0.00228714
11681, 0.00228731
11682, 0.00228748
11683, 0.00228765
11684, 0.00228783
11685, 0.00228800
11686, 0.00228819
11687, 0.00228837
11688, 0.00228854
11689, 0.00228872
11690, 0.00228889
11691, 0.00228906
11692, 0.00228924
11693, 0.00228941
11694, 0.00228958
11695, 0.00228976
11696, 0.00228993
11697, 0.00229010
11698, 0.00229027
11699, 0.00229045
11700, 0.00229062
11701, 0.00229079
11702, 0.00229097
11703, 0.00229114
11704, 0.00229131
11705, 0.00229149
11706, 0.00229167
11707, 0.00229184
11708, 0.00229202
11709, 0.00229219
11710, 0.00229236
11711, 0.00229253
11712, 0.00229270
11713, 0.00229288
11714, 0.00229305
11715, 0.00229322
11716, 0.00229339
11717, 0.00229357
11718, 0.00229374
11719, 0.00229391
11720, 0.00229408
11721, 0.00229425
11722, 0.00229444
11723, 0.00229677
11724, 0.00229697
11725, 0.00229715
11726, 0.00229733
11727, 0.00229751
11728, 0.00229768
11729, 0.00229786
11730, 0.00229804
11731, 0.00229823
11732, 0.00229841
11733, 0.00229858
11734, 0.00229877
11735, 0.00229894
11736, 0.00229912
11737, 0.00229929
11738, 0.00229946
11739, 0.00229964
11740, 0.00229982
11741, 0.00229999
11742, 0.00230017
11743, 0.00230034
11744, 0.00230051
11745, 0.00230069
11746, 0.00230086
11747, 0.00230104
11748, 0.00230121
11749, 0.00230139
11750, 0.00230156
11751, 0.00230173
11752, 0.00230191
11753, 0.00230208
11754, 0.00230226
11755, 0.00230243
11756, 0.00230260
11757, 0.00230277
11758, 0.00230294
11759, 0.00230311
11760, 0.00230330
11761, 0.00230348
11762, 0.00230366
11763, 0.00230384
11764, 0.00230402
11765, 0.00230419
11766, 0.00230436
11767, 0.00230454
11768, 0.00230471
11769, 0.00230489
11770, 0.00230507
11771, 0.00230524
11772, 0.00230542
11773, 0.00230559
11774, 0.00230577
11775, 0.00230594
11776, 0.00230612
11777, 0.00230629
11778, 0.00230647
11779, 0.00230664
11780, 0.00230682
11781, 0.00230699
11782, 0.00230717
11783, 0.00230741
11784, 0.00230758
11785, 0.00230776
11786, 0.00230793
11787, 0.00230811
11788, 0.00230828
11789, 0.00230845
11790, 0.00230863
11791, 0.00230890
11792, 0.00230907
11793, 0.00230924
11794, 0.00230942
11795, 0.00230959
11796, 0.00230977
11797, 0.00230994
11798, 0.00231012
11799, 0.00231030
11800, 0.00231047
11801, 0.00231064
11802, 0.00231082
11803, 0.00231099
11804, 0.00231117
11805, 0.00231134
11806, 0.00231151
11807, 0.00231168
11808, 0.00231186
11809, 0.00231204
11810, 0.00231221
11811, 0.00231238
11812, 0.00231256
11813, 0.00231274
11814, 0.00231291
11815, 0.00231308
11816, 0.00231325
11817, 0.00231343
11818, 0.00231360
11819, 0.00231377
11820, 0.00231395
11821, 0.00231412
11822, 0.00231429
11823, 0.00231447
11824, 0.00231464
11825, 0.00231481
11826, 0.00231499
11827, 0.00231516
11828, 0.00231534
11829, 0.00231551
11830, 0.00231569
11831, 0.00231586
11832, 0.00231604
11833, 0.00231621
11834, 0.00231639
11835, 0.00231656
11836, 0.00231674
11837, 0.00231691
11838, 0.00231708
11839, 0.00231726
11840, 0.00231743
11841, 0.00231761
11842, 0.00231778
11843, 0.00231796
11844, 0.00231813
11845, 0.00231830
11846, 0.00231847
11847, 0.00231865
11848, 0.00231883
11849, 0.00232110
11850, 0.00232130
11851, 0.00232147
11852, 0.00232165
11853, 0.00232183
11854, 0.00232200
11855, 0.00232218
11856, 0.00232236
11857, 0.00232253
11858, 0.00232271
11859, 0.00232289
11860, 0.00232306
11861, 0.00232324
11862, 0.00232341
11863, 0.00232359
11864, 0.00232377
11865, 0.00232394
11866, 0.00232412
11867, 0.00232430
11868, 0.00232448
11869, 0.00232465
11870, 0.00232483
11871, 0.00232501
11872, 0.00232518
11873, 0.00232535
11874, 0.00232553
11875, 0.00232570
11876, 0.00232588
11877, 0.00232606
11878, 0.00232623
11879, 0.00232641
11880, 0.00232658
11881, 0.00232675
11882, 0.00232693
11883, 0.00232711
11884, 0.00232728
11885, 0.00232746
11886, 0.00232763
11887, 0.00232781
11888, 0.00232798
11889, 0.00232816
11890, 0.00232833
11891, 0.00232851
11892, 0.00232868
11893, 0.00232886
11894, 0.00232904
11895, 0.00232921
11896, 0.00232939
11897, 0.00232956
11898, 0.00232974
11899, 0.00232991
11900, 0.00233009
11901, 0.00233026
11902, 0.00233044
11903, 0.00233061
11904, 0.00233078
11905, 0.00233096
11906, 0.00233113
11907, 0.00233131
11908, 0.00233148
11909, 0.00233166
11910, 0.00233183
11911, 0.00233201
11912, 0.00233218
11913, 0.00233236
11914, 0.00233253
11915, 0.00233271
11916, 0.00233288
11917, 0.00233306
11918, 0.00233323
11919, 0.00233341
11920, 0.00233358
11921, 0.00233376
11922, 0.00233393
11923, 0.00233410
11924, 0.00233428
11925, 0.00233445
11926, 0.00233462
11927, 0.00233480
11928, 0.00233497
11929, 0.00233514
11930, 0.00233531
11931, 0.00233549
11932, 0.00233566
11933, 0.00233583
11934, 0.00233601
11935, 0.00233619
11936, 0.00233636
11937, 0.00233654
11938, 0.00233671
11939, 0.00233688
11940, 0.00233706
11941, 0.00233723
11942, 0.00233740
11943, 0.00233758
11944, 0.00233775
11945, 0.00233792
11946, 0.00233809
11947, 0.00233827
11948, 0.00233844
11949, 0.00233861
11950, 0.00233879
11951, 0.00233896
11952, 0.00233914
11953, 0.00233931
11954, 0.00233948
11955, 0.00233965
11956, 0.00233983
11957, 0.00234000
11958, 0.00234017
11959, 0.00234034
11960, 0.00234051
11961, 0.00234069
11962, 0.00234086
11963, 0.00234103
11964, 0.00234120
11965, 0.00234137
11966, 0.00234154
11967, 0.00234172
11968, 0.00234189
11969, 0.00234206
11970, 0.00234223
11971, 0.00234241
11972, 0.00234259
11973, 0.00234276
11974, 0.00234294
11975, 0.00234520
11976, 0.00234540
11977, 0.00234559
11978, 0.00234578
11979, 0.00234596
11980, 0.00234613
11981, 0.00234631
11982, 0.00234649
11983, 0.00234666
11984, 0.00234683
11985, 0.00234701
11986, 0.00234719
11987, 0.00234737
11988, 0.00234754
11989, 0.00234772
11990, 0.00234790
11991, 0.00234807
11992, 0.00234825
11993, 0.00234843
11994, 0.00234860
11995, 0.00234878
11996, 0.00234896
11997, 0.00234914
11998, 0.00234932
11999, 0.00234951
12000, 0.00234968
12001, 0.00234986
12002, 0.00235003
12003, 0.00235020
12004, 0.00235037
12005, 0.00235054
12006, 0.00235071
12007, 0.00235089
12008, 0.00235106
12009, 0.00235123
12010, 0.00235140
12011, 0.00235157
12012, 0.00235174
12013, 0.00235191
12014, 0.00235209
12015, 0.00235226
12016, 0.00235243
12017, 0.00235260
12018, 0.00235277
12019, 0.00235295
12020, 0.00235312
12021, 0.00235329
12022, 0.00235346
12023, 0.00235363
12024, 0.00235380
12025, 0.00235397
12026, 0.00235414
12027, 0.00235431
12028, 0.00235449
12029, 0.00235466
12030, 0.00235483
12031, 0.00235500
12032, 0.00235518
12033, 0.00235535
12034, 0.00235552
12035, 0.00235569
12036, 0.00235586
12037, 0.00235604
12038, 0.00235621
12039, 0.00235638
12040, 0.00235655
12041, 0.00235672
12042, 0.00235689
12043, 0.00235706
12044, 0.00235724
12045, 0.00235741
12046, 0.00235759
12047, 0.00235776
12048, 0.00235794
12049, 0.00235811
12050, 0.00235829
12051, 0.00235846
12052, 0.00235863
12053, 0.00235881
12054, 0.00235898
12055, 0.00235915
12056, 0.00235933
12057, 0.00235950
12058, 0.00235967
12059, 0.00235984
12060, 0.00236001
12061, 0.00236019
12062, 0.00236036
12063, 0.00236053
12064, 0.00236071
12065, 0.00236088
12066, 0.00236105
12067, 0.00236123
12068, 0.00236140
12069, 0.00236157
12070, 0.00236175
12071, 0.00236192
12072, 0.00236209
12073, 0.00236226
12074, 0.00236243
12075, 0.00236261
12076, 0.00236279
12077, 0.00236296
12078, 0.00236313
12079, 0.00236331
12080, 0.00236348
12081, 0.00236365
12082, 0.00236382
12083, 0.00236400
12084, 0.00236417
12085, 0.00236435
12086, 0.00236452
12087, 0.00236470
12088, 0.00236487
12089, 0.00236504
12090, 0.00236521
12091, 0.00236538
12092, 0.00236555
12093, 0.00236573
12094, 0.00236591
12095, 0.00236608
12096, 0.00236625
12097, 0.00236642
12098, 0.00236659
12099, 0.00236677
12100, 0.00236695
12101, 0.00237213
12102, 0.00237235
12103, 0.00237253
12104, 0.00237271
12105, 0.00237288
12106, 0.00237306
12107, 0.00237324
12108, 0.00237341
12109, 0.00237359
12110, 0.00237377
12111, 0.00237395
12112, 0.00237413
12113, 0.00237430
12114, 0.00237448
12115, 0.00237465
12116, 0.00237483
12117, 0.00237500
12118, 0.00237518
12119, 0.00237536
12120, 0.00237553
12121, 0.00237571
12122, 0.00237589
12123, 0.00237606
12124, 0.00237624
12125, 0.00237642
12126, 0.00237659
12127, 0.00237677
12128, 0.00237695
12129, 0.00237712
12130, 0.00237729
12131, 0.00237746
12132, 0.00237763
12133, 0.00237780
12134, 0.00237798
12135, 0.00237815
12136, 0.00237832
12137, 0.00237850
12138, 0.00237867
12139, 0.00237884
12140, 0.00237901
12141, 0.00237918
12142, 0.00237936
12143, 0.00237957
12144, 0.00237976
12145, 0.00237993
12146, 0.00238011
12147, 0.00238030
12148, 0.00238048
12149, 0.00238066
12150, 0.00238083
12151, 0.00238100
12152, 0.00238118
12153, 0.00238135
12154, 0.00238153
12155, 0.00238170
12156, 0.00238187
12157, 0.00238204
12158, 0.00238221
12159, 0.00238239
12160, 0.00238257
12161, 0.00238274
12162, 0.00238291
12163, 0.00238309
12164, 0.00238327
12165, 0.00238344
12166, 0.00238361
12167, 0.00238378
12168, 0.00238396
12169, 0.00238413
12170, 0.00238430
12171, 0.00238448
12172, 0.00238469
12173, 0.00238486
12174, 0.00238503
12175, 0.00238520
12176, 0.00238537
12177, 0.00238554
12178, 0.00238572
12179, 0.00238590
12180, 0.00238607
12181, 0.00238625
12182, 0.00238643
12183, 0.00238660
12184, 0.00238678
12185, 0.00238695
12186, 0.00238712
12187, 0.00238730
12188, 0.00238747
12189, 0.00238764
12190, 0.00238782
12191, 0.00238799
12192, 0.00238816
12193, 0.00238834
12194, 0.00238851
12195, 0.00238869
12196, 0.00238887
12197, 0.00238904
12198, 0.00238921
12199, 0.00238938
12200, 0.00238956
12201, 0.00238973
12202, 0.00238990
12203, 0.00239008
12204, 0.00239025
12205, 0.00239042
12206, 0.00239059
12207, 0.00239076
12208, 0.00239094
12209, 0.00239111
12210, 0.00239128
12211, 0.00239145
12212, 0.00239163
12213, 0.00239180
12214, 0.00239197
12215, 0.00239214
12216, 0.00239232
12217, 0.00239249
12218, 0.00239266
12219, 0.00239284
12220, 0.00239301
12221, 0.00239318
12222, 0.00239336
12223, 0.00239353
12224, 0.00239370
12225, 0.00239388
12226, 0.00239407
12227, 0.00239630
12228, 0.00239651
12229, 0.00239669
12230, 0.00239688
12231, 0.00239706
12232, 0.00239724
12233, 0.00239742
12234, 0.00239760
12235, 0.00239777
12236, 0.00239795
12237, 0.00239812
12238, 0.00239830
12239, 0.00239848
12240, 0.00239866
12241, 0.00239884
12242, 0.00239901
12243, 0.00239919
12244, 0.00239937
12245, 0.00239954
12246, 0.00239972
12247, 0.00239989
12248, 0.00240007
12249, 0.00240024
12250, 0.00240041
12251, 0.00240058
12252, 0.00240076
12253, 0.00240093
12254, 0.00240111
12255, 0.00240128
12256, 0.00240146
12257, 0.00240163
12258, 0.00240180
12259, 0.00240197
12260, 0.00240214
12261, 0.00240232
12262, 0.00240249
12263, 0.00240266
12264, 0.00240284
12265, 0.00240301
12266, 0.00240318
12267, 0.00240336
12268, 0.00240353
12269, 0.00240370
12270, 0.00240386
12271, 0.00240404
12272, 0.00240421
12273, 0.00240438
12274, 0.00240455
12275, 0.00240472
12276, 0.00240489
12277, 0.00240506
12278, 0.00240523
12279, 0.00240540
12280, 0.00240557
12281, 0.00240574
12282, 0.00240591
12283, 0.00240609
12284, 0.00240626
12285, 0.00240643
12286, 0.00240660
12287, 0.00240678
12288, 0.00240695
12289, 0.00240712
12290, 0.00240729
12291, 0.00240746
12292, 0.00240763
12293, 0.00240780
12294, 0.00240797
12295, 0.00240822
12296, 0.00240839
12297, 0.00240855
12298, 0.00240872
12299, 0.00240889
12300, 0.00240907
12301, 0.00240924
12302, 0.00240941
12303, 0.00240964
12304, 0.00240982
12305, 0.00241000
12306, 0.00241018
12307, 0.00241037
12308, 0.00241055
12309, 0.00241073
12310, 0.00241091
12311, 0.00241109
12312, 0.00241126
12313, 0.00241143
12314, 0.00241161
12315, 0.00241178
12316, 0.00241195
12317, 0.00241212
12318, 0.00241230
12319, 0.00241246
12320, 0.00241264
12321, 0.00241281
12322, 0.00241298
12323, 0.00241315
12324, 0.00241332
12325, 0.00241349
12326, 0.00241366
12327, 0.00241383
12328, 0.00241400
12329, 0.00241417
12330, 0.00241434
12331, 0.00241450
12332, 0.00241467
12333, 0.00241484
12334, 0.00241501
12335, 0.00241518
12336, 0.00241536
12337, 0.00241553
12338, 0.00241570
12339, 0.00241587
12340, 0.00241605
12341, 0.00241622
12342, 0.00241639
12343, 0.00241657
12344, 0.00241674
12345, 0.00241691
12346, 0.00241708
12347, 0.00241725
12348, 0.00241742
12349, 0.00241759
12350, 0.00241776
12351, 0.00241793
12352, 0.00241812
12353, 0.00242038
12354, 0.00242059
12355, 0.00242077
12356, 0.00242095
12357, 0.00242113
12358, 0.00242132
12359, 0.00242150
12360, 0.00242168
12361, 0.00242186
12362, 0.00242205
12363, 0.00242223
12364, 0.00242241
12365, 0.00242260
12366, 0.00242278
12367, 0.00242296
12368, 0.00242314
12369, 0.00242333
12370, 0.00242351
12371, 0.00242371
12372, 0.00242390
12373, 0.00242408
12374, 0.00242426
12375, 0.00242445
12376, 0.00242463
12377, 0.00242480
12378, 0.00242498
12379, 0.00242516
12380, 0.00242535
12381, 0.00242553
12382, 0.00242571
12383, 0.00242589
12384, 0.00242607
12385, 0.00242626
12386, 0.00242644
12387, 0.00242662
12388, 0.00242681
12389, 0.00242699
12390, 0.00242718
12391, 0.00242736
12392, 0.00242755
12393, 0.00242773
12394, 0.00242791
12395, 0.00242810
12396, 0.00242828
12397, 0.00242847
12398, 0.00242865
12399, 0.00242883
12400, 0.00242901
12401, 0.00242919
12402, 0.00242937
12403, 0.00242956
12404, 0.00242974
12405, 0.00242992
12406, 0.00243011
12407, 0.00243029
12408, 0.00243047
12409, 0.00243065
12410, 0.00243084
12411, 0.00243102
12412, 0.00243120
12413, 0.00243138
12414, 0.00243157
12415, 0.00243175
12416, 0.00243193
12417, 0.00243211
12418, 0.00243229
12419, 0.00243248
12420, 0.00243266
12421, 0.00243284
12422, 0.00243303
12423, 0.00243321
12424, 0.00243339
12425, 0.00243358
12426, 0.00243376
12427, 0.00243394
12428, 0.00243412
12429, 0.00243430
12430, 0.00243449
12431, 0.00243467
12432, 0.00243486
12433, 0.00243504
12434, 0.00243523
12435, 0.00243541
12436, 0.00243559
12437, 0.00243577
12438, 0.00243595
12439, 0.00243614
12440, 0.00243632
12441, 0.00243650
12442, 0.00243668
12443, 0.00243687
12444, 0.00243705
12445, 0.00243724
12446, 0.00243742
12447, 0.00243761
12448, 0.00243779
12449, 0.00243798
12450, 0.00243816
12451, 0.00243834
12452, 0.00243852
12453, 0.00243871
12454, 0.00243889
12455, 0.00243907
12456, 0.00243926
12457, 0.00243944
12458, 0.00243961
12459, 0.00243979
12460, 0.00243996
12461, 0.00244013
12462, 0.00244031
12463, 0.00244048
12464, 0.00244067
12465, 0.00244085
12466, 0.00244103
12467, 0.00244121
12468, 0.00244139
12469, 0.00244157
12470, 0.00244175
12471, 0.00244193
12472, 0.00244210
12473, 0.00244228
12474, 0.00244245
12475, 0.00244262
12476, 0.00244279
12477, 0.00244297
12478, 0.00244315
12479, 0.00244539
12480, 0.00244559
12481, 0.00244578
12482, 0.00244596
12483, 0.00244615
12484, 0.00244633
12485, 0.00244651
12486, 0.00244669
12487, 0.00244688
12488, 0.00244706
12489, 0.00244724
12490, 0.00244743
12491, 0.00244761
12492, 0.00244780
12493, 0.00244799
12494, 0.00244817
12495, 0.00244835
12496, 0.00244854
12497, 0.00244872
12498, 0.00244890
12499, 0.00244909
12500, 0.00244933
12501, 0.00244951
12502, 0.00244969
12503, 0.00244988
12504, 0.00245006
12505, 0.00245024
12506, 0.00245042
12507, 0.00245061
12508, 0.00245079
12509, 0.00245097
12510, 0.00245116
12511, 0.00245134
12512, 0.00245152
12513, 0.00245170
12514, 0.00245189
12515, 0.00245207
12516, 0.00245225
12517, 0.00245243
12518, 0.00245262
12519, 0.00245280
12520, 0.00245298
12521, 0.00245317
12522, 0.00245335
12523, 0.00245353
12524, 0.00245371
12525, 0.00245389
12526, 0.00245408
12527, 0.00245426
12528, 0.00245444
12529, 0.00245462
12530, 0.00245481
12531, 0.00245499
12532, 0.00245517
12533, 0.00245535
12534, 0.00245554
12535, 0.00245572
12536, 0.00245590
12537, 0.00245608
12538, 0.00245627
12539, 0.00245645
12540, 0.00245663
12541, 0.00245681
12542, 0.00245698
12543, 0.00245716
12544, 0.00245733
12545, 0.00245751
12546, 0.00245768
12547, 0.00245785
12548, 0.00245802
12549, 0.00245820
12550, 0.00245837
12551, 0.00245855
12552, 0.00245872
12553, 0.00245890
12554, 0.00245908
12555, 0.00245926
12556, 0.00245944
12557, 0.00245961
12558, 0.00245978
12559, 0.00245996
12560, 0.00246013
12561, 0.00246031
12562, 0.00246048
12563, 0.00246065
12564, 0.00246082
12565, 0.00246100
12566, 0.00246118
12567, 0.00246135
12568, 0.00246152
12569, 0.00246169
12570, 0.00246186
12571, 0.00246203
12572, 0.00246220
12573, 0.00246237
12574, 0.00246254
12575, 0.00246272
12576, 0.00246289
12577, 0.00246306
12578, 0.00246324
12579, 0.00246342
12580, 0.00246359
12581, 0.00246376
12582, 0.00246393
12583, 0.00246410
12584, 0.00246427
12585, 0.00246445
12586, 0.00246462
12587, 0.00246479
12588, 0.00246497
12589, 0.00246514
12590, 0.00246531
12591, 0.00246549
12592, 0.00246566
12593, 0.00246583
12594, 0.00246600
12595, 0.00246617
12596, 0.00246634
12597, 0.00246652
12598, 0.00246669
12599, 0.00246686
12600, 0.00246704
12601, 0.00246721
12602, 0.00246739
12603, 0.00246756
12604, 0.00246775
12605, 0.00247017
12606, 0.00247038
12607, 0.00247055
12608, 0.00247072
12609, 0.00247090
12610, 0.00247107
12611, 0.00247125
12612, 0.00247142
12613, 0.00247160
12614, 0.00247177
12615, 0.00247195
12616, 0.00247212
12617, 0.00247230
12618, 0.00247247
12619, 0.00247265
12620, 0.00247282
12621, 0.00247299
12622, 0.00247317
12623, 0.00247335
12624, 0.00247352
12625, 0.00247370
12626, 0.00247387
12627, 0.00247404
12628, 0.00247422
12629, 0.00247439
12630, 0.00247457
12631, 0.00247475
12632, 0.00247492
12633, 0.00247509
12634, 0.00247527
12635, 0.00247544
12636, 0.00247561
12637, 0.00247578
12638, 0.00247595
12639, 0.00247613
12640, 0.00247631
12641, 0.00247649
12642, 0.00247666
12643, 0.00247684
12644, 0.00247701
12645, 0.00247719
12646, 0.00247737
12647, 0.00247755
12648, 0.00247773
12649, 0.00247790
12650, 0.00247807
12651, 0.00247825
12652, 0.00247842
12653, 0.00247859
12654, 0.00247876
12655, 0.00247893
12656, 0.00247912
12657, 0.00247930
12658, 0.00247948
12659, 0.00247966
12660, 0.00247983
12661, 0.00248000
12662, 0.00248018
12663, 0.00248035
12664, 0.00248052
12665, 0.00248070
12666, 0.00248087
12667, 0.00248104
12668, 0.00248122
12669, 0.00248139
12670, 0.00248156
12671, 0.00248174
12672, 0.00248190
12673, 0.00248208
12674, 0.00248225
12675, 0.00248242
12676, 0.00248259
12677, 0.00248276
12678, 0.00248294
12679, 0.00248311
12680, 0.00248328
12681, 0.00248346
12682, 0.00248363
12683, 0.00248380
12684, 0.00248398
12685, 0.00248415
12686, 0.00248432
12687, 0.00248449
12688, 0.00248466
12689, 0.00248484
12690, 0.00248502
12691, 0.00248519
12692, 0.00248536
12693, 0.00248553
12694, 0.00248570
12695, 0.00248588
12696, 0.00248605
12697, 0.00248622
12698, 0.00248640
12699, 0.00248657
12700, 0.00248675
12701, 0.00248692
12702, 0.00248710
12703, 0.00248727
12704, 0.00248744
12705, 0.00248762
12706, 0.00248779
12707, 0.00248796
12708, 0.00248814
12709, 0.00248831
12710, 0.00248848
12711, 0.00248865
12712, 0.00248883
12713, 0.00248901
12714, 0.00248918
12715, 0.00248935
12716, 0.00248953
12717, 0.00248970
12718, 0.00248988
12719, 0.00249006
12720, 0.00249023
12721, 0.00249041
12722, 0.00249058
12723, 0.00249076
12724, 0.00249094
12725, 0.00249112
12726, 0.00249130
12727, 0.00249148
12728, 0.00249166
12729, 0.00249184
12730, 0.00249204
12731, 0.00249430
12732, 0.00249451
12733, 0.00249469
12734, 0.00249487
12735, 0.00249505
12736, 0.00249524
12737, 0.00249542
12738, 0.00249560
12739, 0.00249579
12740, 0.00249597
12741, 0.00249615
12742, 0.00249633
12743, 0.00249652
12744, 0.00249670
12745, 0.00249688
12746, 0.00249706
12747, 0.00249724
12748, 0.00249742
12749, 0.00249760
12750, 0.00249778
12751, 0.00249796
12752, 0.00249814
12753, 0.00249832
12754, 0.00249850
12755, 0.00249868
12756, 0.00249887
12757, 0.00249905
12758, 0.00249923
12759, 0.00249941
12760, 0.00249958
12761, 0.00249976
12762, 0.00249994
12763, 0.00250012
12764, 0.00250030
12765, 0.00250048
12766, 0.00250066
12767, 0.00250084
12768, 0.00250103
12769, 0.00250121
12770, 0.00250139
12771, 0.00250157
12772, 0.00250175
12773, 0.00250193
12774, 0.00250211
12775, 0.00250229
12776, 0.00250248
12777, 0.00250266
12778, 0.00250284
12779, 0.00250302
12780, 0.00250320
12781, 0.00250338
12782, 0.00250356
12783, 0.00250374
12784, 0.00250392
12785, 0.00250410
12786, 0.00250428
12787, 0.00250446
12788, 0.00250465
12789, 0.00250483
12790, 0.00250501
12791, 0.00250519
12792, 0.00250537
12793, 0.00250555
12794, 0.00250572
12795, 0.00250590
12796, 0.00250607
12797, 0.00250624
12798, 0.00250642
12799, 0.00250668
12800, 0.00250685
12801, 0.00250702
12802, 0.00250720
12803, 0.00250738
12804, 0.00250755
12805, 0.00250772
12806, 0.00250790
12807, 0.00250814
12808, 0.00250832
12809, 0.00250849
12810, 0.00250867
12811, 0.00250884
12812, 0.00250901
12813, 0.00250919
12814, 0.00250936
12815, 0.00250954
12816, 0.00250971
12817, 0.00250989
12818, 0.00251006
12819, 0.00251023
12820, 0.00251041
12821, 0.00251058
12822, 0.00251076
12823, 0.00251093
12824, 0.00251111
12825, 0.00251128
12826, 0.00251146
12827, 0.00251163
12828, 0.00251181
12829, 0.00251198
12830, 0.00251215
12831, 0.00251233
12832, 0.00251250
12833, 0.00251267
12834, 0.00251285
12835, 0.00251303
12836, 0.00251320
12837, 0.00251337
12838, 0.00251355
12839, 0.00251372
12840, 0.00251390
12841, 0.00251407
12842, 0.00251424
12843, 0.00251442
12844, 0.00251459
12845, 0.00251477
12846, 0.00251494
12847, 0.00251512
12848, 0.00251529
12849, 0.00251547
12850, 0.00251564
12851, 0.00251582
12852, 0.00251599
12853, 0.00251617
12854, 0.00251634
12855, 0.00251652
12856, 0.00251670
12857, 0.00251905
12858, 0.00251925
12859, 0.00251943
12860, 0.00251961
12861, 0.00251979
12862, 0.00251996
12863, 0.00252014
12864, 0.00252031
12865, 0.00252049
12866, 0.00252067
12867, 0.00252084
12868, 0.00252102
12869, 0.00252119
12870, 0.00252137
12871, 0.00252162
12872, 0.00252180
12873, 0.00252197
12874, 0.00252215
12875, 0.00252232
12876, 0.00252250
12877, 0.00252267
12878, 0.00252285
12879, 0.00252302
12880, 0.00252320
12881, 0.00252338
12882, 0.00252355
12883, 0.00252373
12884, 0.00252390
12885, 0.00252408
12886, 0.00252425
12887, 0.00252443
12888, 0.00252461
12889, 0.00252479
12890, 0.00252496
12891, 0.00252513
12892, 0.00252530
12893, 0.00252547
12894, 0.00252565
12895, 0.00252582
12896, 0.00252600
12897, 0.00252617
12898, 0.00252634
12899, 0.00252651
12900, 0.00252669
12901, 0.00252686
12902, 0.00252703
12903, 0.00252721
12904, 0.00252738
12905, 0.00252755
12906, 0.00252772
12907, 0.00252790
12908, 0.00252807
12909, 0.00252824
12910, 0.00252842
12911, 0.00252859
12912, 0.00252876
12913, 0.00252894
12914, 0.00252911
12915, 0.00252928
12916, 0.00252945
12917, 0.00252962
12918, 0.00252980
12919, 0.00252997
12920, 0.00253014
12921, 0.00253032
12922, 0.00253049
12923, 0.00253067
12924, 0.00253084
12925, 0.00253101
12926, 0.00253119
12927, 0.00253136
12928, 0.00253153
12929, 0.00253170
12930, 0.00253188
12931, 0.00253205
12932, 0.00253222
12933, 0.00253239
12934, 0.00253257
12935, 0.00253274
12936, 0.00253291
12937, 0.00253308
12938, 0.00253325
12939, 0.00253343
12940, 0.00253360
12941, 0.00253377
12942, 0.00253395
12943, 0.00253412
12944, 0.00253429
12945, 0.00253446
12946, 0.00253463
12947, 0.00253481
12948, 0.00253498
12949, 0.00253515
12950, 0.00253532
12951, 0.00253549
12952, 0.00253567
12953, 0.00253584
12954, 0.00253601
12955, 0.00253619
12956, 0.00253636
12957, 0.00253653
12958, 0.00253671
12959, 0.00253688
12960, 0.00253705
12961, 0.00253723
12962, 0.00253740
12963, 0.00253757
12964, 0.00253774
12965, 0.00253791
12966, 0.00253809
12967, 0.00253826
12968, 0.00253844
12969, 0.00253861
12970, 0.00253878
12971, 0.00253895
12972, 0.00253912
12973, 0.00253929
12974, 0.00253947
12975, 0.00253964
12976, 0.00253981
12977, 0.00253998
12978, 0.00254015
12979, 0.00254032
12980, 0.00254050
12981, 0.00254067
12982, 0.00254087
12983, 0.00254315
12984, 0.00254335
12985, 0.00254353
12986, 0.00254371
12987, 0.00254388
12988, 0.00254406
12989, 0.00254424
12990, 0.00254441
12991, 0.00254459
12992, 0.00254476
12993, 0.00254494
12994, 0.00254512
12995, 0.00254529
12996, 0.00254547
12997, 0.00254565
12998, 0.00254583
12999, 0.00254600
13000, 0.00254618
13001, 0.00254635
13002, 0.00254653
13003, 0.00254671
13004, 0.00254688
13005, 0.00254706
13006, 0.00254724
13007, 0.00254741
13008, 0.00254759
13009, 0.00254776
13010, 0.00254793
13011, 0.00254810
13012, 0.00254828
13013, 0.00254846
13014, 0.00254863
13015, 0.00254880
13016, 0.00254898
13017, 0.00254915
13018, 0.00254933
13019, 0.00254951
13020, 0.00254968
13021, 0.00254986
13022, 0.00255003
13023, 0.00255020
13024, 0.00255038
13025, 0.00255054
13026, 0.00255072
13027, 0.00255090
13028, 0.00255107
13029, 0.00255124
13030, 0.00255142
13031, 0.00255159
13032, 0.00255177
13033, 0.00255194
13034, 0.00255212
13035, 0.00255229
13036, 0.00255247
13037, 0.00255265
13038, 0.00255282
13039, 0.00255299
13040, 0.00255316
13041, 0.00255334
13042, 0.00255352
13043, 0.00255369
13044, 0.00255387
13045, 0.00255404
13046, 0.00255422
13047, 0.00255439
13048, 0.00255456
13049, 0.00255473
13050, 0.00255491
13051, 0.00255509
13052, 0.00255526
13053, 0.00255543
13054, 0.00255561
13055, 0.00255578
13056, 0.00255596
13057, 0.00255613
13058, 0.00255631
13059, 0.00255648
13060, 0.00255666
13061, 0.00255683
13062, 0.00255701
13063, 0.00255719
13064, 0.00255737
13065, 0.00255754
13066, 0.00255772
13067, 0.00255789
13068, 0.00255806
13069, 0.00255824
13070, 0.00255841
13071, 0.00255859
13072, 0.00255876
13073, 0.00255894
13074, 0.00255911
13075, 0.00255929
13076, 0.00255946
13077, 0.00255963
13078, 0.00255981
13079, 0.00255998
13080, 0.00256016
13081, 0.00256033
13082, 0.00256050
13083, 0.00256068
13084, 0.00256085
13085, 0.00256103
13086, 0.00256120
13087, 0.00256137
13088, 0.00256155
13089, 0.00256172
13090, 0.00256190
13091, 0.00256207
13092, 0.00256224
13093, 0.00256242
13094, 0.00256259
13095, 0.00256276
13096, 0.00256294
13097, 0.00256311
13098, 0.00256329
13099, 0.00256347
13100, 0.00256364
13101, 0.00256382
13102, 0.00256399
13103, 0.00256416
13104, 0.00256434
13105, 0.00256451
13106, 0.00256469
13107, 0.00256486
13108, 0.00256505
13109, 0.00256725
13110, 0.00256746
13111, 0.00256764
13112, 0.00256782
13113, 0.00256801
13114, 0.00256819
13115, 0.00256838
13116, 0.00256856
13117, 0.00256874
13118, 0.00256892
13119, 0.00256911
13120, 0.00256929
13121, 0.00256948
13122, 0.00256966
13123, 0.00256984
13124, 0.00257003
13125, 0.00257021
13126, 0.00257039
13127, 0.00257057
13128, 0.00257075
13129, 0.00257094
13130, 0.00257112
13131, 0.00257130
13132, 0.00257148
13133, 0.00257166
13134, 0.00257184
13135, 0.00257203
13136, 0.00257221
13137, 0.00257239
13138, 0.00257257
13139, 0.00257275
13140, 0.00257293
13141, 0.00257311
13142, 0.00257329
13143, 0.00257347
13144, 0.00257366
13145, 0.00257384
13146, 0.00257402
13147, 0.00257420
13148, 0.00257438
13149, 0.00257456
13150, 0.00257474
13151, 0.00257492
13152, 0.00257511
13153, 0.00257529
13154, 0.00257547
13155, 0.00257565
13156, 0.00257583
13157, 0.00257601
13158, 0.00257619
13159, 0.00257637
13160, 0.00257655
13161, 0.00257673
13162, 0.00257691
13163, 0.00257709
13164, 0.00257727
13165, 0.00257745
13166, 0.00257763
13167, 0.00257781
13168, 0.00257799
13169, 0.00257817
13170, 0.00257835
13171, 0.00257853
13172, 0.00257871
13173, 0.00257889
13174, 0.00257907
13175, 0.00257925
13176, 0.00257943
13177, 0.00257961
13178, 0.00257980
13179, 0.00257998
13180, 0.00258016
13181, 0.00258034
13182, 0.00258052
13183, 0.00258070
13184, 0.00258088
13185, 0.00258106
13186, 0.00258124
13187, 0.00258142
13188, 0.00258160
13189, 0.00258178
13190, 0.00258196
13191, 0.00258214
13192, 0.00258232
13193, 0.00258250
13194, 0.00258268
13195, 0.00258286
13196, 0.00258304
13197, 0.00258322
13198, 0.00258340
13199, 0.00258358
13200, 0.00258376
13201, 0.00258394
13202, 0.00258412
13203, 0.00258431
13204, 0.00258449
13205, 0.00258467
13206, 0.00258485
13207, 0.00258503
13208, 0.00258521
13209, 0.00258539
13210, 0.00258557
13211, 0.00258575
13212, 0.00258593
13213, 0.00258611
13214, 0.00258629
13215, 0.00258647
13216, 0.00258665
13217, 0.00258683
13218, 0.00258701
13219, 0.00258719
13220, 0.00258737
13221, 0.00258755
13222, 0.00258773
13223, 0.00258792
13224, 0.00258810
13225, 0.00258828
13226, 0.00258846
13227, 0.00258864
13228, 0.00258882
13229, 0.00258900
13230, 0.00258918
13231, 0.00258936
13232, 0.00258954
13233, 0.00258972
13234, 0.00258991
13235, 0.00259214
13236, 0.00259234
13237, 0.00259253
13238, 0.00259270
13239, 0.00259288
13240, 0.00259305
13241, 0.00259323
13242, 0.00259340
13243, 0.00259357
13244, 0.00259375
13245, 0.00259393
13246, 0.00259411
13247, 0.00259428
13248, 0.00259446
13249, 0.00259464
13250, 0.00259482
13251, 0.00259499
13252, 0.00259516
13253, 0.00259534
13254, 0.00259551
13255, 0.00259569
13256, 0.00259586
13257, 0.00259603
13258, 0.00259621
13259, 0.00259638
13260, 0.00259655
13261, 0.00259673
13262, 0.00259690
13263, 0.00259707
13264, 0.00259724
13265, 0.00259742
13266, 0.00259760
13267, 0.00259777
13268, 0.00259795
13269, 0.00259812
13270, 0.00259830
13271, 0.00259847
13272, 0.00259864
13273, 0.00259882
13274, 0.00259899
13275, 0.00259916
13276, 0.00259933
13277, 0.00259950
13278, 0.00259967
13279, 0.00259984
13280, 0.00260001
13281, 0.00260019
13282, 0.00260036
13283, 0.00260053
13284, 0.00260070
13285, 0.00260087
13286, 0.00260104
13287, 0.00260121
13288, 0.00260138
13289, 0.00260155
13290, 0.00260172
13291, 0.00260188
13292, 0.00260206
13293, 0.00260223
13294, 0.00260240
13295, 0.00260257
13296, 0.00260275
13297, 0.00260292
13298, 0.00260309
13299, 0.00260326
13300, 0.00260343
13301, 0.00260361
13302, 0.00260378
13303, 0.00260395
13304, 0.00260412
13305, 0.00260429
13306, 0.00260446
13307, 0.00260463
13308, 0.00260480
13309, 0.00260497
13310, 0.00260514
13311, 0.00260531
13312, 0.00260548
13313, 0.00260565
13314, 0.00260582
13315, 0.00260600
13316, 0.00260617
13317, 0.00260634
13318, 0.00260651
13319, 0.00260668
13320, 0.00260686
13321, 0.00260703
13322, 0.00260720
13323, 0.00260737
13324, 0.00260754
13325, 0.00260771
13326, 0.00260788
13327, 0.00260811
13328, 0.00260828
13329, 0.00260845
13330, 0.00260863
13331, 0.00260880
13332, 0.00260896
13333, 0.00260914
13334, 0.00260931
13335, 0.00260948
13336, 0.00260965
13337, 0.00260982
13338, 0.00260999
13339, 0.00261016
13340, 0.00261033
13341, 0.00261050
13342, 0.00261067
13343, 0.00261085
13344, 0.00261102
13345, 0.00261119
13346, 0.00261136
13347, 0.00261153
13348, 0.00261170
13349, 0.00261187
13350, 0.00261204
13351, 0.00261221
13352, 0.00261238
13353, 0.00261255
13354, 0.00261272
13355, 0.00261289
13356, 0.00261306
13357, 0.00261323
13358, 0.00261341
13359, 0.00261358
13360, 0.00261377
13361, 0.00261593
13362, 0.00261613
13363, 0.00261631
13364, 0.00261649
13365, 0.00261667
13366, 0.00261684
13367, 0.00261702
13368, 0.00261720
13369, 0.00261737
13370, 0.00261755
13371, 0.00261772
13372, 0.00261790
13373, 0.00261807
13374, 0.00261824
13375, 0.00261841
13376, 0.00261859
13377, 0.00261876
13378, 0.00261895
13379, 0.00261913
13380, 0.00261931
13381, 0.00261949
13382, 0.00261967
13383, 0.00261986
13384, 0.00262003
13385, 0.00262021
13386, 0.00262038
13387, 0.00262055
13388, 0.00262073
13389, 0.00262090
13390, 0.00262108
13391, 0.00262125
13392, 0.00262143
13393, 0.00262160
13394, 0.00262178
13395, 0.00262195
13396, 0.00262212
13397, 0.00262229
13398, 0.00262246
13399, 0.00262263
13400, 0.00262281
13401, 0.00262298
13402, 0.00262315
13403, 0.00262333
13404, 0.00262350
13405, 0.00262368
13406, 0.00262387
13407, 0.00262405
13408, 0.00262422
13409, 0.00262439
13410, 0.00262456
13411, 0.00262474
13412, 0.00262491
13413, 0.00262508
13414, 0.00262525
13415, 0.00262542
13416, 0.00262560
13417, 0.00262578
13418, 0.00262595
13419, 0.00262613
13420, 0.00262630
13421, 0.00262647
13422, 0.00262665
13423, 0.00262682
13424, 0.00262699
13425, 0.00262716
13426, 0.00262733
13427, 0.00262751
13428, 0.00262768
13429, 0.00262785
13430, 0.00262802
13431, 0.00262819
13432, 0.00262836
13433, 0.00262853
13434, 0.00262871
13435, 0.00262888
13436, 0.00262905
13437, 0.00262922
13438, 0.00262939
13439, 0.00262956
13440, 0.00262973
13441, 0.00262990
13442, 0.00263007
13443, 0.00263024
13444, 0.00263041
13445, 0.00263058
13446, 0.00263075
13447, 0.00263093
13448, 0.00263110
13449, 0.00263127
13450, 0.00263144
13451, 0.00263162
13452, 0.00263179
13453, 0.00263197
13454, 0.00263214
13455, 0.00263232
13456, 0.00263249
13457, 0.00263266
13458, 0.00263284
13459, 0.00263301
13460, 0.00263318
13461, 0.00263335
13462, 0.00263353
13463, 0.00263370
13464, 0.00263388
13465, 0.00263405
13466, 0.00263423
13467, 0.00263441
13468, 0.00263459
13469, 0.00263477
13470, 0.00263495
13471, 0.00263512
13472, 0.00263528
13473, 0.00263546
13474, 0.00263563
13475, 0.00263580
13476, 0.00263596
13477, 0.00263613
13478, 0.00263631
13479, 0.00263648
13480, 0.00263665
13481, 0.00263682
13482, 0.00263699
13483, 0.00263716
13484, 0.00263733
13485, 0.00263750
13486, 0.00263768
13487, 0.00264201
13488, 0.00264222
13489, 0.00264240
13490, 0.00264258
13491, 0.00264276
13492, 0.00264293
13493, 0.00264311
13494, 0.00264329
13495, 0.00264347
13496, 0.00264365
13497, 0.00264383
13498, 0.00264401
13499, 0.00264419
13500, 0.00264437
13501, 0.00264455
13502, 0.00264473
13503, 0.00264490
13504, 0.00264508
13505, 0.00264525
13506, 0.00264543
13507, 0.00264561
13508, 0.00264578
13509, 0.00264595
13510, 0.00264613
13511, 0.00264632
13512, 0.00264650
13513, 0.00264668
13514, 0.00264686
13515, 0.00264704
13516, 0.00264723
13517, 0.00264741
13518, 0.00264759
13519, 0.00264776
13520, 0.00264793
13521, 0.00264811
13522, 0.00264828
13523, 0.00264846
13524, 0.00264863
13525, 0.00264881
13526, 0.00264898
13527, 0.00264916
13528, 0.00264933
13529, 0.00264951
13530, 0.00264968
13531, 0.00264986
13532, 0.00265003
13533, 0.00265021
13534, 0.00265038
13535, 0.00265056
13536, 0.00265073
13537, 0.00265091
13538, 0.00265108
13539, 0.00265126
13540, 0.00265143
13541, 0.00265161
13542, 0.00265179
13543, 0.00265196
13544, 0.00265214
13545, 0.00265232
13546, 0.00265249
13547, 0.00265267
13548, 0.00265284
13549, 0.00265302
13550, 0.00265320
13551, 0.00265337
13552, 0.00265355
13553, 0.00265372
13554, 0.00265390
13555, 0.00265408
13556, 0.00265425
13557, 0.00265442
13558, 0.00265460
13559, 0.00265477
13560, 0.00265494
13561, 0.00265512
13562, 0.00265529
13563, 0.00265546
13564, 0.00265564
13565, 0.00265581
13566, 0.00265599
13567, 0.00265616
13568, 0.00265634
13569, 0.00265651
13570, 0.00265669
13571, 0.00265686
13572, 0.00265704
13573, 0.00265721
13574, 0.00265739
13575, 0.00265757
13576, 0.00265774
13577, 0.00265792
13578, 0.00265809
13579, 0.00265826
13580, 0.00265844
13581, 0.00265862
13582, 0.00265879
13583, 0.00265897
13584, 0.00265915
13585, 0.00265932
13586, 0.00265950
13587, 0.00265967
13588, 0.00265985
13589, 0.00266003
13590, 0.00266020
13591, 0.00266037
13592, 0.00266055
13593, 0.00266072
13594, 0.00266090
13595, 0.00266107
13596, 0.00266124
13597, 0.00266142
13598, 0.00266159
13599, 0.00266177
13600, 0.00266195
13601, 0.00266212
13602, 0.00266229
13603, 0.00266247
13604, 0.00266264
13605, 0.00266282
13606, 0.00266300
13607, 0.00266317
13608, 0.00266335
13609, 0.00266352
13610, 0.00266370
13611, 0.00266387
13612, 0.00266406
13613, 0.00266628
13614, 0.00266647
13615, 0.00266665
13616, 0.00266682
13617, 0.00266700
13618, 0.00266718
13619, 0.00266736
13620, 0.00266753
13621, 0.00266771
13622, 0.00266788
13623, 0.00266806
13624, 0.00266823
13625, 0.00266841
13626, 0.00266858
13627, 0.00266876
13628, 0.00266894
13629, 0.00266912
13630, 0.00266930
13631, 0.00266947
13632, 0.00266965
13633, 0.00266983
13634, 0.00267000
13635, 0.00267018
13636, 0.00267036
13637, 0.00267053
13638, 0.00267071
13639, 0.00267088
13640, 0.00267106
13641, 0.00267124
13642, 0.00267141
13643, 0.00267159
13644, 0.00267176
13645, 0.00267194
13646, 0.00267212
13647, 0.00267229
13648, 0.00267247
13649, 0.00267264
13650, 0.00267282
13651, 0.00267300
13652, 0.00267317
13653, 0.00267334
13654, 0.00267352
13655, 0.00267369
13656, 0.00267386
13657, 0.00267404
13658, 0.00267421
13659, 0.00267439
13660, 0.00267456
13661, 0.00267473
13662, 0.00267490
13663, 0.00267508
13664, 0.00267525
13665, 0.00267542
13666, 0.00267559
13667, 0.00267577
13668, 0.00267594
13669, 0.00267612
13670, 0.00267629
13671, 0.00267647
13672, 0.00267665
13673, 0.00267682
13674, 0.00267700
13675, 0.00267717
13676, 0.00267735
13677, 0.00267752
13678, 0.00267770
13679, 0.00267787
13680, 0.00267805
13681, 0.00267822
13682, 0.00267840
13683, 0.00267857
13684, 0.00267875
13685, 0.00267892
13686, 0.00267910
13687, 0.00267927
13688, 0.00267945
13689, 0.00267962
13690, 0.00267980
13691, 0.00267997
13692, 0.00268014
13693, 0.00268032
13694, 0.00268049
13695, 0.00268066
13696, 0.00268084
13697, 0.00268101
13698, 0.00268119
13699, 0.00268136
13700, 0.00268154
13701, 0.00268172
13702, 0.00268189
13703, 0.00268207
13704, 0.00268224
13705, 0.00268242
13706, 0.00268259
13707, 0.00268277
13708, 0.00268294
13709, 0.00268311
13710, 0.00268328
13711, 0.00268345
13712, 0.00268363
13713, 0.00268381
13714, 0.00268398
13715, 0.00268416
13716, 0.00268433
13717, 0.00268451
13718, 0.00268469
13719, 0.00268486
13720, 0.00268504
13721, 0.00268521
13722, 0.00268539
13723, 0.00268556
13724, 0.00268574
13725, 0.00268592
13726, 0.00268609
13727, 0.00268626
13728, 0.00268643
13729, 0.00268660
13730, 0.00268677
13731, 0.00268695
13732, 0.00268712
13733, 0.00268729
13734, 0.00268746
13735, 0.00268763
13736, 0.00268780
13737, 0.00268797
13738, 0.00268815
13739, 0.00269043
13740, 0.00269062
13741, 0.00269080
13742, 0.00269098
13743, 0.00269115
13744, 0.00269134
13745, 0.00269151
13746, 0.00269169
13747, 0.00269187
13748, 0.00269205
13749, 0.00269223
13750, 0.00269241
13751, 0.00269259
13752, 0.00269277
13753, 0.00269295
13754, 0.00269313
13755, 0.00269331
13756, 0.00269348
13757, 0.00269366
13758, 0.00269384
13759, 0.00269402
13760, 0.00269419
13761, 0.00269437
13762, 0.00269455
13763, 0.00269473
13764, 0.00269491
13765, 0.00269509
13766, 0.00269527
13767, 0.00269544
13768, 0.00269562
13769, 0.00269579
13770, 0.00269597
13771, 0.00269615
13772, 0.00269633
13773, 0.00269651
13774, 0.00269668
13775, 0.00269686
13776, 0.00269703
13777, 0.00269721
13778, 0.00269739
13779, 0.00269757
13780, 0.00269775
13781, 0.00269793
13782, 0.00269811
13783, 0.00269829
13784, 0.00269848
13785, 0.00269866
13786, 0.00269883
13787, 0.00269901
13788, 0.00269918
13789, 0.00269936
13790, 0.00269954
13791, 0.00269971
13792, 0.00269988
13793, 0.00270006
13794, 0.00270024
13795, 0.00270042
13796, 0.00270060
13797, 0.00270078
13798, 0.00270095
13799, 0.00270113
13800, 0.00270131
13801, 0.00270148
13802, 0.00270166
13803, 0.00270183
13804, 0.00270201
13805, 0.00270219
13806, 0.00270236
13807, 0.00270254
13808, 0.00270271
13809, 0.00270289
13810, 0.00270306
13811, 0.00270324
13812, 0.00270341
13813, 0.00270359
13814, 0.00270377
13815, 0.00270395
13816, 0.00270412
13817, 0.00270429
13818, 0.00270447
13819, 0.00270464
13820, 0.00270482
13821, 0.00270499
13822, 0.00270517
13823, 0.00270534
13824, 0.00270552
13825, 0.00270569
13826, 0.00270587
13827, 0.00270604
13828, 0.00270622
13829, 0.00270639
13830, 0.00270657
13831, 0.00270681
13832, 0.00270698
13833, 0.00270716
13834, 0.00270733
13835, 0.00270751
13836, 0.00270769
13837, 0.00270786
13838, 0.00270803
13839, 0.00270828
13840, 0.00270847
13841, 0.00270865
13842, 0.00270883
13843, 0.00270901
13844, 0.00270919
13845, 0.00270936
13846, 0.00270953
13847, 0.00270972
13848, 0.00270989
13849, 0.00271006
13850, 0.00271023
13851, 0.00271040
13852, 0.00271058
13853, 0.00271075
13854, 0.00271093
13855, 0.00271112
13856, 0.00271129
13857, 0.00271147
13858, 0.00271164
13859, 0.00271182
13860, 0.00271199
13861, 0.00271216
13862, 0.00271233
13863, 0.00271250
13864, 0.00271269
13865, 0.00271499
13866, 0.00271519
13867, 0.00271537
13868, 0.00271556
13869, 0.00271574
13870, 0.00271592
13871, 0.00271611
13872, 0.00271629
13873, 0.00271647
13874, 0.00271665
13875, 0.00271684
13876, 0.00271702
13877, 0.00271720
13878, 0.00271738
13879, 0.00271756
13880, 0.00271774
13881, 0.00271793
13882, 0.00271811
13883, 0.00271829
13884, 0.00271848
13885, 0.00271866
13886, 0.00271884
13887, 0.00271902
13888, 0.00271920
13889, 0.00271938
13890, 0.00271957
13891, 0.00271975
13892, 0.00271993
13893, 0.00272011
13894, 0.00272029
13895, 0.00272047
13896, 0.00272066
13897, 0.00272084
13898, 0.00272102
13899, 0.00272120
13900, 0.00272138
13901, 0.00272157
13902, 0.00272175
13903, 0.00272193
13904, 0.00272211
13905, 0.00272229
13906, 0.00272247
13907, 0.00272265
13908, 0.00272283
13909, 0.00272301
13910, 0.00272320
13911, 0.00272338
13912, 0.00272355
13913, 0.00272372
13914, 0.00272390
13915, 0.00272406
13916, 0.00272423
13917, 0.00272440
13918, 0.00272458
13919, 0.00272475
13920, 0.00272493
13921, 0.00272510
13922, 0.00272527
13923, 0.00272544
13924, 0.00272562
13925, 0.00272579
13926, 0.00272596
13927, 0.00272613
13928, 0.00272631
13929, 0.00272649
13930, 0.00272667
13931, 0.00272685
13932, 0.00272703
13933, 0.00272721
13934, 0.00272739
13935, 0.00272756
13936, 0.00272773
13937, 0.00272791
13938, 0.00272808
13939, 0.00272825
13940, 0.00272842
13941, 0.00272859
13942, 0.00272876
13943, 0.00272893
13944, 0.00272910
13945, 0.00272927
13946, 0.00272944
13947, 0.00272962
13948, 0.00272979
13949, 0.00272996
13950, 0.00273014
13951, 0.00273031
13952, 0.00273048
13953, 0.00273065
13954, 0.00273082
13955, 0.00273099
13956, 0.00273116
13957, 0.00273134
13958, 0.00273151
13959, 0.00273169
13960, 0.00273186
13961, 0.00273203
13962, 0.00273221
13963, 0.00273238
13964, 0.00273256
13965, 0.00273274
13966, 0.00273291
13967, 0.00273308
13968, 0.00273325
13969, 0.00273342
13970, 0.00273360
13971, 0.00273377
13972, 0.00273394
13973, 0.00273412
13974, 0.00273429
13975, 0.00273447
13976, 0.00273464
13977, 0.00273482
13978, 0.00273499
13979, 0.00273516
13980, 0.00273533
13981, 0.00273551
13982, 0.00273568
13983, 0.00273585
13984, 0.00273602
13985, 0.00273619
13986, 0.00273636
13987, 0.00273653
13988, 0.00273671
13989, 0.00273688
13990, 0.00273706
13991, 0.00273968
13992, 0.00273989
13993, 0.00274008
13994, 0.00274026
13995, 0.00274043
13996, 0.00274063
13997, 0.00274081
13998, 0.00274100
13999, 0.00274120
14000, 0.00274140
14001, 0.00274158
14002, 0.00274178
14003, 0.00274197
14004, 0.00274216
14005, 0.00274234
14006, 0.00274252
14007, 0.00274269
14008, 0.00274288
14009, 0.00274307
14010, 0.00274325
14011, 0.00274342
14012, 0.00274360
14013, 0.00274378
14014, 0.00274396
14015, 0.00274413
14016, 0.00274431
14017, 0.00274448
14018, 0.00274465
14019, 0.00274482
14020, 0.00274500
14021, 0.00274518
14022, 0.00274535
14023, 0.00274553
14024, 0.00274571
14025, 0.00274588
14026, 0.00274606
14027, 0.00274623
14028, 0.00274640
14029, 0.00274657
14030, 0.00274675
14031, 0.00274693
14032, 0.00274710
14033, 0.00274728
14034, 0.00274745
14035, 0.00274762
14036, 0.00274780
14037, 0.00274797
14038, 0.00274814
14039, 0.00274831
14040, 0.00274849
14041, 0.00274866
14042, 0.00274883
14043, 0.00274900
14044, 0.00274918
14045, 0.00274935
14046, 0.00274952
14047, 0.00274969
14048, 0.00274986
14049, 0.00275003
14050, 0.00275021
14051, 0.00275038
14052, 0.00275055
14053, 0.00275073
14054, 0.00275090
14055, 0.00275107
14056, 0.00275124
14057, 0.00275142
14058, 0.00275159
14059, 0.00275176
14060, 0.00275193
14061, 0.00275211
14062, 0.00275228
14063, 0.00275245
14064, 0.00275262
14065, 0.00275279
14066, 0.00275296
14067, 0.00275314
14068, 0.00275331
14069, 0.00275347
14070, 0.00275365
14071, 0.00275382
14072, 0.00275399
14073, 0.00275416
14074, 0.00275434
14075, 0.00275451
14076, 0.00275468
14077, 0.00275485
14078, 0.00275502
14079, 0.00275520
14080, 0.00275537
14081, 0.00275554
14082, 0.00275572
14083, 0.00275589
14084, 0.00275606
14085, 0.00275624
14086, 0.00275641
14087, 0.00275658
14088, 0.00275676
14089, 0.00275694
14090, 0.00275711
14091, 0.00275728
14092, 0.00275745
14093, 0.00275762
14094, 0.00275780
14095, 0.00275797
14096, 0.00275814
14097, 0.00275831
14098, 0.00275849
14099, 0.00275866
14100, 0.00275883
14101, 0.00275900
14102, 0.00275917
14103, 0.00275934
14104, 0.00275951
14105, 0.00275968
14106, 0.00275986
14107, 0.00276003
14108, 0.00276020
14109, 0.00276037
14110, 0.00276055
14111, 0.00276072
14112, 0.00276089
14113, 0.00276107
14114, 0.00276124
14115, 0.00276141
14116, 0.00276159
14117, 0.00276379
14118, 0.00276399
14119, 0.00276417
14120, 0.00276435
14121, 0.00276453
14122, 0.00276470
14123, 0.00276488
14124, 0.00276506
14125, 0.00276523
14126, 0.00276541
14127, 0.00276560
14128, 0.00276578
14129, 0.00276596
14130, 0.00276614
14131, 0.00276631
14132, 0.00276649
14133, 0.00276666
14134, 0.00276684
14135, 0.00276701
14136, 0.00276719
14137, 0.00276736
14138, 0.00276754
14139, 0.00276772
14140, 0.00276789
14141, 0.00276807
14142, 0.00276824
14143, 0.00276842
14144, 0.00276859
14145, 0.00276877
14146, 0.00276894
14147, 0.00276912
14148, 0.00276929
14149, 0.00276946
14150, 0.00276964
14151, 0.00276981
14152, 0.00276999
14153, 0.00277017
14154, 0.00277034
14155, 0.00277052
14156, 0.00277069
14157, 0.00277087
14158, 0.00277104
14159, 0.00277122
14160, 0.00277140
14161, 0.00277157
14162, 0.00277174
14163, 0.00277192
14164, 0.00277209
14165, 0.00277227
14166, 0.00277244
14167, 0.00277262
14168, 0.00277280
14169, 0.00277297
14170, 0.00277314
14171, 0.00277332
14172, 0.00277350
14173, 0.00277367
14174, 0.00277385
14175, 0.00277402
14176, 0.00277420
14177, 0.00277438
14178, 0.00277455
14179, 0.00277473
14180, 0.00277490
14181, 0.00277508
14182, 0.00277526
14183, 0.00277544
14184, 0.00277561
14185, 0.00277579
14186, 0.00277596
14187, 0.00277614
14188, 0.00277632
14189, 0.00277649
14190, 0.00277667
14191, 0.00277684
14192, 0.00277702
14193, 0.00277720
14194, 0.00277737
14195, 0.00277755
14196, 0.00277773
14197, 0.00277791
14198, 0.00277809
14199, 0.00277826
14200, 0.00277844
14201, 0.00277862
14202, 0.00277880
14203, 0.00277897
14204, 0.00277914
14205, 0.00277932
14206, 0.00277950
14207, 0.00277967
14208, 0.00277985
14209, 0.00278003
14210, 0.00278021
14211, 0.00278038
14212, 0.00278056
14213, 0.00278073
14214, 0.00278091
14215, 0.00278109
14216, 0.00278126
14217, 0.00278144
14218, 0.00278162
14219, 0.00278180
14220, 0.00278197
14221, 0.00278215
14222, 0.00278233
14223, 0.00278250
14224, 0.00278268
14225, 0.00278286
14226, 0.00278303
14227, 0.00278321
14228, 0.00278339
14229, 0.00278356
14230, 0.00278374
14231, 0.00278392
14232, 0.00278409
14233, 0.00278427
14234, 0.00278445
14235, 0.00278462
14236, 0.00278479
14237, 0.00278496
14238, 0.00278514
14239, 0.00278531
14240, 0.00278549
14241, 0.00278567
14242, 0.00278585
14243, 0.00278851
14244, 0.00278871
14245, 0.00278889
14246, 0.00278906
14247, 0.00278924
14248, 0.00278941
14249, 0.00278959
14250, 0.00278976
14251, 0.00278994
14252, 0.00279012
14253, 0.00279029
14254, 0.00279046
14255, 0.00279064
14256, 0.00279081
14257, 0.00279098
14258, 0.00279115
14259, 0.00279133
14260, 0.00279150
14261, 0.00279167
14262, 0.00279184
14263, 0.00279202
14264, 0.00279219
14265, 0.00279237
14266, 0.00279254
14267, 0.00279271
14268, 0.00279288
14269, 0.00279306
14270, 0.00279323
14271, 0.00279340
14272, 0.00279357
14273, 0.00279374
14274, 0.00279391
14275, 0.00279409
14276, 0.00279428
14277, 0.00279446
14278, 0.00279463
14279, 0.00279481
14280, 0.00279498
14281, 0.00279515
14282, 0.00279532
14283, 0.00279549
14284, 0.00279566
14285, 0.00279583
14286, 0.00279600
14287, 0.00279618
14288, 0.00279635
14289, 0.00279652
14290, 0.00279669
14291, 0.00279686
14292, 0.00279703
14293, 0.00279721
14294, 0.00279739
14295, 0.00279756
14296, 0.00279773
14297, 0.00279790
14298, 0.00279808
14299, 0.00279825
14300, 0.00279842
14301, 0.00279860
14302, 0.00279877
14303, 0.00279894
14304, 0.00279911
14305, 0.00279928
14306, 0.00279945
14307, 0.00279962
14308, 0.00279980
14309, 0.00279997
14310, 0.00280015
14311, 0.00280032
14312, 0.00280050
14313, 0.00280067
14314, 0.00280085
14315, 0.00280102
14316, 0.00280119
14317, 0.00280136
14318, 0.00280153
14319, 0.00280170
14320, 0.00280188
14321, 0.00280205
14322, 0.00280222
14323, 0.00280239
14324, 0.00280257
14325, 0.00280274
14326, 0.00280291
14327, 0.00280309
14328, 0.00280326
14329, 0.00280343
14330, 0.00280361
14331, 0.00280378
14332, 0.00280395
14333, 0.00280412
14334, 0.00280429
14335, 0.00280447
14336, 0.00280465
14337, 0.00280482
14338, 0.00280499
14339, 0.00280517
14340, 0.00280534
14341, 0.00280551
14342, 0.00280568
14343, 0.00280593
14344, 0.00280609
14345, 0.00280626
14346, 0.00280644
14347, 0.00280661
14348, 0.00280678
14349, 0.00280696
14350, 0.00280713
14351, 0.00280739
14352, 0.00280757
14353, 0.00280774
14354, 0.00280791
14355, 0.00280808
14356, 0.00280825
14357, 0.00280842
14358, 0.00280860
14359, 0.00280887
14360, 0.00280904
14361, 0.00280921
14362, 0.00280938
14363, 0.00280955
14364, 0.00280973
14365, 0.00280990
14366, 0.00281007
14367, 0.00281025
14368, 0.00281043
14369, 0.00281268
14370, 0.00281287
14371, 0.00281304
14372, 0.00281322
14373, 0.00281340
14374, 0.00281358
14375, 0.00281383
14376, 0.00281401
14377, 0.00281418
14378, 0.00281436
14379, 0.00281457
14380, 0.00281474
14381, 0.00281492
14382, 0.00281509
14383, 0.00281527
14384, 0.00281545
14385, 0.00281563
14386, 0.00281581
14387, 0.00281598
14388, 0.00281616
14389, 0.00281633
14390, 0.00281651
14391, 0.00281675
14392, 0.00281693
14393, 0.00281710
14394, 0.00281728
14395, 0.00281745
14396, 0.00281762
14397, 0.00281779
14398, 0.00281796
14399, 0.00281820
14400, 0.00281837
14401, 0.00281854
14402, 0.00281871
14403, 0.00281889
14404, 0.00281906
14405, 0.00281923
14406, 0.00281940
14407, 0.00281964
14408, 0.00281981
14409, 0.00281998
14410, 0.00282015
14411, 0.00282032
14412, 0.00282049
14413, 0.00282066
14414, 0.00282084
14415, 0.00282101
14416, 0.00282118
14417, 0.00282135
14418, 0.00282152
14419, 0.00282170
14420, 0.00282187
14421, 0.00282204
14422, 0.00282221
14423, 0.00282238
14424, 0.00282255
14425, 0.00282272
14426, 0.00282289
14427, 0.00282306
14428, 0.00282324
14429, 0.00282341
14430, 0.00282359
14431, 0.00282376
14432, 0.00282393
14433, 0.00282410
14434, 0.00282427
14435, 0.00282444
14436, 0.00282461
14437, 0.00282478
14438, 0.00282495
14439, 0.00282513
14440, 0.00282530
14441, 0.00282547
14442, 0.00282564
14443, 0.00282581
14444, 0.00282598
14445, 0.00282615
14446, 0.00282632
14447, 0.00282649
14448, 0.00282666
14449, 0.00282684
14450, 0.00282701
14451, 0.00282718
14452, 0.00282736
14453, 0.00282753
14454, 0.00282770
14455, 0.00282787
14456, 0.00282804
14457, 0.00282821
14458, 0.00282839
14459, 0.00282856
14460, 0.00282873
14461, 0.00282891
14462, 0.00282908
14463, 0.00282925
14464, 0.00282942
14465, 0.00282959
14466, 0.00282976
14467, 0.00282993
14468, 0.00283010
14469, 0.00283027
14470, 0.00283044
14471, 0.00283061
14472, 0.00283079
14473, 0.00283096
14474, 0.00283113
14475, 0.00283130
14476, 0.00283147
14477, 0.00283165
14478, 0.00283182
14479, 0.00283199
14480, 0.00283216
14481, 0.00283233
14482, 0.00283250
14483, 0.00283267
14484, 0.00283284
14485, 0.00283301
14486, 0.00283319
14487, 0.00283336
14488, 0.00283353
14489, 0.00283370
14490, 0.00283387
14491, 0.00283404
14492, 0.00283421
14493, 0.00283438
14494, 0.00283457
14495, 0.00283683
14496, 0.00283704
14497, 0.00283721
14498, 0.00283739
14499, 0.00283756
14500, 0.00283774
14501, 0.00283791
14502, 0.00283809
14503, 0.00283827
14504, 0.00283844
14505, 0.00283862
14506, 0.00283880
14507, 0.00283898
14508, 0.00283915
14509, 0.00283935
14510, 0.00283953
14511, 0.00283970
14512, 0.00283988
14513, 0.00284005
14514, 0.00284022
14515, 0.00284039
14516, 0.00284056
14517, 0.00284074
14518, 0.00284092
14519, 0.00284109
14520, 0.00284127
14521, 0.00284144
14522, 0.00284162
14523, 0.00284180
14524, 0.00284197
14525, 0.00284215
14526, 0.00284232
14527, 0.00284250
14528, 0.00284268
14529, 0.00284286
14530, 0.00284303
14531, 0.00284321
14532, 0.00284339
14533, 0.00284356
14534, 0.00284374
14535, 0.00284391
14536, 0.00284409
14537, 0.00284427
14538, 0.00284444
14539, 0.00284462
14540, 0.00284479
14541, 0.00284497
14542, 0.00284514
14543, 0.00284532
14544, 0.00284549
14545, 0.00284566
14546, 0.00284584
14547, 0.00284601
14548, 0.00284619
14549, 0.00284636
14550, 0.00284654
14551, 0.00284671
14552, 0.00284688
14553, 0.00284705
14554, 0.00284723
14555, 0.00284741
14556, 0.00284758
14557, 0.00284776
14558, 0.00284793
14559, 0.00284811
14560, 0.00284828
14561, 0.00284846
14562, 0.00284864
14563, 0.00284881
14564, 0.00284899
14565, 0.00284916
14566, 0.00284934
14567, 0.00284951
14568, 0.00284969
14569, 0.00284987
14570, 0.00285004
14571, 0.00285022
14572, 0.00285039
14573, 0.00285057
14574, 0.00285074
14575, 0.00285092
14576, 0.00285109
14577, 0.00285127
14578, 0.00285144
14579, 0.00285162
14580, 0.00285180
14581, 0.00285198
14582, 0.00285215
14583, 0.00285233
14584, 0.00285250
14585, 0.00285268
14586, 0.00285285
14587, 0.00285302
14588, 0.00285319
14589, 0.00285336
14590, 0.00285354
14591, 0.00285371
14592, 0.00285389
14593, 0.00285407
14594, 0.00285424
14595, 0.00285441
14596, 0.00285458
14597, 0.00285475
14598, 0.00285493
14599, 0.00285511
14600, 0.00285529
14601, 0.00285546
14602, 0.00285563
14603, 0.00285580
14604, 0.00285597
14605, 0.00285614
14606, 0.00285631
14607, 0.00285648
14608, 0.00285665
14609, 0.00285683
14610, 0.00285700
14611, 0.00285717
14612, 0.00285734
14613, 0.00285752
14614, 0.00285769
14615, 0.00285786
14616, 0.00285803
14617, 0.00285821
14618, 0.00285838
14619, 0.00285855
14620, 0.00285874
14621, 0.00286097
14622, 0.00286117
14623, 0.00286135
14624, 0.00286153
14625, 0.00286170
14626, 0.00286188
14627, 0.00286206
14628, 0.00286223
14629, 0.00286241
14630, 0.00286259
14631, 0.00286276
14632, 0.00286294
14633, 0.00286312
14634, 0.00286329
14635, 0.00286347
14636, 0.00286365
14637, 0.00286382
14638, 0.00286400
14639, 0.00286418
14640, 0.00286435
14641, 0.00286452
14642, 0.00286470
14643, 0.00286487
14644, 0.00286505
14645, 0.00286523
14646, 0.00286541
14647, 0.00286558
14648, 0.00286576
14649, 0.00286593
14650, 0.00286611
14651, 0.00286628
14652, 0.00286645
14653, 0.00286662
14654, 0.00286679
14655, 0.00286697
14656, 0.00286715
14657, 0.00286733
14658, 0.00286751
14659, 0.00286768
14660, 0.00286786
14661, 0.00286804
14662, 0.00286821
14663, 0.00286839
14664, 0.00286856
14665, 0.00286873
14666, 0.00286891
14667, 0.00286908
14668, 0.00286926
14669, 0.00286943
14670, 0.00286961
14671, 0.00286979
14672, 0.00286996
14673, 0.00287014
14674, 0.00287032
14675, 0.00287050
14676, 0.00287068
14677, 0.00287087
14678, 0.00287105
14679, 0.00287123
14680, 0.00287142
14681, 0.00287160
14682, 0.00287178
14683, 0.00287197
14684, 0.00287215
14685, 0.00287233
14686, 0.00287252
14687, 0.00287270
14688, 0.00287289
14689, 0.00287307
14690, 0.00287325
14691, 0.00287343
14692, 0.00287362
14693, 0.00287380
14694, 0.00287398
14695, 0.00287417
14696, 0.00287435
14697, 0.00287453
14698, 0.00287472
14699, 0.00287490
14700, 0.00287508
14701, 0.00287526
14702, 0.00287543
14703, 0.00287560
14704, 0.00287577
14705, 0.00287594
14706, 0.00287611
14707, 0.00287629
14708, 0.00287646
14709, 0.00287663
14710, 0.00287680
14711, 0.00287697
14712, 0.00287714
14713, 0.00287732
14714, 0.00287749
14715, 0.00287766
14716, 0.00287783
14717, 0.00287800
14718, 0.00287817
14719, 0.00287835
14720, 0.00287852
14721, 0.00287869
14722, 0.00287886
14723, 0.00287904
14724, 0.00287921
14725, 0.00287938
14726, 0.00287955
14727, 0.00287972
14728, 0.00287989
14729, 0.00288007
14730, 0.00288024
14731, 0.00288041
14732, 0.00288058
14733, 0.00288075
14734, 0.00288093
14735, 0.00288110
14736, 0.00288127
14737, 0.00288144
14738, 0.00288161
14739, 0.00288178
14740, 0.00288195
14741, 0.00288212
14742, 0.00288230
14743, 0.00288247
14744, 0.00288264
14745, 0.00288281
14746, 0.00288300
14747, 0.00288521
14748, 0.00288543
14749, 0.00288560
14750, 0.00288578
14751, 0.00288595
14752, 0.00288613
14753, 0.00288631
14754, 0.00288649
14755, 0.00288667
14756, 0.00288685
14757, 0.00288703
14758, 0.00288721
14759, 0.00288739
14760, 0.00288757
14761, 0.00288775
14762, 0.00288793
14763, 0.00288811
14764, 0.00288829
14765, 0.00288847
14766, 0.00288866
14767, 0.00288884
14768, 0.00288902
14769, 0.00288921
14770, 0.00288939
14771, 0.00288957
14772, 0.00288974
14773, 0.00288992
14774, 0.00289010
14775, 0.00289027
14776, 0.00289045
14777, 0.00289062
14778, 0.00289080
14779, 0.00289097
14780, 0.00289115
14781, 0.00289132
14782, 0.00289150
14783, 0.00289167
14784, 0.00289184
14785, 0.00289202
14786, 0.00289219
14787, 0.00289237
14788, 0.00289254
14789, 0.00289272
14790, 0.00289289
14791, 0.00289306
14792, 0.00289324
14793, 0.00289341
14794, 0.00289359
14795, 0.00289376
14796, 0.00289394
14797, 0.00289411
14798, 0.00289428
14799, 0.00289446
14800, 0.00289463
14801, 0.00289480
14802, 0.00289497
14803, 0.00289515
14804, 0.00289532
14805, 0.00289550
14806, 0.00289568
14807, 0.00289585
14808, 0.00289602
14809, 0.00289620
14810, 0.00289637
14811, 0.00289655
14812, 0.00289672
14813, 0.00289689
14814, 0.00289707
14815, 0.00289724
14816, 0.00289742
14817, 0.00289759
14818, 0.00289777
14819, 0.00289794
14820, 0.00289811
14821, 0.00289829
14822, 0.00289846
14823, 0.00289864
14824, 0.00289881
14825, 0.00289898
14826, 0.00289916
14827, 0.00289933
14828, 0.00289950
14829, 0.00289967
14830, 0.00289985
14831, 0.00290002
14832, 0.00290020
14833, 0.00290037
14834, 0.00290055
14835, 0.00290072
14836, 0.00290089
14837, 0.00290107
14838, 0.00290124
14839, 0.00290142
14840, 0.00290159
14841, 0.00290177
14842, 0.00290194
14843, 0.00290211
14844, 0.00290229
14845, 0.00290246
14846, 0.00290264
14847, 0.00290281
14848, 0.00290298
14849, 0.00290316
14850, 0.00290333
14851, 0.00290351
14852, 0.00290368
14853, 0.00290386
14854, 0.00290403
14855, 0.00290427
14856, 0.00290445
14857, 0.00290462
14858, 0.00290480
14859, 0.00290497
14860, 0.00290515
14861, 0.00290532
14862, 0.00290549
14863, 0.00290574
14864, 0.00290592
14865, 0.00290609
14866, 0.00290627
14867, 0.00290644
14868, 0.00290661
14869, 0.00290679
14870, 0.00290696
14871, 0.00290713
14872, 0.00290732
14873, 0.00290954
14874, 0.00290975
14875, 0.00290992
14876, 0.00291010
14877, 0.00291028
14878, 0.00291046
14879, 0.00291064
14880, 0.00291082
14881, 0.00291100
14882, 0.00291117
14883, 0.00291136
14884, 0.00291154
14885, 0.00291172
14886, 0.00291190
14887, 0.00291207
14888, 0.00291225
14889, 0.00291242
14890, 0.00291260
14891, 0.00291277
14892, 0.00291295
14893, 0.00291313
14894, 0.00291330
14895, 0.00291355
14896, 0.00291373
14897, 0.00291390
14898, 0.00291408
14899, 0.00291425
14900, 0.00291443
14901, 0.00291460
14902, 0.00291478
14903, 0.00291496
14904, 0.00291513
14905, 0.00291531
14906, 0.00291548
14907, 0.00291566
14908, 0.00291583
14909, 0.00291601
14910, 0.00291618
14911, 0.00291636
14912, 0.00291654
14913, 0.00291671
14914, 0.00291688
14915, 0.00291705
14916, 0.00291723
14917, 0.00291740
14918, 0.00291759
14919, 0.00291782
14920, 0.00291800
14921, 0.00291817
14922, 0.00291834
14923, 0.00291852
14924, 0.00291869
14925, 0.00291887
14926, 0.00291905
14927, 0.00291922
14928, 0.00291939
14929, 0.00291957
14930, 0.00291974
14931, 0.00291992
14932, 0.00292009
14933, 0.00292026
14934, 0.00292044
14935, 0.00292062
14936, 0.00292079
14937, 0.00292096
14938, 0.00292113
14939, 0.00292131
14940, 0.00292149
14941, 0.00292166
14942, 0.00292184
14943, 0.00292201
14944, 0.00292219
14945, 0.00292236
14946, 0.00292254
14947, 0.00292272
14948, 0.00292289
14949, 0.00292307
14950, 0.00292324
14951, 0.00292341
14952, 0.00292359
14953, 0.00292377
14954, 0.00292394
14955, 0.00292412
14956, 0.00292429
14957, 0.00292447
14958, 0.00292465
14959, 0.00292482
14960, 0.00292500
14961, 0.00292517
14962, 0.00292535
14963, 0.00292552
14964, 0.00292570
14965, 0.00292588
14966, 0.00292605
14967, 0.00292623
14968, 0.00292640
14969, 0.00292658
14970, 0.00292676
14971, 0.00292693
14972, 0.00292711
14973, 0.00292728
14974, 0.00292745
14975, 0.00292763
14976, 0.00292781
14977, 0.00292798
14978, 0.00292816
14979, 0.00292833
14980, 0.00292851
14981, 0.00292868
14982, 0.00292886
14983, 0.00292903
14984, 0.00292920
14985, 0.00292938
14986, 0.00292955
14987, 0.00292972
14988, 0.00292990
14989, 0.00293007
14990, 0.00293024
14991, 0.00293042
14992, 0.00293059
14993, 0.00293077
14994, 0.00293094
14995, 0.00293112
14996, 0.00293129
14997, 0.00293147
14998, 0.00293166
14999, 0.00293389
15000, 0.00293408
15001, 0.00293426
15002, 0.00293443
15003, 0.00293461
15004, 0.00293479
15005, 0.00293497
15006, 0.00293514
15007, 0.00293532
15008, 0.00293549
15009, 0.00293567
15010, 0.00293585
15011, 0.00293602
15012, 0.00293620
15013, 0.00293638
15014, 0.00293655
15015, 0.00293673
15016, 0.00293691
15017, 0.00293708
15018, 0.00293726
15019, 0.00293743
15020, 0.00293761
15021, 0.00293779
15022, 0.00293797
15023, 0.00293814
15024, 0.00293831
15025, 0.00293849
15026, 0.00293866
15027, 0.00293883
15028, 0.00293901
15029, 0.00293918
15030, 0.00293936
15031, 0.00293954
15032, 0.00293971
15033, 0.00293989
15034, 0.00294007
15035, 0.00294025
15036, 0.00294042
15037, 0.00294060
15038, 0.00294078
15039, 0.00294096
15040, 0.00294114
15041, 0.00294131
15042, 0.00294149
15043, 0.00294166
15044, 0.00294184
15045, 0.00294201
15046, 0.00294219
15047, 0.00294236
15048, 0.00294253
15049, 0.00294271
15050, 0.00294288
15051, 0.00294306
15052, 0.00294323
15053, 0.00294340
15054, 0.00294358
15055, 0.00294375
15056, 0.00294393
15057, 0.00294410
15058, 0.00294428
15059, 0.00294446
15060, 0.00294463
15061, 0.00294481
15062, 0.00294499
15063, 0.00294516
15064, 0.00294533
15065, 0.00294551
15066, 0.00294568
15067, 0.00294586
15068, 0.00294604
15069, 0.00294621
15070, 0.00294638
15071, 0.00294656
15072, 0.00294673
15073, 0.00294691
15074, 0.00294709
15075, 0.00294726
15076, 0.00294743
15077, 0.00294761
15078, 0.00294779
15079, 0.00294797
15080, 0.00294814
15081, 0.00294832
15082, 0.00294849
15083, 0.00294867
15084, 0.00294884
15085, 0.00294902
15086, 0.00294919
15087, 0.00294937
15088, 0.00294954
15089, 0.00294972
15090, 0.00294989
15091, 0.00295007
15092, 0.00295025
15093, 0.00295042
15094, 0.00295060
15095, 0.00295077
15096, 0.00295095
15097, 0.00295112
15098, 0.00295130
15099, 0.00295147
15100, 0.00295165
15101, 0.00295182
15102, 0.00295200
15103, 0.00295218
15104, 0.00295235
15105, 0.00295252
15106, 0.00295269
15107, 0.00295287
15108, 0.00295305
15109, 0.00295322
15110, 0.00295339
15111, 0.00295356
15112, 0.00295374
15113, 0.00295391
15114, 0.00295408
15115, 0.00295426
15116, 0.00295443
15117, 0.00295460
15118, 0.00295478
15119, 0.00295496
15120, 0.00295513
15121, 0.00295531
15122, 0.00295548
15123, 0.00295565
15124, 0.00295584
15125, 0.00295807
15126, 0.00295827
15127, 0.00295844
15128, 0.00295862
15129, 0.00295879
15130, 0.00295897
15131, 0.00295915
15132, 0.00295933
15133, 0.00295951
15134, 0.00295968
15135, 0.00295986
15136, 0.00296003
15137, 0.00296021
15138, 0.00296039
15139, 0.00296056
15140, 0.00296073
15141, 0.00296091
15142, 0.00296108
15143, 0.00296125
15144, 0.00296143
15145, 0.00296160
15146, 0.00296178
15147, 0.00296195
15148, 0.00296212
15149, 0.00296230
15150, 0.00296247
15151, 0.00296265
15152, 0.00296282
15153, 0.00296300
15154, 0.00296317
15155, 0.00296334
15156, 0.00296352
15157, 0.00296369
15158, 0.00296387
15159, 0.00296404
15160, 0.00296422
15161, 0.00296439
15162, 0.00296457
15163, 0.00296474
15164, 0.00296491
15165, 0.00296509
15166, 0.00296527
15167, 0.00296545
15168, 0.00296562
15169, 0.00296579
15170, 0.00296597
15171, 0.00296614
15172, 0.00296632
15173, 0.00296649
15174, 0.00296667
15175, 0.00296684
15176, 0.00296702
15177, 0.00296720
15178, 0.00296737
15179, 0.00296755
15180, 0.00296772
15181, 0.00296789
15182, 0.00296807
15183, 0.00296824
15184, 0.00296841
15185, 0.00296859
15186, 0.00296877
15187, 0.00296895
15188, 0.00296913
15189, 0.00296930
15190, 0.00296948
15191, 0.00296965
15192, 0.00296982
15193, 0.00297000
15194, 0.00297018
15195, 0.00297036
15196, 0.00297053
15197, 0.00297071
15198, 0.00297089
15199, 0.00297106
15200, 0.00297124
15201, 0.00297141
15202, 0.00297159
15203, 0.00297176
15204, 0.00297194
15205, 0.00297211
15206, 0.00297229
15207, 0.00297246
15208, 0.00297263
15209, 0.00297281
15210, 0.00297298
15211, 0.00297315
15212, 0.00297332
15213, 0.00297349
15214, 0.00297367
15215, 0.00297384
15216, 0.00297402
15217, 0.00297420
15218, 0.00297437
15219, 0.00297454
15220, 0.00297472
15221, 0.00297489
15222, 0.00297507
15223, 0.00297524
15224, 0.00297542
15225, 0.00297560
15226, 0.00297577
15227, 0.00297595
15228, 0.00297612
15229, 0.00297630
15230, 0.00297647
15231, 0.00297665
15232, 0.00297682
15233, 0.00297700
15234, 0.00297717
15235, 0.00297735
15236, 0.00297753
15237, 0.00297770
15238, 0.00297787
15239, 0.00297805
15240, 0.00297822
15241, 0.00297840
15242, 0.00297857
15243, 0.00297875
15244, 0.00297892
15245, 0.00297909
15246, 0.00297927
15247, 0.00297944
15248, 0.00297962
15249, 0.00297979
15250, 0.00297998
15251, 0.00298237
15252, 0.00298257
15253, 0.00298276
15254, 0.00298294
15255, 0.00298312
15256, 0.00298330
15257, 0.00298347
15258, 0.00298364
15259, 0.00298381
15260, 0.00298399
15261, 0.00298416
15262, 0.00298434
15263, 0.00298451
15264, 0.00298468
15265, 0.00298485
15266, 0.00298503
15267, 0.00298520
15268, 0.00298537
15269, 0.00298554
15270, 0.00298571
15271, 0.00298588
15272, 0.00298605
15273, 0.00298622
15274, 0.00298639
15275, 0.00298656
15276, 0.00298673
15277, 0.00298690
15278, 0.00298708
15279, 0.00298725
15280, 0.00298742
15281, 0.00298759
15282, 0.00298776
15283, 0.00298793
15284, 0.00298810
15285, 0.00298827
15286, 0.00298845
15287, 0.00298862
15288, 0.00298879
15289, 0.00298897
15290, 0.00298914
15291, 0.00298931
15292, 0.00298948
15293, 0.00298965
15294, 0.00298982
15295, 0.00298999
15296, 0.00299017
15297, 0.00299034
15298, 0.00299051
15299, 0.00299068
15300, 0.00299085
15301, 0.00299103
15302, 0.00299120
15303, 0.00299137
15304, 0.00299154
15305, 0.00299171
15306, 0.00299189
15307, 0.00299206
15308, 0.00299223
15309, 0.00299240
15310, 0.00299257
15311, 0.00299274
15312, 0.00299292
15313, 0.00299309
15314, 0.00299326
15315, 0.00299343
15316, 0.00299360
15317, 0.00299378
15318, 0.00299395
15319, 0.00299412
15320, 0.00299429
15321, 0.00299446
15322, 0.00299463
15323, 0.00299481
15324, 0.00299498
15325, 0.00299515
15326, 0.00299533
15327, 0.00299550
15328, 0.00299568
15329, 0.00299585
15330, 0.00299602
15331, 0.00299619
15332, 0.00299636
15333, 0.00299654
15334, 0.00299671
15335, 0.00299688
15336, 0.00299705
15337, 0.00299722
15338, 0.00299739
15339, 0.00299757
15340, 0.00299774
15341, 0.00299791
15342, 0.00299808
15343, 0.00299825
15344, 0.00299842
15345, 0.00299859
15346, 0.00299876
15347, 0.00299893
15348, 0.00299911
15349, 0.00299928
15350, 0.00299945
15351, 0.00299963
15352, 0.00299980
15353, 0.00299997
15354, 0.00300014
15355, 0.00300032
15356, 0.00300049
15357, 0.00300066
15358, 0.00300084
15359, 0.00300102
15360, 0.00300119
15361, 0.00300136
15362, 0.00300153
15363, 0.00300171
15364, 0.00300189
15365, 0.00300206
15366, 0.00300223
15367, 0.00300247
15368, 0.00300264
15369, 0.00300281
15370, 0.00300298
15371, 0.00300316
15372, 0.00300333
15373, 0.00300350
15374, 0.00300368
15375, 0.00300392
15376, 0.00300411
15377, 0.00300639
15378, 0.00300658
15379, 0.00300677
15380, 0.00300694
15381, 0.00300712
15382, 0.00300730
15383, 0.00300754
15384, 0.00300772
15385, 0.00300790
15386, 0.00300807
15387, 0.00300825
15388, 0.00300842
15389, 0.00300859
15390, 0.00300877
15391, 0.00300894
15392, 0.00300912
15393, 0.00300930
15394, 0.00300948
15395, 0.00300965
15396, 0.00300983
15397, 0.00301000
15398, 0.00301017
15399, 0.00301035
15400, 0.00301052
15401, 0.00301069
15402, 0.00301086
15403, 0.00301104
15404, 0.00301121
15405, 0.00301138
15406, 0.00301156
15407, 0.00301174
15408, 0.00301191
15409, 0.00301209
15410, 0.00301227
15411, 0.00301244
15412, 0.00301262
15413, 0.00301279
15414, 0.00301297
15415, 0.00301315
15416, 0.00301333
15417, 0.00301350
15418, 0.00301368
15419, 0.00301385
15420, 0.00301403
15421, 0.00301420
15422, 0.00301437
15423, 0.00301454
15424, 0.00301472
15425, 0.00301490
15426, 0.00301507
15427, 0.00301524
15428, 0.00301542
15429, 0.00301559
15430, 0.00301576
15431, 0.00301601
15432, 0.00301618
15433, 0.00301636
15434, 0.00301653
15435, 0.00301671
15436, 0.00301689
15437, 0.00301706
15438, 0.00301724
15439, 0.00301742
15440, 0.00301759
15441, 0.00301776
15442, 0.00301794
15443, 0.00301812
15444, 0.00301829
15445, 0.00301846
15446, 0.00301863
15447, 0.00301881
15448, 0.00301898
15449, 0.00301916
15450, 0.00301933
15451, 0.00301951
15452, 0.00301968
15453, 0.00301986
15454, 0.00302003
15455, 0.00302020
15456, 0.00302038
15457, 0.00302055
15458, 0.00302073
15459, 0.00302090
15460, 0.00302108
15461, 0.00302125
15462, 0.00302142
15463, 0.00302160
15464, 0.00302178
15465, 0.00302195
15466, 0.00302213
15467, 0.00302231
15468, 0.00302248
15469, 0.00302266
15470, 0.00302283
15471, 0.00302300
15472, 0.00302318
15473, 0.00302335
15474, 0.00302352
15475, 0.00302370
15476, 0.00302388
15477, 0.00302406
15478, 0.00302424
15479, 0.00302441
15480, 0.00302458
15481, 0.00302476
15482, 0.00302493
15483, 0.00302510
15484, 0.00302528
15485, 0.00302545
15486, 0.00302563
15487, 0.00302580
15488, 0.00302597
15489, 0.00302614
15490, 0.00302632
15491, 0.00302650
15492, 0.00302667
15493, 0.00302684
15494, 0.00302701
15495, 0.00302718
15496, 0.00302735
15497, 0.00302753
15498, 0.00302770
15499, 0.00302787
15500, 0.00302804
15501, 0.00302821
15502, 0.00302839
15503, 0.00303062
15504, 0.00303081
15505, 0.00303099
15506, 0.00303117
15507, 0.00303134
15508, 0.00303152
15509, 0.00303169
15510, 0.00303187
15511, 0.00303205
15512, 0.00303222
15513, 0.00303240
15514, 0.00303257
15515, 0.00303275
15516, 0.00303293
15517, 0.00303310
15518, 0.00303328
15519, 0.00303346
15520, 0.00303363
15521, 0.00303381
15522, 0.00303398
15523, 0.00303416
15524, 0.00303434
15525, 0.00303452
15526, 0.00303470
15527, 0.00303488
15528, 0.00303506
15529, 0.00303525
15530, 0.00303543
15531, 0.00303561
15532, 0.00303579
15533, 0.00303597
15534, 0.00303615
15535, 0.00303633
15536, 0.00303651
15537, 0.00303669
15538, 0.00303687
15539, 0.00303706
15540, 0.00303724
15541, 0.00303742
15542, 0.00303760
15543, 0.00303779
15544, 0.00303797
15545, 0.00303816
15546, 0.00303834
15547, 0.00303852
15548, 0.00303871
15549, 0.00303890
15550, 0.00303908
15551, 0.00303926
15552, 0.00303945
15553, 0.00303963
15554, 0.00303981
15555, 0.00303999
15556, 0.00304017
15557, 0.00304035
15558, 0.00304053
15559, 0.00304071
15560, 0.00304089
15561, 0.00304108
15562, 0.00304126
15563, 0.00304144
15564, 0.00304162
15565, 0.00304180
15566, 0.00304198
15567, 0.00304216
15568, 0.00304233
15569, 0.00304250
15570, 0.00304267
15571, 0.00304285
15572, 0.00304303
15573, 0.00304321
15574, 0.00304339
15575, 0.00304361
15576, 0.00304379
15577, 0.00304397
15578, 0.00304415
15579, 0.00304432
15580, 0.00304449
15581, 0.00304467
15582, 0.00304484
15583, 0.00304502
15584, 0.00304520
15585, 0.00304538
15586, 0.00304557
15587, 0.00304575
15588, 0.00304592
15589, 0.00304610
15590, 0.00304627
15591, 0.00304644
15592, 0.00304661
15593, 0.00304678
15594, 0.00304695
15595, 0.00304713
15596, 0.00304730
15597, 0.00304747
15598, 0.00304764
15599, 0.00304781
15600, 0.00304799
15601, 0.00304818
15602, 0.00304835
15603, 0.00304853
15604, 0.00304870
15605, 0.00304887
15606, 0.00304904
15607, 0.00304921
15608, 0.00304939
15609, 0.00304956
15610, 0.00304973
15611, 0.00304990
15612, 0.00305008
15613, 0.00305027
15614, 0.00305044
15615, 0.00305062
15616, 0.00305080
15617, 0.00305098
15618, 0.00305117
15619, 0.00305135
15620, 0.00305153
15621, 0.00305171
15622, 0.00305189
15623, 0.00305207
15624, 0.00305225
15625, 0.00305243
15626, 0.00305260
15627, 0.00305277
15628, 0.00305295
15629, 0.00305531
15630, 0.00305550
15631, 0.00305567
15632, 0.00305585
15633, 0.00305603
15634, 0.00305621
15635, 0.00305639
15636, 0.00305657
15637, 0.00305675
15638, 0.00305692
15639, 0.00305710
15640, 0.00305727
15641, 0.00305745
15642, 0.00305762
15643, 0.00305780
15644, 0.00305798
15645, 0.00305816
15646, 0.00305833
15647, 0.00305851
15648, 0.00305868
15649, 0.00305885
15650, 0.00305902
15651, 0.00305919
15652, 0.00305937
15653, 0.00305955
15654, 0.00305972
15655, 0.00305989
15656, 0.00306007
15657, 0.00306024
15658, 0.00306041
15659, 0.00306058
15660, 0.00306075
15661, 0.00306093
15662, 0.00306110
15663, 0.00306127
15664, 0.00306145
15665, 0.00306162
15666, 0.00306180
15667, 0.00306197
15668, 0.00306214
15669, 0.00306232
15670, 0.00306249
15671, 0.00306266
15672, 0.00306283
15673, 0.00306301
15674, 0.00306318
15675, 0.00306335
15676, 0.00306353
15677, 0.00306370
15678, 0.00306387
15679, 0.00306405
15680, 0.00306422
15681, 0.00306439
15682, 0.00306456
15683, 0.00306474
15684, 0.00306492
15685, 0.00306509
15686, 0.00306527
15687, 0.00306544
15688, 0.00306562
15689, 0.00306579
15690, 0.00306596
15691, 0.00306614
15692, 0.00306631
15693, 0.00306649
15694, 0.00306667
15695, 0.00306684
15696, 0.00306702
15697, 0.00306720
15698, 0.00306739
15699, 0.00306757
15700, 0.00306775
15701, 0.00306793
15702, 0.00306811
15703, 0.00306829
15704, 0.00306847
15705, 0.00306865
15706, 0.00306883
15707, 0.00306901
15708, 0.00306919
15709, 0.00306937
15710, 0.00306955
15711, 0.00306973
15712, 0.00306991
15713, 0.00307010
15714, 0.00307028
15715, 0.00307046
15716, 0.00307064
15717, 0.00307082
15718, 0.00307100
15719, 0.00307118
15720, 0.00307136
15721, 0.00307154
15722, 0.00307172
15723, 0.00307190
15724, 0.00307208
15725, 0.00307226
15726, 0.00307244
15727, 0.00307262
15728, 0.00307280
15729, 0.00307298
15730, 0.00307316
15731, 0.00307334
15732, 0.00307353
15733, 0.00307371
15734, 0.00307389
15735, 0.00307407
15736, 0.00307425
15737, 0.00307443
15738, 0.00307461
15739, 0.00307479
15740, 0.00307497
15741, 0.00307515
15742, 0.00307533
15743, 0.00307551
15744, 0.00307569
15745, 0.00307587
15746, 0.00307605
15747, 0.00307623
15748, 0.00307641
15749, 0.00307659
15750, 0.00307677
15751, 0.00307695
15752, 0.00307713
15753, 0.00307731
15754, 0.00307751
15755, 0.00307972
15756, 0.00307992
15757, 0.00308010
15758, 0.00308029
15759, 0.00308046
15760, 0.00308064
15761, 0.00308081
15762, 0.00308099
15763, 0.00308117
15764, 0.00308134
15765, 0.00308152
15766, 0.00308169
15767, 0.00308187
15768, 0.00308204
15769, 0.00308221
15770, 0.00308239
15771, 0.00308256
15772, 0.00308273
15773, 0.00308291
15774, 0.00308308
15775, 0.00308326
15776, 0.00308343
15777, 0.00308361
15778, 0.00308378
15779, 0.00308395
15780, 0.00308413
15781, 0.00308430
15782, 0.00308448
15783, 0.00308465
15784, 0.00308483
15785, 0.00308500
15786, 0.00308517
15787, 0.00308534
15788, 0.00308551
15789, 0.00308568
15790, 0.00308585
15791, 0.00308602
15792, 0.00308620
15793, 0.00308637
15794, 0.00308655
15795, 0.00308672
15796, 0.00308689
15797, 0.00308706
15798, 0.00308724
15799, 0.00308741
15800, 0.00308758
15801, 0.00308775
15802, 0.00308793
15803, 0.00308810
15804, 0.00308827
15805, 0.00308845
15806, 0.00308862
15807, 0.00308880
15808, 0.00308898
15809, 0.00308915
15810, 0.00308932
15811, 0.00308950
15812, 0.00308967
15813, 0.00308984
15814, 0.00309002
15815, 0.00309019
15816, 0.00309036
15817, 0.00309053
15818, 0.00309071
15819, 0.00309088
15820, 0.00309105
15821, 0.00309122
15822, 0.00309139
15823, 0.00309156
15824, 0.00309173
15825, 0.00309191
15826, 0.00309208
15827, 0.00309227
15828, 0.00309244
15829, 0.00309262
15830, 0.00309280
15831, 0.00309299
15832, 0.00309317
15833, 0.00309334
15834, 0.00309351
15835, 0.00309368
15836, 0.00309385
15837, 0.00309402
15838, 0.00309420
15839, 0.00309437
15840, 0.00309454
15841, 0.00309471
15842, 0.00309489
15843, 0.00309506
15844, 0.00309523
15845, 0.00309540
15846, 0.00309557
15847, 0.00309574
15848, 0.00309592
15849, 0.00309609
15850, 0.00309626
15851, 0.00309643
15852, 0.00309660
15853, 0.00309677
15854, 0.00309694
15855, 0.00309712
15856, 0.00309730
15857, 0.00309747
15858, 0.00309764
15859, 0.00309781
15860, 0.00309798
15861, 0.00309816
15862, 0.00309833
15863, 0.00309850
15864, 0.00309867
15865, 0.00309886
15866, 0.00309904
15867, 0.00309922
15868, 0.00309939
15869, 0.00309956
15870, 0.00309974
15871, 0.00309991
15872, 0.00310008
15873, 0.00310026
15874, 0.00310045
15875, 0.00310063
15876, 0.00310081
15877, 0.00310100
15878, 0.00310118
15879, 0.00310145
15880, 0.00310164
15881, 0.00310390
15882, 0.00310410
15883, 0.00310428
15884, 0.00310445
15885, 0.00310463
15886, 0.00310481
15887, 0.00310506
15888, 0.00310524
15889, 0.00310542
15890, 0.00310559
15891, 0.00310577
15892, 0.00310595
15893, 0.00310612
15894, 0.00310629
15895, 0.00310647
15896, 0.00310664
15897, 0.00310682
15898, 0.00310699
15899, 0.00310717
15900, 0.00310734
15901, 0.00310751
15902, 0.00310769
15903, 0.00310787
15904, 0.00310805
15905, 0.00310822
15906, 0.00310840
15907, 0.00310857
15908, 0.00310874
15909, 0.00310891
15910, 0.00310908
15911, 0.00310925
15912, 0.00310942
15913, 0.00310959
15914, 0.00310976
15915, 0.00310993
15916, 0.00311010
15917, 0.00311027
15918, 0.00311044
15919, 0.00311062
15920, 0.00311079
15921, 0.00311096
15922, 0.00311113
15923, 0.00311130
15924, 0.00311147
15925, 0.00311164
15926, 0.00311181
15927, 0.00311198
15928, 0.00311215
15929, 0.00311232
15930, 0.00311250
15931, 0.00311267
15932, 0.00311284
15933, 0.00311301
15934, 0.00311318
15935, 0.00311335
15936, 0.00311352
15937, 0.00311369
15938, 0.00311386
15939, 0.00311403
15940, 0.00311420
15941, 0.00311437
15942, 0.00311454
15943, 0.00311471
15944, 0.00311488
15945, 0.00311505
15946, 0.00311522
15947, 0.00311539
15948, 0.00311556
15949, 0.00311573
15950, 0.00311590
15951, 0.00311607
15952, 0.00311623
15953, 0.00311640
15954, 0.00311657
15955, 0.00311674
15956, 0.00311691
15957, 0.00311708
15958, 0.00311725
15959, 0.00311742
15960, 0.00311760
15961, 0.00311777
15962, 0.00311794
15963, 0.00311810
15964, 0.00311827
15965, 0.00311844
15966, 0.00311861
15967, 0.00311878
15968, 0.00311895
15969, 0.00311912
15970, 0.00311929
15971, 0.00311946
15972, 0.00311963
15973, 0.00311981
15974, 0.00311998
15975, 0.00312015
15976, 0.00312032
15977, 0.00312049
15978, 0.00312066
15979, 0.00312083
15980, 0.00312100
15981, 0.00312117
15982, 0.00312134
15983, 0.00312151
15984, 0.00312168
15985, 0.00312185
15986, 0.00312202
15987, 0.00312219
15988, 0.00312236
15989, 0.00312253
15990, 0.00312270
15991, 0.00312287
15992, 0.00312304
15993, 0.00312321
15994, 0.00312338
15995, 0.00312355
15996, 0.00312372
15997, 0.00312389
15998, 0.00312406
15999, 0.00312423
16000, 0.00312440
16001, 0.00312457
16002, 0.00312474
16003, 0.00312491
16004, 0.00312508
16005, 0.00312525
16006, 0.00312543
16007, 0.00312760
16008, 0.00312780
16009, 0.00312798
16010, 0.00312815
16011, 0.00312833
16012, 0.00312850
16013, 0.00312868
16014, 0.00312886
16015, 0.00312904
16016, 0.00312921
16017, 0.00312939
16018, 0.00312957
16019, 0.00312974
16020, 0.00312992
16021, 0.00313010
16022, 0.00313027
16023, 0.00313045
16024, 0.00313062
16025, 0.00313080
16026, 0.00313098
16027, 0.00313115
16028, 0.00313132
16029, 0.00313150
16030, 0.00313167
16031, 0.00313185
16032, 0.00313203
16033, 0.00313221
16034, 0.00313238
16035, 0.00313256
16036, 0.00313273
16037, 0.00313290
16038, 0.00313308
16039, 0.00313326
16040, 0.00313343
16041, 0.00313361
16042, 0.00313378
16043, 0.00313396
16044, 0.00313413
16045, 0.00313430
16046, 0.00313448
16047, 0.00313465
16048, 0.00313483
16049, 0.00313500
16050, 0.00313517
16051, 0.00313535
16052, 0.00313552
16053, 0.00313570
16054, 0.00313587
16055, 0.00313605
16056, 0.00313623
16057, 0.00313642
16058, 0.00313661
16059, 0.00313679
16060, 0.00313698
16061, 0.00313717
16062, 0.00313734
16063, 0.00313752
16064, 0.00313769
16065, 0.00313787
16066, 0.00313805
16067, 0.00313823
16068, 0.00313842
16069, 0.00313859
16070, 0.00313878
16071, 0.00313896
16072, 0.00313915
16073, 0.00313933
16074, 0.00313950
16075, 0.00313968
16076, 0.00313986
16077, 0.00314003
16078, 0.00314020
16079, 0.00314038
16080, 0.00314055
16081, 0.00314072
16082, 0.00314090
16083, 0.00314107
16084, 0.00314125
16085, 0.00314142
16086, 0.00314159
16087, 0.00314176
16088, 0.00314193
16089, 0.00314211
16090, 0.00314229
16091, 0.00314246
16092, 0.00314263
16093, 0.00314280
16094, 0.00314297
16095, 0.00314314
16096, 0.00314331
16097, 0.00314349
16098, 0.00314366
16099, 0.00314383
16100, 0.00314400
16101, 0.00314418
16102, 0.00314435
16103, 0.00314452
16104, 0.00314469
16105, 0.00314487
16106, 0.00314504
16107, 0.00314521
16108, 0.00314538
16109, 0.00314555
16110, 0.00314573
16111, 0.00314590
16112, 0.00314607
16113, 0.00314624
16114, 0.00314641
16115, 0.00314658
16116, 0.00314675
16117, 0.00314692
16118, 0.00314709
16119, 0.00314727
16120, 0.00314744
16121, 0.00314762
16122, 0.00314779
16123, 0.00314796
16124, 0.00314813
16125, 0.00314830
16126, 0.00314848
16127, 0.00314865
16128, 0.00314882
16129, 0.00314899
16130, 0.00314916
16131, 0.00314933
16132, 0.00314951
16133, 0.00315177
16134, 0.00315197
16135, 0.00315215
16136, 0.00315233
16137, 0.00315251
16138, 0.00315268
16139, 0.00315286
16140, 0.00315303
16141, 0.00315321
16142, 0.00315338
16143, 0.00315356
16144, 0.00315373
16145, 0.00315391
16146, 0.00315409
16147, 0.00315426
16148, 0.00315444
16149, 0.00315462
16150, 0.00315479
16151, 0.00315497
16152, 0.00315515
16153, 0.00315532
16154, 0.00315550
16155, 0.00315568
16156, 0.00315585
16157, 0.00315603
16158, 0.00315621
16159, 0.00315638
16160, 0.00315656
16161, 0.00315673
16162, 0.00315691
16163, 0.00315708
16164, 0.00315725
16165, 0.00315743
16166, 0.00315760
16167, 0.00315778
16168, 0.00315795
16169, 0.00315812
16170, 0.00315830
16171, 0.00315848
16172, 0.00315865
16173, 0.00315882
16174, 0.00315900
16175, 0.00315917
16176, 0.00315935
16177, 0.00315952
16178, 0.00315969
16179, 0.00315986
16180, 0.00316004
16181, 0.00316022
16182, 0.00316040
16183, 0.00316057
16184, 0.00316074
16185, 0.00316092
16186, 0.00316109
16187, 0.00316126
16188, 0.00316144
16189, 0.00316161
16190, 0.00316178
16191, 0.00316196
16192, 0.00316213
16193, 0.00316231
16194, 0.00316248
16195, 0.00316266
16196, 0.00316283
16197, 0.00316300
16198, 0.00316317
16199, 0.00316335
16200, 0.00316352
16201, 0.00316370
16202, 0.00316387
16203, 0.00316404
16204, 0.00316422
16205, 0.00316442
16206, 0.00316462
16207, 0.00316480
16208, 0.00316497
16209, 0.00316515
16210, 0.00316532
16211, 0.00316550
16212, 0.00316567
16213, 0.00316585
16214, 0.00316602
16215, 0.00316620
16216, 0.00316637
16217, 0.00316655
16218, 0.00316672
16219, 0.00316689
16220, 0.00316706
16221, 0.00316724
16222, 0.00316741
16223, 0.00316758
16224, 0.00316776
16225, 0.00316792
16226, 0.00316809
16227, 0.00316826
16228, 0.00316844
16229, 0.00316861
16230, 0.00316878
16231, 0.00316895
16232, 0.00316912
16233, 0.00316929
16234, 0.00316946
16235, 0.00316963
16236, 0.00316980
16237, 0.00316997
16238, 0.00317014
16239, 0.00317032
16240, 0.00317049
16241, 0.00317066
16242, 0.00317083
16243, 0.00317102
16244, 0.00317120
16245, 0.00317138
16246, 0.00317156
16247, 0.00317174
16248, 0.00317192
16249, 0.00317210
16250, 0.00317229
16251, 0.00317247
16252, 0.00317264
16253, 0.00317281
16254, 0.00317298
16255, 0.00317316
16256, 0.00317333
16257, 0.00317350
16258, 0.00317368
16259, 0.00317590
16260, 0.00317610
16261, 0.00317627
16262, 0.00317645
16263, 0.00317662
16264, 0.00317681
16265, 0.00317698
16266, 0.00317716
16267, 0.00317733
16268, 0.00317750
16269, 0.00317768
16270, 0.00317785
16271, 0.00317802
16272, 0.00317820
16273, 0.00317837
16274, 0.00317854
16275, 0.00317871
16276, 0.00317888
16277, 0.00317906
16278, 0.00317923
16279, 0.00317940
16280, 0.00317957
16281, 0.00317975
16282, 0.00317992
16283, 0.00318009
16284, 0.00318026
16285, 0.00318043
16286, 0.00318060
16287, 0.00318078
16288, 0.00318096
16289, 0.00318113
16290, 0.00318130
16291, 0.00318147
16292, 0.00318164
16293, 0.00318181
16294, 0.00318198
16295, 0.00318216
16296, 0.00318233
16297, 0.00318250
16298, 0.00318267
16299, 0.00318284
16300, 0.00318301
16301, 0.00318323
16302, 0.00318340
16303, 0.00318357
16304, 0.00318374
16305, 0.00318392
16306, 0.00318410
16307, 0.00318429
16308, 0.00318447
16309, 0.00318465
16310, 0.00318483
16311, 0.00318501
16312, 0.00318519
16313, 0.00318538
16314, 0.00318556
16315, 0.00318574
16316, 0.00318593
16317, 0.00318611
16318, 0.00318628
16319, 0.00318645
16320, 0.00318663
16321, 0.00318680
16322, 0.00318697
16323, 0.00318714
16324, 0.00318732
16325, 0.00318749
16326, 0.00318766
16327, 0.00318783
16328, 0.00318800
16329, 0.00318818
16330, 0.00318837
16331, 0.00318854
16332, 0.00318871
16333, 0.00318888
16334, 0.00318905
16335, 0.00318922
16336, 0.00318939
16337, 0.00318956
16338, 0.00318973
16339, 0.00318991
16340, 0.00319008
16341, 0.00319025
16342, 0.00319042
16343, 0.00319059
16344, 0.00319077
16345, 0.00319094
16346, 0.00319111
16347, 0.00319128
16348, 0.00319145
16349, 0.00319163
16350, 0.00319180
16351, 0.00319197
16352, 0.00319214
16353, 0.00319231
16354, 0.00319249
16355, 0.00319266
16356, 0.00319283
16357, 0.00319301
16358, 0.00319318
16359, 0.00319336
16360, 0.00319353
16361, 0.00319371
16362, 0.00319388
16363, 0.00319405
16364, 0.00319422
16365, 0.00319439
16366, 0.00319457
16367, 0.00319474
16368, 0.00319491
16369, 0.00319508
16370, 0.00319525
16371, 0.00319543
16372, 0.00319560
16373, 0.00319577
16374, 0.00319594
16375, 0.00319612
16376, 0.00319629
16377, 0.00319646
16378, 0.00319663
16379, 0.00319681
16380, 0.00319698
16381, 0.00319715
16382, 0.00319732
16383, 0.00319749
16384, 0.00319768
16385, 0.00319986
16386, 0.00320007
16387, 0.00320024
16388, 0.00320041
16389, 0.00320059
16390, 0.00320076
16391, 0.00320101
16392, 0.00320119
16393, 0.00320136
16394, 0.00320153
16395, 0.00320171
16396, 0.00320188
16397, 0.00320205
16398, 0.00320222
16399, 0.00320246
16400, 0.00320263
16401, 0.00320281
16402, 0.00320298
16403, 0.00320315
16404, 0.00320332
16405, 0.00320349
16406, 0.00320367
16407, 0.00320385
16408, 0.00320402
16409, 0.00320419
16410, 0.00320436
16411, 0.00320453
16412, 0.00320470
16413, 0.00320487
16414, 0.00320504
16415, 0.00320529
16416, 0.00320546
16417, 0.00320564
16418, 0.00320581
16419, 0.00320598
16420, 0.00320615
16421, 0.00320633
16422, 0.00320651
16423, 0.00320676
16424, 0.00320694
16425, 0.00320711
16426, 0.00320728
16427, 0.00320745
16428, 0.00320763
16429, 0.00320780
16430, 0.00320797
16431, 0.00320821
16432, 0.00320838
16433, 0.00320855
16434, 0.00320872
16435, 0.00320889
16436, 0.00320907
16437, 0.00320924
16438, 0.00320941
16439, 0.00320966
16440, 0.00320984
16441, 0.00321002
16442, 0.00321020
16443, 0.00321038
16444, 0.00321056
16445, 0.00321075
16446, 0.00321093
16447, 0.00321118
16448, 0.00321136
16449, 0.00321154
16450, 0.00321172
16451, 0.00321190
16452, 0.00321209
16453, 0.00321227
16454, 0.00321245
16455, 0.00321263
16456, 0.00321281
16457, 0.00321299
16458, 0.00321317
16459, 0.00321334
16460, 0.00321352
16461, 0.00321369
16462, 0.00321386
16463, 0.00321403
16464, 0.00321420
16465, 0.00321437
16466, 0.00321455
16467, 0.00321472
16468, 0.00321489
16469, 0.00321506
16470, 0.00321523
16471, 0.00321541
16472, 0.00321558
16473, 0.00321575
16474, 0.00321592
16475, 0.00321609
16476, 0.00321627
16477, 0.00321644
16478, 0.00321661
16479, 0.00321678
16480, 0.00321695
16481, 0.00321711
16482, 0.00321729
16483, 0.00321746
16484, 0.00321763
16485, 0.00321780
16486, 0.00321797
16487, 0.00321814
16488, 0.00321832
16489, 0.00321849
16490, 0.00321866
16491, 0.00321883
16492, 0.00321901
16493, 0.00321918
16494, 0.00321935
16495, 0.00321952
16496, 0.00321969
16497, 0.00321987
16498, 0.00322004
16499, 0.00322021
16500, 0.00322038
16501, 0.00322055
16502, 0.00322072
16503, 0.00322089
16504, 0.00322107
16505, 0.00322124
16506, 0.00322141
16507, 0.00322158
16508, 0.00322175
16509, 0.00322193
16510, 0.00322211
16511, 0.00322462
16512, 0.00322482
16513, 0.00322500
16514, 0.00322518
16515, 0.00322536
16516, 0.00322553
16517, 0.00322570
16518, 0.00322588
16519, 0.00322605
16520, 0.00322623
16521, 0.00322640
16522, 0.00322658
16523, 0.00322675
16524, 0.00322693
16525, 0.00322710
16526, 0.00322728
16527, 0.00322745
16528, 0.00322762
16529, 0.00322779
16530, 0.00322797
16531, 0.00322814
16532, 0.00322831
16533, 0.00322848
16534, 0.00322866
16535, 0.00322883
16536, 0.00322901
16537, 0.00322918
16538, 0.00322935
16539, 0.00322953
16540, 0.00322970
16541, 0.00322987
16542, 0.00323004
16543, 0.00323022
16544, 0.00323040
16545, 0.00323057
16546, 0.00323075
16547, 0.00323092
16548, 0.00323110
16549, 0.00323128
16550, 0.00323145
16551, 0.00323163
16552, 0.00323180
16553, 0.00323197
16554, 0.00323215
16555, 0.00323232
16556, 0.00323249
16557, 0.00323267
16558, 0.00323284
16559, 0.00323302
16560, 0.00323319
16561, 0.00323336
16562, 0.00323353
16563, 0.00323371
16564, 0.00323388
16565, 0.00323405
16566, 0.00323423
16567, 0.00323440
16568, 0.00323458
16569, 0.00323476
16570, 0.00323494
16571, 0.00323511
16572, 0.00323528
16573, 0.00323546
16574, 0.00323564
16575, 0.00323581
16576, 0.00323598
16577, 0.00323615
16578, 0.00323632
16579, 0.00323650
16580, 0.00323667
16581, 0.00323684
16582, 0.00323702
16583, 0.00323719
16584, 0.00323736
16585, 0.00323754
16586, 0.00323771
16587, 0.00323788
16588, 0.00323806
16589, 0.00323823
16590, 0.00323840
16591, 0.00323858
16592, 0.00323875
16593, 0.00323893
16594, 0.00323910
16595, 0.00323928
16596, 0.00323945
16597, 0.00323963
16598, 0.00323980
16599, 0.00323998
16600, 0.00324015
16601, 0.00324032
16602, 0.00324049
16603, 0.00324067
16604, 0.00324084
16605, 0.00324101
16606, 0.00324118
16607, 0.00324136
16608, 0.00324153
16609, 0.00324171
16610, 0.00324188
16611, 0.00324205
16612, 0.00324222
16613, 0.00324239
16614, 0.00324256
16615, 0.00324273
16616, 0.00324290
16617, 0.00324308
16618, 0.00324325
16619, 0.00324343
16620, 0.00324360
16621, 0.00324377
16622, 0.00324395
16623, 0.00324412
16624, 0.00324429
16625, 0.00324446
16626, 0.00324463
16627, 0.00324480
16628, 0.00324497
16629, 0.00324514
16630, 0.00324531
16631, 0.00324548
16632, 0.00324565
16633, 0.00324582
16634, 0.00324599
16635, 0.00324617
16636, 0.00324635
16637, 0.00324860
16638, 0.00324879
16639, 0.00324897
16640, 0.00324914
16641, 0.00324932
16642, 0.00324949
16643, 0.00324966
16644, 0.00324984
16645, 0.00325001
16646, 0.00325018
16647, 0.00325035
16648, 0.00325052
16649, 0.00325069
16650, 0.00325086
16651, 0.00325103
16652, 0.00325120
16653, 0.00325138
16654, 0.00325155
16655, 0.00325172
16656, 0.00325189
16657, 0.00325206
16658, 0.00325223
16659, 0.00325241
16660, 0.00325258
16661, 0.00325275
16662, 0.00325292
16663, 0.00325309
16664, 0.00325326
16665, 0.00325343
16666, 0.00325360
16667, 0.00325378
16668, 0.00325395
16669, 0.00325412
16670, 0.00325429
16671, 0.00325446
16672, 0.00325463
16673, 0.00325481
16674, 0.00325498
16675, 0.00325516
16676, 0.00325533
16677, 0.00325550
16678, 0.00325567
16679, 0.00325585
16680, 0.00325603
16681, 0.00325620
16682, 0.00325638
16683, 0.00325655
16684, 0.00325673
16685, 0.00325690
16686, 0.00325707
16687, 0.00325725
16688, 0.00325742
16689, 0.00325759
16690, 0.00325776
16691, 0.00325793
16692, 0.00325810
16693, 0.00325828
16694, 0.00325845
16695, 0.00325863
16696, 0.00325881
16697, 0.00325898
16698, 0.00325915
16699, 0.00325933
16700, 0.00325950
16701, 0.00325967
16702, 0.00325984
16703, 0.00326001
16704, 0.00326019
16705, 0.00326036
16706, 0.00326053
16707, 0.00326070
16708, 0.00326088
16709, 0.00326105
16710, 0.00326122
16711, 0.00326140
16712, 0.00326157
16713, 0.00326174
16714, 0.00326191
16715, 0.00326208
16716, 0.00326226
16717, 0.00326243
16718, 0.00326261
16719, 0.00326278
16720, 0.00326295
16721, 0.00326312
16722, 0.00326329
16723, 0.00326346
16724, 0.00326364
16725, 0.00326382
16726, 0.00326399
16727, 0.00326416
16728, 0.00326433
16729, 0.00326450
16730, 0.00326467
16731, 0.00326485
16732, 0.00326502
16733, 0.00326520
16734, 0.00326537
16735, 0.00326554
16736, 0.00326572
16737, 0.00326589
16738, 0.00326606
16739, 0.00326623
16740, 0.00326640
16741, 0.00326657
16742, 0.00326674
16743, 0.00326691
16744, 0.00326709
16745, 0.00326726
16746, 0.00326744
16747, 0.00326761
16748, 0.00326779
16749, 0.00326796
16750, 0.00326813
16751, 0.00326831
16752, 0.00326848
16753, 0.00326865
16754, 0.00326883
16755, 0.00326900
16756, 0.00326917
16757, 0.00326934
16758, 0.00326952
16759, 0.00326969
16760, 0.00326986
16761, 0.00327004
16762, 0.00327022
16763, 0.00327283
16764, 0.00327302
16765, 0.00327320
16766, 0.00327338
16767, 0.00327356
16768, 0.00327373
16769, 0.00327391
16770, 0.00327408
16771, 0.00327426
16772, 0.00327443
16773, 0.00327461
16774, 0.00327478
16775, 0.00327496
16776, 0.00327513
16777, 0.00327531
16778, 0.00327548
16779, 0.00327566
16780, 0.00327583
16781, 0.00327603
16782, 0.00327620
16783, 0.00327637
16784, 0.00327655
16785, 0.00327672
16786, 0.00327690
16787, 0.00327707
16788, 0.00327725
16789, 0.00327742
16790, 0.00327760
16791, 0.00327778
16792, 0.00327795
16793, 0.00327813
16794, 0.00327830
16795, 0.00327847
16796, 0.00327865
16797, 0.00327882
16798, 0.00327899
16799, 0.00327917
16800, 0.00327934
16801, 0.00327952
16802, 0.00327969
16803, 0.00327986
16804, 0.00328004
16805, 0.00328021
16806, 0.00328039
16807, 0.00328057
16808, 0.00328074
16809, 0.00328091
16810, 0.00328108
16811, 0.00328126
16812, 0.00328143
16813, 0.00328161
16814, 0.00328178
16815, 0.00328195
16816, 0.00328213
16817, 0.00328230
16818, 0.00328247
16819, 0.00328265
16820, 0.00328282
16821, 0.00328299
16822, 0.00328317
16823, 0.00328334
16824, 0.00328351
16825, 0.00328369
16826, 0.00328386
16827, 0.00328403
16828, 0.00328421
16829, 0.00328438
16830, 0.00328455
16831, 0.00328473
16832, 0.00328490
16833, 0.00328508
16834, 0.00328525
16835, 0.00328543
16836, 0.00328560
16837, 0.00328577
16838, 0.00328595
16839, 0.00328612
16840, 0.00328630
16841, 0.00328647
16842, 0.00328664
16843, 0.00328682
16844, 0.00328699
16845, 0.00328717
16846, 0.00328734
16847, 0.00328751
16848, 0.00328769
16849, 0.00328786
16850, 0.00328803
16851, 0.00328821
16852, 0.00328838
16853, 0.00328855
16854, 0.00328873
16855, 0.00328890
16856, 0.00328908
16857, 0.00328925
16858, 0.00328942
16859, 0.00328960
16860, 0.00328977
16861, 0.00328995
16862, 0.00329012
16863, 0.00329029
16864, 0.00329047
16865, 0.00329064
16866, 0.00329083
16867, 0.00329100
16868, 0.00329117
16869, 0.00329135
16870, 0.00329152
16871, 0.00329169
16872, 0.00329187
16873, 0.00329204
16874, 0.00329221
16875, 0.00329239
16876, 0.00329257
16877, 0.00329274
16878, 0.00329292
16879, 0.00329309
16880, 0.00329326
16881, 0.00329344
16882, 0.00329361
16883, 0.00329379
16884, 0.00329396
16885, 0.00329413
16886, 0.00329431
16887, 0.00329448
16888, 0.00329469
16889, 0.00329703
16890, 0.00329722
16891, 0.00329740
16892, 0.00329757
16893, 0.00329775
16894, 0.00329792
16895, 0.00329809
16896, 0.00329827
16897, 0.00329844
16898, 0.00329861
16899, 0.00329879
16900, 0.00329897
16901, 0.00329914
16902, 0.00329931
16903, 0.00329959
16904, 0.00329976
16905, 0.00329993
16906, 0.00330011
16907, 0.00330028
16908, 0.00330045
16909, 0.00330062
16910, 0.00330079
16911, 0.00330103
16912, 0.00330122
16913, 0.00330139
16914, 0.00330156
16915, 0.00330173
16916, 0.00330191
16917, 0.00330208
16918, 0.00330226
16919, 0.00330244
16920, 0.00330262
16921, 0.00330279
16922, 0.00330296
16923, 0.00330313
16924, 0.00330331
16925, 0.00330348
16926, 0.00330366
16927, 0.00330383
16928, 0.00330401
16929, 0.00330418
16930, 0.00330435
16931, 0.00330453
16932, 0.00330470
16933, 0.00330488
16934, 0.00330506
16935, 0.00330523
16936, 0.00330540
16937, 0.00330557
16938, 0.00330575
16939, 0.00330592
16940, 0.00330609
16941, 0.00330627
16942, 0.00330644
16943, 0.00330661
16944, 0.00330679
16945, 0.00330696
16946, 0.00330714
16947, 0.00330731
16948, 0.00330749
16949, 0.00330766
16950, 0.00330783
16951, 0.00330801
16952, 0.00330818
16953, 0.00330836
16954, 0.00330854
16955, 0.00330871
16956, 0.00330889
16957, 0.00330906
16958, 0.00330923
16959, 0.00330947
16960, 0.00330965
16961, 0.00330982
16962, 0.00330999
16963, 0.00331016
16964, 0.00331034
16965, 0.00331051
16966, 0.00331069
16967, 0.00331086
16968, 0.00331104
16969, 0.00331121
16970, 0.00331138
16971, 0.00331156
16972, 0.00331174
16973, 0.00331191
16974, 0.00331208
16975, 0.00331226
16976, 0.00331243
16977, 0.00331261
16978, 0.00331278
16979, 0.00331295
16980, 0.00331312
16981, 0.00331329
16982, 0.00331347
16983, 0.00331364
16984, 0.00331381
16985, 0.00331398
16986, 0.00331415
16987, 0.00331432
16988, 0.00331449
16989, 0.00331467
16990, 0.00331484
16991, 0.00331502
16992, 0.00331519
16993, 0.00331536
16994, 0.00331554
16995, 0.00331571
16996, 0.00331589
16997, 0.00331606
16998, 0.00331623
16999, 0.00331641
17000, 0.00331658
17001, 0.00331675
17002, 0.00331692
17003, 0.00331710
17004, 0.00331727
17005, 0.00331745
17006, 0.00331762
17007, 0.00331780
17008, 0.00331797
17009, 0.00331814
17010, 0.00331831
17011, 0.00331849
17012, 0.00331866
17013, 0.00331883
17014, 0.00331903
17015, 0.00332158
17016, 0.00332177
17017, 0.00332195
17018, 0.00332212
17019, 0.00332230
17020, 0.00332247
17021, 0.00332264
17022, 0.00332282
17023, 0.00332301
17024, 0.00332318
17025, 0.00332336
17026, 0.00332353
17027, 0.00332371
17028, 0.00332388
17029, 0.00332406
17030, 0.00332423
17031, 0.00332441
17032, 0.00332459
17033, 0.00332476
17034, 0.00332494
17035, 0.00332511
17036, 0.00332529
17037, 0.00332546
17038, 0.00332563
17039, 0.00332581
17040, 0.00332598
17041, 0.00332616
17042, 0.00332633
17043, 0.00332651
17044, 0.00332668
17045, 0.00332686
17046, 0.00332703
17047, 0.00332720
17048, 0.00332738
17049, 0.00332755
17050, 0.00332772
17051, 0.00332790
17052, 0.00332807
17053, 0.00332824
17054, 0.00332841
17055, 0.00332859
17056, 0.00332876
17057, 0.00332894
17058, 0.00332911
17059, 0.00332928
17060, 0.00332945
17061, 0.00332963
17062, 0.00332980
17063, 0.00332998
17064, 0.00333015
17065, 0.00333032
17066, 0.00333049
17067, 0.00333066
17068, 0.00333083
17069, 0.00333101
17070, 0.00333118
17071, 0.00333135
17072, 0.00333152
17073, 0.00333169
17074, 0.00333186
17075, 0.00333203
17076, 0.00333220
17077, 0.00333237
17078, 0.00333255
17079, 0.00333272
17080, 0.00333289
17081, 0.00333307
17082, 0.00333324
17083, 0.00333342
17084, 0.00333359
17085, 0.00333377
17086, 0.00333394
17087, 0.00333412
17088, 0.00333429
17089, 0.00333446
17090, 0.00333464
17091, 0.00333481
17092, 0.00333498
17093, 0.00333515
17094, 0.00333532
17095, 0.00333549
17096, 0.00333566
17097, 0.00333583
17098, 0.00333600
17099, 0.00333618
17100, 0.00333636
17101, 0.00333653
17102, 0.00333670
17103, 0.00333687
17104, 0.00333705
17105, 0.00333723
17106, 0.00333740
17107, 0.00333757
17108, 0.00333774
17109, 0.00333791
17110, 0.00333808
17111, 0.00333826
17112, 0.00333843
17113, 0.00333860
17114, 0.00333877
17115, 0.00333894
17116, 0.00333912
17117, 0.00333928
17118, 0.00333946
17119, 0.00333963
17120, 0.00333980
17121, 0.00333997
17122, 0.00334015
17123, 0.00334032
17124, 0.00334049
17125, 0.00334067
17126, 0.00334084
17127, 0.00334102
17128, 0.00334119
17129, 0.00334136
17130, 0.00334153
17131, 0.00334171
17132, 0.00334188
17133, 0.00334206
17134, 0.00334223
17135, 0.00334241
17136, 0.00334258
17137, 0.00334275
17138, 0.00334292
17139, 0.00334309
17140, 0.00334328
17141, 0.00334559
17142, 0.00334579
17143, 0.00334597
17144, 0.00334614
17145, 0.00334632
17146, 0.00334650
17147, 0.00334668
17148, 0.00334685
17149, 0.00334703
17150, 0.00334720
17151, 0.00334738
17152, 0.00334755
17153, 0.00334772
17154, 0.00334789
17155, 0.00334807
17156, 0.00334824
17157, 0.00334842
17158, 0.00334859
17159, 0.00334877
17160, 0.00334894
17161, 0.00334911
17162, 0.00334929
17163, 0.00334946
17164, 0.00334964
17165, 0.00334982
17166, 0.00334999
17167, 0.00335017
17168, 0.00335034
17169, 0.00335052
17170, 0.00335069
17171, 0.00335086
17172, 0.00335104
17173, 0.00335121
17174, 0.00335139
17175, 0.00335157
17176, 0.00335174
17177, 0.00335192
17178, 0.00335209
17179, 0.00335226
17180, 0.00335243
17181, 0.00335261
17182, 0.00335279
17183, 0.00335300
17184, 0.00335319
17185, 0.00335335
17186, 0.00335353
17187, 0.00335370
17188, 0.00335387
17189, 0.00335404
17190, 0.00335421
17191, 0.00335438
17192, 0.00335455
17193, 0.00335473
17194, 0.00335490
17195, 0.00335508
17196, 0.00335525
17197, 0.00335542
17198, 0.00335559
17199, 0.00335577
17200, 0.00335594
17201, 0.00335612
17202, 0.00335629
17203, 0.00335646
17204, 0.00335664
17205, 0.00335680
17206, 0.00335698
17207, 0.00335715
17208, 0.00335732
17209, 0.00335749
17210, 0.00335766
17211, 0.00335783
17212, 0.00335804
17213, 0.00335821
17214, 0.00335838
17215, 0.00335856
17216, 0.00335873
17217, 0.00335890
17218, 0.00335907
17219, 0.00335924
17220, 0.00335941
17221, 0.00335958
17222, 0.00335975
17223, 0.00335992
17224, 0.00336009
17225, 0.00336027
17226, 0.00336044
17227, 0.00336061
17228, 0.00336078
17229, 0.00336095
17230, 0.00336112
17231, 0.00336129
17232, 0.00336146
17233, 0.00336163
17234, 0.00336180
17235, 0.00336197
17236, 0.00336214
17237, 0.00336231
17238, 0.00336249
17239, 0.00336266
17240, 0.00336284
17241, 0.00336301
17242, 0.00336318
17243, 0.00336335
17244, 0.00336352
17245, 0.00336369
17246, 0.00336386
17247, 0.00336403
17248, 0.00336420
17249, 0.00336437
17250, 0.00336454
17251, 0.00336471
17252, 0.00336488
17253, 0.00336506
17254, 0.00336523
17255, 0.00336540
17256, 0.00336557
17257, 0.00336574
17258, 0.00336591
17259, 0.00336609
17260, 0.00336626
17261, 0.00336643
17262, 0.00336660
17263, 0.00336677
17264, 0.00336694
17265, 0.00336711
17266, 0.00336730
17267, 0.00336950
17268, 0.00336970
17269, 0.00336988
17270, 0.00337006
17271, 0.00337023
17272, 0.00337041
17273, 0.00337059
17274, 0.00337077
17275, 0.00337094
17276, 0.00337112
17277, 0.00337129
17278, 0.00337147
17279, 0.00337164
17280, 0.00337182
17281, 0.00337199
17282, 0.00337216
17283, 0.00337234
17284, 0.00337251
17285, 0.00337268
17286, 0.00337285
17287, 0.00337302
17288, 0.00337319
17289, 0.00337337
17290, 0.00337354
17291, 0.00337371
17292, 0.00337389
17293, 0.00337406
17294, 0.00337423
17295, 0.00337441
17296, 0.00337458
17297, 0.00337476
17298, 0.00337493
17299, 0.00337511
17300, 0.00337528
17301, 0.00337545
17302, 0.00337562
17303, 0.00337579
17304, 0.00337597
17305, 0.00337614
17306, 0.00337632
17307, 0.00337649
17308, 0.00337667
17309, 0.00337684
17310, 0.00337702
17311, 0.00337719
17312, 0.00337736
17313, 0.00337754
17314, 0.00337771
17315, 0.00337789
17316, 0.00337806
17317, 0.00337823
17318, 0.00337841
17319, 0.00337859
17320, 0.00337877
17321, 0.00337894
17322, 0.00337912
17323, 0.00337929
17324, 0.00337947
17325, 0.00337964
17326, 0.00337982
17327, 0.00337999
17328, 0.00338017
17329, 0.00338035
17330, 0.00338052
17331, 0.00338070
17332, 0.00338088
17333, 0.00338105
17334, 0.00338123
17335, 0.00338140
17336, 0.00338157
17337, 0.00338175
17338, 0.00338192
17339, 0.00338210
17340, 0.00338228
17341, 0.00338245
17342, 0.00338262
17343, 0.00338280
17344, 0.00338297
17345, 0.00338315
17346, 0.00338332
17347, 0.00338350
17348, 0.00338367
17349, 0.00338385
17350, 0.00338402
17351, 0.00338419
17352, 0.00338437
17353, 0.00338454
17354, 0.00338471
17355, 0.00338489
17356, 0.00338506
17357, 0.00338523
17358, 0.00338541
17359, 0.00338558
17360, 0.00338576
17361, 0.00338593
17362, 0.00338611
17363, 0.00338628
17364, 0.00338647
17365, 0.00338665
17366, 0.00338683
17367, 0.00338701
17368, 0.00338719
17369, 0.00338737
17370, 0.00338756
17371, 0.00338774
17372, 0.00338792
17373, 0.00338811
17374, 0.00338829
17375, 0.00338847
17376, 0.00338865
17377, 0.00338883
17378, 0.00338902
17379, 0.00338920
17380, 0.00338938
17381, 0.00338957
17382, 0.00338974
17383, 0.00338993
17384, 0.00339011
17385, 0.00339029
17386, 0.00339047
17387, 0.00339064
17388, 0.00339082
17389, 0.00339100
17390, 0.00339117
17391, 0.00339134
17392, 0.00339154
17393, 0.00339575
17394, 0.00339597
17395, 0.00339615
17396, 0.00339633
17397, 0.00339651
17398, 0.00339668
17399, 0.00339686
17400, 0.00339704
17401, 0.00339722
17402, 0.00339739
17403, 0.00339757
17404, 0.00339775
17405, 0.00339793
17406, 0.00339810
17407, 0.00339828
17408, 0.00339845
17409, 0.00339863
17410, 0.00339881
17411, 0.00339898
17412, 0.00339916
17413, 0.00339933
17414, 0.00339951
17415, 0.00339975
17416, 0.00339993
17417, 0.00340010
17418, 0.00340027
17419, 0.00340045
17420, 0.00340062
17421, 0.00340080
17422, 0.00340097
17423, 0.00340123
17424, 0.00340140
17425, 0.00340158
17426, 0.00340175
17427, 0.00340193
17428, 0.00340210
17429, 0.00340227
17430, 0.00340245
17431, 0.00340271
17432, 0.00340288
17433, 0.00340306
17434, 0.00340324
17435, 0.00340341
17436, 0.00340359
17437, 0.00340376
17438, 0.00340394
17439, 0.00340412
17440, 0.00340429
17441, 0.00340447
17442, 0.00340464
17443, 0.00340482
17444, 0.00340500
17445, 0.00340517
17446, 0.00340535
17447, 0.00340552
17448, 0.00340570
17449, 0.00340587
17450, 0.00340605
17451, 0.00340622
17452, 0.00340640
17453, 0.00340657
17454, 0.00340675
17455, 0.00340694
17456, 0.00340712
17457, 0.00340729
17458, 0.00340747
17459, 0.00340765
17460, 0.00340782
17461, 0.00340800
17462, 0.00340817
17463, 0.00340835
17464, 0.00340852
17465, 0.00340870
17466, 0.00340888
17467, 0.00340905
17468, 0.00340923
17469, 0.00340940
17470, 0.00340958
17471, 0.00340975
17472, 0.00340993
17473, 0.00341011
17474, 0.00341028
17475, 0.00341046
17476, 0.00341064
17477, 0.00341081
17478, 0.00341098
17479, 0.00341116
17480, 0.00341133
17481, 0.00341151
17482, 0.00341168
17483, 0.00341186
17484, 0.00341203
17485, 0.00341221
17486, 0.00341238
17487, 0.00341256
17488, 0.00341273
17489, 0.00341290
17490, 0.00341308
17491, 0.00341326
17492, 0.00341343
17493, 0.00341361
17494, 0.00341378
17495, 0.00341396
17496, 0.00341413
17497, 0.00341431
17498, 0.00341448
17499, 0.00341466
17500, 0.00341484
17501, 0.00341502
17502, 0.00341519
17503, 0.00341537
17504, 0.00341554
17505, 0.00341572
17506, 0.00341589
17507, 0.00341607
17508, 0.00341624
17509, 0.00341642
17510, 0.00341659
17511, 0.00341678
17512, 0.00341696
17513, 0.00341714
17514, 0.00341732
17515, 0.00341750
17516, 0.00341768
17517, 0.00341785
17518, 0.00341804
17519, 0.00342020
17520, 0.00342041
17521, 0.00342059
17522, 0.00342077
17523, 0.00342095
17524, 0.00342112
17525, 0.00342130
17526, 0.00342148
17527, 0.00342165
17528, 0.00342182
17529, 0.00342200
17530, 0.00342217
17531, 0.00342234
17532, 0.00342251
17533, 0.00342269
17534, 0.00342286
17535, 0.00342304
17536, 0.00342321
17537, 0.00342338
17538, 0.00342356
17539, 0.00342374
17540, 0.00342391
17541, 0.00342409
17542, 0.00342426
17543, 0.00342444
17544, 0.00342462
17545, 0.00342479
17546, 0.00342497
17547, 0.00342514
17548, 0.00342531
17549, 0.00342549
17550, 0.00342566
17551, 0.00342583
17552, 0.00342600
17553, 0.00342617
17554, 0.00342635
17555, 0.00342652
17556, 0.00342670
17557, 0.00342687
17558, 0.00342704
17559, 0.00342721
17560, 0.00342738
17561, 0.00342756
17562, 0.00342774
17563, 0.00342792
17564, 0.00342810
17565, 0.00342827
17566, 0.00342844
17567, 0.00342861
17568, 0.00342878
17569, 0.00342895
17570, 0.00342913
17571, 0.00342930
17572, 0.00342947
17573, 0.00342964
17574, 0.00342982
17575, 0.00342999
17576, 0.00343017
17577, 0.00343034
17578, 0.00343052
17579, 0.00343069
17580, 0.00343087
17581, 0.00343104
17582, 0.00343121
17583, 0.00343138
17584, 0.00343155
17585, 0.00343172
17586, 0.00343190
17587, 0.00343207
17588, 0.00343224
17589, 0.00343241
17590, 0.00343259
17591, 0.00343276
17592, 0.00343294
17593, 0.00343312
17594, 0.00343330
17595, 0.00343347
17596, 0.00343365
17597, 0.00343383
17598, 0.00343400
17599, 0.00343417
17600, 0.00343434
17601, 0.00343451
17602, 0.00343469
17603, 0.00343486
17604, 0.00343503
17605, 0.00343520
17606, 0.00343538
17607, 0.00343555
17608, 0.00343572
17609, 0.00343589
17610, 0.00343607
17611, 0.00343624
17612, 0.00343641
17613, 0.00343659
17614, 0.00343676
17615, 0.00343693
17616, 0.00343711
17617, 0.00343728
17618, 0.00343746
17619, 0.00343763
17620, 0.00343780
17621, 0.00343798
17622, 0.00343815
17623, 0.00343832
17624, 0.00343849
17625, 0.00343867
17626, 0.00343884
17627, 0.00343901
17628, 0.00343919
17629, 0.00343936
17630, 0.00343954
17631, 0.00343971
17632, 0.00343988
17633, 0.00344006
17634, 0.00344023
17635, 0.00344040
17636, 0.00344058
17637, 0.00344075
17638, 0.00344092
17639, 0.00344109
17640, 0.00344126
17641, 0.00344143
17642, 0.00344160
17643, 0.00344177
17644, 0.00344197
17645, 0.00344420
17646, 0.00344441
17647, 0.00344459
17648, 0.00344477
17649, 0.00344496
17650, 0.00344513
17651, 0.00344531
17652, 0.00344549
17653, 0.00344566
17654, 0.00344584
17655, 0.00344603
17656, 0.00344621
17657, 0.00344639
17658, 0.00344657
17659, 0.00344675
17660, 0.00344692
17661, 0.00344710
17662, 0.00344728
17663, 0.00344745
17664, 0.00344763
17665, 0.00344781
17666, 0.00344798
17667, 0.00344816
17668, 0.00344834
17669, 0.00344851
17670, 0.00344869
17671, 0.00344887
17672, 0.00344904
17673, 0.00344922
17674, 0.00344939
17675, 0.00344957
17676, 0.00344974
17677, 0.00344992
17678, 0.00345010
17679, 0.00345027
17680, 0.00345044
17681, 0.00345062
17682, 0.00345080
17683, 0.00345097
17684, 0.00345115
17685, 0.00345132
17686, 0.00345150
17687, 0.00345167
17688, 0.00345185
17689, 0.00345203
17690, 0.00345220
17691, 0.00345238
17692, 0.00345255
17693, 0.00345273
17694, 0.00345291
17695, 0.00345309
17696, 0.00345326
17697, 0.00345344
17698, 0.00345361
17699, 0.00345379
17700, 0.00345397
17701, 0.00345414
17702, 0.00345433
17703, 0.00345451
17704, 0.00345470
17705, 0.00345488
17706, 0.00345506
17707, 0.00345524
17708, 0.00345542
17709, 0.00345559
17710, 0.00345577
17711, 0.00345595
17712, 0.00345612
17713, 0.00345630
17714, 0.00345647
17715, 0.00345665
17716, 0.00345683
17717, 0.00345700
17718, 0.00345718
17719, 0.00345735
17720, 0.00345752
17721, 0.00345770
17722, 0.00345787
17723, 0.00345805
17724, 0.00345823
17725, 0.00345841
17726, 0.00345858
17727, 0.00345876
17728, 0.00345893
17729, 0.00345910
17730, 0.00345927
17731, 0.00345944
17732, 0.00345962
17733, 0.00345979
17734, 0.00345997
17735, 0.00346015
17736, 0.00346032
17737, 0.00346049
17738, 0.00346067
17739, 0.00346084
17740, 0.00346101
17741, 0.00346119
17742, 0.00346136
17743, 0.00346153
17744, 0.00346171
17745, 0.00346188
17746, 0.00346205
17747, 0.00346223
17748, 0.00346240
17749, 0.00346258
17750, 0.00346275
17751, 0.00346292
17752, 0.00346310
17753, 0.00346327
17754, 0.00346344
17755, 0.00346362
17756, 0.00346379
17757, 0.00346396
17758, 0.00346414
17759, 0.00346432
17760, 0.00346449
17761, 0.00346467
17762, 0.00346485
17763, 0.00346502
17764, 0.00346520
17765, 0.00346537
17766, 0.00346555
17767, 0.00346573
17768, 0.00346590
17769, 0.00346608
17770, 0.00346626
17771, 0.00346857
17772, 0.00346878
17773, 0.00346896
17774, 0.00346914
17775, 0.00346933
17776, 0.00346951
17777, 0.00346969
17778, 0.00346987
17779, 0.00347005
17780, 0.00347023
17781, 0.00347040
17782, 0.00347058
17783, 0.00347075
17784, 0.00347093
17785, 0.00347111
17786, 0.00347128
17787, 0.00347146
17788, 0.00347163
17789, 0.00347181
17790, 0.00347198
17791, 0.00347216
17792, 0.00347233
17793, 0.00347251
17794, 0.00347268
17795, 0.00347286
17796, 0.00347304
17797, 0.00347321
17798, 0.00347339
17799, 0.00347357
17800, 0.00347375
17801, 0.00347392
17802, 0.00347410
17803, 0.00347428
17804, 0.00347445
17805, 0.00347463
17806, 0.00347481
17807, 0.00347498
17808, 0.00347516
17809, 0.00347533
17810, 0.00347551
17811, 0.00347568
17812, 0.00347586
17813, 0.00347603
17814, 0.00347621
17815, 0.00347639
17816, 0.00347656
17817, 0.00347674
17818, 0.00347691
17819, 0.00347709
17820, 0.00347727
17821, 0.00347744
17822, 0.00347762
17823, 0.00347779
17824, 0.00347797
17825, 0.00347814
17826, 0.00347832
17827, 0.00347849
17828, 0.00347867
17829, 0.00347884
17830, 0.00347902
17831, 0.00347919
17832, 0.00347937
17833, 0.00347955
17834, 0.00347973
17835, 0.00347990
17836, 0.00348007
17837, 0.00348025
17838, 0.00348043
17839, 0.00348060
17840, 0.00348078
17841, 0.00348096
17842, 0.00348113
17843, 0.00348130
17844, 0.00348148
17845, 0.00348165
17846, 0.00348183
17847, 0.00348200
17848, 0.00348218
17849, 0.00348235
17850, 0.00348253
17851, 0.00348271
17852, 0.00348289
17853, 0.00348306
17854, 0.00348324
17855, 0.00348341
17856, 0.00348359
17857, 0.00348377
17858, 0.00348394
17859, 0.00348412
17860, 0.00348430
17861, 0.00348448
17862, 0.00348465
17863, 0.00348483
17864, 0.00348500
17865, 0.00348518
17866, 0.00348535
17867, 0.00348553
17868, 0.00348570
17869, 0.00348588
17870, 0.00348606
17871, 0.00348623
17872, 0.00348641
17873, 0.00348658
17874, 0.00348676
17875, 0.00348693
17876, 0.00348711
17877, 0.00348728
17878, 0.00348746
17879, 0.00348763
17880, 0.00348781
17881, 0.00348799
17882, 0.00348816
17883, 0.00348834
17884, 0.00348851
17885, 0.00348869
17886, 0.00348887
17887, 0.00348904
17888, 0.00348922
17889, 0.00348940
17890, 0.00348957
17891, 0.00348974
17892, 0.00348992
17893, 0.00349009
17894, 0.00349027
17895, 0.00349045
17896, 0.00349064
17897, 0.00349277
17898, 0.00349298
17899, 0.00349316
17900, 0.00349334
17901, 0.00349351
17902, 0.00349369
17903, 0.00349386
17904, 0.00349404
17905, 0.00349422
17906, 0.00349439
17907, 0.00349456
17908, 0.00349474
17909, 0.00349492
17910, 0.00349509
17911, 0.00349527
17912, 0.00349544
17913, 0.00349562
17914, 0.00349579
17915, 0.00349597
17916, 0.00349614
17917, 0.00349631
17918, 0.00349649
17919, 0.00349666
17920, 0.00349684
17921, 0.00349701
17922, 0.00349718
17923, 0.00349735
17924, 0.00349752
17925, 0.00349770
17926, 0.00349787
17927, 0.00349805
17928, 0.00349822
17929, 0.00349840
17930, 0.00349858
17931, 0.00349875
17932, 0.00349892
17933, 0.00349910
17934, 0.00349927
17935, 0.00349945
17936, 0.00349962
17937, 0.00349979
17938, 0.00349997
17939, 0.00350014
17940, 0.00350032
17941, 0.00350049
17942, 0.00350066
17943, 0.00350083
17944, 0.00350100
17945, 0.00350118
17946, 0.00350135
17947, 0.00350153
17948, 0.00350170
17949, 0.00350188
17950, 0.00350205
17951, 0.00350222
17952, 0.00350239
17953, 0.00350256
17954, 0.00350274
17955, 0.00350291
17956, 0.00350308
17957, 0.00350325
17958, 0.00350342
17959, 0.00350359
17960, 0.00350376
17961, 0.00350394
17962, 0.00350411
17963, 0.00350429
17964, 0.00350447
17965, 0.00350464
17966, 0.00350481
17967, 0.00350499
17968, 0.00350516
17969, 0.00350534
17970, 0.00350551
17971, 0.00350568
17972, 0.00350585
17973, 0.00350602
17974, 0.00350619
17975, 0.00350636
17976, 0.00350653
17977, 0.00350671
17978, 0.00350688
17979, 0.00350705
17980, 0.00350723
17981, 0.00350740
17982, 0.00350758
17983, 0.00350775
17984, 0.00350792
17985, 0.00350809
17986, 0.00350827
17987, 0.00350844
17988, 0.00350861
17989, 0.00350879
17990, 0.00350896
17991, 0.00350913
17992, 0.00350931
17993, 0.00350948
17994, 0.00350966
17995, 0.00350983
17996, 0.00351001
17997, 0.00351018
17998, 0.00351036
17999, 0.00351053
18000, 0.00351070
18001, 0.00351088
18002, 0.00351105
18003, 0.00351122
18004, 0.00351139
18005, 0.00351156
18006, 0.00351173
18007, 0.00351190
18008, 0.00351208
18009, 0.00351226
18010, 0.00351243
18011, 0.00351260
18012, 0.00351277
18013, 0.00351295
18014, 0.00351312
18015, 0.00351329
18016, 0.00351346
18017, 0.00351362
18018, 0.00351379
18019, 0.00351396
18020, 0.00351414
18021, 0.00351431
18022, 0.00351450
18023, 0.00351671
18024, 0.00351690
18025, 0.00351708
18026, 0.00351726
18027, 0.00351743
18028, 0.00351760
18029, 0.00351778
18030, 0.00351795
18031, 0.00351813
18032, 0.00351830
18033, 0.00351847
18034, 0.00351864
18035, 0.00351882
18036, 0.00351899
18037, 0.00351916
18038, 0.00351933
18039, 0.00351950
18040, 0.00351968
18041, 0.00351985
18042, 0.00352002
18043, 0.00352020
18044, 0.00352037
18045, 0.00352055
18046, 0.00352072
18047, 0.00352089
18048, 0.00352107
18049, 0.00352124
18050, 0.00352142
18051, 0.00352160
18052, 0.00352177
18053, 0.00352195
18054, 0.00352212
18055, 0.00352229
18056, 0.00352246
18057, 0.00352264
18058, 0.00352281
18059, 0.00352298
18060, 0.00352315
18061, 0.00352333
18062, 0.00352350
18063, 0.00352367
18064, 0.00352385
18065, 0.00352402
18066, 0.00352419
18067, 0.00352436
18068, 0.00352454
18069, 0.00352471
18070, 0.00352488
18071, 0.00352505
18072, 0.00352522
18073, 0.00352539
18074, 0.00352556
18075, 0.00352574
18076, 0.00352591
18077, 0.00352608
18078, 0.00352625
18079, 0.00352643
18080, 0.00352660
18081, 0.00352677
18082, 0.00352694
18083, 0.00352711
18084, 0.00352729
18085, 0.00352746
18086, 0.00352763
18087, 0.00352780
18088, 0.00352797
18089, 0.00352814
18090, 0.00352831
18091, 0.00352848
18092, 0.00352865
18093, 0.00352882
18094, 0.00352899
18095, 0.00352917
18096, 0.00352934
18097, 0.00352951
18098, 0.00352969
18099, 0.00352986
18100, 0.00353004
18101, 0.00353021
18102, 0.00353038
18103, 0.00353055
18104, 0.00353073
18105, 0.00353091
18106, 0.00353109
18107, 0.00353127
18108, 0.00353144
18109, 0.00353162
18110, 0.00353179
18111, 0.00353196
18112, 0.00353213
18113, 0.00353230
18114, 0.00353248
18115, 0.00353265
18116, 0.00353283
18117, 0.00353301
18118, 0.00353318
18119, 0.00353336
18120, 0.00353353
18121, 0.00353370
18122, 0.00353387
18123, 0.00353404
18124, 0.00353422
18125, 0.00353439
18126, 0.00353457
18127, 0.00353474
18128, 0.00353491
18129, 0.00353509
18130, 0.00353526
18131, 0.00353543
18132, 0.00353560
18133, 0.00353578
18134, 0.00353595
18135, 0.00353612
18136, 0.00353630
18137, 0.00353647
18138, 0.00353664
18139, 0.00353681
18140, 0.00353699
18141, 0.00353717
18142, 0.00353734
18143, 0.00353751
18144, 0.00353768
18145, 0.00353785
18146, 0.00353802
18147, 0.00353819
18148, 0.00353838
18149, 0.00354061
18150, 0.00354082
18151, 0.00354101
18152, 0.00354118
18153, 0.00354135
18154, 0.00354152
18155, 0.00354170
18156, 0.00354188
18157, 0.00354205
18158, 0.00354222
18159, 0.00354240
18160, 0.00354257
18161, 0.00354275
18162, 0.00354292
18163, 0.00354309
18164, 0.00354327
18165, 0.00354343
18166, 0.00354360
18167, 0.00354378
18168, 0.00354395
18169, 0.00354413
18170, 0.00354430
18171, 0.00354448
18172, 0.00354465
18173, 0.00354481
18174, 0.00354499
18175, 0.00354516
18176, 0.00354533
18177, 0.00354551
18178, 0.00354568
18179, 0.00354585
18180, 0.00354603
18181, 0.00354621
18182, 0.00354638
18183, 0.00354656
18184, 0.00354673
18185, 0.00354691
18186, 0.00354708
18187, 0.00354726
18188, 0.00354743
18189, 0.00354761
18190, 0.00354779
18191, 0.00354796
18192, 0.00354813
18193, 0.00354830
18194, 0.00354847
18195, 0.00354864
18196, 0.00354881
18197, 0.00354899
18198, 0.00354916
18199, 0.00354933
18200, 0.00354951
18201, 0.00354969
18202, 0.00354986
18203, 0.00355003
18204, 0.00355020
18205, 0.00355037
18206, 0.00355055
18207, 0.00355072
18208, 0.00355089
18209, 0.00355107
18210, 0.00355124
18211, 0.00355141
18212, 0.00355159
18213, 0.00355176
18214, 0.00355193
18215, 0.00355211
18216, 0.00355228
18217, 0.00355245
18218, 0.00355262
18219, 0.00355279
18220, 0.00355296
18221, 0.00355313
18222, 0.00355331
18223, 0.00355348
18224, 0.00355365
18225, 0.00355381
18226, 0.00355399
18227, 0.00355416
18228, 0.00355433
18229, 0.00355450
18230, 0.00355467
18231, 0.00355484
18232, 0.00355502
18233, 0.00355519
18234, 0.00355536
18235, 0.00355553
18236, 0.00355570
18237, 0.00355587
18238, 0.00355604
18239, 0.00355621
18240, 0.00355639
18241, 0.00355656
18242, 0.00355673
18243, 0.00355690
18244, 0.00355708
18245, 0.00355726
18246, 0.00355743
18247, 0.00355760
18248, 0.00355777
18249, 0.00355794
18250, 0.00355811
18251, 0.00355829
18252, 0.00355846
18253, 0.00355863
18254, 0.00355880
18255, 0.00355897
18256, 0.00355914
18257, 0.00355931
18258, 0.00355949
18259, 0.00355966
18260, 0.00355983
18261, 0.00356000
18262, 0.00356017
18263, 0.00356034
18264, 0.00356051
18265, 0.00356068
18266, 0.00356085
18267, 0.00356102
18268, 0.00356120
18269, 0.00356137
18270, 0.00356154
18271, 0.00356171
18272, 0.00356188
18273, 0.00356206
18274, 0.00356224
18275, 0.00356472
18276, 0.00356491
18277, 0.00356509
18278, 0.00356526
18279, 0.00356543
18280, 0.00356561
18281, 0.00356579
18282, 0.00356596
18283, 0.00356613
18284, 0.00356631
18285, 0.00356650
18286, 0.00356668
18287, 0.00356686
18288, 0.00356704
18289, 0.00356723
18290, 0.00356741
18291, 0.00356759
18292, 0.00356777
18293, 0.00356795
18294, 0.00356813
18295, 0.00356831
18296, 0.00356850
18297, 0.00356868
18298, 0.00356886
18299, 0.00356904
18300, 0.00356922
18301, 0.00356940
18302, 0.00356959
18303, 0.00356977
18304, 0.00356995
18305, 0.00357013
18306, 0.00357031
18307, 0.00357049
18308, 0.00357067
18309, 0.00357086
18310, 0.00357104
18311, 0.00357122
18312, 0.00357140
18313, 0.00357158
18314, 0.00357176
18315, 0.00357195
18316, 0.00357213
18317, 0.00357231
18318, 0.00357249
18319, 0.00357267
18320, 0.00357285
18321, 0.00357303
18322, 0.00357322
18323, 0.00357340
18324, 0.00357358
18325, 0.00357376
18326, 0.00357394
18327, 0.00357412
18328, 0.00357431
18329, 0.00357449
18330, 0.00357467
18331, 0.00357485
18332, 0.00357503
18333, 0.00357521
18334, 0.00357540
18335, 0.00357558
18336, 0.00357576
18337, 0.00357594
18338, 0.00357612
18339, 0.00357630
18340, 0.00357648
18341, 0.00357667
18342, 0.00357685
18343, 0.00357703
18344, 0.00357721
18345, 0.00357739
18346, 0.00357757
18347, 0.00357776
18348, 0.00357794
18349, 0.00357812
18350, 0.00357830
18351, 0.00357848
18352, 0.00357866
18353, 0.00357884
18354, 0.00357903
18355, 0.00357921
18356, 0.00357939
18357, 0.00357957
18358, 0.00357975
18359, 0.00357993
18360, 0.00358012
18361, 0.00358030
18362, 0.00358048
18363, 0.00358066
18364, 0.00358084
18365, 0.00358102
18366, 0.00358120
18367, 0.00358139
18368, 0.00358157
18369, 0.00358175
18370, 0.00358193
18371, 0.00358211
18372, 0.00358229
18373, 0.00358247
18374, 0.00358266
18375, 0.00358284
18376, 0.00358302
18377, 0.00358320
18378, 0.00358338
18379, 0.00358356
18380, 0.00358375
18381, 0.00358393
18382, 0.00358411
18383, 0.00358429
18384, 0.00358447
18385, 0.00358465
18386, 0.00358484
18387, 0.00358502
18388, 0.00358520
18389, 0.00358538
18390, 0.00358556
18391, 0.00358574
18392, 0.00358592
18393, 0.00358611
18394, 0.00358629
18395, 0.00358647
18396, 0.00358665
18397, 0.00358683
18398, 0.00358701
18399, 0.00358720
18400, 0.00358739
18401, 0.00358961
18402, 0.00358982
18403, 0.00359000
18404, 0.00359018
18405, 0.00359035
18406, 0.00359053
18407, 0.00359070
18408, 0.00359088
18409, 0.00359105
18410, 0.00359122
18411, 0.00359139
18412, 0.00359157
18413, 0.00359175
18414, 0.00359192
18415, 0.00359210
18416, 0.00359227
18417, 0.00359246
18418, 0.00359263
18419, 0.00359280
18420, 0.00359298
18421, 0.00359316
18422, 0.00359333
18423, 0.00359351
18424, 0.00359369
18425, 0.00359386
18426, 0.00359403
18427, 0.00359420
18428, 0.00359438
18429, 0.00359455
18430, 0.00359473
18431, 0.00359490
18432, 0.00359508
18433, 0.00359525
18434, 0.00359543
18435, 0.00359560
18436, 0.00359578
18437, 0.00359596
18438, 0.00359614
18439, 0.00359631
18440, 0.00359649
18441, 0.00359666
18442, 0.00359684
18443, 0.00359702
18444, 0.00359719
18445, 0.00359736
18446, 0.00359754
18447, 0.00359771
18448, 0.00359789
18449, 0.00359807
18450, 0.00359824
18451, 0.00359842
18452, 0.00359860
18453, 0.00359877
18454, 0.00359895
18455, 0.00359913
18456, 0.00359930
18457, 0.00359948
18458, 0.00359966
18459, 0.00359984
18460, 0.00360001
18461, 0.00360019
18462, 0.00360036
18463, 0.00360054
18464, 0.00360072
18465, 0.00360090
18466, 0.00360108
18467, 0.00360125
18468, 0.00360143
18469, 0.00360160
18470, 0.00360177
18471, 0.00360195
18472, 0.00360212
18473, 0.00360230
18474, 0.00360247
18475, 0.00360264
18476, 0.00360282
18477, 0.00360299
18478, 0.00360316
18479, 0.00360334
18480, 0.00360351
18481, 0.00360368
18482, 0.00360386
18483, 0.00360403
18484, 0.00360421
18485, 0.00360438
18486, 0.00360456
18487, 0.00360473
18488, 0.00360491
18489, 0.00360508
18490, 0.00360526
18491, 0.00360543
18492, 0.00360560
18493, 0.00360578
18494, 0.00360596
18495, 0.00360613
18496, 0.00360631
18497, 0.00360649
18498, 0.00360666
18499, 0.00360683
18500, 0.00360701
18501, 0.00360718
18502, 0.00360735
18503, 0.00360753
18504, 0.00360770
18505, 0.00360787
18506, 0.00360804
18507, 0.00360822
18508, 0.00360839
18509, 0.00360857
18510, 0.00360874
18511, 0.00360891
18512, 0.00360908
18513, 0.00360926
18514, 0.00360943
18515, 0.00360961
18516, 0.00360978
18517, 0.00360996
18518, 0.00361013
18519, 0.00361031
18520, 0.00361048
18521, 0.00361065
18522, 0.00361083
18523, 0.00361100
18524, 0.00361118
18525, 0.00361135
18526, 0.00361153
18527, 0.00361366
18528, 0.00361386
18529, 0.00361404
18530, 0.00361421
18531, 0.00361439
18532, 0.00361456
18533, 0.00361474
18534, 0.00361491
18535, 0.00361509
18536, 0.00361526
18537, 0.00361543
18538, 0.00361560
18539, 0.00361577
18540, 0.00361595
18541, 0.00361613
18542, 0.00361630
18543, 0.00361647
18544, 0.00361664
18545, 0.00361681
18546, 0.00361698
18547, 0.00361715
18548, 0.00361732
18549, 0.00361749
18550, 0.00361766
18551, 0.00361784
18552, 0.00361801
18553, 0.00361818
18554, 0.00361836
18555, 0.00361853
18556, 0.00361871
18557, 0.00361888
18558, 0.00361905
18559, 0.00361923
18560, 0.00361940
18561, 0.00361957
18562, 0.00361976
18563, 0.00361994
18564, 0.00362012
18565, 0.00362030
18566, 0.00362048
18567, 0.00362067
18568, 0.00362085
18569, 0.00362103
18570, 0.00362121
18571, 0.00362141
18572, 0.00362160
18573, 0.00362177
18574, 0.00362195
18575, 0.00362213
18576, 0.00362230
18577, 0.00362248
18578, 0.00362265
18579, 0.00362283
18580, 0.00362300
18581, 0.00362318
18582, 0.00362335
18583, 0.00362353
18584, 0.00362370
18585, 0.00362387
18586, 0.00362405
18587, 0.00362422
18588, 0.00362440
18589, 0.00362457
18590, 0.00362475
18591, 0.00362492
18592, 0.00362510
18593, 0.00362527
18594, 0.00362545
18595, 0.00362562
18596, 0.00362580
18597, 0.00362598
18598, 0.00362615
18599, 0.00362633
18600, 0.00362650
18601, 0.00362668
18602, 0.00362685
18603, 0.00362703
18604, 0.00362721
18605, 0.00362738
18606, 0.00362756
18607, 0.00362773
18608, 0.00362791
18609, 0.00362808
18610, 0.00362826
18611, 0.00362843
18612, 0.00362861
18613, 0.00362878
18614, 0.00362896
18615, 0.00362914
18616, 0.00362931
18617, 0.00362949
18618, 0.00362967
18619, 0.00362985
18620, 0.00363002
18621, 0.00363020
18622, 0.00363038
18623, 0.00363055
18624, 0.00363073
18625, 0.00363091
18626, 0.00363108
18627, 0.00363126
18628, 0.00363143
18629, 0.00363160
18630, 0.00363178
18631, 0.00363195
18632, 0.00363213
18633, 0.00363230
18634, 0.00363248
18635, 0.00363265
18636, 0.00363283
18637, 0.00363300
18638, 0.00363318
18639, 0.00363335
18640, 0.00363353
18641, 0.00363370
18642, 0.00363388
18643, 0.00363405
18644, 0.00363423
18645, 0.00363440
18646, 0.00363458
18647, 0.00363475
18648, 0.00363493
18649, 0.00363510
18650, 0.00363528
18651, 0.00363545
18652, 0.00363564
18653, 0.00363784
18654, 0.00363804
18655, 0.00363822
18656, 0.00363840
18657, 0.00363858
18658, 0.00363876
18659, 0.00363894
18660, 0.00363913
18661, 0.00363931
18662, 0.00363949
18663, 0.00363967
18664, 0.00363985
18665, 0.00364004
18666, 0.00364022
18667, 0.00364040
18668, 0.00364059
18669, 0.00364076
18670, 0.00364095
18671, 0.00364113
18672, 0.00364131
18673, 0.00364149
18674, 0.00364167
18675, 0.00364186
18676, 0.00364204
18677, 0.00364223
18678, 0.00364241
18679, 0.00364259
18680, 0.00364278
18681, 0.00364296
18682, 0.00364314
18683, 0.00364331
18684, 0.00364349
18685, 0.00364366
18686, 0.00364383
18687, 0.00364401
18688, 0.00364419
18689, 0.00364436
18690, 0.00364453
18691, 0.00364471
18692, 0.00364488
18693, 0.00364506
18694, 0.00364524
18695, 0.00364541
18696, 0.00364559
18697, 0.00364577
18698, 0.00364594
18699, 0.00364611
18700, 0.00364629
18701, 0.00364647
18702, 0.00364664
18703, 0.00364681
18704, 0.00364698
18705, 0.00364716
18706, 0.00364733
18707, 0.00364751
18708, 0.00364768
18709, 0.00364785
18710, 0.00364802
18711, 0.00364819
18712, 0.00364837
18713, 0.00364854
18714, 0.00364871
18715, 0.00364889
18716, 0.00364906
18717, 0.00364924
18718, 0.00364941
18719, 0.00364959
18720, 0.00364976
18721, 0.00364993
18722, 0.00365010
18723, 0.00365028
18724, 0.00365046
18725, 0.00365063
18726, 0.00365081
18727, 0.00365098
18728, 0.00365115
18729, 0.00365133
18730, 0.00365150
18731, 0.00365169
18732, 0.00365187
18733, 0.00365205
18734, 0.00365224
18735, 0.00365242
18736, 0.00365260
18737, 0.00365277
18738, 0.00365294
18739, 0.00365312
18740, 0.00365329
18741, 0.00365346
18742, 0.00365364
18743, 0.00365381
18744, 0.00365398
18745, 0.00365416
18746, 0.00365433
18747, 0.00365451
18748, 0.00365468
18749, 0.00365486
18750, 0.00365503
18751, 0.00365520
18752, 0.00365538
18753, 0.00365555
18754, 0.00365572
18755, 0.00365590
18756, 0.00365607
18757, 0.00365625
18758, 0.00365642
18759, 0.00365659
18760, 0.00365677
18761, 0.00365694
18762, 0.00365711
18763, 0.00365729
18764, 0.00365746
18765, 0.00365763
18766, 0.00365780
18767, 0.00365798
18768, 0.00365815
18769, 0.00365833
18770, 0.00365850
18771, 0.00365868
18772, 0.00365885
18773, 0.00365903
18774, 0.00365920
18775, 0.00365937
18776, 0.00365955
18777, 0.00365972
18778, 0.00365991
18779, 0.00366209
18780, 0.00366229
18781, 0.00366248
18782, 0.00366266
18783, 0.00366283
18784, 0.00366301
18785, 0.00366318
18786, 0.00366336
18787, 0.00366354
18788, 0.00366372
18789, 0.00366390
18790, 0.00366408
18791, 0.00366426
18792, 0.00366444
18793, 0.00366462
18794, 0.00366480
18795, 0.00366498
18796, 0.00366517
18797, 0.00366535
18798, 0.00366553
18799, 0.00366571
18800, 0.00366589
18801, 0.00366607
18802, 0.00366625
18803, 0.00366643
18804, 0.00366661
18805, 0.00366679
18806, 0.00366697
18807, 0.00366714
18808, 0.00366732
18809, 0.00366749
18810, 0.00366767
18811, 0.00366784
18812, 0.00366802
18813, 0.00366819
18814, 0.00366837
18815, 0.00366854
18816, 0.00366872
18817, 0.00366890
18818, 0.00366907
18819, 0.00366924
18820, 0.00366942
18821, 0.00366959
18822, 0.00366977
18823, 0.00366994
18824, 0.00367011
18825, 0.00367029
18826, 0.00367046
18827, 0.00367064
18828, 0.00367081
18829, 0.00367099
18830, 0.00367116
18831, 0.00367134
18832, 0.00367151
18833, 0.00367169
18834, 0.00367186
18835, 0.00367204
18836, 0.00367221
18837, 0.00367239
18838, 0.00367256
18839, 0.00367274
18840, 0.00367291
18841, 0.00367308
18842, 0.00367326
18843, 0.00367343
18844, 0.00367361
18845, 0.00367378
18846, 0.00367396
18847, 0.00367413
18848, 0.00367431
18849, 0.00367448
18850, 0.00367466
18851, 0.00367483
18852, 0.00367500
18853, 0.00367518
18854, 0.00367535
18855, 0.00367552
18856, 0.00367570
18857, 0.00367587
18858, 0.00367605
18859, 0.00367622
18860, 0.00367639
18861, 0.00367657
18862, 0.00367674
18863, 0.00367692
18864, 0.00367709
18865, 0.00367726
18866, 0.00367744
18867, 0.00367761
18868, 0.00367779
18869, 0.00367796
18870, 0.00367814
18871, 0.00367831
18872, 0.00367849
18873, 0.00367866
18874, 0.00367884
18875, 0.00367901
18876, 0.00367919
18877, 0.00367936
18878, 0.00367954
18879, 0.00367971
18880, 0.00367988
18881, 0.00368006
18882, 0.00368023
18883, 0.00368041
18884, 0.00368058
18885, 0.00368076
18886, 0.00368093
18887, 0.00368110
18888, 0.00368128
18889, 0.00368145
18890, 0.00368163
18891, 0.00368180
18892, 0.00368198
18893, 0.00368215
18894, 0.00368232
18895, 0.00368250
18896, 0.00368267
18897, 0.00368285
18898, 0.00368302
18899, 0.00368320
18900, 0.00368337
18901, 0.00368354
18902, 0.00368372
18903, 0.00368389
18904, 0.00368408
18905, 0.00368618
18906, 0.00368637
18907, 0.00368655
18908, 0.00368673
18909, 0.00368690
18910, 0.00368707
18911, 0.00368726
18912, 0.00368744
18913, 0.00368762
18914, 0.00368780
18915, 0.00368798
18916, 0.00368816
18917, 0.00368834
18918, 0.00368851
18919, 0.00368869
18920, 0.00368886
18921, 0.00368904
18922, 0.00368921
18923, 0.00368939
18924, 0.00368956
18925, 0.00368974
18926, 0.00368992
18927, 0.00369009
18928, 0.00369027
18929, 0.00369044
18930, 0.00369062
18931, 0.00369080
18932, 0.00369098
18933, 0.00369116
18934, 0.00369133
18935, 0.00369151
18936, 0.00369168
18937, 0.00369185
18938, 0.00369203
18939, 0.00369221
18940, 0.00369239
18941, 0.00369257
18942, 0.00369275
18943, 0.00369293
18944, 0.00369310
18945, 0.00369327
18946, 0.00369345
18947, 0.00369366
18948, 0.00369383
18949, 0.00369401
18950, 0.00369418
18951, 0.00369435
18952, 0.00369453
18953, 0.00369470
18954, 0.00369487
18955, 0.00369504
18956, 0.00369521
18957, 0.00369538
18958, 0.00369555
18959, 0.00369572
18960, 0.00369589
18961, 0.00369606
18962, 0.00369623
18963, 0.00369640
18964, 0.00369657
18965, 0.00369675
18966, 0.00369692
18967, 0.00369709
18968, 0.00369727
18969, 0.00369744
18970, 0.00369761
18971, 0.00369778
18972, 0.00369796
18973, 0.00369813
18974, 0.00369830
18975, 0.00369847
18976, 0.00369866
18977, 0.00369883
18978, 0.00369901
18979, 0.00369918
18980, 0.00369935
18981, 0.00369952
18982, 0.00369969
18983, 0.00369986
18984, 0.00370004
18985, 0.00370021
18986, 0.00370038
18987, 0.00370056
18988, 0.00370073
18989, 0.00370090
18990, 0.00370107
18991, 0.00370124
18992, 0.00370141
18993, 0.00370158
18994, 0.00370175
18995, 0.00370192
18996, 0.00370210
18997, 0.00370227
18998, 0.00370244
18999, 0.00370261
19000, 0.00370278
19001, 0.00370295
19002, 0.00370313
19003, 0.00370330
19004, 0.00370347
19005, 0.00370364
19006, 0.00370381
19007, 0.00370398
19008, 0.00370416
19009, 0.00370433
19010, 0.00370450
19011, 0.00370467
19012, 0.00370484
19013, 0.00370501
19014, 0.00370518
19015, 0.00370535
19016, 0.00370552
19017, 0.00370569
19018, 0.00370586
19019, 0.00370604
19020, 0.00370621
19021, 0.00370638
19022, 0.00370655
19023, 0.00370673
19024, 0.00370690
19025, 0.00370707
19026, 0.00370724
19027, 0.00370741
19028, 0.00370758
19029, 0.00370775
19030, 0.00370793
19031, 0.00371017
19032, 0.00371036
19033, 0.00371053
19034, 0.00371071
19035, 0.00371089
19036, 0.00371107
19037, 0.00371124
19038, 0.00371142
19039, 0.00371159
19040, 0.00371177
19041, 0.00371194
19042, 0.00371212
19043, 0.00371229
19044, 0.00371246
19045, 0.00371263
19046, 0.00371281
19047, 0.00371298
19048, 0.00371315
19049, 0.00371332
19050, 0.00371349
19051, 0.00371366
19052, 0.00371384
19053, 0.00371401
19054, 0.00371418
19055, 0.00371436
19056, 0.00371453
19057, 0.00371471
19058, 0.00371488
19059, 0.00371505
19060, 0.00371522
19061, 0.00371539
19062, 0.00371556
19063, 0.00371573
19064, 0.00371591
19065, 0.00371608
19066, 0.00371625
19067, 0.00371642
19068, 0.00371659
19069, 0.00371676
19070, 0.00371693
19071, 0.00371711
19072, 0.00371728
19073, 0.00371745
19074, 0.00371762
19075, 0.00371780
19076, 0.00371797
19077, 0.00371815
19078, 0.00371832
19079, 0.00371849
19080, 0.00371866
19081, 0.00371883
19082, 0.00371901
19083, 0.00371918
19084, 0.00371935
19085, 0.00371952
19086, 0.00371969
19087, 0.00371987
19088, 0.00372005
19089, 0.00372023
19090, 0.00372041
19091, 0.00372060
19092, 0.00372078
19093, 0.00372096
19094, 0.00372115
19095, 0.00372133
19096, 0.00372151
19097, 0.00372169
19098, 0.00372187
19099, 0.00372205
19100, 0.00372223
19101, 0.00372242
19102, 0.00372260
19103, 0.00372278
19104, 0.00372296
19105, 0.00372314
19106, 0.00372332
19107, 0.00372350
19108, 0.00372368
19109, 0.00372386
19110, 0.00372403
19111, 0.00372421
19112, 0.00372438
19113, 0.00372455
19114, 0.00372472
19115, 0.00372489
19116, 0.00372506
19117, 0.00372523
19118, 0.00372540
19119, 0.00372558
19120, 0.00372575
19121, 0.00372592
19122, 0.00372609
19123, 0.00372626
19124, 0.00372643
19125, 0.00372660
19126, 0.00372677
19127, 0.00372695
19128, 0.00372713
19129, 0.00372730
19130, 0.00372748
19131, 0.00372765
19132, 0.00372783
19133, 0.00372800
19134, 0.00372817
19135, 0.00372835
19136, 0.00372852
19137, 0.00372869
19138, 0.00372886
19139, 0.00372903
19140, 0.00372921
19141, 0.00372938
19142, 0.00372955
19143, 0.00372973
19144, 0.00372991
19145, 0.00373009
19146, 0.00373026
19147, 0.00373043
19148, 0.00373060
19149, 0.00373077
19150, 0.00373094
19151, 0.00373112
19152, 0.00373129
19153, 0.00373146
19154, 0.00373163
19155, 0.00373180
19156, 0.00373199
19157, 0.00373420
19158, 0.00373439
19159, 0.00373457
19160, 0.00373476
19161, 0.00373494
19162, 0.00373512
19163, 0.00373530
19164, 0.00373548
19165, 0.00373566
19166, 0.00373585
19167, 0.00373605
19168, 0.00373622
19169, 0.00373639
19170, 0.00373656
19171, 0.00373673
19172, 0.00373690
19173, 0.00373707
19174, 0.00373724
19175, 0.00373741
19176, 0.00373759
19177, 0.00373776
19178, 0.00373793
19179, 0.00373811
19180, 0.00373828
19181, 0.00373845
19182, 0.00373862
19183, 0.00373879
19184, 0.00373896
19185, 0.00373912
19186, 0.00373930
19187, 0.00373947
19188, 0.00373965
19189, 0.00373982
19190, 0.00373999
19191, 0.00374017
19192, 0.00374034
19193, 0.00374051
19194, 0.00374068
19195, 0.00374085
19196, 0.00374102
19197, 0.00374119
19198, 0.00374137
19199, 0.00374154
19200, 0.00374171
19201, 0.00374188
19202, 0.00374205
19203, 0.00374222
19204, 0.00374239
19205, 0.00374257
19206, 0.00374274
19207, 0.00374291
19208, 0.00374308
19209, 0.00374325
19210, 0.00374342
19211, 0.00374360
19212, 0.00374377
19213, 0.00374394
19214, 0.00374412
19215, 0.00374429
19216, 0.00374446
19217, 0.00374463
19218, 0.00374481
19219, 0.00374498
19220, 0.00374515
19221, 0.00374532
19222, 0.00374549
19223, 0.00374566
19224, 0.00374583
19225, 0.00374600
19226, 0.00374617
19227, 0.00374634
19228, 0.00374651
19229, 0.00374668
19230, 0.00374685
19231, 0.00374702
19232, 0.00374720
19233, 0.00374737
19234, 0.00374754
19235, 0.00374771
19236, 0.00374788
19237, 0.00374805
19238, 0.00374822
19239, 0.00374839
19240, 0.00374856
19241, 0.00374873
19242, 0.00374890
19243, 0.00374908
19244, 0.00374925
19245, 0.00374942
19246, 0.00374959
19247, 0.00374976
19248, 0.00374993
19249, 0.00375010
19250, 0.00375027
19251, 0.00375044
19252, 0.00375061
19253, 0.00375078
19254, 0.00375096
19255, 0.00375113
19256, 0.00375129
19257, 0.00375146
19258, 0.00375163
19259, 0.00375180
19260, 0.00375197
19261, 0.00375214
19262, 0.00375231
19263, 0.00375248
19264, 0.00375266
19265, 0.00375283
19266, 0.00375300
19267, 0.00375317
19268, 0.00375334
19269, 0.00375352
19270, 0.00375369
19271, 0.00375386
19272, 0.00375404
19273, 0.00375421
19274, 0.00375438
19275, 0.00375455
19276, 0.00375472
19277, 0.00375489
19278, 0.00375506
19279, 0.00375523
19280, 0.00375540
19281, 0.00375557
19282, 0.00375576
19283, 0.00375808
19284, 0.00375827
19285, 0.00375846
19286, 0.00375863
19287, 0.00375881
19288, 0.00375899
19289, 0.00375917
19290, 0.00375934
19291, 0.00375951
19292, 0.00375969
19293, 0.00375986
19294, 0.00376004
19295, 0.00376022
19296, 0.00376039
19297, 0.00376056
19298, 0.00376073
19299, 0.00376091
19300, 0.00376108
19301, 0.00376126
19302, 0.00376144
19303, 0.00376161
19304, 0.00376179
19305, 0.00376196
19306, 0.00376214
19307, 0.00376231
19308, 0.00376249
19309, 0.00376266
19310, 0.00376284
19311, 0.00376301
19312, 0.00376318
19313, 0.00376336
19314, 0.00376353
19315, 0.00376370
19316, 0.00376388
19317, 0.00376405
19318, 0.00376423
19319, 0.00376440
19320, 0.00376458
19321, 0.00376475
19322, 0.00376493
19323, 0.00376510
19324, 0.00376528
19325, 0.00376545
19326, 0.00376563
19327, 0.00376580
19328, 0.00376597
19329, 0.00376615
19330, 0.00376633
19331, 0.00376650
19332, 0.00376668
19333, 0.00376685
19334, 0.00376702
19335, 0.00376720
19336, 0.00376737
19337, 0.00376755
19338, 0.00376773
19339, 0.00376790
19340, 0.00376807
19341, 0.00376825
19342, 0.00376842
19343, 0.00376860
19344, 0.00376877
19345, 0.00376895
19346, 0.00376913
19347, 0.00376930
19348, 0.00376948
19349, 0.00376965
19350, 0.00376982
19351, 0.00377000
19352, 0.00377017
19353, 0.00377035
19354, 0.00377052
19355, 0.00377070
19356, 0.00377087
19357, 0.00377104
19358, 0.00377122
19359, 0.00377139
19360, 0.00377156
19361, 0.00377174
19362, 0.00377191
19363, 0.00377208
19364, 0.00377226
19365, 0.00377243
19366, 0.00377260
19367, 0.00377281
19368, 0.00377298
19369, 0.00377316
19370, 0.00377333
19371, 0.00377350
19372, 0.00377368
19373, 0.00377385
19374, 0.00377403
19375, 0.00377420
19376, 0.00377437
19377, 0.00377455
19378, 0.00377472
19379, 0.00377489
19380, 0.00377506
19381, 0.00377524
19382, 0.00377541
19383, 0.00377559
19384, 0.00377576
19385, 0.00377594
19386, 0.00377611
19387, 0.00377629
19388, 0.00377646
19389, 0.00377663
19390, 0.00377680
19391, 0.00377702
19392, 0.00377719
19393, 0.00377736
19394, 0.00377753
19395, 0.00377770
19396, 0.00377788
19397, 0.00377805
19398, 0.00377822
19399, 0.00377840
19400, 0.00377857
19401, 0.00377874
19402, 0.00377891
19403, 0.00377909
19404, 0.00377926
19405, 0.00377943
19406, 0.00377960
19407, 0.00377977
19408, 0.00377998
19409, 0.00378247
19410, 0.00378266
19411, 0.00378284
19412, 0.00378302
19413, 0.00378320
19414, 0.00378337
19415, 0.00378354
19416, 0.00378372
19417, 0.00378389
19418, 0.00378407
19419, 0.00378424
19420, 0.00378441
19421, 0.00378458
19422, 0.00378475
19423, 0.00378492
19424, 0.00378510
19425, 0.00378527
19426, 0.00378545
19427, 0.00378562
19428, 0.00378579
19429, 0.00378596
19430, 0.00378613
19431, 0.00378630
19432, 0.00378647
19433, 0.00378665
19434, 0.00378682
19435, 0.00378699
19436, 0.00378717
19437, 0.00378734
19438, 0.00378751
19439, 0.00378769
19440, 0.00378786
19441, 0.00378803
19442, 0.00378820
19443, 0.00378837
19444, 0.00378855
19445, 0.00378873
19446, 0.00378890
19447, 0.00378907
19448, 0.00378924
19449, 0.00378942
19450, 0.00378959
19451, 0.00378976
19452, 0.00378994
19453, 0.00379011
19454, 0.00379028
19455, 0.00379046
19456, 0.00379063
19457, 0.00379081
19458, 0.00379098
19459, 0.00379115
19460, 0.00379133
19461, 0.00379150
19462, 0.00379168
19463, 0.00379186
19464, 0.00379203
19465, 0.00379220
19466, 0.00379237
19467, 0.00379255
19468, 0.00379272
19469, 0.00379289
19470, 0.00379307
19471, 0.00379324
19472, 0.00379342
19473, 0.00379359
19474, 0.00379376
19475, 0.00379393
19476, 0.00379410
19477, 0.00379427
19478, 0.00379444
19479, 0.00379462
19480, 0.00379479
19481, 0.00379496
19482, 0.00379513
19483, 0.00379530
19484, 0.00379547
19485, 0.00379564
19486, 0.00379581
19487, 0.00379599
19488, 0.00379616
19489, 0.00379633
19490, 0.00379650
19491, 0.00379667
19492, 0.00379684
19493, 0.00379701
19494, 0.00379718
19495, 0.00379735
19496, 0.00379752
19497, 0.00379769
19498, 0.00379787
19499, 0.00379804
19500, 0.00379821
19501, 0.00379837
19502, 0.00379854
19503, 0.00379871
19504, 0.00379888
19505, 0.00379905
19506, 0.00379923
19507, 0.00379940
19508, 0.00379957
19509, 0.00379974
19510, 0.00379991
19511, 0.00380008
19512, 0.00380025
19513, 0.00380042
19514, 0.00380059
19515, 0.00380076
19516, 0.00380093
19517, 0.00380111
19518, 0.00380128
19519, 0.00380145
19520, 0.00380161
19521, 0.00380178
19522, 0.00380195
19523, 0.00380212
19524, 0.00380230
19525, 0.00380247
19526, 0.00380264
19527, 0.00380281
19528, 0.00380298
19529, 0.00380315
19530, 0.00380332
19531, 0.00380349
19532, 0.00380366
19533, 0.00380383
19534, 0.00380401
19535, 0.00380628
19536, 0.00380647
19537, 0.00380665
19538, 0.00380682
19539, 0.00380700
19540, 0.00380717
19541, 0.00380735
19542, 0.00380753
19543, 0.00380770
19544, 0.00380788
19545, 0.00380807
19546, 0.00380825
19547, 0.00380843
19548, 0.00380860
19549, 0.00380878
19550, 0.00380896
19551, 0.00380914
19552, 0.00380933
19553, 0.00380951
19554, 0.00380969
19555, 0.00380987
19556, 0.00381004
19557, 0.00381022
19558, 0.00381039
19559, 0.00381057
19560, 0.00381074
19561, 0.00381092
19562, 0.00381109
19563, 0.00381126
19564, 0.00381144
19565, 0.00381161
19566, 0.00381179
19567, 0.00381197
19568, 0.00381215
19569, 0.00381232
19570, 0.00381250
19571, 0.00381267
19572, 0.00381285
19573, 0.00381302
19574, 0.00381319
19575, 0.00381336
19576, 0.00381353
19577, 0.00381370
19578, 0.00381387
19579, 0.00381405
19580, 0.00381422
19581, 0.00381439
19582, 0.00381456
19583, 0.00381473
19584, 0.00381490
19585, 0.00381507
19586, 0.00381525
19587, 0.00381542
19588, 0.00381559
19589, 0.00381576
19590, 0.00381593
19591, 0.00381611
19592, 0.00381628
19593, 0.00381645
19594, 0.00381663
19595, 0.00381680
19596, 0.00381697
19597, 0.00381715
19598, 0.00381732
19599, 0.00381749
19600, 0.00381766
19601, 0.00381783
19602, 0.00381801
19603, 0.00381818
19604, 0.00381835
19605, 0.00381853
19606, 0.00381870
19607, 0.00381887
19608, 0.00381904
19609, 0.00381921
19610, 0.00381938
19611, 0.00381955
19612, 0.00381972
19613, 0.00381990
19614, 0.00382007
19615, 0.00382024
19616, 0.00382041
19617, 0.00382059
19618, 0.00382076
19619, 0.00382093
19620, 0.00382110
19621, 0.00382128
19622, 0.00382145
19623, 0.00382162
19624, 0.00382179
19625, 0.00382197
19626, 0.00382214
19627, 0.00382231
19628, 0.00382248
19629, 0.00382266
19630, 0.00382283
19631, 0.00382301
19632, 0.00382318
19633, 0.00382335
19634, 0.00382352
19635, 0.00382369
19636, 0.00382386
19637, 0.00382403
19638, 0.00382420
19639, 0.00382438
19640, 0.00382456
19641, 0.00382474
19642, 0.00382491
19643, 0.00382509
19644, 0.00382526
19645, 0.00382543
19646, 0.00382561
19647, 0.00382578
19648, 0.00382596
19649, 0.00382613
19650, 0.00382631
19651, 0.00382649
19652, 0.00382666
19653, 0.00382683
19654, 0.00382700
19655, 0.00382717
19656, 0.00382734
19657, 0.00382751
19658, 0.00382769
19659, 0.00382786
19660, 0.00382805
19661, 0.00383059
19662, 0.00383078
19663, 0.00383097
19664, 0.00383115
19665, 0.00383133
19666, 0.00383150
19667, 0.00383168
19668, 0.00383185
19669, 0.00383203
19670, 0.00383220
19671, 0.00383238
19672, 0.00383255
19673, 0.00383272
19674, 0.00383289
19675, 0.00383307
19676, 0.00383325
19677, 0.00383342
19678, 0.00383360
19679, 0.00383377
19680, 0.00383394
19681, 0.00383412
19682, 0.00383429
19683, 0.00383447
19684, 0.00383464
19685, 0.00383481
19686, 0.00383499
19687, 0.00383516
19688, 0.00383533
19689, 0.00383550
19690, 0.00383567
19691, 0.00383584
19692, 0.00383601
19693, 0.00383618
19694, 0.00383636
19695, 0.00383653
19696, 0.00383670
19697, 0.00383687
19698, 0.00383705
19699, 0.00383723
19700, 0.00383740
19701, 0.00383757
19702, 0.00383775
19703, 0.00383792
19704, 0.00383809
19705, 0.00383826
19706, 0.00383844
19707, 0.00383861
19708, 0.00383878
19709, 0.00383895
19710, 0.00383913
19711, 0.00383930
19712, 0.00383947
19713, 0.00383964
19714, 0.00383982
19715, 0.00383999
19716, 0.00384016
19717, 0.00384033
19718, 0.00384051
19719, 0.00384068
19720, 0.00384085
19721, 0.00384103
19722, 0.00384120
19723, 0.00384137
19724, 0.00384155
19725, 0.00384172
19726, 0.00384189
19727, 0.00384207
19728, 0.00384224
19729, 0.00384247
19730, 0.00384265
19731, 0.00384282
19732, 0.00384299
19733, 0.00384317
19734, 0.00384334
19735, 0.00384351
19736, 0.00384369
19737, 0.00384386
19738, 0.00384404
19739, 0.00384421
19740, 0.00384438
19741, 0.00384456
19742, 0.00384474
19743, 0.00384491
19744, 0.00384509
19745, 0.00384526
19746, 0.00384543
19747, 0.00384561
19748, 0.00384578
19749, 0.00384596
19750, 0.00384613
19751, 0.00384630
19752, 0.00384648
19753, 0.00384665
19754, 0.00384682
19755, 0.00384700
19756, 0.00384717
19757, 0.00384735
19758, 0.00384752
19759, 0.00384770
19760, 0.00384787
19761, 0.00384805
19762, 0.00384822
19763, 0.00384840
19764, 0.00384858
19765, 0.00384875
19766, 0.00384893
19767, 0.00384910
19768, 0.00384928
19769, 0.00384945
19770, 0.00384962
19771, 0.00384980
19772, 0.00384997
19773, 0.00385014
19774, 0.00385031
19775, 0.00385049
19776, 0.00385066
19777, 0.00385083
19778, 0.00385101
19779, 0.00385118
19780, 0.00385135
19781, 0.00385152
19782, 0.00385169
19783, 0.00385187
19784, 0.00385205
19785, 0.00385223
19786, 0.00385242
19787, 0.00385468
19788, 0.00385486
19789, 0.00385504
19790, 0.00385522
19791, 0.00385539
19792, 0.00385557
19793, 0.00385575
19794, 0.00385593
19795, 0.00385611
19796, 0.00385628
19797, 0.00385646
19798, 0.00385664
19799, 0.00385681
19800, 0.00385698
19801, 0.00385715
19802, 0.00385733
19803, 0.00385750
19804, 0.00385767
19805, 0.00385785
19806, 0.00385802
19807, 0.00385820
19808, 0.00385837
19809, 0.00385855
19810, 0.00385872
19811, 0.00385890
19812, 0.00385907
19813, 0.00385925
19814, 0.00385943
19815, 0.00385961
19816, 0.00385978
19817, 0.00385996
19818, 0.00386013
19819, 0.00386030
19820, 0.00386048
19821, 0.00386066
19822, 0.00386084
19823, 0.00386101
19824, 0.00386119
19825, 0.00386136
19826, 0.00386153
19827, 0.00386171
19828, 0.00386188
19829, 0.00386206
19830, 0.00386223
19831, 0.00386240
19832, 0.00386257
19833, 0.00386275
19834, 0.00386293
19835, 0.00386310
19836, 0.00386327
19837, 0.00386345
19838, 0.00386362
19839, 0.00386380
19840, 0.00386397
19841, 0.00386414
19842, 0.00386432
19843, 0.00386449
19844, 0.00386467
19845, 0.00386484
19846, 0.00386501
19847, 0.00386519
19848, 0.00386536
19849, 0.00386554
19850, 0.00386572
19851, 0.00386589
19852, 0.00386607
19853, 0.00386624
19854, 0.00386642
19855, 0.00386659
19856, 0.00386677
19857, 0.00386694
19858, 0.00386712
19859, 0.00386729
19860, 0.00386747
19861, 0.00386764
19862, 0.00386782
19863, 0.00386799
19864, 0.00386817
19865, 0.00386834
19866, 0.00386852
19867, 0.00386869
19868, 0.00386887
19869, 0.00386904
19870, 0.00386921
19871, 0.00386941
19872, 0.00386958
19873, 0.00386976
19874, 0.00386994
19875, 0.00387012
19876, 0.00387029
19877, 0.00387047
19878, 0.00387065
19879, 0.00387082
19880, 0.00387100
19881, 0.00387117
19882, 0.00387135
19883, 0.00387153
19884, 0.00387170
19885, 0.00387188
19886, 0.00387206
19887, 0.00387223
19888, 0.00387241
19889, 0.00387259
19890, 0.00387276
19891, 0.00387294
19892, 0.00387312
19893, 0.00387329
19894, 0.00387346
19895, 0.00387368
19896, 0.00387386
19897, 0.00387403
19898, 0.00387420
19899, 0.00387438
19900, 0.00387456
19901, 0.00387473
19902, 0.00387490
19903, 0.00387508
19904, 0.00387525
19905, 0.00387542
19906, 0.00387560
19907, 0.00387577
19908, 0.00387595
19909, 0.00387612
19910, 0.00387629
19911, 0.00387646
19912, 0.00387665
19913, 0.00387877
19914, 0.00387897
19915, 0.00387915
19916, 0.00387933
19917, 0.00387950
19918, 0.00387968
19919, 0.00387985
19920, 0.00388003
19921, 0.00388021
19922, 0.00388038
19923, 0.00388055
19924, 0.00388073
19925, 0.00388091
19926, 0.00388108
19927, 0.00388126
19928, 0.00388143
19929, 0.00388161
19930, 0.00388178
19931, 0.00388195
19932, 0.00388213
19933, 0.00388230
19934, 0.00388247
19935, 0.00388264
19936, 0.00388281
19937, 0.00388298
19938, 0.00388315
19939, 0.00388332
19940, 0.00388349
19941, 0.00388367
19942, 0.00388385
19943, 0.00388402
19944, 0.00388419
19945, 0.00388436
19946, 0.00388453
19947, 0.00388470
19948, 0.00388487
19949, 0.00388504
19950, 0.00388522
19951, 0.00388539
19952, 0.00388556
19953, 0.00388573
19954, 0.00388590
19955, 0.00388607
19956, 0.00388624
19957, 0.00388641
19958, 0.00388658
19959, 0.00388675
19960, 0.00388693
19961, 0.00388710
19962, 0.00388727
19963, 0.00388744
19964, 0.00388761
19965, 0.00388778
19966, 0.00388795
19967, 0.00388812
19968, 0.00388829
19969, 0.00388846
19970, 0.00388863
19971, 0.00388880
19972, 0.00388897
19973, 0.00388914
19974, 0.00388931
19975, 0.00388949
19976, 0.00388966
19977, 0.00388983
19978, 0.00389001
19979, 0.00389018
19980, 0.00389035
19981, 0.00389052
19982, 0.00389069
19983, 0.00389087
19984, 0.00389104
19985, 0.00389121
19986, 0.00389139
19987, 0.00389156
19988, 0.00389173
19989, 0.00389190
19990, 0.00389208
19991, 0.00389225
19992, 0.00389242
19993, 0.00389259
19994, 0.00389276
19995, 0.00389293
19996, 0.00389311
19997, 0.00389328
19998, 0.00389345
19999, 0.00389362
20000, 0.00389380
20001, 0.00389397
20002, 0.00389414
20003, 0.00389432
20004, 0.00389449
20005, 0.00389466
20006, 0.00389483
20007, 0.00389500
20008, 0.00389517
20009, 0.00389534
20010, 0.00389552
20011, 0.00389569
20012, 0.00389586
20013, 0.00389603
20014, 0.00389620
20015, 0.00389637
20016, 0.00389655
20017, 0.00389672
20018, 0.00389689
20019, 0.00389706
20020, 0.00389723
20021, 0.00389741
20022, 0.00389758
20023, 0.00389775
20024, 0.00389792
20025, 0.00389809
20026, 0.00389827
20027, 0.00389844
20028, 0.00389861
20029, 0.00389881
20030, 0.00389899
20031, 0.00389916
20032, 0.00389933
20033, 0.00389950
20034, 0.00389967
20035, 0.00389984
20036, 0.00390001
20037, 0.00390018
20038, 0.00390036
20039, 0.00390261
20040, 0.00390282
20041, 0.00390299
20042, 0.00390317
20043, 0.00390335
20044, 0.00390353
20045, 0.00390370
20046, 0.00390387
20047, 0.00390405
20048, 0.00390422
20049, 0.00390440
20050, 0.00390457
20051, 0.00390474
20052, 0.00390491
20053, 0.00390508
20054, 0.00390526
20055, 0.00390543
20056, 0.00390561
20057, 0.00390578
20058, 0.00390595
20059, 0.00390613
20060, 0.00390630
20061, 0.00390648
20062, 0.00390666
20063, 0.00390683
20064, 0.00390701
20065, 0.00390718
20066, 0.00390735
20067, 0.00390752
20068, 0.00390769
20069, 0.00390786
20070, 0.00390803
20071, 0.00390821
20072, 0.00390838
20073, 0.00390855
20074, 0.00390873
20075, 0.00390890
20076, 0.00390908
20077, 0.00390925
20078, 0.00390942
20079, 0.00390960
20080, 0.00390977
20081, 0.00390998
20082, 0.00391015
20083, 0.00391033
20084, 0.00391050
20085, 0.00391067
20086, 0.00391084
20087, 0.00391101
20088, 0.00391119
20089, 0.00391136
20090, 0.00391153
20091, 0.00391171
20092, 0.00391189
20093, 0.00391206
20094, 0.00391223
20095, 0.00391240
20096, 0.00391258
20097, 0.00391275
20098, 0.00391292
20099, 0.00391309
20100, 0.00391326
20101, 0.00391344
20102, 0.00391361
20103, 0.00391378
20104, 0.00391395
20105, 0.00391412
20106, 0.00391429
20107, 0.00391446
20108, 0.00391463
20109, 0.00391482
20110, 0.00391502
20111, 0.00391519
20112, 0.00391537
20113, 0.00391554
20114, 0.00391571
20115, 0.00391588
20116, 0.00391606
20117, 0.00391623
20118, 0.00391640
20119, 0.00391657
20120, 0.00391674
20121, 0.00391691
20122, 0.00391708
20123, 0.00391726
20124, 0.00391743
20125, 0.00391760
20126, 0.00391777
20127, 0.00391794
20128, 0.00391811
20129, 0.00391828
20130, 0.00391846
20131, 0.00391863
20132, 0.00391880
20133, 0.00391897
20134, 0.00391914
20135, 0.00391932
20136, 0.00391949
20137, 0.00391966
20138, 0.00391983
20139, 0.00391999
20140, 0.00392019
20141, 0.00392036
20142, 0.00392055
20143, 0.00392075
20144, 0.00392092
20145, 0.00392109
20146, 0.00392128
20147, 0.00392145
20148, 0.00392164
20149, 0.00392181
20150, 0.00392198
20151, 0.00392216
20152, 0.00392233
20153, 0.00392250
20154, 0.00392268
20155, 0.00392285
20156, 0.00392303
20157, 0.00392323
20158, 0.00392340
20159, 0.00392357
20160, 0.00392374
20161, 0.00392391
20162, 0.00392408
20163, 0.00392426
20164, 0.00392444
20165, 0.00392805
20166, 0.00392826
20167, 0.00392851
20168, 0.00392869
20169, 0.00392887
20170, 0.00392905
20171, 0.00392923
20172, 0.00392941
20173, 0.00392959
20174, 0.00392977
20175, 0.00392995
20176, 0.00393012
20177, 0.00393030
20178, 0.00393048
20179, 0.00393065
20180, 0.00393083
20181, 0.00393100
20182, 0.00393118
20183, 0.00393136
20184, 0.00393154
20185, 0.00393171
20186, 0.00393189
20187, 0.00393206
20188, 0.00393224
20189, 0.00393241
20190, 0.00393259
20191, 0.00393277
20192, 0.00393296
20193, 0.00393314
20194, 0.00393332
20195, 0.00393350
20196, 0.00393368
20197, 0.00393386
20198, 0.00393404
20199, 0.00393421
20200, 0.00393439
20201, 0.00393456
20202, 0.00393474
20203, 0.00393491
20204, 0.00393509
20205, 0.00393526
20206, 0.00393544
20207, 0.00393562
20208, 0.00393579
20209, 0.00393596
20210, 0.00393614
20211, 0.00393631
20212, 0.00393648
20213, 0.00393665
20214, 0.00393683
20215, 0.00393700
20216, 0.00393718
20217, 0.00393735
20218, 0.00393752
20219, 0.00393770
20220, 0.00393787
20221, 0.00393804
20222, 0.00393821
20223, 0.00393839
20224, 0.00393856
20225, 0.00393874
20226, 0.00393892
20227, 0.00393909
20228, 0.00393927
20229, 0.00393944
20230, 0.00393961
20231, 0.00393979
20232, 0.00393996
20233, 0.00394014
20234, 0.00394031
20235, 0.00394048
20236, 0.00394066
20237, 0.00394083
20238, 0.00394100
20239, 0.00394118
20240, 0.00394135
20241, 0.00394152
20242, 0.00394170
20243, 0.00394187
20244, 0.00394204
20245, 0.00394222
20246, 0.00394239
20247, 0.00394256
20248, 0.00394273
20249, 0.00394291
20250, 0.00394308
20251, 0.00394326
20252, 0.00394343
20253, 0.00394361
20254, 0.00394378
20255, 0.00394396
20256, 0.00394414
20257, 0.00394431
20258, 0.00394448
20259, 0.00394466
20260, 0.00394483
20261, 0.00394501
20262, 0.00394519
20263, 0.00394537
20264, 0.00394554
20265, 0.00394572
20266, 0.00394589
20267, 0.00394607
20268, 0.00394624
20269, 0.00394641
20270, 0.00394659
20271, 0.00394677
20272, 0.00394695
20273, 0.00394712
20274, 0.00394730
20275, 0.00394747
20276, 0.00394765
20277, 0.00394782
20278, 0.00394799
20279, 0.00394816
20280, 0.00394832
20281, 0.00394850
20282, 0.00394867
20283, 0.00394884
20284, 0.00394901
20285, 0.00394918
20286, 0.00394935
20287, 0.00394952
20288, 0.00394970
20289, 0.00394987
20290, 0.00395005
20291, 0.00395267
20292, 0.00395288
20293, 0.00395306
20294, 0.00395323
20295, 0.00395341
20296, 0.00395359
20297, 0.00395376
20298, 0.00395394
20299, 0.00395412
20300, 0.00395430
20301, 0.00395447
20302, 0.00395465
20303, 0.00395482
20304, 0.00395500
20305, 0.00395517
20306, 0.00395534
20307, 0.00395552
20308, 0.00395569
20309, 0.00395587
20310, 0.00395604
20311, 0.00395622
20312, 0.00395639
20313, 0.00395657
20314, 0.00395674
20315, 0.00395692
20316, 0.00395709
20317, 0.00395727
20318, 0.00395744
20319, 0.00395761
20320, 0.00395779
20321, 0.00395796
20322, 0.00395814
20323, 0.00395831
20324, 0.00395848
20325, 0.00395866
20326, 0.00395883
20327, 0.00395901
20328, 0.00395918
20329, 0.00395936
20330, 0.00395953
20331, 0.00395971
20332, 0.00395988
20333, 0.00396006
20334, 0.00396023
20335, 0.00396040
20336, 0.00396058
20337, 0.00396075
20338, 0.00396093
20339, 0.00396110
20340, 0.00396128
20341, 0.00396146
20342, 0.00396163
20343, 0.00396181
20344, 0.00396199
20345, 0.00396216
20346, 0.00396233
20347, 0.00396251
20348, 0.00396269
20349, 0.00396286
20350, 0.00396304
20351, 0.00396321
20352, 0.00396338
20353, 0.00396356
20354, 0.00396374
20355, 0.00396391
20356, 0.00396408
20357, 0.00396426
20358, 0.00396443
20359, 0.00396461
20360, 0.00396478
20361, 0.00396496
20362, 0.00396513
20363, 0.00396530
20364, 0.00396548
20365, 0.00396565
20366, 0.00396583
20367, 0.00396601
20368, 0.00396618
20369, 0.00396636
20370, 0.00396653
20371, 0.00396671
20372, 0.00396688
20373, 0.00396705
20374, 0.00396722
20375, 0.00396741
20376, 0.00396759
20377, 0.00396776
20378, 0.00396794
20379, 0.00396811
20380, 0.00396828
20381, 0.00396845
20382, 0.00396862
20383, 0.00396884
20384, 0.00396901
20385, 0.00396919
20386, 0.00396936
20387, 0.00396953
20388, 0.00396970
20389, 0.00396987
20390, 0.00397005
20391, 0.00397022
20392, 0.00397039
20393, 0.00397057
20394, 0.00397074
20395, 0.00397092
20396, 0.00397108
20397, 0.00397125
20398, 0.00397143
20399, 0.00397160
20400, 0.00397178
20401, 0.00397195
20402, 0.00397212
20403, 0.00397229
20404, 0.00397247
20405, 0.00397264
20406, 0.00397281
20407, 0.00397299
20408, 0.00397316
20409, 0.00397333
20410, 0.00397351
20411, 0.00397368
20412, 0.00397386
20413, 0.00397403
20414, 0.00397420
20415, 0.00397437
20416, 0.00397457
20417, 0.00397678
20418, 0.00397698
20419, 0.00397716
20420, 0.00397736
20421, 0.00397753
20422, 0.00397770
20423, 0.00397788
20424, 0.00397805
20425, 0.00397823
20426, 0.00397840
20427, 0.00397858
20428, 0.00397875
20429, 0.00397893
20430, 0.00397910
20431, 0.00397927
20432, 0.00397945
20433, 0.00397963
20434, 0.00397980
20435, 0.00397997
20436, 0.00398015
20437, 0.00398031
20438, 0.00398049
20439, 0.00398066
20440, 0.00398083
20441, 0.00398100
20442, 0.00398118
20443, 0.00398136
20444, 0.00398153
20445, 0.00398170
20446, 0.00398187
20447, 0.00398205
20448, 0.00398222
20449, 0.00398240
20450, 0.00398257
20451, 0.00398275
20452, 0.00398292
20453, 0.00398309
20454, 0.00398326
20455, 0.00398343
20456, 0.00398361
20457, 0.00398378
20458, 0.00398395
20459, 0.00398413
20460, 0.00398430
20461, 0.00398448
20462, 0.00398465
20463, 0.00398483
20464, 0.00398501
20465, 0.00398519
20466, 0.00398536
20467, 0.00398553
20468, 0.00398570
20469, 0.00398587
20470, 0.00398605
20471, 0.00398623
20472, 0.00398640
20473, 0.00398657
20474, 0.00398674
20475, 0.00398691
20476, 0.00398708
20477, 0.00398725
20478, 0.00398743
20479, 0.00398760
20480, 0.00398777
20481, 0.00398795
20482, 0.00398812
20483, 0.00398829
20484, 0.00398846
20485, 0.00398863
20486, 0.00398880
20487, 0.00398897
20488, 0.00398915
20489, 0.00398932
20490, 0.00398949
20491, 0.00398966
20492, 0.00398984
20493, 0.00399001
20494, 0.00399019
20495, 0.00399036
20496, 0.00399054
20497, 0.00399072
20498, 0.00399089
20499, 0.00399106
20500, 0.00399124
20501, 0.00399141
20502, 0.00399159
20503, 0.00399176
20504, 0.00399193
20505, 0.00399211
20506, 0.00399228
20507, 0.00399245
20508, 0.00399263
20509, 0.00399280
20510, 0.00399298
20511, 0.00399315
20512, 0.00399332
20513, 0.00399350
20514, 0.00399367
20515, 0.00399384
20516, 0.00399402
20517, 0.00399419
20518, 0.00399437
20519, 0.00399455
20520, 0.00399472
20521, 0.00399490
20522, 0.00399508
20523, 0.00399525
20524, 0.00399543
20525, 0.00399560
20526, 0.00399578
20527, 0.00399595
20528, 0.00399613
20529, 0.00399630
20530, 0.00399648
20531, 0.00399665
20532, 0.00399683
20533, 0.00399700
20534, 0.00399718
20535, 0.00399735
20536, 0.00399752
20537, 0.00399769
20538, 0.00399787
20539, 0.00399804
20540, 0.00399821
20541, 0.00399839
20542, 0.00399859
20543, 0.00400075
20544, 0.00400095
20545, 0.00400112
20546, 0.00400130
20547, 0.00400148
20548, 0.00400165
20549, 0.00400183
20550, 0.00400201
20551, 0.00400218
20552, 0.00400235
20553, 0.00400255
20554, 0.00400273
20555, 0.00400290
20556, 0.00400308
20557, 0.00400327
20558, 0.00400345
20559, 0.00400364
20560, 0.00400382
20561, 0.00400400
20562, 0.00400417
20563, 0.00400435
20564, 0.00400452
20565, 0.00400470
20566, 0.00400488
20567, 0.00400506
20568, 0.00400523
20569, 0.00400541
20570, 0.00400559
20571, 0.00400577
20572, 0.00400594
20573, 0.00400612
20574, 0.00400630
20575, 0.00400648
20576, 0.00400665
20577, 0.00400683
20578, 0.00400701
20579, 0.00400718
20580, 0.00400736
20581, 0.00400753
20582, 0.00400771
20583, 0.00400788
20584, 0.00400806
20585, 0.00400824
20586, 0.00400841
20587, 0.00400859
20588, 0.00400877
20589, 0.00400894
20590, 0.00400912
20591, 0.00400930
20592, 0.00400947
20593, 0.00400965
20594, 0.00400982
20595, 0.00401000
20596, 0.00401018
20597, 0.00401035
20598, 0.00401053
20599, 0.00401071
20600, 0.00401088
20601, 0.00401106
20602, 0.00401123
20603, 0.00401141
20604, 0.00401159
20605, 0.00401176
20606, 0.00401193
20607, 0.00401211
20608, 0.00401228
20609, 0.00401245
20610, 0.00401263
20611, 0.00401280
20612, 0.00401298
20613, 0.00401315
20614, 0.00401333
20615, 0.00401351
20616, 0.00401368
20617, 0.00401386
20618, 0.00401404
20619, 0.00401422
20620, 0.00401439
20621, 0.00401457
20622, 0.00401474
20623, 0.00401492
20624, 0.00401510
20625, 0.00401527
20626, 0.00401545
20627, 0.00401562
20628, 0.00401580
20629, 0.00401598
20630, 0.00401615
20631, 0.00401633
20632, 0.00401650
20633, 0.00401667
20634, 0.00401685
20635, 0.00401703
20636, 0.00401721
20637, 0.00401738
20638, 0.00401755
20639, 0.00401773
20640, 0.00401790
20641, 0.00401808
20642, 0.00401825
20643, 0.00401843
20644, 0.00401860
20645, 0.00401878
20646, 0.00401896
20647, 0.00401913
20648, 0.00401930
20649, 0.00401948
20650, 0.00401966
20651, 0.00401983
20652, 0.00402001
20653, 0.00402018
20654, 0.00402035
20655, 0.00402053
20656, 0.00402070
20657, 0.00402088
20658, 0.00402106
20659, 0.00402123
20660, 0.00402141
20661, 0.00402159
20662, 0.00402176
20663, 0.00402194
20664, 0.00402212
20665, 0.00402230
20666, 0.00402248
20667, 0.00402266
20668, 0.00402285
20669, 0.00402505
20670, 0.00402525
20671, 0.00402543
20672, 0.00402560
20673, 0.00402578
20674, 0.00402595
20675, 0.00402612
20676, 0.00402630
20677, 0.00402648
20678, 0.00402665
20679, 0.00402683
20680, 0.00402701
20681, 0.00402718
20682, 0.00402736
20683, 0.00402753
20684, 0.00402770
20685, 0.00402788
20686, 0.00402806
20687, 0.00402823
20688, 0.00402840
20689, 0.00402858
20690, 0.00402875
20691, 0.00402893
20692, 0.00402910
20693, 0.00402928
20694, 0.00402945
20695, 0.00402963
20696, 0.00402980
20697, 0.00402998
20698, 0.00403015
20699, 0.00403033
20700, 0.00403050
20701, 0.00403068
20702, 0.00403084
20703, 0.00403102
20704, 0.00403119
20705, 0.00403137
20706, 0.00403154
20707, 0.00403172
20708, 0.00403189
20709, 0.00403207
20710, 0.00403224
20711, 0.00403241
20712, 0.00403258
20713, 0.00403276
20714, 0.00403293
20715, 0.00403310
20716, 0.00403327
20717, 0.00403344
20718, 0.00403362
20719, 0.00403379
20720, 0.00403396
20721, 0.00403413
20722, 0.00403430
20723, 0.00403447
20724, 0.00403464
20725, 0.00403481
20726, 0.00403498
20727, 0.00403515
20728, 0.00403532
20729, 0.00403549
20730, 0.00403566
20731, 0.00403584
20732, 0.00403600
20733, 0.00403618
20734, 0.00403635
20735, 0.00403652
20736, 0.00403669
20737, 0.00403686
20738, 0.00403703
20739, 0.00403720
20740, 0.00403737
20741, 0.00403754
20742, 0.00403771
20743, 0.00403788
20744, 0.00403805
20745, 0.00403822
20746, 0.00403839
20747, 0.00403856
20748, 0.00403874
20749, 0.00403892
20750, 0.00403910
20751, 0.00403928
20752, 0.00403946
20753, 0.00403965
20754, 0.00403983
20755, 0.00404001
20756, 0.00404019
20757, 0.00404037
20758, 0.00404054
20759, 0.00404071
20760, 0.00404088
20761, 0.00404105
20762, 0.00404122
20763, 0.00404139
20764, 0.00404156
20765, 0.00404173
20766, 0.00404190
20767, 0.00404207
20768, 0.00404224
20769, 0.00404241
20770, 0.00404258
20771, 0.00404275
20772, 0.00404292
20773, 0.00404309
20774, 0.00404326
20775, 0.00404344
20776, 0.00404361
20777, 0.00404378
20778, 0.00404395
20779, 0.00404412
20780, 0.00404429
20781, 0.00404446
20782, 0.00404463
20783, 0.00404480
20784, 0.00404496
20785, 0.00404513
20786, 0.00404530
20787, 0.00404548
20788, 0.00404565
20789, 0.00404582
20790, 0.00404599
20791, 0.00404616
20792, 0.00404633
20793, 0.00404650
20794, 0.00404669
20795, 0.00404892
20796, 0.00404912
20797, 0.00404930
20798, 0.00404948
20799, 0.00404966
20800, 0.00404983
20801, 0.00405001
20802, 0.00405019
20803, 0.00405037
20804, 0.00405055
20805, 0.00405072
20806, 0.00405090
20807, 0.00405107
20808, 0.00405125
20809, 0.00405142
20810, 0.00405159
20811, 0.00405177
20812, 0.00405194
20813, 0.00405212
20814, 0.00405229
20815, 0.00405246
20816, 0.00405264
20817, 0.00405282
20818, 0.00405299
20819, 0.00405316
20820, 0.00405334
20821, 0.00405351
20822, 0.00405369
20823, 0.00405386
20824, 0.00405403
20825, 0.00405420
20826, 0.00405438
20827, 0.00405456
20828, 0.00405473
20829, 0.00405490
20830, 0.00405508
20831, 0.00405525
20832, 0.00405543
20833, 0.00405560
20834, 0.00405577
20835, 0.00405595
20836, 0.00405612
20837, 0.00405629
20838, 0.00405646
20839, 0.00405664
20840, 0.00405681
20841, 0.00405698
20842, 0.00405716
20843, 0.00405733
20844, 0.00405751
20845, 0.00405768
20846, 0.00405785
20847, 0.00405803
20848, 0.00405820
20849, 0.00405838
20850, 0.00405855
20851, 0.00405872
20852, 0.00405889
20853, 0.00405907
20854, 0.00405924
20855, 0.00405941
20856, 0.00405959
20857, 0.00405976
20858, 0.00405993
20859, 0.00406011
20860, 0.00406028
20861, 0.00406045
20862, 0.00406062
20863, 0.00406080
20864, 0.00406097
20865, 0.00406114
20866, 0.00406132
20867, 0.00406149
20868, 0.00406166
20869, 0.00406183
20870, 0.00406201
20871, 0.00406218
20872, 0.00406235
20873, 0.00406253
20874, 0.00406270
20875, 0.00406288
20876, 0.00406305
20877, 0.00406322
20878, 0.00406340
20879, 0.00406357
20880, 0.00406374
20881, 0.00406391
20882, 0.00406409
20883, 0.00406426
20884, 0.00406443
20885, 0.00406461
20886, 0.00406479
20887, 0.00406496
20888, 0.00406513
20889, 0.00406530
20890, 0.00406548
20891, 0.00406565
20892, 0.00406583
20893, 0.00406600
20894, 0.00406617
20895, 0.00406634
20896, 0.00406652
20897, 0.00406669
20898, 0.00406686
20899, 0.00406704
20900, 0.00406721
20901, 0.00406739
20902, 0.00406756
20903, 0.00406773
20904, 0.00406790
20905, 0.00406807
20906, 0.00406825
20907, 0.00406842
20908, 0.00406860
20909, 0.00406877
20910, 0.00406894
20911, 0.00406912
20912, 0.00406929
20913, 0.00406946
20914, 0.00406964
20915, 0.00406981
20916, 0.00406998
20917, 0.00407016
20918, 0.00407033
20919, 0.00407050
20920, 0.00407069
20921, 0.00407299
20922, 0.00407320
20923, 0.00407339
20924, 0.00407356
20925, 0.00407374
20926, 0.00407391
20927, 0.00407409
20928, 0.00407426
20929, 0.00407444
20930, 0.00407461
20931, 0.00407479
20932, 0.00407497
20933, 0.00407514
20934, 0.00407532
20935, 0.00407550
20936, 0.00407567
20937, 0.00407585
20938, 0.00407602
20939, 0.00407620
20940, 0.00407638
20941, 0.00407655
20942, 0.00407673
20943, 0.00407691
20944, 0.00407708
20945, 0.00407726
20946, 0.00407743
20947, 0.00407760
20948, 0.00407778
20949, 0.00407795
20950, 0.00407813
20951, 0.00407830
20952, 0.00407848
20953, 0.00407865
20954, 0.00407883
20955, 0.00407900
20956, 0.00407918
20957, 0.00407935
20958, 0.00407953
20959, 0.00407971
20960, 0.00407988
20961, 0.00408006
20962, 0.00408023
20963, 0.00408041
20964, 0.00408058
20965, 0.00408076
20966, 0.00408093
20967, 0.00408111
20968, 0.00408128
20969, 0.00408146
20970, 0.00408163
20971, 0.00408181
20972, 0.00408198
20973, 0.00408216
20974, 0.00408233
20975, 0.00408251
20976, 0.00408268
20977, 0.00408286
20978, 0.00408303
20979, 0.00408321
20980, 0.00408338
20981, 0.00408356
20982, 0.00408373
20983, 0.00408391
20984, 0.00408408
20985, 0.00408426
20986, 0.00408444
20987, 0.00408461
20988, 0.00408479
20989, 0.00408496
20990, 0.00408514
20991, 0.00408531
20992, 0.00408548
20993, 0.00408566
20994, 0.00408583
20995, 0.00408601
20996, 0.00408618
20997, 0.00408635
20998, 0.00408653
20999, 0.00408670
21000, 0.00408687
21001, 0.00408705
21002, 0.00408722
21003, 0.00408739
21004, 0.00408757
21005, 0.00408775
21006, 0.00408792
21007, 0.00408809
21008, 0.00408827
21009, 0.00408845
21010, 0.00408862
21011, 0.00408879
21012, 0.00408897
21013, 0.00408914
21014, 0.00408932
21015, 0.00408950
21016, 0.00408967
21017, 0.00408985
21018, 0.00409002
21019, 0.00409020
21020, 0.00409038
21021, 0.00409055
21022, 0.00409073
21023, 0.00409091
21024, 0.00409108
21025, 0.00409126
21026, 0.00409143
21027, 0.00409161
21028, 0.00409178
21029, 0.00409195
21030, 0.00409213
21031, 0.00409230
21032, 0.00409248
21033, 0.00409265
21034, 0.00409283
21035, 0.00409300
21036, 0.00409318
21037, 0.00409335
21038, 0.00409353
21039, 0.00409370
21040, 0.00409388
21041, 0.00409405
21042, 0.00409423
21043, 0.00409440
21044, 0.00409458
21045, 0.00409475
21046, 0.00409493
21047, 0.00409709
21048, 0.00409730
21049, 0.00409748
21050, 0.00409766
21051, 0.00409784
21052, 0.00409803
21053, 0.00409821
21054, 0.00409839
21055, 0.00409858
21056, 0.00409876
21057, 0.00409894
21058, 0.00409912
21059, 0.00409930
21060, 0.00409948
21061, 0.00409967
21062, 0.00409985
21063, 0.00410004
21064, 0.00410022
21065, 0.00410040
21066, 0.00410058
21067, 0.00410077
21068, 0.00410095
21069, 0.00410113
21070, 0.00410131
21071, 0.00410149
21072, 0.00410167
21073, 0.00410184
21074, 0.00410202
21075, 0.00410219
21076, 0.00410236
21077, 0.00410254
21078, 0.00410271
21079, 0.00410289
21080, 0.00410306
21081, 0.00410323
21082, 0.00410340
21083, 0.00410358
21084, 0.00410375
21085, 0.00410393
21086, 0.00410410
21087, 0.00410427
21088, 0.00410444
21089, 0.00410462
21090, 0.00410480
21091, 0.00410497
21092, 0.00410515
21093, 0.00410532
21094, 0.00410550
21095, 0.00410567
21096, 0.00410585
21097, 0.00410602
21098, 0.00410619
21099, 0.00410637
21100, 0.00410654
21101, 0.00410672
21102, 0.00410689
21103, 0.00410706
21104, 0.00410723
21105, 0.00410740
21106, 0.00410757
21107, 0.00410775
21108, 0.00410793
21109, 0.00410810
21110, 0.00410827
21111, 0.00410844
21112, 0.00410862
21113, 0.00410879
21114, 0.00410896
21115, 0.00410913
21116, 0.00410930
21117, 0.00410948
21118, 0.00410965
21119, 0.00410982
21120, 0.00411000
21121, 0.00411017
21122, 0.00411034
21123, 0.00411051
21124, 0.00411068
21125, 0.00411086
21126, 0.00411103
21127, 0.00411120
21128, 0.00411137
21129, 0.00411155
21130, 0.00411172
21131, 0.00411190
21132, 0.00411208
21133, 0.00411225
21134, 0.00411242
21135, 0.00411259
21136, 0.00411276
21137, 0.00411293
21138, 0.00411311
21139, 0.00411328
21140, 0.00411345
21141, 0.00411362
21142, 0.00411379
21143, 0.00411397
21144, 0.00411414
21145, 0.00411431
21146, 0.00411448
21147, 0.00411466
21148, 0.00411484
21149, 0.00411501
21150, 0.00411518
21151, 0.00411536
21152, 0.00411553
21153, 0.00411570
21154, 0.00411587
21155, 0.00411604
21156, 0.00411621
21157, 0.00411638
21158, 0.00411655
21159, 0.00411672
21160, 0.00411690
21161, 0.00411707
21162, 0.00411725
21163, 0.00411742
21164, 0.00411759
21165, 0.00411776
21166, 0.00411793
21167, 0.00411811
21168, 0.00411828
21169, 0.00411845
21170, 0.00411862
21171, 0.00411879
21172, 0.00411897
21173, 0.00412122
21174, 0.00412143
21175, 0.00412162
21176, 0.00412181
21177, 0.00412199
21178, 0.00412218
21179, 0.00412236
21180, 0.00412254
21181, 0.00412272
21182, 0.00412291
21183, 0.00412309
21184, 0.00412327
21185, 0.00412345
21186, 0.00412363
21187, 0.00412381
21188, 0.00412400
21189, 0.00412418
21190, 0.00412436
21191, 0.00412454
21192, 0.00412473
21193, 0.00412491
21194, 0.00412508
21195, 0.00412525
21196, 0.00412543
21197, 0.00412560
21198, 0.00412577
21199, 0.00412594
21200, 0.00412612
21201, 0.00412629
21202, 0.00412647
21203, 0.00412664
21204, 0.00412681
21205, 0.00412699
21206, 0.00412716
21207, 0.00412733
21208, 0.00412750
21209, 0.00412768
21210, 0.00412785
21211, 0.00412802
21212, 0.00412819
21213, 0.00412837
21214, 0.00412854
21215, 0.00412871
21216, 0.00412888
21217, 0.00412906
21218, 0.00412923
21219, 0.00412941
21220, 0.00412958
21221, 0.00412975
21222, 0.00412993
21223, 0.00413010
21224, 0.00413028
21225, 0.00413045
21226, 0.00413062
21227, 0.00413080
21228, 0.00413097
21229, 0.00413115
21230, 0.00413132
21231, 0.00413149
21232, 0.00413167
21233, 0.00413191
21234, 0.00413208
21235, 0.00413225
21236, 0.00413243
21237, 0.00413260
21238, 0.00413277
21239, 0.00413294
21240, 0.00413312
21241, 0.00413329
21242, 0.00413347
21243, 0.00413364
21244, 0.00413381
21245, 0.00413399
21246, 0.00413416
21247, 0.00413433
21248, 0.00413450
21249, 0.00413467
21250, 0.00413484
21251, 0.00413501
21252, 0.00413518
21253, 0.00413535
21254, 0.00413553
21255, 0.00413570
21256, 0.00413587
21257, 0.00413604
21258, 0.00413621
21259, 0.00413638
21260, 0.00413656
21261, 0.00413673
21262, 0.00413690
21263, 0.00413707
21264, 0.00413725
21265, 0.00413742
21266, 0.00413759
21267, 0.00413776
21268, 0.00413793
21269, 0.00413811
21270, 0.00413827
21271, 0.00413845
21272, 0.00413862
21273, 0.00413879
21274, 0.00413896
21275, 0.00413913
21276, 0.00413931
21277, 0.00413947
21278, 0.00413964
21279, 0.00413982
21280, 0.00413999
21281, 0.00414016
21282, 0.00414033
21283, 0.00414050
21284, 0.00414067
21285, 0.00414085
21286, 0.00414102
21287, 0.00414119
21288, 0.00414136
21289, 0.00414153
21290, 0.00414170
21291, 0.00414187
21292, 0.00414204
21293, 0.00414221
21294, 0.00414238
21295, 0.00414255
21296, 0.00414273
21297, 0.00414290
21298, 0.00414308
21299, 0.00414740
21300, 0.00414760
21301, 0.00414777
21302, 0.00414795
21303, 0.00414813
21304, 0.00414831
21305, 0.00414848
21306, 0.00414866
21307, 0.00414884
21308, 0.00414902
21309, 0.00414919
21310, 0.00414937
21311, 0.00414955
21312, 0.00414972
21313, 0.00414989
21314, 0.00415007
21315, 0.00415024
21316, 0.00415042
21317, 0.00415059
21318, 0.00415077
21319, 0.00415094
21320, 0.00415112
21321, 0.00415129
21322, 0.00415147
21323, 0.00415164
21324, 0.00415181
21325, 0.00415199
21326, 0.00415217
21327, 0.00415234
21328, 0.00415252
21329, 0.00415269
21330, 0.00415287
21331, 0.00415304
21332, 0.00415322
21333, 0.00415339
21334, 0.00415356
21335, 0.00415374
21336, 0.00415391
21337, 0.00415409
21338, 0.00415427
21339, 0.00415444
21340, 0.00415462
21341, 0.00415480
21342, 0.00415497
21343, 0.00415514
21344, 0.00415532
21345, 0.00415549
21346, 0.00415567
21347, 0.00415585
21348, 0.00415602
21349, 0.00415619
21350, 0.00415636
21351, 0.00415653
21352, 0.00415671
21353, 0.00415689
21354, 0.00415706
21355, 0.00415723
21356, 0.00415741
21357, 0.00415758
21358, 0.00415776
21359, 0.00415793
21360, 0.00415811
21361, 0.00415829
21362, 0.00415846
21363, 0.00415864
21364, 0.00415881
21365, 0.00415899
21366, 0.00415916
21367, 0.00415933
21368, 0.00415951
21369, 0.00415969
21370, 0.00415986
21371, 0.00416003
21372, 0.00416021
21373, 0.00416039
21374, 0.00416056
21375, 0.00416074
21376, 0.00416091
21377, 0.00416108
21378, 0.00416126
21379, 0.00416143
21380, 0.00416160
21381, 0.00416178
21382, 0.00416196
21383, 0.00416213
21384, 0.00416231
21385, 0.00416248
21386, 0.00416265
21387, 0.00416283
21388, 0.00416300
21389, 0.00416318
21390, 0.00416335
21391, 0.00416353
21392, 0.00416370
21393, 0.00416388
21394, 0.00416405
21395, 0.00416422
21396, 0.00416440
21397, 0.00416457
21398, 0.00416475
21399, 0.00416492
21400, 0.00416510
21401, 0.00416527
21402, 0.00416545
21403, 0.00416562
21404, 0.00416580
21405, 0.00416598
21406, 0.00416615
21407, 0.00416633
21408, 0.00416650
21409, 0.00416668
21410, 0.00416685
21411, 0.00416702
21412, 0.00416720
21413, 0.00416737
21414, 0.00416755
21415, 0.00416772
21416, 0.00416790
21417, 0.00416808
21418, 0.00416825
21419, 0.00416843
21420, 0.00416861
21421, 0.00416878
21422, 0.00416896
21423, 0.00416913
21424, 0.00416932
21425, 0.00417151
21426, 0.00417171
21427, 0.00417189
21428, 0.00417208
21429, 0.00417226
21430, 0.00417243
21431, 0.00417261
21432, 0.00417278
21433, 0.00417296
21434, 0.00417313
21435, 0.00417331
21436, 0.00417348
21437, 0.00417366
21438, 0.00417383
21439, 0.00417400
21440, 0.00417417
21441, 0.00417434
21442, 0.00417452
21443, 0.00417469
21444, 0.00417487
21445, 0.00417505
21446, 0.00417522
21447, 0.00417539
21448, 0.00417557
21449, 0.00417574
21450, 0.00417591
21451, 0.00417609
21452, 0.00417626
21453, 0.00417644
21454, 0.00417661
21455, 0.00417679
21456, 0.00417696
21457, 0.00417713
21458, 0.00417731
21459, 0.00417748
21460, 0.00417766
21461, 0.00417783
21462, 0.00417801
21463, 0.00417818
21464, 0.00417835
21465, 0.00417852
21466, 0.00417869
21467, 0.00417887
21468, 0.00417904
21469, 0.00417921
21470, 0.00417938
21471, 0.00417956
21472, 0.00417972
21473, 0.00417990
21474, 0.00418007
21475, 0.00418024
21476, 0.00418041
21477, 0.00418058
21478, 0.00418076
21479, 0.00418093
21480, 0.00418110
21481, 0.00418127
21482, 0.00418144
21483, 0.00418161
21484, 0.00418178
21485, 0.00418195
21486, 0.00418212
21487, 0.00418229
21488, 0.00418247
21489, 0.00418264
21490, 0.00418281
21491, 0.00418298
21492, 0.00418315
21493, 0.00418332
21494, 0.00418348
21495, 0.00418365
21496, 0.00418382
21497, 0.00418401
21498, 0.00418418
21499, 0.00418435
21500, 0.00418452
21501, 0.00418469
21502, 0.00418486
21503, 0.00418503
21504, 0.00418520
21505, 0.00418537
21506, 0.00418555
21507, 0.00418572
21508, 0.00418589
21509, 0.00418606
21510, 0.00418623
21511, 0.00418641
21512, 0.00418658
21513, 0.00418675
21514, 0.00418692
21515, 0.00418709
21516, 0.00418726
21517, 0.00418743
21518, 0.00418760
21519, 0.00418777
21520, 0.00418794
21521, 0.00418811
21522, 0.00418828
21523, 0.00418845
21524, 0.00418863
21525, 0.00418880
21526, 0.00418897
21527, 0.00418914
21528, 0.00418930
21529, 0.00418947
21530, 0.00418964
21531, 0.00418982
21532, 0.00418999
21533, 0.00419016
21534, 0.00419033
21535, 0.00419052
21536, 0.00419069
21537, 0.00419087
21538, 0.00419106
21539, 0.00419124
21540, 0.00419142
21541, 0.00419160
21542, 0.00419178
21543, 0.00419196
21544, 0.00419214
21545, 0.00419232
21546, 0.00419250
21547, 0.00419268
21548, 0.00419286
21549, 0.00419304
21550, 0.00419324
21551, 0.00419542
21552, 0.00419562
21553, 0.00419580
21554, 0.00419597
21555, 0.00419615
21556, 0.00419633
21557, 0.00419651
21558, 0.00419669
21559, 0.00419686
21560, 0.00419704
21561, 0.00419722
21562, 0.00419739
21563, 0.00419757
21564, 0.00419774
21565, 0.00419792
21566, 0.00419809
21567, 0.00419826
21568, 0.00419844
21569, 0.00419861
21570, 0.00419879
21571, 0.00419896
21572, 0.00419913
21573, 0.00419931
21574, 0.00419948
21575, 0.00419965
21576, 0.00419982
21577, 0.00420000
21578, 0.00420017
21579, 0.00420034
21580, 0.00420052
21581, 0.00420069
21582, 0.00420087
21583, 0.00420104
21584, 0.00420121
21585, 0.00420139
21586, 0.00420157
21587, 0.00420175
21588, 0.00420192
21589, 0.00420209
21590, 0.00420227
21591, 0.00420244
21592, 0.00420261
21593, 0.00420279
21594, 0.00420296
21595, 0.00420313
21596, 0.00420330
21597, 0.00420347
21598, 0.00420364
21599, 0.00420382
21600, 0.00420399
21601, 0.00420416
21602, 0.00420433
21603, 0.00420450
21604, 0.00420468
21605, 0.00420485
21606, 0.00420503
21607, 0.00420520
21608, 0.00420537
21609, 0.00420555
21610, 0.00420572
21611, 0.00420589
21612, 0.00420608
21613, 0.00420626
21614, 0.00420643
21615, 0.00420660
21616, 0.00420678
21617, 0.00420695
21618, 0.00420712
21619, 0.00420730
21620, 0.00420747
21621, 0.00420765
21622, 0.00420782
21623, 0.00420799
21624, 0.00420816
21625, 0.00420834
21626, 0.00420851
21627, 0.00420868
21628, 0.00420886
21629, 0.00420903
21630, 0.00420920
21631, 0.00420938
21632, 0.00420955
21633, 0.00420972
21634, 0.00420989
21635, 0.00421007
21636, 0.00421024
21637, 0.00421041
21638, 0.00421058
21639, 0.00421076
21640, 0.00421093
21641, 0.00421111
21642, 0.00421128
21643, 0.00421146
21644, 0.00421163
21645, 0.00421180
21646, 0.00421198
21647, 0.00421215
21648, 0.00421232
21649, 0.00421250
21650, 0.00421267
21651, 0.00421284
21652, 0.00421301
21653, 0.00421318
21654, 0.00421335
21655, 0.00421352
21656, 0.00421369
21657, 0.00421387
21658, 0.00421404
21659, 0.00421422
21660, 0.00421439
21661, 0.00421456
21662, 0.00421474
21663, 0.00421492
21664, 0.00421509
21665, 0.00421527
21666, 0.00421544
21667, 0.00421561
21668, 0.00421578
21669, 0.00421595
21670, 0.00421612
21671, 0.00421629
21672, 0.00421646
21673, 0.00421664
21674, 0.00421681
21675, 0.00421699
21676, 0.00421718
21677, 0.00421939
21678, 0.00421960
21679, 0.00421979
21680, 0.00421997
21681, 0.00422015
21682, 0.00422033
21683, 0.00422052
21684, 0.00422070
21685, 0.00422088
21686, 0.00422106
21687, 0.00422125
21688, 0.00422143
21689, 0.00422162
21690, 0.00422180
21691, 0.00422199
21692, 0.00422217
21693, 0.00422236
21694, 0.00422254
21695, 0.00422273
21696, 0.00422290
21697, 0.00422309
21698, 0.00422327
21699, 0.00422345
21700, 0.00422363
21701, 0.00422381
21702, 0.00422399
21703, 0.00422417
21704, 0.00422436
21705, 0.00422454
21706, 0.00422472
21707, 0.00422490
21708, 0.00422508
21709, 0.00422526
21710, 0.00422544
21711, 0.00422563
21712, 0.00422581
21713, 0.00422599
21714, 0.00422618
21715, 0.00422636
21716, 0.00422654
21717, 0.00422673
21718, 0.00422691
21719, 0.00422709
21720, 0.00422727
21721, 0.00422745
21722, 0.00422764
21723, 0.00422782
21724, 0.00422800
21725, 0.00422818
21726, 0.00422837
21727, 0.00422855
21728, 0.00422873
21729, 0.00422892
21730, 0.00422910
21731, 0.00422928
21732, 0.00422947
21733, 0.00422965
21734, 0.00422983
21735, 0.00423001
21736, 0.00423020
21737, 0.00423038
21738, 0.00423056
21739, 0.00423074
21740, 0.00423093
21741, 0.00423111
21742, 0.00423129
21743, 0.00423147
21744, 0.00423166
21745, 0.00423184
21746, 0.00423202
21747, 0.00423221
21748, 0.00423239
21749, 0.00423257
21750, 0.00423275
21751, 0.00423294
21752, 0.00423312
21753, 0.00423330
21754, 0.00423349
21755, 0.00423367
21756, 0.00423385
21757, 0.00423404
21758, 0.00423422
21759, 0.00423440
21760, 0.00423459
21761, 0.00423477
21762, 0.00423496
21763, 0.00423514
21764, 0.00423532
21765, 0.00423550
21766, 0.00423569
21767, 0.00423586
21768, 0.00423605
21769, 0.00423623
21770, 0.00423641
21771, 0.00423660
21772, 0.00423678
21773, 0.00423696
21774, 0.00423714
21775, 0.00423733
21776, 0.00423751
21777, 0.00423769
21778, 0.00423787
21779, 0.00423806
21780, 0.00423824
21781, 0.00423842
21782, 0.00423861
21783, 0.00423879
21784, 0.00423897
21785, 0.00423916
21786, 0.00423934
21787, 0.00423952
21788, 0.00423970
21789, 0.00423989
21790, 0.00424007
21791, 0.00424025
21792, 0.00424043
21793, 0.00424062
21794, 0.00424080
21795, 0.00424099
21796, 0.00424117
21797, 0.00424135
21798, 0.00424153
21799, 0.00424172
21800, 0.00424190
21801, 0.00424208
21802, 0.00424228
21803, 0.00424445
21804, 0.00424465
21805, 0.00424484
21806, 0.00424502
21807, 0.00424520
21808, 0.00424538
21809, 0.00424556
21810, 0.00424575
21811, 0.00424593
21812, 0.00424611
21813, 0.00424629
21814, 0.00424647
21815, 0.00424666
21816, 0.00424684
21817, 0.00424702
21818, 0.00424721
21819, 0.00424739
21820, 0.00424757
21821, 0.00424776
21822, 0.00424794
21823, 0.00424812
21824, 0.00424830
21825, 0.00424849
21826, 0.00424867
21827, 0.00424885
21828, 0.00424904
21829, 0.00424922
21830, 0.00424940
21831, 0.00424958
21832, 0.00424976
21833, 0.00424995
21834, 0.00425013
21835, 0.00425031
21836, 0.00425049
21837, 0.00425068
21838, 0.00425086
21839, 0.00425104
21840, 0.00425122
21841, 0.00425140
21842, 0.00425158
21843, 0.00425177
21844, 0.00425195
21845, 0.00425213
21846, 0.00425231
21847, 0.00425249
21848, 0.00425267
21849, 0.00425286
21850, 0.00425304
21851, 0.00425322
21852, 0.00425340
21853, 0.00425359
21854, 0.00425377
21855, 0.00425395
21856, 0.00425414
21857, 0.00425432
21858, 0.00425450
21859, 0.00425469
21860, 0.00425487
21861, 0.00425505
21862, 0.00425523
21863, 0.00425542
21864, 0.00425560
21865, 0.00425578
21866, 0.00425597
21867, 0.00425615
21868, 0.00425633
21869, 0.00425651
21870, 0.00425670
21871, 0.00425688
21872, 0.00425706
21873, 0.00425724
21874, 0.00425743
21875, 0.00425761
21876, 0.00425779
21877, 0.00425797
21878, 0.00425816
21879, 0.00425834
21880, 0.00425852
21881, 0.00425870
21882, 0.00425889
21883, 0.00425907
21884, 0.00425925
21885, 0.00425943
21886, 0.00425962
21887, 0.00425980
21888, 0.00425998
21889, 0.00426016
21890, 0.00426033
21891, 0.00426050
21892, 0.00426068
21893, 0.00426085
21894, 0.00426102
21895, 0.00426119
21896, 0.00426136
21897, 0.00426153
21898, 0.00426171
21899, 0.00426188
21900, 0.00426205
21901, 0.00426222
21902, 0.00426239
21903, 0.00426257
21904, 0.00426274
21905, 0.00426291
21906, 0.00426308
21907, 0.00426325
21908, 0.00426342
21909, 0.00426360
21910, 0.00426377
21911, 0.00426394
21912, 0.00426411
21913, 0.00426428
21914, 0.00426445
21915, 0.00426463
21916, 0.00426480
21917, 0.00426498
21918, 0.00426515
21919, 0.00426532
21920, 0.00426549
21921, 0.00426566
21922, 0.00426583
21923, 0.00426600
21924, 0.00426618
21925, 0.00426635
21926, 0.00426652
21927, 0.00426669
21928, 0.00426687
21929, 0.00426910
21930, 0.00426930
21931, 0.00426948
21932, 0.00426966
21933, 0.00426984
21934, 0.00427003
21935, 0.00427021
21936, 0.00427039
21937, 0.00427057
21938, 0.00427074
21939, 0.00427092
21940, 0.00427109
21941, 0.00427126
21942, 0.00427144
21943, 0.00427162
21944, 0.00427179
21945, 0.00427197
21946, 0.00427214
21947, 0.00427232
21948, 0.00427249
21949, 0.00427267
21950, 0.00427284
21951, 0.00427302
21952, 0.00427320
21953, 0.00427337
21954, 0.00427355
21955, 0.00427373
21956, 0.00427390
21957, 0.00427408
21958, 0.00427426
21959, 0.00427443
21960, 0.00427461
21961, 0.00427479
21962, 0.00427496
21963, 0.00427514
21964, 0.00427531
21965, 0.00427549
21966, 0.00427566
21967, 0.00427584
21968, 0.00427602
21969, 0.00427619
21970, 0.00427636
21971, 0.00427653
21972, 0.00427671
21973, 0.00427688
21974, 0.00427706
21975, 0.00427724
21976, 0.00427741
21977, 0.00427759
21978, 0.00427777
21979, 0.00427794
21980, 0.00427812
21981, 0.00427830
21982, 0.00427847
21983, 0.00427865
21984, 0.00427882
21985, 0.00427900
21986, 0.00427917
21987, 0.00427935
21988, 0.00427952
21989, 0.00427969
21990, 0.00427987
21991, 0.00428005
21992, 0.00428022
21993, 0.00428040
21994, 0.00428057
21995, 0.00428075
21996, 0.00428092
21997, 0.00428110
21998, 0.00428128
21999, 0.00428145
22000, 0.00428162
22001, 0.00428180
22002, 0.00428198
22003, 0.00428215
22004, 0.00428232
22005, 0.00428249
22006, 0.00428266
22007, 0.00428284
22008, 0.00428301
22009, 0.00428319
22010, 0.00428337
22011, 0.00428354
22012, 0.00428372
22013, 0.00428389
22014, 0.00428406
22015, 0.00428424
22016, 0.00428441
22017, 0.00428459
22018, 0.00428476
22019, 0.00428494
22020, 0.00428511
22021, 0.00428528
22022, 0.00428546
22023, 0.00428563
22024, 0.00428580
22025, 0.00428598
22026, 0.00428616
22027, 0.00428634
22028, 0.00428651
22029, 0.00428668
22030, 0.00428686
22031, 0.00428704
22032, 0.00428721
22033, 0.00428739
22034, 0.00428762
22035, 0.00428779
22036, 0.00428797
22037, 0.00428816
22038, 0.00428834
22039, 0.00428852
22040, 0.00428869
22041, 0.00428886
22042, 0.00428904
22043, 0.00428921
22044, 0.00428939
22045, 0.00428959
22046, 0.00428976
22047, 0.00428994
22048, 0.00429011
22049, 0.00429029
22050, 0.00429047
22051, 0.00429065
22052, 0.00429082
22053, 0.00429100
22054, 0.00429119
22055, 0.00429339
22056, 0.00429357
22057, 0.00429375
22058, 0.00429393
22059, 0.00429411
22060, 0.00429428
22061, 0.00429446
22062, 0.00429463
22063, 0.00429481
22064, 0.00429498
22065, 0.00429516
22066, 0.00429533
22067, 0.00429550
22068, 0.00429568
22069, 0.00429585
22070, 0.00429603
22071, 0.00429621
22072, 0.00429640
22073, 0.00429658
22074, 0.00429676
22075, 0.00429694
22076, 0.00429713
22077, 0.00429731
22078, 0.00429749
22079, 0.00429767
22080, 0.00429785
22081, 0.00429803
22082, 0.00429822
22083, 0.00429840
22084, 0.00429858
22085, 0.00429876
22086, 0.00429894
22087, 0.00429911
22088, 0.00429928
22089, 0.00429945
22090, 0.00429962
22091, 0.00429979
22092, 0.00429997
22093, 0.00430014
22094, 0.00430031
22095, 0.00430048
22096, 0.00430065
22097, 0.00430082
22098, 0.00430099
22099, 0.00430116
22100, 0.00430134
22101, 0.00430151
22102, 0.00430168
22103, 0.00430185
22104, 0.00430203
22105, 0.00430220
22106, 0.00430237
22107, 0.00430254
22108, 0.00430271
22109, 0.00430289
22110, 0.00430306
22111, 0.00430323
22112, 0.00430340
22113, 0.00430357
22114, 0.00430374
22115, 0.00430391
22116, 0.00430408
22117, 0.00430425
22118, 0.00430443
22119, 0.00430461
22120, 0.00430479
22121, 0.00430497
22122, 0.00430515
22123, 0.00430533
22124, 0.00430550
22125, 0.00430567
22126, 0.00430584
22127, 0.00430601
22128, 0.00430618
22129, 0.00430635
22130, 0.00430652
22131, 0.00430669
22132, 0.00430686
22133, 0.00430703
22134, 0.00430720
22135, 0.00430737
22136, 0.00430754
22137, 0.00430771
22138, 0.00430788
22139, 0.00430805
22140, 0.00430822
22141, 0.00430838
22142, 0.00430856
22143, 0.00430872
22144, 0.00430889
22145, 0.00430906
22146, 0.00430923
22147, 0.00430940
22148, 0.00430957
22149, 0.00430974
22150, 0.00430991
22151, 0.00431008
22152, 0.00431025
22153, 0.00431042
22154, 0.00431059
22155, 0.00431076
22156, 0.00431093
22157, 0.00431110
22158, 0.00431127
22159, 0.00431144
22160, 0.00431161
22161, 0.00431178
22162, 0.00431194
22163, 0.00431211
22164, 0.00431228
22165, 0.00431245
22166, 0.00431262
22167, 0.00431279
22168, 0.00431296
22169, 0.00431313
22170, 0.00431330
22171, 0.00431347
22172, 0.00431364
22173, 0.00431380
22174, 0.00431397
22175, 0.00431414
22176, 0.00431431
22177, 0.00431448
22178, 0.00431465
22179, 0.00431482
22180, 0.00431501
22181, 0.00431742
22182, 0.00431764
22183, 0.00431781
22184, 0.00431799
22185, 0.00431817
22186, 0.00431834
22187, 0.00431851
22188, 0.00431869
22189, 0.00431887
22190, 0.00431905
22191, 0.00431923
22192, 0.00431940
22193, 0.00431958
22194, 0.00431976
22195, 0.00431993
22196, 0.00432011
22197, 0.00432028
22198, 0.00432046
22199, 0.00432064
22200, 0.00432082
22201, 0.00432100
22202, 0.00432117
22203, 0.00432135
22204, 0.00432153
22205, 0.00432171
22206, 0.00432188
22207, 0.00432206
22208, 0.00432223
22209, 0.00432240
22210, 0.00432257
22211, 0.00432274
22212, 0.00432292
22213, 0.00432308
22214, 0.00432326
22215, 0.00432343
22216, 0.00432361
22217, 0.00432379
22218, 0.00432396
22219, 0.00432413
22220, 0.00432431
22221, 0.00432448
22222, 0.00432465
22223, 0.00432482
22224, 0.00432499
22225, 0.00432517
22226, 0.00432534
22227, 0.00432551
22228, 0.00432569
22229, 0.00432586
22230, 0.00432603
22231, 0.00432620
22232, 0.00432637
22233, 0.00432654
22234, 0.00432672
22235, 0.00432689
22236, 0.00432707
22237, 0.00432724
22238, 0.00432741
22239, 0.00432759
22240, 0.00432776
22241, 0.00432793
22242, 0.00432811
22243, 0.00432828
22244, 0.00432845
22245, 0.00432863
22246, 0.00432880
22247, 0.00432897
22248, 0.00432914
22249, 0.00432931
22250, 0.00432949
22251, 0.00432966
22252, 0.00432983
22253, 0.00433000
22254, 0.00433017
22255, 0.00433034
22256, 0.00433051
22257, 0.00433069
22258, 0.00433086
22259, 0.00433103
22260, 0.00433121
22261, 0.00433138
22262, 0.00433155
22263, 0.00433173
22264, 0.00433190
22265, 0.00433207
22266, 0.00433224
22267, 0.00433241
22268, 0.00433258
22269, 0.00433276
22270, 0.00433293
22271, 0.00433310
22272, 0.00433328
22273, 0.00433345
22274, 0.00433362
22275, 0.00433380
22276, 0.00433397
22277, 0.00433414
22278, 0.00433432
22279, 0.00433449
22280, 0.00433466
22281, 0.00433484
22282, 0.00433501
22283, 0.00433518
22284, 0.00433536
22285, 0.00433553
22286, 0.00433570
22287, 0.00433587
22288, 0.00433605
22289, 0.00433622
22290, 0.00433639
22291, 0.00433656
22292, 0.00433673
22293, 0.00433691
22294, 0.00433708
22295, 0.00433725
22296, 0.00433743
22297, 0.00433760
22298, 0.00433778
22299, 0.00433795
22300, 0.00433812
22301, 0.00433830
22302, 0.00433847
22303, 0.00433864
22304, 0.00433881
22305, 0.00433899
22306, 0.00433917
22307, 0.00434138
22308, 0.00434158
22309, 0.00434176
22310, 0.00434194
22311, 0.00434212
22312, 0.00434229
22313, 0.00434247
22314, 0.00434264
22315, 0.00434282
22316, 0.00434300
22317, 0.00434317
22318, 0.00434334
22319, 0.00434351
22320, 0.00434368
22321, 0.00434386
22322, 0.00434403
22323, 0.00434421
22324, 0.00434438
22325, 0.00434456
22326, 0.00434473
22327, 0.00434490
22328, 0.00434507
22329, 0.00434525
22330, 0.00434542
22331, 0.00434559
22332, 0.00434576
22333, 0.00434593
22334, 0.00434610
22335, 0.00434627
22336, 0.00434645
22337, 0.00434662
22338, 0.00434679
22339, 0.00434696
22340, 0.00434714
22341, 0.00434731
22342, 0.00434748
22343, 0.00434765
22344, 0.00434782
22345, 0.00434799
22346, 0.00434816
22347, 0.00434833
22348, 0.00434850
22349, 0.00434868
22350, 0.00434885
22351, 0.00434903
22352, 0.00434920
22353, 0.00434938
22354, 0.00434955
22355, 0.00434972
22356, 0.00434990
22357, 0.00435007
22358, 0.00435024
22359, 0.00435041
22360, 0.00435059
22361, 0.00435076
22362, 0.00435093
22363, 0.00435110
22364, 0.00435127
22365, 0.00435145
22366, 0.00435162
22367, 0.00435179
22368, 0.00435197
22369, 0.00435214
22370, 0.00435231
22371, 0.00435248
22372, 0.00435265
22373, 0.00435282
22374, 0.00435300
22375, 0.00435317
22376, 0.00435334
22377, 0.00435351
22378, 0.00435368
22379, 0.00435386
22380, 0.00435403
22381, 0.00435420
22382, 0.00435437
22383, 0.00435454
22384, 0.00435471
22385, 0.00435488
22386, 0.00435506
22387, 0.00435522
22388, 0.00435540
22389, 0.00435557
22390, 0.00435574
22391, 0.00435592
22392, 0.00435609
22393, 0.00435626
22394, 0.00435643
22395, 0.00435660
22396, 0.00435677
22397, 0.00435694
22398, 0.00435711
22399, 0.00435729
22400, 0.00435746
22401, 0.00435764
22402, 0.00435781
22403, 0.00435798
22404, 0.00435815
22405, 0.00435833
22406, 0.00435850
22407, 0.00435867
22408, 0.00435884
22409, 0.00435902
22410, 0.00435919
22411, 0.00435936
22412, 0.00435954
22413, 0.00435971
22414, 0.00435988
22415, 0.00436005
22416, 0.00436023
22417, 0.00436040
22418, 0.00436057
22419, 0.00436074
22420, 0.00436091
22421, 0.00436108
22422, 0.00436126
22423, 0.00436143
22424, 0.00436160
22425, 0.00436177
22426, 0.00436194
22427, 0.00436211
22428, 0.00436228
22429, 0.00436246
22430, 0.00436263
22431, 0.00436280
22432, 0.00436298
22433, 0.00436523
22434, 0.00436543
22435, 0.00436561
22436, 0.00436579
22437, 0.00436596
22438, 0.00436614
22439, 0.00436632
22440, 0.00436649
22441, 0.00436667
22442, 0.00436684
22443, 0.00436702
22444, 0.00436719
22445, 0.00436737
22446, 0.00436755
22447, 0.00436772
22448, 0.00436790
22449, 0.00436807
22450, 0.00436825
22451, 0.00436842
22452, 0.00436860
22453, 0.00436878
22454, 0.00436895
22455, 0.00436913
22456, 0.00436930
22457, 0.00436947
22458, 0.00436964
22459, 0.00436981
22460, 0.00436999
22461, 0.00437016
22462, 0.00437034
22463, 0.00437051
22464, 0.00437069
22465, 0.00437086
22466, 0.00437104
22467, 0.00437122
22468, 0.00437140
22469, 0.00437158
22470, 0.00437175
22471, 0.00437192
22472, 0.00437209
22473, 0.00437227
22474, 0.00437244
22475, 0.00437261
22476, 0.00437279
22477, 0.00437298
22478, 0.00437317
22479, 0.00437334
22480, 0.00437352
22481, 0.00437369
22482, 0.00437386
22483, 0.00437403
22484, 0.00437420
22485, 0.00437437
22486, 0.00437454
22487, 0.00437471
22488, 0.00437488
22489, 0.00437505
22490, 0.00437522
22491, 0.00437540
22492, 0.00437556
22493, 0.00437574
22494, 0.00437591
22495, 0.00437608
22496, 0.00437625
22497, 0.00437643
22498, 0.00437660
22499, 0.00437677
22500, 0.00437694
22501, 0.00437711
22502, 0.00437728
22503, 0.00437744
22504, 0.00437762
22505, 0.00437779
22506, 0.00437796
22507, 0.00437814
22508, 0.00437831
22509, 0.00437848
22510, 0.00437865
22511, 0.00437882
22512, 0.00437899
22513, 0.00437916
22514, 0.00437933
22515, 0.00437950
22516, 0.00437967
22517, 0.00437985
22518, 0.00438002
22519, 0.00438019
22520, 0.00438036
22521, 0.00438053
22522, 0.00438070
22523, 0.00438087
22524, 0.00438104
22525, 0.00438121
22526, 0.00438139
22527, 0.00438155
22528, 0.00438172
22529, 0.00438190
22530, 0.00438206
22531, 0.00438223
22532, 0.00438240
22533, 0.00438257
22534, 0.00438274
22535, 0.00438291
22536, 0.00438309
22537, 0.00438326
22538, 0.00438342
22539, 0.00438359
22540, 0.00438376
22541, 0.00438394
22542, 0.00438411
22543, 0.00438427
22544, 0.00438444
22545, 0.00438461
22546, 0.00438479
22547, 0.00438496
22548, 0.00438513
22549, 0.00438530
22550, 0.00438547
22551, 0.00438564
22552, 0.00438581
22553, 0.00438598
22554, 0.00438615
22555, 0.00438632
22556, 0.00438650
22557, 0.00438666
22558, 0.00438685
22559, 0.00438945
22560, 0.00438966
22561, 0.00438983
22562, 0.00439001
22563, 0.00439018
22564, 0.00439036
22565, 0.00439053
22566, 0.00439071
22567, 0.00439089
22568, 0.00439107
22569, 0.00439124
22570, 0.00439142
22571, 0.00439159
22572, 0.00439176
22573, 0.00439193
22574, 0.00439210
22575, 0.00439228
22576, 0.00439245
22577, 0.00439262
22578, 0.00439280
22579, 0.00439297
22580, 0.00439315
22581, 0.00439332
22582, 0.00439350
22583, 0.00439375
22584, 0.00439393
22585, 0.00439410
22586, 0.00439427
22587, 0.00439445
22588, 0.00439462
22589, 0.00439480
22590, 0.00439497
22591, 0.00439521
22592, 0.00439539
22593, 0.00439557
22594, 0.00439575
22595, 0.00439592
22596, 0.00439609
22597, 0.00439627
22598, 0.00439644
22599, 0.00439668
22600, 0.00439685
22601, 0.00439703
22602, 0.00439720
22603, 0.00439738
22604, 0.00439755
22605, 0.00439773
22606, 0.00439790
22607, 0.00439815
22608, 0.00439832
22609, 0.00439850
22610, 0.00439867
22611, 0.00439884
22612, 0.00439902
22613, 0.00439919
22614, 0.00439937
22615, 0.00439954
22616, 0.00439971
22617, 0.00439988
22618, 0.00440006
22619, 0.00440023
22620, 0.00440041
22621, 0.00440058
22622, 0.00440075
22623, 0.00440126
22624, 0.00440144
22625, 0.00440161
22626, 0.00440179
22627, 0.00440196
22628, 0.00440214
22629, 0.00440231
22630, 0.00440249
22631, 0.00440266
22632, 0.00440284
22633, 0.00440301
22634, 0.00440319
22635, 0.00440336
22636, 0.00440354
22637, 0.00440371
22638, 0.00440389
22639, 0.00440413
22640, 0.00440431
22641, 0.00440449
22642, 0.00440466
22643, 0.00440484
22644, 0.00440501
22645, 0.00440518
22646, 0.00440535
22647, 0.00440552
22648, 0.00440569
22649, 0.00440587
22650, 0.00440603
22651, 0.00440621
22652, 0.00440638
22653, 0.00440655
22654, 0.00440672
22655, 0.00440690
22656, 0.00440706
22657, 0.00440724
22658, 0.00440741
22659, 0.00440758
22660, 0.00440775
22661, 0.00440792
22662, 0.00440809
22663, 0.00440826
22664, 0.00440843
22665, 0.00440860
22666, 0.00440877
22667, 0.00440894
22668, 0.00440911
22669, 0.00440929
22670, 0.00440946
22671, 0.00440963
22672, 0.00440980
22673, 0.00440997
22674, 0.00441015
22675, 0.00441032
22676, 0.00441049
22677, 0.00441066
22678, 0.00441084
22679, 0.00441101
22680, 0.00441119
22681, 0.00441136
22682, 0.00441154
22683, 0.00441171
22684, 0.00441190
22685, 0.00441413
22686, 0.00441433
22687, 0.00441450
22688, 0.00441468
22689, 0.00441486
22690, 0.00441504
22691, 0.00441521
22692, 0.00441539
22693, 0.00441556
22694, 0.00441573
22695, 0.00441591
22696, 0.00441608
22697, 0.00441626
22698, 0.00441643
22699, 0.00441660
22700, 0.00441678
22701, 0.00441695
22702, 0.00441713
22703, 0.00441730
22704, 0.00441747
22705, 0.00441764
22706, 0.00441781
22707, 0.00441798
22708, 0.00441816
22709, 0.00441833
22710, 0.00441850
22711, 0.00441867
22712, 0.00441885
22713, 0.00441902
22714, 0.00441920
22715, 0.00441938
22716, 0.00441955
22717, 0.00441973
22718, 0.00441990
22719, 0.00442008
22720, 0.00442025
22721, 0.00442042
22722, 0.00442060
22723, 0.00442077
22724, 0.00442094
22725, 0.00442111
22726, 0.00442129
22727, 0.00442146
22728, 0.00442164
22729, 0.00442181
22730, 0.00442199
22731, 0.00442216
22732, 0.00442234
22733, 0.00442251
22734, 0.00442268
22735, 0.00442285
22736, 0.00442302
22737, 0.00442320
22738, 0.00442337
22739, 0.00442354
22740, 0.00442371
22741, 0.00442388
22742, 0.00442405
22743, 0.00442423
22744, 0.00442441
22745, 0.00442458
22746, 0.00442475
22747, 0.00442493
22748, 0.00442510
22749, 0.00442528
22750, 0.00442547
22751, 0.00442565
22752, 0.00442584
22753, 0.00442602
22754, 0.00442620
22755, 0.00442637
22756, 0.00442654
22757, 0.00442673
22758, 0.00442690
22759, 0.00442708
22760, 0.00442725
22761, 0.00442743
22762, 0.00442760
22763, 0.00442778
22764, 0.00442795
22765, 0.00442813
22766, 0.00442830
22767, 0.00442847
22768, 0.00442864
22769, 0.00442881
22770, 0.00442898
22771, 0.00442915
22772, 0.00442932
22773, 0.00442949
22774, 0.00442967
22775, 0.00442985
22776, 0.00443002
22777, 0.00443019
22778, 0.00443037
22779, 0.00443054
22780, 0.00443071
22781, 0.00443088
22782, 0.00443105
22783, 0.00443122
22784, 0.00443139
22785, 0.00443156
22786, 0.00443174
22787, 0.00443191
22788, 0.00443209
22789, 0.00443246
22790, 0.00443277
22791, 0.00447413
22792, 0.00447459
22793, 0.00447483
22794, 0.00447511
22795, 0.00447533
22796, 0.00447554
22797, 0.00447582
22798, 0.00447603
22799, 0.00447628
22800, 0.00447652
22801, 0.00447674
22802, 0.00447698
22803, 0.00447724
22804, 0.00447745
22805, 0.00447768
22806, 0.00447790
22807, 0.00447824
22808, 0.00447848
22809, 0.00447872
22810, 0.00447902
22811, 0.00448224
22812, 0.00448251
22813, 0.00448276
22814, 0.00448305
22815, 0.00448338
22816, 0.00448366
22817, 0.00448390
22818, 0.00448416
22819, 0.00448438
22820, 0.00448461
22821, 0.00448486
22822, 0.00448510
22823, 0.00448532
22824, 0.00448553
22825, 0.00448575
22826, 0.00448598
22827, 0.00448622
22828, 0.00448645
22829, 0.00448671
22830, 0.00448694
22831, 0.00448720
22832, 0.00448740
22833, 0.00448766
22834, 0.00448791
22835, 0.00448819
22836, 0.00448845
22837, 0.00448874
22838, 0.00448902
22839, 0.00448927
22840, 0.00448949
22841, 0.00448973
22842, 0.00449001
22843, 0.00449030
22844, 0.00449053
22845, 0.00449078
22846, 0.00449105
22847, 0.00449128
22848, 0.00449161
22849, 0.00449185
22850, 0.00449212
22851, 0.00449238
22852, 0.00449263
22853, 0.00449284
22854, 0.00449308
22855, 0.00449329
22856, 0.00449360
22857, 0.00449390
22858, 0.00449419
22859, 0.00449442
22860, 0.00449465
22861, 0.00449488
22862, 0.00449513
22863, 0.00449563
22864, 0.00449593
22865, 0.00449877
22866, 0.00449909
22867, 0.00449939
22868, 0.00449973
22869, 0.00450008
22870, 0.00450043
22871, 0.00450073
22872, 0.00450103
22873, 0.00450133
22874, 0.00450163
22875, 0.00450197
22876, 0.00450227
22877, 0.00450902
22878, 0.00450926
22879, 0.00450944
22880, 0.00450961
22881, 0.00450979
22882, 0.00450997
22883, 0.00451015
22884, 0.00451032
22885, 0.00451050
22886, 0.00451067
22887, 0.00451085
22888, 0.00451102
22889, 0.00451120
22890, 0.00451138
22891, 0.00451155
22892, 0.00451173
22893, 0.00451190
22894, 0.00451207
22895, 0.00451225
22896, 0.00451242
22897, 0.00451260
22898, 0.00451277
22899, 0.00451295
22900, 0.00451312
22901, 0.00451330
22902, 0.00451347
22903, 0.00451365
22904, 0.00451382
22905, 0.00451400
22906, 0.00451417
22907, 0.00451434
22908, 0.00451452
22909, 0.00451469
22910, 0.00451487
22911, 0.00451504
22912, 0.00451521
22913, 0.00451538
22914, 0.00451556
22915, 0.00451573
22916, 0.00451591
22917, 0.00451608
22918, 0.00451626
22919, 0.00451643
22920, 0.00451661
22921, 0.00451678
22922, 0.00451696
22923, 0.00451713
22924, 0.00451730
22925, 0.00451748
22926, 0.00451766
22927, 0.00451783
22928, 0.00451800
22929, 0.00451818
22930, 0.00451835
22931, 0.00451854
22932, 0.00451872
22933, 0.00451890
22934, 0.00451908
22935, 0.00451926
22936, 0.00451947
22937, 0.00452247
22938, 0.00452268
22939, 0.00452286
22940, 0.00452303
22941, 0.00452320
22942, 0.00452337
22943, 0.00452355
22944, 0.00452372
22945, 0.00452389
22946, 0.00452406
22947, 0.00452424
22948, 0.00452441
22949, 0.00452457
22950, 0.00452474
22951, 0.00452491
22952, 0.00452509
22953, 0.00452526
22954, 0.00452543
22955, 0.00452560
22956, 0.00452577
22957, 0.00452594
22958, 0.00452611
22959, 0.00452629
22960, 0.00452646
22961, 0.00452663
22962, 0.00452680
22963, 0.00452697
22964, 0.00452714
22965, 0.00452732
22966, 0.00452748
22967, 0.00452766
22968, 0.00452784
22969, 0.00452801
22970, 0.00452818
22971, 0.00452835
22972, 0.00452853
22973, 0.00452870
22974, 0.00452887
22975, 0.00452904
22976, 0.00452921
22977, 0.00452939
22978, 0.00452956
22979, 0.00452973
22980, 0.00452989
22981, 0.00453006
22982, 0.00453023
22983, 0.00453046
22984, 0.00453063
22985, 0.00453080
22986, 0.00453097
22987, 0.00453114
22988, 0.00453131
22989, 0.00453148
22990, 0.00453165
22991, 0.00453189
22992, 0.00453206
22993, 0.00453223
22994, 0.00453240
22995, 0.00453257
22996, 0.00453274
22997, 0.00453291
22998, 0.00453308
22999, 0.00453333
23000, 0.00453350
23001, 0.00453367
23002, 0.00453384
23003, 0.00453401
23004, 0.00453418
23005, 0.00453435
23006, 0.00453453
23007, 0.00453477
23008, 0.00453493
23009, 0.00453511
23010, 0.00453528
23011, 0.00453544
23012, 0.00453562
23013, 0.00453579
23014, 0.00453596
23015, 0.00453620
23016, 0.00453637
23017, 0.00453654
23018, 0.00453671
23019, 0.00453689
23020, 0.00453706
23021, 0.00453723
23022, 0.00453740
23023, 0.00453765
23024, 0.00453782
23025, 0.00453799
23026, 0.00453816
23027, 0.00453833
23028, 0.00453850
23029, 0.00453867
23030, 0.00453884
23031, 0.00453909
23032, 0.00453926
23033, 0.00453943
23034, 0.00453960
23035, 0.00453977
23036, 0.00453994
23037, 0.00454011
23038, 0.00454028
23039, 0.00454045
23040, 0.00454062
23041, 0.00454079
23042, 0.00454096
23043, 0.00454113
23044, 0.00454130
23045, 0.00454147
23046, 0.00454164
23047, 0.00454187
23048, 0.00454204
23049, 0.00454221
23050, 0.00454238
23051, 0.00454255
23052, 0.00454272
23053, 0.00454289
23054, 0.00454306
23055, 0.00454331
23056, 0.00454348
23057, 0.00454366
23058, 0.00454382
23059, 0.00454400
23060, 0.00454417
23061, 0.00454434
23062, 0.00454454
23063, 0.00454681
23064, 0.00454702
23065, 0.00454720
23066, 0.00454739
23067, 0.00454757
23068, 0.00454775
23069, 0.00454794
23070, 0.00454812
23071, 0.00454839
23072, 0.00454857
23073, 0.00454875
23074, 0.00454893
23075, 0.00454912
23076, 0.00454930
23077, 0.00454948
23078, 0.00454967
23079, 0.00454993
23080, 0.00455011
23081, 0.00455029
23082, 0.00455047
23083, 0.00455066
23084, 0.00455084
23085, 0.00455102
23086, 0.00455120
23087, 0.00455145
23088, 0.00455162
23089, 0.00455179
23090, 0.00455196
23091, 0.00455213
23092, 0.00455231
23093, 0.00455248
23094, 0.00455265
23095, 0.00455289
23096, 0.00455306
23097, 0.00455323
23098, 0.00455340
23099, 0.00455357
23100, 0.00455375
23101, 0.00455392
23102, 0.00455409
23103, 0.00455434
23104, 0.00455451
23105, 0.00455468
23106, 0.00455485
23107, 0.00455502
23108, 0.00455519
23109, 0.00455537
23110, 0.00455554
23111, 0.00455578
23112, 0.00455595
23113, 0.00455612
23114, 0.00455630
23115, 0.00455647
23116, 0.00455664
23117, 0.00455681
23118, 0.00455698
23119, 0.00455715
23120, 0.00455732
23121, 0.00455749
23122, 0.00455766
23123, 0.00455784
23124, 0.00455801
23125, 0.00455818
23126, 0.00455835
23127, 0.00455852
23128, 0.00455869
23129, 0.00455886
23130, 0.00455903
23131, 0.00455921
23132, 0.00455938
23133, 0.00455955
23134, 0.00455972
23135, 0.00455989
23136, 0.00456006
23137, 0.00456023
23138, 0.00456040
23139, 0.00456057
23140, 0.00456075
23141, 0.00456092
23142, 0.00456110
23143, 0.00456128
23144, 0.00456145
23145, 0.00456162
23146, 0.00456179
23147, 0.00456196
23148, 0.00456213
23149, 0.00456230
23150, 0.00456247
23151, 0.00456265
23152, 0.00456282
23153, 0.00456299
23154, 0.00456317
23155, 0.00456334
23156, 0.00456352
23157, 0.00456369
23158, 0.00456386
23159, 0.00456403
23160, 0.00456420
23161, 0.00456438
23162, 0.00456455
23163, 0.00456472
23164, 0.00456489
23165, 0.00456506
23166, 0.00456523
23167, 0.00456540
23168, 0.00456557
23169, 0.00456575
23170, 0.00456592
23171, 0.00456609
23172, 0.00456626
23173, 0.00456643
23174, 0.00456660
23175, 0.00456677
23176, 0.00456694
23177, 0.00456712
23178, 0.00456729
23179, 0.00456746
23180, 0.00456764
23181, 0.00456781
23182, 0.00456798
23183, 0.00456815
23184, 0.00456832
23185, 0.00456849
23186, 0.00456866
23187, 0.00456883
23188, 0.00456903
23189, 0.00457130
23190, 0.00457151
23191, 0.00457169
23192, 0.00457188
23193, 0.00457205
23194, 0.00457223
23195, 0.00457241
23196, 0.00457258
23197, 0.00457276
23198, 0.00457294
23199, 0.00457311
23200, 0.00457329
23201, 0.00457346
23202, 0.00457364
23203, 0.00457382
23204, 0.00457399
23205, 0.00457417
23206, 0.00457434
23207, 0.00457451
23208, 0.00457469
23209, 0.00457486
23210, 0.00457504
23211, 0.00457521
23212, 0.00457539
23213, 0.00457556
23214, 0.00457573
23215, 0.00457590
23216, 0.00457607
23217, 0.00457625
23218, 0.00457643
23219, 0.00457660
23220, 0.00457678
23221, 0.00457695
23222, 0.00457713
23223, 0.00457730
23224, 0.00457747
23225, 0.00457764
23226, 0.00457782
23227, 0.00457799
23228, 0.00457816
23229, 0.00457835
23230, 0.00457853
23231, 0.00457871
23232, 0.00457889
23233, 0.00457907
23234, 0.00457925
23235, 0.00457942
23236, 0.00457959
23237, 0.00457977
23238, 0.00457995
23239, 0.00458013
23240, 0.00458031
23241, 0.00458049
23242, 0.00458067
23243, 0.00458085
23244, 0.00458103
23245, 0.00458122
23246, 0.00458140
23247, 0.00458158
23248, 0.00458175
23249, 0.00458192
23250, 0.00458209
23251, 0.00458226
23252, 0.00458244
23253, 0.00458261
23254, 0.00458278
23255, 0.00458295
23256, 0.00458313
23257, 0.00458330
23258, 0.00458347
23259, 0.00458364
23260, 0.00458381
23261, 0.00458399
23262, 0.00458416
23263, 0.00458433
23264, 0.00458451
23265, 0.00458469
23266, 0.00458487
23267, 0.00458504
23268, 0.00458521
23269, 0.00458538
23270, 0.00458555
23271, 0.00458573
23272, 0.00458590
23273, 0.00458607
23274, 0.00458624
23275, 0.00458641
23276, 0.00458658
23277, 0.00458676
23278, 0.00458693
23279, 0.00458710
23280, 0.00458727
23281, 0.00458744
23282, 0.00458761
23283, 0.00458779
23284, 0.00458796
23285, 0.00458813
23286, 0.00458831
23287, 0.00458848
23288, 0.00458865
23289, 0.00458882
23290, 0.00458900
23291, 0.00458917
23292, 0.00458934
23293, 0.00458951
23294, 0.00458969
23295, 0.00458986
23296, 0.00459003
23297, 0.00459020
23298, 0.00459038
23299, 0.00459055
23300, 0.00459072
23301, 0.00459089
23302, 0.00459107
23303, 0.00459123
23304, 0.00459141
23305, 0.00459158
23306, 0.00459175
23307, 0.00459192
23308, 0.00459210
23309, 0.00459226
23310, 0.00459244
23311, 0.00459261
23312, 0.00459278
23313, 0.00459295
23314, 0.00459314
23315, 0.00459541
23316, 0.00459561
23317, 0.00459579
23318, 0.00459597
23319, 0.00459614
23320, 0.00459632
23321, 0.00459650
23322, 0.00459668
23323, 0.00459686
23324, 0.00459703
23325, 0.00459721
23326, 0.00459738
23327, 0.00459756
23328, 0.00459774
23329, 0.00459791
23330, 0.00459809
23331, 0.00459827
23332, 0.00459844
23333, 0.00459862
23334, 0.00459879
23335, 0.00459897
23336, 0.00459915
23337, 0.00459932
23338, 0.00459949
23339, 0.00459967
23340, 0.00459984
23341, 0.00460001
23342, 0.00460019
23343, 0.00460037
23344, 0.00460054
23345, 0.00460072
23346, 0.00460089
23347, 0.00460107
23348, 0.00460124
23349, 0.00460142
23350, 0.00460159
23351, 0.00460177
23352, 0.00460194
23353, 0.00460212
23354, 0.00460229
23355, 0.00460246
23356, 0.00460264
23357, 0.00460285
23358, 0.00460302
23359, 0.00460320
23360, 0.00460338
23361, 0.00460355
23362, 0.00460372
23363, 0.00460390
23364, 0.00460407
23365, 0.00460424
23366, 0.00460442
23367, 0.00460459
23368, 0.00460476
23369, 0.00460494
23370, 0.00460511
23371, 0.00460528
23372, 0.00460546
23373, 0.00460564
23374, 0.00460581
23375, 0.00460598
23376, 0.00460616
23377, 0.00460633
23378, 0.00460651
23379, 0.00460668
23380, 0.00460685
23381, 0.00460703
23382, 0.00460721
23383, 0.00460738
23384, 0.00460756
23385, 0.00460773
23386, 0.00460794
23387, 0.00460812
23388, 0.00460830
23389, 0.00460847
23390, 0.00460865
23391, 0.00460882
23392, 0.00460900
23393, 0.00460917
23394, 0.00460935
23395, 0.00460952
23396, 0.00460970
23397, 0.00460988
23398, 0.00461005
23399, 0.00461022
23400, 0.00461039
23401, 0.00461057
23402, 0.00461075
23403, 0.00461092
23404, 0.00461109
23405, 0.00461127
23406, 0.00461144
23407, 0.00461162
23408, 0.00461179
23409, 0.00461197
23410, 0.00461215
23411, 0.00461232
23412, 0.00461249
23413, 0.00461267
23414, 0.00461284
23415, 0.00461302
23416, 0.00461319
23417, 0.00461337
23418, 0.00461355
23419, 0.00461372
23420, 0.00461390
23421, 0.00461407
23422, 0.00461424
23423, 0.00461442
23424, 0.00461459
23425, 0.00461477
23426, 0.00461494
23427, 0.00461512
23428, 0.00461529
23429, 0.00461546
23430, 0.00461563
23431, 0.00461581
23432, 0.00461598
23433, 0.00461616
23434, 0.00461634
23435, 0.00461651
23436, 0.00461669
23437, 0.00461687
23438, 0.00461705
23439, 0.00461722
23440, 0.00461742
23441, 0.00461966
23442, 0.00461987
23443, 0.00462005
23444, 0.00462024
23445, 0.00462042
23446, 0.00462060
23447, 0.00462078
23448, 0.00462096
23449, 0.00462114
23450, 0.00462132
23451, 0.00462151
23452, 0.00462169
23453, 0.00462187
23454, 0.00462205
23455, 0.00462223
23456, 0.00462242
23457, 0.00462260
23458, 0.00462278
23459, 0.00462297
23460, 0.00462315
23461, 0.00462334
23462, 0.00462352
23463, 0.00462370
23464, 0.00462388
23465, 0.00462406
23466, 0.00462424
23467, 0.00462442
23468, 0.00462460
23469, 0.00462479
23470, 0.00462497
23471, 0.00462515
23472, 0.00462534
23473, 0.00462552
23474, 0.00462570
23475, 0.00462588
23476, 0.00462606
23477, 0.00462624
23478, 0.00462642
23479, 0.00462661
23480, 0.00462679
23481, 0.00462697
23482, 0.00462715
23483, 0.00462733
23484, 0.00462751
23485, 0.00462769
23486, 0.00462787
23487, 0.00462805
23488, 0.00462824
23489, 0.00462842
23490, 0.00462860
23491, 0.00462878
23492, 0.00462896
23493, 0.00462914
23494, 0.00462933
23495, 0.00462951
23496, 0.00462969
23497, 0.00462987
23498, 0.00463005
23499, 0.00463023
23500, 0.00463042
23501, 0.00463060
23502, 0.00463078
23503, 0.00463096
23504, 0.00463114
23505, 0.00463132
23506, 0.00463151
23507, 0.00463169
23508, 0.00463187
23509, 0.00463205
23510, 0.00463224
23511, 0.00463242
23512, 0.00463260
23513, 0.00463278
23514, 0.00463297
23515, 0.00463315
23516, 0.00463333
23517, 0.00463351
23518, 0.00463370
23519, 0.00463388
23520, 0.00463406
23521, 0.00463424
23522, 0.00463443
23523, 0.00463461
23524, 0.00463479
23525, 0.00463497
23526, 0.00463515
23527, 0.00463533
23528, 0.00463551
23529, 0.00463570
23530, 0.00463588
23531, 0.00463606
23532, 0.00463625
23533, 0.00463643
23534, 0.00463662
23535, 0.00463680
23536, 0.00463698
23537, 0.00463717
23538, 0.00463735
23539, 0.00463753
23540, 0.00463772
23541, 0.00463790
23542, 0.00463808
23543, 0.00463827
23544, 0.00463845
23545, 0.00463863
23546, 0.00463881
23547, 0.00463899
23548, 0.00463917
23549, 0.00463936
23550, 0.00463954
23551, 0.00463980
23552, 0.00463998
23553, 0.00464017
23554, 0.00464035
23555, 0.00464053
23556, 0.00464072
23557, 0.00464090
23558, 0.00464108
23559, 0.00464134
23560, 0.00464153
23561, 0.00464171
23562, 0.00464189
23563, 0.00464208
23564, 0.00464226
23565, 0.00464244
23566, 0.00464265
23567, 0.00464498
23568, 0.00464519
23569, 0.00464537
23570, 0.00464554
23571, 0.00464572
23572, 0.00464589
23573, 0.00464607
23574, 0.00464624
23575, 0.00464650
23576, 0.00464667
23577, 0.00464685
23578, 0.00464703
23579, 0.00464720
23580, 0.00464738
23581, 0.00464756
23582, 0.00464773
23583, 0.00464797
23584, 0.00464814
23585, 0.00464832
23586, 0.00464849
23587, 0.00464867
23588, 0.00464885
23589, 0.00464902
23590, 0.00464919
23591, 0.00464943
23592, 0.00464961
23593, 0.00464979
23594, 0.00464996
23595, 0.00465014
23596, 0.00465031
23597, 0.00465049
23598, 0.00465066
23599, 0.00465091
23600, 0.00465109
23601, 0.00465126
23602, 0.00465143
23603, 0.00465161
23604, 0.00465178
23605, 0.00465195
23606, 0.00465213
23607, 0.00465237
23608, 0.00465254
23609, 0.00465272
23610, 0.00465290
23611, 0.00465307
23612, 0.00465325
23613, 0.00465343
23614, 0.00465360
23615, 0.00465384
23616, 0.00465402
23617, 0.00465419
23618, 0.00465437
23619, 0.00465454
23620, 0.00465472
23621, 0.00465489
23622, 0.00465506
23623, 0.00465532
23624, 0.00465549
23625, 0.00465567
23626, 0.00465584
23627, 0.00465601
23628, 0.00465619
23629, 0.00465636
23630, 0.00465653
23631, 0.00465670
23632, 0.00465688
23633, 0.00465705
23634, 0.00465723
23635, 0.00465740
23636, 0.00465757
23637, 0.00465774
23638, 0.00465792
23639, 0.00465809
23640, 0.00465827
23641, 0.00465844
23642, 0.00465861
23643, 0.00465879
23644, 0.00465897
23645, 0.00465914
23646, 0.00465932
23647, 0.00465949
23648, 0.00465967
23649, 0.00465985
23650, 0.00466002
23651, 0.00466020
23652, 0.00466037
23653, 0.00466055
23654, 0.00466073
23655, 0.00466090
23656, 0.00466107
23657, 0.00466125
23658, 0.00466142
23659, 0.00466160
23660, 0.00466177
23661, 0.00466195
23662, 0.00466212
23663, 0.00466230
23664, 0.00466247
23665, 0.00466264
23666, 0.00466281
23667, 0.00466299
23668, 0.00466316
23669, 0.00466333
23670, 0.00466351
23671, 0.00466368
23672, 0.00466385
23673, 0.00466403
23674, 0.00466420
23675, 0.00466438
23676, 0.00466455
23677, 0.00466473
23678, 0.00466490
23679, 0.00466508
23680, 0.00466526
23681, 0.00466543
23682, 0.00466561
23683, 0.00466578
23684, 0.00466595
23685, 0.00466613
23686, 0.00466629
23687, 0.00466647
23688, 0.00466665
23689, 0.00466682
23690, 0.00466700
23691, 0.00466718
23692, 0.00466737
23693, 0.00466962
23694, 0.00466983
23695, 0.00467002
23696, 0.00467021
23697, 0.00467039
23698, 0.00467058
23699, 0.00467076
23700, 0.00467094
23701, 0.00467113
23702, 0.00467131
23703, 0.00467149
23704, 0.00467167
23705, 0.00467186
23706, 0.00467204
23707, 0.00467223
23708, 0.00467241
23709, 0.00467259
23710, 0.00467277
23711, 0.00467295
23712, 0.00467313
23713, 0.00467332
23714, 0.00467350
23715, 0.00467368
23716, 0.00467387
23717, 0.00467405
23718, 0.00467424
23719, 0.00467442
23720, 0.00467461
23721, 0.00467479
23722, 0.00467497
23723, 0.00467516
23724, 0.00467534
23725, 0.00467553
23726, 0.00467571
23727, 0.00467589
23728, 0.00467607
23729, 0.00467626
23730, 0.00467644
23731, 0.00467662
23732, 0.00467680
23733, 0.00467698
23734, 0.00467717
23735, 0.00467739
23736, 0.00467757
23737, 0.00467778
23738, 0.00467796
23739, 0.00467814
23740, 0.00467833
23741, 0.00467851
23742, 0.00467870
23743, 0.00467888
23744, 0.00467906
23745, 0.00467925
23746, 0.00467943
23747, 0.00467961
23748, 0.00467979
23749, 0.00467998
23750, 0.00468016
23751, 0.00468034
23752, 0.00468052
23753, 0.00468070
23754, 0.00468089
23755, 0.00468107
23756, 0.00468125
23757, 0.00468143
23758, 0.00468162
23759, 0.00468179
23760, 0.00468198
23761, 0.00468216
23762, 0.00468234
23763, 0.00468254
23764, 0.00468274
23765, 0.00468292
23766, 0.00468311
23767, 0.00468329
23768, 0.00468346
23769, 0.00468364
23770, 0.00468382
23771, 0.00468399
23772, 0.00468417
23773, 0.00468435
23774, 0.00468452
23775, 0.00468470
23776, 0.00468487
23777, 0.00468505
23778, 0.00468523
23779, 0.00468540
23780, 0.00468557
23781, 0.00468575
23782, 0.00468593
23783, 0.00468610
23784, 0.00468628
23785, 0.00468645
23786, 0.00468663
23787, 0.00468680
23788, 0.00468698
23789, 0.00468715
23790, 0.00468733
23791, 0.00468750
23792, 0.00468768
23793, 0.00468785
23794, 0.00468803
23795, 0.00468820
23796, 0.00468838
23797, 0.00468855
23798, 0.00468873
23799, 0.00468890
23800, 0.00468908
23801, 0.00468925
23802, 0.00468943
23803, 0.00468960
23804, 0.00468978
23805, 0.00468995
23806, 0.00469013
23807, 0.00469030
23808, 0.00469048
23809, 0.00469065
23810, 0.00469082
23811, 0.00469100
23812, 0.00469117
23813, 0.00469135
23814, 0.00469153
23815, 0.00469170
23816, 0.00469187
23817, 0.00469204
23818, 0.00469224
23819, 0.00469451
23820, 0.00469472
23821, 0.00469490
23822, 0.00469508
23823, 0.00469527
23824, 0.00469545
23825, 0.00469564
23826, 0.00469582
23827, 0.00469600
23828, 0.00469618
23829, 0.00469637
23830, 0.00469654
23831, 0.00469673
23832, 0.00469691
23833, 0.00469710
23834, 0.00469728
23835, 0.00469746
23836, 0.00469764
23837, 0.00469783
23838, 0.00469801
23839, 0.00469820
23840, 0.00469838
23841, 0.00469856
23842, 0.00469875
23843, 0.00469893
23844, 0.00469911
23845, 0.00469930
23846, 0.00469948
23847, 0.00469966
23848, 0.00469985
23849, 0.00470003
23850, 0.00470021
23851, 0.00470040
23852, 0.00470058
23853, 0.00470076
23854, 0.00470095
23855, 0.00470113
23856, 0.00470131
23857, 0.00470149
23858, 0.00470168
23859, 0.00470186
23860, 0.00470205
23861, 0.00470223
23862, 0.00470241
23863, 0.00470259
23864, 0.00470278
23865, 0.00470296
23866, 0.00470314
23867, 0.00470333
23868, 0.00470351
23869, 0.00470369
23870, 0.00470388
23871, 0.00470406
23872, 0.00470424
23873, 0.00470443
23874, 0.00470461
23875, 0.00470479
23876, 0.00470498
23877, 0.00470516
23878, 0.00470534
23879, 0.00470553
23880, 0.00470571
23881, 0.00470589
23882, 0.00470608
23883, 0.00470626
23884, 0.00470644
23885, 0.00470662
23886, 0.00470681
23887, 0.00470699
23888, 0.00470718
23889, 0.00470736
23890, 0.00470754
23891, 0.00470773
23892, 0.00470791
23893, 0.00470809
23894, 0.00470828
23895, 0.00470846
23896, 0.00470864
23897, 0.00470883
23898, 0.00470901
23899, 0.00470919
23900, 0.00470938
23901, 0.00470956
23902, 0.00470974
23903, 0.00470993
23904, 0.00471011
23905, 0.00471030
23906, 0.00471049
23907, 0.00471067
23908, 0.00471085
23909, 0.00471104
23910, 0.00471122
23911, 0.00471140
23912, 0.00471158
23913, 0.00471177
23914, 0.00471195
23915, 0.00471213
23916, 0.00471232
23917, 0.00471250
23918, 0.00471268
23919, 0.00471287
23920, 0.00471305
23921, 0.00471323
23922, 0.00471342
23923, 0.00471360
23924, 0.00471378
23925, 0.00471397
23926, 0.00471415
23927, 0.00471433
23928, 0.00471452
23929, 0.00471470
23930, 0.00471488
23931, 0.00471507
23932, 0.00471525
23933, 0.00471543
23934, 0.00471562
23935, 0.00471580
23936, 0.00471598
23937, 0.00471617
23938, 0.00471635
23939, 0.00471653
23940, 0.00471672
23941, 0.00471690
23942, 0.00471708
23943, 0.00471726
23944, 0.00471747
23945, 0.00471969
23946, 0.00471989
23947, 0.00472007
23948, 0.00472025
23949, 0.00472043
23950, 0.00472061
23951, 0.00472080
23952, 0.00472098
23953, 0.00472116
23954, 0.00472134
23955, 0.00472152
23956, 0.00472171
23957, 0.00472189
23958, 0.00472207
23959, 0.00472225
23960, 0.00472244
23961, 0.00472262
23962, 0.00472280
23963, 0.00472299
23964, 0.00472317
23965, 0.00472335
23966, 0.00472354
23967, 0.00472372
23968, 0.00472390
23969, 0.00472408
23970, 0.00472427
23971, 0.00472445
23972, 0.00472463
23973, 0.00472482
23974, 0.00472500
23975, 0.00472518
23976, 0.00472536
23977, 0.00472554
23978, 0.00472573
23979, 0.00472591
23980, 0.00472609
23981, 0.00472627
23982, 0.00472645
23983, 0.00472664
23984, 0.00472682
23985, 0.00472700
23986, 0.00472718
23987, 0.00472736
23988, 0.00472755
23989, 0.00472773
23990, 0.00472791
23991, 0.00472810
23992, 0.00472828
23993, 0.00472846
23994, 0.00472864
23995, 0.00472882
23996, 0.00472901
23997, 0.00472919
23998, 0.00472937
23999, 0.00472955
24000, 0.00472974
24001, 0.00472992
24002, 0.00473010
24003, 0.00473029
24004, 0.00473047
24005, 0.00473065
24006, 0.00473083
24007, 0.00473102
24008, 0.00473120
24009, 0.00473138
24010, 0.00473156
24011, 0.00473174
24012, 0.00473193
24013, 0.00473211
24014, 0.00473229
24015, 0.00473248
24016, 0.00473272
24017, 0.00473290
24018, 0.00473309
24019, 0.00473327
24020, 0.00473345
24021, 0.00473363
24022, 0.00473382
24023, 0.00473400
24024, 0.00473418
24025, 0.00473436
24026, 0.00473455
24027, 0.00473473
24028, 0.00473491
24029, 0.00473509
24030, 0.00473527
24031, 0.00473546
24032, 0.00473564
24033, 0.00473582
24034, 0.00473601
24035, 0.00473619
24036, 0.00473637
24037, 0.00473656
24038, 0.00473674
24039, 0.00473692
24040, 0.00473711
24041, 0.00473729
24042, 0.00473747
24043, 0.00473766
24044, 0.00473784
24045, 0.00473802
24046, 0.00473821
24047, 0.00473839
24048, 0.00473857
24049, 0.00473876
24050, 0.00473894
24051, 0.00473912
24052, 0.00473931
24053, 0.00473949
24054, 0.00473968
24055, 0.00473986
24056, 0.00474004
24057, 0.00474023
24058, 0.00474041
24059, 0.00474059
24060, 0.00474077
24061, 0.00474096
24062, 0.00474114
24063, 0.00474132
24064, 0.00474151
24065, 0.00474169
24066, 0.00474187
24067, 0.00474205
24068, 0.00474224
24069, 0.00474242
24070, 0.00474263
24071, 0.00474503
24072, 0.00474524
24073, 0.00474543
24074, 0.00474561
24075, 0.00474580
24076, 0.00474598
24077, 0.00474617
24078, 0.00474635
24079, 0.00474660
24080, 0.00474678
24081, 0.00474697
24082, 0.00474715
24083, 0.00474734
24084, 0.00474753
24085, 0.00474771
24086, 0.00474789
24087, 0.00474815
24088, 0.00474833
24089, 0.00474850
24090, 0.00474868
24091, 0.00474885
24092, 0.00474902
24093, 0.00474920
24094, 0.00474937
24095, 0.00474963
24096, 0.00474980
24097, 0.00474998
24098, 0.00475015
24099, 0.00475033
24100, 0.00475050
24101, 0.00475067
24102, 0.00475084
24103, 0.00475109
24104, 0.00475127
24105, 0.00475144
24106, 0.00475161
24107, 0.00475179
24108, 0.00475196
24109, 0.00475214
24110, 0.00475231
24111, 0.00475255
24112, 0.00475273
24113, 0.00475290
24114, 0.00475308
24115, 0.00475325
24116, 0.00475343
24117, 0.00475360
24118, 0.00475377
24119, 0.00475430
24120, 0.00475447
24121, 0.00475465
24122, 0.00475482
24123, 0.00475500
24124, 0.00475517
24125, 0.00475535
24126, 0.00475552
24127, 0.00475577
24128, 0.00475595
24129, 0.00475612
24130, 0.00475629
24131, 0.00475647
24132, 0.00475664
24133, 0.00475681
24134, 0.00475699
24135, 0.00475716
24136, 0.00475733
24137, 0.00475751
24138, 0.00475768
24139, 0.00475786
24140, 0.00475803
24141, 0.00475820
24142, 0.00475838
24143, 0.00475855
24144, 0.00475873
24145, 0.00475890
24146, 0.00475907
24147, 0.00475924
24148, 0.00475941
24149, 0.00475959
24150, 0.00475976
24151, 0.00475994
24152, 0.00476011
24153, 0.00476029
24154, 0.00476046
24155, 0.00476064
24156, 0.00476081
24157, 0.00476099
24158, 0.00476116
24159, 0.00476134
24160, 0.00476152
24161, 0.00476169
24162, 0.00476187
24163, 0.00476204
24164, 0.00476222
24165, 0.00476239
24166, 0.00476257
24167, 0.00476275
24168, 0.00476292
24169, 0.00476310
24170, 0.00476327
24171, 0.00476345
24172, 0.00476363
24173, 0.00476380
24174, 0.00476397
24175, 0.00476415
24176, 0.00476433
24177, 0.00476450
24178, 0.00476468
24179, 0.00476485
24180, 0.00476503
24181, 0.00476520
24182, 0.00476538
24183, 0.00476556
24184, 0.00476573
24185, 0.00476590
24186, 0.00476608
24187, 0.00476626
24188, 0.00476643
24189, 0.00476661
24190, 0.00476678
24191, 0.00476696
24192, 0.00476713
24193, 0.00476731
24194, 0.00476749
24195, 0.00476766
24196, 0.00476786
24197, 0.00477015
24198, 0.00477035
24199, 0.00477053
24200, 0.00477070
24201, 0.00477088
24202, 0.00477107
24203, 0.00477125
24204, 0.00477142
24205, 0.00477160
24206, 0.00477178
24207, 0.00477196
24208, 0.00477213
24209, 0.00477231
24210, 0.00477248
24211, 0.00477266
24212, 0.00477283
24213, 0.00477301
24214, 0.00477318
24215, 0.00477335
24216, 0.00477354
24217, 0.00477371
24218, 0.00477389
24219, 0.00477406
24220, 0.00477424
24221, 0.00477441
24222, 0.00477458
24223, 0.00477475
24224, 0.00477493
24225, 0.00477510
24226, 0.00477528
24227, 0.00477546
24228, 0.00477563
24229, 0.00477581
24230, 0.00477599
24231, 0.00477616
24232, 0.00477634
24233, 0.00477651
24234, 0.00477669
24235, 0.00477686
24236, 0.00477704
24237, 0.00477722
24238, 0.00477740
24239, 0.00477757
24240, 0.00477775
24241, 0.00477792
24242, 0.00477810
24243, 0.00477827
24244, 0.00477844
24245, 0.00477862
24246, 0.00477879
24247, 0.00477897
24248, 0.00477914
24249, 0.00477932
24250, 0.00477949
24251, 0.00477967
24252, 0.00477984
24253, 0.00478001
24254, 0.00478019
24255, 0.00478036
24256, 0.00478054
24257, 0.00478071
24258, 0.00478088
24259, 0.00478106
24260, 0.00478124
24261, 0.00478141
24262, 0.00478158
24263, 0.00478176
24264, 0.00478193
24265, 0.00478211
24266, 0.00478228
24267, 0.00478246
24268, 0.00478263
24269, 0.00478281
24270, 0.00478298
24271, 0.00478316
24272, 0.00478334
24273, 0.00478351
24274, 0.00478369
24275, 0.00478386
24276, 0.00478403
24277, 0.00478420
24278, 0.00478438
24279, 0.00478455
24280, 0.00478472
24281, 0.00478490
24282, 0.00478508
24283, 0.00478525
24284, 0.00478543
24285, 0.00478560
24286, 0.00478577
24287, 0.00478595
24288, 0.00478613
24289, 0.00478630
24290, 0.00478647
24291, 0.00478664
24292, 0.00478682
24293, 0.00478699
24294, 0.00478716
24295, 0.00478734
24296, 0.00478751
24297, 0.00478768
24298, 0.00478786
24299, 0.00478803
24300, 0.00478821
24301, 0.00478838
24302, 0.00478856
24303, 0.00478873
24304, 0.00478891
24305, 0.00478908
24306, 0.00478926
24307, 0.00478944
24308, 0.00478961
24309, 0.00478979
24310, 0.00478997
24311, 0.00479014
24312, 0.00479032
24313, 0.00479050
24314, 0.00479067
24315, 0.00479085
24316, 0.00479103
24317, 0.00479120
24318, 0.00479138
24319, 0.00479155
24320, 0.00479173
24321, 0.00479190
24322, 0.00479210
24323, 0.00479437
24324, 0.00479456
24325, 0.00479474
24326, 0.00479492
24327, 0.00479509
24328, 0.00479527
24329, 0.00479545
24330, 0.00479562
24331, 0.00479580
24332, 0.00479597
24333, 0.00479615
24334, 0.00479633
24335, 0.00479651
24336, 0.00479669
24337, 0.00479686
24338, 0.00479704
24339, 0.00479721
24340, 0.00479738
24341, 0.00479755
24342, 0.00479773
24343, 0.00479790
24344, 0.00479807
24345, 0.00479825
24346, 0.00479843
24347, 0.00479860
24348, 0.00479877
24349, 0.00479895
24350, 0.00479912
24351, 0.00479929
24352, 0.00479947
24353, 0.00479964
24354, 0.00479982
24355, 0.00479999
24356, 0.00480016
24357, 0.00480034
24358, 0.00480051
24359, 0.00480069
24360, 0.00480087
24361, 0.00480106
24362, 0.00480123
24363, 0.00480141
24364, 0.00480158
24365, 0.00480176
24366, 0.00480194
24367, 0.00480212
24368, 0.00480230
24369, 0.00480248
24370, 0.00480266
24371, 0.00480284
24372, 0.00480301
24373, 0.00480318
24374, 0.00480336
24375, 0.00480353
24376, 0.00480370
24377, 0.00480388
24378, 0.00480405
24379, 0.00480422
24380, 0.00480439
24381, 0.00480456
24382, 0.00480474
24383, 0.00480491
24384, 0.00480508
24385, 0.00480526
24386, 0.00480543
24387, 0.00480560
24388, 0.00480577
24389, 0.00480594
24390, 0.00480611
24391, 0.00480629
24392, 0.00480646
24393, 0.00480664
24394, 0.00480681
24395, 0.00480703
24396, 0.00480722
24397, 0.00480740
24398, 0.00480757
24399, 0.00480774
24400, 0.00480791
24401, 0.00480809
24402, 0.00480826
24403, 0.00480843
24404, 0.00480861
24405, 0.00480878
24406, 0.00480896
24407, 0.00480913
24408, 0.00480931
24409, 0.00480948
24410, 0.00480965
24411, 0.00480982
24412, 0.00481000
24413, 0.00481017
24414, 0.00481034
24415, 0.00481052
24416, 0.00481069
24417, 0.00481087
24418, 0.00481104
24419, 0.00481121
24420, 0.00481138
24421, 0.00481156
24422, 0.00481173
24423, 0.00481190
24424, 0.00481207
24425, 0.00481225
24426, 0.00481242
24427, 0.00481260
24428, 0.00481277
24429, 0.00481294
24430, 0.00481312
24431, 0.00481329
24432, 0.00481346
24433, 0.00481365
24434, 0.00481383
24435, 0.00481402
24436, 0.00481420
24437, 0.00481438
24438, 0.00481456
24439, 0.00481475
24440, 0.00481493
24441, 0.00481512
24442, 0.00481530
24443, 0.00481548
24444, 0.00481566
24445, 0.00481585
24446, 0.00481603
24447, 0.00481621
24448, 0.00481642
24449, 0.00481867
24450, 0.00481886
24451, 0.00481905
24452, 0.00481923
24453, 0.00481941
24454, 0.00481959
24455, 0.00481976
24456, 0.00481994
24457, 0.00482012
24458, 0.00482029
24459, 0.00482047
24460, 0.00482065
24461, 0.00482082
24462, 0.00482100
24463, 0.00482118
24464, 0.00482136
24465, 0.00482153
24466, 0.00482171
24467, 0.00482188
24468, 0.00482206
24469, 0.00482223
24470, 0.00482241
24471, 0.00482258
24472, 0.00482276
24473, 0.00482294
24474, 0.00482311
24475, 0.00482329
24476, 0.00482346
24477, 0.00482364
24478, 0.00482381
24479, 0.00482399
24480, 0.00482417
24481, 0.00482435
24482, 0.00482452
24483, 0.00482470
24484, 0.00482487
24485, 0.00482505
24486, 0.00482522
24487, 0.00482539
24488, 0.00482557
24489, 0.00482575
24490, 0.00482593
24491, 0.00482612
24492, 0.00482630
24493, 0.00482648
24494, 0.00482666
24495, 0.00482683
24496, 0.00482701
24497, 0.00482718
24498, 0.00482736
24499, 0.00482753
24500, 0.00482770
24501, 0.00482788
24502, 0.00482805
24503, 0.00482822
24504, 0.00482839
24505, 0.00482856
24506, 0.00482873
24507, 0.00482891
24508, 0.00482908
24509, 0.00482925
24510, 0.00482942
24511, 0.00482959
24512, 0.00482976
24513, 0.00482993
24514, 0.00483011
24515, 0.00483028
24516, 0.00483046
24517, 0.00483063
24518, 0.00483080
24519, 0.00483097
24520, 0.00483114
24521, 0.00483131
24522, 0.00483149
24523, 0.00483166
24524, 0.00483183
24525, 0.00483201
24526, 0.00483218
24527, 0.00483236
24528, 0.00483253
24529, 0.00483270
24530, 0.00483287
24531, 0.00483305
24532, 0.00483322
24533, 0.00483339
24534, 0.00483356
24535, 0.00483373
24536, 0.00483391
24537, 0.00483408
24538, 0.00483425
24539, 0.00483443
24540, 0.00483460
24541, 0.00483477
24542, 0.00483494
24543, 0.00483511
24544, 0.00483528
24545, 0.00483545
24546, 0.00483563
24547, 0.00483580
24548, 0.00483597
24549, 0.00483614
24550, 0.00483632
24551, 0.00483649
24552, 0.00483666
24553, 0.00483683
24554, 0.00483700
24555, 0.00483717
24556, 0.00483735
24557, 0.00483752
24558, 0.00483769
24559, 0.00483786
24560, 0.00483804
24561, 0.00483821
24562, 0.00483838
24563, 0.00483855
24564, 0.00483873
24565, 0.00483890
24566, 0.00483907
24567, 0.00483925
24568, 0.00483942
24569, 0.00483959
24570, 0.00483976
24571, 0.00483994
24572, 0.00484011
24573, 0.00484028
24574, 0.00484048
24575, 0.00484276
24576, 0.00484295
24577, 0.00484312
24578, 0.00484330
24579, 0.00484348
24580, 0.00484365
24581, 0.00484383
24582, 0.00484401
24583, 0.00484424
24584, 0.00484442
24585, 0.00484460
24586, 0.00484477
24587, 0.00484495
24588, 0.00484513
24589, 0.00484530
24590, 0.00484548
24591, 0.00484572
24592, 0.00484590
24593, 0.00484608
24594, 0.00484625
24595, 0.00484643
24596, 0.00484661
24597, 0.00484678
24598, 0.00484695
24599, 0.00484721
24600, 0.00484739
24601, 0.00484756
24602, 0.00484774
24603, 0.00484792
24604, 0.00484810
24605, 0.00484828
24606, 0.00484846
24607, 0.00484870
24608, 0.00484887
24609, 0.00484905
24610, 0.00484923
24611, 0.00484941
24612, 0.00484958
24613, 0.00484975
24614, 0.00484993
24615, 0.00485017
24616, 0.00485034
24617, 0.00485052
24618, 0.00485069
24619, 0.00485087
24620, 0.00485105
24621, 0.00485122
24622, 0.00485140
24623, 0.00485164
24624, 0.00485182
24625, 0.00485199
24626, 0.00485217
24627, 0.00485234
24628, 0.00485251
24629, 0.00485269
24630, 0.00485286
24631, 0.00485311
24632, 0.00485328
24633, 0.00485346
24634, 0.00485363
24635, 0.00485381
24636, 0.00485398
24637, 0.00485416
24638, 0.00485434
24639, 0.00485458
24640, 0.00485476
24641, 0.00485494
24642, 0.00485511
24643, 0.00485529
24644, 0.00485546
24645, 0.00485564
24646, 0.00485581
24647, 0.00485598
24648, 0.00485616
24649, 0.00485634
24650, 0.00485651
24651, 0.00485668
24652, 0.00485686
24653, 0.00485703
24654, 0.00485721
24655, 0.00485738
24656, 0.00485756
24657, 0.00485773
24658, 0.00485791
24659, 0.00485808
24660, 0.00485826
24661, 0.00485843
24662, 0.00485860
24663, 0.00485878
24664, 0.00485895
24665, 0.00485913
24666, 0.00485931
24667, 0.00485948
24668, 0.00485966
24669, 0.00485983
24670, 0.00486001
24671, 0.00486019
24672, 0.00486036
24673, 0.00486054
24674, 0.00486071
24675, 0.00486088
24676, 0.00486106
24677, 0.00486124
24678, 0.00486141
24679, 0.00486159
24680, 0.00486176
24681, 0.00486193
24682, 0.00486211
24683, 0.00486228
24684, 0.00486245
24685, 0.00486263
24686, 0.00486281
24687, 0.00486299
24688, 0.00486316
24689, 0.00486334
24690, 0.00486352
24691, 0.00486369
24692, 0.00486386
24693, 0.00486404
24694, 0.00486421
24695, 0.00486438
24696, 0.00486456
24697, 0.00486473
24698, 0.00486490
24699, 0.00486508
24700, 0.00486527
24701, 0.00486753
24702, 0.00486772
24703, 0.00486790
24704, 0.00486808
24705, 0.00486825
24706, 0.00486842
24707, 0.00486859
24708, 0.00486877
24709, 0.00486894
24710, 0.00486912
24711, 0.00486929
24712, 0.00486946
24713, 0.00486963
24714, 0.00486980
24715, 0.00486997
24716, 0.00487015
24717, 0.00487032
24718, 0.00487049
24719, 0.00487066
24720, 0.00487084
24721, 0.00487102
24722, 0.00487119
24723, 0.00487136
24724, 0.00487154
24725, 0.00487171
24726, 0.00487188
24727, 0.00487206
24728, 0.00487223
24729, 0.00487241
24730, 0.00487258
24731, 0.00487275
24732, 0.00487293
24733, 0.00487310
24734, 0.00487328
24735, 0.00487345
24736, 0.00487363
24737, 0.00487380
24738, 0.00487397
24739, 0.00487414
24740, 0.00487431
24741, 0.00487449
24742, 0.00487466
24743, 0.00487483
24744, 0.00487500
24745, 0.00487518
24746, 0.00487535
24747, 0.00487552
24748, 0.00487569
24749, 0.00487586
24750, 0.00487603
24751, 0.00487621
24752, 0.00487638
24753, 0.00487656
24754, 0.00487673
24755, 0.00487690
24756, 0.00487708
24757, 0.00487725
24758, 0.00487742
24759, 0.00487759
24760, 0.00487776
24761, 0.00487793
24762, 0.00487811
24763, 0.00487828
24764, 0.00487845
24765, 0.00487863
24766, 0.00487880
24767, 0.00487897
24768, 0.00487914
24769, 0.00487932
24770, 0.00487949
24771, 0.00487966
24772, 0.00487983
24773, 0.00488000
24774, 0.00488017
24775, 0.00488034
24776, 0.00488051
24777, 0.00488069
24778, 0.00488086
24779, 0.00488103
24780, 0.00488121
24781, 0.00488138
24782, 0.00488156
24783, 0.00488173
24784, 0.00488191
24785, 0.00488208
24786, 0.00488225
24787, 0.00488242
24788, 0.00488260
24789, 0.00488278
24790, 0.00488295
24791, 0.00488312
24792, 0.00488330
24793, 0.00488347
24794, 0.00488364
24795, 0.00488382
24796, 0.00488399
24797, 0.00488417
24798, 0.00488435
24799, 0.00488452
24800, 0.00488469
24801, 0.00488486
24802, 0.00488504
24803, 0.00488521
24804, 0.00488539
24805, 0.00488556
24806, 0.00488574
24807, 0.00488592
24808, 0.00488609
24809, 0.00488626
24810, 0.00488643
24811, 0.00488660
24812, 0.00488677
24813, 0.00488695
24814, 0.00488712
24815, 0.00488729
24816, 0.00488747
24817, 0.00488764
24818, 0.00488781
24819, 0.00488798
24820, 0.00488816
24821, 0.00488833
24822, 0.00488850
24823, 0.00488867
24824, 0.00488884
24825, 0.00488901
24826, 0.00488921
24827, 0.00489144
24828, 0.00489164
24829, 0.00489182
24830, 0.00489199
24831, 0.00489217
24832, 0.00489234
24833, 0.00489252
24834, 0.00489269
24835, 0.00489287
24836, 0.00489305
24837, 0.00489322
24838, 0.00489340
24839, 0.00489357
24840, 0.00489375
24841, 0.00489392
24842, 0.00489409
24843, 0.00489427
24844, 0.00489444
24845, 0.00489462
24846, 0.00489479
24847, 0.00489497
24848, 0.00489514
24849, 0.00489532
24850, 0.00489549
24851, 0.00489567
24852, 0.00489584
24853, 0.00489602
24854, 0.00489619
24855, 0.00489637
24856, 0.00489654
24857, 0.00489672
24858, 0.00489689
24859, 0.00489707
24860, 0.00489724
24861, 0.00489742
24862, 0.00489759
24863, 0.00489777
24864, 0.00489794
24865, 0.00489812
24866, 0.00489829
24867, 0.00489847
24868, 0.00489864
24869, 0.00489881
24870, 0.00489899
24871, 0.00489917
24872, 0.00489934
24873, 0.00489952
24874, 0.00489969
24875, 0.00489987
24876, 0.00490004
24877, 0.00490022
24878, 0.00490040
24879, 0.00490057
24880, 0.00490075
24881, 0.00490092
24882, 0.00490110
24883, 0.00490127
24884, 0.00490145
24885, 0.00490162
24886, 0.00490180
24887, 0.00490197
24888, 0.00490215
24889, 0.00490233
24890, 0.00490250
24891, 0.00490267
24892, 0.00490285
24893, 0.00490302
24894, 0.00490320
24895, 0.00490337
24896, 0.00490355
24897, 0.00490372
24898, 0.00490390
24899, 0.00490407
24900, 0.00490425
24901, 0.00490442
24902, 0.00490459
24903, 0.00490477
24904, 0.00490494
24905, 0.00490512
24906, 0.00490529
24907, 0.00490546
24908, 0.00490564
24909, 0.00490581
24910, 0.00490599
24911, 0.00490616
24912, 0.00490634
24913, 0.00490651
24914, 0.00490669
24915, 0.00490686
24916, 0.00490704
24917, 0.00490722
24918, 0.00490739
24919, 0.00490757
24920, 0.00490774
24921, 0.00490791
24922, 0.00490809
24923, 0.00490826
24924, 0.00490844
24925, 0.00490861
24926, 0.00490879
24927, 0.00490896
24928, 0.00490914
24929, 0.00490931
24930, 0.00490949
24931, 0.00490966
24932, 0.00490984
24933, 0.00491001
24934, 0.00491018
24935, 0.00491036
24936, 0.00491053
24937, 0.00491071
24938, 0.00491088
24939, 0.00491106
24940, 0.00491123
24941, 0.00491141
24942, 0.00491158
24943, 0.00491176
24944, 0.00491193
24945, 0.00491211
24946, 0.00491228
24947, 0.00491246
24948, 0.00491264
24949, 0.00491281
24950, 0.00491299
24951, 0.00491316
24952, 0.00491336
24953, 0.00491560
24954, 0.00491579
24955, 0.00491597
24956, 0.00491614
24957, 0.00491632
24958, 0.00491650
24959, 0.00491668
24960, 0.00491686
24961, 0.00491703
24962, 0.00491721
24963, 0.00491738
24964, 0.00491756
24965, 0.00491773
24966, 0.00491791
24967, 0.00491809
24968, 0.00491826
24969, 0.00491844
24970, 0.00491862
24971, 0.00491879
24972, 0.00491897
24973, 0.00491914
24974, 0.00491931
24975, 0.00491949
24976, 0.00491966
24977, 0.00491983
24978, 0.00492001
24979, 0.00492019
24980, 0.00492037
24981, 0.00492054
24982, 0.00492072
24983, 0.00492089
24984, 0.00492107
24985, 0.00492124
24986, 0.00492142
24987, 0.00492159
24988, 0.00492177
24989, 0.00492194
24990, 0.00492212
24991, 0.00492229
24992, 0.00492246
24993, 0.00492264
24994, 0.00492281
24995, 0.00492298
24996, 0.00492315
24997, 0.00492333
24998, 0.00492350
24999, 0.00492368
25000, 0.00492386
25001, 0.00492403
25002, 0.00492421
25003, 0.00492438
25004, 0.00492455
25005, 0.00492473
25006, 0.00492490
25007, 0.00492508
25008, 0.00492526
25009, 0.00492543
25010, 0.00492561
25011, 0.00492578
25012, 0.00492595
25013, 0.00492613
25014, 0.00492630
25015, 0.00492648
25016, 0.00492665
25017, 0.00492683
25018, 0.00492700
25019, 0.00492718
25020, 0.00492736
25021, 0.00492753
25022, 0.00492770
25023, 0.00492788
25024, 0.00492806
25025, 0.00492823
25026, 0.00492840
25027, 0.00492858
25028, 0.00492875
25029, 0.00492893
25030, 0.00492911
25031, 0.00492928
25032, 0.00492946
25033, 0.00492963
25034, 0.00492981
25035, 0.00492999
25036, 0.00493017
25037, 0.00493034
25038, 0.00493052
25039, 0.00493070
25040, 0.00493087
25041, 0.00493105
25042, 0.00493123
25043, 0.00493140
25044, 0.00493157
25045, 0.00493174
25046, 0.00493192
25047, 0.00493209
25048, 0.00493226
25049, 0.00493244
25050, 0.00493261
25051, 0.00493279
25052, 0.00493296
25053, 0.00493313
25054, 0.00493331
25055, 0.00493348
25056, 0.00493366
25057, 0.00493383
25058, 0.00493401
25059, 0.00493418
25060, 0.00493436
25061, 0.00493453
25062, 0.00493471
25063, 0.00493488
25064, 0.00493506
25065, 0.00493523
25066, 0.00493541
25067, 0.00493558
25068, 0.00493575
25069, 0.00493593
25070, 0.00493610
25071, 0.00493628
25072, 0.00493646
25073, 0.00493664
25074, 0.00493681
25075, 0.00493699
25076, 0.00493716
25077, 0.00493734
25078, 0.00493754
25079, 0.00493974
25080, 0.00493994
25081, 0.00494012
25082, 0.00494029
25083, 0.00494047
25084, 0.00494064
25085, 0.00494082
25086, 0.00494099
25087, 0.00494116
25088, 0.00494134
25089, 0.00494152
25090, 0.00494170
25091, 0.00494188
25092, 0.00494205
25093, 0.00494223
25094, 0.00494240
25095, 0.00494266
25096, 0.00494284
25097, 0.00494301
25098, 0.00494319
25099, 0.00494337
25100, 0.00494354
25101, 0.00494372
25102, 0.00494390
25103, 0.00494416
25104, 0.00494433
25105, 0.00494451
25106, 0.00494468
25107, 0.00494486
25108, 0.00494504
25109, 0.00494521
25110, 0.00494539
25111, 0.00494563
25112, 0.00494581
25113, 0.00494598
25114, 0.00494616
25115, 0.00494634
25116, 0.00494651
25117, 0.00494669
25118, 0.00494687
25119, 0.00494712
25120, 0.00494729
25121, 0.00494751
25122, 0.00494768
25123, 0.00494786
25124, 0.00494803
25125, 0.00494820
25126, 0.00494837
25127, 0.00494862
25128, 0.00494879
25129, 0.00494896
25130, 0.00494913
25131, 0.00494931
25132, 0.00494948
25133, 0.00494965
25134, 0.00494982
25135, 0.00495007
25136, 0.00495024
25137, 0.00495041
25138, 0.00495058
25139, 0.00495076
25140, 0.00495093
25141, 0.00495110
25142, 0.00495127
25143, 0.00495152
25144, 0.00495169
25145, 0.00495186
25146, 0.00495203
25147, 0.00495220
25148, 0.00495237
25149, 0.00495254
25150, 0.00495275
25151, 0.00495299
25152, 0.00495316
25153, 0.00495333
25154, 0.00495350
25155, 0.00495367
25156, 0.00495384
25157, 0.00495401
25158, 0.00495418
25159, 0.00495435
25160, 0.00495452
25161, 0.00495469
25162, 0.00495486
25163, 0.00495503
25164, 0.00495521
25165, 0.00495538
25166, 0.00495555
25167, 0.00495572
25168, 0.00495589
25169, 0.00495606
25170, 0.00495623
25171, 0.00495641
25172, 0.00495658
25173, 0.00495675
25174, 0.00495692
25175, 0.00495709
25176, 0.00495726
25177, 0.00495743
25178, 0.00495760
25179, 0.00495777
25180, 0.00495794
25181, 0.00495811
25182, 0.00495828
25183, 0.00495845
25184, 0.00495862
25185, 0.00495880
25186, 0.00495897
25187, 0.00495914
25188, 0.00495931
25189, 0.00495949
25190, 0.00495966
25191, 0.00495983
25192, 0.00496000
25193, 0.00496017
25194, 0.00496034
25195, 0.00496051
25196, 0.00496068
25197, 0.00496085
25198, 0.00496102
25199, 0.00496119
25200, 0.00496136
25201, 0.00496153
25202, 0.00496170
25203, 0.00496187
25204, 0.00496207
25205, 0.00496650
25206, 0.00496671
25207, 0.00496690
25208, 0.00496708
25209, 0.00496727
25210, 0.00496746
25211, 0.00496764
25212, 0.00496783
25213, 0.00496801
25214, 0.00496820
25215, 0.00496838
25216, 0.00496856
25217, 0.00496875
25218, 0.00496893
25219, 0.00496912
25220, 0.00496930
25221, 0.00496949
25222, 0.00496968
25223, 0.00496986
25224, 0.00497005
25225, 0.00497024
25226, 0.00497042
25227, 0.00497061
25228, 0.00497079
25229, 0.00497097
25230, 0.00497116
25231, 0.00497134
25232, 0.00497152
25233, 0.00497170
25234, 0.00497188
25235, 0.00497206
25236, 0.00497225
25237, 0.00497243
25238, 0.00497261
25239, 0.00497279
25240, 0.00497298
25241, 0.00497316
25242, 0.00497333
25243, 0.00497351
25244, 0.00497368
25245, 0.00497386
25246, 0.00497404
25247, 0.00497421
25248, 0.00497438
25249, 0.00497456
25250, 0.00497473
25251, 0.00497491
25252, 0.00497508
25253, 0.00497526
25254, 0.00497543
25255, 0.00497560
25256, 0.00497578
25257, 0.00497596
25258, 0.00497614
25259, 0.00497631
25260, 0.00497648
25261, 0.00497666
25262, 0.00497684
25263, 0.00497701
25264, 0.00497718
25265, 0.00497736
25266, 0.00497753
25267, 0.00497770
25268, 0.00497788
25269, 0.00497806
25270, 0.00497824
25271, 0.00497841
25272, 0.00497858
25273, 0.00497876
25274, 0.00497893
25275, 0.00497911
25276, 0.00497928
25277, 0.00497946
25278, 0.00497963
25279, 0.00497981
25280, 0.00497999
25281, 0.00498016
25282, 0.00498034
25283, 0.00498051
25284, 0.00498069
25285, 0.00498086
25286, 0.00498103
25287, 0.00498120
25288, 0.00498138
25289, 0.00498155
25290, 0.00498173
25291, 0.00498190
25292, 0.00498208
25293, 0.00498225
25294, 0.00498243
25295, 0.00498260
25296, 0.00498278
25297, 0.00498295
25298, 0.00498313
25299, 0.00498330
25300, 0.00498348
25301, 0.00498365
25302, 0.00498383
25303, 0.00498400
25304, 0.00498418
25305, 0.00498436
25306, 0.00498453
25307, 0.00498471
25308, 0.00498488
25309, 0.00498506
25310, 0.00498523
25311, 0.00498541
25312, 0.00498559
25313, 0.00498577
25314, 0.00498594
25315, 0.00498612
25316, 0.00498630
25317, 0.00498647
25318, 0.00498665
25319, 0.00498682
25320, 0.00498700
25321, 0.00498717
25322, 0.00498735
25323, 0.00498752
25324, 0.00498769
25325, 0.00498787
25326, 0.00498805
25327, 0.00498823
25328, 0.00498841
25329, 0.00498858
25330, 0.00498878
25331, 0.00499102
25332, 0.00499122
25333, 0.00499139
25334, 0.00499157
25335, 0.00499175
25336, 0.00499193
25337, 0.00499211
25338, 0.00499229
25339, 0.00499247
25340, 0.00499264
25341, 0.00499282
25342, 0.00499299
25343, 0.00499317
25344, 0.00499335
25345, 0.00499352
25346, 0.00499370
25347, 0.00499387
25348, 0.00499405
25349, 0.00499423
25350, 0.00499440
25351, 0.00499457
25352, 0.00499475
25353, 0.00499492
25354, 0.00499510
25355, 0.00499528
25356, 0.00499546
25357, 0.00499563
25358, 0.00499581
25359, 0.00499599
25360, 0.00499616
25361, 0.00499633
25362, 0.00499651
25363, 0.00499669
25364, 0.00499687
25365, 0.00499705
25366, 0.00499723
25367, 0.00499740
25368, 0.00499758
25369, 0.00499775
25370, 0.00499793
25371, 0.00499811
25372, 0.00499828
25373, 0.00499846
25374, 0.00499863
25375, 0.00499880
25376, 0.00499897
25377, 0.00499914
25378, 0.00499932
25379, 0.00499949
25380, 0.00499967
25381, 0.00499984
25382, 0.00500002
25383, 0.00500020
25384, 0.00500037
25385, 0.00500054
25386, 0.00500071
25387, 0.00500089
25388, 0.00500106
25389, 0.00500124
25390, 0.00500141
25391, 0.00500159
25392, 0.00500177
25393, 0.00500195
25394, 0.00500213
25395, 0.00500230
25396, 0.00500248
25397, 0.00500266
25398, 0.00500283
25399, 0.00500301
25400, 0.00500319
25401, 0.00500337
25402, 0.00500354
25403, 0.00500371
25404, 0.00500389
25405, 0.00500406
25406, 0.00500423
25407, 0.00500441
25408, 0.00500458
25409, 0.00500476
25410, 0.00500494
25411, 0.00500511
25412, 0.00500529
25413, 0.00500547
25414, 0.00500564
25415, 0.00500581
25416, 0.00500599
25417, 0.00500616
25418, 0.00500633
25419, 0.00500651
25420, 0.00500669
25421, 0.00500687
25422, 0.00500704
25423, 0.00500722
25424, 0.00500739
25425, 0.00500757
25426, 0.00500774
25427, 0.00500791
25428, 0.00500809
25429, 0.00500826
25430, 0.00500843
25431, 0.00500860
25432, 0.00500877
25433, 0.00500895
25434, 0.00500912
25435, 0.00500930
25436, 0.00500947
25437, 0.00500964
25438, 0.00500982
25439, 0.00500999
25440, 0.00501017
25441, 0.00501034
25442, 0.00501052
25443, 0.00501069
25444, 0.00501087
25445, 0.00501105
25446, 0.00501122
25447, 0.00501139
25448, 0.00501157
25449, 0.00501174
25450, 0.00501192
25451, 0.00501209
25452, 0.00501227
25453, 0.00501244
25454, 0.00501261
25455, 0.00501279
25456, 0.00501299
25457, 0.00501520
25458, 0.00501541
25459, 0.00501559
25460, 0.00501577
25461, 0.00501595
25462, 0.00501613
25463, 0.00501632
25464, 0.00501649
25465, 0.00501668
25466, 0.00501686
25467, 0.00501704
25468, 0.00501722
25469, 0.00501741
25470, 0.00501759
25471, 0.00501777
25472, 0.00501796
25473, 0.00501814
25474, 0.00501832
25475, 0.00501850
25476, 0.00501869
25477, 0.00501887
25478, 0.00501905
25479, 0.00501923
25480, 0.00501942
25481, 0.00501960
25482, 0.00501978
25483, 0.00501996
25484, 0.00502014
25485, 0.00502033
25486, 0.00502051
25487, 0.00502069
25488, 0.00502087
25489, 0.00502105
25490, 0.00502124
25491, 0.00502142
25492, 0.00502160
25493, 0.00502178
25494, 0.00502197
25495, 0.00502215
25496, 0.00502233
25497, 0.00502251
25498, 0.00502269
25499, 0.00502287
25500, 0.00502306
25501, 0.00502324
25502, 0.00502342
25503, 0.00502361
25504, 0.00502379
25505, 0.00502398
25506, 0.00502416
25507, 0.00502435
25508, 0.00502453
25509, 0.00502471
25510, 0.00502490
25511, 0.00502508
25512, 0.00502527
25513, 0.00502545
25514, 0.00502564
25515, 0.00502582
25516, 0.00502600
25517, 0.00502619
25518, 0.00502637
25519, 0.00502656
25520, 0.00502674
25521, 0.00502693
25522, 0.00502711
25523, 0.00502729
25524, 0.00502747
25525, 0.00502765
25526, 0.00502784
25527, 0.00502802
25528, 0.00502821
25529, 0.00502839
25530, 0.00502857
25531, 0.00502875
25532, 0.00502894
25533, 0.00502912
25534, 0.00502930
25535, 0.00502949
25536, 0.00502967
25537, 0.00502986
25538, 0.00503004
25539, 0.00503022
25540, 0.00503040
25541, 0.00503059
25542, 0.00503077
25543, 0.00503095
25544, 0.00503113
25545, 0.00503132
25546, 0.00503150
25547, 0.00503169
25548, 0.00503187
25549, 0.00503205
25550, 0.00503223
25551, 0.00503241
25552, 0.00503259
25553, 0.00503278
25554, 0.00503296
25555, 0.00503314
25556, 0.00503332
25557, 0.00503351
25558, 0.00503369
25559, 0.00503388
25560, 0.00503406
25561, 0.00503425
25562, 0.00503443
25563, 0.00503462
25564, 0.00503480
25565, 0.00503499
25566, 0.00503517
25567, 0.00503535
25568, 0.00503554
25569, 0.00503572
25570, 0.00503591
25571, 0.00503609
25572, 0.00503628
25573, 0.00503646
25574, 0.00503665
25575, 0.00503683
25576, 0.00503701
25577, 0.00503719
25578, 0.00503738
25579, 0.00503756
25580, 0.00503774
25581, 0.00503792
25582, 0.00503813
25583, 0.00504038
25584, 0.00504059
25585, 0.00504077
25586, 0.00504096
25587, 0.00504115
25588, 0.00504133
25589, 0.00504152
25590, 0.00504170
25591, 0.00504188
25592, 0.00504207
25593, 0.00504225
25594, 0.00504243
25595, 0.00504261
25596, 0.00504279
25597, 0.00504298
25598, 0.00504316
25599, 0.00504333
25600, 0.00504351
25601, 0.00504369
25602, 0.00504387
25603, 0.00504405
25604, 0.00504423
25605, 0.00504440
25606, 0.00504457
25607, 0.00504481
25608, 0.00504499
25609, 0.00504516
25610, 0.00504534
25611, 0.00504552
25612, 0.00504570
25613, 0.00504588
25614, 0.00504606
25615, 0.00504631
25616, 0.00504648
25617, 0.00504665
25618, 0.00504682
25619, 0.00504699
25620, 0.00504716
25621, 0.00504733
25622, 0.00504750
25623, 0.00504775
25624, 0.00504792
25625, 0.00504809
25626, 0.00504827
25627, 0.00504844
25628, 0.00504861
25629, 0.00504879
25630, 0.00504896
25631, 0.00504923
25632, 0.00504940
25633, 0.00504957
25634, 0.00504974
25635, 0.00504992
25636, 0.00505009
25637, 0.00505026
25638, 0.00505044
25639, 0.00505068
25640, 0.00505086
25641, 0.00505103
25642, 0.00505120
25643, 0.00505138
25644, 0.00505155
25645, 0.00505172
25646, 0.00505190
25647, 0.00505214
25648, 0.00505231
25649, 0.00505248
25650, 0.00505265
25651, 0.00505283
25652, 0.00505300
25653, 0.00505317
25654, 0.00505333
25655, 0.00505362
25656, 0.00505379
25657, 0.00505396
25658, 0.00505412
25659, 0.00505429
25660, 0.00505446
25661, 0.00505463
25662, 0.00505480
25663, 0.00505504
25664, 0.00505522
25665, 0.00505539
25666, 0.00505556
25667, 0.00505573
25668, 0.00505591
25669, 0.00505608
25670, 0.00505625
25671, 0.00505643
25672, 0.00505661
25673, 0.00505679
25674, 0.00505697
25675, 0.00505715
25676, 0.00505732
25677, 0.00505749
25678, 0.00505766
25679, 0.00505783
25680, 0.00505800
25681, 0.00505817
25682, 0.00505834
25683, 0.00505851
25684, 0.00505868
25685, 0.00505885
25686, 0.00505902
25687, 0.00505919
25688, 0.00505937
25689, 0.00505954
25690, 0.00505971
25691, 0.00505988
25692, 0.00506005
25693, 0.00506022
25694, 0.00506039
25695, 0.00506056
25696, 0.00506073
25697, 0.00506090
25698, 0.00506107
25699, 0.00506124
25700, 0.00506142
25701, 0.00506159
25702, 0.00506176
25703, 0.00506193
25704, 0.00506210
25705, 0.00506227
25706, 0.00506244
25707, 0.00506261
25708, 0.00506281
25709, 0.00506508
25710, 0.00506527
25711, 0.00506545
25712, 0.00506563
25713, 0.00506580
25714, 0.00506598
25715, 0.00506615
25716, 0.00506633
25717, 0.00506650
25718, 0.00506668
25719, 0.00506685
25720, 0.00506703
25721, 0.00506720
25722, 0.00506738
25723, 0.00506755
25724, 0.00506773
25725, 0.00506791
25726, 0.00506808
25727, 0.00506825
25728, 0.00506843
25729, 0.00506860
25730, 0.00506877
25731, 0.00506895
25732, 0.00506911
25733, 0.00506929
25734, 0.00506946
25735, 0.00506963
25736, 0.00506981
25737, 0.00506998
25738, 0.00507015
25739, 0.00507033
25740, 0.00507051
25741, 0.00507068
25742, 0.00507086
25743, 0.00507103
25744, 0.00507120
25745, 0.00507138
25746, 0.00507155
25747, 0.00507173
25748, 0.00507191
25749, 0.00507208
25750, 0.00507226
25751, 0.00507243
25752, 0.00507260
25753, 0.00507278
25754, 0.00507295
25755, 0.00507312
25756, 0.00507329
25757, 0.00507347
25758, 0.00507364
25759, 0.00507381
25760, 0.00507399
25761, 0.00507416
25762, 0.00507433
25763, 0.00507450
25764, 0.00507468
25765, 0.00507485
25766, 0.00507502
25767, 0.00507519
25768, 0.00507536
25769, 0.00507553
25770, 0.00507571
25771, 0.00507588
25772, 0.00507605
25773, 0.00507623
25774, 0.00507640
25775, 0.00507657
25776, 0.00507675
25777, 0.00507692
25778, 0.00507709
25779, 0.00507726
25780, 0.00507744
25781, 0.00507761
25782, 0.00507779
25783, 0.00507796
25784, 0.00507813
25785, 0.00507830
25786, 0.00507847
25787, 0.00507865
25788, 0.00507882
25789, 0.00507899
25790, 0.00507917
25791, 0.00507934
25792, 0.00507951
25793, 0.00507969
25794, 0.00507986
25795, 0.00508004
25796, 0.00508020
25797, 0.00508038
25798, 0.00508055
25799, 0.00508072
25800, 0.00508089
25801, 0.00508106
25802, 0.00508123
25803, 0.00508140
25804, 0.00508157
25805, 0.00508174
25806, 0.00508191
25807, 0.00508208
25808, 0.00508225
25809, 0.00508242
25810, 0.00508260
25811, 0.00508277
25812, 0.00508295
25813, 0.00508312
25814, 0.00508329
25815, 0.00508347
25816, 0.00508364
25817, 0.00508381
25818, 0.00508399
25819, 0.00508416
25820, 0.00508434
25821, 0.00508451
25822, 0.00508468
25823, 0.00508485
25824, 0.00508502
25825, 0.00508520
25826, 0.00508537
25827, 0.00508554
25828, 0.00508571
25829, 0.00508588
25830, 0.00508605
25831, 0.00508623
25832, 0.00508640
25833, 0.00508657
25834, 0.00508677
25835, 0.00508900
25836, 0.00508918
25837, 0.00508936
25838, 0.00508955
25839, 0.00508973
25840, 0.00508991
25841, 0.00509009
25842, 0.00509028
25843, 0.00509046
25844, 0.00509064
25845, 0.00509081
25846, 0.00509099
25847, 0.00509116
25848, 0.00509133
25849, 0.00509151
25850, 0.00509168
25851, 0.00509186
25852, 0.00509203
25853, 0.00509221
25854, 0.00509238
25855, 0.00509255
25856, 0.00509273
25857, 0.00509290
25858, 0.00509308
25859, 0.00509325
25860, 0.00509342
25861, 0.00509360
25862, 0.00509377
25863, 0.00509394
25864, 0.00509411
25865, 0.00509428
25866, 0.00509446
25867, 0.00509463
25868, 0.00509481
25869, 0.00509498
25870, 0.00509515
25871, 0.00509532
25872, 0.00509550
25873, 0.00509567
25874, 0.00509585
25875, 0.00509602
25876, 0.00509620
25877, 0.00509637
25878, 0.00509654
25879, 0.00509671
25880, 0.00509689
25881, 0.00509706
25882, 0.00509724
25883, 0.00509741
25884, 0.00509758
25885, 0.00509776
25886, 0.00509793
25887, 0.00509810
25888, 0.00509827
25889, 0.00509845
25890, 0.00509863
25891, 0.00509880
25892, 0.00509897
25893, 0.00509915
25894, 0.00509932
25895, 0.00509949
25896, 0.00509967
25897, 0.00509984
25898, 0.00510001
25899, 0.00510019
25900, 0.00510037
25901, 0.00510054
25902, 0.00510072
25903, 0.00510089
25904, 0.00510106
25905, 0.00510123
25906, 0.00510140
25907, 0.00510157
25908, 0.00510174
25909, 0.00510191
25910, 0.00510208
25911, 0.00510225
25912, 0.00510242
25913, 0.00510260
25914, 0.00510277
25915, 0.00510294
25916, 0.00510311
25917, 0.00510329
25918, 0.00510346
25919, 0.00510363
25920, 0.00510381
25921, 0.00510398
25922, 0.00510415
25923, 0.00510432
25924, 0.00510450
25925, 0.00510467
25926, 0.00510485
25927, 0.00510502
25928, 0.00510519
25929, 0.00510537
25930, 0.00510554
25931, 0.00510572
25932, 0.00510590
25933, 0.00510608
25934, 0.00510625
25935, 0.00510642
25936, 0.00510660
25937, 0.00510677
25938, 0.00510694
25939, 0.00510712
25940, 0.00510729
25941, 0.00510747
25942, 0.00510764
25943, 0.00510782
25944, 0.00510799
25945, 0.00510817
25946, 0.00510834
25947, 0.00510851
25948, 0.00510868
25949, 0.00510886
25950, 0.00510904
25951, 0.00510922
25952, 0.00510939
25953, 0.00510956
25954, 0.00510973
25955, 0.00510990
25956, 0.00511008
25957, 0.00511025
25958, 0.00511042
25959, 0.00511059
25960, 0.00511079
25961, 0.00511305
25962, 0.00511326
25963, 0.00511344
25964, 0.00511362
25965, 0.00511380
25966, 0.00511399
25967, 0.00511417
25968, 0.00511434
25969, 0.00511452
25970, 0.00511469
25971, 0.00511487
25972, 0.00511504
25973, 0.00511522
25974, 0.00511540
25975, 0.00511558
25976, 0.00511575
25977, 0.00511593
25978, 0.00511610
25979, 0.00511628
25980, 0.00511646
25981, 0.00511664
25982, 0.00511681
25983, 0.00511699
25984, 0.00511716
25985, 0.00511734
25986, 0.00511752
25987, 0.00511769
25988, 0.00511786
25989, 0.00511803
25990, 0.00511821
25991, 0.00511838
25992, 0.00511856
25993, 0.00511873
25994, 0.00511891
25995, 0.00511909
25996, 0.00511926
25997, 0.00511944
25998, 0.00511961
25999, 0.00511979
26000, 0.00511997
26001, 0.00512014
26002, 0.00512031
26003, 0.00512049
26004, 0.00512066
26005, 0.00512084
26006, 0.00512102
26007, 0.00512119
26008, 0.00512137
26009, 0.00512154
26010, 0.00512172
26011, 0.00512190
26012, 0.00512207
26013, 0.00512224
26014, 0.00512241
26015, 0.00512258
26016, 0.00512276
26017, 0.00512293
26018, 0.00512310
26019, 0.00512328
26020, 0.00512345
26021, 0.00512363
26022, 0.00512380
26023, 0.00512397
26024, 0.00512414
26025, 0.00512432
26026, 0.00512449
26027, 0.00512466
26028, 0.00512484
26029, 0.00512501
26030, 0.00512518
26031, 0.00512535
26032, 0.00512553
26033, 0.00512570
26034, 0.00512587
26035, 0.00512604
26036, 0.00512621
26037, 0.00512638
26038, 0.00512655
26039, 0.00512672
26040, 0.00512689
26041, 0.00512706
26042, 0.00512723
26043, 0.00512740
26044, 0.00512758
26045, 0.00512775
26046, 0.00512792
26047, 0.00512809
26048, 0.00512826
26049, 0.00512843
26050, 0.00512860
26051, 0.00512877
26052, 0.00512894
26053, 0.00512911
26054, 0.00512928
26055, 0.00512945
26056, 0.00512962
26057, 0.00512980
26058, 0.00512997
26059, 0.00513014
26060, 0.00513031
26061, 0.00513049
26062, 0.00513066
26063, 0.00513082
26064, 0.00513100
26065, 0.00513117
26066, 0.00513134
26067, 0.00513151
26068, 0.00513168
26069, 0.00513186
26070, 0.00513203
26071, 0.00513220
26072, 0.00513237
26073, 0.00513254
26074, 0.00513271
26075, 0.00513289
26076, 0.00513306
26077, 0.00513324
26078, 0.00513341
26079, 0.00513358
26080, 0.00513376
26081, 0.00513393
26082, 0.00513410
26083, 0.00513427
26084, 0.00513444
26085, 0.00513462
26086, 0.00513482
26087, 0.00513708
26088, 0.00513729
26089, 0.00513747
26090, 0.00513765
26091, 0.00513782
26092, 0.00513800
26093, 0.00513818
26094, 0.00513836
26095, 0.00513854
26096, 0.00513871
26097, 0.00513889
26098, 0.00513906
26099, 0.00513924
26100, 0.00513942
26101, 0.00513960
26102, 0.00513977
26103, 0.00513995
26104, 0.00514013
26105, 0.00514030
26106, 0.00514048
26107, 0.00514065
26108, 0.00514083
26109, 0.00514101
26110, 0.00514118
26111, 0.00514136
26112, 0.00514154
26113, 0.00514171
26114, 0.00514189
26115, 0.00514207
26116, 0.00514224
26117, 0.00514242
26118, 0.00514259
26119, 0.00514285
26120, 0.00514302
26121, 0.00514319
26122, 0.00514337
26123, 0.00514354
26124, 0.00514372
26125, 0.00514389
26126, 0.00514407
26127, 0.00514431
26128, 0.00514448
26129, 0.00514466
26130, 0.00514483
26131, 0.00514501
26132, 0.00514518
26133, 0.00514535
26134, 0.00514553
26135, 0.00514580
26136, 0.00514597
26137, 0.00514615
26138, 0.00514632
26139, 0.00514649
26140, 0.00514666
26141, 0.00514683
26142, 0.00514700
26143, 0.00514727
26144, 0.00514744
26145, 0.00514761
26146, 0.00514778
26147, 0.00514795
26148, 0.00514813
26149, 0.00514830
26150, 0.00514847
26151, 0.00514871
26152, 0.00514889
26153, 0.00514906
26154, 0.00514923
26155, 0.00514941
26156, 0.00514958
26157, 0.00514976
26158, 0.00514993
26159, 0.00515018
26160, 0.00515035
26161, 0.00515053
26162, 0.00515070
26163, 0.00515087
26164, 0.00515104
26165, 0.00515122
26166, 0.00515139
26167, 0.00515165
26168, 0.00515182
26169, 0.00515200
26170, 0.00515217
26171, 0.00515234
26172, 0.00515251
26173, 0.00515268
26174, 0.00515285
26175, 0.00515309
26176, 0.00515326
26177, 0.00515343
26178, 0.00515360
26179, 0.00515377
26180, 0.00515394
26181, 0.00515411
26182, 0.00515429
26183, 0.00515446
26184, 0.00515463
26185, 0.00515480
26186, 0.00515497
26187, 0.00515514
26188, 0.00515531
26189, 0.00515549
26190, 0.00515566
26191, 0.00515583
26192, 0.00515600
26193, 0.00515617
26194, 0.00515635
26195, 0.00515652
26196, 0.00515669
26197, 0.00515687
26198, 0.00515704
26199, 0.00515721
26200, 0.00515738
26201, 0.00515756
26202, 0.00515773
26203, 0.00515790
26204, 0.00515807
26205, 0.00515824
26206, 0.00515841
26207, 0.00515858
26208, 0.00515875
26209, 0.00515892
26210, 0.00515909
26211, 0.00515926
26212, 0.00515946
26213, 0.00516182
26214, 0.00516202
26215, 0.00516220
26216, 0.00516237
26217, 0.00516255
26218, 0.00516272
26219, 0.00516290
26220, 0.00516308
26221, 0.00516326
26222, 0.00516343
26223, 0.00516360
26224, 0.00516378
26225, 0.00516395
26226, 0.00516412
26227, 0.00516430
26228, 0.00516447
26229, 0.00516464
26230, 0.00516482
26231, 0.00516499
26232, 0.00516516
26233, 0.00516533
26234, 0.00516551
26235, 0.00516568
26236, 0.00516586
26237, 0.00516605
26238, 0.00516622
26239, 0.00516639
26240, 0.00516656
26241, 0.00516674
26242, 0.00516691
26243, 0.00516709
26244, 0.00516726
26245, 0.00516744
26246, 0.00516761
26247, 0.00516779
26248, 0.00516796
26249, 0.00516814
26250, 0.00516832
26251, 0.00516849
26252, 0.00516867
26253, 0.00516884
26254, 0.00516901
26255, 0.00516918
26256, 0.00516936
26257, 0.00516953
26258, 0.00516970
26259, 0.00516987
26260, 0.00517005
26261, 0.00517022
26262, 0.00517039
26263, 0.00517057
26264, 0.00517075
26265, 0.00517092
26266, 0.00517110
26267, 0.00517127
26268, 0.00517144
26269, 0.00517161
26270, 0.00517179
26271, 0.00517196
26272, 0.00517214
26273, 0.00517231
26274, 0.00517249
26275, 0.00517266
26276, 0.00517284
26277, 0.00517301
26278, 0.00517318
26279, 0.00517336
26280, 0.00517353
26281, 0.00517371
26282, 0.00517388
26283, 0.00517405
26284, 0.00517423
26285, 0.00517440
26286, 0.00517458
26287, 0.00517476
26288, 0.00517493
26289, 0.00517510
26290, 0.00517527
26291, 0.00517545
26292, 0.00517562
26293, 0.00517579
26294, 0.00517596
26295, 0.00517614
26296, 0.00517631
26297, 0.00517649
26298, 0.00517666
26299, 0.00517683
26300, 0.00517700
26301, 0.00517717
26302, 0.00517735
26303, 0.00517753
26304, 0.00517770
26305, 0.00517788
26306, 0.00517805
26307, 0.00517823
26308, 0.00517840
26309, 0.00517858
26310, 0.00517876
26311, 0.00517893
26312, 0.00517910
26313, 0.00517927
26314, 0.00517945
26315, 0.00517963
26316, 0.00517981
26317, 0.00517998
26318, 0.00518015
26319, 0.00518032
26320, 0.00518049
26321, 0.00518066
26322, 0.00518084
26323, 0.00518101
26324, 0.00518118
26325, 0.00518135
26326, 0.00518153
26327, 0.00518170
26328, 0.00518187
26329, 0.00518204
26330, 0.00518221
26331, 0.00518238
26332, 0.00518255
26333, 0.00518272
26334, 0.00518289
26335, 0.00518306
26336, 0.00518323
26337, 0.00518340
26338, 0.00518360
26339, 0.00518588
26340, 0.00518606
26341, 0.00518624
26342, 0.00518641
26343, 0.00518659
26344, 0.00518676
26345, 0.00518694
26346, 0.00518711
26347, 0.00518729
26348, 0.00518746
26349, 0.00518764
26350, 0.00518781
26351, 0.00518799
26352, 0.00518816
26353, 0.00518833
26354, 0.00518850
26355, 0.00518867
26356, 0.00518885
26357, 0.00518903
26358, 0.00518920
26359, 0.00518938
26360, 0.00518955
26361, 0.00518973
26362, 0.00518990
26363, 0.00519007
26364, 0.00519025
26365, 0.00519042
26366, 0.00519059
26367, 0.00519077
26368, 0.00519094
26369, 0.00519112
26370, 0.00519129
26371, 0.00519147
26372, 0.00519164
26373, 0.00519182
26374, 0.00519199
26375, 0.00519217
26376, 0.00519234
26377, 0.00519251
26378, 0.00519268
26379, 0.00519285
26380, 0.00519302
26381, 0.00519319
26382, 0.00519336
26383, 0.00519353
26384, 0.00519370
26385, 0.00519387
26386, 0.00519404
26387, 0.00519421
26388, 0.00519439
26389, 0.00519456
26390, 0.00519473
26391, 0.00519491
26392, 0.00519508
26393, 0.00519526
26394, 0.00519543
26395, 0.00519560
26396, 0.00519578
26397, 0.00519595
26398, 0.00519612
26399, 0.00519629
26400, 0.00519646
26401, 0.00519664
26402, 0.00519681
26403, 0.00519699
26404, 0.00519716
26405, 0.00519733
26406, 0.00519750
26407, 0.00519768
26408, 0.00519785
26409, 0.00519802
26410, 0.00519819
26411, 0.00519836
26412, 0.00519853
26413, 0.00519870
26414, 0.00519888
26415, 0.00519905
26416, 0.00519922
26417, 0.00519939
26418, 0.00519956
26419, 0.00519974
26420, 0.00519992
26421, 0.00520009
26422, 0.00520026
26423, 0.00520044
26424, 0.00520061
26425, 0.00520078
26426, 0.00520096
26427, 0.00520113
26428, 0.00520130
26429, 0.00520147
26430, 0.00520164
26431, 0.00520181
26432, 0.00520198
26433, 0.00520215
26434, 0.00520233
26435, 0.00520250
26436, 0.00520267
26437, 0.00520284
26438, 0.00520301
26439, 0.00520317
26440, 0.00520335
26441, 0.00520352
26442, 0.00520369
26443, 0.00520387
26444, 0.00520404
26445, 0.00520421
26446, 0.00520438
26447, 0.00520456
26448, 0.00520473
26449, 0.00520490
26450, 0.00520507
26451, 0.00520525
26452, 0.00520542
26453, 0.00520559
26454, 0.00520576
26455, 0.00520593
26456, 0.00520610
26457, 0.00520628
26458, 0.00520645
26459, 0.00520662
26460, 0.00520679
26461, 0.00520696
26462, 0.00520713
26463, 0.00520730
26464, 0.00520750
26465, 0.00520980
26466, 0.00521001
26467, 0.00521018
26468, 0.00521036
26469, 0.00521052
26470, 0.00521070
26471, 0.00521087
26472, 0.00521105
26473, 0.00521122
26474, 0.00521139
26475, 0.00521157
26476, 0.00521174
26477, 0.00521191
26478, 0.00521208
26479, 0.00521226
26480, 0.00521243
26481, 0.00521261
26482, 0.00521279
26483, 0.00521296
26484, 0.00521313
26485, 0.00521331
26486, 0.00521348
26487, 0.00521365
26488, 0.00521383
26489, 0.00521400
26490, 0.00521418
26491, 0.00521435
26492, 0.00521453
26493, 0.00521471
26494, 0.00521488
26495, 0.00521505
26496, 0.00521523
26497, 0.00521540
26498, 0.00521557
26499, 0.00521575
26500, 0.00521592
26501, 0.00521610
26502, 0.00521627
26503, 0.00521645
26504, 0.00521662
26505, 0.00521680
26506, 0.00521697
26507, 0.00521715
26508, 0.00521733
26509, 0.00521750
26510, 0.00521767
26511, 0.00521784
26512, 0.00521802
26513, 0.00521819
26514, 0.00521836
26515, 0.00521853
26516, 0.00521871
26517, 0.00521888
26518, 0.00521905
26519, 0.00521922
26520, 0.00521939
26521, 0.00521957
26522, 0.00521975
26523, 0.00521992
26524, 0.00522009
26525, 0.00522026
26526, 0.00522043
26527, 0.00522061
26528, 0.00522078
26529, 0.00522095
26530, 0.00522112
26531, 0.00522130
26532, 0.00522147
26533, 0.00522165
26534, 0.00522182
26535, 0.00522200
26536, 0.00522217
26537, 0.00522234
26538, 0.00522252
26539, 0.00522269
26540, 0.00522286
26541, 0.00522303
26542, 0.00522320
26543, 0.00522337
26544, 0.00522355
26545, 0.00522372
26546, 0.00522390
26547, 0.00522407
26548, 0.00522424
26549, 0.00522442
26550, 0.00522459
26551, 0.00522476
26552, 0.00522494
26553, 0.00522511
26554, 0.00522528
26555, 0.00522546
26556, 0.00522564
26557, 0.00522581
26558, 0.00522598
26559, 0.00522615
26560, 0.00522632
26561, 0.00522649
26562, 0.00522666
26563, 0.00522683
26564, 0.00522701
26565, 0.00522718
26566, 0.00522735
26567, 0.00522753
26568, 0.00522770
26569, 0.00522788
26570, 0.00522805
26571, 0.00522823
26572, 0.00522840
26573, 0.00522858
26574, 0.00522875
26575, 0.00522892
26576, 0.00522910
26577, 0.00522927
26578, 0.00522944
26579, 0.00522961
26580, 0.00522979
26581, 0.00522996
26582, 0.00523014
26583, 0.00523032
26584, 0.00523049
26585, 0.00523067
26586, 0.00523084
26587, 0.00523102
26588, 0.00523119
26589, 0.00523136
26590, 0.00523156
26591, 0.00523375
26592, 0.00523396
26593, 0.00523414
26594, 0.00523432
26595, 0.00523451
26596, 0.00523469
26597, 0.00523487
26598, 0.00523505
26599, 0.00523524
26600, 0.00523542
26601, 0.00523560
26602, 0.00523577
26603, 0.00523595
26604, 0.00523612
26605, 0.00523630
26606, 0.00523647
26607, 0.00523665
26608, 0.00523682
26609, 0.00523699
26610, 0.00523717
26611, 0.00523734
26612, 0.00523752
26613, 0.00523769
26614, 0.00523786
26615, 0.00523803
26616, 0.00523821
26617, 0.00523838
26618, 0.00523855
26619, 0.00523872
26620, 0.00523890
26621, 0.00523907
26622, 0.00523925
26623, 0.00523943
26624, 0.00523960
26625, 0.00523978
26626, 0.00523996
26627, 0.00524013
26628, 0.00524030
26629, 0.00524047
26630, 0.00524064
26631, 0.00524088
26632, 0.00524106
26633, 0.00524123
26634, 0.00524141
26635, 0.00524158
26636, 0.00524175
26637, 0.00524193
26638, 0.00524210
26639, 0.00524235
26640, 0.00524252
26641, 0.00524269
26642, 0.00524287
26643, 0.00524304
26644, 0.00524321
26645, 0.00524338
26646, 0.00524356
26647, 0.00524413
26648, 0.00524431
26649, 0.00524448
26650, 0.00524466
26651, 0.00524483
26652, 0.00524500
26653, 0.00524517
26654, 0.00524534
26655, 0.00524559
26656, 0.00524577
26657, 0.00524594
26658, 0.00524611
26659, 0.00524629
26660, 0.00524646
26661, 0.00524663
26662, 0.00524681
26663, 0.00524706
26664, 0.00524723
26665, 0.00524741
26666, 0.00524758
26667, 0.00524776
26668, 0.00524793
26669, 0.00524811
26670, 0.00524828
26671, 0.00524853
26672, 0.00524870
26673, 0.00524888
26674, 0.00524905
26675, 0.00524923
26676, 0.00524940
26677, 0.00524958
26678, 0.00524975
26679, 0.00525000
26680, 0.00525017
26681, 0.00525034
26682, 0.00525051
26683, 0.00525068
26684, 0.00525085
26685, 0.00525102
26686, 0.00525120
26687, 0.00525145
26688, 0.00525162
26689, 0.00525180
26690, 0.00525197
26691, 0.00525214
26692, 0.00525232
26693, 0.00525249
26694, 0.00525267
26695, 0.00525284
26696, 0.00525301
26697, 0.00525318
26698, 0.00525336
26699, 0.00525353
26700, 0.00525370
26701, 0.00525387
26702, 0.00525405
26703, 0.00525422
26704, 0.00525439
26705, 0.00525456
26706, 0.00525474
26707, 0.00525493
26708, 0.00525511
26709, 0.00525530
26710, 0.00525548
26711, 0.00525566
26712, 0.00525584
26713, 0.00525602
26714, 0.00525620
26715, 0.00525638
26716, 0.00525657
26717, 0.00525885
26718, 0.00525904
26719, 0.00525922
26720, 0.00525940
26721, 0.00525958
26722, 0.00525976
26723, 0.00525993
26724, 0.00526011
26725, 0.00526028
26726, 0.00526046
26727, 0.00526063
26728, 0.00526081
26729, 0.00526099
26730, 0.00526117
26731, 0.00526135
26732, 0.00526152
26733, 0.00526169
26734, 0.00526187
26735, 0.00526204
26736, 0.00526222
26737, 0.00526240
26738, 0.00526257
26739, 0.00526276
26740, 0.00526293
26741, 0.00526311
26742, 0.00526328
26743, 0.00526346
26744, 0.00526363
26745, 0.00526381
26746, 0.00526399
26747, 0.00526417
26748, 0.00526434
26749, 0.00526451
26750, 0.00526469
26751, 0.00526486
26752, 0.00526504
26753, 0.00526521
26754, 0.00526539
26755, 0.00526556
26756, 0.00526574
26757, 0.00526591
26758, 0.00526609
26759, 0.00526627
26760, 0.00526645
26761, 0.00526663
26762, 0.00526680
26763, 0.00526698
26764, 0.00526716
26765, 0.00526734
26766, 0.00526751
26767, 0.00526769
26768, 0.00526787
26769, 0.00526804
26770, 0.00526821
26771, 0.00526838
26772, 0.00526856
26773, 0.00526873
26774, 0.00526890
26775, 0.00526908
26776, 0.00526925
26777, 0.00526943
26778, 0.00526960
26779, 0.00526978
26780, 0.00526995
26781, 0.00527013
26782, 0.00527030
26783, 0.00527047
26784, 0.00527065
26785, 0.00527082
26786, 0.00527100
26787, 0.00527117
26788, 0.00527135
26789, 0.00527153
26790, 0.00527170
26791, 0.00527188
26792, 0.00527206
26793, 0.00527223
26794, 0.00527241
26795, 0.00527259
26796, 0.00527276
26797, 0.00527294
26798, 0.00527311
26799, 0.00527329
26800, 0.00527346
26801, 0.00527364
26802, 0.00527381
26803, 0.00527399
26804, 0.00527416
26805, 0.00527434
26806, 0.00527451
26807, 0.00527469
26808, 0.00527486
26809, 0.00527504
26810, 0.00527521
26811, 0.00527539
26812, 0.00527556
26813, 0.00527573
26814, 0.00527590
26815, 0.00527607
26816, 0.00527625
26817, 0.00527643
26818, 0.00527660
26819, 0.00527678
26820, 0.00527695
26821, 0.00527713
26822, 0.00527730
26823, 0.00527747
26824, 0.00527765
26825, 0.00527782
26826, 0.00527800
26827, 0.00527818
26828, 0.00527835
26829, 0.00527853
26830, 0.00527870
26831, 0.00527888
26832, 0.00527905
26833, 0.00527922
26834, 0.00527940
26835, 0.00527957
26836, 0.00527975
26837, 0.00527992
26838, 0.00528009
26839, 0.00528027
26840, 0.00528044
26841, 0.00528062
26842, 0.00528082
26843, 0.00528304
26844, 0.00528323
26845, 0.00528340
26846, 0.00528358
26847, 0.00528376
26848, 0.00528393
26849, 0.00528411
26850, 0.00528428
26851, 0.00528446
26852, 0.00528464
26853, 0.00528481
26854, 0.00528499
26855, 0.00528516
26856, 0.00528534
26857, 0.00528552
26858, 0.00528569
26859, 0.00528586
26860, 0.00528604
26861, 0.00528621
26862, 0.00528639
26863, 0.00528657
26864, 0.00528674
26865, 0.00528692
26866, 0.00528709
26867, 0.00528727
26868, 0.00528744
26869, 0.00528762
26870, 0.00528779
26871, 0.00528797
26872, 0.00528814
26873, 0.00528832
26874, 0.00528849
26875, 0.00528867
26876, 0.00528884
26877, 0.00528901
26878, 0.00528919
26879, 0.00528936
26880, 0.00528954
26881, 0.00528971
26882, 0.00528989
26883, 0.00529006
26884, 0.00529023
26885, 0.00529041
26886, 0.00529059
26887, 0.00529076
26888, 0.00529094
26889, 0.00529111
26890, 0.00529129
26891, 0.00529147
26892, 0.00529164
26893, 0.00529182
26894, 0.00529199
26895, 0.00529217
26896, 0.00529234
26897, 0.00529252
26898, 0.00529270
26899, 0.00529287
26900, 0.00529305
26901, 0.00529322
26902, 0.00529340
26903, 0.00529358
26904, 0.00529375
26905, 0.00529393
26906, 0.00529410
26907, 0.00529428
26908, 0.00529445
26909, 0.00529462
26910, 0.00529480
26911, 0.00529498
26912, 0.00529515
26913, 0.00529533
26914, 0.00529550
26915, 0.00529568
26916, 0.00529585
26917, 0.00529603
26918, 0.00529620
26919, 0.00529638
26920, 0.00529655
26921, 0.00529673
26922, 0.00529690
26923, 0.00529708
26924, 0.00529725
26925, 0.00529743
26926, 0.00529760
26927, 0.00529778
26928, 0.00529795
26929, 0.00529813
26930, 0.00529830
26931, 0.00529848
26932, 0.00529865
26933, 0.00529883
26934, 0.00529900
26935, 0.00529918
26936, 0.00529935
26937, 0.00529953
26938, 0.00529970
26939, 0.00529988
26940, 0.00530005
26941, 0.00530023
26942, 0.00530040
26943, 0.00530058
26944, 0.00530075
26945, 0.00530093
26946, 0.00530110
26947, 0.00530128
26948, 0.00530145
26949, 0.00530163
26950, 0.00530180
26951, 0.00530198
26952, 0.00530215
26953, 0.00530233
26954, 0.00530250
26955, 0.00530268
26956, 0.00530285
26957, 0.00530303
26958, 0.00530320
26959, 0.00530338
26960, 0.00530355
26961, 0.00530373
26962, 0.00530390
26963, 0.00530408
26964, 0.00530425
26965, 0.00530442
26966, 0.00530460
26967, 0.00530478
26968, 0.00530497
26969, 0.00530724
26970, 0.00530743
26971, 0.00530761
26972, 0.00530779
26973, 0.00530796
26974, 0.00530814
26975, 0.00530832
26976, 0.00530849
26977, 0.00530866
26978, 0.00530884
26979, 0.00530902
26980, 0.00530919
26981, 0.00530937
26982, 0.00530955
26983, 0.00530973
26984, 0.00530991
26985, 0.00531008
26986, 0.00531026
26987, 0.00531043
26988, 0.00531061
26989, 0.00531079
26990, 0.00531096
26991, 0.00531114
26992, 0.00531131
26993, 0.00531149
26994, 0.00531166
26995, 0.00531184
26996, 0.00531202
26997, 0.00531219
26998, 0.00531237
26999, 0.00531254
27000, 0.00531272
27001, 0.00531290
27002, 0.00531308
27003, 0.00531326
27004, 0.00531343
27005, 0.00531360
27006, 0.00531378
27007, 0.00531395
27008, 0.00531413
27009, 0.00531430
27010, 0.00531448
27011, 0.00531466
27012, 0.00531483
27013, 0.00531501
27014, 0.00531518
27015, 0.00531535
27016, 0.00531552
27017, 0.00531570
27018, 0.00531587
27019, 0.00531605
27020, 0.00531623
27021, 0.00531641
27022, 0.00531660
27023, 0.00531678
27024, 0.00531696
27025, 0.00531714
27026, 0.00531732
27027, 0.00531750
27028, 0.00531769
27029, 0.00531787
27030, 0.00531805
27031, 0.00531823
27032, 0.00531841
27033, 0.00531859
27034, 0.00531878
27035, 0.00531896
27036, 0.00531914
27037, 0.00531933
27038, 0.00531951
27039, 0.00531969
27040, 0.00531987
27041, 0.00532005
27042, 0.00532023
27043, 0.00532041
27044, 0.00532059
27045, 0.00532078
27046, 0.00532096
27047, 0.00532114
27048, 0.00532132
27049, 0.00532150
27050, 0.00532168
27051, 0.00532187
27052, 0.00532205
27053, 0.00532223
27054, 0.00532241
27055, 0.00532260
27056, 0.00532278
27057, 0.00532296
27058, 0.00532314
27059, 0.00532333
27060, 0.00532351
27061, 0.00532369
27062, 0.00532386
27063, 0.00532403
27064, 0.00532421
27065, 0.00532438
27066, 0.00532455
27067, 0.00532472
27068, 0.00532489
27069, 0.00532507
27070, 0.00532524
27071, 0.00532541
27072, 0.00532558
27073, 0.00532575
27074, 0.00532592
27075, 0.00532609
27076, 0.00532626
27077, 0.00532643
27078, 0.00532660
27079, 0.00532677
27080, 0.00532694
27081, 0.00532711
27082, 0.00532728
27083, 0.00532745
27084, 0.00532763
27085, 0.00532780
27086, 0.00532797
27087, 0.00532814
27088, 0.00532831
27089, 0.00532848
27090, 0.00532866
27091, 0.00532883
27092, 0.00532900
27093, 0.00532917
27094, 0.00532936
27095, 0.00533159
27096, 0.00533178
27097, 0.00533196
27098, 0.00533213
27099, 0.00533231
27100, 0.00533249
27101, 0.00533267
27102, 0.00533285
27103, 0.00533302
27104, 0.00533320
27105, 0.00533338
27106, 0.00533356
27107, 0.00533373
27108, 0.00533391
27109, 0.00533408
27110, 0.00533425
27111, 0.00533443
27112, 0.00533461
27113, 0.00533478
27114, 0.00533496
27115, 0.00533514
27116, 0.00533531
27117, 0.00533548
27118, 0.00533566
27119, 0.00533583
27120, 0.00533601
27121, 0.00533618
27122, 0.00533636
27123, 0.00533654
27124, 0.00533671
27125, 0.00533688
27126, 0.00533706
27127, 0.00533723
27128, 0.00533741
27129, 0.00533759
27130, 0.00533776
27131, 0.00533794
27132, 0.00533811
27133, 0.00533829
27134, 0.00533847
27135, 0.00533864
27136, 0.00533882
27137, 0.00533899
27138, 0.00533917
27139, 0.00533935
27140, 0.00533953
27141, 0.00533970
27142, 0.00533988
27143, 0.00534012
27144, 0.00534029
27145, 0.00534047
27146, 0.00534065
27147, 0.00534082
27148, 0.00534099
27149, 0.00534117
27150, 0.00534135
27151, 0.00534160
27152, 0.00534178
27153, 0.00534195
27154, 0.00534213
27155, 0.00534231
27156, 0.00534248
27157, 0.00534265
27158, 0.00534283
27159, 0.00534315
27160, 0.00534332
27161, 0.00534349
27162, 0.00534366
27163, 0.00534383
27164, 0.00534401
27165, 0.00534418
27166, 0.00534436
27167, 0.00534461
27168, 0.00534478
27169, 0.00534495
27170, 0.00534513
27171, 0.00534530
27172, 0.00534547
27173, 0.00534565
27174, 0.00534582
27175, 0.00534606
27176, 0.00534624
27177, 0.00534641
27178, 0.00534659
27179, 0.00534676
27180, 0.00534693
27181, 0.00534711
27182, 0.00534729
27183, 0.00534753
27184, 0.00534771
27185, 0.00534790
27186, 0.00534807
27187, 0.00534825
27188, 0.00534843
27189, 0.00534861
27190, 0.00534878
27191, 0.00534904
27192, 0.00534921
27193, 0.00534938
27194, 0.00534955
27195, 0.00534972
27196, 0.00534990
27197, 0.00535007
27198, 0.00535025
27199, 0.00535049
27200, 0.00535066
27201, 0.00535084
27202, 0.00535101
27203, 0.00535119
27204, 0.00535137
27205, 0.00535154
27206, 0.00535171
27207, 0.00535188
27208, 0.00535206
27209, 0.00535223
27210, 0.00535241
27211, 0.00535258
27212, 0.00535276
27213, 0.00535293
27214, 0.00535311
27215, 0.00535328
27216, 0.00535346
27217, 0.00535363
27218, 0.00535382
27219, 0.00535400
27220, 0.00535421
27221, 0.00535644
27222, 0.00535665
27223, 0.00535683
27224, 0.00535701
27225, 0.00535719
27226, 0.00535736
27227, 0.00535754
27228, 0.00535771
27229, 0.00535789
27230, 0.00535807
27231, 0.00535824
27232, 0.00535842
27233, 0.00535859
27234, 0.00535876
27235, 0.00535894
27236, 0.00535911
27237, 0.00535929
27238, 0.00535946
27239, 0.00535964
27240, 0.00535981
27241, 0.00535999
27242, 0.00536017
27243, 0.00536034
27244, 0.00536051
27245, 0.00536069
27246, 0.00536087
27247, 0.00536104
27248, 0.00536121
27249, 0.00536139
27250, 0.00536156
27251, 0.00536174
27252, 0.00536192
27253, 0.00536209
27254, 0.00536227
27255, 0.00536244
27256, 0.00536262
27257, 0.00536280
27258, 0.00536297
27259, 0.00536315
27260, 0.00536333
27261, 0.00536351
27262, 0.00536368
27263, 0.00536386
27264, 0.00536403
27265, 0.00536421
27266, 0.00536438
27267, 0.00536456
27268, 0.00536473
27269, 0.00536490
27270, 0.00536508
27271, 0.00536525
27272, 0.00536543
27273, 0.00536561
27274, 0.00536578
27275, 0.00536596
27276, 0.00536613
27277, 0.00536631
27278, 0.00536648
27279, 0.00536666
27280, 0.00536683
27281, 0.00536701
27282, 0.00536718
27283, 0.00536736
27284, 0.00536753
27285, 0.00536770
27286, 0.00536788
27287, 0.00536805
27288, 0.00536823
27289, 0.00536840
27290, 0.00536858
27291, 0.00536875
27292, 0.00536892
27293, 0.00536910
27294, 0.00536928
27295, 0.00536945
27296, 0.00536963
27297, 0.00536980
27298, 0.00536998
27299, 0.00537016
27300, 0.00537033
27301, 0.00537051
27302, 0.00537069
27303, 0.00537086
27304, 0.00537104
27305, 0.00537121
27306, 0.00537138
27307, 0.00537155
27308, 0.00537173
27309, 0.00537191
27310, 0.00537208
27311, 0.00537226
27312, 0.00537244
27313, 0.00537261
27314, 0.00537279
27315, 0.00537297
27316, 0.00537314
27317, 0.00537332
27318, 0.00537349
27319, 0.00537367
27320, 0.00537385
27321, 0.00537402
27322, 0.00537420
27323, 0.00537438
27324, 0.00537455
27325, 0.00537473
27326, 0.00537490
27327, 0.00537508
27328, 0.00537525
27329, 0.00537543
27330, 0.00537560
27331, 0.00537577
27332, 0.00537595
27333, 0.00537612
27334, 0.00537629
27335, 0.00537647
27336, 0.00537665
27337, 0.00537682
27338, 0.00537700
27339, 0.00537717
27340, 0.00537735
27341, 0.00537752
27342, 0.00537770
27343, 0.00537787
27344, 0.00537811
27345, 0.00537828
27346, 0.00537848
27347, 0.00538068
27348, 0.00538088
27349, 0.00538106
27350, 0.00538124
27351, 0.00538142
27352, 0.00538160
27353, 0.00538178
27354, 0.00538196
27355, 0.00538213
27356, 0.00538231
27357, 0.00538255
27358, 0.00538273
27359, 0.00538290
27360, 0.00538308
27361, 0.00538325
27362, 0.00538343
27363, 0.00538360
27364, 0.00538378
27365, 0.00538396
27366, 0.00538413
27367, 0.00538431
27368, 0.00538448
27369, 0.00538466
27370, 0.00538483
27371, 0.00538501
27372, 0.00538518
27373, 0.00538536
27374, 0.00538553
27375, 0.00538571
27376, 0.00538588
27377, 0.00538606
27378, 0.00538624
27379, 0.00538642
27380, 0.00538659
27381, 0.00538677
27382, 0.00538694
27383, 0.00538711
27384, 0.00538729
27385, 0.00538747
27386, 0.00538764
27387, 0.00538782
27388, 0.00538799
27389, 0.00538816
27390, 0.00538834
27391, 0.00538851
27392, 0.00538869
27393, 0.00538886
27394, 0.00538904
27395, 0.00538921
27396, 0.00538939
27397, 0.00538957
27398, 0.00538974
27399, 0.00538992
27400, 0.00539010
27401, 0.00539027
27402, 0.00539045
27403, 0.00539062
27404, 0.00539080
27405, 0.00539097
27406, 0.00539115
27407, 0.00539132
27408, 0.00539150
27409, 0.00539167
27410, 0.00539185
27411, 0.00539203
27412, 0.00539220
27413, 0.00539238
27414, 0.00539256
27415, 0.00539274
27416, 0.00539291
27417, 0.00539308
27418, 0.00539326
27419, 0.00539344
27420, 0.00539361
27421, 0.00539378
27422, 0.00539396
27423, 0.00539413
27424, 0.00539431
27425, 0.00539448
27426, 0.00539466
27427, 0.00539483
27428, 0.00539500
27429, 0.00539517
27430, 0.00539534
27431, 0.00539551
27432, 0.00539569
27433, 0.00539587
27434, 0.00539604
27435, 0.00539622
27436, 0.00539640
27437, 0.00539657
27438, 0.00539675
27439, 0.00539692
27440, 0.00539710
27441, 0.00539727
27442, 0.00539744
27443, 0.00539762
27444, 0.00539780
27445, 0.00539797
27446, 0.00539815
27447, 0.00539832
27448, 0.00539849
27449, 0.00539867
27450, 0.00539884
27451, 0.00539901
27452, 0.00539919
27453, 0.00539937
27454, 0.00539954
27455, 0.00539972
27456, 0.00539990
27457, 0.00540007
27458, 0.00540024
27459, 0.00540042
27460, 0.00540059
27461, 0.00540077
27462, 0.00540095
27463, 0.00540112
27464, 0.00540129
27465, 0.00540147
27466, 0.00540164
27467, 0.00540182
27468, 0.00540199
27469, 0.00540217
27470, 0.00540235
27471, 0.00540252
27472, 0.00540272
27473, 0.00540491
27474, 0.00540511
27475, 0.00540530
27476, 0.00540548
27477, 0.00540566
27478, 0.00540585
27479, 0.00540603
27480, 0.00540621
27481, 0.00540638
27482, 0.00540656
27483, 0.00540673
27484, 0.00540690
27485, 0.00540708
27486, 0.00540725
27487, 0.00540743
27488, 0.00540761
27489, 0.00540778
27490, 0.00540796
27491, 0.00540813
27492, 0.00540831
27493, 0.00540849
27494, 0.00540866
27495, 0.00540883
27496, 0.00540900
27497, 0.00540917
27498, 0.00540935
27499, 0.00540952
27500, 0.00540969
27501, 0.00540986
27502, 0.00541004
27503, 0.00541021
27504, 0.00541038
27505, 0.00541056
27506, 0.00541073
27507, 0.00541090
27508, 0.00541107
27509, 0.00541124
27510, 0.00541141
27511, 0.00541158
27512, 0.00541175
27513, 0.00541193
27514, 0.00541210
27515, 0.00541227
27516, 0.00541245
27517, 0.00541262
27518, 0.00541280
27519, 0.00541297
27520, 0.00541315
27521, 0.00541332
27522, 0.00541349
27523, 0.00541366
27524, 0.00541383
27525, 0.00541401
27526, 0.00541418
27527, 0.00541435
27528, 0.00541452
27529, 0.00541469
27530, 0.00541486
27531, 0.00541504
27532, 0.00541521
27533, 0.00541538
27534, 0.00541555
27535, 0.00541573
27536, 0.00541590
27537, 0.00541608
27538, 0.00541625
27539, 0.00541643
27540, 0.00541660
27541, 0.00541678
27542, 0.00541695
27543, 0.00541713
27544, 0.00541730
27545, 0.00541748
27546, 0.00541766
27547, 0.00541784
27548, 0.00541801
27549, 0.00541819
27550, 0.00541836
27551, 0.00541854
27552, 0.00541872
27553, 0.00541889
27554, 0.00541907
27555, 0.00541925
27556, 0.00541943
27557, 0.00541960
27558, 0.00541977
27559, 0.00541995
27560, 0.00542013
27561, 0.00542030
27562, 0.00542047
27563, 0.00542064
27564, 0.00542082
27565, 0.00542099
27566, 0.00542117
27567, 0.00542134
27568, 0.00542152
27569, 0.00542170
27570, 0.00542187
27571, 0.00542205
27572, 0.00542223
27573, 0.00542240
27574, 0.00542257
27575, 0.00542274
27576, 0.00542292
27577, 0.00542309
27578, 0.00542326
27579, 0.00542343
27580, 0.00542361
27581, 0.00542378
27582, 0.00542395
27583, 0.00542412
27584, 0.00542430
27585, 0.00542447
27586, 0.00542465
27587, 0.00542482
27588, 0.00542499
27589, 0.00542517
27590, 0.00542534
27591, 0.00542552
27592, 0.00542569
27593, 0.00542587
27594, 0.00542604
27595, 0.00542622
27596, 0.00542640
27597, 0.00542657
27598, 0.00542677
27599, 0.00542906
27600, 0.00542926
27601, 0.00542944
27602, 0.00542962
27603, 0.00542980
27604, 0.00542997
27605, 0.00543015
27606, 0.00543032
27607, 0.00543049
27608, 0.00543067
27609, 0.00543084
27610, 0.00543101
27611, 0.00543119
27612, 0.00543137
27613, 0.00543155
27614, 0.00543172
27615, 0.00543189
27616, 0.00543207
27617, 0.00543224
27618, 0.00543242
27619, 0.00543259
27620, 0.00543276
27621, 0.00543293
27622, 0.00543311
27623, 0.00543328
27624, 0.00543345
27625, 0.00543362
27626, 0.00543380
27627, 0.00543397
27628, 0.00543415
27629, 0.00543432
27630, 0.00543449
27631, 0.00543467
27632, 0.00543485
27633, 0.00543502
27634, 0.00543520
27635, 0.00543537
27636, 0.00543555
27637, 0.00543572
27638, 0.00543590
27639, 0.00543607
27640, 0.00543625
27641, 0.00543642
27642, 0.00543660
27643, 0.00543678
27644, 0.00543695
27645, 0.00543713
27646, 0.00543731
27647, 0.00543749
27648, 0.00543766
27649, 0.00543784
27650, 0.00543801
27651, 0.00543819
27652, 0.00543837
27653, 0.00543854
27654, 0.00543872
27655, 0.00543897
27656, 0.00543915
27657, 0.00543932
27658, 0.00543949
27659, 0.00543967
27660, 0.00543985
27661, 0.00544002
27662, 0.00544019
27663, 0.00544043
27664, 0.00544061
27665, 0.00544078
27666, 0.00544096
27667, 0.00544114
27668, 0.00544131
27669, 0.00544149
27670, 0.00544167
27671, 0.00544192
27672, 0.00544210
27673, 0.00544227
27674, 0.00544244
27675, 0.00544262
27676, 0.00544280
27677, 0.00544297
27678, 0.00544315
27679, 0.00544340
27680, 0.00544357
27681, 0.00544375
27682, 0.00544392
27683, 0.00544410
27684, 0.00544427
27685, 0.00544445
27686, 0.00544463
27687, 0.00544487
27688, 0.00544505
27689, 0.00544522
27690, 0.00544540
27691, 0.00544558
27692, 0.00544576
27693, 0.00544593
27694, 0.00544611
27695, 0.00544635
27696, 0.00544652
27697, 0.00544669
27698, 0.00544687
27699, 0.00544704
27700, 0.00544722
27701, 0.00544740
27702, 0.00544757
27703, 0.00544781
27704, 0.00544799
27705, 0.00544817
27706, 0.00544834
27707, 0.00544852
27708, 0.00544869
27709, 0.00544887
27710, 0.00544904
27711, 0.00544930
27712, 0.00544948
27713, 0.00544966
27714, 0.00544983
27715, 0.00545001
27716, 0.00545018
27717, 0.00545036
27718, 0.00545054
27719, 0.00545072
27720, 0.00545089
27721, 0.00545107
27722, 0.00545124
27723, 0.00545142
27724, 0.00545162
27725, 0.00545381
27726, 0.00545402
27727, 0.00545420
27728, 0.00545437
27729, 0.00545455
27730, 0.00545473
27731, 0.00545491
27732, 0.00545508
27733, 0.00545526
27734, 0.00545544
27735, 0.00545562
27736, 0.00545580
27737, 0.00545597
27738, 0.00545615
27739, 0.00545633
27740, 0.00545650
27741, 0.00545668
27742, 0.00545685
27743, 0.00545703
27744, 0.00545720
27745, 0.00545739
27746, 0.00545757
27747, 0.00545775
27748, 0.00545793
27749, 0.00545812
27750, 0.00545830
27751, 0.00545848
27752, 0.00545866
27753, 0.00545884
27754, 0.00545902
27755, 0.00545920
27756, 0.00545937
27757, 0.00545955
27758, 0.00545972
27759, 0.00545990
27760, 0.00546007
27761, 0.00546025
27762, 0.00546043
27763, 0.00546061
27764, 0.00546078
27765, 0.00546096
27766, 0.00546113
27767, 0.00546131
27768, 0.00546149
27769, 0.00546166
27770, 0.00546184
27771, 0.00546202
27772, 0.00546219
27773, 0.00546237
27774, 0.00546255
27775, 0.00546272
27776, 0.00546290
27777, 0.00546308
27778, 0.00546326
27779, 0.00546343
27780, 0.00546361
27781, 0.00546379
27782, 0.00546396
27783, 0.00546414
27784, 0.00546431
27785, 0.00546449
27786, 0.00546466
27787, 0.00546484
27788, 0.00546502
27789, 0.00546519
27790, 0.00546537
27791, 0.00546554
27792, 0.00546572
27793, 0.00546590
27794, 0.00546607
27795, 0.00546625
27796, 0.00546643
27797, 0.00546660
27798, 0.00546678
27799, 0.00546696
27800, 0.00546713
27801, 0.00546731
27802, 0.00546748
27803, 0.00546766
27804, 0.00546784
27805, 0.00546802
27806, 0.00546819
27807, 0.00546837
27808, 0.00546855
27809, 0.00546872
27810, 0.00546890
27811, 0.00546907
27812, 0.00546925
27813, 0.00546943
27814, 0.00546960
27815, 0.00546978
27816, 0.00546995
27817, 0.00547013
27818, 0.00547030
27819, 0.00547048
27820, 0.00547065
27821, 0.00547083
27822, 0.00547100
27823, 0.00547118
27824, 0.00547135
27825, 0.00547153
27826, 0.00547171
27827, 0.00547188
27828, 0.00547206
27829, 0.00547224
27830, 0.00547241
27831, 0.00547259
27832, 0.00547277
27833, 0.00547294
27834, 0.00547312
27835, 0.00547329
27836, 0.00547347
27837, 0.00547364
27838, 0.00547382
27839, 0.00547399
27840, 0.00547417
27841, 0.00547435
27842, 0.00547452
27843, 0.00547470
27844, 0.00547487
27845, 0.00547505
27846, 0.00547522
27847, 0.00547540
27848, 0.00547557
27849, 0.00547575
27850, 0.00547594
27851, 0.00547839
27852, 0.00547859
27853, 0.00547877
27854, 0.00547896
27855, 0.00547914
27856, 0.00547932
27857, 0.00547951
27858, 0.00547969
27859, 0.00547987
27860, 0.00548005
27861, 0.00548023
27862, 0.00548041
27863, 0.00548060
27864, 0.00548078
27865, 0.00548096
27866, 0.00548114
27867, 0.00548132
27868, 0.00548150
27869, 0.00548169
27870, 0.00548187
27871, 0.00548205
27872, 0.00548223
27873, 0.00548242
27874, 0.00548260
27875, 0.00548278
27876, 0.00548296
27877, 0.00548314
27878, 0.00548333
27879, 0.00548351
27880, 0.00548369
27881, 0.00548387
27882, 0.00548405
27883, 0.00548422
27884, 0.00548440
27885, 0.00548457
27886, 0.00548475
27887, 0.00548493
27888, 0.00548510
27889, 0.00548527
27890, 0.00548545
27891, 0.00548562
27892, 0.00548579
27893, 0.00548596
27894, 0.00548613
27895, 0.00548631
27896, 0.00548648
27897, 0.00548665
27898, 0.00548682
27899, 0.00548700
27900, 0.00548717
27901, 0.00548735
27902, 0.00548752
27903, 0.00548770
27904, 0.00548787
27905, 0.00548804
27906, 0.00548821
27907, 0.00548838
27908, 0.00548855
27909, 0.00548873
27910, 0.00548892
27911, 0.00548910
27912, 0.00548928
27913, 0.00548946
27914, 0.00548964
27915, 0.00548982
27916, 0.00549001
27917, 0.00549019
27918, 0.00549037
27919, 0.00549056
27920, 0.00549074
27921, 0.00549092
27922, 0.00549110
27923, 0.00549129
27924, 0.00549146
27925, 0.00549163
27926, 0.00549180
27927, 0.00549198
27928, 0.00549215
27929, 0.00549232
27930, 0.00549250
27931, 0.00549267
27932, 0.00549285
27933, 0.00549302
27934, 0.00549319
27935, 0.00549337
27936, 0.00549354
27937, 0.00549372
27938, 0.00549390
27939, 0.00549408
27940, 0.00549426
27941, 0.00549445
27942, 0.00549463
27943, 0.00549481
27944, 0.00549499
27945, 0.00549517
27946, 0.00549535
27947, 0.00549554
27948, 0.00549572
27949, 0.00549590
27950, 0.00549608
27951, 0.00549625
27952, 0.00549642
27953, 0.00549659
27954, 0.00549676
27955, 0.00549693
27956, 0.00549710
27957, 0.00549728
27958, 0.00549746
27959, 0.00549764
27960, 0.00549782
27961, 0.00549800
27962, 0.00549818
27963, 0.00549835
27964, 0.00549852
27965, 0.00549870
27966, 0.00549887
27967, 0.00549904
27968, 0.00549922
27969, 0.00549939
27970, 0.00549956
27971, 0.00549974
27972, 0.00549993
27973, 0.00550011
27974, 0.00550028
27975, 0.00550045
27976, 0.00550065
27977, 0.00550284
27978, 0.00550305
27979, 0.00550323
27980, 0.00550341
27981, 0.00550359
27982, 0.00550377
27983, 0.00550394
27984, 0.00550412
27985, 0.00550429
27986, 0.00550446
27987, 0.00550463
27988, 0.00550481
27989, 0.00550499
27990, 0.00550518
27991, 0.00550536
27992, 0.00550553
27993, 0.00550571
27994, 0.00550588
27995, 0.00550605
27996, 0.00550623
27997, 0.00550640
27998, 0.00550657
27999, 0.00550674
28000, 0.00550691
28001, 0.00550708
28002, 0.00550726
28003, 0.00550743
28004, 0.00550760
28005, 0.00550778
28006, 0.00550795
28007, 0.00550813
28008, 0.00550830
28009, 0.00550848
28010, 0.00550865
28011, 0.00550882
28012, 0.00550900
28013, 0.00550918
28014, 0.00550935
28015, 0.00550953
28016, 0.00550970
28017, 0.00550988
28018, 0.00551005
28019, 0.00551023
28020, 0.00551041
28021, 0.00551058
28022, 0.00551076
28023, 0.00551094
28024, 0.00551111
28025, 0.00551129
28026, 0.00551146
28027, 0.00551164
28028, 0.00551182
28029, 0.00551200
28030, 0.00551217
28031, 0.00551235
28032, 0.00551253
28033, 0.00551271
28034, 0.00551288
28035, 0.00551306
28036, 0.00551323
28037, 0.00551341
28038, 0.00551359
28039, 0.00551376
28040, 0.00551394
28041, 0.00551412
28042, 0.00551429
28043, 0.00551447
28044, 0.00551464
28045, 0.00551482
28046, 0.00551499
28047, 0.00551517
28048, 0.00551534
28049, 0.00551552
28050, 0.00551569
28051, 0.00551587
28052, 0.00551604
28053, 0.00551621
28054, 0.00551639
28055, 0.00551656
28056, 0.00551674
28057, 0.00551692
28058, 0.00551710
28059, 0.00551727
28060, 0.00551745
28061, 0.00551763
28062, 0.00551781
28063, 0.00551798
28064, 0.00551816
28065, 0.00551833
28066, 0.00551850
28067, 0.00551868
28068, 0.00551886
28069, 0.00551904
28070, 0.00551921
28071, 0.00551938
28072, 0.00551955
28073, 0.00551972
28074, 0.00551989
28075, 0.00552007
28076, 0.00552024
28077, 0.00552041
28078, 0.00552059
28079, 0.00552076
28080, 0.00552094
28081, 0.00552111
28082, 0.00552128
28083, 0.00552145
28084, 0.00552163
28085, 0.00552180
28086, 0.00552197
28087, 0.00552214
28088, 0.00552231
28089, 0.00552248
28090, 0.00552265
28091, 0.00552282
28092, 0.00552299
28093, 0.00552317
28094, 0.00552334
28095, 0.00552351
28096, 0.00552368
28097, 0.00552385
28098, 0.00552403
28099, 0.00552420
28100, 0.00552437
28101, 0.00552455
28102, 0.00552474
28103, 0.00552697
28104, 0.00552716
28105, 0.00552735
28106, 0.00552753
28107, 0.00552771
28108, 0.00552790
28109, 0.00552808
28110, 0.00552826
28111, 0.00552844
28112, 0.00552863
28113, 0.00552881
28114, 0.00552900
28115, 0.00552918
28116, 0.00552936
28117, 0.00552955
28118, 0.00552973
28119, 0.00552991
28120, 0.00553009
28121, 0.00553027
28122, 0.00553046
28123, 0.00553064
28124, 0.00553082
28125, 0.00553100
28126, 0.00553118
28127, 0.00553136
28128, 0.00553154
28129, 0.00553172
28130, 0.00553190
28131, 0.00553208
28132, 0.00553226
28133, 0.00553244
28134, 0.00553262
28135, 0.00553281
28136, 0.00553299
28137, 0.00553317
28138, 0.00553335
28139, 0.00553353
28140, 0.00553371
28141, 0.00553390
28142, 0.00553408
28143, 0.00553426
28144, 0.00553444
28145, 0.00553462
28146, 0.00553480
28147, 0.00553498
28148, 0.00553515
28149, 0.00553533
28150, 0.00553550
28151, 0.00553567
28152, 0.00553584
28153, 0.00553602
28154, 0.00553619
28155, 0.00553636
28156, 0.00553654
28157, 0.00553672
28158, 0.00553690
28159, 0.00553708
28160, 0.00553726
28161, 0.00553743
28162, 0.00553760
28163, 0.00553778
28164, 0.00553795
28165, 0.00553812
28166, 0.00553829
28167, 0.00553852
28168, 0.00553869
28169, 0.00553886
28170, 0.00553903
28171, 0.00553920
28172, 0.00553938
28173, 0.00553955
28174, 0.00553973
28175, 0.00554002
28176, 0.00554019
28177, 0.00554037
28178, 0.00554055
28179, 0.00554074
28180, 0.00554092
28181, 0.00554110
28182, 0.00554128
28183, 0.00554153
28184, 0.00554171
28185, 0.00554189
28186, 0.00554208
28187, 0.00554226
28188, 0.00554244
28189, 0.00554262
28190, 0.00554280
28191, 0.00554335
28192, 0.00554353
28193, 0.00554371
28194, 0.00554390
28195, 0.00554408
28196, 0.00554426
28197, 0.00554444
28198, 0.00554462
28199, 0.00554487
28200, 0.00554506
28201, 0.00554524
28202, 0.00554542
28203, 0.00554560
28204, 0.00554578
28205, 0.00554597
28206, 0.00554615
28207, 0.00554640
28208, 0.00554658
28209, 0.00554676
28210, 0.00554694
28211, 0.00554713
28212, 0.00554730
28213, 0.00554749
28214, 0.00554766
28215, 0.00554790
28216, 0.00554807
28217, 0.00554824
28218, 0.00554841
28219, 0.00554859
28220, 0.00554876
28221, 0.00554892
28222, 0.00554910
28223, 0.00554934
28224, 0.00554951
28225, 0.00554968
28226, 0.00554985
28227, 0.00555002
28228, 0.00555022
28229, 0.00555538
28230, 0.00555559
28231, 0.00555578
28232, 0.00555596
28233, 0.00555614
28234, 0.00555633
28235, 0.00555651
28236, 0.00555669
28237, 0.00555688
28238, 0.00555706
28239, 0.00555724
28240, 0.00555743
28241, 0.00555761
28242, 0.00555779
28243, 0.00555798
28244, 0.00555816
28245, 0.00555835
28246, 0.00555853
28247, 0.00555871
28248, 0.00555889
28249, 0.00555907
28250, 0.00555925
28251, 0.00555943
28252, 0.00555961
28253, 0.00555979
28254, 0.00555997
28255, 0.00556016
28256, 0.00556034
28257, 0.00556052
28258, 0.00556070
28259, 0.00556088
28260, 0.00556106
28261, 0.00556124
28262, 0.00556142
28263, 0.00556160
28264, 0.00556178
28265, 0.00556196
28266, 0.00556214
28267, 0.00556233
28268, 0.00556251
28269, 0.00556269
28270, 0.00556287
28271, 0.00556306
28272, 0.00556324
28273, 0.00556342
28274, 0.00556360
28275, 0.00556378
28276, 0.00556396
28277, 0.00556415
28278, 0.00556433
28279, 0.00556451
28280, 0.00556469
28281, 0.00556487
28282, 0.00556505
28283, 0.00556523
28284, 0.00556541
28285, 0.00556560
28286, 0.00556578
28287, 0.00556596
28288, 0.00556614
28289, 0.00556632
28290, 0.00556650
28291, 0.00556668
28292, 0.00556686
28293, 0.00556704
28294, 0.00556723
28295, 0.00556741
28296, 0.00556759
28297, 0.00556777
28298, 0.00556795
28299, 0.00556813
28300, 0.00556831
28301, 0.00556849
28302, 0.00556867
28303, 0.00556885
28304, 0.00556903
28305, 0.00556920
28306, 0.00556937
28307, 0.00556955
28308, 0.00556972
28309, 0.00556989
28310, 0.00557006
28311, 0.00557023
28312, 0.00557040
28313, 0.00557057
28314, 0.00557074
28315, 0.00557091
28316, 0.00557108
28317, 0.00557126
28318, 0.00557143
28319, 0.00557160
28320, 0.00557178
28321, 0.00557196
28322, 0.00557213
28323, 0.00557230
28324, 0.00557247
28325, 0.00557264
28326, 0.00557281
28327, 0.00557298
28328, 0.00557316
28329, 0.00557333
28330, 0.00557350
28331, 0.00557367
28332, 0.00557384
28333, 0.00557401
28334, 0.00557419
28335, 0.00557436
28336, 0.00557453
28337, 0.00557470
28338, 0.00557487
28339, 0.00557504
28340, 0.00557521
28341, 0.00557539
28342, 0.00557556
28343, 0.00557574
28344, 0.00557591
28345, 0.00557608
28346, 0.00557626
28347, 0.00557643
28348, 0.00557660
28349, 0.00557677
28350, 0.00557694
28351, 0.00557711
28352, 0.00557728
28353, 0.00557746
28354, 0.00557765
28355, 0.00557993
28356, 0.00558012
28357, 0.00558030
28358, 0.00558048
28359, 0.00558067
28360, 0.00558085
28361, 0.00558103
28362, 0.00558121
28363, 0.00558139
28364, 0.00558157
28365, 0.00558175
28366, 0.00558193
28367, 0.00558211
28368, 0.00558229
28369, 0.00558247
28370, 0.00558265
28371, 0.00558284
28372, 0.00558302
28373, 0.00558320
28374, 0.00558339
28375, 0.00558357
28376, 0.00558375
28377, 0.00558393
28378, 0.00558411
28379, 0.00558429
28380, 0.00558447
28381, 0.00558465
28382, 0.00558484
28383, 0.00558502
28384, 0.00558519
28385, 0.00558538
28386, 0.00558556
28387, 0.00558574
28388, 0.00558592
28389, 0.00558610
28390, 0.00558628
28391, 0.00558646
28392, 0.00558664
28393, 0.00558682
28394, 0.00558699
28395, 0.00558716
28396, 0.00558733
28397, 0.00558751
28398, 0.00558768
28399, 0.00558787
28400, 0.00558806
28401, 0.00558824
28402, 0.00558841
28403, 0.00558858
28404, 0.00558875
28405, 0.00558893
28406, 0.00558910
28407, 0.00558928
28408, 0.00558945
28409, 0.00558962
28410, 0.00558980
28411, 0.00558997
28412, 0.00559015
28413, 0.00559033
28414, 0.00559050
28415, 0.00559067
28416, 0.00559085
28417, 0.00559102
28418, 0.00559119
28419, 0.00559136
28420, 0.00559153
28421, 0.00559170
28422, 0.00559187
28423, 0.00559204
28424, 0.00559221
28425, 0.00559237
28426, 0.00559255
28427, 0.00559272
28428, 0.00559289
28429, 0.00559307
28430, 0.00559324
28431, 0.00559341
28432, 0.00559358
28433, 0.00559375
28434, 0.00559392
28435, 0.00559409
28436, 0.00559426
28437, 0.00559443
28438, 0.00559460
28439, 0.00559477
28440, 0.00559494
28441, 0.00559511
28442, 0.00559528
28443, 0.00559545
28444, 0.00559562
28445, 0.00559579
28446, 0.00559596
28447, 0.00559614
28448, 0.00559631
28449, 0.00559648
28450, 0.00559665
28451, 0.00559682
28452, 0.00559699
28453, 0.00559716
28454, 0.00559733
28455, 0.00559750
28456, 0.00559767
28457, 0.00559784
28458, 0.00559801
28459, 0.00559818
28460, 0.00559835
28461, 0.00559852
28462, 0.00559869
28463, 0.00559886
28464, 0.00559904
28465, 0.00559921
28466, 0.00559938
28467, 0.00559955
28468, 0.00559972
28469, 0.00559989
28470, 0.00560007
28471, 0.00560024
28472, 0.00560041
28473, 0.00560058
28474, 0.00560075
28475, 0.00560092
28476, 0.00560109
28477, 0.00560126
28478, 0.00560143
28479, 0.00560160
28480, 0.00560180
28481, 0.00560404
28482, 0.00560424
28483, 0.00560443
28484, 0.00560461
28485, 0.00560479
28486, 0.00560497
28487, 0.00560516
28488, 0.00560534
28489, 0.00560552
28490, 0.00560570
28491, 0.00560590
28492, 0.00560609
28493, 0.00560627
28494, 0.00560645
28495, 0.00560663
28496, 0.00560682
28497, 0.00560700
28498, 0.00560718
28499, 0.00560737
28500, 0.00560755
28501, 0.00560773
28502, 0.00560791
28503, 0.00560810
28504, 0.00560828
28505, 0.00560846
28506, 0.00560865
28507, 0.00560883
28508, 0.00560901
28509, 0.00560919
28510, 0.00560938
28511, 0.00560956
28512, 0.00560974
28513, 0.00560992
28514, 0.00561011
28515, 0.00561029
28516, 0.00561047
28517, 0.00561065
28518, 0.00561083
28519, 0.00561101
28520, 0.00561120
28521, 0.00561138
28522, 0.00561155
28523, 0.00561173
28524, 0.00561190
28525, 0.00561207
28526, 0.00561224
28527, 0.00561241
28528, 0.00561259
28529, 0.00561277
28530, 0.00561294
28531, 0.00561311
28532, 0.00561329
28533, 0.00561346
28534, 0.00561363
28535, 0.00561380
28536, 0.00561398
28537, 0.00561415
28538, 0.00561432
28539, 0.00561449
28540, 0.00561466
28541, 0.00561483
28542, 0.00561500
28543, 0.00561518
28544, 0.00561535
28545, 0.00561552
28546, 0.00561569
28547, 0.00561587
28548, 0.00561604
28549, 0.00561621
28550, 0.00561639
28551, 0.00561656
28552, 0.00561673
28553, 0.00561690
28554, 0.00561707
28555, 0.00561725
28556, 0.00561742
28557, 0.00561759
28558, 0.00561776
28559, 0.00561794
28560, 0.00561811
28561, 0.00561828
28562, 0.00561846
28563, 0.00561863
28564, 0.00561880
28565, 0.00561897
28566, 0.00561914
28567, 0.00561931
28568, 0.00561948
28569, 0.00561966
28570, 0.00561983
28571, 0.00562000
28572, 0.00562018
28573, 0.00562035
28574, 0.00562052
28575, 0.00562069
28576, 0.00562087
28577, 0.00562104
28578, 0.00562121
28579, 0.00562138
28580, 0.00562156
28581, 0.00562173
28582, 0.00562190
28583, 0.00562207
28584, 0.00562224
28585, 0.00562242
28586, 0.00562259
28587, 0.00562276
28588, 0.00562294
28589, 0.00562311
28590, 0.00562328
28591, 0.00562345
28592, 0.00562362
28593, 0.00562379
28594, 0.00562397
28595, 0.00562414
28596, 0.00562431
28597, 0.00562448
28598, 0.00562465
28599, 0.00562482
28600, 0.00562500
28601, 0.00562517
28602, 0.00562534
28603, 0.00562552
28604, 0.00562569
28605, 0.00562586
28606, 0.00562606
28607, 0.00562828
28608, 0.00562848
28609, 0.00562866
28610, 0.00562883
28611, 0.00562901
28612, 0.00562918
28613, 0.00562935
28614, 0.00562952
28615, 0.00562970
28616, 0.00562987
28617, 0.00563006
28618, 0.00563024
28619, 0.00563042
28620, 0.00563060
28621, 0.00563078
28622, 0.00563096
28623, 0.00563113
28624, 0.00563130
28625, 0.00563147
28626, 0.00563164
28627, 0.00563182
28628, 0.00563200
28629, 0.00563217
28630, 0.00563234
28631, 0.00563252
28632, 0.00563269
28633, 0.00563286
28634, 0.00563303
28635, 0.00563320
28636, 0.00563337
28637, 0.00563354
28638, 0.00563371
28639, 0.00563388
28640, 0.00563406
28641, 0.00563422
28642, 0.00563439
28643, 0.00563457
28644, 0.00563474
28645, 0.00563491
28646, 0.00563508
28647, 0.00563525
28648, 0.00563543
28649, 0.00563560
28650, 0.00563577
28651, 0.00563595
28652, 0.00563612
28653, 0.00563630
28654, 0.00563647
28655, 0.00563665
28656, 0.00563682
28657, 0.00563699
28658, 0.00563716
28659, 0.00563733
28660, 0.00563750
28661, 0.00563767
28662, 0.00563784
28663, 0.00563801
28664, 0.00563819
28665, 0.00563836
28666, 0.00563853
28667, 0.00563870
28668, 0.00563887
28669, 0.00563905
28670, 0.00563922
28671, 0.00563939
28672, 0.00563956
28673, 0.00563973
28674, 0.00563990
28675, 0.00564007
28676, 0.00564024
28677, 0.00564041
28678, 0.00564058
28679, 0.00564082
28680, 0.00564099
28681, 0.00564116
28682, 0.00564133
28683, 0.00564150
28684, 0.00564167
28685, 0.00564184
28686, 0.00564201
28687, 0.00564225
28688, 0.00564242
28689, 0.00564259
28690, 0.00564277
28691, 0.00564294
28692, 0.00564311
28693, 0.00564327
28694, 0.00564345
28695, 0.00564369
28696, 0.00564386
28697, 0.00564403
28698, 0.00564421
28699, 0.00564438
28700, 0.00564455
28701, 0.00564473
28702, 0.00564490
28703, 0.00564514
28704, 0.00564531
28705, 0.00564548
28706, 0.00564566
28707, 0.00564583
28708, 0.00564600
28709, 0.00564617
28710, 0.00564634
28711, 0.00564665
28712, 0.00564682
28713, 0.00564699
28714, 0.00564716
28715, 0.00564733
28716, 0.00564750
28717, 0.00564767
28718, 0.00564785
28719, 0.00564809
28720, 0.00564826
28721, 0.00564843
28722, 0.00564860
28723, 0.00564878
28724, 0.00564895
28725, 0.00564912
28726, 0.00564929
28727, 0.00564954
28728, 0.00564971
28729, 0.00564988
28730, 0.00565004
28731, 0.00565021
28732, 0.00565041
28733, 0.00565266
28734, 0.00565285
28735, 0.00565310
28736, 0.00565329
28737, 0.00565347
28738, 0.00565366
28739, 0.00565384
28740, 0.00565401
28741, 0.00565419
28742, 0.00565437
28743, 0.00565455
28744, 0.00565473
28745, 0.00565492
28746, 0.00565509
28747, 0.00565527
28748, 0.00565544
28749, 0.00565561
28750, 0.00565578
28751, 0.00565595
28752, 0.00565613
28753, 0.00565629
28754, 0.00565647
28755, 0.00565664
28756, 0.00565682
28757, 0.00565700
28758, 0.00565717
28759, 0.00565734
28760, 0.00565752
28761, 0.00565769
28762, 0.00565786
28763, 0.00565804
28764, 0.00565821
28765, 0.00565838
28766, 0.00565856
28767, 0.00565873
28768, 0.00565890
28769, 0.00565907
28770, 0.00565924
28771, 0.00565942
28772, 0.00565959
28773, 0.00565976
28774, 0.00565993
28775, 0.00566011
28776, 0.00566028
28777, 0.00566045
28778, 0.00566063
28779, 0.00566080
28780, 0.00566097
28781, 0.00566115
28782, 0.00566132
28783, 0.00566149
28784, 0.00566166
28785, 0.00566183
28786, 0.00566200
28787, 0.00566218
28788, 0.00566235
28789, 0.00566253
28790, 0.00566270
28791, 0.00566287
28792, 0.00566304
28793, 0.00566322
28794, 0.00566339
28795, 0.00566357
28796, 0.00566374
28797, 0.00566391
28798, 0.00566409
28799, 0.00566426
28800, 0.00566443
28801, 0.00566460
28802, 0.00566477
28803, 0.00566494
28804, 0.00566511
28805, 0.00566527
28806, 0.00566544
28807, 0.00566561
28808, 0.00566578
28809, 0.00566595
28810, 0.00566612
28811, 0.00566629
28812, 0.00566646
28813, 0.00566664
28814, 0.00566681
28815, 0.00566699
28816, 0.00566716
28817, 0.00566733
28818, 0.00566750
28819, 0.00566767
28820, 0.00566784
28821, 0.00566801
28822, 0.00566818
28823, 0.00566835
28824, 0.00566852
28825, 0.00566869
28826, 0.00566886
28827, 0.00566903
28828, 0.00566920
28829, 0.00566937
28830, 0.00566954
28831, 0.00566971
28832, 0.00566988
28833, 0.00567005
28834, 0.00567022
28835, 0.00567039
28836, 0.00567056
28837, 0.00567073
28838, 0.00567090
28839, 0.00567107
28840, 0.00567124
28841, 0.00567141
28842, 0.00567158
28843, 0.00567175
28844, 0.00567193
28845, 0.00567209
28846, 0.00567227
28847, 0.00567244
28848, 0.00567261
28849, 0.00567279
28850, 0.00567295
28851, 0.00567312
28852, 0.00567330
28853, 0.00567347
28854, 0.00567364
28855, 0.00567382
28856, 0.00567399
28857, 0.00567416
28858, 0.00567435
28859, 0.00567665
28860, 0.00567686
28861, 0.00567703
28862, 0.00567721
28863, 0.00567738
28864, 0.00567755
28865, 0.00567773
28866, 0.00567790
28867, 0.00567808
28868, 0.00567826
28869, 0.00567844
28870, 0.00567862
28871, 0.00567880
28872, 0.00567898
28873, 0.00567916
28874, 0.00567935
28875, 0.00567952
28876, 0.00567971
28877, 0.00567989
28878, 0.00568007
28879, 0.00568025
28880, 0.00568043
28881, 0.00568061
28882, 0.00568080
28883, 0.00568098
28884, 0.00568116
28885, 0.00568134
28886, 0.00568152
28887, 0.00568171
28888, 0.00568189
28889, 0.00568207
28890, 0.00568225
28891, 0.00568243
28892, 0.00568261
28893, 0.00568279
28894, 0.00568297
28895, 0.00568314
28896, 0.00568331
28897, 0.00568349
28898, 0.00568366
28899, 0.00568383
28900, 0.00568401
28901, 0.00568418
28902, 0.00568435
28903, 0.00568453
28904, 0.00568470
28905, 0.00568487
28906, 0.00568505
28907, 0.00568522
28908, 0.00568539
28909, 0.00568557
28910, 0.00568574
28911, 0.00568591
28912, 0.00568608
28913, 0.00568626
28914, 0.00568643
28915, 0.00568660
28916, 0.00568678
28917, 0.00568695
28918, 0.00568712
28919, 0.00568729
28920, 0.00568747
28921, 0.00568764
28922, 0.00568781
28923, 0.00568799
28924, 0.00568816
28925, 0.00568833
28926, 0.00568851
28927, 0.00568868
28928, 0.00568886
28929, 0.00568903
28930, 0.00568921
28931, 0.00568938
28932, 0.00568955
28933, 0.00568973
28934, 0.00568990
28935, 0.00569007
28936, 0.00569024
28937, 0.00569041
28938, 0.00569059
28939, 0.00569076
28940, 0.00569094
28941, 0.00569111
28942, 0.00569128
28943, 0.00569145
28944, 0.00569163
28945, 0.00569180
28946, 0.00569197
28947, 0.00569214
28948, 0.00569232
28949, 0.00569249
28950, 0.00569267
28951, 0.00569284
28952, 0.00569301
28953, 0.00569319
28954, 0.00569336
28955, 0.00569353
28956, 0.00569371
28957, 0.00569388
28958, 0.00569405
28959, 0.00569423
28960, 0.00569440
28961, 0.00569457
28962, 0.00569475
28963, 0.00569492
28964, 0.00569509
28965, 0.00569527
28966, 0.00569544
28967, 0.00569561
28968, 0.00569579
28969, 0.00569596
28970, 0.00569614
28971, 0.00569631
28972, 0.00569648
28973, 0.00569666
28974, 0.00569683
28975, 0.00569700
28976, 0.00569718
28977, 0.00569735
28978, 0.00569753
28979, 0.00569770
28980, 0.00569787
28981, 0.00569805
28982, 0.00569822
28983, 0.00569839
28984, 0.00569859
28985, 0.00570097
28986, 0.00570117
28987, 0.00570135
28988, 0.00570153
28989, 0.00570170
28990, 0.00570188
28991, 0.00570205
28992, 0.00570223
28993, 0.00570240
28994, 0.00570258
28995, 0.00570275
28996, 0.00570292
28997, 0.00570310
28998, 0.00570327
28999, 0.00570344
29000, 0.00570362
29001, 0.00570379
29002, 0.00570396
29003, 0.00570414
29004, 0.00570431
29005, 0.00570449
29006, 0.00570466
29007, 0.00570484
29008, 0.00570501
29009, 0.00570518
29010, 0.00570536
29011, 0.00570553
29012, 0.00570571
29013, 0.00570588
29014, 0.00570606
29015, 0.00570623
29016, 0.00570640
29017, 0.00570658
29018, 0.00570675
29019, 0.00570693
29020, 0.00570710
29021, 0.00570728
29022, 0.00570745
29023, 0.00570763
29024, 0.00570780
29025, 0.00570798
29026, 0.00570815
29027, 0.00570837
29028, 0.00570854
29029, 0.00570872
29030, 0.00570890
29031, 0.00570907
29032, 0.00570924
29033, 0.00570941
29034, 0.00570959
29035, 0.00570976
29036, 0.00570994
29037, 0.00571011
29038, 0.00571029
29039, 0.00571046
29040, 0.00571063
29041, 0.00571081
29042, 0.00571099
29043, 0.00571116
29044, 0.00571134
29045, 0.00571151
29046, 0.00571169
29047, 0.00571186
29048, 0.00571204
29049, 0.00571222
29050, 0.00571239
29051, 0.00571256
29052, 0.00571274
29053, 0.00571292
29054, 0.00571309
29055, 0.00571326
29056, 0.00571346
29057, 0.00571363
29058, 0.00571381
29059, 0.00573025
29060, 0.00573045
29061, 0.00573063
29062, 0.00573080
29063, 0.00573098
29064, 0.00573116
29065, 0.00573134
29066, 0.00573152
29067, 0.00573170
29068, 0.00573188
29069, 0.00573206
29070, 0.00573223
29071, 0.00573241
29072, 0.00573259
29073, 0.00573276
29074, 0.00573294
29075, 0.00573312
29076, 0.00573329
29077, 0.00573347
29078, 0.00573364
29079, 0.00573382
29080, 0.00573400
29081, 0.00573417
29082, 0.00573434
29083, 0.00573452
29084, 0.00573470
29085, 0.00573487
29086, 0.00573505
29087, 0.00573522
29088, 0.00573540
29089, 0.00573557
29090, 0.00573575
29091, 0.00573593
29092, 0.00573610
29093, 0.00573628
29094, 0.00573645
29095, 0.00573662
29096, 0.00573680
29097, 0.00573697
29098, 0.00573715
29099, 0.00573732
29100, 0.00573750
29101, 0.00573767
29102, 0.00573784
29103, 0.00573801
29104, 0.00573819
29105, 0.00573837
29106, 0.00573854
29107, 0.00573872
29108, 0.00573889
29109, 0.00573906
29110, 0.00573927
29111, 0.00574382
29112, 0.00574403
29113, 0.00574422
29114, 0.00574441
29115, 0.00574459
29116, 0.00574478
29117, 0.00574496
29118, 0.00574514
29119, 0.00574533
29120, 0.00574551
29121, 0.00574569
29122, 0.00574587
29123, 0.00574605
29124, 0.00574624
29125, 0.00574642
29126, 0.00574660
29127, 0.00574678
29128, 0.00574697
29129, 0.00574715
29130, 0.00574734
29131, 0.00574752
29132, 0.00574770
29133, 0.00574789
29134, 0.00574807
29135, 0.00574825
29136, 0.00574843
29137, 0.00574862
29138, 0.00574880
29139, 0.00574898
29140, 0.00574916
29141, 0.00574934
29142, 0.00574953
29143, 0.00574971
29144, 0.00574989
29145, 0.00575007
29146, 0.00575024
29147, 0.00575042
29148, 0.00575059
29149, 0.00575077
29150, 0.00575094
29151, 0.00575111
29152, 0.00575128
29153, 0.00575145
29154, 0.00575162
29155, 0.00575180
29156, 0.00575197
29157, 0.00575215
29158, 0.00575232
29159, 0.00575249
29160, 0.00575266
29161, 0.00575283
29162, 0.00575300
29163, 0.00575317
29164, 0.00575334
29165, 0.00575352
29166, 0.00575369
29167, 0.00575386
29168, 0.00575403
29169, 0.00575420
29170, 0.00575437
29171, 0.00575455
29172, 0.00575472
29173, 0.00575489
29174, 0.00575506
29175, 0.00575523
29176, 0.00575540
29177, 0.00575558
29178, 0.00575575
29179, 0.00575592
29180, 0.00575609
29181, 0.00575626
29182, 0.00575643
29183, 0.00575660
29184, 0.00575677
29185, 0.00575694
29186, 0.00575711
29187, 0.00575728
29188, 0.00575746
29189, 0.00575763
29190, 0.00575780
29191, 0.00575804
29192, 0.00575821
29193, 0.00575838
29194, 0.00575855
29195, 0.00575872
29196, 0.00575890
29197, 0.00575907
29198, 0.00575924
29199, 0.00575948
29200, 0.00575965
29201, 0.00575983
29202, 0.00576000
29203, 0.00576017
29204, 0.00576034
29205, 0.00576051
29206, 0.00576069
29207, 0.00576092
29208, 0.00576109
29209, 0.00576126
29210, 0.00576143
29211, 0.00576161
29212, 0.00576178
29213, 0.00576195
29214, 0.00576212
29215, 0.00576238
29216, 0.00576255
29217, 0.00576273
29218, 0.00576290
29219, 0.00576307
29220, 0.00576324
29221, 0.00576341
29222, 0.00576358
29223, 0.00576383
29224, 0.00576400
29225, 0.00576417
29226, 0.00576434
29227, 0.00576451
29228, 0.00576469
29229, 0.00576486
29230, 0.00576503
29231, 0.00576527
29232, 0.00576544
29233, 0.00576561
29234, 0.00576578
29235, 0.00576596
29236, 0.00576616
29237, 0.00576838
29238, 0.00576858
29239, 0.00576885
29240, 0.00576902
29241, 0.00576920
29242, 0.00576937
29243, 0.00576955
29244, 0.00576972
29245, 0.00576990
29246, 0.00577008
29247, 0.00577031
29248, 0.00577049
29249, 0.00577066
29250, 0.00577083
29251, 0.00577100
29252, 0.00577117
29253, 0.00577135
29254, 0.00577152
29255, 0.00577170
29256, 0.00577187
29257, 0.00577205
29258, 0.00577222
29259, 0.00577239
29260, 0.00577256
29261, 0.00577273
29262, 0.00577291
29263, 0.00577308
29264, 0.00577325
29265, 0.00577342
29266, 0.00577359
29267, 0.00577376
29268, 0.00577394
29269, 0.00577411
29270, 0.00577428
29271, 0.00577445
29272, 0.00577463
29273, 0.00577480
29274, 0.00577497
29275, 0.00577514
29276, 0.00577531
29277, 0.00577548
29278, 0.00577565
29279, 0.00577582
29280, 0.00577599
29281, 0.00577618
29282, 0.00577635
29283, 0.00577653
29284, 0.00577670
29285, 0.00577687
29286, 0.00577705
29287, 0.00577723
29288, 0.00577740
29289, 0.00577757
29290, 0.00577775
29291, 0.00577792
29292, 0.00577809
29293, 0.00577827
29294, 0.00577844
29295, 0.00577861
29296, 0.00577879
29297, 0.00577896
29298, 0.00577914
29299, 0.00577931
29300, 0.00577948
29301, 0.00577966
29302, 0.00577983
29303, 0.00578001
29304, 0.00578018
29305, 0.00578036
29306, 0.00578053
29307, 0.00578070
29308, 0.00578088
29309, 0.00578105
29310, 0.00578123
29311, 0.00578140
29312, 0.00578157
29313, 0.00578175
29314, 0.00578192
29315, 0.00578209
29316, 0.00578227
29317, 0.00578244
29318, 0.00578262
29319, 0.00578280
29320, 0.00578296
29321, 0.00578314
29322, 0.00578331
29323, 0.00578348
29324, 0.00578366
29325, 0.00578383
29326, 0.00578401
29327, 0.00578418
29328, 0.00578436
29329, 0.00578453
29330, 0.00578471
29331, 0.00578488
29332, 0.00578506
29333, 0.00578523
29334, 0.00578540
29335, 0.00578558
29336, 0.00578576
29337, 0.00578593
29338, 0.00578611
29339, 0.00578628
29340, 0.00578645
29341, 0.00578663
29342, 0.00578680
29343, 0.00578698
29344, 0.00578715
29345, 0.00578733
29346, 0.00578750
29347, 0.00578767
29348, 0.00578784
29349, 0.00578801
29350, 0.00578819
29351, 0.00578836
29352, 0.00578854
29353, 0.00578871
29354, 0.00578889
29355, 0.00578906
29356, 0.00578925
29357, 0.00578943
29358, 0.00578962
29359, 0.00578982
29360, 0.00578999
29361, 0.00579018
29362, 0.00579040
29363, 0.00579281
29364, 0.00579302
29365, 0.00579319
29366, 0.00579337
29367, 0.00579355
29368, 0.00579372
29369, 0.00579389
29370, 0.00579407
29371, 0.00579423
29372, 0.00579441
29373, 0.00579458
29374, 0.00579476
29375, 0.00579493
29376, 0.00579510
29377, 0.00579528
29378, 0.00579544
29379, 0.00579562
29380, 0.00579579
29381, 0.00579597
29382, 0.00579614
29383, 0.00579631
29384, 0.00579648
29385, 0.00579665
29386, 0.00579682
29387, 0.00579700
29388, 0.00579717
29389, 0.00579735
29390, 0.00579753
29391, 0.00579770
29392, 0.00579787
29393, 0.00579805
29394, 0.00579822
29395, 0.00579839
29396, 0.00579856
29397, 0.00579873
29398, 0.00579891
29399, 0.00579908
29400, 0.00579926
29401, 0.00579943
29402, 0.00579961
29403, 0.00579978
29404, 0.00579995
29405, 0.00580012
29406, 0.00580029
29407, 0.00580047
29408, 0.00580064
29409, 0.00580082
29410, 0.00580099
29411, 0.00580117
29412, 0.00580134
29413, 0.00580151
29414, 0.00580169
29415, 0.00580186
29416, 0.00580204
29417, 0.00580222
29418, 0.00580239
29419, 0.00580257
29420, 0.00580274
29421, 0.00580291
29422, 0.00580308
29423, 0.00580325
29424, 0.00580343
29425, 0.00580361
29426, 0.00580378
29427, 0.00580395
29428, 0.00580413
29429, 0.00580430
29430, 0.00580447
29431, 0.00580465
29432, 0.00580482
29433, 0.00580500
29434, 0.00580517
29435, 0.00580535
29436, 0.00580552
29437, 0.00580570
29438, 0.00580587
29439, 0.00580604
29440, 0.00580622
29441, 0.00580639
29442, 0.00580657
29443, 0.00580674
29444, 0.00580692
29445, 0.00580709
29446, 0.00580726
29447, 0.00580743
29448, 0.00580761
29449, 0.00580778
29450, 0.00580795
29451, 0.00580812
29452, 0.00580829
29453, 0.00580846
29454, 0.00580863
29455, 0.00580881
29456, 0.00580898
29457, 0.00580916
29458, 0.00580933
29459, 0.00580951
29460, 0.00580969
29461, 0.00580986
29462, 0.00581004
29463, 0.00581021
29464, 0.00581038
29465, 0.00581056
29466, 0.00581074
29467, 0.00581092
29468, 0.00581110
29469, 0.00581129
29470, 0.00581146
29471, 0.00581163
29472, 0.00581181
29473, 0.00581198
29474, 0.00581215
29475, 0.00581233
29476, 0.00581250
29477, 0.00581267
29478, 0.00581284
29479, 0.00581302
29480, 0.00581319
29481, 0.00581336
29482, 0.00581353
29483, 0.00581371
29484, 0.00581388
29485, 0.00581405
29486, 0.00581422
29487, 0.00581439
29488, 0.00581458
29489, 0.00581683
29490, 0.00581703
29491, 0.00581721
29492, 0.00581739
29493, 0.00581757
29494, 0.00581774
29495, 0.00581792
29496, 0.00581809
29497, 0.00581826
29498, 0.00581844
29499, 0.00581861
29500, 0.00581879
29501, 0.00581896
29502, 0.00581913
29503, 0.00581931
29504, 0.00581948
29505, 0.00581965
29506, 0.00581982
29507, 0.00581999
29508, 0.00582016
29509, 0.00582033
29510, 0.00582050
29511, 0.00582067
29512, 0.00582085
29513, 0.00582102
29514, 0.00582120
29515, 0.00582137
29516, 0.00582154
29517, 0.00582175
29518, 0.00582192
29519, 0.00582210
29520, 0.00582227
29521, 0.00582245
29522, 0.00582262
29523, 0.00582279
29524, 0.00582297
29525, 0.00582314
29526, 0.00582331
29527, 0.00582348
29528, 0.00582366
29529, 0.00582383
29530, 0.00582400
29531, 0.00582418
29532, 0.00582435
29533, 0.00582452
29534, 0.00582469
29535, 0.00582487
29536, 0.00582504
29537, 0.00582521
29538, 0.00582538
29539, 0.00582555
29540, 0.00582572
29541, 0.00582589
29542, 0.00582607
29543, 0.00582624
29544, 0.00582642
29545, 0.00582659
29546, 0.00582676
29547, 0.00582693
29548, 0.00582710
29549, 0.00582727
29550, 0.00582744
29551, 0.00582762
29552, 0.00582779
29553, 0.00582796
29554, 0.00582813
29555, 0.00582830
29556, 0.00582847
29557, 0.00582864
29558, 0.00582881
29559, 0.00582899
29560, 0.00582916
29561, 0.00582934
29562, 0.00582951
29563, 0.00582968
29564, 0.00582985
29565, 0.00583002
29566, 0.00583019
29567, 0.00583037
29568, 0.00583054
29569, 0.00583071
29570, 0.00583089
29571, 0.00583106
29572, 0.00583123
29573, 0.00583141
29574, 0.00583158
29575, 0.00583175
29576, 0.00583192
29577, 0.00583209
29578, 0.00583227
29579, 0.00583244
29580, 0.00583261
29581, 0.00583279
29582, 0.00583297
29583, 0.00583314
29584, 0.00583331
29585, 0.00583348
29586, 0.00583365
29587, 0.00583382
29588, 0.00583400
29589, 0.00583417
29590, 0.00583434
29591, 0.00583451
29592, 0.00583468
29593, 0.00583485
29594, 0.00583502
29595, 0.00583519
29596, 0.00583536
29597, 0.00583554
29598, 0.00583570
29599, 0.00583587
29600, 0.00583605
29601, 0.00583622
29602, 0.00583639
29603, 0.00583656
29604, 0.00583672
29605, 0.00583689
29606, 0.00583706
29607, 0.00583723
29608, 0.00583740
29609, 0.00583757
29610, 0.00583774
29611, 0.00583791
29612, 0.00583808
29613, 0.00583825
29614, 0.00583845
29615, 0.00584070
29616, 0.00584090
29617, 0.00584109
29618, 0.00584126
29619, 0.00584144
29620, 0.00584161
29621, 0.00584179
29622, 0.00584197
29623, 0.00584215
29624, 0.00584233
29625, 0.00584251
29626, 0.00584268
29627, 0.00584286
29628, 0.00584303
29629, 0.00584321
29630, 0.00584338
29631, 0.00584355
29632, 0.00584373
29633, 0.00584390
29634, 0.00584408
29635, 0.00584425
29636, 0.00584444
29637, 0.00584461
29638, 0.00584478
29639, 0.00584495
29640, 0.00584513
29641, 0.00584530
29642, 0.00584547
29643, 0.00584564
29644, 0.00584582
29645, 0.00584599
29646, 0.00584616
29647, 0.00584633
29648, 0.00584650
29649, 0.00584667
29650, 0.00584684
29651, 0.00584701
29652, 0.00584718
29653, 0.00584736
29654, 0.00584753
29655, 0.00584770
29656, 0.00584787
29657, 0.00584804
29658, 0.00584821
29659, 0.00584839
29660, 0.00584856
29661, 0.00584874
29662, 0.00584891
29663, 0.00584908
29664, 0.00584925
29665, 0.00584942
29666, 0.00584959
29667, 0.00584977
29668, 0.00584994
29669, 0.00585011
29670, 0.00585028
29671, 0.00585046
29672, 0.00585063
29673, 0.00585080
29674, 0.00585097
29675, 0.00585114
29676, 0.00585131
29677, 0.00585149
29678, 0.00585166
29679, 0.00585183
29680, 0.00585200
29681, 0.00585217
29682, 0.00585235
29683, 0.00585252
29684, 0.00585269
29685, 0.00585287
29686, 0.00585304
29687, 0.00585321
29688, 0.00585339
29689, 0.00585356
29690, 0.00585373
29691, 0.00585390
29692, 0.00585407
29693, 0.00585424
29694, 0.00585441
29695, 0.00585459
29696, 0.00585476
29697, 0.00585493
29698, 0.00585510
29699, 0.00585527
29700, 0.00585545
29701, 0.00585562
29702, 0.00585579
29703, 0.00585602
29704, 0.00585619
29705, 0.00585637
29706, 0.00585654
29707, 0.00585671
29708, 0.00585688
29709, 0.00585705
29710, 0.00585723
29711, 0.00585746
29712, 0.00585763
29713, 0.00585780
29714, 0.00585797
29715, 0.00585815
29716, 0.00585832
29717, 0.00585849
29718, 0.00585867
29719, 0.00585890
29720, 0.00585907
29721, 0.00585924
29722, 0.00585942
29723, 0.00585959
29724, 0.00585976
29725, 0.00585994
29726, 0.00586011
29727, 0.00586035
29728, 0.00586052
29729, 0.00586069
29730, 0.00586086
29731, 0.00586104
29732, 0.00586121
29733, 0.00586138
29734, 0.00586155
29735, 0.00586179
29736, 0.00586197
29737, 0.00586214
29738, 0.00586231
29739, 0.00586249
29740, 0.00586269
29741, 0.00586504
29742, 0.00586525
29743, 0.00586550
29744, 0.00586567
29745, 0.00586585
29746, 0.00586603
29747, 0.00586620
29748, 0.00586638
29749, 0.00586655
29750, 0.00586673
29751, 0.00586700
29752, 0.00586717
29753, 0.00586735
29754, 0.00586752
29755, 0.00586770
29756, 0.00586787
29757, 0.00586804
29758, 0.00586822
29759, 0.00586846
29760, 0.00586864
29761, 0.00586881
29762, 0.00586898
29763, 0.00586916
29764, 0.00586933
29765, 0.00586951
29766, 0.00586968
29767, 0.00586986
29768, 0.00587004
29769, 0.00587022
29770, 0.00587039
29771, 0.00587057
29772, 0.00587075
29773, 0.00587092
29774, 0.00587110
29775, 0.00587128
29776, 0.00587145
29777, 0.00587162
29778, 0.00587180
29779, 0.00587197
29780, 0.00587215
29781, 0.00587232
29782, 0.00587250
29783, 0.00587267
29784, 0.00587285
29785, 0.00587303
29786, 0.00587320
29787, 0.00587338
29788, 0.00587356
29789, 0.00587373
29790, 0.00587391
29791, 0.00587409
29792, 0.00587426
29793, 0.00587443
29794, 0.00587461
29795, 0.00587478
29796, 0.00587496
29797, 0.00587513
29798, 0.00587531
29799, 0.00587548
29800, 0.00587566
29801, 0.00587584
29802, 0.00587601
29803, 0.00587619
29804, 0.00587637
29805, 0.00587654
29806, 0.00587672
29807, 0.00587690
29808, 0.00587707
29809, 0.00587725
29810, 0.00587742
29811, 0.00587760
29812, 0.00587777
29813, 0.00587795
29814, 0.00587813
29815, 0.00587830
29816, 0.00587847
29817, 0.00587865
29818, 0.00587883
29819, 0.00587902
29820, 0.00587919
29821, 0.00587936
29822, 0.00587953
29823, 0.00587970
29824, 0.00587987
29825, 0.00588005
29826, 0.00588022
29827, 0.00588040
29828, 0.00588057
29829, 0.00588074
29830, 0.00588091
29831, 0.00588108
29832, 0.00588125
29833, 0.00588143
29834, 0.00588160
29835, 0.00588177
29836, 0.00588194
29837, 0.00588211
29838, 0.00588229
29839, 0.00588246
29840, 0.00588263
29841, 0.00588280
29842, 0.00588297
29843, 0.00588314
29844, 0.00588332
29845, 0.00588349
29846, 0.00588366
29847, 0.00588384
29848, 0.00588401
29849, 0.00588418
29850, 0.00588435
29851, 0.00588452
29852, 0.00588470
29853, 0.00588487
29854, 0.00588504
29855, 0.00588521
29856, 0.00588538
29857, 0.00588555
29858, 0.00588573
29859, 0.00588590
29860, 0.00588607
29861, 0.00588624
29862, 0.00588642
29863, 0.00588659
29864, 0.00588676
29865, 0.00588693
29866, 0.00588713
29867, 0.00588937
29868, 0.00588957
29869, 0.00588974
29870, 0.00588992
29871, 0.00589009
29872, 0.00589026
29873, 0.00589043
29874, 0.00589061
29875, 0.00589079
29876, 0.00589097
29877, 0.00589114
29878, 0.00589132
29879, 0.00589149
29880, 0.00589166
29881, 0.00589183
29882, 0.00589200
29883, 0.00589218
29884, 0.00589235
29885, 0.00589252
29886, 0.00589270
29887, 0.00589287
29888, 0.00589304
29889, 0.00589321
29890, 0.00589338
29891, 0.00589356
29892, 0.00589373
29893, 0.00589390
29894, 0.00589407
29895, 0.00589425
29896, 0.00589442
29897, 0.00589460
29898, 0.00589477
29899, 0.00589494
29900, 0.00589512
29901, 0.00589529
29902, 0.00589546
29903, 0.00589563
29904, 0.00589580
29905, 0.00589597
29906, 0.00589614
29907, 0.00589632
29908, 0.00589648
29909, 0.00589665
29910, 0.00589682
29911, 0.00589700
29912, 0.00589718
29913, 0.00589735
29914, 0.00589752
29915, 0.00589769
29916, 0.00589786
29917, 0.00589803
29918, 0.00589820
29919, 0.00589837
29920, 0.00589854
29921, 0.00589871
29922, 0.00589888
29923, 0.00589905
29924, 0.00589922
29925, 0.00589939
29926, 0.00589956
29927, 0.00589973
29928, 0.00589990
29929, 0.00590007
29930, 0.00590024
29931, 0.00590041
29932, 0.00590058
29933, 0.00590075
29934, 0.00590092
29935, 0.00590109
29936, 0.00590126
29937, 0.00590143
29938, 0.00590161
29939, 0.00590178
29940, 0.00590195
29941, 0.00590212
29942, 0.00590229
29943, 0.00590246
29944, 0.00590263
29945, 0.00590280
29946, 0.00590297
29947, 0.00590314
29948, 0.00590331
29949, 0.00590348
29950, 0.00590365
29951, 0.00590382
29952, 0.00590399
29953, 0.00590416
29954, 0.00590433
29955, 0.00590450
29956, 0.00590467
29957, 0.00590484
29958, 0.00590501
29959, 0.00590518
29960, 0.00590535
29961, 0.00590552
29962, 0.00590569
29963, 0.00590586
29964, 0.00590603
29965, 0.00590620
29966, 0.00590637
29967, 0.00590654
29968, 0.00590671
29969, 0.00590688
29970, 0.00590705
29971, 0.00590722
29972, 0.00590739
29973, 0.00590756
29974, 0.00590773
29975, 0.00590790
29976, 0.00590807
29977, 0.00590824
29978, 0.00590841
29979, 0.00590859
29980, 0.00590876
29981, 0.00590893
29982, 0.00590910
29983, 0.00590926
29984, 0.00590943
29985, 0.00590961
29986, 0.00590978
29987, 0.00590995
29988, 0.00591012
29989, 0.00591029
29990, 0.00591046
29991, 0.00591063
29992, 0.00591082
29993, 0.00591309
29994, 0.00591329
29995, 0.00591348
29996, 0.00591366
29997, 0.00591384
29998, 0.00591403
29999, 0.00591421
30000, 0.00591439
30001, 0.00591458
30002, 0.00591476
30003, 0.00591494
30004, 0.00591512
30005, 0.00591531
30006, 0.00591549
30007, 0.00591567
30008, 0.00591585
30009, 0.00591604
30010, 0.00591622
30011, 0.00591640
30012, 0.00591658
30013, 0.00591677
30014, 0.00591695
30015, 0.00591713
30016, 0.00591731
30017, 0.00591749
30018, 0.00591768
30019, 0.00591786
30020, 0.00591804
30021, 0.00591822
30022, 0.00591841
30023, 0.00591859
30024, 0.00591877
30025, 0.00591895
30026, 0.00591914
30027, 0.00591932
30028, 0.00591950
30029, 0.00591969
30030, 0.00591987
30031, 0.00592005
30032, 0.00592023
30033, 0.00592041
30034, 0.00592059
30035, 0.00592077
30036, 0.00592096
30037, 0.00592114
30038, 0.00592132
30039, 0.00592150
30040, 0.00592168
30041, 0.00592187
30042, 0.00592205
30043, 0.00592223
30044, 0.00592242
30045, 0.00592260
30046, 0.00592278
30047, 0.00592296
30048, 0.00592315
30049, 0.00592333
30050, 0.00592351
30051, 0.00592369
30052, 0.00592388
30053, 0.00592406
30054, 0.00592424
30055, 0.00592443
30056, 0.00592461
30057, 0.00592479
30058, 0.00592497
30059, 0.00592515
30060, 0.00592534
30061, 0.00592552
30062, 0.00592571
30063, 0.00592589
30064, 0.00592607
30065, 0.00592626
30066, 0.00592644
30067, 0.00592663
30068, 0.00592681
30069, 0.00592699
30070, 0.00592717
30071, 0.00592735
30072, 0.00592754
30073, 0.00592772
30074, 0.00592790
30075, 0.00592808
30076, 0.00592827
30077, 0.00592845
30078, 0.00592863
30079, 0.00592881
30080, 0.00592900
30081, 0.00592918
30082, 0.00592936
30083, 0.00592954
30084, 0.00592973
30085, 0.00592991
30086, 0.00593009
30087, 0.00593028
30088, 0.00593046
30089, 0.00593064
30090, 0.00593083
30091, 0.00593101
30092, 0.00593119
30093, 0.00593137
30094, 0.00593156
30095, 0.00593174
30096, 0.00593192
30097, 0.00593211
30098, 0.00593229
30099, 0.00593247
30100, 0.00593265
30101, 0.00593284
30102, 0.00593302
30103, 0.00593321
30104, 0.00593339
30105, 0.00593357
30106, 0.00593375
30107, 0.00593394
30108, 0.00593412
30109, 0.00593430
30110, 0.00593449
30111, 0.00593467
30112, 0.00593485
30113, 0.00593504
30114, 0.00593522
30115, 0.00593540
30116, 0.00593558
30117, 0.00593576
30118, 0.00593597
30119, 0.00593822
30120, 0.00593843
30121, 0.00593861
30122, 0.00593879
30123, 0.00593897
30124, 0.00593915
30125, 0.00593932
30126, 0.00593950
30127, 0.00593968
30128, 0.00593985
30129, 0.00594003
30130, 0.00594020
30131, 0.00594037
30132, 0.00594055
30133, 0.00594072
30134, 0.00594090
30135, 0.00594107
30136, 0.00594124
30137, 0.00594142
30138, 0.00594159
30139, 0.00594177
30140, 0.00594194
30141, 0.00594212
30142, 0.00594230
30143, 0.00594247
30144, 0.00594265
30145, 0.00594283
30146, 0.00594300
30147, 0.00594318
30148, 0.00594335
30149, 0.00594352
30150, 0.00594369
30151, 0.00594387
30152, 0.00594405
30153, 0.00594422
30154, 0.00594440
30155, 0.00594457
30156, 0.00594475
30157, 0.00594492
30158, 0.00594510
30159, 0.00594527
30160, 0.00594545
30161, 0.00594563
30162, 0.00594580
30163, 0.00594598
30164, 0.00594615
30165, 0.00594633
30166, 0.00594650
30167, 0.00594668
30168, 0.00594685
30169, 0.00594703
30170, 0.00594720
30171, 0.00594738
30172, 0.00594756
30173, 0.00594773
30174, 0.00594791
30175, 0.00594808
30176, 0.00594826
30177, 0.00594843
30178, 0.00594861
30179, 0.00594878
30180, 0.00594895
30181, 0.00594913
30182, 0.00594930
30183, 0.00594947
30184, 0.00594964
30185, 0.00594982
30186, 0.00594999
30187, 0.00595016
30188, 0.00595033
30189, 0.00595050
30190, 0.00595067
30191, 0.00595085
30192, 0.00595102
30193, 0.00595119
30194, 0.00595136
30195, 0.00595153
30196, 0.00595170
30197, 0.00595187
30198, 0.00595205
30199, 0.00595222
30200, 0.00595239
30201, 0.00595256
30202, 0.00595273
30203, 0.00595290
30204, 0.00595307
30205, 0.00595325
30206, 0.00595342
30207, 0.00595368
30208, 0.00595386
30209, 0.00595403
30210, 0.00595420
30211, 0.00595437
30212, 0.00595454
30213, 0.00595471
30214, 0.00595488
30215, 0.00595512
30216, 0.00595529
30217, 0.00595546
30218, 0.00595563
30219, 0.00595580
30220, 0.00595597
30221, 0.00595614
30222, 0.00595631
30223, 0.00595655
30224, 0.00595672
30225, 0.00595689
30226, 0.00595706
30227, 0.00595723
30228, 0.00595741
30229, 0.00595758
30230, 0.00595775
30231, 0.00595799
30232, 0.00595815
30233, 0.00595833
30234, 0.00595850
30235, 0.00595867
30236, 0.00595884
30237, 0.00595901
30238, 0.00595918
30239, 0.00595942
30240, 0.00595959
30241, 0.00595976
30242, 0.00595993
30243, 0.00596010
30244, 0.00596029
30245, 0.00596249
30246, 0.00596270
30247, 0.00596295
30248, 0.00596313
30249, 0.00596331
30250, 0.00596348
30251, 0.00596365
30252, 0.00596383
30253, 0.00596400
30254, 0.00596418
30255, 0.00596442
30256, 0.00596460
30257, 0.00596478
30258, 0.00596496
30259, 0.00596513
30260, 0.00596531
30261, 0.00596548
30262, 0.00596566
30263, 0.00596590
30264, 0.00596608
30265, 0.00596625
30266, 0.00596642
30267, 0.00596659
30268, 0.00596676
30269, 0.00596693
30270, 0.00596711
30271, 0.00596734
30272, 0.00596751
30273, 0.00596768
30274, 0.00596785
30275, 0.00596802
30276, 0.00596820
30277, 0.00596837
30278, 0.00596854
30279, 0.00596879
30280, 0.00596897
30281, 0.00596914
30282, 0.00596931
30283, 0.00596949
30284, 0.00596966
30285, 0.00596984
30286, 0.00597001
30287, 0.00597018
30288, 0.00597036
30289, 0.00597053
30290, 0.00597070
30291, 0.00597087
30292, 0.00597105
30293, 0.00597122
30294, 0.00597139
30295, 0.00597156
30296, 0.00597173
30297, 0.00597190
30298, 0.00597208
30299, 0.00597225
30300, 0.00597242
30301, 0.00597259
30302, 0.00597276
30303, 0.00597294
30304, 0.00597311
30305, 0.00597328
30306, 0.00597345
30307, 0.00597362
30308, 0.00597379
30309, 0.00597396
30310, 0.00597413
30311, 0.00597430
30312, 0.00597448
30313, 0.00597465
30314, 0.00597483
30315, 0.00597500
30316, 0.00597517
30317, 0.00597534
30318, 0.00597552
30319, 0.00597569
30320, 0.00597586
30321, 0.00597604
30322, 0.00597621
30323, 0.00597638
30324, 0.00597656
30325, 0.00597673
30326, 0.00597689
30327, 0.00597706
30328, 0.00597724
30329, 0.00597741
30330, 0.00597758
30331, 0.00597775
30332, 0.00597793
30333, 0.00597810
30334, 0.00597827
30335, 0.00597845
30336, 0.00597862
30337, 0.00597879
30338, 0.00597896
30339, 0.00597913
30340, 0.00597931
30341, 0.00597948
30342, 0.00597966
30343, 0.00597983
30344, 0.00598000
30345, 0.00598018
30346, 0.00598035
30347, 0.00598052
30348, 0.00598070
30349, 0.00598087
30350, 0.00598104
30351, 0.00598121
30352, 0.00598138
30353, 0.00598156
30354, 0.00598173
30355, 0.00598191
30356, 0.00598208
30357, 0.00598225
30358, 0.00598242
30359, 0.00598260
30360, 0.00598277
30361, 0.00598294
30362, 0.00598311
30363, 0.00598329
30364, 0.00598346
30365, 0.00598364
30366, 0.00598381
30367, 0.00598398
30368, 0.00598416
30369, 0.00598433
30370, 0.00598452
30371, 0.00598679
30372, 0.00598699
30373, 0.00598718
30374, 0.00598736
30375, 0.00598753
30376, 0.00598771
30377, 0.00598788
30378, 0.00598805
30379, 0.00598823
30380, 0.00598840
30381, 0.00598858
30382, 0.00598876
30383, 0.00598893
30384, 0.00598911
30385, 0.00598928
30386, 0.00598946
30387, 0.00598963
30388, 0.00598981
30389, 0.00598998
30390, 0.00599016
30391, 0.00599033
30392, 0.00599050
30393, 0.00599067
30394, 0.00599085
30395, 0.00599102
30396, 0.00599120
30397, 0.00599138
30398, 0.00599155
30399, 0.00599173
30400, 0.00599190
30401, 0.00599208
30402, 0.00599225
30403, 0.00599243
30404, 0.00599260
30405, 0.00599277
30406, 0.00599295
30407, 0.00599312
30408, 0.00599330
30409, 0.00599347
30410, 0.00599365
30411, 0.00599382
30412, 0.00599400
30413, 0.00599417
30414, 0.00599435
30415, 0.00599452
30416, 0.00599469
30417, 0.00599487
30418, 0.00599504
30419, 0.00599521
30420, 0.00599539
30421, 0.00599556
30422, 0.00599573
30423, 0.00599591
30424, 0.00599609
30425, 0.00599626
30426, 0.00599644
30427, 0.00599661
30428, 0.00599679
30429, 0.00599696
30430, 0.00599714
30431, 0.00599731
30432, 0.00599749
30433, 0.00599766
30434, 0.00599784
30435, 0.00599801
30436, 0.00599819
30437, 0.00599836
30438, 0.00599854
30439, 0.00599871
30440, 0.00599888
30441, 0.00599905
30442, 0.00599923
30443, 0.00599940
30444, 0.00599957
30445, 0.00599975
30446, 0.00599992
30447, 0.00600010
30448, 0.00600027
30449, 0.00600045
30450, 0.00600062
30451, 0.00600079
30452, 0.00600097
30453, 0.00600114
30454, 0.00600132
30455, 0.00600149
30456, 0.00600167
30457, 0.00600185
30458, 0.00600202
30459, 0.00600219
30460, 0.00600236
30461, 0.00600254
30462, 0.00600272
30463, 0.00600289
30464, 0.00600307
30465, 0.00600324
30466, 0.00600341
30467, 0.00600359
30468, 0.00600376
30469, 0.00600393
30470, 0.00600411
30471, 0.00600428
30472, 0.00600446
30473, 0.00600463
30474, 0.00600480
30475, 0.00600497
30476, 0.00600515
30477, 0.00600532
30478, 0.00600549
30479, 0.00600567
30480, 0.00600584
30481, 0.00600601
30482, 0.00600618
30483, 0.00600636
30484, 0.00600653
30485, 0.00600670
30486, 0.00600688
30487, 0.00600705
30488, 0.00600723
30489, 0.00600740
30490, 0.00600758
30491, 0.00600775
30492, 0.00600792
30493, 0.00600809
30494, 0.00600827
30495, 0.00600844
30496, 0.00600864
30497, 0.00601101
30498, 0.00601121
30499, 0.00601139
30500, 0.00601156
30501, 0.00601173
30502, 0.00601191
30503, 0.00601208
30504, 0.00601225
30505, 0.00601242
30506, 0.00601259
30507, 0.00601280
30508, 0.00601298
30509, 0.00601315
30510, 0.00601332
30511, 0.00601350
30512, 0.00601367
30513, 0.00601385
30514, 0.00601402
30515, 0.00601420
30516, 0.00601437
30517, 0.00601454
30518, 0.00601471
30519, 0.00601489
30520, 0.00601507
30521, 0.00601524
30522, 0.00601541
30523, 0.00601559
30524, 0.00601576
30525, 0.00601594
30526, 0.00601611
30527, 0.00601629
30528, 0.00601646
30529, 0.00601663
30530, 0.00601681
30531, 0.00601698
30532, 0.00601715
30533, 0.00601733
30534, 0.00601750
30535, 0.00601767
30536, 0.00601785
30537, 0.00601802
30538, 0.00601820
30539, 0.00601837
30540, 0.00601855
30541, 0.00601872
30542, 0.00601890
30543, 0.00601907
30544, 0.00601924
30545, 0.00601941
30546, 0.00601959
30547, 0.00601976
30548, 0.00601993
30549, 0.00602010
30550, 0.00602028
30551, 0.00602045
30552, 0.00602062
30553, 0.00602079
30554, 0.00602096
30555, 0.00602114
30556, 0.00602131
30557, 0.00602148
30558, 0.00602165
30559, 0.00602182
30560, 0.00602200
30561, 0.00602217
30562, 0.00602235
30563, 0.00602252
30564, 0.00602269
30565, 0.00602286
30566, 0.00602303
30567, 0.00602321
30568, 0.00602338
30569, 0.00602355
30570, 0.00602373
30571, 0.00602390
30572, 0.00602407
30573, 0.00602425
30574, 0.00602442
30575, 0.00602459
30576, 0.00602476
30577, 0.00602494
30578, 0.00602511
30579, 0.00602529
30580, 0.00602546
30581, 0.00602563
30582, 0.00602580
30583, 0.00602598
30584, 0.00602615
30585, 0.00602632
30586, 0.00602649
30587, 0.00602667
30588, 0.00602684
30589, 0.00602701
30590, 0.00602718
30591, 0.00602735
30592, 0.00602752
30593, 0.00602769
30594, 0.00602786
30595, 0.00602804
30596, 0.00602821
30597, 0.00602838
30598, 0.00602855
30599, 0.00602872
30600, 0.00602889
30601, 0.00602906
30602, 0.00602923
30603, 0.00602941
30604, 0.00602958
30605, 0.00602975
30606, 0.00602992
30607, 0.00603010
30608, 0.00603027
30609, 0.00603045
30610, 0.00603062
30611, 0.00603079
30612, 0.00603097
30613, 0.00603114
30614, 0.00603131
30615, 0.00603149
30616, 0.00603166
30617, 0.00603183
30618, 0.00603200
30619, 0.00603217
30620, 0.00603235
30621, 0.00603252
30622, 0.00603272
30623, 0.00603491
30624, 0.00603509
30625, 0.00603527
30626, 0.00603544
30627, 0.00603561
30628, 0.00603579
30629, 0.00603596
30630, 0.00603614
30631, 0.00603632
30632, 0.00603650
30633, 0.00603668
30634, 0.00603685
30635, 0.00603702
30636, 0.00603720
30637, 0.00603737
30638, 0.00603754
30639, 0.00603772
30640, 0.00603790
30641, 0.00603807
30642, 0.00603825
30643, 0.00603843
30644, 0.00603860
30645, 0.00603878
30646, 0.00603895
30647, 0.00603913
30648, 0.00603930
30649, 0.00603948
30650, 0.00603966
30651, 0.00603983
30652, 0.00604001
30653, 0.00604018
30654, 0.00604035
30655, 0.00604053
30656, 0.00604070
30657, 0.00604088
30658, 0.00604105
30659, 0.00604123
30660, 0.00604140
30661, 0.00604158
30662, 0.00604176
30663, 0.00604193
30664, 0.00604211
30665, 0.00604228
30666, 0.00604246
30667, 0.00604263
30668, 0.00604281
30669, 0.00604298
30670, 0.00604316
30671, 0.00604334
30672, 0.00604351
30673, 0.00604368
30674, 0.00604386
30675, 0.00604403
30676, 0.00604421
30677, 0.00604438
30678, 0.00604455
30679, 0.00604473
30680, 0.00604490
30681, 0.00604508
30682, 0.00604526
30683, 0.00604543
30684, 0.00604561
30685, 0.00604578
30686, 0.00604596
30687, 0.00604613
30688, 0.00604631
30689, 0.00604648
30690, 0.00604666
30691, 0.00604683
30692, 0.00604701
30693, 0.00604718
30694, 0.00604736
30695, 0.00604757
30696, 0.00604775
30697, 0.00604793
30698, 0.00604811
30699, 0.00604828
30700, 0.00604846
30701, 0.00604864
30702, 0.00604882
30703, 0.00604899
30704, 0.00604917
30705, 0.00604934
30706, 0.00604952
30707, 0.00604969
30708, 0.00604986
30709, 0.00605004
30710, 0.00605022
30711, 0.00605039
30712, 0.00605057
30713, 0.00605074
30714, 0.00605092
30715, 0.00605109
30716, 0.00605126
30717, 0.00605143
30718, 0.00605162
30719, 0.00605179
30720, 0.00605197
30721, 0.00605214
30722, 0.00605232
30723, 0.00605250
30724, 0.00605267
30725, 0.00605285
30726, 0.00605302
30727, 0.00605341
30728, 0.00605358
30729, 0.00605376
30730, 0.00605393
30731, 0.00605411
30732, 0.00605428
30733, 0.00605447
30734, 0.00605465
30735, 0.00605489
30736, 0.00605508
30737, 0.00605526
30738, 0.00605544
30739, 0.00605562
30740, 0.00605579
30741, 0.00605596
30742, 0.00605614
30743, 0.00605638
30744, 0.00605656
30745, 0.00605674
30746, 0.00605691
30747, 0.00605709
30748, 0.00605729
30749, 0.00605950
30750, 0.00605971
30751, 0.00605996
30752, 0.00606014
30753, 0.00606032
30754, 0.00606049
30755, 0.00606067
30756, 0.00606084
30757, 0.00606102
30758, 0.00606120
30759, 0.00606147
30760, 0.00606164
30761, 0.00606182
30762, 0.00606200
30763, 0.00606218
30764, 0.00606236
30765, 0.00606254
30766, 0.00606273
30767, 0.00606298
30768, 0.00606316
30769, 0.00606334
30770, 0.00606351
30771, 0.00606368
30772, 0.00606385
30773, 0.00606402
30774, 0.00606420
30775, 0.00606444
30776, 0.00606462
30777, 0.00606479
30778, 0.00606496
30779, 0.00606514
30780, 0.00606531
30781, 0.00606548
30782, 0.00606566
30783, 0.00606589
30784, 0.00606607
30785, 0.00606624
30786, 0.00606641
30787, 0.00606658
30788, 0.00606675
30789, 0.00606692
30790, 0.00606710
30791, 0.00606735
30792, 0.00606752
30793, 0.00606770
30794, 0.00606787
30795, 0.00606805
30796, 0.00606822
30797, 0.00606839
30798, 0.00606856
30799, 0.00606873
30800, 0.00606891
30801, 0.00606908
30802, 0.00606925
30803, 0.00606943
30804, 0.00606960
30805, 0.00606977
30806, 0.00606995
30807, 0.00607012
30808, 0.00607030
30809, 0.00607047
30810, 0.00607065
30811, 0.00607082
30812, 0.00607100
30813, 0.00607118
30814, 0.00607135
30815, 0.00607152
30816, 0.00607170
30817, 0.00607187
30818, 0.00607205
30819, 0.00607222
30820, 0.00607240
30821, 0.00607257
30822, 0.00607275
30823, 0.00607292
30824, 0.00607309
30825, 0.00607326
30826, 0.00607344
30827, 0.00607361
30828, 0.00607378
30829, 0.00607396
30830, 0.00607413
30831, 0.00607430
30832, 0.00607448
30833, 0.00607465
30834, 0.00607483
30835, 0.00607500
30836, 0.00607517
30837, 0.00607534
30838, 0.00607552
30839, 0.00607569
30840, 0.00607587
30841, 0.00607604
30842, 0.00607621
30843, 0.00607639
30844, 0.00607656
30845, 0.00607674
30846, 0.00607691
30847, 0.00607708
30848, 0.00607725
30849, 0.00607743
30850, 0.00607760
30851, 0.00607778
30852, 0.00607795
30853, 0.00607813
30854, 0.00607830
30855, 0.00607847
30856, 0.00607864
30857, 0.00607881
30858, 0.00607898
30859, 0.00607916
30860, 0.00607933
30861, 0.00607950
30862, 0.00607968
30863, 0.00607985
30864, 0.00608003
30865, 0.00608020
30866, 0.00608038
30867, 0.00608056
30868, 0.00608073
30869, 0.00608090
30870, 0.00608108
30871, 0.00608125
30872, 0.00608143
30873, 0.00608160
30874, 0.00608180
30875, 0.00608402
30876, 0.00608422
30877, 0.00608440
30878, 0.00608457
30879, 0.00608474
30880, 0.00608492
30881, 0.00608510
30882, 0.00608527
30883, 0.00608544
30884, 0.00608561
30885, 0.00608579
30886, 0.00608596
30887, 0.00608613
30888, 0.00608631
30889, 0.00608648
30890, 0.00608666
30891, 0.00608683
30892, 0.00608701
30893, 0.00608718
30894, 0.00608736
30895, 0.00608753
30896, 0.00608771
30897, 0.00608788
30898, 0.00608806
30899, 0.00608823
30900, 0.00608841
30901, 0.00608858
30902, 0.00608876
30903, 0.00608893
30904, 0.00608910
30905, 0.00608928
30906, 0.00608945
30907, 0.00608963
30908, 0.00608980
30909, 0.00608998
30910, 0.00609015
30911, 0.00609032
30912, 0.00609050
30913, 0.00609067
30914, 0.00609084
30915, 0.00609102
30916, 0.00609119
30917, 0.00609137
30918, 0.00609154
30919, 0.00609171
30920, 0.00609189
30921, 0.00609206
30922, 0.00609224
30923, 0.00609241
30924, 0.00609259
30925, 0.00609276
30926, 0.00609293
30927, 0.00609311
30928, 0.00609328
30929, 0.00609345
30930, 0.00609363
30931, 0.00609380
30932, 0.00609397
30933, 0.00609415
30934, 0.00609432
30935, 0.00609450
30936, 0.00609467
30937, 0.00609485
30938, 0.00609502
30939, 0.00609520
30940, 0.00609537
30941, 0.00609555
30942, 0.00609572
30943, 0.00609590
30944, 0.00609607
30945, 0.00609624
30946, 0.00609642
30947, 0.00609659
30948, 0.00609677
30949, 0.00609694
30950, 0.00609711
30951, 0.00609729
30952, 0.00609746
30953, 0.00609764
30954, 0.00609781
30955, 0.00609798
30956, 0.00609816
30957, 0.00609833
30958, 0.00609851
30959, 0.00609868
30960, 0.00609886
30961, 0.00609903
30962, 0.00609920
30963, 0.00609938
30964, 0.00609955
30965, 0.00609973
30966, 0.00609990
30967, 0.00610007
30968, 0.00610025
30969, 0.00610042
30970, 0.00610060
30971, 0.00610077
30972, 0.00610095
30973, 0.00610112
30974, 0.00610130
30975, 0.00610147
30976, 0.00610165
30977, 0.00610182
30978, 0.00610200
30979, 0.00610217
30980, 0.00610235
30981, 0.00610252
30982, 0.00610269
30983, 0.00610287
30984, 0.00610304
30985, 0.00610322
30986, 0.00610339
30987, 0.00610357
30988, 0.00610374
30989, 0.00610391
30990, 0.00610408
30991, 0.00610426
30992, 0.00610443
30993, 0.00610460
30994, 0.00610478
30995, 0.00610495
30996, 0.00610512
30997, 0.00610530
30998, 0.00610547
30999, 0.00610565
31000, 0.00610585
31001, 0.00610843
31002, 0.00610863
31003, 0.00610880
31004, 0.00610898
31005, 0.00610916
31006, 0.00610934
31007, 0.00610952
31008, 0.00610970
31009, 0.00610987
31010, 0.00611005
31011, 0.00611023
31012, 0.00611040
31013, 0.00611057
31014, 0.00611075
31015, 0.00611092
31016, 0.00611109
31017, 0.00611126
31018, 0.00611143
31019, 0.00611160
31020, 0.00611178
31021, 0.00611195
31022, 0.00611213
31023, 0.00611230
31024, 0.00611247
31025, 0.00611265
31026, 0.00611282
31027, 0.00611300
31028, 0.00611317
31029, 0.00611335
31030, 0.00611353
31031, 0.00611370
31032, 0.00611388
31033, 0.00611405
31034, 0.00611423
31035, 0.00611441
31036, 0.00611458
31037, 0.00611475
31038, 0.00611493
31039, 0.00611510
31040, 0.00611528
31041, 0.00611545
31042, 0.00611563
31043, 0.00611581
31044, 0.00611598
31045, 0.00611616
31046, 0.00611634
31047, 0.00611652
31048, 0.00611670
31049, 0.00611687
31050, 0.00611705
31051, 0.00611723
31052, 0.00611740
31053, 0.00611757
31054, 0.00611774
31055, 0.00611792
31056, 0.00611810
31057, 0.00611827
31058, 0.00611845
31059, 0.00611863
31060, 0.00611882
31061, 0.00611900
31062, 0.00611918
31063, 0.00611935
31064, 0.00611953
31065, 0.00611970
31066, 0.00611987
31067, 0.00612004
31068, 0.00612021
31069, 0.00612038
31070, 0.00612056
31071, 0.00612073
31072, 0.00612090
31073, 0.00612711
31074, 0.00612741
31075, 0.00612765
31076, 0.00612789
31077, 0.00612814
31078, 0.00612838
31079, 0.00612865
31080, 0.00612896
31081, 0.00612923
31082, 0.00612946
31083, 0.00612971
31084, 0.00612998
31085, 0.00613020
31086, 0.00613043
31087, 0.00613067
31088, 0.00613091
31089, 0.00613112
31090, 0.00613141
31091, 0.00613163
31092, 0.00613183
31093, 0.00613208
31094, 0.00613232
31095, 0.00613255
31096, 0.00613275
31097, 0.00613301
31098, 0.00613324
31099, 0.00613345
31100, 0.00613369
31101, 0.00613394
31102, 0.00613418
31103, 0.00613445
31104, 0.00613475
31105, 0.00613501
31106, 0.00613527
31107, 0.00613550
31108, 0.00613575
31109, 0.00613600
31110, 0.00613624
31111, 0.00613652
31112, 0.00613676
31113, 0.00613702
31114, 0.00613727
31115, 0.00613752
31116, 0.00613777
31117, 0.00613804
31118, 0.00613831
31119, 0.00613854
31120, 0.00613880
31121, 0.00613906
31122, 0.00613931
31123, 0.00613953
31124, 0.00613978
31125, 0.00614004
31126, 0.00614029
31127, 0.00614315
31128, 0.00614346
31129, 0.00614378
31130, 0.00614401
31131, 0.00614430
31132, 0.00614457
31133, 0.00614482
31134, 0.00614505
31135, 0.00614530
31136, 0.00614555
31137, 0.00614579
31138, 0.00614607
31139, 0.00614632
31140, 0.00614658
31141, 0.00614683
31142, 0.00614707
31143, 0.00614737
31144, 0.00614761
31145, 0.00614784
31146, 0.00614811
31147, 0.00614836
31148, 0.00614864
31149, 0.00614890
31150, 0.00614913
31151, 0.00614939
31152, 0.00614964
31153, 0.00614995
31154, 0.00615026
31155, 0.00615052
31156, 0.00615080
31157, 0.00615102
31158, 0.00615129
31159, 0.00615153
31160, 0.00615176
31161, 0.00615198
31162, 0.00615223
31163, 0.00615249
31164, 0.00615273
31165, 0.00615299
31166, 0.00615323
31167, 0.00615346
31168, 0.00615371
31169, 0.00615395
31170, 0.00615420
31171, 0.00615446
31172, 0.00615471
31173, 0.00615494
31174, 0.00615518
31175, 0.00615547
31176, 0.00615571
31177, 0.00615594
31178, 0.00615619
31179, 0.00615646
31180, 0.00615671
31181, 0.00615694
31182, 0.00615719
31183, 0.00615745
31184, 0.00615777
31185, 0.00615807
31186, 0.00615835
31187, 0.00615868
31188, 0.00615900
31189, 0.00615935
31190, 0.00615992
31191, 0.00616016
31192, 0.00616039
31193, 0.00616061
31194, 0.00616108
31195, 0.00616152
31196, 0.00616170
31197, 0.00616188
31198, 0.00616206
31199, 0.00616225
31200, 0.00616244
31201, 0.00616262
31202, 0.00616280
31203, 0.00616298
31204, 0.00616316
31205, 0.00616335
31206, 0.00616353
31207, 0.00616371
31208, 0.00616389
31209, 0.00616407
31210, 0.00616425
31211, 0.00616443
31212, 0.00616461
31213, 0.00616480
31214, 0.00616498
31215, 0.00616516
31216, 0.00616534
31217, 0.00616552
31218, 0.00616571
31219, 0.00616589
31220, 0.00616607
31221, 0.00616626
31222, 0.00616644
31223, 0.00616662
31224, 0.00616680
31225, 0.00616699
31226, 0.00616717
31227, 0.00616735
31228, 0.00616754
31229, 0.00616772
31230, 0.00616790
31231, 0.00616817
31232, 0.00616836
31233, 0.00616854
31234, 0.00616872
31235, 0.00616890
31236, 0.00616909
31237, 0.00616927
31238, 0.00616945
31239, 0.00616970
31240, 0.00616988
31241, 0.00617007
31242, 0.00617025
31243, 0.00617043
31244, 0.00617061
31245, 0.00617080
31246, 0.00617098
31247, 0.00617123
31248, 0.00617141
31249, 0.00617159
31250, 0.00617177
31251, 0.00617196
31252, 0.00617217
31253, 0.00617465
31254, 0.00617486
31255, 0.00617511
31256, 0.00617529
31257, 0.00617547
31258, 0.00617566
31259, 0.00617584
31260, 0.00617602
31261, 0.00617621
31262, 0.00617639
31263, 0.00617665
31264, 0.00617683
31265, 0.00617701
31266, 0.00617719
31267, 0.00617738
31268, 0.00617756
31269, 0.00617774
31270, 0.00617792
31271, 0.00617817
31272, 0.00617836
31273, 0.00617854
31274, 0.00617873
31275, 0.00617891
31276, 0.00617909
31277, 0.00617928
31278, 0.00617945
31279, 0.00617970
31280, 0.00617987
31281, 0.00618005
31282, 0.00618023
31283, 0.00618041
31284, 0.00618058
31285, 0.00618076
31286, 0.00618094
31287, 0.00618120
31288, 0.00618137
31289, 0.00618155
31290, 0.00618173
31291, 0.00618190
31292, 0.00618208
31293, 0.00618226
31294, 0.00618243
31295, 0.00618271
31296, 0.00618289
31297, 0.00618306
31298, 0.00618324
31299, 0.00618341
31300, 0.00618359
31301, 0.00618377
31302, 0.00618394
31303, 0.00618419
31304, 0.00618437
31305, 0.00618454
31306, 0.00618471
31307, 0.00618489
31308, 0.00618506
31309, 0.00618524
31310, 0.00618541
31311, 0.00618558
31312, 0.00618576
31313, 0.00618593
31314, 0.00618610
31315, 0.00618627
31316, 0.00618645
31317, 0.00618662
31318, 0.00618679
31319, 0.00618696
31320, 0.00618714
31321, 0.00618731
31322, 0.00618749
31323, 0.00618766
31324, 0.00618783
31325, 0.00618801
31326, 0.00618818
31327, 0.00618836
31328, 0.00618853
31329, 0.00618870
31330, 0.00618888
31331, 0.00618905
31332, 0.00618922
31333, 0.00618940
31334, 0.00618957
31335, 0.00618974
31336, 0.00618991
31337, 0.00619009
31338, 0.00619026
31339, 0.00619043
31340, 0.00619060
31341, 0.00619078
31342, 0.00619095
31343, 0.00619112
31344, 0.00619129
31345, 0.00619147
31346, 0.00619164
31347, 0.00619182
31348, 0.00619199
31349, 0.00619216
31350, 0.00619233
31351, 0.00619251
31352, 0.00619268
31353, 0.00619286
31354, 0.00619303
31355, 0.00619320
31356, 0.00619338
31357, 0.00619355
31358, 0.00619372
31359, 0.00619389
31360, 0.00619407
31361, 0.00619424
31362, 0.00619441
31363, 0.00619458
31364, 0.00619476
31365, 0.00619493
31366, 0.00619511
31367, 0.00619528
31368, 0.00619545
31369, 0.00619563
31370, 0.00619580
31371, 0.00619597
31372, 0.00619615
31373, 0.00619632
31374, 0.00619649
31375, 0.00619666
31376, 0.00619684
31377, 0.00619701
31378, 0.00619721
31379, 0.00619944
31380, 0.00619964
31381, 0.00619982
31382, 0.00620000
31383, 0.00620017
31384, 0.00620035
31385, 0.00620053
31386, 0.00620070
31387, 0.00620088
31388, 0.00620106
31389, 0.00620123
31390, 0.00620140
31391, 0.00620158
31392, 0.00620176
31393, 0.00620193
31394, 0.00620211
31395, 0.00620229
31396, 0.00620246
31397, 0.00620264
31398, 0.00620282
31399, 0.00620299
31400, 0.00620317
31401, 0.00620334
31402, 0.00620352
31403, 0.00620370
31404, 0.00620387
31405, 0.00620405
31406, 0.00620423
31407, 0.00620440
31408, 0.00620458
31409, 0.00620476
31410, 0.00620493
31411, 0.00620511
31412, 0.00620528
31413, 0.00620546
31414, 0.00620564
31415, 0.00620581
31416, 0.00620599
31417, 0.00620617
31418, 0.00620634
31419, 0.00620652
31420, 0.00620670
31421, 0.00620692
31422, 0.00620710
31423, 0.00620728
31424, 0.00620747
31425, 0.00620765
31426, 0.00620784
31427, 0.00620802
31428, 0.00620819
31429, 0.00620837
31430, 0.00620854
31431, 0.00620872
31432, 0.00620890
31433, 0.00620907
31434, 0.00620925
31435, 0.00620942
31436, 0.00620960
31437, 0.00620977
31438, 0.00620995
31439, 0.00621012
31440, 0.00621030
31441, 0.00621048
31442, 0.00621065
31443, 0.00621083
31444, 0.00621100
31445, 0.00621118
31446, 0.00621135
31447, 0.00621152
31448, 0.00621170
31449, 0.00621187
31450, 0.00621208
31451, 0.00621225
31452, 0.00621242
31453, 0.00621260
31454, 0.00621277
31455, 0.00621295
31456, 0.00621312
31457, 0.00621330
31458, 0.00621348
31459, 0.00621365
31460, 0.00621383
31461, 0.00621400
31462, 0.00621418
31463, 0.00621435
31464, 0.00621453
31465, 0.00621471
31466, 0.00621488
31467, 0.00621506
31468, 0.00621523
31469, 0.00621541
31470, 0.00621559
31471, 0.00621577
31472, 0.00621594
31473, 0.00621612
31474, 0.00621629
31475, 0.00621647
31476, 0.00621664
31477, 0.00621682
31478, 0.00621700
31479, 0.00621717
31480, 0.00621734
31481, 0.00621752
31482, 0.00621769
31483, 0.00621787
31484, 0.00621804
31485, 0.00621821
31486, 0.00621839
31487, 0.00621857
31488, 0.00621875
31489, 0.00621893
31490, 0.00621911
31491, 0.00621928
31492, 0.00621945
31493, 0.00621962
31494, 0.00621980
31495, 0.00621997
31496, 0.00622014
31497, 0.00622032
31498, 0.00622049
31499, 0.00622067
31500, 0.00622084
31501, 0.00622102
31502, 0.00622119
31503, 0.00622137
31504, 0.00622156
31505, 0.00622390
31506, 0.00622411
31507, 0.00622429
31508, 0.00622447
31509, 0.00622465
31510, 0.00622483
31511, 0.00622500
31512, 0.00622518
31513, 0.00622535
31514, 0.00622553
31515, 0.00622571
31516, 0.00622588
31517, 0.00622606
31518, 0.00622623
31519, 0.00622641
31520, 0.00622658
31521, 0.00622676
31522, 0.00622694
31523, 0.00622711
31524, 0.00622729
31525, 0.00622746
31526, 0.00622764
31527, 0.00622781
31528, 0.00622799
31529, 0.00622816
31530, 0.00622834
31531, 0.00622851
31532, 0.00622869
31533, 0.00622886
31534, 0.00622903
31535, 0.00622920
31536, 0.00622938
31537, 0.00622955
31538, 0.00622973
31539, 0.00622990
31540, 0.00623008
31541, 0.00623025
31542, 0.00623042
31543, 0.00623060
31544, 0.00623077
31545, 0.00623094
31546, 0.00623112
31547, 0.00623129
31548, 0.00623146
31549, 0.00623163
31550, 0.00623180
31551, 0.00623197
31552, 0.00623214
31553, 0.00623231
31554, 0.00623248
31555, 0.00623266
31556, 0.00623283
31557, 0.00623300
31558, 0.00623317
31559, 0.00623334
31560, 0.00623351
31561, 0.00623369
31562, 0.00623386
31563, 0.00623403
31564, 0.00623421
31565, 0.00623438
31566, 0.00623455
31567, 0.00623472
31568, 0.00623489
31569, 0.00623507
31570, 0.00623524
31571, 0.00623541
31572, 0.00623558
31573, 0.00623575
31574, 0.00623592
31575, 0.00623609
31576, 0.00623627
31577, 0.00623644
31578, 0.00623661
31579, 0.00623678
31580, 0.00623695
31581, 0.00623712
31582, 0.00623729
31583, 0.00623747
31584, 0.00623764
31585, 0.00623782
31586, 0.00623799
31587, 0.00623816
31588, 0.00623834
31589, 0.00623851
31590, 0.00623868
31591, 0.00623885
31592, 0.00623902
31593, 0.00623920
31594, 0.00623937
31595, 0.00623954
31596, 0.00623971
31597, 0.00623988
31598, 0.00624005
31599, 0.00624022
31600, 0.00624039
31601, 0.00624057
31602, 0.00624074
31603, 0.00624091
31604, 0.00624108
31605, 0.00624125
31606, 0.00624142
31607, 0.00624159
31608, 0.00624176
31609, 0.00624193
31610, 0.00624211
31611, 0.00624228
31612, 0.00624245
31613, 0.00624262
31614, 0.00624279
31615, 0.00624297
31616, 0.00624314
31617, 0.00624331
31618, 0.00624348
31619, 0.00624366
31620, 0.00624383
31621, 0.00624400
31622, 0.00624417
31623, 0.00624434
31624, 0.00624451
31625, 0.00624469
31626, 0.00624486
31627, 0.00624504
31628, 0.00624521
31629, 0.00624538
31630, 0.00624557
31631, 0.00624787
31632, 0.00624807
31633, 0.00624826
31634, 0.00624844
31635, 0.00624861
31636, 0.00624878
31637, 0.00624896
31638, 0.00624913
31639, 0.00624931
31640, 0.00624948
31641, 0.00624966
31642, 0.00624984
31643, 0.00625002
31644, 0.00625020
31645, 0.00625038
31646, 0.00625056
31647, 0.00625073
31648, 0.00625091
31649, 0.00625108
31650, 0.00625125
31651, 0.00625143
31652, 0.00625161
31653, 0.00625178
31654, 0.00625196
31655, 0.00625213
31656, 0.00625231
31657, 0.00625248
31658, 0.00625265
31659, 0.00625282
31660, 0.00625300
31661, 0.00625317
31662, 0.00625335
31663, 0.00625353
31664, 0.00625371
31665, 0.00625389
31666, 0.00625407
31667, 0.00625425
31668, 0.00625443
31669, 0.00625460
31670, 0.00625477
31671, 0.00625494
31672, 0.00625512
31673, 0.00625529
31674, 0.00625546
31675, 0.00625563
31676, 0.00625582
31677, 0.00625601
31678, 0.00625619
31679, 0.00625637
31680, 0.00625655
31681, 0.00625674
31682, 0.00625692
31683, 0.00625710
31684, 0.00625728
31685, 0.00625747
31686, 0.00625765
31687, 0.00625783
31688, 0.00625801
31689, 0.00625819
31690, 0.00625837
31691, 0.00625855
31692, 0.00625873
31693, 0.00625891
31694, 0.00625910
31695, 0.00625928
31696, 0.00625945
31697, 0.00625962
31698, 0.00625980
31699, 0.00625997
31700, 0.00626014
31701, 0.00626031
31702, 0.00626049
31703, 0.00626066
31704, 0.00626083
31705, 0.00626100
31706, 0.00626117
31707, 0.00626135
31708, 0.00626152
31709, 0.00626170
31710, 0.00626187
31711, 0.00626204
31712, 0.00626221
31713, 0.00626238
31714, 0.00626255
31715, 0.00626273
31716, 0.00626290
31717, 0.00626307
31718, 0.00626325
31719, 0.00626342
31720, 0.00626359
31721, 0.00626376
31722, 0.00626394
31723, 0.00626411
31724, 0.00626428
31725, 0.00626445
31726, 0.00626462
31727, 0.00626479
31728, 0.00626496
31729, 0.00626513
31730, 0.00626530
31731, 0.00626547
31732, 0.00626564
31733, 0.00626581
31734, 0.00626599
31735, 0.00626616
31736, 0.00626634
31737, 0.00626651
31738, 0.00626668
31739, 0.00626685
31740, 0.00626703
31741, 0.00626720
31742, 0.00626737
31743, 0.00626764
31744, 0.00626781
31745, 0.00626799
31746, 0.00626816
31747, 0.00626833
31748, 0.00626850
31749, 0.00626867
31750, 0.00626884
31751, 0.00626909
31752, 0.00626926
31753, 0.00626943
31754, 0.00626960
31755, 0.00626977
31756, 0.00626997
31757, 0.00627219
31758, 0.00627240
31759, 0.00627264
31760, 0.00627281
31761, 0.00627299
31762, 0.00627317
31763, 0.00627334
31764, 0.00627352
31765, 0.00627369
31766, 0.00627387
31767, 0.00627415
31768, 0.00627432
31769, 0.00627450
31770, 0.00627467
31771, 0.00627485
31772, 0.00627502
31773, 0.00627520
31774, 0.00627537
31775, 0.00627562
31776, 0.00627580
31777, 0.00627598
31778, 0.00627615
31779, 0.00627633
31780, 0.00627651
31781, 0.00627668
31782, 0.00627686
31783, 0.00627711
31784, 0.00627729
31785, 0.00627746
31786, 0.00627764
31787, 0.00627782
31788, 0.00627799
31789, 0.00627816
31790, 0.00627834
31791, 0.00627859
31792, 0.00627876
31793, 0.00627894
31794, 0.00627911
31795, 0.00627929
31796, 0.00627946
31797, 0.00627964
31798, 0.00627981
31799, 0.00628006
31800, 0.00628023
31801, 0.00628040
31802, 0.00628057
31803, 0.00628075
31804, 0.00628092
31805, 0.00628109
31806, 0.00628126
31807, 0.00628152
31808, 0.00628169
31809, 0.00628186
31810, 0.00628203
31811, 0.00628220
31812, 0.00628237
31813, 0.00628255
31814, 0.00628272
31815, 0.00628296
31816, 0.00628314
31817, 0.00628331
31818, 0.00628348
31819, 0.00628366
31820, 0.00628383
31821, 0.00628400
31822, 0.00628417
31823, 0.00628434
31824, 0.00628451
31825, 0.00628468
31826, 0.00628485
31827, 0.00628502
31828, 0.00628520
31829, 0.00628537
31830, 0.00628554
31831, 0.00628572
31832, 0.00628589
31833, 0.00628606
31834, 0.00628623
31835, 0.00628641
31836, 0.00628658
31837, 0.00628675
31838, 0.00628693
31839, 0.00628710
31840, 0.00628727
31841, 0.00628744
31842, 0.00628761
31843, 0.00628778
31844, 0.00628795
31845, 0.00628813
31846, 0.00628830
31847, 0.00628848
31848, 0.00628866
31849, 0.00628883
31850, 0.00628900
31851, 0.00628918
31852, 0.00628935
31853, 0.00628952
31854, 0.00628970
31855, 0.00628987
31856, 0.00629004
31857, 0.00629021
31858, 0.00629038
31859, 0.00629055
31860, 0.00629072
31861, 0.00629090
31862, 0.00629107
31863, 0.00629124
31864, 0.00629142
31865, 0.00629159
31866, 0.00629176
31867, 0.00629193
31868, 0.00629210
31869, 0.00629227
31870, 0.00629244
31871, 0.00629261
31872, 0.00629278
31873, 0.00629295
31874, 0.00629312
31875, 0.00629330
31876, 0.00629347
31877, 0.00629364
31878, 0.00629381
31879, 0.00629398
31880, 0.00629415
31881, 0.00629432
31882, 0.00629452
31883, 0.00629674
31884, 0.00629694
31885, 0.00629712
31886, 0.00629730
31887, 0.00629748
31888, 0.00629766
31889, 0.00629783
31890, 0.00629801
31891, 0.00629819
31892, 0.00629837
31893, 0.00629855
31894, 0.00629872
31895, 0.00629890
31896, 0.00629908
31897, 0.00629925
31898, 0.00629943
31899, 0.00629961
31900, 0.00629979
31901, 0.00629996
31902, 0.00630014
31903, 0.00630031
31904, 0.00630049
31905, 0.00630066
31906, 0.00630083
31907, 0.00630100
31908, 0.00630118
31909, 0.00630135
31910, 0.00630153
31911, 0.00630170
31912, 0.00630187
31913, 0.00630204
31914, 0.00630221
31915, 0.00630238
31916, 0.00630256
31917, 0.00630273
31918, 0.00630290
31919, 0.00630307
31920, 0.00630324
31921, 0.00630341
31922, 0.00630358
31923, 0.00630375
31924, 0.00630392
31925, 0.00630410
31926, 0.00630427
31927, 0.00630445
31928, 0.00630463
31929, 0.00630480
31930, 0.00630497
31931, 0.00630514
31932, 0.00630532
31933, 0.00630548
31934, 0.00630565
31935, 0.00630583
31936, 0.00630600
31937, 0.00630617
31938, 0.00630634
31939, 0.00630651
31940, 0.00630668
31941, 0.00630685
31942, 0.00630702
31943, 0.00630720
31944, 0.00630737
31945, 0.00630754
31946, 0.00630771
31947, 0.00630788
31948, 0.00630805
31949, 0.00630822
31950, 0.00630839
31951, 0.00630856
31952, 0.00630873
31953, 0.00630890
31954, 0.00630907
31955, 0.00630924
31956, 0.00630941
31957, 0.00630958
31958, 0.00630975
31959, 0.00630992
31960, 0.00631010
31961, 0.00631027
31962, 0.00631044
31963, 0.00631061
31964, 0.00631078
31965, 0.00631095
31966, 0.00631112
31967, 0.00631129
31968, 0.00631146
31969, 0.00631163
31970, 0.00631180
31971, 0.00631197
31972, 0.00631214
31973, 0.00631232
31974, 0.00631249
31975, 0.00631265
31976, 0.00631282
31977, 0.00631300
31978, 0.00631317
31979, 0.00631334
31980, 0.00631351
31981, 0.00631368
31982, 0.00631385
31983, 0.00631402
31984, 0.00631419
31985, 0.00631436
31986, 0.00631453
31987, 0.00631470
31988, 0.00631487
31989, 0.00631504
31990, 0.00631521
31991, 0.00631538
31992, 0.00631555
31993, 0.00631573
31994, 0.00631590
31995, 0.00631607
31996, 0.00631624
31997, 0.00631641
31998, 0.00631659
31999, 0.00631676
32000, 0.00631693
32001, 0.00631710
32002, 0.00631728
32003, 0.00631744
32004, 0.00631761
32005, 0.00631778
32006, 0.00631795
32007, 0.00631812
32008, 0.00631832
32009, 0.00632088
32010, 0.00632108
32011, 0.00632126
32012, 0.00632144
32013, 0.00632161
32014, 0.00632179
32015, 0.00632197
32016, 0.00632215
32017, 0.00632233
32018, 0.00632250
32019, 0.00632268
32020, 0.00632285
32021, 0.00632303
32022, 0.00632320
32023, 0.00632338
32024, 0.00632355
32025, 0.00632373
32026, 0.00632390
32027, 0.00632408
32028, 0.00632426
32029, 0.00632444
32030, 0.00632462
32031, 0.00632479
32032, 0.00632497
32033, 0.00632514
32034, 0.00632532
32035, 0.00632549
32036, 0.00632567
32037, 0.00632584
32038, 0.00632602
32039, 0.00632620
32040, 0.00632637
32041, 0.00632655
32042, 0.00632672
32043, 0.00632690
32044, 0.00632707
32045, 0.00632725
32046, 0.00632742
32047, 0.00632760
32048, 0.00632777
32049, 0.00632795
32050, 0.00632812
32051, 0.00632830
32052, 0.00632847
32053, 0.00632865
32054, 0.00632883
32055, 0.00632900
32056, 0.00632918
32057, 0.00632935
32058, 0.00632952
32059, 0.00632970
32060, 0.00632987
32061, 0.00633004
32062, 0.00633021
32063, 0.00633039
32064, 0.00633056
32065, 0.00633073
32066, 0.00633090
32067, 0.00633108
32068, 0.00633126
32069, 0.00633143
32070, 0.00633160
32071, 0.00633177
32072, 0.00633194
32073, 0.00633211
32074, 0.00633228
32075, 0.00633245
32076, 0.00633262
32077, 0.00633279
32078, 0.00633297
32079, 0.00633314
32080, 0.00633331
32081, 0.00633349
32082, 0.00633366
32083, 0.00633384
32084, 0.00633401
32085, 0.00633418
32086, 0.00633436
32087, 0.00633453
32088, 0.00633470
32089, 0.00633488
32090, 0.00633505
32091, 0.00633522
32092, 0.00633539
32093, 0.00633557
32094, 0.00633574
32095, 0.00633592
32096, 0.00633609
32097, 0.00633627
32098, 0.00633644
32099, 0.00633661
32100, 0.00633679
32101, 0.00633696
32102, 0.00633714
32103, 0.00633731
32104, 0.00633748
32105, 0.00633766
32106, 0.00633782
32107, 0.00633800
32108, 0.00633817
32109, 0.00633834
32110, 0.00633851
32111, 0.00633869
32112, 0.00633886
32113, 0.00633903
32114, 0.00633920
32115, 0.00633938
32116, 0.00633955
32117, 0.00633972
32118, 0.00633989
32119, 0.00634006
32120, 0.00634023
32121, 0.00634040
32122, 0.00634058
32123, 0.00634075
32124, 0.00634093
32125, 0.00634110
32126, 0.00634127
32127, 0.00634144
32128, 0.00634161
32129, 0.00634179
32130, 0.00634197
32131, 0.00634214
32132, 0.00634231
32133, 0.00634249
32134, 0.00634269
32135, 0.00634486
32136, 0.00634506
32137, 0.00634524
32138, 0.00634541
32139, 0.00634559
32140, 0.00634577
32141, 0.00634594
32142, 0.00634612
32143, 0.00634630
32144, 0.00634647
32145, 0.00634665
32146, 0.00634682
32147, 0.00634700
32148, 0.00634717
32149, 0.00634735
32150, 0.00634752
32151, 0.00634770
32152, 0.00634787
32153, 0.00634805
32154, 0.00634822
32155, 0.00634840
32156, 0.00634857
32157, 0.00634875
32158, 0.00634892
32159, 0.00634910
32160, 0.00634927
32161, 0.00634944
32162, 0.00634962
32163, 0.00634979
32164, 0.00634996
32165, 0.00635014
32166, 0.00635031
32167, 0.00635049
32168, 0.00635066
32169, 0.00635083
32170, 0.00635100
32171, 0.00635117
32172, 0.00635134
32173, 0.00635151
32174, 0.00635168
32175, 0.00635185
32176, 0.00635203
32177, 0.00635221
32178, 0.00635238
32179, 0.00635255
32180, 0.00635272
32181, 0.00635289
32182, 0.00635307
32183, 0.00635324
32184, 0.00635341
32185, 0.00635359
32186, 0.00635376
32187, 0.00635394
32188, 0.00635411
32189, 0.00635428
32190, 0.00635445
32191, 0.00635463
32192, 0.00635480
32193, 0.00635497
32194, 0.00635514
32195, 0.00635532
32196, 0.00635549
32197, 0.00635567
32198, 0.00635584
32199, 0.00635601
32200, 0.00635618
32201, 0.00635635
32202, 0.00635653
32203, 0.00635670
32204, 0.00635687
32205, 0.00635705
32206, 0.00635722
32207, 0.00635739
32208, 0.00635757
32209, 0.00635774
32210, 0.00635792
32211, 0.00635809
32212, 0.00635826
32213, 0.00635843
32214, 0.00635862
32215, 0.00635880
32216, 0.00635897
32217, 0.00635914
32218, 0.00635931
32219, 0.00635949
32220, 0.00635966
32221, 0.00635983
32222, 0.00636000
32223, 0.00636017
32224, 0.00636034
32225, 0.00636051
32226, 0.00636068
32227, 0.00636086
32228, 0.00636103
32229, 0.00636120
32230, 0.00636137
32231, 0.00636154
32232, 0.00636171
32233, 0.00636188
32234, 0.00636205
32235, 0.00636223
32236, 0.00636240
32237, 0.00636257
32238, 0.00636274
32239, 0.00636291
32240, 0.00636308
32241, 0.00636325
32242, 0.00636342
32243, 0.00636359
32244, 0.00636376
32245, 0.00636393
32246, 0.00636410
32247, 0.00636427
32248, 0.00636444
32249, 0.00636462
32250, 0.00636479
32251, 0.00636496
32252, 0.00636513
32253, 0.00636530
32254, 0.00636548
32255, 0.00636565
32256, 0.00636582
32257, 0.00636599
32258, 0.00636616
32259, 0.00636633
32260, 0.00636652
32261, 0.00636877
32262, 0.00636897
32263, 0.00636920
32264, 0.00636938
32265, 0.00636955
32266, 0.00636973
32267, 0.00636991
32268, 0.00637008
32269, 0.00637026
32270, 0.00637043
32271, 0.00637070
32272, 0.00637088
32273, 0.00637106
32274, 0.00637124
32275, 0.00637141
32276, 0.00637159
32277, 0.00637177
32278, 0.00637195
32279, 0.00637219
32280, 0.00637237
32281, 0.00637254
32282, 0.00637272
32283, 0.00637290
32284, 0.00637307
32285, 0.00637325
32286, 0.00637343
32287, 0.00637368
32288, 0.00637386
32289, 0.00637403
32290, 0.00637420
32291, 0.00637438
32292, 0.00637455
32293, 0.00637472
32294, 0.00637489
32295, 0.00637514
32296, 0.00637531
32297, 0.00637549
32298, 0.00637566
32299, 0.00637583
32300, 0.00637600
32301, 0.00637617
32302, 0.00637634
32303, 0.00637659
32304, 0.00637676
32305, 0.00637694
32306, 0.00637711
32307, 0.00637728
32308, 0.00637745
32309, 0.00637763
32310, 0.00637780
32311, 0.00637805
32312, 0.00637822
32313, 0.00637839
32314, 0.00637856
32315, 0.00637873
32316, 0.00637890
32317, 0.00637908
32318, 0.00637925
32319, 0.00637951
32320, 0.00637968
32321, 0.00637986
32322, 0.00638003
32323, 0.00638020
32324, 0.00638038
32325, 0.00638055
32326, 0.00638072
32327, 0.00638089
32328, 0.00638106
32329, 0.00638124
32330, 0.00638141
32331, 0.00638158
32332, 0.00638175
32333, 0.00638193
32334, 0.00638210
32335, 0.00638227
32336, 0.00638244
32337, 0.00638262
32338, 0.00638280
32339, 0.00638297
32340, 0.00638314
32341, 0.00638331
32342, 0.00638349
32343, 0.00638366
32344, 0.00638383
32345, 0.00638401
32346, 0.00638418
32347, 0.00638436
32348, 0.00638453
32349, 0.00638470
32350, 0.00638487
32351, 0.00638504
32352, 0.00638521
32353, 0.00638539
32354, 0.00638556
32355, 0.00638573
32356, 0.00638592
32357, 0.00638610
32358, 0.00638628
32359, 0.00638645
32360, 0.00638662
32361, 0.00638680
32362, 0.00638697
32363, 0.00638714
32364, 0.00638732
32365, 0.00638749
32366, 0.00638767
32367, 0.00638784
32368, 0.00638801
32369, 0.00638818
32370, 0.00638835
32371, 0.00638853
32372, 0.00638870
32373, 0.00638888
32374, 0.00638905
32375, 0.00638922
32376, 0.00638939
32377, 0.00638957
32378, 0.00638974
32379, 0.00638992
32380, 0.00639009
32381, 0.00639026
32382, 0.00639043
32383, 0.00639060
32384, 0.00639078
32385, 0.00639095
32386, 0.00639114
32387, 0.00639364
32388, 0.00639384
32389, 0.00639403
32390, 0.00639420
32391, 0.00639438
32392, 0.00639456
32393, 0.00639473
32394, 0.00639491
32395, 0.00639508
32396, 0.00639526
32397, 0.00639544
32398, 0.00639561
32399, 0.00639579
32400, 0.00639596
32401, 0.00639614
32402, 0.00639632
32403, 0.00639650
32404, 0.00639667
32405, 0.00639684
32406, 0.00639702
32407, 0.00639719
32408, 0.00639737
32409, 0.00639754
32410, 0.00639771
32411, 0.00639789
32412, 0.00639807
32413, 0.00639825
32414, 0.00639842
32415, 0.00639860
32416, 0.00639877
32417, 0.00639895
32418, 0.00639913
32419, 0.00639930
32420, 0.00639948
32421, 0.00639965
32422, 0.00639983
32423, 0.00640000
32424, 0.00640018
32425, 0.00640035
32426, 0.00640053
32427, 0.00640071
32428, 0.00640088
32429, 0.00640106
32430, 0.00640124
32431, 0.00640141
32432, 0.00640159
32433, 0.00640176
32434, 0.00640194
32435, 0.00640212
32436, 0.00640229
32437, 0.00640247
32438, 0.00640264
32439, 0.00640282
32440, 0.00640300
32441, 0.00640318
32442, 0.00640336
32443, 0.00640353
32444, 0.00640371
32445, 0.00640388
32446, 0.00640406
32447, 0.00640423
32448, 0.00640441
32449, 0.00640458
32450, 0.00640476
32451, 0.00640494
32452, 0.00640511
32453, 0.00640529
32454, 0.00640547
32455, 0.00640564
32456, 0.00640582
32457, 0.00640599
32458, 0.00640617
32459, 0.00640635
32460, 0.00640652
32461, 0.00640670
32462, 0.00640688
32463, 0.00640705
32464, 0.00640723
32465, 0.00640740
32466, 0.00640758
32467, 0.00640776
32468, 0.00640793
32469, 0.00640811
32470, 0.00640828
32471, 0.00640846
32472, 0.00640864
32473, 0.00640881
32474, 0.00640899
32475, 0.00640917
32476, 0.00640934
32477, 0.00640952
32478, 0.00640969
32479, 0.00640986
32480, 0.00641004
32481, 0.00641022
32482, 0.00641039
32483, 0.00641057
32484, 0.00641075
32485, 0.00641092
32486, 0.00641109
32487, 0.00641126
32488, 0.00641144
32489, 0.00641161
32490, 0.00641179
32491, 0.00641197
32492, 0.00641214
32493, 0.00641231
32494, 0.00641249
32495, 0.00641267
32496, 0.00641284
32497, 0.00641302
32498, 0.00641319
32499, 0.00641338
32500, 0.00641356
32501, 0.00641373
32502, 0.00641391
32503, 0.00641408
32504, 0.00641426
32505, 0.00641443
32506, 0.00641461
32507, 0.00641479
32508, 0.00641496
32509, 0.00641514
32510, 0.00641531
32511, 0.00641549
32512, 0.00641569
32513, 0.00641793
32514, 0.00641814
32515, 0.00641832
32516, 0.00641850
32517, 0.00641867
32518, 0.00641885
32519, 0.00641903
32520, 0.00641921
32521, 0.00641939
32522, 0.00641956
32523, 0.00641974
32524, 0.00641991
32525, 0.00642009
32526, 0.00642027
32527, 0.00642045
32528, 0.00642062
32529, 0.00642080
32530, 0.00642097
32531, 0.00642115
32532, 0.00642132
32533, 0.00642149
32534, 0.00642167
32535, 0.00642184
32536, 0.00642202
32537, 0.00642219
32538, 0.00642236
32539, 0.00642254
32540, 0.00642272
32541, 0.00642289
32542, 0.00642307
32543, 0.00642324
32544, 0.00642342
32545, 0.00642360
32546, 0.00642377
32547, 0.00642394
32548, 0.00642412
32549, 0.00642429
32550, 0.00642446
32551, 0.00642463
32552, 0.00642481
32553, 0.00642498
32554, 0.00642516
32555, 0.00642533
32556, 0.00642551
32557, 0.00642569
32558, 0.00642586
32559, 0.00642603
32560, 0.00642621
32561, 0.00642638
32562, 0.00642655
32563, 0.00642673
32564, 0.00642691
32565, 0.00642708
32566, 0.00642725
32567, 0.00642742
32568, 0.00642760
32569, 0.00642778
32570, 0.00642795
32571, 0.00642813
32572, 0.00642831
32573, 0.00642848
32574, 0.00642865
32575, 0.00642882
32576, 0.00642900
32577, 0.00642917
32578, 0.00642934
32579, 0.00642952
32580, 0.00642969
32581, 0.00642987
32582, 0.00643004
32583, 0.00643021
32584, 0.00643039
32585, 0.00643056
32586, 0.00643074
32587, 0.00643092
32588, 0.00643109
32589, 0.00643127
32590, 0.00643144
32591, 0.00643161
32592, 0.00643178
32593, 0.00643195
32594, 0.00643212
32595, 0.00643230
32596, 0.00643247
32597, 0.00643264
32598, 0.00643281
32599, 0.00643298
32600, 0.00643316
32601, 0.00643333
32602, 0.00643350
32603, 0.00643367
32604, 0.00643384
32605, 0.00643401
32606, 0.00643419
32607, 0.00643436
32608, 0.00643453
32609, 0.00643470
32610, 0.00643488
32611, 0.00643505
32612, 0.00643522
32613, 0.00643539
32614, 0.00643556
32615, 0.00643574
32616, 0.00643591
32617, 0.00643608
32618, 0.00643625
32619, 0.00643642
32620, 0.00643660
32621, 0.00643677
32622, 0.00643695
32623, 0.00643713
32624, 0.00643730
32625, 0.00643747
32626, 0.00643765
32627, 0.00643782
32628, 0.00643799
32629, 0.00643816
32630, 0.00643833
32631, 0.00643851
32632, 0.00643868
32633, 0.00643885
32634, 0.00643902
32635, 0.00643919
32636, 0.00643936
32637, 0.00643954
32638, 0.00643974
32639, 0.00644187
32640, 0.00644207
32641, 0.00644226
32642, 0.00644244
32643, 0.00644261
32644, 0.00644279
32645, 0.00644297
32646, 0.00644315
32647, 0.00644333
32648, 0.00644350
32649, 0.00644368
32650, 0.00644385
32651, 0.00644403
32652, 0.00644420
32653, 0.00644438
32654, 0.00644455
32655, 0.00644473
32656, 0.00644490
32657, 0.00644508
32658, 0.00644525
32659, 0.00644543
32660, 0.00644561
32661, 0.00644578
32662, 0.00644596
32663, 0.00644613
32664, 0.00644631
32665, 0.00644649
32666, 0.00644666
32667, 0.00644684
32668, 0.00644701
32669, 0.00644719
32670, 0.00644737
32671, 0.00644754
32672, 0.00644771
32673, 0.00644789
32674, 0.00644807
32675, 0.00644824
32676, 0.00644842
32677, 0.00644860
32678, 0.00644878
32679, 0.00644895
32680, 0.00644912
32681, 0.00644930
32682, 0.00644947
32683, 0.00644967
32684, 0.00644985
32685, 0.00645002
32686, 0.00645020
32687, 0.00645037
32688, 0.00645055
32689, 0.00645072
32690, 0.00645090
32691, 0.00645108
32692, 0.00645125
32693, 0.00645143
32694, 0.00645161
32695, 0.00645179
32696, 0.00645196
32697, 0.00645214
32698, 0.00645232
32699, 0.00645250
32700, 0.00645267
32701, 0.00645285
32702, 0.00645302
32703, 0.00645320
32704, 0.00645337
32705, 0.00645355
32706, 0.00645372
32707, 0.00645389
32708, 0.00645408
32709, 0.00645425
32710, 0.00645443
32711, 0.00645460
32712, 0.00645478
32713, 0.00645496
32714, 0.00645513
32715, 0.00645531
32716, 0.00645549
32717, 0.00645567
32718, 0.00645584
32719, 0.00645602
32720, 0.00645620
32721, 0.00645637
32722, 0.00645655
32723, 0.00645672
32724, 0.00645690
32725, 0.00645707
32726, 0.00645725
32727, 0.00645742
32728, 0.00645760
32729, 0.00645777
32730, 0.00645795
32731, 0.00645812
32732, 0.00645830
32733, 0.00645847
32734, 0.00645865
32735, 0.00645882
32736, 0.00645900
32737, 0.00645918
32738, 0.00645935
32739, 0.00645953
32740, 0.00645971
32741, 0.00645988
32742, 0.00646006
32743, 0.00646024
32744, 0.00646042
32745, 0.00646059
32746, 0.00646077
32747, 0.00646094
32748, 0.00646112
32749, 0.00646130
32750, 0.00646147
32751, 0.00646164
32752, 0.00646182
32753, 0.00646200
32754, 0.00646217
32755, 0.00646235
32756, 0.00646253
32757, 0.00646270
32758, 0.00646288
32759, 0.00646305
32760, 0.00646322
32761, 0.00646340
32762, 0.00646358
32763, 0.00646375
32764, 0.00646395
32765, 0.00646622
32766, 0.00646643
32767, 0.00646660
32768, 0.00646678
32769, 0.00646696
32770, 0.00646713
32771, 0.00646731
32772, 0.00646748
32773, 0.00646766
32774, 0.00646783
32775, 0.00646807
32776, 0.00646825
32777, 0.00646843
32778, 0.00646861
32779, 0.00646879
32780, 0.00646898
32781, 0.00646916
32782, 0.00646934
32783, 0.00646959
32784, 0.00646977
32785, 0.00646994
32786, 0.00647012
32787, 0.00647029
32788, 0.00647047
32789, 0.00647064
32790, 0.00647082
32791, 0.00647105
32792, 0.00647123
32793, 0.00647140
32794, 0.00647157
32795, 0.00647175
32796, 0.00647192
32797, 0.00647209
32798, 0.00647227
32799, 0.00647252
32800, 0.00647270
32801, 0.00647287
32802, 0.00647305
32803, 0.00647322
32804, 0.00647339
32805, 0.00647357
32806, 0.00647374
32807, 0.00647399
32808, 0.00647416
32809, 0.00647434
32810, 0.00647451
32811, 0.00647469
32812, 0.00647487
32813, 0.00647504
32814, 0.00647522
32815, 0.00647548
32816, 0.00647565
32817, 0.00647582
32818, 0.00647599
32819, 0.00647617
32820, 0.00647634
32821, 0.00647652
32822, 0.00647669
32823, 0.00647694
32824, 0.00647711
32825, 0.00647728
32826, 0.00647746
32827, 0.00647763
32828, 0.00647780
32829, 0.00647797
32830, 0.00647815
32831, 0.00647841
32832, 0.00647859
32833, 0.00647876
32834, 0.00647893
32835, 0.00647910
32836, 0.00647927
32837, 0.00647945
32838, 0.00647962
32839, 0.00647979
32840, 0.00647996
32841, 0.00648014
32842, 0.00648031
32843, 0.00648048
32844, 0.00648065
32845, 0.00648082
32846, 0.00648099
32847, 0.00648116
32848, 0.00648134
32849, 0.00648151
32850, 0.00648168
32851, 0.00648186
32852, 0.00648204
32853, 0.00648222
32854, 0.00648239
32855, 0.00648256
32856, 0.00648273
32857, 0.00648291
32858, 0.00648308
32859, 0.00648326
32860, 0.00648344
32861, 0.00648361
32862, 0.00648378
32863, 0.00648396
32864, 0.00648413
32865, 0.00648430
32866, 0.00648447
32867, 0.00648464
32868, 0.00648482
32869, 0.00648499
32870, 0.00648516
32871, 0.00648534
32872, 0.00648551
32873, 0.00648568
32874, 0.00648585
32875, 0.00648602
32876, 0.00648620
32877, 0.00648637
32878, 0.00648654
32879, 0.00648677
32880, 0.00648694
32881, 0.00648711
32882, 0.00648730
32883, 0.00648747
32884, 0.00648765
32885, 0.00648783
32886, 0.00648800
32887, 0.00648817
32888, 0.00648835
32889, 0.00648853
32890, 0.00648872
32891, 0.00649089
32892, 0.00649108
32893, 0.00649126
32894, 0.00649143
32895, 0.00649160
32896, 0.00649178
32897, 0.00649195
32898, 0.00649213
32899, 0.00649230
32900, 0.00649248
32901, 0.00649265
32902, 0.00649283
32903, 0.00649300
32904, 0.00649318
32905, 0.00649335
32906, 0.00649352
32907, 0.00649370
32908, 0.00649387
32909, 0.00649405
32910, 0.00649422
32911, 0.00649440
32912, 0.00649458
32913, 0.00649476
32914, 0.00649495
32915, 0.00649513
32916, 0.00649531
32917, 0.00649549
32918, 0.00649567
32919, 0.00649584
32920, 0.00649601
32921, 0.00649619
32922, 0.00649636
32923, 0.00649653
32924, 0.00649671
32925, 0.00649688
32926, 0.00649705
32927, 0.00649723
32928, 0.00649740
32929, 0.00649758
32930, 0.00649775
32931, 0.00649792
32932, 0.00649810
32933, 0.00649827
32934, 0.00649844
32935, 0.00649862
32936, 0.00649879
32937, 0.00649896
32938, 0.00649913
32939, 0.00649931
32940, 0.00649948
32941, 0.00649965
32942, 0.00649983
32943, 0.00650000
32944, 0.00650017
32945, 0.00650034
32946, 0.00650052
32947, 0.00650069
32948, 0.00650086
32949, 0.00650104
32950, 0.00650121
32951, 0.00650138
32952, 0.00650155
32953, 0.00650173
32954, 0.00650190
32955, 0.00650208
32956, 0.00650225
32957, 0.00650243
32958, 0.00650260
32959, 0.00650277
32960, 0.00650295
32961, 0.00650312
32962, 0.00650330
32963, 0.00650347
32964, 0.00650364
32965, 0.00650381
32966, 0.00650399
32967, 0.00650416
32968, 0.00650433
32969, 0.00650451
32970, 0.00650468
32971, 0.00650485
32972, 0.00650503
32973, 0.00650520
32974, 0.00650538
32975, 0.00650555
32976, 0.00650572
32977, 0.00650589
32978, 0.00650606
32979, 0.00650624
32980, 0.00650641
32981, 0.00650659
32982, 0.00650676
32983, 0.00650694
32984, 0.00650711
32985, 0.00650728
32986, 0.00650746
32987, 0.00650763
32988, 0.00650781
32989, 0.00650798
32990, 0.00650815
32991, 0.00650832
32992, 0.00650849
32993, 0.00650867
32994, 0.00650884
32995, 0.00650901
32996, 0.00650918
32997, 0.00650936
32998, 0.00650953
32999, 0.00650970
33000, 0.00650987
33001, 0.00651005
33002, 0.00651022
33003, 0.00651039
33004, 0.00651057
33005, 0.00651074
33006, 0.00651091
33007, 0.00651109
33008, 0.00651126
33009, 0.00651144
33010, 0.00651161
33011, 0.00651178
33012, 0.00651195
33013, 0.00651213
33014, 0.00651230
33015, 0.00651247
33016, 0.00651267
33017, 0.00651694
33018, 0.00651713
33019, 0.00651731
33020, 0.00651749
33021, 0.00651767
33022, 0.00651785
33023, 0.00651803
33024, 0.00651821
33025, 0.00651839
33026, 0.00651856
33027, 0.00651874
33028, 0.00651892
33029, 0.00651909
33030, 0.00651927
33031, 0.00651945
33032, 0.00651962
33033, 0.00651979
33034, 0.00651996
33035, 0.00652014
33036, 0.00652031
33037, 0.00652049
33038, 0.00652067
33039, 0.00652084
33040, 0.00652102
33041, 0.00652120
33042, 0.00652137
33043, 0.00652155
33044, 0.00652172
33045, 0.00652190
33046, 0.00652207
33047, 0.00652225
33048, 0.00652242
33049, 0.00652259
33050, 0.00652277
33051, 0.00652295
33052, 0.00652312
33053, 0.00652330
33054, 0.00652347
33055, 0.00652365
33056, 0.00652382
33057, 0.00652400
33058, 0.00652418
33059, 0.00652435
33060, 0.00652453
33061, 0.00652470
33062, 0.00652487
33063, 0.00652505
33064, 0.00652523
33065, 0.00652541
33066, 0.00652558
33067, 0.00652576
33068, 0.00652594
33069, 0.00652612
33070, 0.00652629
33071, 0.00652646
33072, 0.00652664
33073, 0.00652682
33074, 0.00652699
33075, 0.00652717
33076, 0.00652735
33077, 0.00652752
33078, 0.00652770
33079, 0.00652788
33080, 0.00652805
33081, 0.00652823
33082, 0.00652840
33083, 0.00652858
33084, 0.00652875
33085, 0.00652893
33086, 0.00652910
33087, 0.00652927
33088, 0.00652945
33089, 0.00652962
33090, 0.00652980
33091, 0.00652997
33092, 0.00653015
33093, 0.00653032
33094, 0.00653049
33095, 0.00653067
33096, 0.00653084
33097, 0.00653102
33098, 0.00653119
33099, 0.00653136
33100, 0.00653153
33101, 0.00653171
33102, 0.00653189
33103, 0.00653206
33104, 0.00653224
33105, 0.00653241
33106, 0.00653259
33107, 0.00653276
33108, 0.00653293
33109, 0.00653311
33110, 0.00653329
33111, 0.00653347
33112, 0.00653364
33113, 0.00653382
33114, 0.00653399
33115, 0.00653416
33116, 0.00653433
33117, 0.00653451
33118, 0.00653468
33119, 0.00653485
33120, 0.00653503
33121, 0.00653520
33122, 0.00653538
33123, 0.00653555
33124, 0.00653572
33125, 0.00653590
33126, 0.00653607
33127, 0.00653625
33128, 0.00653643
33129, 0.00653660
33130, 0.00653677
33131, 0.00653695
33132, 0.00653712
33133, 0.00653729
33134, 0.00653747
33135, 0.00653764
33136, 0.00653781
33137, 0.00653799
33138, 0.00653816
33139, 0.00653833
33140, 0.00653850
33141, 0.00653867
33142, 0.00653887
33143, 0.00654101
33144, 0.00654121
33145, 0.00654138
33146, 0.00654156
33147, 0.00654173
33148, 0.00654191
33149, 0.00654209
33150, 0.00654226
33151, 0.00654244
33152, 0.00654261
33153, 0.00654279
33154, 0.00654296
33155, 0.00654314
33156, 0.00654332
33157, 0.00654349
33158, 0.00654366
33159, 0.00654384
33160, 0.00654402
33161, 0.00654420
33162, 0.00654437
33163, 0.00654456
33164, 0.00654474
33165, 0.00654492
33166, 0.00654510
33167, 0.00654529
33168, 0.00654547
33169, 0.00654565
33170, 0.00654583
33171, 0.00654601
33172, 0.00654619
33173, 0.00654637
33174, 0.00654656
33175, 0.00654674
33176, 0.00654691
33177, 0.00654708
33178, 0.00654726
33179, 0.00654743
33180, 0.00654760
33181, 0.00654777
33182, 0.00654794
33183, 0.00654812
33184, 0.00654829
33185, 0.00654846
33186, 0.00654863
33187, 0.00654880
33188, 0.00654897
33189, 0.00654915
33190, 0.00654932
33191, 0.00654949
33192, 0.00654967
33193, 0.00654984
33194, 0.00655001
33195, 0.00655018
33196, 0.00655036
33197, 0.00655053
33198, 0.00655070
33199, 0.00655088
33200, 0.00655105
33201, 0.00655122
33202, 0.00655139
33203, 0.00655156
33204, 0.00655174
33205, 0.00655192
33206, 0.00655210
33207, 0.00655228
33208, 0.00655246
33209, 0.00655263
33210, 0.00655281
33211, 0.00655298
33212, 0.00655316
33213, 0.00655333
33214, 0.00655350
33215, 0.00655367
33216, 0.00655384
33217, 0.00655402
33218, 0.00655419
33219, 0.00655436
33220, 0.00655453
33221, 0.00655470
33222, 0.00655487
33223, 0.00655504
33224, 0.00655521
33225, 0.00655539
33226, 0.00655556
33227, 0.00655574
33228, 0.00655590
33229, 0.00655608
33230, 0.00655625
33231, 0.00655642
33232, 0.00655660
33233, 0.00655677
33234, 0.00655694
33235, 0.00655712
33236, 0.00655729
33237, 0.00655746
33238, 0.00655763
33239, 0.00655780
33240, 0.00655797
33241, 0.00655814
33242, 0.00655832
33243, 0.00655849
33244, 0.00655866
33245, 0.00655883
33246, 0.00655900
33247, 0.00655917
33248, 0.00655934
33249, 0.00655951
33250, 0.00655968
33251, 0.00655986
33252, 0.00656003
33253, 0.00656020
33254, 0.00656037
33255, 0.00656055
33256, 0.00656072
33257, 0.00656089
33258, 0.00656106
33259, 0.00656123
33260, 0.00656140
33261, 0.00656158
33262, 0.00656175
33263, 0.00656192
33264, 0.00656209
33265, 0.00656226
33266, 0.00656244
33267, 0.00656261
33268, 0.00656280
33269, 0.00656503
33270, 0.00656523
33271, 0.00656541
33272, 0.00656558
33273, 0.00656576
33274, 0.00656593
33275, 0.00656611
33276, 0.00656629
33277, 0.00656646
33278, 0.00656663
33279, 0.00656681
33280, 0.00656699
33281, 0.00656716
33282, 0.00656734
33283, 0.00656752
33284, 0.00656769
33285, 0.00656787
33286, 0.00656804
33287, 0.00656828
33288, 0.00656846
33289, 0.00656864
33290, 0.00656881
33291, 0.00656900
33292, 0.00656918
33293, 0.00656936
33294, 0.00656954
33295, 0.00656978
33296, 0.00656995
33297, 0.00657013
33298, 0.00657031
33299, 0.00657048
33300, 0.00657066
33301, 0.00657083
33302, 0.00657100
33303, 0.00657126
33304, 0.00657143
33305, 0.00657161
33306, 0.00657178
33307, 0.00657196
33308, 0.00657213
33309, 0.00657231
33310, 0.00657249
33311, 0.00657274
33312, 0.00657291
33313, 0.00657309
33314, 0.00657327
33315, 0.00657344
33316, 0.00657362
33317, 0.00657379
33318, 0.00657397
33319, 0.00657422
33320, 0.00657440
33321, 0.00657458
33322, 0.00657476
33323, 0.00657493
33324, 0.00657510
33325, 0.00657528
33326, 0.00657546
33327, 0.00657571
33328, 0.00657589
33329, 0.00657606
33330, 0.00657624
33331, 0.00657642
33332, 0.00657659
33333, 0.00657676
33334, 0.00657694
33335, 0.00657719
33336, 0.00657737
33337, 0.00657754
33338, 0.00657772
33339, 0.00657789
33340, 0.00657807
33341, 0.00657825
33342, 0.00657842
33343, 0.00657867
33344, 0.00657884
33345, 0.00657903
33346, 0.00657920
33347, 0.00657938
33348, 0.00657956
33349, 0.00657973
33350, 0.00657990
33351, 0.00658008
33352, 0.00658026
33353, 0.00658043
33354, 0.00658061
33355, 0.00658078
33356, 0.00658096
33357, 0.00658113
33358, 0.00658131
33359, 0.00658148
33360, 0.00658166
33361, 0.00658183
33362, 0.00658201
33363, 0.00658218
33364, 0.00658235
33365, 0.00658253
33366, 0.00658271
33367, 0.00658289
33368, 0.00658306
33369, 0.00658324
33370, 0.00658342
33371, 0.00658360
33372, 0.00658378
33373, 0.00658395
33374, 0.00658413
33375, 0.00658430
33376, 0.00658448
33377, 0.00658466
33378, 0.00658484
33379, 0.00658502
33380, 0.00658520
33381, 0.00658537
33382, 0.00658555
33383, 0.00658573
33384, 0.00658590
33385, 0.00658608
33386, 0.00658625
33387, 0.00658643
33388, 0.00658660
33389, 0.00658678
33390, 0.00658695
33391, 0.00658713
33392, 0.00658731
33393, 0.00658748
33394, 0.00658769
33395, 0.00658983
33396, 0.00659002
33397, 0.00659019
33398, 0.00659037
33399, 0.00659054
33400, 0.00659072
33401, 0.00659090
33402, 0.00659108
33403, 0.00659126
33404, 0.00659144
33405, 0.00659162
33406, 0.00659180
33407, 0.00659198
33408, 0.00659216
33409, 0.00659233
33410, 0.00659251
33411, 0.00659269
33412, 0.00659287
33413, 0.00659304
33414, 0.00659322
33415, 0.00659340
33416, 0.00659357
33417, 0.00659374
33418, 0.00659391
33419, 0.00659409
33420, 0.00659427
33421, 0.00659444
33422, 0.00659461
33423, 0.00659478
33424, 0.00659495
33425, 0.00659512
33426, 0.00659530
33427, 0.00659547
33428, 0.00659564
33429, 0.00659581
33430, 0.00659598
33431, 0.00659616
33432, 0.00659633
33433, 0.00659650
33434, 0.00659667
33435, 0.00659684
33436, 0.00659701
33437, 0.00659719
33438, 0.00659735
33439, 0.00659752
33440, 0.00659769
33441, 0.00659787
33442, 0.00659804
33443, 0.00659821
33444, 0.00659838
33445, 0.00659855
33446, 0.00659872
33447, 0.00659889
33448, 0.00659907
33449, 0.00659924
33450, 0.00659941
33451, 0.00659958
33452, 0.00659977
33453, 0.00659995
33454, 0.00660014
33455, 0.00660034
33456, 0.00660053
33457, 0.00660070
33458, 0.00660089
33459, 0.00660106
33460, 0.00660123
33461, 0.00660140
33462, 0.00660157
33463, 0.00660174
33464, 0.00660192
33465, 0.00660209
33466, 0.00660226
33467, 0.00660243
33468, 0.00660261
33469, 0.00660280
33470, 0.00660297
33471, 0.00660314
33472, 0.00660331
33473, 0.00660349
33474, 0.00660366
33475, 0.00660383
33476, 0.00660401
33477, 0.00660418
33478, 0.00660435
33479, 0.00660452
33480, 0.00660469
33481, 0.00660486
33482, 0.00660504
33483, 0.00660521
33484, 0.00660539
33485, 0.00660556
33486, 0.00660573
33487, 0.00660591
33488, 0.00660608
33489, 0.00660625
33490, 0.00660642
33491, 0.00660660
33492, 0.00660677
33493, 0.00660695
33494, 0.00660712
33495, 0.00660730
33496, 0.00660747
33497, 0.00660764
33498, 0.00660781
33499, 0.00660799
33500, 0.00660816
33501, 0.00660833
33502, 0.00660851
33503, 0.00660868
33504, 0.00660885
33505, 0.00660902
33506, 0.00660919
33507, 0.00660937
33508, 0.00660954
33509, 0.00660972
33510, 0.00660989
33511, 0.00661007
33512, 0.00661024
33513, 0.00661041
33514, 0.00661058
33515, 0.00661076
33516, 0.00661093
33517, 0.00661111
33518, 0.00661128
33519, 0.00661146
33520, 0.00661165
33521, 0.00661391
33522, 0.00661410
33523, 0.00661428
33524, 0.00661445
33525, 0.00661463
33526, 0.00661480
33527, 0.00661498
33528, 0.00661516
33529, 0.00661534
33530, 0.00661553
33531, 0.00661571
33532, 0.00661588
33533, 0.00661606
33534, 0.00661623
33535, 0.00661641
33536, 0.00661658
33537, 0.00661675
33538, 0.00661693
33539, 0.00661710
33540, 0.00661727
33541, 0.00661745
33542, 0.00661762
33543, 0.00661779
33544, 0.00661797
33545, 0.00661814
33546, 0.00661831
33547, 0.00661848
33548, 0.00661866
33549, 0.00661883
33550, 0.00661901
33551, 0.00661918
33552, 0.00661935
33553, 0.00661953
33554, 0.00661970
33555, 0.00661987
33556, 0.00662005
33557, 0.00662022
33558, 0.00662040
33559, 0.00662057
33560, 0.00662075
33561, 0.00662092
33562, 0.00662110
33563, 0.00662127
33564, 0.00662146
33565, 0.00662163
33566, 0.00662180
33567, 0.00662197
33568, 0.00662215
33569, 0.00662232
33570, 0.00662249
33571, 0.00662267
33572, 0.00662284
33573, 0.00662302
33574, 0.00662320
33575, 0.00662337
33576, 0.00662354
33577, 0.00662372
33578, 0.00662389
33579, 0.00662406
33580, 0.00662423
33581, 0.00662440
33582, 0.00662458
33583, 0.00662475
33584, 0.00662492
33585, 0.00662509
33586, 0.00662527
33587, 0.00662544
33588, 0.00662561
33589, 0.00662578
33590, 0.00662596
33591, 0.00662613
33592, 0.00662630
33593, 0.00662647
33594, 0.00662665
33595, 0.00662682
33596, 0.00662700
33597, 0.00662717
33598, 0.00662735
33599, 0.00662752
33600, 0.00662769
33601, 0.00662787
33602, 0.00662804
33603, 0.00662822
33604, 0.00662839
33605, 0.00662856
33606, 0.00662874
33607, 0.00662891
33608, 0.00662909
33609, 0.00662926
33610, 0.00662943
33611, 0.00662960
33612, 0.00662978
33613, 0.00662995
33614, 0.00663012
33615, 0.00663029
33616, 0.00663047
33617, 0.00663064
33618, 0.00663082
33619, 0.00663099
33620, 0.00663116
33621, 0.00663133
33622, 0.00663151
33623, 0.00663168
33624, 0.00663185
33625, 0.00663202
33626, 0.00663220
33627, 0.00663237
33628, 0.00663255
33629, 0.00663272
33630, 0.00663289
33631, 0.00663307
33632, 0.00663324
33633, 0.00663341
33634, 0.00663359
33635, 0.00663376
33636, 0.00663393
33637, 0.00663411
33638, 0.00663428
33639, 0.00663446
33640, 0.00663463
33641, 0.00663481
33642, 0.00663498
33643, 0.00663515
33644, 0.00663532
33645, 0.00663550
33646, 0.00663569
33647, 0.00663792
33648, 0.00663813
33649, 0.00663832
33650, 0.00663850
33651, 0.00663868
33652, 0.00663885
33653, 0.00663903
33654, 0.00663920
33655, 0.00663937
33656, 0.00663955
33657, 0.00663972
33658, 0.00663990
33659, 0.00664008
33660, 0.00664025
33661, 0.00664043
33662, 0.00664060
33663, 0.00664078
33664, 0.00664095
33665, 0.00664113
33666, 0.00664130
33667, 0.00664147
33668, 0.00664164
33669, 0.00664182
33670, 0.00664199
33671, 0.00664217
33672, 0.00664234
33673, 0.00664251
33674, 0.00664268
33675, 0.00664286
33676, 0.00664303
33677, 0.00664321
33678, 0.00664339
33679, 0.00664356
33680, 0.00664373
33681, 0.00664391
33682, 0.00664408
33683, 0.00664425
33684, 0.00664442
33685, 0.00664459
33686, 0.00664477
33687, 0.00664494
33688, 0.00664511
33689, 0.00664529
33690, 0.00664546
33691, 0.00664565
33692, 0.00664584
33693, 0.00664601
33694, 0.00664618
33695, 0.00664636
33696, 0.00664654
33697, 0.00664672
33698, 0.00664690
33699, 0.00664708
33700, 0.00664726
33701, 0.00664744
33702, 0.00664762
33703, 0.00664780
33704, 0.00664798
33705, 0.00664817
33706, 0.00664835
33707, 0.00664853
33708, 0.00664871
33709, 0.00664889
33710, 0.00664907
33711, 0.00664925
33712, 0.00664943
33713, 0.00664962
33714, 0.00664980
33715, 0.00664998
33716, 0.00665016
33717, 0.00665034
33718, 0.00665052
33719, 0.00665070
33720, 0.00665088
33721, 0.00665107
33722, 0.00665125
33723, 0.00665143
33724, 0.00665162
33725, 0.00665180
33726, 0.00665198
33727, 0.00665216
33728, 0.00665234
33729, 0.00665252
33730, 0.00665271
33731, 0.00665289
33732, 0.00665309
33733, 0.00665327
33734, 0.00665345
33735, 0.00665363
33736, 0.00665381
33737, 0.00665399
33738, 0.00665417
33739, 0.00665435
33740, 0.00665453
33741, 0.00665471
33742, 0.00665489
33743, 0.00665508
33744, 0.00665526
33745, 0.00665544
33746, 0.00665562
33747, 0.00665580
33748, 0.00665598
33749, 0.00665616
33750, 0.00665634
33751, 0.00665653
33752, 0.00665671
33753, 0.00665689
33754, 0.00665707
33755, 0.00665725
33756, 0.00665743
33757, 0.00665761
33758, 0.00665779
33759, 0.00665798
33760, 0.00665816
33761, 0.00665834
33762, 0.00665852
33763, 0.00665870
33764, 0.00665889
33765, 0.00665907
33766, 0.00665925
33767, 0.00665943
33768, 0.00665961
33769, 0.00665979
33770, 0.00665997
33771, 0.00666015
33772, 0.00666036
33773, 0.00666257
33774, 0.00666278
33775, 0.00666295
33776, 0.00666313
33777, 0.00666330
33778, 0.00666348
33779, 0.00666365
33780, 0.00666383
33781, 0.00666400
33782, 0.00666418
33783, 0.00666435
33784, 0.00666452
33785, 0.00666470
33786, 0.00666488
33787, 0.00666505
33788, 0.00666522
33789, 0.00666540
33790, 0.00666557
33791, 0.00666574
33792, 0.00666591
33793, 0.00666608
33794, 0.00666625
33795, 0.00666643
33796, 0.00666660
33797, 0.00666677
33798, 0.00666695
33799, 0.00666719
33800, 0.00666736
33801, 0.00666753
33802, 0.00666770
33803, 0.00666787
33804, 0.00666805
33805, 0.00666822
33806, 0.00666839
33807, 0.00666863
33808, 0.00666880
33809, 0.00666898
33810, 0.00666915
33811, 0.00666932
33812, 0.00666949
33813, 0.00666966
33814, 0.00666983
33815, 0.00667007
33816, 0.00667024
33817, 0.00667041
33818, 0.00667059
33819, 0.00667076
33820, 0.00667093
33821, 0.00667110
33822, 0.00667127
33823, 0.00667154
33824, 0.00667171
33825, 0.00667188
33826, 0.00667205
33827, 0.00667222
33828, 0.00667240
33829, 0.00667257
33830, 0.00667274
33831, 0.00667298
33832, 0.00667315
33833, 0.00667332
33834, 0.00667349
33835, 0.00667366
33836, 0.00667384
33837, 0.00667401
33838, 0.00667418
33839, 0.00667442
33840, 0.00667459
33841, 0.00667476
33842, 0.00667493
33843, 0.00667511
33844, 0.00667528
33845, 0.00667545
33846, 0.00667563
33847, 0.00667588
33848, 0.00667605
33849, 0.00667623
33850, 0.00667640
33851, 0.00667657
33852, 0.00667675
33853, 0.00667692
33854, 0.00667710
33855, 0.00667735
33856, 0.00667752
33857, 0.00667769
33858, 0.00667786
33859, 0.00667803
33860, 0.00667820
33861, 0.00667837
33862, 0.00667854
33863, 0.00667871
33864, 0.00667888
33865, 0.00667906
33866, 0.00667923
33867, 0.00667940
33868, 0.00667958
33869, 0.00667975
33870, 0.00667992
33871, 0.00668010
33872, 0.00668027
33873, 0.00668044
33874, 0.00668061
33875, 0.00668078
33876, 0.00668095
33877, 0.00668112
33878, 0.00668129
33879, 0.00668146
33880, 0.00668164
33881, 0.00668181
33882, 0.00668198
33883, 0.00668215
33884, 0.00668233
33885, 0.00668250
33886, 0.00668267
33887, 0.00668284
33888, 0.00668301
33889, 0.00668319
33890, 0.00668336
33891, 0.00668353
33892, 0.00668370
33893, 0.00668388
33894, 0.00668405
33895, 0.00668422
33896, 0.00668440
33897, 0.00668458
33898, 0.00668478
33899, 0.00668698
33900, 0.00668717
33901, 0.00668736
33902, 0.00668753
33903, 0.00668771
33904, 0.00668789
33905, 0.00668806
33906, 0.00668824
33907, 0.00668842
33908, 0.00668859
33909, 0.00668877
33910, 0.00668895
33911, 0.00668913
33912, 0.00668931
33913, 0.00668948
33914, 0.00668966
33915, 0.00668984
33916, 0.00669001
33917, 0.00669019
33918, 0.00669037
33919, 0.00669055
33920, 0.00669073
33921, 0.00669090
33922, 0.00669108
33923, 0.00669126
33924, 0.00669143
33925, 0.00669161
33926, 0.00669179
33927, 0.00669197
33928, 0.00669214
33929, 0.00669232
33930, 0.00669249
33931, 0.00669267
33932, 0.00669285
33933, 0.00669303
33934, 0.00669321
33935, 0.00669338
33936, 0.00669356
33937, 0.00669374
33938, 0.00669391
33939, 0.00669409
33940, 0.00669426
33941, 0.00669444
33942, 0.00669461
33943, 0.00669479
33944, 0.00669496
33945, 0.00669514
33946, 0.00669531
33947, 0.00669549
33948, 0.00669566
33949, 0.00669583
33950, 0.00669601
33951, 0.00669618
33952, 0.00669636
33953, 0.00669654
33954, 0.00669671
33955, 0.00669689
33956, 0.00669706
33957, 0.00669724
33958, 0.00669742
33959, 0.00669759
33960, 0.00669777
33961, 0.00669794
33962, 0.00669812
33963, 0.00669829
33964, 0.00669847
33965, 0.00669864
33966, 0.00669882
33967, 0.00669899
33968, 0.00669916
33969, 0.00669934
33970, 0.00669951
33971, 0.00669968
33972, 0.00669986
33973, 0.00670003
33974, 0.00670021
33975, 0.00670039
33976, 0.00670056
33977, 0.00670073
33978, 0.00670090
33979, 0.00670107
33980, 0.00670125
33981, 0.00670142
33982, 0.00670159
33983, 0.00670177
33984, 0.00670194
33985, 0.00670212
33986, 0.00670229
33987, 0.00670246
33988, 0.00670264
33989, 0.00670282
33990, 0.00670299
33991, 0.00670317
33992, 0.00670335
33993, 0.00670352
33994, 0.00670370
33995, 0.00670387
33996, 0.00670404
33997, 0.00670421
33998, 0.00670439
33999, 0.00670456
34000, 0.00670473
34001, 0.00670491
34002, 0.00670508
34003, 0.00670526
34004, 0.00670543
34005, 0.00670560
34006, 0.00670578
34007, 0.00670595
34008, 0.00670613
34009, 0.00670630
34010, 0.00670648
34011, 0.00670665
34012, 0.00670682
34013, 0.00670700
34014, 0.00670717
34015, 0.00670734
34016, 0.00670752
34017, 0.00670769
34018, 0.00670787
34019, 0.00670805
34020, 0.00670823
34021, 0.00670840
34022, 0.00670858
34023, 0.00670875
34024, 0.00670894
34025, 0.00671114
34026, 0.00671134
34027, 0.00671152
34028, 0.00671169
34029, 0.00671186
34030, 0.00671204
34031, 0.00671221
34032, 0.00671238
34033, 0.00671256
34034, 0.00671273
34035, 0.00671291
34036, 0.00671308
34037, 0.00671325
34038, 0.00671343
34039, 0.00671361
34040, 0.00671378
34041, 0.00671395
34042, 0.00671413
34043, 0.00671430
34044, 0.00671447
34045, 0.00671464
34046, 0.00671481
34047, 0.00671499
34048, 0.00671516
34049, 0.00671533
34050, 0.00671550
34051, 0.00671568
34052, 0.00671584
34053, 0.00671602
34054, 0.00671618
34055, 0.00671636
34056, 0.00671653
34057, 0.00671670
34058, 0.00671687
34059, 0.00671704
34060, 0.00671721
34061, 0.00671738
34062, 0.00671755
34063, 0.00671772
34064, 0.00671789
34065, 0.00671806
34066, 0.00671823
34067, 0.00671841
34068, 0.00671858
34069, 0.00671875
34070, 0.00671892
34071, 0.00671910
34072, 0.00671927
34073, 0.00671944
34074, 0.00671961
34075, 0.00671978
34076, 0.00671995
34077, 0.00672012
34078, 0.00672029
34079, 0.00672046
34080, 0.00672063
34081, 0.00672081
34082, 0.00672098
34083, 0.00672116
34084, 0.00672133
34085, 0.00672150
34086, 0.00672167
34087, 0.00672184
34088, 0.00672201
34089, 0.00672218
34090, 0.00672235
34091, 0.00672252
34092, 0.00672269
34093, 0.00672286
34094, 0.00672303
34095, 0.00672320
34096, 0.00672337
34097, 0.00672354
34098, 0.00672371
34099, 0.00672388
34100, 0.00672405
34101, 0.00672422
34102, 0.00672439
34103, 0.00672456
34104, 0.00672474
34105, 0.00672490
34106, 0.00672507
34107, 0.00672524
34108, 0.00672542
34109, 0.00672559
34110, 0.00672576
34111, 0.00672593
34112, 0.00672610
34113, 0.00672627
34114, 0.00672644
34115, 0.00672661
34116, 0.00672678
34117, 0.00672695
34118, 0.00672712
34119, 0.00672729
34120, 0.00672746
34121, 0.00672763
34122, 0.00672780
34123, 0.00672797
34124, 0.00672815
34125, 0.00672832
34126, 0.00672849
34127, 0.00672866
34128, 0.00672882
34129, 0.00672899
34130, 0.00672917
34131, 0.00672934
34132, 0.00672951
34133, 0.00672968
34134, 0.00672985
34135, 0.00673002
34136, 0.00673019
34137, 0.00673036
34138, 0.00673053
34139, 0.00673071
34140, 0.00673088
34141, 0.00673105
34142, 0.00673122
34143, 0.00673138
34144, 0.00673155
34145, 0.00673173
34146, 0.00673190
34147, 0.00673207
34148, 0.00673224
34149, 0.00673242
34150, 0.00673261
34151, 0.00673483
34152, 0.00673504
34153, 0.00673522
34154, 0.00673540
34155, 0.00673557
34156, 0.00673575
34157, 0.00673592
34158, 0.00673610
34159, 0.00673627
34160, 0.00673644
34161, 0.00673661
34162, 0.00673678
34163, 0.00673695
34164, 0.00673713
34165, 0.00673730
34166, 0.00673748
34167, 0.00673765
34168, 0.00673782
34169, 0.00673799
34170, 0.00673817
34171, 0.00673834
34172, 0.00673852
34173, 0.00673869
34174, 0.00673886
34175, 0.00673904
34176, 0.00673921
34177, 0.00673938
34178, 0.00673956
34179, 0.00673973
34180, 0.00673991
34181, 0.00674008
34182, 0.00674025
34183, 0.00674043
34184, 0.00674060
34185, 0.00674077
34186, 0.00674094
34187, 0.00674111
34188, 0.00674129
34189, 0.00674146
34190, 0.00674163
34191, 0.00674181
34192, 0.00674198
34193, 0.00674215
34194, 0.00674233
34195, 0.00674250
34196, 0.00674268
34197, 0.00674285
34198, 0.00674303
34199, 0.00674320
34200, 0.00674337
34201, 0.00674355
34202, 0.00674372
34203, 0.00674390
34204, 0.00674407
34205, 0.00674424
34206, 0.00674442
34207, 0.00674465
34208, 0.00674483
34209, 0.00674500
34210, 0.00674516
34211, 0.00674534
34212, 0.00674550
34213, 0.00674568
34214, 0.00674585
34215, 0.00674602
34216, 0.00674619
34217, 0.00674636
34218, 0.00674653
34219, 0.00674670
34220, 0.00674687
34221, 0.00674704
34222, 0.00674721
34223, 0.00674738
34224, 0.00674756
34225, 0.00674772
34226, 0.00674790
34227, 0.00674807
34228, 0.00674824
34229, 0.00676079
34230, 0.00676098
34231, 0.00676116
34232, 0.00676135
34233, 0.00676153
34234, 0.00676172
34235, 0.00676189
34236, 0.00676207
34237, 0.00676224
34238, 0.00676242
34239, 0.00676260
34240, 0.00676277
34241, 0.00676294
34242, 0.00676312
34243, 0.00676329
34244, 0.00676346
34245, 0.00676364
34246, 0.00676381
34247, 0.00676399
34248, 0.00676416
34249, 0.00676434
34250, 0.00676452
34251, 0.00676469
34252, 0.00676487
34253, 0.00676504
34254, 0.00676522
34255, 0.00676539
34256, 0.00676557
34257, 0.00676575
34258, 0.00676592
34259, 0.00676610
34260, 0.00676627
34261, 0.00676645
34262, 0.00676662
34263, 0.00676680
34264, 0.00676698
34265, 0.00676716
34266, 0.00676734
34267, 0.00676752
34268, 0.00676769
34269, 0.00676787
34270, 0.00676804
34271, 0.00676822
34272, 0.00676840
34273, 0.00676857
34274, 0.00676874
34275, 0.00676891
34276, 0.00676912
34277, 0.00677141
34278, 0.00677161
34279, 0.00677180
34280, 0.00677198
34281, 0.00677216
34282, 0.00677235
34283, 0.00677253
34284, 0.00677271
34285, 0.00677290
34286, 0.00677308
34287, 0.00677326
34288, 0.00677344
34289, 0.00677362
34290, 0.00677380
34291, 0.00677399
34292, 0.00677417
34293, 0.00677435
34294, 0.00677453
34295, 0.00677471
34296, 0.00677489
34297, 0.00677507
34298, 0.00677525
34299, 0.00677543
34300, 0.00677561
34301, 0.00677580
34302, 0.00677598
34303, 0.00677616
34304, 0.00677634
34305, 0.00677653
34306, 0.00677671
34307, 0.00677689
34308, 0.00677708
34309, 0.00677726
34310, 0.00677744
34311, 0.00677763
34312, 0.00677781
34313, 0.00677799
34314, 0.00677817
34315, 0.00677835
34316, 0.00677854
34317, 0.00677871
34318, 0.00677889
34319, 0.00677906
34320, 0.00677923
34321, 0.00677940
34322, 0.00677957
34323, 0.00677974
34324, 0.00677991
34325, 0.00678008
34326, 0.00678025
34327, 0.00678042
34328, 0.00678059
34329, 0.00678076
34330, 0.00678093
34331, 0.00678110
34332, 0.00678128
34333, 0.00678145
34334, 0.00678162
34335, 0.00678180
34336, 0.00678197
34337, 0.00678214
34338, 0.00678231
34339, 0.00678248
34340, 0.00678265
34341, 0.00678282
34342, 0.00678299
34343, 0.00678317
34344, 0.00678333
34345, 0.00678350
34346, 0.00678368
34347, 0.00678385
34348, 0.00678402
34349, 0.00678419
34350, 0.00678436
34351, 0.00678453
34352, 0.00678470
34353, 0.00678487
34354, 0.00678504
34355, 0.00678521
34356, 0.00678538
34357, 0.00678556
34358, 0.00678573
34359, 0.00678597
34360, 0.00678614
34361, 0.00678631
34362, 0.00678649
34363, 0.00678666
34364, 0.00678683
34365, 0.00678700
34366, 0.00678717
34367, 0.00678741
34368, 0.00678758
34369, 0.00678775
34370, 0.00678792
34371, 0.00678809
34372, 0.00678826
34373, 0.00678843
34374, 0.00678860
34375, 0.00678884
34376, 0.00678901
34377, 0.00678918
34378, 0.00678935
34379, 0.00678952
34380, 0.00678969
34381, 0.00678986
34382, 0.00679003
34383, 0.00679028
34384, 0.00679045
34385, 0.00679062
34386, 0.00679079
34387, 0.00679097
34388, 0.00679115
34389, 0.00679133
34390, 0.00679151
34391, 0.00679193
34392, 0.00679210
34393, 0.00679227
34394, 0.00679244
34395, 0.00679261
34396, 0.00679278
34397, 0.00679296
34398, 0.00679313
34399, 0.00679337
34400, 0.00679354
34401, 0.00679371
34402, 0.00679392
34403, 0.00679606
34404, 0.00679626
34405, 0.00679644
34406, 0.00679662
34407, 0.00679687
34408, 0.00679704
34409, 0.00679722
34410, 0.00679740
34411, 0.00679757
34412, 0.00679775
34413, 0.00679793
34414, 0.00679811
34415, 0.00679836
34416, 0.00679854
34417, 0.00679871
34418, 0.00679889
34419, 0.00679907
34420, 0.00679924
34421, 0.00679942
34422, 0.00679960
34423, 0.00679985
34424, 0.00680002
34425, 0.00680020
34426, 0.00680038
34427, 0.00680055
34428, 0.00680073
34429, 0.00680090
34430, 0.00680108
34431, 0.00680132
34432, 0.00680150
34433, 0.00680167
34434, 0.00680185
34435, 0.00680202
34436, 0.00680220
34437, 0.00680237
34438, 0.00680255
34439, 0.00680273
34440, 0.00680291
34441, 0.00680309
34442, 0.00680327
34443, 0.00680344
34444, 0.00680362
34445, 0.00680384
34446, 0.00680402
34447, 0.00680419
34448, 0.00680438
34449, 0.00680455
34450, 0.00680473
34451, 0.00680491
34452, 0.00680509
34453, 0.00680527
34454, 0.00680544
34455, 0.00680562
34456, 0.00680580
34457, 0.00680598
34458, 0.00680615
34459, 0.00680633
34460, 0.00680651
34461, 0.00680668
34462, 0.00680686
34463, 0.00680704
34464, 0.00680721
34465, 0.00680738
34466, 0.00680756
34467, 0.00680773
34468, 0.00680791
34469, 0.00680809
34470, 0.00680827
34471, 0.00680845
34472, 0.00680862
34473, 0.00680880
34474, 0.00680901
34475, 0.00680919
34476, 0.00680938
34477, 0.00680955
34478, 0.00680973
34479, 0.00680991
34480, 0.00681008
34481, 0.00681026
34482, 0.00681044
34483, 0.00681061
34484, 0.00681079
34485, 0.00681097
34486, 0.00681115
34487, 0.00681132
34488, 0.00681150
34489, 0.00681168
34490, 0.00681186
34491, 0.00681204
34492, 0.00681221
34493, 0.00681240
34494, 0.00681258
34495, 0.00681275
34496, 0.00681293
34497, 0.00681310
34498, 0.00681328
34499, 0.00681346
34500, 0.00681363
34501, 0.00681380
34502, 0.00681398
34503, 0.00681416
34504, 0.00681433
34505, 0.00681451
34506, 0.00681468
34507, 0.00681486
34508, 0.00681503
34509, 0.00681521
34510, 0.00681539
34511, 0.00681556
34512, 0.00681574
34513, 0.00681591
34514, 0.00681609
34515, 0.00681626
34516, 0.00681644
34517, 0.00681661
34518, 0.00681679
34519, 0.00681697
34520, 0.00681714
34521, 0.00681732
34522, 0.00681749
34523, 0.00681766
34524, 0.00681784
34525, 0.00681801
34526, 0.00681818
34527, 0.00681836
34528, 0.00681855
34529, 0.00682111
34530, 0.00682131
34531, 0.00682149
34532, 0.00682167
34533, 0.00682185
34534, 0.00682202
34535, 0.00682220
34536, 0.00682237
34537, 0.00682255
34538, 0.00682272
34539, 0.00682290
34540, 0.00682307
34541, 0.00682325
34542, 0.00682343
34543, 0.00682360
34544, 0.00682378
34545, 0.00682395
34546, 0.00682413
34547, 0.00682430
34548, 0.00682448
34549, 0.00682466
34550, 0.00682483
34551, 0.00682501
34552, 0.00682518
34553, 0.00682536
34554, 0.00682553
34555, 0.00682571
34556, 0.00682588
34557, 0.00682605
34558, 0.00682623
34559, 0.00682640
34560, 0.00682657
34561, 0.00682674
34562, 0.00682692
34563, 0.00682710
34564, 0.00682727
34565, 0.00682744
34566, 0.00682762
34567, 0.00682779
34568, 0.00682796
34569, 0.00682814
34570, 0.00682832
34571, 0.00682849
34572, 0.00682867
34573, 0.00682884
34574, 0.00682901
34575, 0.00682919
34576, 0.00682937
34577, 0.00682954
34578, 0.00682971
34579, 0.00682988
34580, 0.00683006
34581, 0.00683023
34582, 0.00683041
34583, 0.00683059
34584, 0.00683076
34585, 0.00683093
34586, 0.00683110
34587, 0.00683128
34588, 0.00683145
34589, 0.00683162
34590, 0.00683179
34591, 0.00683196
34592, 0.00683214
34593, 0.00683231
34594, 0.00683249
34595, 0.00683266
34596, 0.00683284
34597, 0.00683301
34598, 0.00683319
34599, 0.00683336
34600, 0.00683353
34601, 0.00683370
34602, 0.00683387
34603, 0.00683404
34604, 0.00683422
34605, 0.00683439
34606, 0.00683456
34607, 0.00683473
34608, 0.00683490
34609, 0.00683508
34610, 0.00683525
34611, 0.00683542
34612, 0.00683559
34613, 0.00683576
34614, 0.00683593
34615, 0.00683610
34616, 0.00683627
34617, 0.00683644
34618, 0.00683662
34619, 0.00683679
34620, 0.00683696
34621, 0.00683713
34622, 0.00683730
34623, 0.00683747
34624, 0.00683764
34625, 0.00683781
34626, 0.00683799
34627, 0.00683816
34628, 0.00683833
34629, 0.00683850
34630, 0.00683867
34631, 0.00683884
34632, 0.00683902
34633, 0.00683919
34634, 0.00683937
34635, 0.00683955
34636, 0.00683972
34637, 0.00683989
34638, 0.00684006
34639, 0.00684024
34640, 0.00684041
34641, 0.00684058
34642, 0.00684075
34643, 0.00684092
34644, 0.00684109
34645, 0.00684127
34646, 0.00684144
34647, 0.00684161
34648, 0.00684179
34649, 0.00684197
34650, 0.00684214
34651, 0.00684231
34652, 0.00684249
34653, 0.00684266
34654, 0.00684286
34655, 0.00684507
34656, 0.00684526
34657, 0.00684543
34658, 0.00684561
34659, 0.00684578
34660, 0.00684595
34661, 0.00684613
34662, 0.00684631
34663, 0.00684648
34664, 0.00684665
34665, 0.00684683
34666, 0.00684700
34667, 0.00684718
34668, 0.00684735
34669, 0.00684752
34670, 0.00684769
34671, 0.00684786
34672, 0.00684803
34673, 0.00684820
34674, 0.00684838
34675, 0.00684855
34676, 0.00684872
34677, 0.00684889
34678, 0.00684906
34679, 0.00684924
34680, 0.00684941
34681, 0.00684958
34682, 0.00684976
34683, 0.00684993
34684, 0.00685010
34685, 0.00685027
34686, 0.00685044
34687, 0.00685061
34688, 0.00685079
34689, 0.00685095
34690, 0.00685113
34691, 0.00685132
34692, 0.00685150
34693, 0.00685168
34694, 0.00685186
34695, 0.00685205
34696, 0.00685223
34697, 0.00685241
34698, 0.00685259
34699, 0.00685277
34700, 0.00685295
34701, 0.00685314
34702, 0.00685332
34703, 0.00685350
34704, 0.00685368
34705, 0.00685386
34706, 0.00685404
34707, 0.00685422
34708, 0.00685441
34709, 0.00685459
34710, 0.00685477
34711, 0.00685495
34712, 0.00685513
34713, 0.00685531
34714, 0.00685548
34715, 0.00685565
34716, 0.00685583
34717, 0.00685600
34718, 0.00685617
34719, 0.00685635
34720, 0.00685651
34721, 0.00685668
34722, 0.00685687
34723, 0.00685705
34724, 0.00685722
34725, 0.00685739
34726, 0.00685756
34727, 0.00685773
34728, 0.00685790
34729, 0.00685807
34730, 0.00685825
34731, 0.00685843
34732, 0.00685861
34733, 0.00685879
34734, 0.00685897
34735, 0.00685915
34736, 0.00685933
34737, 0.00685951
34738, 0.00686504
34739, 0.00686523
34740, 0.00686541
34741, 0.00686559
34742, 0.00686577
34743, 0.00686594
34744, 0.00686612
34745, 0.00686630
34746, 0.00686648
34747, 0.00686666
34748, 0.00686683
34749, 0.00686701
34750, 0.00686718
34751, 0.00686736
34752, 0.00686754
34753, 0.00686771
34754, 0.00686789
34755, 0.00686806
34756, 0.00686823
34757, 0.00686841
34758, 0.00686859
34759, 0.00686877
34760, 0.00686894
34761, 0.00686912
34762, 0.00686929
34763, 0.00686947
34764, 0.00686964
34765, 0.00686981
34766, 0.00686999
34767, 0.00687016
34768, 0.00687033
34769, 0.00687050
34770, 0.00687067
34771, 0.00687084
34772, 0.00687102
34773, 0.00687119
34774, 0.00687136
34775, 0.00687153
34776, 0.00687171
34777, 0.00687188
34778, 0.00687205
34779, 0.00687222
34780, 0.00687242
34781, 0.00687464
34782, 0.00687485
34783, 0.00687503
34784, 0.00687522
34785, 0.00687540
34786, 0.00687557
34787, 0.00687575
34788, 0.00687593
34789, 0.00687611
34790, 0.00687629
34791, 0.00687647
34792, 0.00687664
34793, 0.00687682
34794, 0.00687700
34795, 0.00687717
34796, 0.00687735
34797, 0.00687754
34798, 0.00687772
34799, 0.00687790
34800, 0.00687807
34801, 0.00687825
34802, 0.00687843
34803, 0.00687860
34804, 0.00687878
34805, 0.00687895
34806, 0.00687913
34807, 0.00687931
34808, 0.00687948
34809, 0.00687966
34810, 0.00687983
34811, 0.00688001
34812, 0.00688019
34813, 0.00688036
34814, 0.00688053
34815, 0.00688070
34816, 0.00688088
34817, 0.00688105
34818, 0.00688122
34819, 0.00688139
34820, 0.00688156
34821, 0.00688174
34822, 0.00688191
34823, 0.00688215
34824, 0.00688233
34825, 0.00688250
34826, 0.00688267
34827, 0.00688285
34828, 0.00688302
34829, 0.00688320
34830, 0.00688337
34831, 0.00688364
34832, 0.00688381
34833, 0.00688398
34834, 0.00688416
34835, 0.00688433
34836, 0.00688450
34837, 0.00688468
34838, 0.00688486
34839, 0.00688511
34840, 0.00688529
34841, 0.00688546
34842, 0.00688563
34843, 0.00688580
34844, 0.00688598
34845, 0.00688615
34846, 0.00688632
34847, 0.00688656
34848, 0.00688674
34849, 0.00688691
34850, 0.00688708
34851, 0.00688726
34852, 0.00688744
34853, 0.00688761
34854, 0.00688778
34855, 0.00688804
34856, 0.00688821
34857, 0.00688838
34858, 0.00688855
34859, 0.00688872
34860, 0.00688890
34861, 0.00688907
34862, 0.00688924
34863, 0.00688949
34864, 0.00688966
34865, 0.00688983
34866, 0.00689000
34867, 0.00689017
34868, 0.00689035
34869, 0.00689052
34870, 0.00689069
34871, 0.00689094
34872, 0.00689112
34873, 0.00689129
34874, 0.00689146
34875, 0.00689164
34876, 0.00689181
34877, 0.00689198
34878, 0.00689216
34879, 0.00689240
34880, 0.00689257
34881, 0.00689274
34882, 0.00689292
34883, 0.00689310
34884, 0.00689327
34885, 0.00689344
34886, 0.00689362
34887, 0.00689391
34888, 0.00689409
34889, 0.00689426
34890, 0.00689443
34891, 0.00689460
34892, 0.00689478
34893, 0.00689495
34894, 0.00689512
34895, 0.00689537
34896, 0.00689554
34897, 0.00689571
34898, 0.00689588
34899, 0.00689606
34900, 0.00689623
34901, 0.00689641
34902, 0.00689658
34903, 0.00689676
34904, 0.00689693
34905, 0.00689711
34906, 0.00689731
34907, 0.00689946
34908, 0.00689966
34909, 0.00689984
34910, 0.00690002
34911, 0.00690019
34912, 0.00690037
34913, 0.00690054
34914, 0.00690072
34915, 0.00690090
34916, 0.00690107
34917, 0.00690125
34918, 0.00690142
34919, 0.00690160
34920, 0.00690177
34921, 0.00690194
34922, 0.00690212
34923, 0.00690229
34924, 0.00690247
34925, 0.00690264
34926, 0.00690282
34927, 0.00690300
34928, 0.00690317
34929, 0.00690334
34930, 0.00690351
34931, 0.00690369
34932, 0.00690386
34933, 0.00690403
34934, 0.00690421
34935, 0.00690438
34936, 0.00690456
34937, 0.00690473
34938, 0.00690490
34939, 0.00690507
34940, 0.00690525
34941, 0.00690542
34942, 0.00690559
34943, 0.00690576
34944, 0.00690594
34945, 0.00690611
34946, 0.00690628
34947, 0.00690646
34948, 0.00690663
34949, 0.00690680
34950, 0.00690697
34951, 0.00690714
34952, 0.00690731
34953, 0.00690749
34954, 0.00690766
34955, 0.00690784
34956, 0.00690801
34957, 0.00690818
34958, 0.00690836
34959, 0.00690853
34960, 0.00690870
34961, 0.00690887
34962, 0.00690904
34963, 0.00690922
34964, 0.00690939
34965, 0.00690956
34966, 0.00690974
34967, 0.00690991
34968, 0.00691009
34969, 0.00691026
34970, 0.00691043
34971, 0.00691061
34972, 0.00691078
34973, 0.00691095
34974, 0.00691113
34975, 0.00691130
34976, 0.00691147
34977, 0.00691165
34978, 0.00691182
34979, 0.00691199
34980, 0.00691217
34981, 0.00691234
34982, 0.00691251
34983, 0.00691268
34984, 0.00691286
34985, 0.00691303
34986, 0.00691320
34987, 0.00691338
34988, 0.00691356
34989, 0.00691373
34990, 0.00691390
34991, 0.00691408
34992, 0.00691425
34993, 0.00691443
34994, 0.00691460
34995, 0.00691477
34996, 0.00691494
34997, 0.00691511
34998, 0.00691528
34999, 0.00691546
35000, 0.00691563
35001, 0.00691580
35002, 0.00691598
35003, 0.00691615
35004, 0.00691632
35005, 0.00691650
35006, 0.00691667
35007, 0.00691685
35008, 0.00691702
35009, 0.00691719
35010, 0.00691737
35011, 0.00691754
35012, 0.00691771
35013, 0.00691789
35014, 0.00691806
35015, 0.00691823
35016, 0.00691841
35017, 0.00691858
35018, 0.00691875
35019, 0.00691893
35020, 0.00691910
35021, 0.00691927
35022, 0.00691945
35023, 0.00691962
35024, 0.00691979
35025, 0.00691996
35026, 0.00692014
35027, 0.00692031
35028, 0.00692049
35029, 0.00692066
35030, 0.00692083
35031, 0.00692101
35032, 0.00692120
35033, 0.00692342
35034, 0.00692362
35035, 0.00692380
35036, 0.00692397
35037, 0.00692415
35038, 0.00692433
35039, 0.00692450
35040, 0.00692468
35041, 0.00692486
35042, 0.00692503
35043, 0.00692521
35044, 0.00692539
35045, 0.00692557
35046, 0.00692576
35047, 0.00692594
35048, 0.00692612
35049, 0.00692630
35050, 0.00692649
35051, 0.00692667
35052, 0.00692685
35053, 0.00692703
35054, 0.00692721
35055, 0.00692739
35056, 0.00692758
35057, 0.00692776
35058, 0.00692794
35059, 0.00692812
35060, 0.00692830
35061, 0.00692848
35062, 0.00692867
35063, 0.00692885
35064, 0.00692903
35065, 0.00692921
35066, 0.00692939
35067, 0.00692958
35068, 0.00692976
35069, 0.00692994
35070, 0.00693013
35071, 0.00693031
35072, 0.00693049
35073, 0.00693067
35074, 0.00693086
35075, 0.00693104
35076, 0.00693122
35077, 0.00693140
35078, 0.00693158
35079, 0.00693177
35080, 0.00693195
35081, 0.00693213
35082, 0.00693231
35083, 0.00693249
35084, 0.00693267
35085, 0.00693285
35086, 0.00693304
35087, 0.00693322
35088, 0.00693340
35089, 0.00693359
35090, 0.00693377
35091, 0.00693395
35092, 0.00693413
35093, 0.00693432
35094, 0.00693450
35095, 0.00693468
35096, 0.00693487
35097, 0.00693505
35098, 0.00693523
35099, 0.00693541
35100, 0.00693560
35101, 0.00693578
35102, 0.00693596
35103, 0.00693614
35104, 0.00693633
35105, 0.00693651
35106, 0.00693669
35107, 0.00693687
35108, 0.00693705
35109, 0.00693724
35110, 0.00693742
35111, 0.00693760
35112, 0.00693778
35113, 0.00693796
35114, 0.00693814
35115, 0.00693832
35116, 0.00693850
35117, 0.00693868
35118, 0.00693886
35119, 0.00693904
35120, 0.00693922
35121, 0.00693941
35122, 0.00693959
35123, 0.00693977
35124, 0.00693995
35125, 0.00694014
35126, 0.00694032
35127, 0.00694050
35128, 0.00694068
35129, 0.00694087
35130, 0.00694105
35131, 0.00694123
35132, 0.00694141
35133, 0.00694159
35134, 0.00694178
35135, 0.00694196
35136, 0.00694214
35137, 0.00694233
35138, 0.00694251
35139, 0.00694269
35140, 0.00694287
35141, 0.00694305
35142, 0.00694323
35143, 0.00694342
35144, 0.00694360
35145, 0.00694379
35146, 0.00694397
35147, 0.00694415
35148, 0.00694433
35149, 0.00694452
35150, 0.00694470
35151, 0.00694488
35152, 0.00694506
35153, 0.00694524
35154, 0.00694543
35155, 0.00694561
35156, 0.00694579
35157, 0.00694597
35158, 0.00694618
35159, 0.00694843
35160, 0.00694864
35161, 0.00694883
35162, 0.00694901
35163, 0.00694919
35164, 0.00694937
35165, 0.00694955
35166, 0.00694973
35167, 0.00694991
35168, 0.00695008
35169, 0.00695025
35170, 0.00695043
35171, 0.00695060
35172, 0.00695078
35173, 0.00695095
35174, 0.00695112
35175, 0.00695129
35176, 0.00695147
35177, 0.00695164
35178, 0.00695182
35179, 0.00695199
35180, 0.00695217
35181, 0.00695234
35182, 0.00695251
35183, 0.00695269
35184, 0.00695286
35185, 0.00695303
35186, 0.00695320
35187, 0.00695338
35188, 0.00695355
35189, 0.00695373
35190, 0.00695390
35191, 0.00695407
35192, 0.00695424
35193, 0.00695441
35194, 0.00695459
35195, 0.00695476
35196, 0.00695493
35197, 0.00695511
35198, 0.00695528
35199, 0.00695545
35200, 0.00695563
35201, 0.00695580
35202, 0.00695597
35203, 0.00695615
35204, 0.00695632
35205, 0.00695649
35206, 0.00695666
35207, 0.00695683
35208, 0.00695701
35209, 0.00695718
35210, 0.00695736
35211, 0.00695753
35212, 0.00695770
35213, 0.00695787
35214, 0.00695805
35215, 0.00695823
35216, 0.00695841
35217, 0.00695858
35218, 0.00695875
35219, 0.00695892
35220, 0.00695909
35221, 0.00695926
35222, 0.00695944
35223, 0.00695961
35224, 0.00695978
35225, 0.00695995
35226, 0.00696013
35227, 0.00696030
35228, 0.00696048
35229, 0.00696065
35230, 0.00696082
35231, 0.00696100
35232, 0.00696117
35233, 0.00696134
35234, 0.00696151
35235, 0.00696168
35236, 0.00696186
35237, 0.00696203
35238, 0.00696221
35239, 0.00696238
35240, 0.00696255
35241, 0.00696273
35242, 0.00696290
35243, 0.00696307
35244, 0.00696324
35245, 0.00696341
35246, 0.00696358
35247, 0.00696376
35248, 0.00696393
35249, 0.00696411
35250, 0.00696428
35251, 0.00696446
35252, 0.00696463
35253, 0.00696481
35254, 0.00696498
35255, 0.00696515
35256, 0.00696532
35257, 0.00696550
35258, 0.00696568
35259, 0.00696585
35260, 0.00696603
35261, 0.00696620
35262, 0.00696637
35263, 0.00696654
35264, 0.00696671
35265, 0.00696689
35266, 0.00696706
35267, 0.00696723
35268, 0.00696740
35269, 0.00696757
35270, 0.00696775
35271, 0.00696792
35272, 0.00696810
35273, 0.00696827
35274, 0.00696845
35275, 0.00696862
35276, 0.00696879
35277, 0.00696896
35278, 0.00696914
35279, 0.00696931
35280, 0.00696949
35281, 0.00696966
35282, 0.00696983
35283, 0.00697001
35284, 0.00697020
35285, 0.00697245
35286, 0.00697265
35287, 0.00697283
35288, 0.00697301
35289, 0.00697318
35290, 0.00697336
35291, 0.00697353
35292, 0.00697371
35293, 0.00697389
35294, 0.00697407
35295, 0.00697424
35296, 0.00697442
35297, 0.00697460
35298, 0.00697477
35299, 0.00697494
35300, 0.00697511
35301, 0.00697528
35302, 0.00697546
35303, 0.00697563
35304, 0.00697580
35305, 0.00697598
35306, 0.00697615
35307, 0.00697632
35308, 0.00697649
35309, 0.00697666
35310, 0.00697684
35311, 0.00697700
35312, 0.00697717
35313, 0.00697734
35314, 0.00697751
35315, 0.00697768
35316, 0.00697786
35317, 0.00697803
35318, 0.00697820
35319, 0.00697838
35320, 0.00697855
35321, 0.00697873
35322, 0.00697890
35323, 0.00697907
35324, 0.00697924
35325, 0.00697942
35326, 0.00697959
35327, 0.00697976
35328, 0.00697993
35329, 0.00698010
35330, 0.00698028
35331, 0.00698045
35332, 0.00698062
35333, 0.00698080
35334, 0.00698097
35335, 0.00698122
35336, 0.00698139
35337, 0.00698156
35338, 0.00698173
35339, 0.00698191
35340, 0.00698208
35341, 0.00698225
35342, 0.00698243
35343, 0.00698266
35344, 0.00698283
35345, 0.00698300
35346, 0.00698318
35347, 0.00698335
35348, 0.00698352
35349, 0.00698370
35350, 0.00698387
35351, 0.00698411
35352, 0.00698428
35353, 0.00698446
35354, 0.00698463
35355, 0.00698480
35356, 0.00698497
35357, 0.00698514
35358, 0.00698532
35359, 0.00698556
35360, 0.00698573
35361, 0.00698591
35362, 0.00698609
35363, 0.00698626
35364, 0.00698644
35365, 0.00698661
35366, 0.00698678
35367, 0.00698703
35368, 0.00698720
35369, 0.00698737
35370, 0.00698755
35371, 0.00698772
35372, 0.00698789
35373, 0.00698806
35374, 0.00698824
35375, 0.00698848
35376, 0.00698866
35377, 0.00698883
35378, 0.00698900
35379, 0.00698917
35380, 0.00698934
35381, 0.00698951
35382, 0.00698969
35383, 0.00698993
35384, 0.00699010
35385, 0.00699027
35386, 0.00699045
35387, 0.00699062
35388, 0.00699079
35389, 0.00699096
35390, 0.00699114
35391, 0.00699138
35392, 0.00699155
35393, 0.00699173
35394, 0.00699190
35395, 0.00699207
35396, 0.00699224
35397, 0.00699242
35398, 0.00699259
35399, 0.00699276
35400, 0.00699294
35401, 0.00699311
35402, 0.00699328
35403, 0.00699346
35404, 0.00699363
35405, 0.00699380
35406, 0.00699397
35407, 0.00699415
35408, 0.00699432
35409, 0.00699450
35410, 0.00699469
35411, 0.00699685
35412, 0.00699705
35413, 0.00699723
35414, 0.00699741
35415, 0.00699758
35416, 0.00699776
35417, 0.00699794
35418, 0.00699811
35419, 0.00699828
35420, 0.00699846
35421, 0.00699864
35422, 0.00699882
35423, 0.00699899
35424, 0.00699916
35425, 0.00699934
35426, 0.00699952
35427, 0.00699969
35428, 0.00699987
35429, 0.00700005
35430, 0.00700022
35431, 0.00700040
35432, 0.00700057
35433, 0.00700075
35434, 0.00700093
35435, 0.00700110
35436, 0.00700128
35437, 0.00700145
35438, 0.00700163
35439, 0.00700180
35440, 0.00700198
35441, 0.00700216
35442, 0.00700233
35443, 0.00700251
35444, 0.00700268
35445, 0.00700286
35446, 0.00700303
35447, 0.00700321
35448, 0.00700339
35449, 0.00700356
35450, 0.00700374
35451, 0.00700391
35452, 0.00700409
35453, 0.00700427
35454, 0.00700444
35455, 0.00700462
35456, 0.00700479
35457, 0.00700497
35458, 0.00700514
35459, 0.00700532
35460, 0.00700549
35461, 0.00700567
35462, 0.00700585
35463, 0.00700602
35464, 0.00700620
35465, 0.00700638
35466, 0.00700655
35467, 0.00700673
35468, 0.00700690
35469, 0.00700708
35470, 0.00700726
35471, 0.00700743
35472, 0.00700761
35473, 0.00700779
35474, 0.00700796
35475, 0.00700814
35476, 0.00700831
35477, 0.00700849
35478, 0.00700867
35479, 0.00700884
35480, 0.00700902
35481, 0.00700919
35482, 0.00700937
35483, 0.00700955
35484, 0.00700972
35485, 0.00700990
35486, 0.00701007
35487, 0.00701025
35488, 0.00701043
35489, 0.00701060
35490, 0.00701078
35491, 0.00701095
35492, 0.00701113
35493, 0.00701131
35494, 0.00701148
35495, 0.00701166
35496, 0.00701183
35497, 0.00701201
35498, 0.00701218
35499, 0.00701236
35500, 0.00701254
35501, 0.00701272
35502, 0.00701289
35503, 0.00701307
35504, 0.00701325
35505, 0.00701342
35506, 0.00701360
35507, 0.00701378
35508, 0.00701395
35509, 0.00701413
35510, 0.00701431
35511, 0.00701448
35512, 0.00701466
35513, 0.00701483
35514, 0.00701501
35515, 0.00701519
35516, 0.00701536
35517, 0.00701554
35518, 0.00701572
35519, 0.00701589
35520, 0.00701607
35521, 0.00701625
35522, 0.00701642
35523, 0.00701660
35524, 0.00701677
35525, 0.00701695
35526, 0.00701713
35527, 0.00701730
35528, 0.00701748
35529, 0.00701766
35530, 0.00701783
35531, 0.00701801
35532, 0.00701818
35533, 0.00701836
35534, 0.00701854
35535, 0.00701871
35536, 0.00701891
35537, 0.00702110
35538, 0.00702131
35539, 0.00702149
35540, 0.00702167
35541, 0.00702185
35542, 0.00702204
35543, 0.00702222
35544, 0.00702241
35545, 0.00702260
35546, 0.00702279
35547, 0.00702297
35548, 0.00702316
35549, 0.00702334
35550, 0.00702352
35551, 0.00702371
35552, 0.00702389
35553, 0.00702407
35554, 0.00702425
35555, 0.00702444
35556, 0.00702462
35557, 0.00702480
35558, 0.00702498
35559, 0.00702516
35560, 0.00702534
35561, 0.00702553
35562, 0.00702571
35563, 0.00702589
35564, 0.00702607
35565, 0.00702633
35566, 0.00702651
35567, 0.00702669
35568, 0.00702687
35569, 0.00702705
35570, 0.00702723
35571, 0.00702741
35572, 0.00702759
35573, 0.00702778
35574, 0.00702796
35575, 0.00702814
35576, 0.00702832
35577, 0.00702850
35578, 0.00702868
35579, 0.00702887
35580, 0.00702905
35581, 0.00702923
35582, 0.00702941
35583, 0.00702959
35584, 0.00702977
35585, 0.00702995
35586, 0.00703013
35587, 0.00703032
35588, 0.00703050
35589, 0.00703068
35590, 0.00703086
35591, 0.00703104
35592, 0.00703122
35593, 0.00703140
35594, 0.00703158
35595, 0.00703176
35596, 0.00703195
35597, 0.00703212
35598, 0.00703230
35599, 0.00703249
35600, 0.00703266
35601, 0.00703285
35602, 0.00703303
35603, 0.00703321
35604, 0.00703339
35605, 0.00703357
35606, 0.00703375
35607, 0.00703393
35608, 0.00703411
35609, 0.00703430
35610, 0.00703448
35611, 0.00703466
35612, 0.00703485
35613, 0.00703503
35614, 0.00703521
35615, 0.00703539
35616, 0.00703557
35617, 0.00703575
35618, 0.00703593
35619, 0.00703611
35620, 0.00703629
35621, 0.00703647
35622, 0.00703665
35623, 0.00703683
35624, 0.00703701
35625, 0.00703719
35626, 0.00703737
35627, 0.00703756
35628, 0.00703773
35629, 0.00703792
35630, 0.00703810
35631, 0.00703828
35632, 0.00703846
35633, 0.00703864
35634, 0.00703882
35635, 0.00703900
35636, 0.00703918
35637, 0.00703936
35638, 0.00703954
35639, 0.00703973
35640, 0.00703990
35641, 0.00704009
35642, 0.00704027
35643, 0.00704045
35644, 0.00704063
35645, 0.00704081
35646, 0.00704099
35647, 0.00704117
35648, 0.00704135
35649, 0.00704153
35650, 0.00704171
35651, 0.00704189
35652, 0.00704207
35653, 0.00704225
35654, 0.00704243
35655, 0.00704261
35656, 0.00704279
35657, 0.00704297
35658, 0.00704315
35659, 0.00704333
35660, 0.00704351
35661, 0.00704369
35662, 0.00704390
35663, 0.00704612
35664, 0.00704632
35665, 0.00704651
35666, 0.00704669
35667, 0.00704688
35668, 0.00704706
35669, 0.00704724
35670, 0.00704742
35671, 0.00704761
35672, 0.00704779
35673, 0.00704797
35674, 0.00704816
35675, 0.00704834
35676, 0.00704852
35677, 0.00704870
35678, 0.00704888
35679, 0.00704907
35680, 0.00704925
35681, 0.00704943
35682, 0.00704962
35683, 0.00704980
35684, 0.00704998
35685, 0.00705016
35686, 0.00705034
35687, 0.00705053
35688, 0.00705071
35689, 0.00705089
35690, 0.00705107
35691, 0.00705126
35692, 0.00705144
35693, 0.00705162
35694, 0.00705180
35695, 0.00705199
35696, 0.00705217
35697, 0.00705235
35698, 0.00705253
35699, 0.00705272
35700, 0.00705290
35701, 0.00705308
35702, 0.00705326
35703, 0.00705344
35704, 0.00705363
35705, 0.00705381
35706, 0.00705399
35707, 0.00705418
35708, 0.00705436
35709, 0.00705454
35710, 0.00705472
35711, 0.00705490
35712, 0.00705509
35713, 0.00705527
35714, 0.00705545
35715, 0.00705564
35716, 0.00705582
35717, 0.00705599
35718, 0.00705617
35719, 0.00705634
35720, 0.00705651
35721, 0.00705669
35722, 0.00705686
35723, 0.00705703
35724, 0.00705720
35725, 0.00705737
35726, 0.00705754
35727, 0.00705771
35728, 0.00705788
35729, 0.00705805
35730, 0.00705822
35731, 0.00705840
35732, 0.00705857
35733, 0.00705875
35734, 0.00705892
35735, 0.00705909
35736, 0.00705927
35737, 0.00705944
35738, 0.00705962
35739, 0.00705980
35740, 0.00705998
35741, 0.00706016
35742, 0.00706034
35743, 0.00706051
35744, 0.00706068
35745, 0.00706085
35746, 0.00706102
35747, 0.00706119
35748, 0.00706136
35749, 0.00706153
35750, 0.00706171
35751, 0.00706188
35752, 0.00706205
35753, 0.00706222
35754, 0.00706239
35755, 0.00706256
35756, 0.00706273
35757, 0.00706290
35758, 0.00706307
35759, 0.00706325
35760, 0.00706342
35761, 0.00706359
35762, 0.00706377
35763, 0.00706394
35764, 0.00706411
35765, 0.00706428
35766, 0.00706445
35767, 0.00706462
35768, 0.00706480
35769, 0.00706497
35770, 0.00706514
35771, 0.00706531
35772, 0.00706548
35773, 0.00706565
35774, 0.00706582
35775, 0.00706599
35776, 0.00706617
35777, 0.00706634
35778, 0.00706652
35779, 0.00706669
35780, 0.00706686
35781, 0.00706703
35782, 0.00706720
35783, 0.00706738
35784, 0.00706755
35785, 0.00706772
35786, 0.00706790
35787, 0.00706807
35788, 0.00706826
35789, 0.00707080
35790, 0.00707100
35791, 0.00707119
35792, 0.00707137
35793, 0.00707155
35794, 0.00707173
35795, 0.00707192
35796, 0.00707209
35797, 0.00707226
35798, 0.00707244
35799, 0.00707261
35800, 0.00707279
35801, 0.00707296
35802, 0.00707313
35803, 0.00707331
35804, 0.00707348
35805, 0.00707366
35806, 0.00707383
35807, 0.00707401
35808, 0.00707419
35809, 0.00707436
35810, 0.00707454
35811, 0.00707471
35812, 0.00707488
35813, 0.00707506
35814, 0.00707523
35815, 0.00707541
35816, 0.00707558
35817, 0.00707575
35818, 0.00707593
35819, 0.00707610
35820, 0.00707627
35821, 0.00707645
35822, 0.00707662
35823, 0.00707679
35824, 0.00707696
35825, 0.00707713
35826, 0.00707730
35827, 0.00707747
35828, 0.00707765
35829, 0.00707782
35830, 0.00707799
35831, 0.00707816
35832, 0.00707834
35833, 0.00707851
35834, 0.00707868
35835, 0.00707886
35836, 0.00707903
35837, 0.00707920
35838, 0.00707937
35839, 0.00707954
35840, 0.00707971
35841, 0.00707989
35842, 0.00708006
35843, 0.00708023
35844, 0.00708040
35845, 0.00708058
35846, 0.00708075
35847, 0.00708098
35848, 0.00708115
35849, 0.00708133
35850, 0.00708150
35851, 0.00708167
35852, 0.00708184
35853, 0.00708201
35854, 0.00708218
35855, 0.00708245
35856, 0.00708263
35857, 0.00708280
35858, 0.00708297
35859, 0.00708314
35860, 0.00708332
35861, 0.00708348
35862, 0.00708366
35863, 0.00708389
35864, 0.00708407
35865, 0.00708424
35866, 0.00708441
35867, 0.00708458
35868, 0.00708475
35869, 0.00708492
35870, 0.00708510
35871, 0.00708534
35872, 0.00708551
35873, 0.00708568
35874, 0.00708585
35875, 0.00708603
35876, 0.00708620
35877, 0.00708637
35878, 0.00708654
35879, 0.00708679
35880, 0.00708696
35881, 0.00708713
35882, 0.00708731
35883, 0.00708748
35884, 0.00708766
35885, 0.00708783
35886, 0.00708800
35887, 0.00708837
35888, 0.00708854
35889, 0.00708871
35890, 0.00708888
35891, 0.00708905
35892, 0.00708922
35893, 0.00708939
35894, 0.00708956
35895, 0.00708981
35896, 0.00708999
35897, 0.00709016
35898, 0.00709033
35899, 0.00709050
35900, 0.00709068
35901, 0.00709085
35902, 0.00709102
35903, 0.00709127
35904, 0.00709145
35905, 0.00709162
35906, 0.00709179
35907, 0.00709197
35908, 0.00709215
35909, 0.00709232
35910, 0.00709249
35911, 0.00709266
35912, 0.00709284
35913, 0.00709301
35914, 0.00709320
35915, 0.00709544
35916, 0.00709564
35917, 0.00709581
35918, 0.00709599
35919, 0.00709616
35920, 0.00709634
35921, 0.00709651
35922, 0.00709670
35923, 0.00709687
35924, 0.00709705
35925, 0.00709724
35926, 0.00709741
35927, 0.00709759
35928, 0.00709776
35929, 0.00709794
35930, 0.00709811
35931, 0.00709829
35932, 0.00709846
35933, 0.00709864
35934, 0.00709881
35935, 0.00709899
35936, 0.00709916
35937, 0.00709934
35938, 0.00709951
35939, 0.00709969
35940, 0.00709987
35941, 0.00710004
35942, 0.00710022
35943, 0.00710039
35944, 0.00710057
35945, 0.00710074
35946, 0.00710092
35947, 0.00710109
35948, 0.00710126
35949, 0.00710144
35950, 0.00710162
35951, 0.00710179
35952, 0.00710197
35953, 0.00710215
35954, 0.00710232
35955, 0.00710250
35956, 0.00710268
35957, 0.00710285
35958, 0.00710304
35959, 0.00710322
35960, 0.00710340
35961, 0.00710358
35962, 0.00710376
35963, 0.00710395
35964, 0.00710413
35965, 0.00710431
35966, 0.00710449
35967, 0.00710467
35968, 0.00710485
35969, 0.00710503
35970, 0.00710521
35971, 0.00710539
35972, 0.00710557
35973, 0.00710575
35974, 0.00710594
35975, 0.00710612
35976, 0.00710630
35977, 0.00710648
35978, 0.00710666
35979, 0.00710683
35980, 0.00710700
35981, 0.00710717
35982, 0.00710735
35983, 0.00710752
35984, 0.00710769
35985, 0.00710786
35986, 0.00710804
35987, 0.00710821
35988, 0.00710838
35989, 0.00710855
35990, 0.00710873
35991, 0.00710890
35992, 0.00710907
35993, 0.00710924
35994, 0.00710941
35995, 0.00710958
35996, 0.00710976
35997, 0.00710993
35998, 0.00711010
35999, 0.00711027
36000, 0.00711044
36001, 0.00711061
36002, 0.00711079
36003, 0.00711096
36004, 0.00711113
36005, 0.00711130
36006, 0.00711147
36007, 0.00711164
36008, 0.00711181
36009, 0.00711198
36010, 0.00711215
36011, 0.00711233
36012, 0.00711250
36013, 0.00711267
36014, 0.00711285
36015, 0.00711302
36016, 0.00711319
36017, 0.00711336
36018, 0.00711353
36019, 0.00711370
36020, 0.00711387
36021, 0.00711404
36022, 0.00711421
36023, 0.00711438
36024, 0.00711455
36025, 0.00711473
36026, 0.00711490
36027, 0.00711507
36028, 0.00711524
36029, 0.00711541
36030, 0.00711559
36031, 0.00711577
36032, 0.00711594
36033, 0.00711611
36034, 0.00711628
36035, 0.00711645
36036, 0.00711663
36037, 0.00711680
36038, 0.00711697
36039, 0.00711714
36040, 0.00711734
36041, 0.00711960
36042, 0.00711980
36043, 0.00711999
36044, 0.00712017
36045, 0.00712035
36046, 0.00712054
36047, 0.00712072
36048, 0.00712090
36049, 0.00712108
36050, 0.00712127
36051, 0.00712145
36052, 0.00712163
36053, 0.00712181
36054, 0.00712199
36055, 0.00712217
36056, 0.00712235
36057, 0.00712254
36058, 0.00712272
36059, 0.00712290
36060, 0.00712308
36061, 0.00712327
36062, 0.00712345
36063, 0.00712363
36064, 0.00712381
36065, 0.00712400
36066, 0.00712418
36067, 0.00712436
36068, 0.00712454
36069, 0.00712473
36070, 0.00712491
36071, 0.00712509
36072, 0.00712527
36073, 0.00712545
36074, 0.00712563
36075, 0.00712581
36076, 0.00712599
36077, 0.00712618
36078, 0.00712636
36079, 0.00712654
36080, 0.00712672
36081, 0.00712690
36082, 0.00712708
36083, 0.00712726
36084, 0.00712744
36085, 0.00712762
36086, 0.00712780
36087, 0.00712798
36088, 0.00712816
36089, 0.00712835
36090, 0.00712853
36091, 0.00712871
36092, 0.00712889
36093, 0.00712908
36094, 0.00712926
36095, 0.00712944
36096, 0.00712962
36097, 0.00712980
36098, 0.00712999
36099, 0.00713017
36100, 0.00713035
36101, 0.00713053
36102, 0.00713072
36103, 0.00713090
36104, 0.00713108
36105, 0.00713127
36106, 0.00713145
36107, 0.00713163
36108, 0.00713181
36109, 0.00713199
36110, 0.00713217
36111, 0.00713236
36112, 0.00713254
36113, 0.00713274
36114, 0.00713292
36115, 0.00713310
36116, 0.00713328
36117, 0.00713347
36118, 0.00713365
36119, 0.00713383
36120, 0.00713402
36121, 0.00713420
36122, 0.00713438
36123, 0.00713456
36124, 0.00713475
36125, 0.00713493
36126, 0.00713511
36127, 0.00713529
36128, 0.00713546
36129, 0.00713564
36130, 0.00713581
36131, 0.00713598
36132, 0.00713616
36133, 0.00713633
36134, 0.00713651
36135, 0.00713669
36136, 0.00713687
36137, 0.00713705
36138, 0.00713723
36139, 0.00713741
36140, 0.00713760
36141, 0.00713778
36142, 0.00713796
36143, 0.00713814
36144, 0.00713832
36145, 0.00713850
36146, 0.00713868
36147, 0.00713886
36148, 0.00713905
36149, 0.00713923
36150, 0.00713941
36151, 0.00713960
36152, 0.00713978
36153, 0.00713995
36154, 0.00714012
36155, 0.00714029
36156, 0.00714046
36157, 0.00714063
36158, 0.00714081
36159, 0.00714098
36160, 0.00714116
36161, 0.00714133
36162, 0.00714150
36163, 0.00714167
36164, 0.00714185
36165, 0.00714202
36166, 0.00714222
36167, 0.00714445
36168, 0.00714466
36169, 0.00714484
36170, 0.00714502
36171, 0.00714520
36172, 0.00714538
36173, 0.00714556
36174, 0.00714575
36175, 0.00714593
36176, 0.00714611
36177, 0.00714629
36178, 0.00714647
36179, 0.00714665
36180, 0.00714683
36181, 0.00714701
36182, 0.00714719
36183, 0.00714737
36184, 0.00714755
36185, 0.00714773
36186, 0.00714792
36187, 0.00714810
36188, 0.00714828
36189, 0.00714846
36190, 0.00714865
36191, 0.00714883
36192, 0.00714901
36193, 0.00714920
36194, 0.00714938
36195, 0.00714956
36196, 0.00714974
36197, 0.00714993
36198, 0.00715011
36199, 0.00715029
36200, 0.00715047
36201, 0.00715065
36202, 0.00715083
36203, 0.00715101
36204, 0.00715119
36205, 0.00715137
36206, 0.00715155
36207, 0.00715174
36208, 0.00715192
36209, 0.00715210
36210, 0.00715228
36211, 0.00715246
36212, 0.00715264
36213, 0.00715282
36214, 0.00715300
36215, 0.00715318
36216, 0.00715337
36217, 0.00715355
36218, 0.00715373
36219, 0.00715391
36220, 0.00715409
36221, 0.00715427
36222, 0.00715445
36223, 0.00715463
36224, 0.00715481
36225, 0.00715499
36226, 0.00715517
36227, 0.00715536
36228, 0.00715554
36229, 0.00715572
36230, 0.00715590
36231, 0.00715608
36232, 0.00715626
36233, 0.00715644
36234, 0.00715662
36235, 0.00715680
36236, 0.00715698
36237, 0.00715716
36238, 0.00715734
36239, 0.00715753
36240, 0.00715771
36241, 0.00715789
36242, 0.00715807
36243, 0.00715825
36244, 0.00715843
36245, 0.00715861
36246, 0.00715879
36247, 0.00715897
36248, 0.00715915
36249, 0.00715933
36250, 0.00715951
36251, 0.00715969
36252, 0.00715987
36253, 0.00716005
36254, 0.00716023
36255, 0.00716042
36256, 0.00716060
36257, 0.00716078
36258, 0.00716096
36259, 0.00716114
36260, 0.00716132
36261, 0.00716150
36262, 0.00716168
36263, 0.00716186
36264, 0.00716204
36265, 0.00716222
36266, 0.00716240
36267, 0.00716258
36268, 0.00716276
36269, 0.00716294
36270, 0.00716313
36271, 0.00716331
36272, 0.00716349
36273, 0.00716367
36274, 0.00716385
36275, 0.00716403
36276, 0.00716421
36277, 0.00716439
36278, 0.00716457
36279, 0.00716475
36280, 0.00716493
36281, 0.00716511
36282, 0.00716529
36283, 0.00716547
36284, 0.00716565
36285, 0.00716584
36286, 0.00716602
36287, 0.00716620
36288, 0.00716638
36289, 0.00716656
36290, 0.00716674
36291, 0.00716692
36292, 0.00716713
36293, 0.00717228
36294, 0.00717248
36295, 0.00717267
36296, 0.00717285
36297, 0.00717304
36298, 0.00717322
36299, 0.00717340
36300, 0.00717359
36301, 0.00717377
36302, 0.00717395
36303, 0.00717413
36304, 0.00717431
36305, 0.00717449
36306, 0.00717466
36307, 0.00717484
36308, 0.00717501
36309, 0.00717518
36310, 0.00717535
36311, 0.00717553
36312, 0.00717570
36313, 0.00717588
36314, 0.00717606
36315, 0.00717624
36316, 0.00717641
36317, 0.00717659
36318, 0.00717676
36319, 0.00717694
36320, 0.00717711
36321, 0.00717729
36322, 0.00717746
36323, 0.00717763
36324, 0.00717780
36325, 0.00717797
36326, 0.00717814
36327, 0.00717832
36328, 0.00717850
36329, 0.00717867
36330, 0.00717885
36331, 0.00717903
36332, 0.00717921
36333, 0.00717938
36334, 0.00717955
36335, 0.00717972
36336, 0.00717990
36337, 0.00718007
36338, 0.00718024
36339, 0.00718042
36340, 0.00718060
36341, 0.00718078
36342, 0.00718095
36343, 0.00718113
36344, 0.00718130
36345, 0.00718148
36346, 0.00718165
36347, 0.00718183
36348, 0.00718200
36349, 0.00718218
36350, 0.00718235
36351, 0.00718253
36352, 0.00718270
36353, 0.00718287
36354, 0.00718305
36355, 0.00718322
36356, 0.00718340
36357, 0.00718357
36358, 0.00718374
36359, 0.00718398
36360, 0.00718416
36361, 0.00718433
36362, 0.00718451
36363, 0.00718469
36364, 0.00718486
36365, 0.00718503
36366, 0.00718521
36367, 0.00718545
36368, 0.00718563
36369, 0.00718581
36370, 0.00718598
36371, 0.00718616
36372, 0.00718633
36373, 0.00718650
36374, 0.00718668
36375, 0.00718692
36376, 0.00718710
36377, 0.00718728
36378, 0.00718745
36379, 0.00718763
36380, 0.00718780
36381, 0.00718798
36382, 0.00718816
36383, 0.00718850
36384, 0.00718868
36385, 0.00718886
36386, 0.00718903
36387, 0.00718921
36388, 0.00718938
36389, 0.00718956
36390, 0.00718973
36391, 0.00718998
36392, 0.00719015
36393, 0.00719033
36394, 0.00719051
36395, 0.00719069
36396, 0.00719086
36397, 0.00719104
36398, 0.00719121
36399, 0.00719145
36400, 0.00719163
36401, 0.00719181
36402, 0.00719198
36403, 0.00719215
36404, 0.00719233
36405, 0.00719250
36406, 0.00719268
36407, 0.00719293
36408, 0.00719311
36409, 0.00719328
36410, 0.00719345
36411, 0.00719363
36412, 0.00719380
36413, 0.00719398
36414, 0.00719416
36415, 0.00719440
36416, 0.00719458
36417, 0.00719475
36418, 0.00719494
36419, 0.00719716
36420, 0.00719737
36421, 0.00719755
36422, 0.00719773
36423, 0.00719791
36424, 0.00719809
36425, 0.00719828
36426, 0.00719846
36427, 0.00719865
36428, 0.00719883
36429, 0.00719901
36430, 0.00719919
36431, 0.00719938
36432, 0.00719956
36433, 0.00719974
36434, 0.00719992
36435, 0.00720011
36436, 0.00720029
36437, 0.00720047
36438, 0.00720065
36439, 0.00720084
36440, 0.00720102
36441, 0.00720120
36442, 0.00720138
36443, 0.00720156
36444, 0.00720175
36445, 0.00720193
36446, 0.00720211
36447, 0.00720230
36448, 0.00720248
36449, 0.00720266
36450, 0.00720284
36451, 0.00720303
36452, 0.00720321
36453, 0.00720339
36454, 0.00720357
36455, 0.00720376
36456, 0.00720394
36457, 0.00720412
36458, 0.00720431
36459, 0.00720449
36460, 0.00720467
36461, 0.00720486
36462, 0.00720504
36463, 0.00720522
36464, 0.00720540
36465, 0.00720558
36466, 0.00720577
36467, 0.00720595
36468, 0.00720613
36469, 0.00720631
36470, 0.00720649
36471, 0.00720668
36472, 0.00720686
36473, 0.00720704
36474, 0.00720722
36475, 0.00720741
36476, 0.00720759
36477, 0.00720777
36478, 0.00720796
36479, 0.00720814
36480, 0.00720832
36481, 0.00720850
36482, 0.00720868
36483, 0.00720886
36484, 0.00720905
36485, 0.00720923
36486, 0.00720941
36487, 0.00720959
36488, 0.00720977
36489, 0.00720995
36490, 0.00721014
36491, 0.00721032
36492, 0.00721050
36493, 0.00721068
36494, 0.00721086
36495, 0.00721105
36496, 0.00721123
36497, 0.00721141
36498, 0.00721160
36499, 0.00721178
36500, 0.00721196
36501, 0.00721215
36502, 0.00721233
36503, 0.00721251
36504, 0.00721269
36505, 0.00721287
36506, 0.00721306
36507, 0.00721324
36508, 0.00721342
36509, 0.00721360
36510, 0.00721379
36511, 0.00721397
36512, 0.00721415
36513, 0.00721434
36514, 0.00721452
36515, 0.00721470
36516, 0.00721489
36517, 0.00721507
36518, 0.00721525
36519, 0.00721543
36520, 0.00721562
36521, 0.00721580
36522, 0.00721599
36523, 0.00721617
36524, 0.00721635
36525, 0.00721654
36526, 0.00721672
36527, 0.00721690
36528, 0.00721709
36529, 0.00721727
36530, 0.00721746
36531, 0.00721764
36532, 0.00721783
36533, 0.00721801
36534, 0.00721819
36535, 0.00721838
36536, 0.00721856
36537, 0.00721874
36538, 0.00721893
36539, 0.00721911
36540, 0.00721929
36541, 0.00721948
36542, 0.00721966
36543, 0.00721984
36544, 0.00722005
36545, 0.00722227
36546, 0.00722248
36547, 0.00722266
36548, 0.00722284
36549, 0.00722302
36550, 0.00722321
36551, 0.00722339
36552, 0.00722357
36553, 0.00722376
36554, 0.00722394
36555, 0.00722412
36556, 0.00722431
36557, 0.00722449
36558, 0.00722467
36559, 0.00722485
36560, 0.00722503
36561, 0.00722522
36562, 0.00722540
36563, 0.00722558
36564, 0.00722576
36565, 0.00722594
36566, 0.00722612
36567, 0.00722630
36568, 0.00722648
36569, 0.00722666
36570, 0.00722684
36571, 0.00722702
36572, 0.00722721
36573, 0.00722739
36574, 0.00722757
36575, 0.00722775
36576, 0.00722793
36577, 0.00722811
36578, 0.00722830
36579, 0.00722848
36580, 0.00722866
36581, 0.00722884
36582, 0.00722902
36583, 0.00722920
36584, 0.00722938
36585, 0.00722955
36586, 0.00722973
36587, 0.00722991
36588, 0.00723009
36589, 0.00723028
36590, 0.00723046
36591, 0.00723064
36592, 0.00723082
36593, 0.00723101
36594, 0.00723119
36595, 0.00723137
36596, 0.00723154
36597, 0.00723171
36598, 0.00723188
36599, 0.00723205
36600, 0.00723222
36601, 0.00723239
36602, 0.00723256
36603, 0.00723273
36604, 0.00723290
36605, 0.00723307
36606, 0.00723324
36607, 0.00723342
36608, 0.00723359
36609, 0.00723376
36610, 0.00723393
36611, 0.00723410
36612, 0.00723427
36613, 0.00723445
36614, 0.00723462
36615, 0.00723479
36616, 0.00723496
36617, 0.00723513
36618, 0.00723530
36619, 0.00723547
36620, 0.00723565
36621, 0.00723582
36622, 0.00723599
36623, 0.00723616
36624, 0.00723634
36625, 0.00723652
36626, 0.00723670
36627, 0.00723688
36628, 0.00723706
36629, 0.00723724
36630, 0.00723742
36631, 0.00723760
36632, 0.00723778
36633, 0.00723797
36634, 0.00723815
36635, 0.00723833
36636, 0.00723851
36637, 0.00723869
36638, 0.00723888
36639, 0.00723906
36640, 0.00723924
36641, 0.00723942
36642, 0.00723960
36643, 0.00723978
36644, 0.00723995
36645, 0.00724012
36646, 0.00724030
36647, 0.00724047
36648, 0.00724064
36649, 0.00724081
36650, 0.00724098
36651, 0.00724115
36652, 0.00724133
36653, 0.00724150
36654, 0.00724167
36655, 0.00724184
36656, 0.00724201
36657, 0.00724218
36658, 0.00724235
36659, 0.00724252
36660, 0.00724269
36661, 0.00724286
36662, 0.00724303
36663, 0.00724320
36664, 0.00724337
36665, 0.00724354
36666, 0.00724371
36667, 0.00724388
36668, 0.00724405
36669, 0.00724422
36670, 0.00724442
36671, 0.00724663
36672, 0.00724684
36673, 0.00724702
36674, 0.00724722
36675, 0.00724741
36676, 0.00724759
36677, 0.00724777
36678, 0.00724795
36679, 0.00724813
36680, 0.00724830
36681, 0.00724848
36682, 0.00724865
36683, 0.00724883
36684, 0.00724901
36685, 0.00724918
36686, 0.00724936
36687, 0.00724954
36688, 0.00724971
36689, 0.00724989
36690, 0.00725007
36691, 0.00725024
36692, 0.00725041
36693, 0.00725059
36694, 0.00725077
36695, 0.00725094
36696, 0.00725112
36697, 0.00725130
36698, 0.00725147
36699, 0.00725165
36700, 0.00725182
36701, 0.00725199
36702, 0.00725217
36703, 0.00725234
36704, 0.00725251
36705, 0.00725269
36706, 0.00725286
36707, 0.00725304
36708, 0.00725321
36709, 0.00725339
36710, 0.00725356
36711, 0.00725373
36712, 0.00725391
36713, 0.00725409
36714, 0.00725426
36715, 0.00725443
36716, 0.00725461
36717, 0.00725478
36718, 0.00725495
36719, 0.00725513
36720, 0.00725530
36721, 0.00725548
36722, 0.00725566
36723, 0.00725583
36724, 0.00725601
36725, 0.00725619
36726, 0.00725636
36727, 0.00725654
36728, 0.00725671
36729, 0.00725689
36730, 0.00725706
36731, 0.00725723
36732, 0.00725741
36733, 0.00725759
36734, 0.00725776
36735, 0.00725793
36736, 0.00725811
36737, 0.00725828
36738, 0.00725846
36739, 0.00725863
36740, 0.00725880
36741, 0.00725898
36742, 0.00725915
36743, 0.00725932
36744, 0.00725949
36745, 0.00725966
36746, 0.00725984
36747, 0.00726001
36748, 0.00726018
36749, 0.00726035
36750, 0.00726052
36751, 0.00726069
36752, 0.00726087
36753, 0.00726104
36754, 0.00726121
36755, 0.00726138
36756, 0.00726155
36757, 0.00726172
36758, 0.00726189
36759, 0.00726206
36760, 0.00726223
36761, 0.00726240
36762, 0.00726257
36763, 0.00726274
36764, 0.00726292
36765, 0.00726309
36766, 0.00726326
36767, 0.00726343
36768, 0.00726360
36769, 0.00726377
36770, 0.00726394
36771, 0.00726411
36772, 0.00726428
36773, 0.00726445
36774, 0.00726462
36775, 0.00726479
36776, 0.00726496
36777, 0.00726513
36778, 0.00726531
36779, 0.00726547
36780, 0.00726564
36781, 0.00726581
36782, 0.00726599
36783, 0.00726616
36784, 0.00726634
36785, 0.00726651
36786, 0.00726668
36787, 0.00726686
36788, 0.00726703
36789, 0.00726720
36790, 0.00726737
36791, 0.00726755
36792, 0.00726772
36793, 0.00726789
36794, 0.00726806
36795, 0.00726824
36796, 0.00726843
36797, 0.00727070
36798, 0.00727091
36799, 0.00727109
36800, 0.00727127
36801, 0.00727145
36802, 0.00727163
36803, 0.00727181
36804, 0.00727199
36805, 0.00727217
36806, 0.00727235
36807, 0.00727253
36808, 0.00727270
36809, 0.00727288
36810, 0.00727306
36811, 0.00727324
36812, 0.00727341
36813, 0.00727359
36814, 0.00727376
36815, 0.00727394
36816, 0.00727412
36817, 0.00727430
36818, 0.00727447
36819, 0.00727465
36820, 0.00727483
36821, 0.00727500
36822, 0.00727518
36823, 0.00727535
36824, 0.00727553
36825, 0.00727570
36826, 0.00727587
36827, 0.00727605
36828, 0.00727623
36829, 0.00727641
36830, 0.00727658
36831, 0.00727676
36832, 0.00727693
36833, 0.00727711
36834, 0.00727729
36835, 0.00727746
36836, 0.00727764
36837, 0.00727781
36838, 0.00727799
36839, 0.00727821
36840, 0.00727840
36841, 0.00727860
36842, 0.00727877
36843, 0.00727895
36844, 0.00727913
36845, 0.00727930
36846, 0.00727947
36847, 0.00727965
36848, 0.00727982
36849, 0.00727999
36850, 0.00728017
36851, 0.00728034
36852, 0.00728052
36853, 0.00728070
36854, 0.00728087
36855, 0.00728105
36856, 0.00728123
36857, 0.00728140
36858, 0.00728158
36859, 0.00728175
36860, 0.00728193
36861, 0.00728210
36862, 0.00728227
36863, 0.00728256
36864, 0.00728274
36865, 0.00728291
36866, 0.00728309
36867, 0.00728326
36868, 0.00728347
36869, 0.00728364
36870, 0.00728381
36871, 0.00728406
36872, 0.00728423
36873, 0.00728441
36874, 0.00728458
36875, 0.00728475
36876, 0.00728493
36877, 0.00728511
36878, 0.00728528
36879, 0.00728553
36880, 0.00728571
36881, 0.00728589
36882, 0.00728608
36883, 0.00728626
36884, 0.00728643
36885, 0.00728660
36886, 0.00728678
36887, 0.00728701
36888, 0.00728718
36889, 0.00728736
36890, 0.00728753
36891, 0.00728771
36892, 0.00728788
36893, 0.00728806
36894, 0.00728823
36895, 0.00728855
36896, 0.00728872
36897, 0.00728889
36898, 0.00728906
36899, 0.00728924
36900, 0.00728941
36901, 0.00728958
36902, 0.00728975
36903, 0.00729000
36904, 0.00729017
36905, 0.00729034
36906, 0.00729051
36907, 0.00729069
36908, 0.00729086
36909, 0.00729104
36910, 0.00729122
36911, 0.00729147
36912, 0.00729165
36913, 0.00729182
36914, 0.00729199
36915, 0.00729217
36916, 0.00729235
36917, 0.00729252
36918, 0.00729269
36919, 0.00729293
36920, 0.00729310
36921, 0.00729328
36922, 0.00729348
36923, 0.00729775
36924, 0.00729795
36925, 0.00729814
36926, 0.00729832
36927, 0.00729857
36928, 0.00729875
36929, 0.00729893
36930, 0.00729911
36931, 0.00729929
36932, 0.00729947
36933, 0.00729965
36934, 0.00729983
36935, 0.00730008
36936, 0.00730026
36937, 0.00730044
36938, 0.00730062
36939, 0.00730079
36940, 0.00730097
36941, 0.00730114
36942, 0.00730132
36943, 0.00730149
36944, 0.00730167
36945, 0.00730184
36946, 0.00730202
36947, 0.00730219
36948, 0.00730237
36949, 0.00730254
36950, 0.00730271
36951, 0.00730289
36952, 0.00730306
36953, 0.00730324
36954, 0.00730341
36955, 0.00730358
36956, 0.00730376
36957, 0.00730393
36958, 0.00730410
36959, 0.00730428
36960, 0.00730446
36961, 0.00730463
36962, 0.00730480
36963, 0.00730497
36964, 0.00730515
36965, 0.00730532
36966, 0.00730550
36967, 0.00730567
36968, 0.00730584
36969, 0.00730602
36970, 0.00730619
36971, 0.00730636
36972, 0.00730654
36973, 0.00730671
36974, 0.00730688
36975, 0.00730706
36976, 0.00730723
36977, 0.00730741
36978, 0.00730758
36979, 0.00730776
36980, 0.00730793
36981, 0.00730810
36982, 0.00730828
36983, 0.00730845
36984, 0.00730862
36985, 0.00730880
36986, 0.00730897
36987, 0.00730914
36988, 0.00730932
36989, 0.00730949
36990, 0.00730966
36991, 0.00730984
36992, 0.00731001
36993, 0.00731019
36994, 0.00731036
36995, 0.00731053
36996, 0.00731071
36997, 0.00731088
36998, 0.00731105
36999, 0.00731123
37000, 0.00731140
37001, 0.00731158
37002, 0.00731175
37003, 0.00731192
37004, 0.00731210
37005, 0.00731227
37006, 0.00731244
37007, 0.00731262
37008, 0.00731279
37009, 0.00731297
37010, 0.00731314
37011, 0.00731332
37012, 0.00731349
37013, 0.00731366
37014, 0.00731384
37015, 0.00731401
37016, 0.00731419
37017, 0.00731436
37018, 0.00731453
37019, 0.00731471
37020, 0.00731488
37021, 0.00731505
37022, 0.00731523
37023, 0.00731540
37024, 0.00731558
37025, 0.00731575
37026, 0.00731593
37027, 0.00731610
37028, 0.00731628
37029, 0.00731646
37030, 0.00731663
37031, 0.00731680
37032, 0.00731698
37033, 0.00731715
37034, 0.00731732
37035, 0.00731750
37036, 0.00731767
37037, 0.00731785
37038, 0.00731802
37039, 0.00731820
37040, 0.00731837
37041, 0.00731854
37042, 0.00731872
37043, 0.00731889
37044, 0.00731907
37045, 0.00731924
37046, 0.00731941
37047, 0.00731959
37048, 0.00731979
37049, 0.00732210
37050, 0.00732230
37051, 0.00732248
37052, 0.00732266
37053, 0.00732283
37054, 0.00732300
37055, 0.00732318
37056, 0.00732336
37057, 0.00732353
37058, 0.00732370
37059, 0.00732388
37060, 0.00732406
37061, 0.00732424
37062, 0.00732442
37063, 0.00732460
37064, 0.00732477
37065, 0.00732494
37066, 0.00732512
37067, 0.00732529
37068, 0.00732546
37069, 0.00732563
37070, 0.00732581
37071, 0.00732598
37072, 0.00732615
37073, 0.00732632
37074, 0.00732649
37075, 0.00732666
37076, 0.00732683
37077, 0.00732700
37078, 0.00732717
37079, 0.00732734
37080, 0.00732751
37081, 0.00732768
37082, 0.00732785
37083, 0.00732802
37084, 0.00732820
37085, 0.00732837
37086, 0.00732854
37087, 0.00732871
37088, 0.00732888
37089, 0.00732905
37090, 0.00732922
37091, 0.00732939
37092, 0.00732956
37093, 0.00732974
37094, 0.00732990
37095, 0.00733007
37096, 0.00733025
37097, 0.00733042
37098, 0.00733059
37099, 0.00733075
37100, 0.00733092
37101, 0.00733109
37102, 0.00733126
37103, 0.00733144
37104, 0.00733160
37105, 0.00733177
37106, 0.00733194
37107, 0.00733211
37108, 0.00733228
37109, 0.00733245
37110, 0.00733262
37111, 0.00733279
37112, 0.00733296
37113, 0.00733313
37114, 0.00733330
37115, 0.00733347
37116, 0.00733364
37117, 0.00733381
37118, 0.00733398
37119, 0.00733415
37120, 0.00733432
37121, 0.00733449
37122, 0.00733466
37123, 0.00733483
37124, 0.00733500
37125, 0.00733517
37126, 0.00733535
37127, 0.00733551
37128, 0.00733569
37129, 0.00733585
37130, 0.00733602
37131, 0.00733619
37132, 0.00733636
37133, 0.00733653
37134, 0.00733670
37135, 0.00733688
37136, 0.00733705
37137, 0.00733722
37138, 0.00733739
37139, 0.00733756
37140, 0.00733773
37141, 0.00733789
37142, 0.00733806
37143, 0.00733823
37144, 0.00733840
37145, 0.00733857
37146, 0.00733874
37147, 0.00733891
37148, 0.00733908
37149, 0.00733925
37150, 0.00733942
37151, 0.00733959
37152, 0.00733977
37153, 0.00733994
37154, 0.00734011
37155, 0.00734028
37156, 0.00734044
37157, 0.00734061
37158, 0.00734078
37159, 0.00734095
37160, 0.00734112
37161, 0.00734129
37162, 0.00734146
37163, 0.00734164
37164, 0.00734181
37165, 0.00734198
37166, 0.00734215
37167, 0.00734232
37168, 0.00734249
37169, 0.00734266
37170, 0.00734283
37171, 0.00734300
37172, 0.00734317
37173, 0.00734334
37174, 0.00734353
37175, 0.00734569
37176, 0.00734590
37177, 0.00734608
37178, 0.00734627
37179, 0.00734645
37180, 0.00734663
37181, 0.00734682
37182, 0.00734700
37183, 0.00734719
37184, 0.00734737
37185, 0.00734755
37186, 0.00734774
37187, 0.00734792
37188, 0.00734810
37189, 0.00734828
37190, 0.00734846
37191, 0.00734864
37192, 0.00734882
37193, 0.00734901
37194, 0.00734919
37195, 0.00734937
37196, 0.00734955
37197, 0.00734973
37198, 0.00734991
37199, 0.00735009
37200, 0.00735028
37201, 0.00735045
37202, 0.00735063
37203, 0.00735081
37204, 0.00735098
37205, 0.00735116
37206, 0.00735133
37207, 0.00735151
37208, 0.00735169
37209, 0.00735187
37210, 0.00735205
37211, 0.00735222
37212, 0.00735239
37213, 0.00735257
37214, 0.00735275
37215, 0.00735292
37216, 0.00735310
37217, 0.00735328
37218, 0.00735345
37219, 0.00735363
37220, 0.00735381
37221, 0.00735398
37222, 0.00735416
37223, 0.00735434
37224, 0.00735451
37225, 0.00735469
37226, 0.00735486
37227, 0.00735504
37228, 0.00735522
37229, 0.00735540
37230, 0.00735558
37231, 0.00735576
37232, 0.00735594
37233, 0.00735611
37234, 0.00735629
37235, 0.00735646
37236, 0.00735664
37237, 0.00735681
37238, 0.00735699
37239, 0.00735716
37240, 0.00735734
37241, 0.00735751
37242, 0.00735769
37243, 0.00735786
37244, 0.00735804
37245, 0.00735821
37246, 0.00735838
37247, 0.00735855
37248, 0.00735873
37249, 0.00735891
37250, 0.00735908
37251, 0.00735926
37252, 0.00735944
37253, 0.00735962
37254, 0.00735979
37255, 0.00735996
37256, 0.00736014
37257, 0.00736032
37258, 0.00736049
37259, 0.00736066
37260, 0.00736083
37261, 0.00736100
37262, 0.00736118
37263, 0.00736135
37264, 0.00736153
37265, 0.00736171
37266, 0.00736188
37267, 0.00736206
37268, 0.00736224
37269, 0.00736241
37270, 0.00736258
37271, 0.00736276
37272, 0.00736293
37273, 0.00736311
37274, 0.00736328
37275, 0.00736345
37276, 0.00736363
37277, 0.00736380
37278, 0.00736397
37279, 0.00736414
37280, 0.00736432
37281, 0.00736449
37282, 0.00736466
37283, 0.00736483
37284, 0.00736500
37285, 0.00736518
37286, 0.00736536
37287, 0.00736553
37288, 0.00736571
37289, 0.00736589
37290, 0.00736607
37291, 0.00736624
37292, 0.00736641
37293, 0.00736659
37294, 0.00736676
37295, 0.00736694
37296, 0.00736712
37297, 0.00736730
37298, 0.00736748
37299, 0.00736765
37300, 0.00736786
37301, 0.00736998
37302, 0.00737018
37303, 0.00737037
37304, 0.00737055
37305, 0.00737074
37306, 0.00737092
37307, 0.00737110
37308, 0.00737129
37309, 0.00737147
37310, 0.00737165
37311, 0.00737184
37312, 0.00737202
37313, 0.00737221
37314, 0.00737239
37315, 0.00737257
37316, 0.00737275
37317, 0.00737293
37318, 0.00737312
37319, 0.00737330
37320, 0.00737347
37321, 0.00737365
37322, 0.00737382
37323, 0.00737399
37324, 0.00737417
37325, 0.00737434
37326, 0.00737452
37327, 0.00737469
37328, 0.00737486
37329, 0.00737504
37330, 0.00737521
37331, 0.00737539
37332, 0.00737556
37333, 0.00737573
37334, 0.00737590
37335, 0.00737608
37336, 0.00737625
37337, 0.00737643
37338, 0.00737660
37339, 0.00737678
37340, 0.00737695
37341, 0.00737713
37342, 0.00737731
37343, 0.00737748
37344, 0.00737766
37345, 0.00737783
37346, 0.00737800
37347, 0.00737818
37348, 0.00737835
37349, 0.00737853
37350, 0.00737870
37351, 0.00737888
37352, 0.00737905
37353, 0.00737923
37354, 0.00737941
37355, 0.00737958
37356, 0.00737975
37357, 0.00737992
37358, 0.00738010
37359, 0.00738027
37360, 0.00738045
37361, 0.00738062
37362, 0.00738080
37363, 0.00738097
37364, 0.00738114
37365, 0.00738132
37366, 0.00738149
37367, 0.00738167
37368, 0.00738184
37369, 0.00738201
37370, 0.00738219
37371, 0.00738237
37372, 0.00738254
37373, 0.00738272
37374, 0.00738289
37375, 0.00738307
37376, 0.00738324
37377, 0.00738341
37378, 0.00738359
37379, 0.00738376
37380, 0.00738394
37381, 0.00738411
37382, 0.00738429
37383, 0.00738453
37384, 0.00738471
37385, 0.00738488
37386, 0.00738505
37387, 0.00738523
37388, 0.00738540
37389, 0.00738558
37390, 0.00738575
37391, 0.00738599
37392, 0.00738616
37393, 0.00738633
37394, 0.00738651
37395, 0.00738668
37396, 0.00738686
37397, 0.00738703
37398, 0.00738721
37399, 0.00738746
37400, 0.00738764
37401, 0.00738781
37402, 0.00738799
37403, 0.00738816
37404, 0.00738834
37405, 0.00738851
37406, 0.00738869
37407, 0.00738893
37408, 0.00738911
37409, 0.00738929
37410, 0.00738946
37411, 0.00738963
37412, 0.00738981
37413, 0.00738998
37414, 0.00739016
37415, 0.00739039
37416, 0.00739057
37417, 0.00739074
37418, 0.00739091
37419, 0.00739109
37420, 0.00739126
37421, 0.00739144
37422, 0.00739161
37423, 0.00739185
37424, 0.00739202
37425, 0.00739220
37426, 0.00739240
37427, 0.00739471
37428, 0.00739490
37429, 0.00739507
37430, 0.00739525
37431, 0.00739550
37432, 0.00739568
37433, 0.00739585
37434, 0.00739603
37435, 0.00739621
37436, 0.00739638
37437, 0.00739656
37438, 0.00739673
37439, 0.00739699
37440, 0.00739716
37441, 0.00739734
37442, 0.00739752
37443, 0.00739770
37444, 0.00739788
37445, 0.00739805
37446, 0.00739823
37447, 0.00739840
37448, 0.00739858
37449, 0.00739876
37450, 0.00739893
37451, 0.00739911
37452, 0.00739928
37453, 0.00739945
37454, 0.00739963
37455, 0.00739981
37456, 0.00740000
37457, 0.00740017
37458, 0.00740035
37459, 0.00740052
37460, 0.00740070
37461, 0.00740087
37462, 0.00740105
37463, 0.00740123
37464, 0.00740140
37465, 0.00740158
37466, 0.00740175
37467, 0.00740193
37468, 0.00740210
37469, 0.00740227
37470, 0.00740244
37471, 0.00740262
37472, 0.00740280
37473, 0.00740298
37474, 0.00740317
37475, 0.00740335
37476, 0.00740352
37477, 0.00740369
37478, 0.00740386
37479, 0.00740404
37480, 0.00740421
37481, 0.00740439
37482, 0.00740457
37483, 0.00740475
37484, 0.00740493
37485, 0.00740510
37486, 0.00740527
37487, 0.00740544
37488, 0.00740562
37489, 0.00740580
37490, 0.00740597
37491, 0.00740614
37492, 0.00740631
37493, 0.00740648
37494, 0.00740665
37495, 0.00740683
37496, 0.00740700
37497, 0.00740717
37498, 0.00740735
37499, 0.00740752
37500, 0.00740769
37501, 0.00740786
37502, 0.00740803
37503, 0.00740820
37504, 0.00740837
37505, 0.00740854
37506, 0.00740871
37507, 0.00740888
37508, 0.00740906
37509, 0.00740923
37510, 0.00740940
37511, 0.00740957
37512, 0.00740974
37513, 0.00740991
37514, 0.00741008
37515, 0.00741025
37516, 0.00741042
37517, 0.00741059
37518, 0.00741076
37519, 0.00741093
37520, 0.00741111
37521, 0.00741128
37522, 0.00741145
37523, 0.00741162
37524, 0.00741180
37525, 0.00741197
37526, 0.00741214
37527, 0.00741231
37528, 0.00741248
37529, 0.00741265
37530, 0.00741282
37531, 0.00741300
37532, 0.00741317
37533, 0.00741334
37534, 0.00741351
37535, 0.00741368
37536, 0.00741386
37537, 0.00741403
37538, 0.00741420
37539, 0.00741437
37540, 0.00741454
37541, 0.00741472
37542, 0.00741489
37543, 0.00741506
37544, 0.00741523
37545, 0.00741540
37546, 0.00741558
37547, 0.00741575
37548, 0.00741592
37549, 0.00741610
37550, 0.00741627
37551, 0.00741644
37552, 0.00741664
37553, 0.00741886
37554, 0.00741906
37555, 0.00741924
37556, 0.00741942
37557, 0.00741959
37558, 0.00741977
37559, 0.00741995
37560, 0.00742014
37561, 0.00742032
37562, 0.00742050
37563, 0.00742068
37564, 0.00742085
37565, 0.00742103
37566, 0.00742120
37567, 0.00742138
37568, 0.00742155
37569, 0.00742172
37570, 0.00742189
37571, 0.00742207
37572, 0.00742224
37573, 0.00742241
37574, 0.00742258
37575, 0.00742275
37576, 0.00742293
37577, 0.00742310
37578, 0.00742327
37579, 0.00742345
37580, 0.00742362
37581, 0.00742379
37582, 0.00742397
37583, 0.00742415
37584, 0.00742432
37585, 0.00742450
37586, 0.00742467
37587, 0.00742485
37588, 0.00742502
37589, 0.00742520
37590, 0.00742537
37591, 0.00742554
37592, 0.00742571
37593, 0.00742588
37594, 0.00742606
37595, 0.00742623
37596, 0.00742640
37597, 0.00742658
37598, 0.00742676
37599, 0.00742693
37600, 0.00742711
37601, 0.00742729
37602, 0.00742747
37603, 0.00742764
37604, 0.00742782
37605, 0.00742799
37606, 0.00742816
37607, 0.00742833
37608, 0.00742851
37609, 0.00742868
37610, 0.00742885
37611, 0.00742903
37612, 0.00742920
37613, 0.00742937
37614, 0.00742955
37615, 0.00742972
37616, 0.00742990
37617, 0.00743007
37618, 0.00743025
37619, 0.00743042
37620, 0.00743060
37621, 0.00743077
37622, 0.00743094
37623, 0.00743111
37624, 0.00743129
37625, 0.00743145
37626, 0.00743163
37627, 0.00743180
37628, 0.00743197
37629, 0.00743215
37630, 0.00743232
37631, 0.00743249
37632, 0.00743266
37633, 0.00743283
37634, 0.00743300
37635, 0.00743317
37636, 0.00743335
37637, 0.00743353
37638, 0.00743370
37639, 0.00743387
37640, 0.00743404
37641, 0.00743421
37642, 0.00743440
37643, 0.00743458
37644, 0.00743476
37645, 0.00743494
37646, 0.00743513
37647, 0.00743530
37648, 0.00743547
37649, 0.00743565
37650, 0.00743582
37651, 0.00743599
37652, 0.00743617
37653, 0.00743634
37654, 0.00743651
37655, 0.00743668
37656, 0.00743685
37657, 0.00743702
37658, 0.00743719
37659, 0.00743736
37660, 0.00743753
37661, 0.00743771
37662, 0.00743788
37663, 0.00743805
37664, 0.00743822
37665, 0.00743839
37666, 0.00743857
37667, 0.00743874
37668, 0.00743891
37669, 0.00743908
37670, 0.00743925
37671, 0.00743948
37672, 0.00743965
37673, 0.00743983
37674, 0.00744000
37675, 0.00744017
37676, 0.00744034
37677, 0.00744051
37678, 0.00744071
37679, 0.00744292
37680, 0.00744313
37681, 0.00744331
37682, 0.00744349
37683, 0.00744367
37684, 0.00744385
37685, 0.00744402
37686, 0.00744420
37687, 0.00744437
37688, 0.00744455
37689, 0.00744472
37690, 0.00744490
37691, 0.00744508
37692, 0.00744525
37693, 0.00744543
37694, 0.00744561
37695, 0.00744579
37696, 0.00744597
37697, 0.00744615
37698, 0.00744632
37699, 0.00744650
37700, 0.00744667
37701, 0.00744685
37702, 0.00744703
37703, 0.00744721
37704, 0.00744738
37705, 0.00744756
37706, 0.00744774
37707, 0.00744792
37708, 0.00744809
37709, 0.00744827
37710, 0.00744844
37711, 0.00744862
37712, 0.00744880
37713, 0.00744897
37714, 0.00744915
37715, 0.00744932
37716, 0.00744950
37717, 0.00744968
37718, 0.00744985
37719, 0.00745003
37720, 0.00745021
37721, 0.00745038
37722, 0.00745056
37723, 0.00745074
37724, 0.00745091
37725, 0.00745109
37726, 0.00745127
37727, 0.00745145
37728, 0.00745162
37729, 0.00745179
37730, 0.00745197
37731, 0.00745215
37732, 0.00745232
37733, 0.00745250
37734, 0.00745267
37735, 0.00745284
37736, 0.00745302
37737, 0.00745319
37738, 0.00745337
37739, 0.00745354
37740, 0.00745372
37741, 0.00745389
37742, 0.00745407
37743, 0.00745425
37744, 0.00745442
37745, 0.00745460
37746, 0.00745478
37747, 0.00745495
37748, 0.00745513
37749, 0.00745530
37750, 0.00745547
37751, 0.00745565
37752, 0.00745582
37753, 0.00745600
37754, 0.00745617
37755, 0.00745635
37756, 0.00745652
37757, 0.00745669
37758, 0.00745686
37759, 0.00745704
37760, 0.00745721
37761, 0.00745738
37762, 0.00745755
37763, 0.00745772
37764, 0.00745789
37765, 0.00745807
37766, 0.00745824
37767, 0.00745841
37768, 0.00745859
37769, 0.00745876
37770, 0.00745894
37771, 0.00745912
37772, 0.00745929
37773, 0.00745947
37774, 0.00745964
37775, 0.00745982
37776, 0.00745999
37777, 0.00746016
37778, 0.00746033
37779, 0.00746051
37780, 0.00746068
37781, 0.00746086
37782, 0.00746103
37783, 0.00746121
37784, 0.00746138
37785, 0.00746156
37786, 0.00746173
37787, 0.00746190
37788, 0.00746207
37789, 0.00746236
37790, 0.00746254
37791, 0.00746272
37792, 0.00746289
37793, 0.00746307
37794, 0.00746325
37795, 0.00746342
37796, 0.00746359
37797, 0.00746376
37798, 0.00746393
37799, 0.00746410
37800, 0.00746427
37801, 0.00746445
37802, 0.00746462
37803, 0.00746480
37804, 0.00746500
37805, 0.00746721
37806, 0.00746739
37807, 0.00746756
37808, 0.00746773
37809, 0.00746791
37810, 0.00746808
37811, 0.00746826
37812, 0.00746844
37813, 0.00746861
37814, 0.00746879
37815, 0.00746896
37816, 0.00746914
37817, 0.00746932
37818, 0.00746950
37819, 0.00746967
37820, 0.00746984
37821, 0.00747002
37822, 0.00747019
37823, 0.00747037
37824, 0.00747054
37825, 0.00747072
37826, 0.00747089
37827, 0.00747107
37828, 0.00747124
37829, 0.00747142
37830, 0.00747159
37831, 0.00747176
37832, 0.00747193
37833, 0.00747210
37834, 0.00747227
37835, 0.00747245
37836, 0.00747262
37837, 0.00747279
37838, 0.00747296
37839, 0.00747314
37840, 0.00747331
37841, 0.00747349
37842, 0.00747366
37843, 0.00747384
37844, 0.00747401
37845, 0.00747419
37846, 0.00747436
37847, 0.00747453
37848, 0.00747471
37849, 0.00747488
37850, 0.00747506
37851, 0.00747523
37852, 0.00747540
37853, 0.00747558
37854, 0.00747575
37855, 0.00747592
37856, 0.00747609
37857, 0.00747627
37858, 0.00747644
37859, 0.00747661
37860, 0.00747679
37861, 0.00747696
37862, 0.00747714
37863, 0.00747731
37864, 0.00747748
37865, 0.00747765
37866, 0.00747782
37867, 0.00747799
37868, 0.00747816
37869, 0.00747833
37870, 0.00747851
37871, 0.00747868
37872, 0.00747885
37873, 0.00747903
37874, 0.00747920
37875, 0.00747937
37876, 0.00747955
37877, 0.00747972
37878, 0.00747990
37879, 0.00748007
37880, 0.00748024
37881, 0.00748041
37882, 0.00748058
37883, 0.00748075
37884, 0.00748093
37885, 0.00748110
37886, 0.00748128
37887, 0.00748145
37888, 0.00748162
37889, 0.00748180
37890, 0.00748197
37891, 0.00748214
37892, 0.00748231
37893, 0.00748248
37894, 0.00748265
37895, 0.00748288
37896, 0.00748305
37897, 0.00748323
37898, 0.00748340
37899, 0.00748357
37900, 0.00748375
37901, 0.00748392
37902, 0.00748409
37903, 0.00748433
37904, 0.00748450
37905, 0.00748467
37906, 0.00748484
37907, 0.00748502
37908, 0.00748519
37909, 0.00748536
37910, 0.00748554
37911, 0.00748577
37912, 0.00748594
37913, 0.00748611
37914, 0.00748628
37915, 0.00748646
37916, 0.00748664
37917, 0.00748681
37918, 0.00748698
37919, 0.00748745
37920, 0.00748762
37921, 0.00748780
37922, 0.00748797
37923, 0.00748814
37924, 0.00748832
37925, 0.00748849
37926, 0.00748866
37927, 0.00748891
37928, 0.00748908
37929, 0.00748926
37930, 0.00748946
37931, 0.00749166
37932, 0.00749185
37933, 0.00749202
37934, 0.00749220
37935, 0.00749245
37936, 0.00749262
37937, 0.00749280
37938, 0.00749298
37939, 0.00749316
37940, 0.00749333
37941, 0.00749351
37942, 0.00749368
37943, 0.00749392
37944, 0.00749410
37945, 0.00749427
37946, 0.00749445
37947, 0.00749462
37948, 0.00749480
37949, 0.00749498
37950, 0.00749515
37951, 0.00749539
37952, 0.00749556
37953, 0.00749574
37954, 0.00749592
37955, 0.00749609
37956, 0.00749627
37957, 0.00749644
37958, 0.00749661
37959, 0.00749679
37960, 0.00749696
37961, 0.00749714
37962, 0.00749731
37963, 0.00749749
37964, 0.00749767
37965, 0.00749784
37966, 0.00749801
37967, 0.00749818
37968, 0.00749835
37969, 0.00749853
37970, 0.00749870
37971, 0.00749887
37972, 0.00749905
37973, 0.00749923
37974, 0.00749940
37975, 0.00749958
37976, 0.00749975
37977, 0.00749993
37978, 0.00750010
37979, 0.00750027
37980, 0.00750045
37981, 0.00750062
37982, 0.00750080
37983, 0.00750097
37984, 0.00750115
37985, 0.00750132
37986, 0.00750150
37987, 0.00750167
37988, 0.00750185
37989, 0.00750202
37990, 0.00750219
37991, 0.00750236
37992, 0.00750254
37993, 0.00750271
37994, 0.00750288
37995, 0.00750305
37996, 0.00750322
37997, 0.00750340
37998, 0.00750357
37999, 0.00750374
38000, 0.00750392
38001, 0.00750409
38002, 0.00750426
38003, 0.00750443
38004, 0.00750460
38005, 0.00750478
38006, 0.00750495
38007, 0.00750513
38008, 0.00750530
38009, 0.00750548
38010, 0.00750565
38011, 0.00750582
38012, 0.00750599
38013, 0.00750616
38014, 0.00750633
38015, 0.00750651
38016, 0.00750668
38017, 0.00750685
38018, 0.00750703
38019, 0.00750720
38020, 0.00750737
38021, 0.00750755
38022, 0.00750772
38023, 0.00750790
38024, 0.00750808
38025, 0.00750825
38026, 0.00750843
38027, 0.00750860
38028, 0.00750877
38029, 0.00750894
38030, 0.00750911
38031, 0.00750928
38032, 0.00750945
38033, 0.00750962
38034, 0.00750979
38035, 0.00750996
38036, 0.00751014
38037, 0.00751031
38038, 0.00751047
38039, 0.00751065
38040, 0.00751082
38041, 0.00751099
38042, 0.00751116
38043, 0.00751134
38044, 0.00751151
38045, 0.00751169
38046, 0.00751186
38047, 0.00751203
38048, 0.00751220
38049, 0.00751237
38050, 0.00751255
38051, 0.00751272
38052, 0.00751289
38053, 0.00751306
38054, 0.00751324
38055, 0.00751342
38056, 0.00751361
38057, 0.00751582
38058, 0.00751603
38059, 0.00751620
38060, 0.00751638
38061, 0.00751655
38062, 0.00751673
38063, 0.00751690
38064, 0.00751708
38065, 0.00751725
38066, 0.00751742
38067, 0.00751759
38068, 0.00751776
38069, 0.00751794
38070, 0.00751811
38071, 0.00751829
38072, 0.00751846
38073, 0.00751864
38074, 0.00751882
38075, 0.00751900
38076, 0.00751918
38077, 0.00751935
38078, 0.00751952
38079, 0.00751969
38080, 0.00751987
38081, 0.00752004
38082, 0.00752021
38083, 0.00752039
38084, 0.00752056
38085, 0.00752073
38086, 0.00752090
38087, 0.00752107
38088, 0.00752125
38089, 0.00752142
38090, 0.00752159
38091, 0.00752176
38092, 0.00752193
38093, 0.00752211
38094, 0.00752228
38095, 0.00752245
38096, 0.00752268
38097, 0.00752286
38098, 0.00752303
38099, 0.00752320
38100, 0.00752340
38101, 0.00752358
38102, 0.00752375
38103, 0.00752393
38104, 0.00752411
38105, 0.00752428
38106, 0.00752445
38107, 0.00752462
38108, 0.00752480
38109, 0.00752497
38110, 0.00752515
38111, 0.00752533
38112, 0.00752550
38113, 0.00752568
38114, 0.00752585
38115, 0.00752603
38116, 0.00752620
38117, 0.00752637
38118, 0.00752655
38119, 0.00752672
38120, 0.00752689
38121, 0.00752707
38122, 0.00752724
38123, 0.00752741
38124, 0.00752758
38125, 0.00752775
38126, 0.00752793
38127, 0.00752810
38128, 0.00752827
38129, 0.00752846
38130, 0.00752864
38131, 0.00752881
38132, 0.00752898
38133, 0.00752915
38134, 0.00752932
38135, 0.00752950
38136, 0.00752967
38137, 0.00752984
38138, 0.00753001
38139, 0.00753017
38140, 0.00753041
38141, 0.00753059
38142, 0.00753076
38143, 0.00753093
38144, 0.00753110
38145, 0.00753127
38146, 0.00753144
38147, 0.00753161
38148, 0.00753179
38149, 0.00753196
38150, 0.00753213
38151, 0.00753230
38152, 0.00753247
38153, 0.00753265
38154, 0.00753282
38155, 0.00753299
38156, 0.00753316
38157, 0.00753334
38158, 0.00753352
38159, 0.00753369
38160, 0.00753387
38161, 0.00753405
38162, 0.00753422
38163, 0.00753439
38164, 0.00753456
38165, 0.00753473
38166, 0.00753490
38167, 0.00753509
38168, 0.00753526
38169, 0.00753544
38170, 0.00753561
38171, 0.00753578
38172, 0.00753595
38173, 0.00753612
38174, 0.00753629
38175, 0.00753646
38176, 0.00753663
38177, 0.00753680
38178, 0.00753698
38179, 0.00753714
38180, 0.00753732
38181, 0.00753749
38182, 0.00753769
38183, 0.00753990
38184, 0.00754011
38185, 0.00754028
38186, 0.00754045
38187, 0.00754063
38188, 0.00754080
38189, 0.00754098
38190, 0.00754116
38191, 0.00754133
38192, 0.00754151
38193, 0.00754168
38194, 0.00754186
38195, 0.00754203
38196, 0.00754220
38197, 0.00754237
38198, 0.00754255
38199, 0.00754273
38200, 0.00754290
38201, 0.00754308
38202, 0.00754325
38203, 0.00754342
38204, 0.00754360
38205, 0.00754377
38206, 0.00754395
38207, 0.00754412
38208, 0.00754430
38209, 0.00754447
38210, 0.00754464
38211, 0.00754481
38212, 0.00754499
38213, 0.00754516
38214, 0.00754533
38215, 0.00754551
38216, 0.00754568
38217, 0.00754586
38218, 0.00754603
38219, 0.00754621
38220, 0.00754638
38221, 0.00754655
38222, 0.00754673
38223, 0.00754690
38224, 0.00754708
38225, 0.00754725
38226, 0.00754743
38227, 0.00754760
38228, 0.00754778
38229, 0.00754795
38230, 0.00754812
38231, 0.00754830
38232, 0.00754847
38233, 0.00754865
38234, 0.00754882
38235, 0.00754900
38236, 0.00754917
38237, 0.00754935
38238, 0.00754952
38239, 0.00754970
38240, 0.00754987
38241, 0.00755004
38242, 0.00755022
38243, 0.00755039
38244, 0.00755056
38245, 0.00755073
38246, 0.00755091
38247, 0.00755108
38248, 0.00755126
38249, 0.00755143
38250, 0.00755161
38251, 0.00755178
38252, 0.00755195
38253, 0.00755213
38254, 0.00755230
38255, 0.00755247
38256, 0.00755265
38257, 0.00755282
38258, 0.00755299
38259, 0.00755316
38260, 0.00755334
38261, 0.00755351
38262, 0.00755368
38263, 0.00755385
38264, 0.00755402
38265, 0.00755420
38266, 0.00755437
38267, 0.00755454
38268, 0.00755471
38269, 0.00755488
38270, 0.00755506
38271, 0.00755523
38272, 0.00755540
38273, 0.00755557
38274, 0.00755575
38275, 0.00755592
38276, 0.00755609
38277, 0.00755627
38278, 0.00755644
38279, 0.00755661
38280, 0.00755678
38281, 0.00755696
38282, 0.00755713
38283, 0.00755731
38284, 0.00755748
38285, 0.00755766
38286, 0.00755783
38287, 0.00755800
38288, 0.00755818
38289, 0.00755835
38290, 0.00755853
38291, 0.00755870
38292, 0.00755887
38293, 0.00755905
38294, 0.00755922
38295, 0.00755940
38296, 0.00755957
38297, 0.00755974
38298, 0.00755992
38299, 0.00756009
38300, 0.00756026
38301, 0.00756043
38302, 0.00756061
38303, 0.00756078
38304, 0.00756095
38305, 0.00756113
38306, 0.00756130
38307, 0.00756148
38308, 0.00756168
38309, 0.00756390
38310, 0.00756411
38311, 0.00756428
38312, 0.00756446
38313, 0.00756464
38314, 0.00756481
38315, 0.00756499
38316, 0.00756517
38317, 0.00756534
38318, 0.00756552
38319, 0.00756570
38320, 0.00756587
38321, 0.00756605
38322, 0.00756622
38323, 0.00756640
38324, 0.00756657
38325, 0.00756675
38326, 0.00756692
38327, 0.00756710
38328, 0.00756727
38329, 0.00756745
38330, 0.00756762
38331, 0.00756780
38332, 0.00756797
38333, 0.00756814
38334, 0.00756832
38335, 0.00756849
38336, 0.00756868
38337, 0.00756886
38338, 0.00756904
38339, 0.00756921
38340, 0.00756939
38341, 0.00756957
38342, 0.00756974
38343, 0.00756993
38344, 0.00757010
38345, 0.00757028
38346, 0.00757045
38347, 0.00757062
38348, 0.00757080
38349, 0.00757097
38350, 0.00757115
38351, 0.00757133
38352, 0.00757150
38353, 0.00757168
38354, 0.00757186
38355, 0.00757203
38356, 0.00757221
38357, 0.00757238
38358, 0.00757256
38359, 0.00757273
38360, 0.00757291
38361, 0.00757308
38362, 0.00757325
38363, 0.00757343
38364, 0.00757360
38365, 0.00757377
38366, 0.00757395
38367, 0.00757414
38368, 0.00757431
38369, 0.00757448
38370, 0.00757466
38371, 0.00757483
38372, 0.00757501
38373, 0.00757518
38374, 0.00757536
38375, 0.00757553
38376, 0.00757571
38377, 0.00757588
38378, 0.00757606
38379, 0.00757623
38380, 0.00757640
38381, 0.00757658
38382, 0.00757675
38383, 0.00757692
38384, 0.00757710
38385, 0.00757728
38386, 0.00757745
38387, 0.00757762
38388, 0.00757779
38389, 0.00757797
38390, 0.00757814
38391, 0.00757831
38392, 0.00757849
38393, 0.00757866
38394, 0.00757884
38395, 0.00757901
38396, 0.00757919
38397, 0.00757936
38398, 0.00757954
38399, 0.00757971
38400, 0.00757989
38401, 0.00758006
38402, 0.00758023
38403, 0.00758041
38404, 0.00758058
38405, 0.00758076
38406, 0.00758093
38407, 0.00758118
38408, 0.00758135
38409, 0.00758153
38410, 0.00758170
38411, 0.00758188
38412, 0.00758205
38413, 0.00758223
38414, 0.00758240
38415, 0.00758263
38416, 0.00758281
38417, 0.00758298
38418, 0.00758316
38419, 0.00758333
38420, 0.00758351
38421, 0.00758369
38422, 0.00758386
38423, 0.00758411
38424, 0.00758428
38425, 0.00758446
38426, 0.00758463
38427, 0.00758481
38428, 0.00758498
38429, 0.00758516
38430, 0.00758533
38431, 0.00758559
38432, 0.00758577
38433, 0.00758594
38434, 0.00758614
38435, 0.00758837
38436, 0.00758857
38437, 0.00758875
38438, 0.00758892
38439, 0.00758917
38440, 0.00758936
38441, 0.00758963
38442, 0.00758981
38443, 0.00758999
38444, 0.00759017
38445, 0.00759034
38446, 0.00759052
38447, 0.00759077
38448, 0.00759094
38449, 0.00759112
38450, 0.00759130
38451, 0.00759147
38452, 0.00759165
38453, 0.00759182
38454, 0.00759200
38455, 0.00759225
38456, 0.00759242
38457, 0.00759260
38458, 0.00759277
38459, 0.00759295
38460, 0.00759313
38461, 0.00759330
38462, 0.00759348
38463, 0.00759372
38464, 0.00759389
38465, 0.00759407
38466, 0.00759425
38467, 0.00759442
38468, 0.00759460
38469, 0.00759477
38470, 0.00759495
38471, 0.00759520
38472, 0.00759537
38473, 0.00759554
38474, 0.00759572
38475, 0.00759590
38476, 0.00759607
38477, 0.00759625
38478, 0.00759642
38479, 0.00759660
38480, 0.00759678
38481, 0.00759695
38482, 0.00759713
38483, 0.00759731
38484, 0.00759751
38485, 0.00759769
38486, 0.00759786
38487, 0.00759804
38488, 0.00759821
38489, 0.00759839
38490, 0.00759856
38491, 0.00759873
38492, 0.00759890
38493, 0.00759908
38494, 0.00759926
38495, 0.00759943
38496, 0.00759960
38497, 0.00759978
38498, 0.00759995
38499, 0.00760013
38500, 0.00760030
38501, 0.00760048
38502, 0.00760065
38503, 0.00760083
38504, 0.00760100
38505, 0.00760118
38506, 0.00760136
38507, 0.00760153
38508, 0.00760171
38509, 0.00760189
38510, 0.00760206
38511, 0.00760223
38512, 0.00760241
38513, 0.00760259
38514, 0.00760276
38515, 0.00760294
38516, 0.00760311
38517, 0.00760329
38518, 0.00760346
38519, 0.00760364
38520, 0.00760381
38521, 0.00760399
38522, 0.00760416
38523, 0.00760434
38524, 0.00760451
38525, 0.00760469
38526, 0.00760487
38527, 0.00760504
38528, 0.00760522
38529, 0.00760539
38530, 0.00760557
38531, 0.00760575
38532, 0.00760593
38533, 0.00760610
38534, 0.00760628
38535, 0.00760645
38536, 0.00760663
38537, 0.00760680
38538, 0.00760697
38539, 0.00760714
38540, 0.00760732
38541, 0.00760750
38542, 0.00760767
38543, 0.00760784
38544, 0.00760802
38545, 0.00760819
38546, 0.00760836
38547, 0.00760854
38548, 0.00760871
38549, 0.00760889
38550, 0.00760906
38551, 0.00760924
38552, 0.00760941
38553, 0.00760958
38554, 0.00760976
38555, 0.00760993
38556, 0.00761010
38557, 0.00761027
38558, 0.00761045
38559, 0.00761063
38560, 0.00761083
38561, 0.00761304
38562, 0.00761322
38563, 0.00761340
38564, 0.00761357
38565, 0.00761374
38566, 0.00761392
38567, 0.00761409
38568, 0.00761427
38569, 0.00761445
38570, 0.00761462
38571, 0.00761480
38572, 0.00761498
38573, 0.00761515
38574, 0.00761532
38575, 0.00761550
38576, 0.00761568
38577, 0.00761585
38578, 0.00761603
38579, 0.00761621
38580, 0.00761639
38581, 0.00761656
38582, 0.00761674
38583, 0.00761691
38584, 0.00761709
38585, 0.00761727
38586, 0.00761745
38587, 0.00761763
38588, 0.00761780
38589, 0.00761799
38590, 0.00761816
38591, 0.00761834
38592, 0.00761852
38593, 0.00761870
38594, 0.00761887
38595, 0.00761905
38596, 0.00761923
38597, 0.00761940
38598, 0.00761958
38599, 0.00761975
38600, 0.00761993
38601, 0.00762010
38602, 0.00762028
38603, 0.00762046
38604, 0.00762063
38605, 0.00762081
38606, 0.00762098
38607, 0.00762116
38608, 0.00762133
38609, 0.00762151
38610, 0.00762168
38611, 0.00762186
38612, 0.00762204
38613, 0.00762221
38614, 0.00762239
38615, 0.00762257
38616, 0.00762274
38617, 0.00762292
38618, 0.00762309
38619, 0.00762327
38620, 0.00762345
38621, 0.00762363
38622, 0.00762380
38623, 0.00762398
38624, 0.00762416
38625, 0.00762433
38626, 0.00762451
38627, 0.00762469
38628, 0.00762487
38629, 0.00762504
38630, 0.00762521
38631, 0.00762539
38632, 0.00762557
38633, 0.00762574
38634, 0.00762592
38635, 0.00762609
38636, 0.00762627
38637, 0.00762645
38638, 0.00762663
38639, 0.00762681
38640, 0.00762698
38641, 0.00762716
38642, 0.00762734
38643, 0.00762752
38644, 0.00762769
38645, 0.00762787
38646, 0.00762805
38647, 0.00762822
38648, 0.00762840
38649, 0.00762857
38650, 0.00762875
38651, 0.00762892
38652, 0.00762910
38653, 0.00762927
38654, 0.00762945
38655, 0.00762963
38656, 0.00762981
38657, 0.00762998
38658, 0.00763015
38659, 0.00763032
38660, 0.00763050
38661, 0.00763067
38662, 0.00763085
38663, 0.00763103
38664, 0.00763121
38665, 0.00763138
38666, 0.00763156
38667, 0.00763173
38668, 0.00763191
38669, 0.00763209
38670, 0.00763226
38671, 0.00763244
38672, 0.00763261
38673, 0.00763278
38674, 0.00763296
38675, 0.00763313
38676, 0.00763331
38677, 0.00763348
38678, 0.00763366
38679, 0.00763383
38680, 0.00763401
38681, 0.00763418
38682, 0.00763436
38683, 0.00763454
38684, 0.00763471
38685, 0.00763489
38686, 0.00763509
38687, 0.00763763
38688, 0.00763783
38689, 0.00763801
38690, 0.00763819
38691, 0.00763836
38692, 0.00763854
38693, 0.00763872
38694, 0.00763889
38695, 0.00763906
38696, 0.00763924
38697, 0.00763941
38698, 0.00763959
38699, 0.00763977
38700, 0.00763995
38701, 0.00764012
38702, 0.00764029
38703, 0.00764047
38704, 0.00764064
38705, 0.00764082
38706, 0.00764099
38707, 0.00764117
38708, 0.00764134
38709, 0.00764152
38710, 0.00764169
38711, 0.00764187
38712, 0.00764204
38713, 0.00764222
38714, 0.00764240
38715, 0.00764257
38716, 0.00764274
38717, 0.00764292
38718, 0.00764309
38719, 0.00764327
38720, 0.00764344
38721, 0.00764361
38722, 0.00764378
38723, 0.00764396
38724, 0.00764413
38725, 0.00764431
38726, 0.00764448
38727, 0.00764466
38728, 0.00764483
38729, 0.00764501
38730, 0.00764518
38731, 0.00764535
38732, 0.00764553
38733, 0.00764570
38734, 0.00764587
38735, 0.00764605
38736, 0.00764622
38737, 0.00764640
38738, 0.00764657
38739, 0.00764674
38740, 0.00764692
38741, 0.00764709
38742, 0.00764726
38743, 0.00764744
38744, 0.00764761
38745, 0.00764778
38746, 0.00764796
38747, 0.00764813
38748, 0.00764830
38749, 0.00764848
38750, 0.00764865
38751, 0.00764882
38752, 0.00764899
38753, 0.00764917
38754, 0.00764934
38755, 0.00764952
38756, 0.00764969
38757, 0.00764986
38758, 0.00765004
38759, 0.00765021
38760, 0.00765038
38761, 0.00765056
38762, 0.00765073
38763, 0.00765090
38764, 0.00765108
38765, 0.00765125
38766, 0.00765142
38767, 0.00765159
38768, 0.00765177
38769, 0.00765194
38770, 0.00765212
38771, 0.00765229
38772, 0.00765246
38773, 0.00765264
38774, 0.00765281
38775, 0.00765298
38776, 0.00765316
38777, 0.00765333
38778, 0.00765350
38779, 0.00765368
38780, 0.00765385
38781, 0.00765403
38782, 0.00765420
38783, 0.00765438
38784, 0.00765455
38785, 0.00765472
38786, 0.00765490
38787, 0.00765507
38788, 0.00765525
38789, 0.00765543
38790, 0.00765560
38791, 0.00765578
38792, 0.00765596
38793, 0.00765613
38794, 0.00765630
38795, 0.00765648
38796, 0.00765665
38797, 0.00765683
38798, 0.00765700
38799, 0.00765718
38800, 0.00765735
38801, 0.00765753
38802, 0.00765770
38803, 0.00765788
38804, 0.00765805
38805, 0.00765823
38806, 0.00765841
38807, 0.00765858
38808, 0.00765876
38809, 0.00765893
38810, 0.00765910
38811, 0.00765928
38812, 0.00765948
38813, 0.00766165
38814, 0.00766185
38815, 0.00766202
38816, 0.00766219
38817, 0.00766237
38818, 0.00766254
38819, 0.00766271
38820, 0.00766289
38821, 0.00766306
38822, 0.00766324
38823, 0.00766342
38824, 0.00766359
38825, 0.00766377
38826, 0.00766394
38827, 0.00766412
38828, 0.00766430
38829, 0.00766448
38830, 0.00766466
38831, 0.00766485
38832, 0.00766503
38833, 0.00766521
38834, 0.00766539
38835, 0.00766558
38836, 0.00766576
38837, 0.00766595
38838, 0.00766613
38839, 0.00766631
38840, 0.00766648
38841, 0.00766666
38842, 0.00766683
38843, 0.00766700
38844, 0.00766718
38845, 0.00766735
38846, 0.00766752
38847, 0.00766770
38848, 0.00766787
38849, 0.00766805
38850, 0.00766823
38851, 0.00766840
38852, 0.00766858
38853, 0.00766875
38854, 0.00766894
38855, 0.00766915
38856, 0.00766935
38857, 0.00766954
38858, 0.00766973
38859, 0.00766990
38860, 0.00767008
38861, 0.00767027
38862, 0.00767045
38863, 0.00767063
38864, 0.00767080
38865, 0.00767098
38866, 0.00767115
38867, 0.00767133
38868, 0.00767150
38869, 0.00767168
38870, 0.00767185
38871, 0.00767203
38872, 0.00767221
38873, 0.00767239
38874, 0.00767256
38875, 0.00767273
38876, 0.00767291
38877, 0.00767308
38878, 0.00767326
38879, 0.00767343
38880, 0.00767361
38881, 0.00767378
38882, 0.00767396
38883, 0.00767414
38884, 0.00767435
38885, 0.00767453
38886, 0.00767470
38887, 0.00767488
38888, 0.00767506
38889, 0.00767523
38890, 0.00767541
38891, 0.00767558
38892, 0.00767576
38893, 0.00767594
38894, 0.00767611
38895, 0.00767629
38896, 0.00767647
38897, 0.00767665
38898, 0.00767682
38899, 0.00767699
38900, 0.00767717
38901, 0.00767735
38902, 0.00767752
38903, 0.00767769
38904, 0.00767786
38905, 0.00767804
38906, 0.00767822
38907, 0.00767839
38908, 0.00767857
38909, 0.00767874
38910, 0.00767891
38911, 0.00767909
38912, 0.00767926
38913, 0.00767944
38914, 0.00767961
38915, 0.00767978
38916, 0.00767996
38917, 0.00768014
38918, 0.00768031
38919, 0.00768055
38920, 0.00768072
38921, 0.00768090
38922, 0.00768107
38923, 0.00768125
38924, 0.00768142
38925, 0.00768159
38926, 0.00768177
38927, 0.00768202
38928, 0.00768219
38929, 0.00768236
38930, 0.00768253
38931, 0.00768271
38932, 0.00768288
38933, 0.00768306
38934, 0.00768324
38935, 0.00768348
38936, 0.00768365
38937, 0.00768383
38938, 0.00768402
38939, 0.00768661
38940, 0.00768679
38941, 0.00768696
38942, 0.00768714
38943, 0.00768739
38944, 0.00768756
38945, 0.00768774
38946, 0.00768791
38947, 0.00768809
38948, 0.00768827
38949, 0.00768844
38950, 0.00768862
38951, 0.00768887
38952, 0.00768904
38953, 0.00768922
38954, 0.00768939
38955, 0.00768956
38956, 0.00768974
38957, 0.00768992
38958, 0.00769009
38959, 0.00769034
38960, 0.00769051
38961, 0.00769069
38962, 0.00769087
38963, 0.00769104
38964, 0.00769122
38965, 0.00769139
38966, 0.00769157
38967, 0.00769181
38968, 0.00769199
38969, 0.00769216
38970, 0.00769234
38971, 0.00769251
38972, 0.00769269
38973, 0.00769287
38974, 0.00769304
38975, 0.00769328
38976, 0.00769346
38977, 0.00769363
38978, 0.00769381
38979, 0.00769398
38980, 0.00769415
38981, 0.00769437
38982, 0.00769456
38983, 0.00769481
38984, 0.00769499
38985, 0.00769517
38986, 0.00769534
38987, 0.00769551
38988, 0.00769569
38989, 0.00769586
38990, 0.00769604
38991, 0.00769622
38992, 0.00769639
38993, 0.00769657
38994, 0.00769674
38995, 0.00769692
38996, 0.00769709
38997, 0.00769727
38998, 0.00769744
38999, 0.00769762
39000, 0.00769779
39001, 0.00769797
39002, 0.00769814
39003, 0.00769831
39004, 0.00769849
39005, 0.00769866
39006, 0.00769883
39007, 0.00769901
39008, 0.00769918
39009, 0.00769935
39010, 0.00769956
39011, 0.00769974
39012, 0.00769991
39013, 0.00770008
39014, 0.00770026
39015, 0.00770043
39016, 0.00770061
39017, 0.00770078
39018, 0.00770095
39019, 0.00770113
39020, 0.00770130
39021, 0.00770148
39022, 0.00770165
39023, 0.00770183
39024, 0.00770200
39025, 0.00770218
39026, 0.00770235
39027, 0.00770253
39028, 0.00770270
39029, 0.00770288
39030, 0.00770305
39031, 0.00770323
39032, 0.00770341
39033, 0.00770358
39034, 0.00770376
39035, 0.00770393
39036, 0.00770410
39037, 0.00770428
39038, 0.00770445
39039, 0.00770463
39040, 0.00770480
39041, 0.00770497
39042, 0.00770515
39043, 0.00770532
39044, 0.00770550
39045, 0.00770567
39046, 0.00770585
39047, 0.00770602
39048, 0.00770620
39049, 0.00770637
39050, 0.00770655
39051, 0.00770672
39052, 0.00770690
39053, 0.00770707
39054, 0.00770725
39055, 0.00770742
39056, 0.00770760
39057, 0.00770777
39058, 0.00770795
39059, 0.00770813
39060, 0.00770830
39061, 0.00770847
39062, 0.00770865
39063, 0.00770882
39064, 0.00770902
39065, 0.00771123
39066, 0.00771143
39067, 0.00771162
39068, 0.00771179
39069, 0.00771197
39070, 0.00771215
39071, 0.00771232
39072, 0.00771250
39073, 0.00771267
39074, 0.00771284
39075, 0.00771302
39076, 0.00771320
39077, 0.00771337
39078, 0.00771355
39079, 0.00771373
39080, 0.00771390
39081, 0.00771408
39082, 0.00771425
39083, 0.00771443
39084, 0.00771461
39085, 0.00771479
39086, 0.00771496
39087, 0.00771514
39088, 0.00771531
39089, 0.00771549
39090, 0.00771566
39091, 0.00771583
39092, 0.00771601
39093, 0.00771619
39094, 0.00771636
39095, 0.00771655
39096, 0.00771673
39097, 0.00771692
39098, 0.00771710
39099, 0.00771729
39100, 0.00771747
39101, 0.00771766
39102, 0.00771784
39103, 0.00771802
39104, 0.00771820
39105, 0.00771839
39106, 0.00771857
39107, 0.00771875
39108, 0.00771893
39109, 0.00771912
39110, 0.00771930
39111, 0.00771948
39112, 0.00771966
39113, 0.00771984
39114, 0.00772002
39115, 0.00772020
39116, 0.00772039
39117, 0.00772057
39118, 0.00772075
39119, 0.00772093
39120, 0.00772111
39121, 0.00772129
39122, 0.00772147
39123, 0.00772165
39124, 0.00772182
39125, 0.00772199
39126, 0.00772217
39127, 0.00772234
39128, 0.00772251
39129, 0.00772269
39130, 0.00772287
39131, 0.00772304
39132, 0.00772321
39133, 0.00772339
39134, 0.00772356
39135, 0.00772373
39136, 0.00772391
39137, 0.00772408
39138, 0.00772425
39139, 0.00772443
39140, 0.00772460
39141, 0.00772478
39142, 0.00772495
39143, 0.00772512
39144, 0.00772529
39145, 0.00772547
39146, 0.00772564
39147, 0.00772582
39148, 0.00772599
39149, 0.00772616
39150, 0.00772634
39151, 0.00772651
39152, 0.00772669
39153, 0.00772686
39154, 0.00772703
39155, 0.00772721
39156, 0.00772739
39157, 0.00772756
39158, 0.00772774
39159, 0.00772792
39160, 0.00772809
39161, 0.00772826
39162, 0.00772844
39163, 0.00772862
39164, 0.00772879
39165, 0.00772896
39166, 0.00772913
39167, 0.00772930
39168, 0.00772948
39169, 0.00772966
39170, 0.00772984
39171, 0.00773001
39172, 0.00773018
39173, 0.00773035
39174, 0.00773053
39175, 0.00773071
39176, 0.00773088
39177, 0.00773105
39178, 0.00773123
39179, 0.00773140
39180, 0.00773158
39181, 0.00773175
39182, 0.00773193
39183, 0.00773210
39184, 0.00773228
39185, 0.00773245
39186, 0.00773263
39187, 0.00773280
39188, 0.00773297
39189, 0.00773315
39190, 0.00773335
39191, 0.00773611
39192, 0.00773647
39193, 0.00773668
39194, 0.00773691
39195, 0.00773713
39196, 0.00773738
39197, 0.00773762
39198, 0.00773784
39199, 0.00773808
39200, 0.00773831
39201, 0.00773855
39202, 0.00773876
39203, 0.00773910
39204, 0.00773937
39205, 0.00773967
39206, 0.00774000
39207, 0.00774035
39208, 0.00774068
39209, 0.00774097
39210, 0.00774129
39211, 0.00774160
39212, 0.00774193
39213, 0.00774227
39214, 0.00774261
39215, 0.00774290
39216, 0.00774321
39217, 0.00774350
39218, 0.00774385
39219, 0.00774417
39220, 0.00775015
39221, 0.00775038
39222, 0.00775060
39223, 0.00775084
39224, 0.00775109
39225, 0.00775132
39226, 0.00775156
39227, 0.00775180
39228, 0.00775201
39229, 0.00775225
39230, 0.00775246
39231, 0.00775269
39232, 0.00775291
39233, 0.00775316
39234, 0.00775338
39235, 0.00775360
39236, 0.00775381
39237, 0.00775403
39238, 0.00775426
39239, 0.00775451
39240, 0.00775476
39241, 0.00775500
39242, 0.00775525
39243, 0.00775548
39244, 0.00775569
39245, 0.00775591
39246, 0.00775614
39247, 0.00775635
39248, 0.00775661
39249, 0.00775686
39250, 0.00775710
39251, 0.00775734
39252, 0.00775757
39253, 0.00775781
39254, 0.00775807
39255, 0.00775831
39256, 0.00775854
39257, 0.00775876
39258, 0.00775898
39259, 0.00775920
39260, 0.00775943
39261, 0.00775966
39262, 0.00775993
39263, 0.00776014
39264, 0.00776035
39265, 0.00776058
39266, 0.00776082
39267, 0.00776105
39268, 0.00776130
39269, 0.00776151
39270, 0.00776175
39271, 0.00776199
39272, 0.00776221
39273, 0.00776243
39274, 0.00776266
39275, 0.00776286
39276, 0.00776308
39277, 0.00776339
39278, 0.00776363
39279, 0.00776386
39280, 0.00776407
39281, 0.00776433
39282, 0.00776456
39283, 0.00776479
39284, 0.00776504
39285, 0.00776527
39286, 0.00776555
39287, 0.00776578
39288, 0.00776604
39289, 0.00776628
39290, 0.00776650
39291, 0.00776672
39292, 0.00776697
39293, 0.00776723
39294, 0.00776749
39295, 0.00776771
39296, 0.00776797
39297, 0.00776819
39298, 0.00776842
39299, 0.00776864
39300, 0.00776889
39301, 0.00776912
39302, 0.00776937
39303, 0.00776960
39304, 0.00776985
39305, 0.00777008
39306, 0.00777029
39307, 0.00777052
39308, 0.00777073
39309, 0.00777094
39310, 0.00777118
39311, 0.00777143
39312, 0.00777167
39313, 0.00777192
39314, 0.00777215
39315, 0.00777239
39316, 0.00777264
39317, 0.00777562
39318, 0.00777589
39319, 0.00777613
39320, 0.00777635
39321, 0.00777659
39322, 0.00777682
39323, 0.00777704
39324, 0.00777725
39325, 0.00777750
39326, 0.00777778
39327, 0.00777804
39328, 0.00777829
39329, 0.00777853
39330, 0.00777876
39331, 0.00777899
39332, 0.00777921
39333, 0.00777945
39334, 0.00777970
39335, 0.00777992
39336, 0.00778016
39337, 0.00778038
39338, 0.00778059
39339, 0.00778086
39340, 0.00778113
39341, 0.00778139
39342, 0.00778163
39343, 0.00778188
39344, 0.00778233
39345, 0.00778256
39346, 0.00778278
39347, 0.00778307
39348, 0.00778333
39349, 0.00778355
39350, 0.00778378
39351, 0.00778403
39352, 0.00778425
39353, 0.00778448
39354, 0.00778473
39355, 0.00778499
39356, 0.00778524
39357, 0.00778554
39358, 0.00778582
39359, 0.00778610
39360, 0.00778641
39361, 0.00778671
39362, 0.00778697
39363, 0.00778730
39364, 0.00778753
39365, 0.00778784
39366, 0.00778812
39367, 0.00778848
39368, 0.00778873
39369, 0.00778899
39370, 0.00778921
39371, 0.00778941
39372, 0.00778967
39373, 0.00778994
39374, 0.00779019
39375, 0.00779049
39376, 0.00779069
39377, 0.00779095
39378, 0.00779122
39379, 0.00779146
39380, 0.00779173
39381, 0.00779202
39382, 0.00779232
39383, 0.00779258
39384, 0.00779282
39385, 0.00779310
39386, 0.00779338
39387, 0.00779373
39388, 0.00779409
39389, 0.00779440
39390, 0.00779465
39391, 0.00779494
39392, 0.00779516
39393, 0.00779537
39394, 0.00779560
39395, 0.00779583
39396, 0.00779609
39397, 0.00779631
39398, 0.00779657
39399, 0.00779690
39400, 0.00779711
39401, 0.00779733
39402, 0.00779754
39403, 0.00779775
39404, 0.00779795
39405, 0.00779820
39406, 0.00779846
39407, 0.00779881
39408, 0.00779902
39409, 0.00779923
39410, 0.00779945
39411, 0.00779965
39412, 0.00779985
39413, 0.00780009
39414, 0.00780031
39415, 0.00780063
39416, 0.00780085
39417, 0.00780106
39418, 0.00780133
39419, 0.00780160
39420, 0.00780183
39421, 0.00780207
39422, 0.00780234
39423, 0.00780259
39424, 0.00780283
39425, 0.00780305
39426, 0.00780325
39427, 0.00780350
39428, 0.00780373
39429, 0.00780397
39430, 0.00780420
39431, 0.00780451
39432, 0.00780474
39433, 0.00780494
39434, 0.00780516
39435, 0.00780537
39436, 0.00780561
39437, 0.00780588
39438, 0.00780611
39439, 0.00780642
39440, 0.00780684
39441, 0.00780707
39442, 0.00780731
39443, 0.00781032
39444, 0.00781056
39445, 0.00781077
39446, 0.00781098
39447, 0.00781127
39448, 0.00781151
39449, 0.00781173
39450, 0.00781196
39451, 0.00781219
39452, 0.00781270
39453, 0.00781291
39454, 0.00781311
39455, 0.00781342
39456, 0.00781363
39457, 0.00781387
39458, 0.00781416
39459, 0.00781440
39460, 0.00781463
39461, 0.00781494
39462, 0.00781515
39463, 0.00781547
39464, 0.00781570
39465, 0.00781593
39466, 0.00781614
39467, 0.00781634
39468, 0.00781659
39469, 0.00781680
39470, 0.00781702
39471, 0.00781734
39472, 0.00781758
39473, 0.00781782
39474, 0.00781808
39475, 0.00781831
39476, 0.00781854
39477, 0.00781875
39478, 0.00781899
39479, 0.00781936
39480, 0.00781962
39481, 0.00781985
39482, 0.00782008
39483, 0.00782035
39484, 0.00782059
39485, 0.00782081
39486, 0.00782106
39487, 0.00782136
39488, 0.00782157
39489, 0.00782178
39490, 0.00782200
39491, 0.00782223
39492, 0.00782249
39493, 0.00782274
39494, 0.00782299
39495, 0.00782331
39496, 0.00782352
39497, 0.00782375
39498, 0.00782403
39499, 0.00782427
39500, 0.00782451
39501, 0.00782477
39502, 0.00782503
39503, 0.00782554
39504, 0.00782575
39505, 0.00782598
39506, 0.00782620
39507, 0.00782645
39508, 0.00782666
39509, 0.00782688
39510, 0.00782711
39511, 0.00782740
39512, 0.00782763
39513, 0.00782784
39514, 0.00782807
39515, 0.00782830
39516, 0.00782853
39517, 0.00782874
39518, 0.00782898
39519, 0.00782928
39520, 0.00782950
39521, 0.00782972
39522, 0.00782991
39523, 0.00783015
39524, 0.00783038
39525, 0.00783059
39526, 0.00783083
39527, 0.00783113
39528, 0.00783135
39529, 0.00783158
39530, 0.00783178
39531, 0.00783202
39532, 0.00783234
39533, 0.00783260
39534, 0.00783282
39535, 0.00783314
39536, 0.00783340
39537, 0.00783365
39538, 0.00783389
39539, 0.00783412
39540, 0.00783442
39541, 0.00783464
39542, 0.00783487
39543, 0.00783529
39544, 0.00783553
39545, 0.00783578
39546, 0.00783599
39547, 0.00783630
39548, 0.00783665
39549, 0.00783692
39550, 0.00783720
39551, 0.00783753
39552, 0.00783779
39553, 0.00783807
39554, 0.00783832
39555, 0.00783857
39556, 0.00783881
39557, 0.00783903
39558, 0.00783925
39559, 0.00783957
39560, 0.00783982
39561, 0.00784005
39562, 0.00784051
39563, 0.00784073
39564, 0.00784094
39565, 0.00784119
39566, 0.00784139
39567, 0.00784174
39568, 0.00784201
39569, 0.00784476
39570, 0.00784511
39571, 0.00784559
39572, 0.00784586
39573, 0.00784615
39574, 0.00784647
39575, 0.00784679
39576, 0.00784705
39577, 0.00784733
39578, 0.00784757
39579, 0.00784788
39580, 0.00784821
39581, 0.00784878
39582, 0.00784910
39583, 0.00784967
39584, 0.00784993
39585, 0.00785020
39586, 0.00785050
39587, 0.00785074
39588, 0.00785099
39589, 0.00785121
39590, 0.00785150
39591, 0.00785183
39592, 0.00785204
39593, 0.00785229
39594, 0.00785253
39595, 0.00785280
39596, 0.00785306
39597, 0.00785333
39598, 0.00785361
39599, 0.00785393
39600, 0.00785416
39601, 0.00785442
39602, 0.00785467
39603, 0.00785492
39604, 0.00785519
39605, 0.00785542
39606, 0.00785565
39607, 0.00785595
39608, 0.00785619
39609, 0.00785642
39610, 0.00785669
39611, 0.00785696
39612, 0.00785719
39613, 0.00785742
39614, 0.00785769
39615, 0.00785800
39616, 0.00785825
39617, 0.00785849
39618, 0.00785872
39619, 0.00785893
39620, 0.00785917
39621, 0.00785942
39622, 0.00785967
39623, 0.00785991
39624, 0.00786017
39625, 0.00786040
39626, 0.00786067
39627, 0.00786090
39628, 0.00786112
39629, 0.00786136
39630, 0.00786159
39631, 0.00786192
39632, 0.00786216
39633, 0.00786239
39634, 0.00786262
39635, 0.00786284
39636, 0.00786306
39637, 0.00786329
39638, 0.00786352
39639, 0.00786378
39640, 0.00786403
39641, 0.00786426
39642, 0.00786449
39643, 0.00786471
39644, 0.00786500
39645, 0.00786523
39646, 0.00786546
39647, 0.00786579
39648, 0.00786606
39649, 0.00786628
39650, 0.00786654
39651, 0.00786676
39652, 0.00786699
39653, 0.00786727
39654, 0.00786751
39655, 0.00786787
39656, 0.00786815
39657, 0.00786848
39658, 0.00786899
39659, 0.00786933
39660, 0.00786985
39661, 0.00787021
39662, 0.00787054
39663, 0.00787088
39664, 0.00787116
39665, 0.00787141
39666, 0.00787170
39667, 0.00787193
39668, 0.00787224
39669, 0.00787256
39670, 0.00787291
39671, 0.00787326
39672, 0.00787358
39673, 0.00787385
39674, 0.00787411
39675, 0.00787441
39676, 0.00787476
39677, 0.00787501
39678, 0.00787532
39679, 0.00787559
39680, 0.00787583
39681, 0.00787609
39682, 0.00787659
39683, 0.00787688
39684, 0.00788008
39685, 0.00788039
39686, 0.00788074
39687, 0.00788107
39688, 0.00788142
39689, 0.00788171
39690, 0.00788204
39691, 0.00788235
39692, 0.00788267
39693, 0.00789656
39694, 0.00789718
39695, 0.00789990
39696, 0.00790012
39697, 0.00790031
39698, 0.00790049
39699, 0.00790068
39700, 0.00790086
39701, 0.00790104
39702, 0.00790122
39703, 0.00790139
39704, 0.00790157
39705, 0.00790174
39706, 0.00790192
39707, 0.00790210
39708, 0.00790227
39709, 0.00790244
39710, 0.00790262
39711, 0.00790280
39712, 0.00790297
39713, 0.00790315
39714, 0.00790333
39715, 0.00790350
39716, 0.00790368
39717, 0.00790385
39718, 0.00790403
39719, 0.00790420
39720, 0.00790438
39721, 0.00790456
39722, 0.00790473
39723, 0.00790491
39724, 0.00790508
39725, 0.00790526
39726, 0.00790544
39727, 0.00790561
39728, 0.00790579
39729, 0.00790596
39730, 0.00790614
39731, 0.00790632
39732, 0.00790649
39733, 0.00790667
39734, 0.00790684
39735, 0.00790702
39736, 0.00790720
39737, 0.00790737
39738, 0.00790755
39739, 0.00790772
39740, 0.00790790
39741, 0.00790807
39742, 0.00790825
39743, 0.00790842
39744, 0.00790860
39745, 0.00790877
39746, 0.00790895
39747, 0.00790912
39748, 0.00790930
39749, 0.00790947
39750, 0.00790965
39751, 0.00790982
39752, 0.00791000
39753, 0.00791018
39754, 0.00791035
39755, 0.00791053
39756, 0.00791070
39757, 0.00791088
39758, 0.00791106
39759, 0.00791124
39760, 0.00791141
39761, 0.00791159
39762, 0.00791176
39763, 0.00791194
39764, 0.00791212
39765, 0.00791229
39766, 0.00791247
39767, 0.00791264
39768, 0.00791282
39769, 0.00791300
39770, 0.00791317
39771, 0.00791335
39772, 0.00791352
39773, 0.00791370
39774, 0.00791387
39775, 0.00791412
39776, 0.00791429
39777, 0.00791446
39778, 0.00791464
39779, 0.00791481
39780, 0.00791499
39781, 0.00791517
39782, 0.00791534
39783, 0.00791559
39784, 0.00791577
39785, 0.00791595
39786, 0.00791612
39787, 0.00791630
39788, 0.00791648
39789, 0.00791665
39790, 0.00791683
39791, 0.00791707
39792, 0.00791724
39793, 0.00791742
39794, 0.00791760
39795, 0.00791777
39796, 0.00791795
39797, 0.00791812
39798, 0.00791830
39799, 0.00791857
39800, 0.00791874
39801, 0.00791892
39802, 0.00791910
39803, 0.00791927
39804, 0.00791945
39805, 0.00791962
39806, 0.00791980
39807, 0.00792004
39808, 0.00792022
39809, 0.00792039
39810, 0.00792057
39811, 0.00792074
39812, 0.00792092
39813, 0.00792109
39814, 0.00792127
39815, 0.00792153
39816, 0.00792171
39817, 0.00792188
39818, 0.00792206
39819, 0.00792223
39820, 0.00792242
39821, 0.00792459
39822, 0.00792480
39823, 0.00792505
39824, 0.00792523
39825, 0.00792540
39826, 0.00792558
39827, 0.00792575
39828, 0.00792592
39829, 0.00792610
39830, 0.00792627
39831, 0.00792652
39832, 0.00792670
39833, 0.00792687
39834, 0.00792705
39835, 0.00792722
39836, 0.00792740
39837, 0.00792758
39838, 0.00792775
39839, 0.00792801
39840, 0.00792818
39841, 0.00792836
39842, 0.00792853
39843, 0.00792871
39844, 0.00792888
39845, 0.00792905
39846, 0.00792923
39847, 0.00792947
39848, 0.00792965
39849, 0.00792982
39850, 0.00793000
39851, 0.00793017
39852, 0.00793035
39853, 0.00793052
39854, 0.00793069
39855, 0.00793086
39856, 0.00793103
39857, 0.00793121
39858, 0.00793138
39859, 0.00793156
39860, 0.00793174
39861, 0.00793191
39862, 0.00793208
39863, 0.00793225
39864, 0.00793242
39865, 0.00793260
39866, 0.00793277
39867, 0.00793295
39868, 0.00793312
39869, 0.00793329
39870, 0.00793347
39871, 0.00793364
39872, 0.00793381
39873, 0.00793399
39874, 0.00793416
39875, 0.00793434
39876, 0.00793452
39877, 0.00793470
39878, 0.00793487
39879, 0.00793504
39880, 0.00793521
39881, 0.00793538
39882, 0.00793556
39883, 0.00793573
39884, 0.00793591
39885, 0.00793608
39886, 0.00793625
39887, 0.00793643
39888, 0.00793660
39889, 0.00793677
39890, 0.00793695
39891, 0.00793712
39892, 0.00793729
39893, 0.00793746
39894, 0.00793763
39895, 0.00793780
39896, 0.00793798
39897, 0.00793815
39898, 0.00793832
39899, 0.00793849
39900, 0.00793867
39901, 0.00793884
39902, 0.00793902
39903, 0.00793919
39904, 0.00793936
39905, 0.00793954
39906, 0.00793971
39907, 0.00793988
39908, 0.00794006
39909, 0.00794023
39910, 0.00794041
39911, 0.00794058
39912, 0.00794075
39913, 0.00794093
39914, 0.00794110
39915, 0.00794127
39916, 0.00794144
39917, 0.00794161
39918, 0.00794178
39919, 0.00794195
39920, 0.00794212
39921, 0.00794230
39922, 0.00794247
39923, 0.00794264
39924, 0.00794281
39925, 0.00794298
39926, 0.00794315
39927, 0.00794332
39928, 0.00794349
39929, 0.00794366
39930, 0.00794383
39931, 0.00794401
39932, 0.00794418
39933, 0.00794435
39934, 0.00794453
39935, 0.00794470
39936, 0.00794488
39937, 0.00794505
39938, 0.00794522
39939, 0.00794539
39940, 0.00794556
39941, 0.00794574
39942, 0.00794591
39943, 0.00794615
39944, 0.00794632
39945, 0.00794650
39946, 0.00794668
39947, 0.00794890
39948, 0.00794910
39949, 0.00794928
39950, 0.00794945
39951, 0.00794970
39952, 0.00794987
39953, 0.00795006
39954, 0.00795023
39955, 0.00795040
39956, 0.00795058
39957, 0.00795075
39958, 0.00795093
39959, 0.00795117
39960, 0.00795134
39961, 0.00795152
39962, 0.00795170
39963, 0.00795187
39964, 0.00795205
39965, 0.00795223
39966, 0.00795241
39967, 0.00795265
39968, 0.00795283
39969, 0.00795300
39970, 0.00795318
39971, 0.00795336
39972, 0.00795353
39973, 0.00795371
39974, 0.00795388
39975, 0.00795413
39976, 0.00795430
39977, 0.00795448
39978, 0.00795465
39979, 0.00795483
39980, 0.00795501
39981, 0.00795518
39982, 0.00795535
39983, 0.00795560
39984, 0.00795577
39985, 0.00795595
39986, 0.00795612
39987, 0.00795630
39988, 0.00795648
39989, 0.00795666
39990, 0.00795684
39991, 0.00795710
39992, 0.00795728
39993, 0.00795746
39994, 0.00795764
39995, 0.00795782
39996, 0.00795800
39997, 0.00795817
39998, 0.00795834
39999, 0.00795861
40000, 0.00795878
40001, 0.00795895
40002, 0.00795912
40003, 0.00795929
40004, 0.00795946
40005, 0.00795964
40006, 0.00795981
40007, 0.00796004
40008, 0.00796022
40009, 0.00796039
40010, 0.00796056
40011, 0.00796073
40012, 0.00796091
40013, 0.00796108
40014, 0.00796125
40015, 0.00796143
40016, 0.00796160
40017, 0.00796177
40018, 0.00796195
40019, 0.00796213
40020, 0.00796230
40021, 0.00796247
40022, 0.00796264
40023, 0.00796282
40024, 0.00796299
40025, 0.00796317
40026, 0.00796334
40027, 0.00796352
40028, 0.00796369
40029, 0.00796386
40030, 0.00796403
40031, 0.00796420
40032, 0.00796438
40033, 0.00796455
40034, 0.00796472
40035, 0.00796489
40036, 0.00796506
40037, 0.00796523
40038, 0.00796541
40039, 0.00796558
40040, 0.00796575
40041, 0.00796592
40042, 0.00796609
40043, 0.00796626
40044, 0.00796643
40045, 0.00796661
40046, 0.00796678
40047, 0.00796695
40048, 0.00796712
40049, 0.00796729
40050, 0.00796746
40051, 0.00796764
40052, 0.00796781
40053, 0.00796798
40054, 0.00796815
40055, 0.00796832
40056, 0.00796850
40057, 0.00796867
40058, 0.00796884
40059, 0.00796901
40060, 0.00796918
40061, 0.00796935
40062, 0.00796952
40063, 0.00796970
40064, 0.00796987
40065, 0.00797004
40066, 0.00797021
40067, 0.00797038
40068, 0.00797055
40069, 0.00797072
40070, 0.00797089
40071, 0.00797106
40072, 0.00797125
40073, 0.00797345
40074, 0.00797365
40075, 0.00797384
40076, 0.00797402
40077, 0.00797420
40078, 0.00797439
40079, 0.00797457
40080, 0.00797476
40081, 0.00797494
40082, 0.00797513
40083, 0.00797531
40084, 0.00797549
40085, 0.00797567
40086, 0.00797585
40087, 0.00797604
40088, 0.00797622
40089, 0.00797640
40090, 0.00797659
40091, 0.00797677
40092, 0.00797695
40093, 0.00797713
40094, 0.00797732
40095, 0.00797750
40096, 0.00797769
40097, 0.00797787
40098, 0.00797805
40099, 0.00797824
40100, 0.00797842
40101, 0.00797860
40102, 0.00797879
40103, 0.00797897
40104, 0.00797915
40105, 0.00797932
40106, 0.00797949
40107, 0.00797967
40108, 0.00797984
40109, 0.00798001
40110, 0.00798018
40111, 0.00798035
40112, 0.00798052
40113, 0.00798070
40114, 0.00798087
40115, 0.00798105
40116, 0.00798122
40117, 0.00798140
40118, 0.00798158
40119, 0.00798176
40120, 0.00798193
40121, 0.00798211
40122, 0.00798228
40123, 0.00798246
40124, 0.00798263
40125, 0.00798280
40126, 0.00798298
40127, 0.00798315
40128, 0.00798333
40129, 0.00798351
40130, 0.00798368
40131, 0.00798385
40132, 0.00798402
40133, 0.00798420
40134, 0.00798438
40135, 0.00798455
40136, 0.00798473
40137, 0.00798490
40138, 0.00798508
40139, 0.00798525
40140, 0.00798543
40141, 0.00798560
40142, 0.00798578
40143, 0.00798595
40144, 0.00798612
40145, 0.00798630
40146, 0.00798648
40147, 0.00798666
40148, 0.00798683
40149, 0.00798701
40150, 0.00798718
40151, 0.00798735
40152, 0.00798753
40153, 0.00798770
40154, 0.00798787
40155, 0.00798805
40156, 0.00798822
40157, 0.00798840
40158, 0.00798857
40159, 0.00798874
40160, 0.00798892
40161, 0.00798909
40162, 0.00798927
40163, 0.00798944
40164, 0.00798961
40165, 0.00798979
40166, 0.00798996
40167, 0.00799014
40168, 0.00799031
40169, 0.00799049
40170, 0.00799067
40171, 0.00799084
40172, 0.00799102
40173, 0.00799119
40174, 0.00799136
40175, 0.00799154
40176, 0.00799171
40177, 0.00799189
40178, 0.00799206
40179, 0.00799223
40180, 0.00799241
40181, 0.00799258
40182, 0.00799275
40183, 0.00799292
40184, 0.00799309
40185, 0.00799327
40186, 0.00799345
40187, 0.00799362
40188, 0.00799380
40189, 0.00799397
40190, 0.00799415
40191, 0.00799432
40192, 0.00799450
40193, 0.00799467
40194, 0.00799485
40195, 0.00799502
40196, 0.00799520
40197, 0.00799538
40198, 0.00799557
40199, 0.00799779
40200, 0.00799799
40201, 0.00799817
40202, 0.00799834
40203, 0.00799852
40204, 0.00799870
40205, 0.00799888
40206, 0.00799906
40207, 0.00799923
40208, 0.00799941
40209, 0.00799959
40210, 0.00799976
40211, 0.00799994
40212, 0.00800012
40213, 0.00800029
40214, 0.00800047
40215, 0.00800065
40216, 0.00800082
40217, 0.00800100
40218, 0.00800117
40219, 0.00800135
40220, 0.00800152
40221, 0.00800170
40222, 0.00800187
40223, 0.00800205
40224, 0.00800223
40225, 0.00800241
40226, 0.00800259
40227, 0.00800276
40228, 0.00800294
40229, 0.00800312
40230, 0.00800329
40231, 0.00800347
40232, 0.00800365
40233, 0.00800382
40234, 0.00800400
40235, 0.00800418
40236, 0.00800435
40237, 0.00800453
40238, 0.00800470
40239, 0.00800488
40240, 0.00800506
40241, 0.00800523
40242, 0.00800541
40243, 0.00800559
40244, 0.00800576
40245, 0.00800594
40246, 0.00800611
40247, 0.00800629
40248, 0.00800646
40249, 0.00800664
40250, 0.00800681
40251, 0.00800699
40252, 0.00800717
40253, 0.00800734
40254, 0.00800752
40255, 0.00800769
40256, 0.00800786
40257, 0.00800804
40258, 0.00800822
40259, 0.00800839
40260, 0.00800857
40261, 0.00800874
40262, 0.00800892
40263, 0.00800910
40264, 0.00800927
40265, 0.00800945
40266, 0.00800962
40267, 0.00800980
40268, 0.00800997
40269, 0.00801015
40270, 0.00801033
40271, 0.00801051
40272, 0.00801068
40273, 0.00801086
40274, 0.00801104
40275, 0.00801122
40276, 0.00801139
40277, 0.00801157
40278, 0.00801175
40279, 0.00801192
40280, 0.00801210
40281, 0.00801227
40282, 0.00801245
40283, 0.00801263
40284, 0.00801280
40285, 0.00801298
40286, 0.00801316
40287, 0.00801333
40288, 0.00801350
40289, 0.00801368
40290, 0.00801385
40291, 0.00801403
40292, 0.00801420
40293, 0.00801437
40294, 0.00801454
40295, 0.00801472
40296, 0.00801489
40297, 0.00801506
40298, 0.00801524
40299, 0.00801542
40300, 0.00801559
40301, 0.00801577
40302, 0.00801595
40303, 0.00801613
40304, 0.00801630
40305, 0.00801648
40306, 0.00801666
40307, 0.00801683
40308, 0.00801700
40309, 0.00801717
40310, 0.00801735
40311, 0.00801752
40312, 0.00801769
40313, 0.00801786
40314, 0.00801803
40315, 0.00801820
40316, 0.00801838
40317, 0.00801855
40318, 0.00801872
40319, 0.00801889
40320, 0.00801906
40321, 0.00801923
40322, 0.00801941
40323, 0.00801958
40324, 0.00801976
40325, 0.00802203
40326, 0.00802222
40327, 0.00802239
40328, 0.00802257
40329, 0.00802275
40330, 0.00802293
40331, 0.00802310
40332, 0.00802328
40333, 0.00802346
40334, 0.00802364
40335, 0.00802382
40336, 0.00802400
40337, 0.00802417
40338, 0.00802435
40339, 0.00802453
40340, 0.00802470
40341, 0.00802487
40342, 0.00802505
40343, 0.00802522
40344, 0.00802540
40345, 0.00802557
40346, 0.00802574
40347, 0.00802592
40348, 0.00802609
40349, 0.00802627
40350, 0.00802644
40351, 0.00802662
40352, 0.00802679
40353, 0.00802697
40354, 0.00802715
40355, 0.00802732
40356, 0.00802750
40357, 0.00802767
40358, 0.00802785
40359, 0.00802802
40360, 0.00802819
40361, 0.00802836
40362, 0.00802853
40363, 0.00802871
40364, 0.00802888
40365, 0.00802906
40366, 0.00802923
40367, 0.00802944
40368, 0.00802962
40369, 0.00802980
40370, 0.00802998
40371, 0.00803016
40372, 0.00803033
40373, 0.00803050
40374, 0.00803067
40375, 0.00803084
40376, 0.00803102
40377, 0.00803119
40378, 0.00803136
40379, 0.00803153
40380, 0.00803170
40381, 0.00803188
40382, 0.00803205
40383, 0.00803222
40384, 0.00803239
40385, 0.00803256
40386, 0.00803274
40387, 0.00803291
40388, 0.00803309
40389, 0.00803326
40390, 0.00803343
40391, 0.00803361
40392, 0.00803378
40393, 0.00803395
40394, 0.00803413
40395, 0.00803430
40396, 0.00803451
40397, 0.00803468
40398, 0.00803485
40399, 0.00803502
40400, 0.00803519
40401, 0.00803537
40402, 0.00803553
40403, 0.00803571
40404, 0.00803588
40405, 0.00803605
40406, 0.00803623
40407, 0.00803640
40408, 0.00803658
40409, 0.00803676
40410, 0.00803693
40411, 0.00803710
40412, 0.00803727
40413, 0.00803745
40414, 0.00803762
40415, 0.00803780
40416, 0.00803797
40417, 0.00803815
40418, 0.00803833
40419, 0.00803850
40420, 0.00803868
40421, 0.00803885
40422, 0.00803902
40423, 0.00803920
40424, 0.00803938
40425, 0.00803955
40426, 0.00803973
40427, 0.00803990
40428, 0.00804007
40429, 0.00804025
40430, 0.00804042
40431, 0.00804060
40432, 0.00804077
40433, 0.00804095
40434, 0.00804114
40435, 0.00804132
40436, 0.00804149
40437, 0.00804167
40438, 0.00804184
40439, 0.00804201
40440, 0.00804218
40441, 0.00804235
40442, 0.00804253
40443, 0.00804270
40444, 0.00804287
40445, 0.00804304
40446, 0.00804322
40447, 0.00804339
40448, 0.00804357
40449, 0.00804374
40450, 0.00804392
40451, 0.00804615
40452, 0.00804633
40453, 0.00804651
40454, 0.00804669
40455, 0.00804695
40456, 0.00804712
40457, 0.00804730
40458, 0.00804749
40459, 0.00804766
40460, 0.00804783
40461, 0.00804801
40462, 0.00804818
40463, 0.00804842
40464, 0.00804859
40465, 0.00804876
40466, 0.00804893
40467, 0.00804910
40468, 0.00804927
40469, 0.00804945
40470, 0.00804962
40471, 0.00804987
40472, 0.00805005
40473, 0.00805022
40474, 0.00805039
40475, 0.00805056
40476, 0.00805074
40477, 0.00805091
40478, 0.00805109
40479, 0.00805134
40480, 0.00805151
40481, 0.00805168
40482, 0.00805186
40483, 0.00805203
40484, 0.00805220
40485, 0.00805237
40486, 0.00805255
40487, 0.00805280
40488, 0.00805297
40489, 0.00805314
40490, 0.00805331
40491, 0.00805348
40492, 0.00805365
40493, 0.00805383
40494, 0.00805400
40495, 0.00805424
40496, 0.00805442
40497, 0.00805459
40498, 0.00805476
40499, 0.00805493
40500, 0.00805510
40501, 0.00805527
40502, 0.00805545
40503, 0.00805569
40504, 0.00805587
40505, 0.00805604
40506, 0.00805621
40507, 0.00805638
40508, 0.00805655
40509, 0.00805672
40510, 0.00805688
40511, 0.00805714
40512, 0.00805731
40513, 0.00805749
40514, 0.00805766
40515, 0.00805783
40516, 0.00805800
40517, 0.00805817
40518, 0.00805834
40519, 0.00805851
40520, 0.00805868
40521, 0.00805885
40522, 0.00805902
40523, 0.00805919
40524, 0.00805936
40525, 0.00805953
40526, 0.00805971
40527, 0.00805988
40528, 0.00806005
40529, 0.00806022
40530, 0.00806039
40531, 0.00806056
40532, 0.00806073
40533, 0.00806090
40534, 0.00806107
40535, 0.00806124
40536, 0.00806142
40537, 0.00806159
40538, 0.00806176
40539, 0.00806194
40540, 0.00806211
40541, 0.00806228
40542, 0.00806245
40543, 0.00806262
40544, 0.00806279
40545, 0.00806296
40546, 0.00806313
40547, 0.00806330
40548, 0.00806347
40549, 0.00806364
40550, 0.00806381
40551, 0.00806398
40552, 0.00806415
40553, 0.00806432
40554, 0.00806449
40555, 0.00806466
40556, 0.00806483
40557, 0.00806500
40558, 0.00806517
40559, 0.00806533
40560, 0.00806551
40561, 0.00806568
40562, 0.00806585
40563, 0.00806602
40564, 0.00806619
40565, 0.00806636
40566, 0.00806653
40567, 0.00806671
40568, 0.00806688
40569, 0.00806705
40570, 0.00806722
40571, 0.00806739
40572, 0.00806756
40573, 0.00806773
40574, 0.00806790
40575, 0.00806807
40576, 0.00806825
40577, 0.00807051
40578, 0.00807070
40579, 0.00807087
40580, 0.00807105
40581, 0.00807123
40582, 0.00807140
40583, 0.00807158
40584, 0.00807175
40585, 0.00807192
40586, 0.00807210
40587, 0.00807227
40588, 0.00807244
40589, 0.00807261
40590, 0.00807278
40591, 0.00807295
40592, 0.00807312
40593, 0.00807330
40594, 0.00807348
40595, 0.00807365
40596, 0.00807382
40597, 0.00807400
40598, 0.00807417
40599, 0.00807434
40600, 0.00807451
40601, 0.00807469
40602, 0.00807486
40603, 0.00807503
40604, 0.00807520
40605, 0.00807538
40606, 0.00807555
40607, 0.00807572
40608, 0.00807590
40609, 0.00807607
40610, 0.00807625
40611, 0.00807642
40612, 0.00807659
40613, 0.00807676
40614, 0.00807693
40615, 0.00807710
40616, 0.00807728
40617, 0.00807745
40618, 0.00807762
40619, 0.00807779
40620, 0.00807796
40621, 0.00807814
40622, 0.00807831
40623, 0.00807848
40624, 0.00807865
40625, 0.00807882
40626, 0.00807899
40627, 0.00807917
40628, 0.00807934
40629, 0.00807951
40630, 0.00807968
40631, 0.00807986
40632, 0.00808003
40633, 0.00808020
40634, 0.00808038
40635, 0.00808055
40636, 0.00808072
40637, 0.00808089
40638, 0.00808107
40639, 0.00808124
40640, 0.00808141
40641, 0.00808158
40642, 0.00808176
40643, 0.00808193
40644, 0.00808210
40645, 0.00808227
40646, 0.00808244
40647, 0.00808261
40648, 0.00808278
40649, 0.00808295
40650, 0.00808313
40651, 0.00808330
40652, 0.00808347
40653, 0.00808364
40654, 0.00808381
40655, 0.00808398
40656, 0.00808415
40657, 0.00808432
40658, 0.00808449
40659, 0.00808467
40660, 0.00808484
40661, 0.00808501
40662, 0.00808518
40663, 0.00808535
40664, 0.00808552
40665, 0.00808570
40666, 0.00808587
40667, 0.00808604
40668, 0.00808621
40669, 0.00808638
40670, 0.00808656
40671, 0.00808673
40672, 0.00808690
40673, 0.00808707
40674, 0.00808724
40675, 0.00808741
40676, 0.00808759
40677, 0.00808782
40678, 0.00808800
40679, 0.00808817
40680, 0.00808834
40681, 0.00808851
40682, 0.00808868
40683, 0.00808886
40684, 0.00808903
40685, 0.00808920
40686, 0.00808938
40687, 0.00808955
40688, 0.00808972
40689, 0.00808989
40690, 0.00809007
40691, 0.00809025
40692, 0.00809042
40693, 0.00809059
40694, 0.00809077
40695, 0.00809094
40696, 0.00809111
40697, 0.00809128
40698, 0.00809145
40699, 0.00809163
40700, 0.00809180
40701, 0.00809197
40702, 0.00809216
40703, 0.00809440
40704, 0.00809458
40705, 0.00809476
40706, 0.00809493
40707, 0.00809511
40708, 0.00809528
40709, 0.00809546
40710, 0.00809563
40711, 0.00809581
40712, 0.00809598
40713, 0.00809615
40714, 0.00809633
40715, 0.00809651
40716, 0.00809668
40717, 0.00809686
40718, 0.00809703
40719, 0.00809720
40720, 0.00809737
40721, 0.00809755
40722, 0.00809773
40723, 0.00809790
40724, 0.00809808
40725, 0.00809826
40726, 0.00809844
40727, 0.00809861
40728, 0.00809878
40729, 0.00809896
40730, 0.00809914
40731, 0.00809931
40732, 0.00809949
40733, 0.00809967
40734, 0.00809984
40735, 0.00810002
40736, 0.00810019
40737, 0.00810037
40738, 0.00810055
40739, 0.00810072
40740, 0.00810090
40741, 0.00810108
40742, 0.00810125
40743, 0.00810143
40744, 0.00810161
40745, 0.00810179
40746, 0.00810196
40747, 0.00810213
40748, 0.00810231
40749, 0.00810249
40750, 0.00810266
40751, 0.00810284
40752, 0.00810302
40753, 0.00810319
40754, 0.00810337
40755, 0.00810355
40756, 0.00810372
40757, 0.00810389
40758, 0.00810406
40759, 0.00810423
40760, 0.00810440
40761, 0.00810458
40762, 0.00810475
40763, 0.00810492
40764, 0.00810509
40765, 0.00810527
40766, 0.00810544
40767, 0.00810561
40768, 0.00810578
40769, 0.00810595
40770, 0.00810613
40771, 0.00810630
40772, 0.00810647
40773, 0.00810664
40774, 0.00810682
40775, 0.00810699
40776, 0.00810716
40777, 0.00810733
40778, 0.00810751
40779, 0.00810768
40780, 0.00810786
40781, 0.00810803
40782, 0.00810820
40783, 0.00810837
40784, 0.00810854
40785, 0.00810872
40786, 0.00810889
40787, 0.00810906
40788, 0.00810924
40789, 0.00810941
40790, 0.00810958
40791, 0.00810975
40792, 0.00810992
40793, 0.00811010
40794, 0.00811027
40795, 0.00811044
40796, 0.00811061
40797, 0.00811078
40798, 0.00811096
40799, 0.00811113
40800, 0.00811130
40801, 0.00811147
40802, 0.00811165
40803, 0.00811182
40804, 0.00811199
40805, 0.00811216
40806, 0.00811234
40807, 0.00811251
40808, 0.00811269
40809, 0.00811286
40810, 0.00811304
40811, 0.00811321
40812, 0.00811338
40813, 0.00811355
40814, 0.00811372
40815, 0.00811390
40816, 0.00811407
40817, 0.00811424
40818, 0.00811441
40819, 0.00811459
40820, 0.00811476
40821, 0.00811494
40822, 0.00811511
40823, 0.00811529
40824, 0.00811547
40825, 0.00811565
40826, 0.00811583
40827, 0.00811602
40828, 0.00811621
40829, 0.00812084
40830, 0.00812105
40831, 0.00812123
40832, 0.00812140
40833, 0.00812158
40834, 0.00812176
40835, 0.00812193
40836, 0.00812210
40837, 0.00812228
40838, 0.00812245
40839, 0.00812263
40840, 0.00812280
40841, 0.00812298
40842, 0.00812315
40843, 0.00812333
40844, 0.00812351
40845, 0.00812368
40846, 0.00812386
40847, 0.00812403
40848, 0.00812421
40849, 0.00812439
40850, 0.00812457
40851, 0.00812474
40852, 0.00812492
40853, 0.00812509
40854, 0.00812527
40855, 0.00812545
40856, 0.00812563
40857, 0.00812580
40858, 0.00812597
40859, 0.00812615
40860, 0.00812632
40861, 0.00812650
40862, 0.00812667
40863, 0.00812685
40864, 0.00812702
40865, 0.00812720
40866, 0.00812737
40867, 0.00812755
40868, 0.00812772
40869, 0.00812789
40870, 0.00812807
40871, 0.00812825
40872, 0.00812842
40873, 0.00812859
40874, 0.00812876
40875, 0.00812894
40876, 0.00812912
40877, 0.00812929
40878, 0.00812947
40879, 0.00812964
40880, 0.00812982
40881, 0.00812999
40882, 0.00813017
40883, 0.00813034
40884, 0.00813051
40885, 0.00813068
40886, 0.00813085
40887, 0.00813102
40888, 0.00813120
40889, 0.00813137
40890, 0.00813154
40891, 0.00813171
40892, 0.00813188
40893, 0.00813205
40894, 0.00813223
40895, 0.00813240
40896, 0.00813257
40897, 0.00813274
40898, 0.00813291
40899, 0.00813309
40900, 0.00813326
40901, 0.00813343
40902, 0.00813361
40903, 0.00813378
40904, 0.00813395
40905, 0.00813412
40906, 0.00813429
40907, 0.00813446
40908, 0.00813464
40909, 0.00813481
40910, 0.00813498
40911, 0.00813515
40912, 0.00813532
40913, 0.00813550
40914, 0.00813567
40915, 0.00813586
40916, 0.00813603
40917, 0.00813620
40918, 0.00813637
40919, 0.00813654
40920, 0.00813672
40921, 0.00813689
40922, 0.00813706
40923, 0.00813723
40924, 0.00813740
40925, 0.00813758
40926, 0.00813775
40927, 0.00813792
40928, 0.00813809
40929, 0.00813827
40930, 0.00813844
40931, 0.00813861
40932, 0.00813878
40933, 0.00813896
40934, 0.00813913
40935, 0.00813931
40936, 0.00813948
40937, 0.00813965
40938, 0.00813982
40939, 0.00813999
40940, 0.00814016
40941, 0.00814033
40942, 0.00814050
40943, 0.00814067
40944, 0.00814085
40945, 0.00814103
40946, 0.00814120
40947, 0.00814137
40948, 0.00814154
40949, 0.00814171
40950, 0.00814189
40951, 0.00814206
40952, 0.00814223
40953, 0.00814240
40954, 0.00814259
40955, 0.00814476
40956, 0.00814497
40957, 0.00814515
40958, 0.00814533
40959, 0.00814550
40960, 0.00814568
40961, 0.00814585
40962, 0.00814609
40963, 0.00814627
40964, 0.00814644
40965, 0.00814662
40966, 0.00814680
40967, 0.00814705
40968, 0.00814722
40969, 0.00814740
40970, 0.00814758
40971, 0.00814775
40972, 0.00814793
40973, 0.00814810
40974, 0.00814828
40975, 0.00814852
40976, 0.00814870
40977, 0.00814887
40978, 0.00814905
40979, 0.00814923
40980, 0.00814941
40981, 0.00814959
40982, 0.00814977
40983, 0.00815002
40984, 0.00815020
40985, 0.00815038
40986, 0.00815055
40987, 0.00815073
40988, 0.00815090
40989, 0.00815108
40990, 0.00815125
40991, 0.00815153
40992, 0.00815171
40993, 0.00815189
40994, 0.00815206
40995, 0.00815224
40996, 0.00815242
40997, 0.00815261
40998, 0.00815281
40999, 0.00815308
41000, 0.00815325
41001, 0.00815343
41002, 0.00815360
41003, 0.00815378
41004, 0.00815395
41005, 0.00815413
41006, 0.00815431
41007, 0.00815456
41008, 0.00815473
41009, 0.00815491
41010, 0.00815508
41011, 0.00815526
41012, 0.00815544
41013, 0.00815562
41014, 0.00815581
41015, 0.00815606
41016, 0.00815624
41017, 0.00815642
41018, 0.00815660
41019, 0.00815677
41020, 0.00815695
41021, 0.00815712
41022, 0.00815730
41023, 0.00815754
41024, 0.00815772
41025, 0.00815790
41026, 0.00815810
41027, 0.00815827
41028, 0.00815845
41029, 0.00815862
41030, 0.00815879
41031, 0.00816112
41032, 0.00816134
41033, 0.00816152
41034, 0.00816170
41035, 0.00816189
41036, 0.00816208
41037, 0.00816227
41038, 0.00816244
41039, 0.00816262
41040, 0.00816279
41041, 0.00816296
41042, 0.00816314
41043, 0.00816331
41044, 0.00816348
41045, 0.00816366
41046, 0.00816383
41047, 0.00816401
41048, 0.00816418
41049, 0.00816435
41050, 0.00816453
41051, 0.00816470
41052, 0.00816487
41053, 0.00816505
41054, 0.00816522
41055, 0.00816539
41056, 0.00816556
41057, 0.00816574
41058, 0.00816591
41059, 0.00816608
41060, 0.00816626
41061, 0.00816643
41062, 0.00816660
41063, 0.00816677
41064, 0.00816695
41065, 0.00816712
41066, 0.00816729
41067, 0.00816746
41068, 0.00816764
41069, 0.00816781
41070, 0.00816798
41071, 0.00816816
41072, 0.00816833
41073, 0.00816850
41074, 0.00816868
41075, 0.00816885
41076, 0.00816902
41077, 0.00816920
41078, 0.00816937
41079, 0.00816954
41080, 0.00816973
41081, 0.00817195
41082, 0.00817216
41083, 0.00817234
41084, 0.00817252
41085, 0.00817270
41086, 0.00817289
41087, 0.00817307
41088, 0.00817326
41089, 0.00817344
41090, 0.00817362
41091, 0.00817381
41092, 0.00817399
41093, 0.00817417
41094, 0.00817436
41095, 0.00817454
41096, 0.00817472
41097, 0.00817490
41098, 0.00817509
41099, 0.00817527
41100, 0.00817546
41101, 0.00817564
41102, 0.00817582
41103, 0.00817601
41104, 0.00817619
41105, 0.00817638
41106, 0.00817656
41107, 0.00817675
41108, 0.00817694
41109, 0.00817712
41110, 0.00817730
41111, 0.00817749
41112, 0.00817767
41113, 0.00817785
41114, 0.00817804
41115, 0.00817822
41116, 0.00817840
41117, 0.00817858
41118, 0.00817876
41119, 0.00817895
41120, 0.00817913
41121, 0.00817931
41122, 0.00817950
41123, 0.00817968
41124, 0.00817986
41125, 0.00818006
41126, 0.00818024
41127, 0.00818042
41128, 0.00818060
41129, 0.00818079
41130, 0.00818097
41131, 0.00818115
41132, 0.00818134
41133, 0.00818152
41134, 0.00818170
41135, 0.00818188
41136, 0.00818206
41137, 0.00818224
41138, 0.00818242
41139, 0.00818260
41140, 0.00818279
41141, 0.00818296
41142, 0.00818314
41143, 0.00818331
41144, 0.00818348
41145, 0.00818365
41146, 0.00818382
41147, 0.00818400
41148, 0.00818417
41149, 0.00818434
41150, 0.00818451
41151, 0.00818469
41152, 0.00818486
41153, 0.00818504
41154, 0.00818521
41155, 0.00818538
41156, 0.00818555
41157, 0.00818573
41158, 0.00818590
41159, 0.00818607
41160, 0.00818624
41161, 0.00818641
41162, 0.00818658
41163, 0.00818675
41164, 0.00818692
41165, 0.00818710
41166, 0.00818727
41167, 0.00818744
41168, 0.00818762
41169, 0.00818779
41170, 0.00818796
41171, 0.00818814
41172, 0.00818831
41173, 0.00818848
41174, 0.00818865
41175, 0.00818883
41176, 0.00818900
41177, 0.00818917
41178, 0.00818935
41179, 0.00818952
41180, 0.00818970
41181, 0.00818987
41182, 0.00819004
41183, 0.00819022
41184, 0.00819039
41185, 0.00819056
41186, 0.00819073
41187, 0.00819090
41188, 0.00819107
41189, 0.00819124
41190, 0.00819141
41191, 0.00819159
41192, 0.00819176
41193, 0.00819193
41194, 0.00819211
41195, 0.00819228
41196, 0.00819245
41197, 0.00819263
41198, 0.00819280
41199, 0.00819297
41200, 0.00819314
41201, 0.00819331
41202, 0.00819348
41203, 0.00819366
41204, 0.00819383
41205, 0.00819401
41206, 0.00819420
41207, 0.00819641
41208, 0.00819661
41209, 0.00819679
41210, 0.00819697
41211, 0.00819714
41212, 0.00819732
41213, 0.00819750
41214, 0.00819767
41215, 0.00819786
41216, 0.00819804
41217, 0.00819822
41218, 0.00819840
41219, 0.00819857
41220, 0.00819875
41221, 0.00819892
41222, 0.00819909
41223, 0.00819927
41224, 0.00819944
41225, 0.00819962
41226, 0.00819979
41227, 0.00819997
41228, 0.00820014
41229, 0.00820031
41230, 0.00820049
41231, 0.00820066
41232, 0.00820084
41233, 0.00820101
41234, 0.00820118
41235, 0.00820136
41236, 0.00820153
41237, 0.00820170
41238, 0.00820188
41239, 0.00820205
41240, 0.00820222
41241, 0.00820240
41242, 0.00820257
41243, 0.00820274
41244, 0.00820292
41245, 0.00820309
41246, 0.00820327
41247, 0.00820344
41248, 0.00820362
41249, 0.00820379
41250, 0.00820397
41251, 0.00820415
41252, 0.00820432
41253, 0.00820450
41254, 0.00820467
41255, 0.00820485
41256, 0.00820502
41257, 0.00820520
41258, 0.00820537
41259, 0.00820555
41260, 0.00820573
41261, 0.00820590
41262, 0.00820608
41263, 0.00820626
41264, 0.00820643
41265, 0.00820661
41266, 0.00820679
41267, 0.00820696
41268, 0.00820714
41269, 0.00820731
41270, 0.00820749
41271, 0.00820766
41272, 0.00820783
41273, 0.00820801
41274, 0.00820818
41275, 0.00820835
41276, 0.00820852
41277, 0.00820869
41278, 0.00820887
41279, 0.00820904
41280, 0.00820921
41281, 0.00820938
41282, 0.00820955
41283, 0.00820972
41284, 0.00820989
41285, 0.00821006
41286, 0.00821024
41287, 0.00821041
41288, 0.00821058
41289, 0.00821076
41290, 0.00821093
41291, 0.00821110
41292, 0.00821127
41293, 0.00821145
41294, 0.00821163
41295, 0.00821180
41296, 0.00821197
41297, 0.00821215
41298, 0.00821232
41299, 0.00821249
41300, 0.00821267
41301, 0.00821284
41302, 0.00821302
41303, 0.00821320
41304, 0.00821337
41305, 0.00821354
41306, 0.00821371
41307, 0.00821389
41308, 0.00821407
41309, 0.00821424
41310, 0.00821442
41311, 0.00821459
41312, 0.00821477
41313, 0.00821494
41314, 0.00821512
41315, 0.00821529
41316, 0.00821547
41317, 0.00821564
41318, 0.00821582
41319, 0.00821599
41320, 0.00821617
41321, 0.00821635
41322, 0.00821653
41323, 0.00821670
41324, 0.00821687
41325, 0.00821704
41326, 0.00821721
41327, 0.00821739
41328, 0.00821756
41329, 0.00821773
41330, 0.00821790
41331, 0.00821808
41332, 0.00821826
41333, 0.00822039
41334, 0.00822060
41335, 0.00822079
41336, 0.00822097
41337, 0.00822115
41338, 0.00822134
41339, 0.00822152
41340, 0.00822171
41341, 0.00822189
41342, 0.00822207
41343, 0.00822225
41344, 0.00822243
41345, 0.00822261
41346, 0.00822279
41347, 0.00822297
41348, 0.00822315
41349, 0.00822333
41350, 0.00822350
41351, 0.00822367
41352, 0.00822385
41353, 0.00822404
41354, 0.00822422
41355, 0.00822439
41356, 0.00822456
41357, 0.00822474
41358, 0.00822491
41359, 0.00822509
41360, 0.00822527
41361, 0.00822544
41362, 0.00822562
41363, 0.00822579
41364, 0.00822597
41365, 0.00822615
41366, 0.00822633
41367, 0.00822650
41368, 0.00822668
41369, 0.00822685
41370, 0.00822703
41371, 0.00822720
41372, 0.00822738
41373, 0.00822755
41374, 0.00822773
41375, 0.00822791
41376, 0.00822808
41377, 0.00822826
41378, 0.00822843
41379, 0.00822861
41380, 0.00822878
41381, 0.00822896
41382, 0.00822914
41383, 0.00822931
41384, 0.00822949
41385, 0.00822966
41386, 0.00822984
41387, 0.00823001
41388, 0.00823019
41389, 0.00823037
41390, 0.00823054
41391, 0.00823072
41392, 0.00823089
41393, 0.00823106
41394, 0.00823124
41395, 0.00823141
41396, 0.00823159
41397, 0.00823177
41398, 0.00823194
41399, 0.00823211
41400, 0.00823229
41401, 0.00823247
41402, 0.00823264
41403, 0.00823282
41404, 0.00823299
41405, 0.00823316
41406, 0.00823334
41407, 0.00823351
41408, 0.00823369
41409, 0.00823386
41410, 0.00823404
41411, 0.00823422
41412, 0.00823439
41413, 0.00823457
41414, 0.00823475
41415, 0.00823492
41416, 0.00823510
41417, 0.00823527
41418, 0.00823545
41419, 0.00823562
41420, 0.00823580
41421, 0.00823597
41422, 0.00823615
41423, 0.00823632
41424, 0.00823650
41425, 0.00823667
41426, 0.00823685
41427, 0.00823702
41428, 0.00823719
41429, 0.00823737
41430, 0.00823754
41431, 0.00823772
41432, 0.00823789
41433, 0.00823806
41434, 0.00823824
41435, 0.00823841
41436, 0.00823859
41437, 0.00823876
41438, 0.00823893
41439, 0.00823911
41440, 0.00823929
41441, 0.00823947
41442, 0.00823964
41443, 0.00823982
41444, 0.00823999
41445, 0.00824017
41446, 0.00824035
41447, 0.00824053
41448, 0.00824070
41449, 0.00824087
41450, 0.00824105
41451, 0.00824123
41452, 0.00824140
41453, 0.00824158
41454, 0.00824175
41455, 0.00824193
41456, 0.00824211
41457, 0.00824229
41458, 0.00824248
41459, 0.00824471
41460, 0.00824492
41461, 0.00824510
41462, 0.00824528
41463, 0.00824547
41464, 0.00824565
41465, 0.00824583
41466, 0.00824602
41467, 0.00824620
41468, 0.00824638
41469, 0.00824656
41470, 0.00824674
41471, 0.00824692
41472, 0.00824710
41473, 0.00824728
41474, 0.00824746
41475, 0.00824765
41476, 0.00824783
41477, 0.00824801
41478, 0.00824819
41479, 0.00824843
41480, 0.00824861
41481, 0.00824879
41482, 0.00824898
41483, 0.00824916
41484, 0.00824934
41485, 0.00824952
41486, 0.00824970
41487, 0.00824995
41488, 0.00825014
41489, 0.00825032
41490, 0.00825050
41491, 0.00825068
41492, 0.00825086
41493, 0.00825104
41494, 0.00825122
41495, 0.00825148
41496, 0.00825166
41497, 0.00825184
41498, 0.00825202
41499, 0.00825221
41500, 0.00825239
41501, 0.00825257
41502, 0.00825275
41503, 0.00825300
41504, 0.00825319
41505, 0.00825337
41506, 0.00825355
41507, 0.00825374
41508, 0.00825392
41509, 0.00825410
41510, 0.00825429
41511, 0.00825455
41512, 0.00825472
41513, 0.00825490
41514, 0.00825507
41515, 0.00825525
41516, 0.00825543
41517, 0.00825560
41518, 0.00825578
41519, 0.00825602
41520, 0.00825620
41521, 0.00825637
41522, 0.00825654
41523, 0.00825672
41524, 0.00825689
41525, 0.00825706
41526, 0.00825723
41527, 0.00825748
41528, 0.00825765
41529, 0.00825783
41530, 0.00825800
41531, 0.00825818
41532, 0.00825835
41533, 0.00825853
41534, 0.00825870
41535, 0.00825897
41536, 0.00825915
41537, 0.00825933
41538, 0.00825950
41539, 0.00825967
41540, 0.00825985
41541, 0.00826003
41542, 0.00826027
41543, 0.00826044
41544, 0.00826062
41545, 0.00826080
41546, 0.00826098
41547, 0.00826115
41548, 0.00826133
41549, 0.00826150
41550, 0.00826167
41551, 0.00826185
41552, 0.00826202
41553, 0.00826220
41554, 0.00826238
41555, 0.00826255
41556, 0.00826273
41557, 0.00826290
41558, 0.00826308
41559, 0.00826326
41560, 0.00826343
41561, 0.00826361
41562, 0.00826379
41563, 0.00826396
41564, 0.00826414
41565, 0.00826431
41566, 0.00826449
41567, 0.00826466
41568, 0.00826484
41569, 0.00826502
41570, 0.00826520
41571, 0.00826538
41572, 0.00826556
41573, 0.00826574
41574, 0.00826591
41575, 0.00826609
41576, 0.00826627
41577, 0.00826645
41578, 0.00826663
41579, 0.00826681
41580, 0.00826698
41581, 0.00826716
41582, 0.00826733
41583, 0.00826751
41584, 0.00826769
41585, 0.00826987
41586, 0.00827006
41587, 0.00827024
41588, 0.00827042
41589, 0.00827060
41590, 0.00827079
41591, 0.00827097
41592, 0.00827115
41593, 0.00827133
41594, 0.00827151
41595, 0.00827170
41596, 0.00827188
41597, 0.00827206
41598, 0.00827225
41599, 0.00827243
41600, 0.00827261
41601, 0.00827279
41602, 0.00827297
41603, 0.00827315
41604, 0.00827333
41605, 0.00827352
41606, 0.00827370
41607, 0.00827388
41608, 0.00827406
41609, 0.00827424
41610, 0.00827442
41611, 0.00827461
41612, 0.00827479
41613, 0.00827497
41614, 0.00827515
41615, 0.00827534
41616, 0.00827552
41617, 0.00827570
41618, 0.00827588
41619, 0.00827606
41620, 0.00827625
41621, 0.00827643
41622, 0.00827661
41623, 0.00827679
41624, 0.00827697
41625, 0.00827715
41626, 0.00827733
41627, 0.00827752
41628, 0.00827770
41629, 0.00827788
41630, 0.00827807
41631, 0.00827825
41632, 0.00827844
41633, 0.00827862
41634, 0.00827881
41635, 0.00827899
41636, 0.00827917
41637, 0.00827935
41638, 0.00827954
41639, 0.00827972
41640, 0.00827991
41641, 0.00828009
41642, 0.00828028
41643, 0.00828046
41644, 0.00828064
41645, 0.00828082
41646, 0.00828101
41647, 0.00828118
41648, 0.00828137
41649, 0.00828155
41650, 0.00828174
41651, 0.00828193
41652, 0.00828211
41653, 0.00828230
41654, 0.00828248
41655, 0.00828266
41656, 0.00828285
41657, 0.00828307
41658, 0.00828327
41659, 0.00828345
41660, 0.00828363
41661, 0.00828381
41662, 0.00828400
41663, 0.00828419
41664, 0.00828437
41665, 0.00828455
41666, 0.00828474
41667, 0.00828492
41668, 0.00828510
41669, 0.00828528
41670, 0.00828547
41671, 0.00828565
41672, 0.00828583
41673, 0.00828601
41674, 0.00828620
41675, 0.00828638
41676, 0.00828656
41677, 0.00828674
41678, 0.00828693
41679, 0.00828711
41680, 0.00828729
41681, 0.00828748
41682, 0.00828766
41683, 0.00828785
41684, 0.00828803
41685, 0.00828821
41686, 0.00828839
41687, 0.00828857
41688, 0.00828876
41689, 0.00828894
41690, 0.00828912
41691, 0.00828930
41692, 0.00828949
41693, 0.00828967
41694, 0.00828985
41695, 0.00829004
41696, 0.00829023
41697, 0.00829041
41698, 0.00829059
41699, 0.00829077
41700, 0.00829096
41701, 0.00829114
41702, 0.00829132
41703, 0.00829150
41704, 0.00829168
41705, 0.00829186
41706, 0.00829205
41707, 0.00829223
41708, 0.00829241
41709, 0.00829259
41710, 0.00829279
41711, 0.00829504
41712, 0.00829523
41713, 0.00829541
41714, 0.00829559
41715, 0.00829578
41716, 0.00829596
41717, 0.00829614
41718, 0.00829633
41719, 0.00829651
41720, 0.00829669
41721, 0.00829687
41722, 0.00829705
41723, 0.00829724
41724, 0.00829742
41725, 0.00829759
41726, 0.00829777
41727, 0.00829795
41728, 0.00829814
41729, 0.00829832
41730, 0.00829850
41731, 0.00829867
41732, 0.00829885
41733, 0.00829902
41734, 0.00829919
41735, 0.00829937
41736, 0.00829954
41737, 0.00829972
41738, 0.00829989
41739, 0.00830007
41740, 0.00830024
41741, 0.00830042
41742, 0.00830059
41743, 0.00830077
41744, 0.00830094
41745, 0.00830112
41746, 0.00830129
41747, 0.00830146
41748, 0.00830163
41749, 0.00830181
41750, 0.00830198
41751, 0.00830215
41752, 0.00830232
41753, 0.00830249
41754, 0.00830266
41755, 0.00830284
41756, 0.00830301
41757, 0.00830318
41758, 0.00830335
41759, 0.00830353
41760, 0.00830370
41761, 0.00830388
41762, 0.00830405
41763, 0.00830423
41764, 0.00830440
41765, 0.00830457
41766, 0.00830474
41767, 0.00830491
41768, 0.00830509
41769, 0.00830526
41770, 0.00830543
41771, 0.00830561
41772, 0.00830578
41773, 0.00830595
41774, 0.00830613
41775, 0.00830630
41776, 0.00830647
41777, 0.00830664
41778, 0.00830681
41779, 0.00830698
41780, 0.00830715
41781, 0.00830733
41782, 0.00830750
41783, 0.00830767
41784, 0.00830785
41785, 0.00830802
41786, 0.00830819
41787, 0.00830836
41788, 0.00830853
41789, 0.00830871
41790, 0.00830888
41791, 0.00830905
41792, 0.00830922
41793, 0.00830939
41794, 0.00830957
41795, 0.00830974
41796, 0.00830991
41797, 0.00831009
41798, 0.00831026
41799, 0.00831043
41800, 0.00831060
41801, 0.00831077
41802, 0.00831094
41803, 0.00831111
41804, 0.00831128
41805, 0.00831146
41806, 0.00831163
41807, 0.00831180
41808, 0.00831197
41809, 0.00831214
41810, 0.00831231
41811, 0.00831248
41812, 0.00831265
41813, 0.00831283
41814, 0.00831300
41815, 0.00831317
41816, 0.00831334
41817, 0.00831351
41818, 0.00831368
41819, 0.00831385
41820, 0.00831403
41821, 0.00831420
41822, 0.00831437
41823, 0.00831454
41824, 0.00831472
41825, 0.00831489
41826, 0.00831506
41827, 0.00831524
41828, 0.00831540
41829, 0.00831558
41830, 0.00831575
41831, 0.00831592
41832, 0.00831610
41833, 0.00831627
41834, 0.00831644
41835, 0.00831661
41836, 0.00831679
41837, 0.00831896
41838, 0.00831915
41839, 0.00831933
41840, 0.00831950
41841, 0.00831968
41842, 0.00831985
41843, 0.00832003
41844, 0.00832021
41845, 0.00832039
41846, 0.00832056
41847, 0.00832074
41848, 0.00832091
41849, 0.00832109
41850, 0.00832126
41851, 0.00832144
41852, 0.00832162
41853, 0.00832179
41854, 0.00832197
41855, 0.00832214
41856, 0.00832232
41857, 0.00832249
41858, 0.00832267
41859, 0.00832284
41860, 0.00832302
41861, 0.00832320
41862, 0.00832338
41863, 0.00832356
41864, 0.00832374
41865, 0.00832392
41866, 0.00832410
41867, 0.00832427
41868, 0.00832445
41869, 0.00832463
41870, 0.00832481
41871, 0.00832498
41872, 0.00832516
41873, 0.00832534
41874, 0.00832552
41875, 0.00832570
41876, 0.00832587
41877, 0.00832606
41878, 0.00832624
41879, 0.00832642
41880, 0.00832659
41881, 0.00832677
41882, 0.00832695
41883, 0.00832713
41884, 0.00832730
41885, 0.00832748
41886, 0.00832766
41887, 0.00832784
41888, 0.00832802
41889, 0.00832820
41890, 0.00832838
41891, 0.00832856
41892, 0.00832874
41893, 0.00832891
41894, 0.00832909
41895, 0.00832926
41896, 0.00832944
41897, 0.00832962
41898, 0.00832980
41899, 0.00832997
41900, 0.00833015
41901, 0.00833033
41902, 0.00833051
41903, 0.00833069
41904, 0.00833086
41905, 0.00833104
41906, 0.00833121
41907, 0.00833139
41908, 0.00833157
41909, 0.00833175
41910, 0.00833193
41911, 0.00833210
41912, 0.00833228
41913, 0.00833246
41914, 0.00833264
41915, 0.00833281
41916, 0.00833299
41917, 0.00833317
41918, 0.00833335
41919, 0.00833352
41920, 0.00833370
41921, 0.00833388
41922, 0.00833406
41923, 0.00833423
41924, 0.00833441
41925, 0.00833458
41926, 0.00833476
41927, 0.00833494
41928, 0.00833512
41929, 0.00833529
41930, 0.00833547
41931, 0.00833564
41932, 0.00833582
41933, 0.00833600
41934, 0.00833617
41935, 0.00833635
41936, 0.00833653
41937, 0.00833671
41938, 0.00833689
41939, 0.00833706
41940, 0.00833724
41941, 0.00833741
41942, 0.00833758
41943, 0.00833776
41944, 0.00833794
41945, 0.00833811
41946, 0.00833829
41947, 0.00833846
41948, 0.00833864
41949, 0.00833882
41950, 0.00833899
41951, 0.00833916
41952, 0.00833934
41953, 0.00833951
41954, 0.00833969
41955, 0.00833987
41956, 0.00834005
41957, 0.00834022
41958, 0.00834041
41959, 0.00834059
41960, 0.00834077
41961, 0.00834094
41962, 0.00834113
41963, 0.00834338
41964, 0.00834357
41965, 0.00834374
41966, 0.00834391
41967, 0.00834409
41968, 0.00834427
41969, 0.00834444
41970, 0.00834462
41971, 0.00834479
41972, 0.00834498
41973, 0.00834515
41974, 0.00834534
41975, 0.00834551
41976, 0.00834569
41977, 0.00834587
41978, 0.00834604
41979, 0.00834622
41980, 0.00834640
41981, 0.00834657
41982, 0.00834675
41983, 0.00834693
41984, 0.00834710
41985, 0.00834728
41986, 0.00834745
41987, 0.00834763
41988, 0.00834780
41989, 0.00834798
41990, 0.00834816
41991, 0.00834840
41992, 0.00834857
41993, 0.00834875
41994, 0.00834892
41995, 0.00834910
41996, 0.00834927
41997, 0.00834945
41998, 0.00834963
41999, 0.00834988
42000, 0.00835005
42001, 0.00835023
42002, 0.00835041
42003, 0.00835058
42004, 0.00835076
42005, 0.00835093
42006, 0.00835111
42007, 0.00835136
42008, 0.00835154
42009, 0.00835172
42010, 0.00835190
42011, 0.00835207
42012, 0.00835225
42013, 0.00835243
42014, 0.00835260
42015, 0.00835285
42016, 0.00835303
42017, 0.00835320
42018, 0.00835338
42019, 0.00835355
42020, 0.00835373
42021, 0.00835391
42022, 0.00835408
42023, 0.00835433
42024, 0.00835450
42025, 0.00835468
42026, 0.00835485
42027, 0.00835503
42028, 0.00835521
42029, 0.00835538
42030, 0.00835556
42031, 0.00835581
42032, 0.00835598
42033, 0.00835616
42034, 0.00835634
42035, 0.00835651
42036, 0.00835669
42037, 0.00835686
42038, 0.00835704
42039, 0.00835729
42040, 0.00835747
42041, 0.00835764
42042, 0.00835782
42043, 0.00835800
42044, 0.00835817
42045, 0.00835835
42046, 0.00835852
42047, 0.00835878
42048, 0.00835895
42049, 0.00835913
42050, 0.00835931
42051, 0.00835948
42052, 0.00835966
42053, 0.00835983
42054, 0.00836001
42055, 0.00836019
42056, 0.00836036
42057, 0.00836054
42058, 0.00836072
42059, 0.00836089
42060, 0.00836107
42061, 0.00836125
42062, 0.00836143
42063, 0.00836160
42064, 0.00836178
42065, 0.00836196
42066, 0.00836213
42067, 0.00836231
42068, 0.00836249
42069, 0.00836267
42070, 0.00836284
42071, 0.00836302
42072, 0.00836319
42073, 0.00836337
42074, 0.00836355
42075, 0.00836372
42076, 0.00836390
42077, 0.00836407
42078, 0.00836425
42079, 0.00836442
42080, 0.00836460
42081, 0.00836477
42082, 0.00836495
42083, 0.00836512
42084, 0.00836530
42085, 0.00836547
42086, 0.00836565
42087, 0.00836583
42088, 0.00836601
42089, 0.00836828
42090, 0.00836847
42091, 0.00836864
42092, 0.00836882
42093, 0.00836900
42094, 0.00836918
42095, 0.00836935
42096, 0.00836953
42097, 0.00836971
42098, 0.00836989
42099, 0.00837006
42100, 0.00837024
42101, 0.00837041
42102, 0.00837059
42103, 0.00837077
42104, 0.00837094
42105, 0.00837112
42106, 0.00837129
42107, 0.00837146
42108, 0.00837164
42109, 0.00837181
42110, 0.00837199
42111, 0.00837216
42112, 0.00837233
42113, 0.00837251
42114, 0.00837268
42115, 0.00837285
42116, 0.00837303
42117, 0.00837320
42118, 0.00837338
42119, 0.00837355
42120, 0.00837373
42121, 0.00837390
42122, 0.00837408
42123, 0.00837425
42124, 0.00837442
42125, 0.00837459
42126, 0.00837477
42127, 0.00837494
42128, 0.00837512
42129, 0.00837529
42130, 0.00837547
42131, 0.00837564
42132, 0.00837581
42133, 0.00837599
42134, 0.00837616
42135, 0.00837634
42136, 0.00837651
42137, 0.00837668
42138, 0.00837686
42139, 0.00837703
42140, 0.00837721
42141, 0.00837738
42142, 0.00837755
42143, 0.00837773
42144, 0.00837790
42145, 0.00837808
42146, 0.00837825
42147, 0.00837843
42148, 0.00837861
42149, 0.00837878
42150, 0.00837896
42151, 0.00837913
42152, 0.00837930
42153, 0.00837948
42154, 0.00837965
42155, 0.00837983
42156, 0.00838000
42157, 0.00838017
42158, 0.00838035
42159, 0.00838052
42160, 0.00838070
42161, 0.00838087
42162, 0.00838105
42163, 0.00838123
42164, 0.00838140
42165, 0.00838158
42166, 0.00838175
42167, 0.00838193
42168, 0.00838211
42169, 0.00838228
42170, 0.00838246
42171, 0.00838263
42172, 0.00838281
42173, 0.00838298
42174, 0.00838315
42175, 0.00838333
42176, 0.00838350
42177, 0.00838368
42178, 0.00838385
42179, 0.00838402
42180, 0.00838420
42181, 0.00838438
42182, 0.00838455
42183, 0.00838473
42184, 0.00838490
42185, 0.00838507
42186, 0.00838525
42187, 0.00838543
42188, 0.00838560
42189, 0.00838577
42190, 0.00838595
42191, 0.00838613
42192, 0.00838630
42193, 0.00838648
42194, 0.00838665
42195, 0.00838683
42196, 0.00838700
42197, 0.00838718
42198, 0.00838735
42199, 0.00838753
42200, 0.00838770
42201, 0.00838787
42202, 0.00838805
42203, 0.00838822
42204, 0.00838839
42205, 0.00838857
42206, 0.00838874
42207, 0.00838892
42208, 0.00838909
42209, 0.00838927
42210, 0.00838944
42211, 0.00838962
42212, 0.00838979
42213, 0.00838997
42214, 0.00839015
42215, 0.00839268
42216, 0.00839289
42217, 0.00839306
42218, 0.00839323
42219, 0.00839341
42220, 0.00839358
42221, 0.00839376
42222, 0.00839393
42223, 0.00839410
42224, 0.00839428
42225, 0.00839445
42226, 0.00839462
42227, 0.00839480
42228, 0.00839497
42229, 0.00839515
42230, 0.00839533
42231, 0.00839550
42232, 0.00839567
42233, 0.00839585
42234, 0.00839602
42235, 0.00839620
42236, 0.00839637
42237, 0.00839655
42238, 0.00839672
42239, 0.00839690
42240, 0.00839707
42241, 0.00839725
42242, 0.00839742
42243, 0.00839759
42244, 0.00839777
42245, 0.00839794
42246, 0.00839812
42247, 0.00839830
42248, 0.00839847
42249, 0.00839865
42250, 0.00839882
42251, 0.00839899
42252, 0.00839917
42253, 0.00839935
42254, 0.00839952
42255, 0.00839970
42256, 0.00839987
42257, 0.00840005
42258, 0.00840022
42259, 0.00840040
42260, 0.00840057
42261, 0.00840076
42262, 0.00840094
42263, 0.00840112
42264, 0.00840130
42265, 0.00840148
42266, 0.00840166
42267, 0.00840184
42268, 0.00840202
42269, 0.00840219
42270, 0.00840236
42271, 0.00840254
42272, 0.00840271
42273, 0.00840289
42274, 0.00840306
42275, 0.00840323
42276, 0.00840340
42277, 0.00840358
42278, 0.00840376
42279, 0.00840393
42280, 0.00840411
42281, 0.00840428
42282, 0.00840445
42283, 0.00840463
42284, 0.00840480
42285, 0.00840497
42286, 0.00840514
42287, 0.00840532
42288, 0.00840549
42289, 0.00840567
42290, 0.00840584
42291, 0.00840601
42292, 0.00840619
42293, 0.00840636
42294, 0.00840654
42295, 0.00840672
42296, 0.00840689
42297, 0.00840707
42298, 0.00840724
42299, 0.00840741
42300, 0.00840759
42301, 0.00840776
42302, 0.00840793
42303, 0.00840810
42304, 0.00840827
42305, 0.00840845
42306, 0.00840862
42307, 0.00840879
42308, 0.00840896
42309, 0.00840914
42310, 0.00840931
42311, 0.00840948
42312, 0.00840966
42313, 0.00840983
42314, 0.00841000
42315, 0.00841018
42316, 0.00841035
42317, 0.00841052
42318, 0.00841070
42319, 0.00841087
42320, 0.00841105
42321, 0.00841122
42322, 0.00841140
42323, 0.00841157
42324, 0.00841174
42325, 0.00841191
42326, 0.00841208
42327, 0.00841226
42328, 0.00841243
42329, 0.00841261
42330, 0.00841278
42331, 0.00841296
42332, 0.00841313
42333, 0.00841330
42334, 0.00841348
42335, 0.00841365
42336, 0.00841382
42337, 0.00841400
42338, 0.00841416
42339, 0.00841434
42340, 0.00841452
42341, 0.00841674
42342, 0.00841694
42343, 0.00841711
42344, 0.00841729
42345, 0.00841746
42346, 0.00841764
42347, 0.00841782
42348, 0.00841801
42349, 0.00841818
42350, 0.00841836
42351, 0.00841853
42352, 0.00841871
42353, 0.00841888
42354, 0.00841906
42355, 0.00841923
42356, 0.00841941
42357, 0.00841958
42358, 0.00841976
42359, 0.00841993
42360, 0.00842011
42361, 0.00842028
42362, 0.00842046
42363, 0.00842063
42364, 0.00842080
42365, 0.00842098
42366, 0.00842115
42367, 0.00842133
42368, 0.00842150
42369, 0.00842168
42370, 0.00842185
42371, 0.00842203
42372, 0.00842220
42373, 0.00842238
42374, 0.00842255
42375, 0.00842273
42376, 0.00842290
42377, 0.00842307
42378, 0.00842325
42379, 0.00842342
42380, 0.00842360
42381, 0.00842377
42382, 0.00842394
42383, 0.00842415
42384, 0.00842432
42385, 0.00842452
42386, 0.00842469
42387, 0.00842487
42388, 0.00842504
42389, 0.00842522
42390, 0.00842539
42391, 0.00842557
42392, 0.00842574
42393, 0.00842592
42394, 0.00842610
42395, 0.00842627
42396, 0.00842645
42397, 0.00842662
42398, 0.00842680
42399, 0.00842697
42400, 0.00842715
42401, 0.00842732
42402, 0.00842750
42403, 0.00842767
42404, 0.00842785
42405, 0.00842802
42406, 0.00842819
42407, 0.00842836
42408, 0.00842854
42409, 0.00842872
42410, 0.00842889
42411, 0.00842907
42412, 0.00842928
42413, 0.00842946
42414, 0.00842963
42415, 0.00842980
42416, 0.00842998
42417, 0.00843015
42418, 0.00843033
42419, 0.00843051
42420, 0.00843068
42421, 0.00843085
42422, 0.00843103
42423, 0.00843120
42424, 0.00843138
42425, 0.00843155
42426, 0.00843173
42427, 0.00843190
42428, 0.00843208
42429, 0.00843225
42430, 0.00843243
42431, 0.00843260
42432, 0.00843277
42433, 0.00843294
42434, 0.00843312
42435, 0.00843330
42436, 0.00843347
42437, 0.00843364
42438, 0.00843382
42439, 0.00843400
42440, 0.00843418
42441, 0.00843435
42442, 0.00843452
42443, 0.00843469
42444, 0.00843486
42445, 0.00843504
42446, 0.00843521
42447, 0.00843538
42448, 0.00843556
42449, 0.00843573
42450, 0.00843590
42451, 0.00843608
42452, 0.00843625
42453, 0.00843643
42454, 0.00843661
42455, 0.00843678
42456, 0.00843696
42457, 0.00843713
42458, 0.00843730
42459, 0.00843747
42460, 0.00843765
42461, 0.00843782
42462, 0.00843799
42463, 0.00843816
42464, 0.00843834
42465, 0.00843851
42466, 0.00843870
42467, 0.00844089
42468, 0.00844109
42469, 0.00844127
42470, 0.00844145
42471, 0.00844163
42472, 0.00844180
42473, 0.00844198
42474, 0.00844215
42475, 0.00844233
42476, 0.00844250
42477, 0.00844268
42478, 0.00844285
42479, 0.00844302
42480, 0.00844319
42481, 0.00844336
42482, 0.00844353
42483, 0.00844370
42484, 0.00844388
42485, 0.00844405
42486, 0.00844422
42487, 0.00844439
42488, 0.00844457
42489, 0.00844474
42490, 0.00844491
42491, 0.00844508
42492, 0.00844526
42493, 0.00844544
42494, 0.00844561
42495, 0.00844579
42496, 0.00844596
42497, 0.00844613
42498, 0.00844631
42499, 0.00844648
42500, 0.00844665
42501, 0.00844682
42502, 0.00844699
42503, 0.00844723
42504, 0.00844740
42505, 0.00844758
42506, 0.00844775
42507, 0.00844792
42508, 0.00844810
42509, 0.00844827
42510, 0.00844845
42511, 0.00844870
42512, 0.00844887
42513, 0.00844905
42514, 0.00844922
42515, 0.00844939
42516, 0.00844956
42517, 0.00844974
42518, 0.00844991
42519, 0.00845015
42520, 0.00845033
42521, 0.00845050
42522, 0.00845067
42523, 0.00845084
42524, 0.00845101
42525, 0.00845118
42526, 0.00845135
42527, 0.00845160
42528, 0.00845177
42529, 0.00845194
42530, 0.00845211
42531, 0.00845228
42532, 0.00845245
42533, 0.00845262
42534, 0.00845279
42535, 0.00845303
42536, 0.00845320
42537, 0.00845337
42538, 0.00845354
42539, 0.00845371
42540, 0.00845389
42541, 0.00845405
42542, 0.00845423
42543, 0.00845448
42544, 0.00845465
42545, 0.00845482
42546, 0.00845499
42547, 0.00845517
42548, 0.00845534
42549, 0.00845551
42550, 0.00845569
42551, 0.00845593
42552, 0.00845610
42553, 0.00845627
42554, 0.00845644
42555, 0.00845661
42556, 0.00845678
42557, 0.00845695
42558, 0.00845713
42559, 0.00845737
42560, 0.00845754
42561, 0.00845772
42562, 0.00845789
42563, 0.00845806
42564, 0.00845823
42565, 0.00845840
42566, 0.00845857
42567, 0.00845874
42568, 0.00845891
42569, 0.00845908
42570, 0.00845925
42571, 0.00845942
42572, 0.00845959
42573, 0.00845976
42574, 0.00845993
42575, 0.00846010
42576, 0.00846027
42577, 0.00846045
42578, 0.00846062
42579, 0.00846079
42580, 0.00846096
42581, 0.00846113
42582, 0.00846130
42583, 0.00846148
42584, 0.00846165
42585, 0.00846182
42586, 0.00846199
42587, 0.00846216
42588, 0.00846233
42589, 0.00846250
42590, 0.00846267
42591, 0.00846285
42592, 0.00846303
42593, 0.00846518
42594, 0.00846538
42595, 0.00846555
42596, 0.00846573
42597, 0.00846591
42598, 0.00846608
42599, 0.00846626
42600, 0.00846644
42601, 0.00846661
42602, 0.00846679
42603, 0.00846696
42604, 0.00846714
42605, 0.00846732
42606, 0.00846749
42607, 0.00846767
42608, 0.00846785
42609, 0.00846802
42610, 0.00846819
42611, 0.00846837
42612, 0.00846854
42613, 0.00846872
42614, 0.00846889
42615, 0.00846907
42616, 0.00846925
42617, 0.00846942
42618, 0.00846959
42619, 0.00846977
42620, 0.00846994
42621, 0.00847011
42622, 0.00847029
42623, 0.00847046
42624, 0.00847063
42625, 0.00847081
42626, 0.00847098
42627, 0.00847116
42628, 0.00847133
42629, 0.00847151
42630, 0.00847169
42631, 0.00847186
42632, 0.00847204
42633, 0.00847221
42634, 0.00847239
42635, 0.00847256
42636, 0.00847274
42637, 0.00847291
42638, 0.00847309
42639, 0.00847326
42640, 0.00847344
42641, 0.00847361
42642, 0.00847378
42643, 0.00847395
42644, 0.00847413
42645, 0.00847431
42646, 0.00847448
42647, 0.00847465
42648, 0.00847483
42649, 0.00847500
42650, 0.00847518
42651, 0.00847535
42652, 0.00847552
42653, 0.00847569
42654, 0.00847586
42655, 0.00847604
42656, 0.00847621
42657, 0.00847639
42658, 0.00847657
42659, 0.00847674
42660, 0.00847691
42661, 0.00847709
42662, 0.00847726
42663, 0.00847743
42664, 0.00847761
42665, 0.00847778
42666, 0.00847795
42667, 0.00847813
42668, 0.00847830
42669, 0.00847848
42670, 0.00847865
42671, 0.00847882
42672, 0.00847899
42673, 0.00847916
42674, 0.00847933
42675, 0.00847951
42676, 0.00847968
42677, 0.00847985
42678, 0.00848002
42679, 0.00848019
42680, 0.00848037
42681, 0.00848054
42682, 0.00848072
42683, 0.00848089
42684, 0.00848106
42685, 0.00848123
42686, 0.00848141
42687, 0.00848157
42688, 0.00848175
42689, 0.00848192
42690, 0.00848209
42691, 0.00848227
42692, 0.00848244
42693, 0.00848261
42694, 0.00848278
42695, 0.00848296
42696, 0.00848313
42697, 0.00848330
42698, 0.00848347
42699, 0.00848364
42700, 0.00848382
42701, 0.00848402
42702, 0.00848419
42703, 0.00848437
42704, 0.00848454
42705, 0.00848471
42706, 0.00848488
42707, 0.00848506
42708, 0.00848522
42709, 0.00848539
42710, 0.00848557
42711, 0.00848574
42712, 0.00848592
42713, 0.00848609
42714, 0.00848626
42715, 0.00848644
42716, 0.00848661
42717, 0.00848679
42718, 0.00848697
42719, 0.00848916
42720, 0.00848937
42721, 0.00848955
42722, 0.00848973
42723, 0.00848990
42724, 0.00849008
42725, 0.00849026
42726, 0.00849044
42727, 0.00849061
42728, 0.00849079
42729, 0.00849097
42730, 0.00849115
42731, 0.00849133
42732, 0.00849151
42733, 0.00849169
42734, 0.00849188
42735, 0.00849206
42736, 0.00849224
42737, 0.00849242
42738, 0.00849260
42739, 0.00849278
42740, 0.00849296
42741, 0.00849315
42742, 0.00849333
42743, 0.00849351
42744, 0.00849369
42745, 0.00849387
42746, 0.00849406
42747, 0.00849424
42748, 0.00849442
42749, 0.00849460
42750, 0.00849478
42751, 0.00849495
42752, 0.00849513
42753, 0.00849530
42754, 0.00849548
42755, 0.00849565
42756, 0.00849582
42757, 0.00849600
42758, 0.00849617
42759, 0.00849635
42760, 0.00849653
42761, 0.00849670
42762, 0.00849688
42763, 0.00849705
42764, 0.00849723
42765, 0.00849741
42766, 0.00849758
42767, 0.00849776
42768, 0.00849793
42769, 0.00849811
42770, 0.00849828
42771, 0.00849846
42772, 0.00849863
42773, 0.00849881
42774, 0.00849899
42775, 0.00849916
42776, 0.00849934
42777, 0.00849951
42778, 0.00849969
42779, 0.00849986
42780, 0.00850004
42781, 0.00850021
42782, 0.00850039
42783, 0.00850056
42784, 0.00850073
42785, 0.00850091
42786, 0.00850108
42787, 0.00850126
42788, 0.00850144
42789, 0.00850162
42790, 0.00850179
42791, 0.00850196
42792, 0.00850214
42793, 0.00850231
42794, 0.00850248
42795, 0.00850265
42796, 0.00850282
42797, 0.00850299
42798, 0.00850316
42799, 0.00850334
42800, 0.00850351
42801, 0.00850369
42802, 0.00850386
42803, 0.00850403
42804, 0.00850420
42805, 0.00850438
42806, 0.00850455
42807, 0.00850472
42808, 0.00850489
42809, 0.00850507
42810, 0.00850524
42811, 0.00850542
42812, 0.00850559
42813, 0.00850577
42814, 0.00850595
42815, 0.00850612
42816, 0.00850629
42817, 0.00850646
42818, 0.00850664
42819, 0.00850681
42820, 0.00850698
42821, 0.00850716
42822, 0.00850734
42823, 0.00850751
42824, 0.00850769
42825, 0.00850786
42826, 0.00850804
42827, 0.00850821
42828, 0.00850839
42829, 0.00850856
42830, 0.00850873
42831, 0.00850890
42832, 0.00850908
42833, 0.00850925
42834, 0.00850942
42835, 0.00850959
42836, 0.00850977
42837, 0.00850994
42838, 0.00851011
42839, 0.00851028
42840, 0.00851045
42841, 0.00851062
42842, 0.00851079
42843, 0.00851097
42844, 0.00851116
42845, 0.00851330
42846, 0.00851350
42847, 0.00851368
42848, 0.00851387
42849, 0.00851405
42850, 0.00851423
42851, 0.00851441
42852, 0.00851458
42853, 0.00851476
42854, 0.00851493
42855, 0.00851514
42856, 0.00851532
42857, 0.00851549
42858, 0.00851566
42859, 0.00851584
42860, 0.00851601
42861, 0.00851618
42862, 0.00851635
42863, 0.00851653
42864, 0.00851670
42865, 0.00851688
42866, 0.00851705
42867, 0.00851723
42868, 0.00851740
42869, 0.00851758
42870, 0.00851775
42871, 0.00851792
42872, 0.00851810
42873, 0.00851828
42874, 0.00851846
42875, 0.00851863
42876, 0.00851880
42877, 0.00851898
42878, 0.00851915
42879, 0.00851932
42880, 0.00851949
42881, 0.00851966
42882, 0.00851983
42883, 0.00852001
42884, 0.00852018
42885, 0.00852035
42886, 0.00852052
42887, 0.00852069
42888, 0.00852087
42889, 0.00852104
42890, 0.00852121
42891, 0.00852138
42892, 0.00852155
42893, 0.00852173
42894, 0.00852190
42895, 0.00852207
42896, 0.00852224
42897, 0.00852241
42898, 0.00852258
42899, 0.00852275
42900, 0.00852292
42901, 0.00852310
42902, 0.00852327
42903, 0.00852345
42904, 0.00852362
42905, 0.00852379
42906, 0.00852397
42907, 0.00852414
42908, 0.00852432
42909, 0.00852449
42910, 0.00852466
42911, 0.00852483
42912, 0.00852500
42913, 0.00852518
42914, 0.00852535
42915, 0.00852552
42916, 0.00852569
42917, 0.00852586
42918, 0.00852603
42919, 0.00852621
42920, 0.00852638
42921, 0.00852655
42922, 0.00852673
42923, 0.00852690
42924, 0.00852707
42925, 0.00852725
42926, 0.00852742
42927, 0.00852759
42928, 0.00852777
42929, 0.00852794
42930, 0.00852811
42931, 0.00852828
42932, 0.00852845
42933, 0.00852862
42934, 0.00852879
42935, 0.00852896
42936, 0.00852913
42937, 0.00852930
42938, 0.00852947
42939, 0.00852965
42940, 0.00852982
42941, 0.00852999
42942, 0.00853016
42943, 0.00853033
42944, 0.00853050
42945, 0.00853067
42946, 0.00853084
42947, 0.00853101
42948, 0.00853118
42949, 0.00853135
42950, 0.00853152
42951, 0.00853169
42952, 0.00853186
42953, 0.00853203
42954, 0.00853220
42955, 0.00853237
42956, 0.00853254
42957, 0.00853271
42958, 0.00853288
42959, 0.00853305
42960, 0.00853323
42961, 0.00853341
42962, 0.00853358
42963, 0.00853375
42964, 0.00853392
42965, 0.00853409
42966, 0.00853426
42967, 0.00853443
42968, 0.00853460
42969, 0.00853477
42970, 0.00853495
42971, 0.00853721
42972, 0.00853741
42973, 0.00853758
42974, 0.00853775
42975, 0.00853793
42976, 0.00853810
42977, 0.00853827
42978, 0.00853845
42979, 0.00853862
42980, 0.00853880
42981, 0.00853897
42982, 0.00853915
42983, 0.00853934
42984, 0.00853952
42985, 0.00853970
42986, 0.00853988
42987, 0.00854006
42988, 0.00854025
42989, 0.00854043
42990, 0.00854061
42991, 0.00854079
42992, 0.00854097
42993, 0.00854114
42994, 0.00854132
42995, 0.00854149
42996, 0.00854167
42997, 0.00854184
42998, 0.00854201
42999, 0.00854219
43000, 0.00854236
43001, 0.00854253
43002, 0.00854271
43003, 0.00854288
43004, 0.00854305
43005, 0.00854323
43006, 0.00854340
43007, 0.00854358
43008, 0.00854375
43009, 0.00854393
43010, 0.00854410
43011, 0.00854427
43012, 0.00854444
43013, 0.00854462
43014, 0.00854479
43015, 0.00854504
43016, 0.00854521
43017, 0.00854539
43018, 0.00854556
43019, 0.00854573
43020, 0.00854591
43021, 0.00854608
43022, 0.00854625
43023, 0.00854649
43024, 0.00854666
43025, 0.00854683
43026, 0.00854701
43027, 0.00854718
43028, 0.00854736
43029, 0.00854753
43030, 0.00854770
43031, 0.00854795
43032, 0.00854813
43033, 0.00854830
43034, 0.00854847
43035, 0.00854865
43036, 0.00854882
43037, 0.00854899
43038, 0.00854916
43039, 0.00854943
43040, 0.00854960
43041, 0.00854977
43042, 0.00854994
43043, 0.00855012
43044, 0.00855029
43045, 0.00855047
43046, 0.00855064
43047, 0.00855088
43048, 0.00855106
43049, 0.00855123
43050, 0.00855141
43051, 0.00855158
43052, 0.00855175
43053, 0.00855193
43054, 0.00855210
43055, 0.00855234
43056, 0.00855252
43057, 0.00855269
43058, 0.00855286
43059, 0.00855303
43060, 0.00855321
43061, 0.00855338
43062, 0.00855355
43063, 0.00855380
43064, 0.00855397
43065, 0.00855414
43066, 0.00855431
43067, 0.00855449
43068, 0.00855466
43069, 0.00855484
43070, 0.00855501
43071, 0.00855527
43072, 0.00855544
43073, 0.00855561
43074, 0.00855579
43075, 0.00855596
43076, 0.00855614
43077, 0.00855631
43078, 0.00855648
43079, 0.00855666
43080, 0.00855683
43081, 0.00855701
43082, 0.00855718
43083, 0.00855735
43084, 0.00855753
43085, 0.00855770
43086, 0.00855787
43087, 0.00855805
43088, 0.00855822
43089, 0.00855839
43090, 0.00855857
43091, 0.00855874
43092, 0.00855891
43093, 0.00855909
43094, 0.00855926
43095, 0.00855944
43096, 0.00855962
43097, 0.00856185
43098, 0.00856204
43099, 0.00856221
43100, 0.00856239
43101, 0.00856256
43102, 0.00856274
43103, 0.00856292
43104, 0.00856309
43105, 0.00856327
43106, 0.00856345
43107, 0.00856365
43108, 0.00856383
43109, 0.00856401
43110, 0.00856419
43111, 0.00856437
43112, 0.00856456
43113, 0.00856473
43114, 0.00856491
43115, 0.00856508
43116, 0.00856526
43117, 0.00856543
43118, 0.00856560
43119, 0.00856577
43120, 0.00856595
43121, 0.00856612
43122, 0.00856629
43123, 0.00856648
43124, 0.00856666
43125, 0.00856683
43126, 0.00856701
43127, 0.00856719
43128, 0.00856736
43129, 0.00856754
43130, 0.00856772
43131, 0.00856789
43132, 0.00856806
43133, 0.00856824
43134, 0.00856841
43135, 0.00856859
43136, 0.00856876
43137, 0.00856893
43138, 0.00856911
43139, 0.00856929
43140, 0.00856947
43141, 0.00856965
43142, 0.00856984
43143, 0.00857002
43144, 0.00857019
43145, 0.00857036
43146, 0.00857053
43147, 0.00857070
43148, 0.00857087
43149, 0.00857104
43150, 0.00857121
43151, 0.00857139
43152, 0.00857156
43153, 0.00857173
43154, 0.00857190
43155, 0.00857207
43156, 0.00857224
43157, 0.00857242
43158, 0.00857259
43159, 0.00857277
43160, 0.00857294
43161, 0.00857311
43162, 0.00857329
43163, 0.00857346
43164, 0.00857364
43165, 0.00857381
43166, 0.00857399
43167, 0.00857416
43168, 0.00857433
43169, 0.00857450
43170, 0.00857468
43171, 0.00857485
43172, 0.00857503
43173, 0.00857520
43174, 0.00857538
43175, 0.00857555
43176, 0.00857572
43177, 0.00857589
43178, 0.00857606
43179, 0.00857623
43180, 0.00857640
43181, 0.00857658
43182, 0.00857675
43183, 0.00857691
43184, 0.00857709
43185, 0.00857726
43186, 0.00857744
43187, 0.00857761
43188, 0.00857779
43189, 0.00857796
43190, 0.00857813
43191, 0.00857831
43192, 0.00857848
43193, 0.00857866
43194, 0.00857883
43195, 0.00857900
43196, 0.00857918
43197, 0.00857935
43198, 0.00857952
43199, 0.00857969
43200, 0.00857986
43201, 0.00858003
43202, 0.00858021
43203, 0.00858038
43204, 0.00858056
43205, 0.00858073
43206, 0.00858089
43207, 0.00858107
43208, 0.00858125
43209, 0.00858142
43210, 0.00858159
43211, 0.00858177
43212, 0.00858195
43213, 0.00858212
43214, 0.00858229
43215, 0.00858246
43216, 0.00858263
43217, 0.00858280
43218, 0.00858298
43219, 0.00858315
43220, 0.00858333
43221, 0.00858350
43222, 0.00858368
43223, 0.00858592
43224, 0.00858612
43225, 0.00858629
43226, 0.00858647
43227, 0.00858665
43228, 0.00858683
43229, 0.00858701
43230, 0.00858718
43231, 0.00858736
43232, 0.00858753
43233, 0.00858772
43234, 0.00858789
43235, 0.00858806
43236, 0.00858824
43237, 0.00858842
43238, 0.00858860
43239, 0.00858877
43240, 0.00858894
43241, 0.00858912
43242, 0.00858929
43243, 0.00858946
43244, 0.00858964
43245, 0.00858981
43246, 0.00858998
43247, 0.00859016
43248, 0.00859033
43249, 0.00859050
43250, 0.00859068
43251, 0.00859085
43252, 0.00859103
43253, 0.00859120
43254, 0.00859137
43255, 0.00859155
43256, 0.00859173
43257, 0.00859191
43258, 0.00859209
43259, 0.00859226
43260, 0.00859244
43261, 0.00859261
43262, 0.00859279
43263, 0.00859297
43264, 0.00859315
43265, 0.00859334
43266, 0.00859352
43267, 0.00859370
43268, 0.00859388
43269, 0.00859406
43270, 0.00859425
43271, 0.00859443
43272, 0.00859461
43273, 0.00859479
43274, 0.00859498
43275, 0.00859516
43276, 0.00859534
43277, 0.00859552
43278, 0.00859570
43279, 0.00859588
43280, 0.00859607
43281, 0.00859625
43282, 0.00859643
43283, 0.00859661
43284, 0.00859679
43285, 0.00859698
43286, 0.00859716
43287, 0.00859734
43288, 0.00859752
43289, 0.00859770
43290, 0.00859795
43291, 0.00859813
43292, 0.00859831
43293, 0.00859850
43294, 0.00859868
43295, 0.00859886
43296, 0.00859904
43297, 0.00859923
43298, 0.00859941
43299, 0.00859960
43300, 0.00859978
43301, 0.00859995
43302, 0.00860013
43303, 0.00860031
43304, 0.00860049
43305, 0.00860066
43306, 0.00860084
43307, 0.00860101
43308, 0.00860119
43309, 0.00860137
43310, 0.00860154
43311, 0.00860172
43312, 0.00860189
43313, 0.00860207
43314, 0.00860224
43315, 0.00860241
43316, 0.00860259
43317, 0.00860276
43318, 0.00860294
43319, 0.00860311
43320, 0.00860328
43321, 0.00860346
43322, 0.00860363
43323, 0.00860380
43324, 0.00860398
43325, 0.00860415
43326, 0.00860433
43327, 0.00860450
43328, 0.00860468
43329, 0.00860485
43330, 0.00860503
43331, 0.00860520
43332, 0.00860538
43333, 0.00860555
43334, 0.00860572
43335, 0.00860590
43336, 0.00860607
43337, 0.00860625
43338, 0.00860642
43339, 0.00860659
43340, 0.00860677
43341, 0.00860694
43342, 0.00860712
43343, 0.00860729
43344, 0.00860747
43345, 0.00860764
43346, 0.00860782
43347, 0.00860799
43348, 0.00860818
43349, 0.00861040
43350, 0.00861061
43351, 0.00861079
43352, 0.00861097
43353, 0.00861115
43354, 0.00861132
43355, 0.00861150
43356, 0.00861168
43357, 0.00861186
43358, 0.00861204
43359, 0.00861222
43360, 0.00861240
43361, 0.00861258
43362, 0.00861275
43363, 0.00861293
43364, 0.00861311
43365, 0.00861328
43366, 0.00861346
43367, 0.00861364
43368, 0.00861381
43369, 0.00861398
43370, 0.00861416
43371, 0.00861434
43372, 0.00861453
43373, 0.00861471
43374, 0.00861489
43375, 0.00861507
43376, 0.00861525
43377, 0.00861543
43378, 0.00861561
43379, 0.00861579
43380, 0.00861597
43381, 0.00861614
43382, 0.00861632
43383, 0.00861649
43384, 0.00861666
43385, 0.00861683
43386, 0.00861700
43387, 0.00861718
43388, 0.00861735
43389, 0.00861752
43390, 0.00861770
43391, 0.00861787
43392, 0.00861804
43393, 0.00861821
43394, 0.00861838
43395, 0.00861856
43396, 0.00861873
43397, 0.00861890
43398, 0.00861908
43399, 0.00861925
43400, 0.00861942
43401, 0.00861959
43402, 0.00861976
43403, 0.00861994
43404, 0.00862011
43405, 0.00862028
43406, 0.00862046
43407, 0.00862063
43408, 0.00862080
43409, 0.00862097
43410, 0.00862115
43411, 0.00862132
43412, 0.00862150
43413, 0.00862168
43414, 0.00862186
43415, 0.00862205
43416, 0.00862223
43417, 0.00862241
43418, 0.00862259
43419, 0.00862276
43420, 0.00862293
43421, 0.00862312
43422, 0.00862329
43423, 0.00862346
43424, 0.00862364
43425, 0.00862381
43426, 0.00862398
43427, 0.00862415
43428, 0.00862432
43429, 0.00862449
43430, 0.00862467
43431, 0.00862484
43432, 0.00862501
43433, 0.00862518
43434, 0.00862536
43435, 0.00862553
43436, 0.00862569
43437, 0.00862586
43438, 0.00862603
43439, 0.00862620
43440, 0.00862637
43441, 0.00862655
43442, 0.00862672
43443, 0.00862689
43444, 0.00862706
43445, 0.00862723
43446, 0.00862740
43447, 0.00862757
43448, 0.00862774
43449, 0.00862791
43450, 0.00862808
43451, 0.00862825
43452, 0.00862842
43453, 0.00862859
43454, 0.00862876
43455, 0.00862893
43456, 0.00862910
43457, 0.00862928
43458, 0.00862944
43459, 0.00862963
43460, 0.00862981
43461, 0.00862999
43462, 0.00863017
43463, 0.00863035
43464, 0.00863053
43465, 0.00863070
43466, 0.00863087
43467, 0.00863104
43468, 0.00863121
43469, 0.00863139
43470, 0.00863156
43471, 0.00863173
43472, 0.00863190
43473, 0.00863207
43474, 0.00863225
43475, 0.00863439
43476, 0.00863459
43477, 0.00863477
43478, 0.00863495
43479, 0.00863512
43480, 0.00863530
43481, 0.00863548
43482, 0.00863566
43483, 0.00863583
43484, 0.00863601
43485, 0.00863619
43486, 0.00863636
43487, 0.00863653
43488, 0.00863671
43489, 0.00863688
43490, 0.00863706
43491, 0.00863723
43492, 0.00863741
43493, 0.00863758
43494, 0.00863776
43495, 0.00863794
43496, 0.00863811
43497, 0.00863829
43498, 0.00863846
43499, 0.00863864
43500, 0.00863882
43501, 0.00863899
43502, 0.00863917
43503, 0.00863934
43504, 0.00863952
43505, 0.00863970
43506, 0.00863987
43507, 0.00864004
43508, 0.00864022
43509, 0.00864039
43510, 0.00864056
43511, 0.00864074
43512, 0.00864091
43513, 0.00864108
43514, 0.00864126
43515, 0.00864143
43516, 0.00864161
43517, 0.00864182
43518, 0.00864200
43519, 0.00864218
43520, 0.00864236
43521, 0.00864253
43522, 0.00864271
43523, 0.00864288
43524, 0.00864306
43525, 0.00864324
43526, 0.00864341
43527, 0.00864389
43528, 0.00864406
43529, 0.00864424
43530, 0.00864441
43531, 0.00864459
43532, 0.00864476
43533, 0.00864494
43534, 0.00864511
43535, 0.00864535
43536, 0.00864553
43537, 0.00864570
43538, 0.00864587
43539, 0.00864604
43540, 0.00864622
43541, 0.00864639
43542, 0.00864656
43543, 0.00864681
43544, 0.00864698
43545, 0.00864715
43546, 0.00864736
43547, 0.00864753
43548, 0.00864771
43549, 0.00864789
43550, 0.00864806
43551, 0.00864830
43552, 0.00864848
43553, 0.00864865
43554, 0.00864883
43555, 0.00864901
43556, 0.00864919
43557, 0.00864936
43558, 0.00864954
43559, 0.00864980
43560, 0.00864997
43561, 0.00865015
43562, 0.00865032
43563, 0.00865050
43564, 0.00865068
43565, 0.00865085
43566, 0.00865103
43567, 0.00865128
43568, 0.00865145
43569, 0.00865163
43570, 0.00865180
43571, 0.00865198
43572, 0.00865215
43573, 0.00865233
43574, 0.00865251
43575, 0.00865277
43576, 0.00865295
43577, 0.00865313
43578, 0.00865330
43579, 0.00865348
43580, 0.00865365
43581, 0.00865383
43582, 0.00865400
43583, 0.00865424
43584, 0.00865442
43585, 0.00865460
43586, 0.00865477
43587, 0.00865495
43588, 0.00865512
43589, 0.00865530
43590, 0.00865547
43591, 0.00865565
43592, 0.00865582
43593, 0.00865600
43594, 0.00865618
43595, 0.00865635
43596, 0.00865653
43597, 0.00865670
43598, 0.00865687
43599, 0.00865705
43600, 0.00865723
43601, 0.00865944
43602, 0.00865965
43603, 0.00865982
43604, 0.00866000
43605, 0.00866017
43606, 0.00866035
43607, 0.00866052
43608, 0.00866070
43609, 0.00866087
43610, 0.00866105
43611, 0.00866122
43612, 0.00866139
43613, 0.00866156
43614, 0.00866173
43615, 0.00866190
43616, 0.00866207
43617, 0.00866224
43618, 0.00866241
43619, 0.00866258
43620, 0.00866275
43621, 0.00866292
43622, 0.00866310
43623, 0.00866327
43624, 0.00866344
43625, 0.00866361
43626, 0.00866378
43627, 0.00866395
43628, 0.00866412
43629, 0.00866429
43630, 0.00866446
43631, 0.00866463
43632, 0.00866480
43633, 0.00866497
43634, 0.00866514
43635, 0.00866531
43636, 0.00866549
43637, 0.00866566
43638, 0.00866584
43639, 0.00866601
43640, 0.00866618
43641, 0.00866635
43642, 0.00866652
43643, 0.00866670
43644, 0.00866687
43645, 0.00866705
43646, 0.00866722
43647, 0.00866740
43648, 0.00866757
43649, 0.00866774
43650, 0.00866791
43651, 0.00866808
43652, 0.00866825
43653, 0.00866842
43654, 0.00866860
43655, 0.00866877
43656, 0.00866895
43657, 0.00866912
43658, 0.00866929
43659, 0.00866947
43660, 0.00866964
43661, 0.00866981
43662, 0.00866999
43663, 0.00867016
43664, 0.00867034
43665, 0.00867051
43666, 0.00867069
43667, 0.00867086
43668, 0.00867103
43669, 0.00867120
43670, 0.00867138
43671, 0.00867155
43672, 0.00867172
43673, 0.00867189
43674, 0.00867206
43675, 0.00867224
43676, 0.00867241
43677, 0.00867258
43678, 0.00867275
43679, 0.00867292
43680, 0.00867309
43681, 0.00867326
43682, 0.00867343
43683, 0.00867360
43684, 0.00867377
43685, 0.00867394
43686, 0.00867412
43687, 0.00867429
43688, 0.00867446
43689, 0.00867463
43690, 0.00867481
43691, 0.00867498
43692, 0.00867515
43693, 0.00867533
43694, 0.00867550
43695, 0.00867568
43696, 0.00867585
43697, 0.00867602
43698, 0.00867619
43699, 0.00867637
43700, 0.00867654
43701, 0.00867671
43702, 0.00867689
43703, 0.00867706
43704, 0.00867724
43705, 0.00867742
43706, 0.00867759
43707, 0.00867776
43708, 0.00867794
43709, 0.00867812
43710, 0.00867830
43711, 0.00867847
43712, 0.00867864
43713, 0.00867881
43714, 0.00867898
43715, 0.00867916
43716, 0.00867933
43717, 0.00867950
43718, 0.00867967
43719, 0.00867985
43720, 0.00868002
43721, 0.00868019
43722, 0.00868037
43723, 0.00868055
43724, 0.00868073
43725, 0.00868090
43726, 0.00868109
43727, 0.00868330
43728, 0.00868348
43729, 0.00868365
43730, 0.00868383
43731, 0.00868400
43732, 0.00868417
43733, 0.00868434
43734, 0.00868452
43735, 0.00868469
43736, 0.00868487
43737, 0.00868504
43738, 0.00868523
43739, 0.00868540
43740, 0.00868558
43741, 0.00868575
43742, 0.00868593
43743, 0.00868610
43744, 0.00868628
43745, 0.00868645
43746, 0.00868662
43747, 0.00868680
43748, 0.00868697
43749, 0.00868715
43750, 0.00868732
43751, 0.00868750
43752, 0.00868767
43753, 0.00868785
43754, 0.00868802
43755, 0.00868820
43756, 0.00868837
43757, 0.00868855
43758, 0.00868872
43759, 0.00868890
43760, 0.00868907
43761, 0.00868925
43762, 0.00868943
43763, 0.00868960
43764, 0.00868978
43765, 0.00868995
43766, 0.00869013
43767, 0.00869031
43768, 0.00869048
43769, 0.00869065
43770, 0.00869083
43771, 0.00869100
43772, 0.00869118
43773, 0.00869135
43774, 0.00869153
43775, 0.00869170
43776, 0.00869188
43777, 0.00869205
43778, 0.00869222
43779, 0.00869240
43780, 0.00869257
43781, 0.00869274
43782, 0.00869291
43783, 0.00869309
43784, 0.00869326
43785, 0.00869344
43786, 0.00869362
43787, 0.00869379
43788, 0.00869397
43789, 0.00869414
43790, 0.00869432
43791, 0.00869450
43792, 0.00869467
43793, 0.00869485
43794, 0.00869502
43795, 0.00869520
43796, 0.00869537
43797, 0.00869555
43798, 0.00869572
43799, 0.00869590
43800, 0.00869607
43801, 0.00869625
43802, 0.00869642
43803, 0.00869659
43804, 0.00869677
43805, 0.00869695
43806, 0.00869712
43807, 0.00869730
43808, 0.00869747
43809, 0.00869765
43810, 0.00869782
43811, 0.00869800
43812, 0.00869817
43813, 0.00869835
43814, 0.00869852
43815, 0.00869870
43816, 0.00869887
43817, 0.00869904
43818, 0.00869922
43819, 0.00869939
43820, 0.00869957
43821, 0.00869974
43822, 0.00869992
43823, 0.00870009
43824, 0.00870027
43825, 0.00870044
43826, 0.00870061
43827, 0.00870079
43828, 0.00870096
43829, 0.00870114
43830, 0.00870131
43831, 0.00870149
43832, 0.00870167
43833, 0.00870185
43834, 0.00870203
43835, 0.00870222
43836, 0.00870240
43837, 0.00870258
43838, 0.00870282
43839, 0.00870300
43840, 0.00870318
43841, 0.00870336
43842, 0.00870355
43843, 0.00870373
43844, 0.00870391
43845, 0.00870409
43846, 0.00870428
43847, 0.00870446
43848, 0.00870464
43849, 0.00870482
43850, 0.00870499
43851, 0.00870516
43852, 0.00870535
43853, 0.00870778
43854, 0.00870799
43855, 0.00870818
43856, 0.00870836
43857, 0.00870854
43858, 0.00870872
43859, 0.00870891
43860, 0.00870909
43861, 0.00870927
43862, 0.00870946
43863, 0.00870964
43864, 0.00870983
43865, 0.00871001
43866, 0.00871019
43867, 0.00871038
43868, 0.00871056
43869, 0.00871075
43870, 0.00871093
43871, 0.00871111
43872, 0.00871130
43873, 0.00871148
43874, 0.00871166
43875, 0.00871184
43876, 0.00871202
43877, 0.00871220
43878, 0.00871238
43879, 0.00871257
43880, 0.00871275
43881, 0.00871293
43882, 0.00871311
43883, 0.00871329
43884, 0.00871346
43885, 0.00871364
43886, 0.00871381
43887, 0.00871399
43888, 0.00871417
43889, 0.00871435
43890, 0.00871452
43891, 0.00871469
43892, 0.00871487
43893, 0.00871504
43894, 0.00871521
43895, 0.00871539
43896, 0.00871556
43897, 0.00871574
43898, 0.00871591
43899, 0.00871609
43900, 0.00871626
43901, 0.00871643
43902, 0.00871661
43903, 0.00871678
43904, 0.00871696
43905, 0.00871714
43906, 0.00871731
43907, 0.00871749
43908, 0.00871767
43909, 0.00871784
43910, 0.00871802
43911, 0.00871819
43912, 0.00871837
43913, 0.00871854
43914, 0.00871871
43915, 0.00871889
43916, 0.00871906
43917, 0.00871924
43918, 0.00871941
43919, 0.00871959
43920, 0.00871977
43921, 0.00871994
43922, 0.00872011
43923, 0.00872028
43924, 0.00872046
43925, 0.00872064
43926, 0.00872081
43927, 0.00872099
43928, 0.00872116
43929, 0.00872134
43930, 0.00872151
43931, 0.00872169
43932, 0.00872186
43933, 0.00872203
43934, 0.00872221
43935, 0.00872238
43936, 0.00872255
43937, 0.00872273
43938, 0.00872290
43939, 0.00872308
43940, 0.00872325
43941, 0.00872343
43942, 0.00872360
43943, 0.00872378
43944, 0.00872395
43945, 0.00872413
43946, 0.00872430
43947, 0.00872448
43948, 0.00872465
43949, 0.00872482
43950, 0.00872500
43951, 0.00872517
43952, 0.00872535
43953, 0.00872552
43954, 0.00872569
43955, 0.00872587
43956, 0.00872604
43957, 0.00872622
43958, 0.00872639
43959, 0.00872657
43960, 0.00872674
43961, 0.00872691
43962, 0.00872709
43963, 0.00872726
43964, 0.00872743
43965, 0.00872760
43966, 0.00872777
43967, 0.00872795
43968, 0.00872812
43969, 0.00872829
43970, 0.00872846
43971, 0.00872863
43972, 0.00872880
43973, 0.00872898
43974, 0.00872915
43975, 0.00872933
43976, 0.00872951
43977, 0.00872968
43978, 0.00872986
43979, 0.00873211
43980, 0.00873232
43981, 0.00873250
43982, 0.00873268
43983, 0.00873286
43984, 0.00873305
43985, 0.00873323
43986, 0.00873341
43987, 0.00873360
43988, 0.00873378
43989, 0.00873396
43990, 0.00873414
43991, 0.00873432
43992, 0.00873451
43993, 0.00873469
43994, 0.00873487
43995, 0.00873506
43996, 0.00873524
43997, 0.00873542
43998, 0.00873560
43999, 0.00873579
44000, 0.00873597
44001, 0.00873615
44002, 0.00873633
44003, 0.00873652
44004, 0.00873670
44005, 0.00873688
44006, 0.00873707
44007, 0.00873725
44008, 0.00873743
44009, 0.00873761
44010, 0.00873780
44011, 0.00873798
44012, 0.00873816
44013, 0.00873834
44014, 0.00873853
44015, 0.00873871
44016, 0.00873889
44017, 0.00873908
44018, 0.00873926
44019, 0.00873944
44020, 0.00873963
44021, 0.00873981
44022, 0.00873999
44023, 0.00874017
44024, 0.00874035
44025, 0.00874053
44026, 0.00874071
44027, 0.00874090
44028, 0.00874108
44029, 0.00874126
44030, 0.00874144
44031, 0.00874162
44032, 0.00874181
44033, 0.00874199
44034, 0.00874217
44035, 0.00874235
44036, 0.00874253
44037, 0.00874271
44038, 0.00874290
44039, 0.00874316
44040, 0.00874334
44041, 0.00874353
44042, 0.00874371
44043, 0.00874389
44044, 0.00874408
44045, 0.00874426
44046, 0.00874444
44047, 0.00874469
44048, 0.00874488
44049, 0.00874506
44050, 0.00874524
44051, 0.00874543
44052, 0.00874561
44053, 0.00874579
44054, 0.00874598
44055, 0.00874638
44056, 0.00874656
44057, 0.00874674
44058, 0.00874693
44059, 0.00874711
44060, 0.00874729
44061, 0.00874747
44062, 0.00874765
44063, 0.00874791
44064, 0.00874809
44065, 0.00874827
44066, 0.00874846
44067, 0.00874864
44068, 0.00874882
44069, 0.00874901
44070, 0.00874919
44071, 0.00874945
44072, 0.00874963
44073, 0.00874981
44074, 0.00874999
44075, 0.00875017
44076, 0.00875035
44077, 0.00875054
44078, 0.00875072
44079, 0.00875099
44080, 0.00875117
44081, 0.00875136
44082, 0.00875154
44083, 0.00875172
44084, 0.00875190
44085, 0.00875209
44086, 0.00875227
44087, 0.00875252
44088, 0.00875270
44089, 0.00875288
44090, 0.00875307
44091, 0.00875325
44092, 0.00875343
44093, 0.00875361
44094, 0.00875380
44095, 0.00875404
44096, 0.00875423
44097, 0.00875441
44098, 0.00875459
44099, 0.00875477
44100, 0.00875495
44101, 0.00875513
44102, 0.00875531
44103, 0.00875550
44104, 0.00875569
44105, 0.00875789
44106, 0.00875809
44107, 0.00875828
44108, 0.00875846
44109, 0.00875864
44110, 0.00875882
44111, 0.00875900
44112, 0.00875918
44113, 0.00875936
44114, 0.00875955
44115, 0.00875972
44116, 0.00875990
44117, 0.00876008
44118, 0.00876027
44119, 0.00876044
44120, 0.00876061
44121, 0.00876079
44122, 0.00876096
44123, 0.00876113
44124, 0.00876130
44125, 0.00876147
44126, 0.00876165
44127, 0.00876182
44128, 0.00876199
44129, 0.00876217
44130, 0.00876234
44131, 0.00876252
44132, 0.00876269
44133, 0.00876287
44134, 0.00876304
44135, 0.00876321
44136, 0.00876339
44137, 0.00876356
44138, 0.00876374
44139, 0.00876391
44140, 0.00876408
44141, 0.00876425
44142, 0.00876443
44143, 0.00876460
44144, 0.00876477
44145, 0.00876494
44146, 0.00876512
44147, 0.00876529
44148, 0.00876546
44149, 0.00876563
44150, 0.00876580
44151, 0.00876598
44152, 0.00876615
44153, 0.00876633
44154, 0.00876650
44155, 0.00876667
44156, 0.00876684
44157, 0.00876701
44158, 0.00876719
44159, 0.00876736
44160, 0.00876753
44161, 0.00876770
44162, 0.00876788
44163, 0.00876805
44164, 0.00876822
44165, 0.00876839
44166, 0.00876857
44167, 0.00876874
44168, 0.00876892
44169, 0.00876909
44170, 0.00876926
44171, 0.00876943
44172, 0.00876960
44173, 0.00876977
44174, 0.00876995
44175, 0.00877012
44176, 0.00877030
44177, 0.00877047
44178, 0.00877064
44179, 0.00877081
44180, 0.00877098
44181, 0.00877115
44182, 0.00877132
44183, 0.00877150
44184, 0.00877167
44185, 0.00877184
44186, 0.00877201
44187, 0.00877218
44188, 0.00877235
44189, 0.00877252
44190, 0.00877269
44191, 0.00877286
44192, 0.00877303
44193, 0.00877320
44194, 0.00877337
44195, 0.00877354
44196, 0.00877372
44197, 0.00877388
44198, 0.00877406
44199, 0.00877423
44200, 0.00877440
44201, 0.00877457
44202, 0.00877475
44203, 0.00877492
44204, 0.00877509
44205, 0.00877526
44206, 0.00877543
44207, 0.00877561
44208, 0.00877578
44209, 0.00877595
44210, 0.00877613
44211, 0.00877630
44212, 0.00877647
44213, 0.00877664
44214, 0.00877681
44215, 0.00877699
44216, 0.00877716
44217, 0.00877734
44218, 0.00877751
44219, 0.00877769
44220, 0.00877786
44221, 0.00877804
44222, 0.00877821
44223, 0.00877838
44224, 0.00877855
44225, 0.00877873
44226, 0.00877890
44227, 0.00877907
44228, 0.00877924
44229, 0.00877942
44230, 0.00877960
44231, 0.00878214
44232, 0.00878234
44233, 0.00878252
44234, 0.00878269
44235, 0.00878287
44236, 0.00878305
44237, 0.00878322
44238, 0.00878340
44239, 0.00878358
44240, 0.00878376
44241, 0.00878394
44242, 0.00878412
44243, 0.00878429
44244, 0.00878447
44245, 0.00878464
44246, 0.00878482
44247, 0.00878500
44248, 0.00878518
44249, 0.00878535
44250, 0.00878552
44251, 0.00878569
44252, 0.00878586
44253, 0.00878603
44254, 0.00878620
44255, 0.00878637
44256, 0.00878655
44257, 0.00878672
44258, 0.00878690
44259, 0.00878707
44260, 0.00878724
44261, 0.00878741
44262, 0.00878758
44263, 0.00878775
44264, 0.00878793
44265, 0.00878810
44266, 0.00878827
44267, 0.00878845
44268, 0.00878862
44269, 0.00878879
44270, 0.00878896
44271, 0.00878913
44272, 0.00878931
44273, 0.00878948
44274, 0.00878965
44275, 0.00878983
44276, 0.00879000
44277, 0.00879017
44278, 0.00879034
44279, 0.00879052
44280, 0.00879069
44281, 0.00879086
44282, 0.00879103
44283, 0.00879120
44284, 0.00879137
44285, 0.00879155
44286, 0.00879172
44287, 0.00879189
44288, 0.00879206
44289, 0.00879223
44290, 0.00879240
44291, 0.00879257
44292, 0.00879274
44293, 0.00879291
44294, 0.00879308
44295, 0.00879325
44296, 0.00879342
44297, 0.00879359
44298, 0.00879376
44299, 0.00879394
44300, 0.00879411
44301, 0.00879429
44302, 0.00879446
44303, 0.00879463
44304, 0.00879480
44305, 0.00879497
44306, 0.00879514
44307, 0.00879533
44308, 0.00879551
44309, 0.00879568
44310, 0.00879585
44311, 0.00879602
44312, 0.00879619
44313, 0.00879637
44314, 0.00879654
44315, 0.00879671
44316, 0.00879688
44317, 0.00879705
44318, 0.00879722
44319, 0.00879739
44320, 0.00879756
44321, 0.00879773
44322, 0.00879790
44323, 0.00879807
44324, 0.00879824
44325, 0.00879841
44326, 0.00879858
44327, 0.00879875
44328, 0.00879892
44329, 0.00879909
44330, 0.00879926
44331, 0.00879943
44332, 0.00879960
44333, 0.00879976
44334, 0.00879993
44335, 0.00880010
44336, 0.00880027
44337, 0.00880044
44338, 0.00880061
44339, 0.00880079
44340, 0.00880096
44341, 0.00880113
44342, 0.00880131
44343, 0.00880148
44344, 0.00880165
44345, 0.00880182
44346, 0.00880199
44347, 0.00880215
44348, 0.00880232
44349, 0.00880249
44350, 0.00880266
44351, 0.00880283
44352, 0.00880300
44353, 0.00880317
44354, 0.00880334
44355, 0.00880351
44356, 0.00880369
44357, 0.00880943
44358, 0.00880964
44359, 0.00880982
44360, 0.00881000
44361, 0.00881017
44362, 0.00881035
44363, 0.00881053
44364, 0.00881071
44365, 0.00881089
44366, 0.00881106
44367, 0.00881124
44368, 0.00881142
44369, 0.00881160
44370, 0.00881177
44371, 0.00881194
44372, 0.00881211
44373, 0.00881228
44374, 0.00881245
44375, 0.00881262
44376, 0.00881280
44377, 0.00881297
44378, 0.00881314
44379, 0.00881331
44380, 0.00881349
44381, 0.00881366
44382, 0.00881383
44383, 0.00881400
44384, 0.00881417
44385, 0.00881434
44386, 0.00881451
44387, 0.00881469
44388, 0.00881486
44389, 0.00881503
44390, 0.00881520
44391, 0.00881538
44392, 0.00881555
44393, 0.00881572
44394, 0.00881589
44395, 0.00881607
44396, 0.00881625
44397, 0.00881642
44398, 0.00881659
44399, 0.00881676
44400, 0.00881693
44401, 0.00881713
44402, 0.00881730
44403, 0.00881748
44404, 0.00881765
44405, 0.00881782
44406, 0.00881800
44407, 0.00881817
44408, 0.00881834
44409, 0.00881851
44410, 0.00881868
44411, 0.00881885
44412, 0.00881903
44413, 0.00881920
44414, 0.00881937
44415, 0.00881954
44416, 0.00881971
44417, 0.00881988
44418, 0.00882005
44419, 0.00882022
44420, 0.00882039
44421, 0.00882057
44422, 0.00882074
44423, 0.00882092
44424, 0.00882109
44425, 0.00882126
44426, 0.00882143
44427, 0.00882160
44428, 0.00882178
44429, 0.00882196
44430, 0.00882213
44431, 0.00882230
44432, 0.00882247
44433, 0.00882265
44434, 0.00882282
44435, 0.00882299
44436, 0.00882316
44437, 0.00882334
44438, 0.00882351
44439, 0.00882368
44440, 0.00882385
44441, 0.00882402
44442, 0.00882420
44443, 0.00882438
44444, 0.00882455
44445, 0.00882472
44446, 0.00882490
44447, 0.00882507
44448, 0.00882524
44449, 0.00882542
44450, 0.00882559
44451, 0.00882576
44452, 0.00882593
44453, 0.00882611
44454, 0.00882628
44455, 0.00882645
44456, 0.00882662
44457, 0.00882679
44458, 0.00882697
44459, 0.00882714
44460, 0.00882731
44461, 0.00882748
44462, 0.00882765
44463, 0.00882782
44464, 0.00882799
44465, 0.00882816
44466, 0.00882834
44467, 0.00882851
44468, 0.00882868
44469, 0.00882885
44470, 0.00882902
44471, 0.00882920
44472, 0.00882937
44473, 0.00882954
44474, 0.00882971
44475, 0.00882989
44476, 0.00883006
44477, 0.00883023
44478, 0.00883040
44479, 0.00883058
44480, 0.00883075
44481, 0.00883092
44482, 0.00883111
44483, 0.00883333
44484, 0.00883353
44485, 0.00883371
44486, 0.00883388
44487, 0.00883406
44488, 0.00883424
44489, 0.00883441
44490, 0.00883459
44491, 0.00883476
44492, 0.00883494
44493, 0.00883512
44494, 0.00883529
44495, 0.00883547
44496, 0.00883564
44497, 0.00883582
44498, 0.00883600
44499, 0.00883617
44500, 0.00883635
44501, 0.00883653
44502, 0.00883671
44503, 0.00883688
44504, 0.00883706
44505, 0.00883723
44506, 0.00883740
44507, 0.00883758
44508, 0.00883776
44509, 0.00883793
44510, 0.00883811
44511, 0.00883828
44512, 0.00883846
44513, 0.00883863
44514, 0.00883880
44515, 0.00883897
44516, 0.00883915
44517, 0.00883932
44518, 0.00883949
44519, 0.00883966
44520, 0.00883984
44521, 0.00884001
44522, 0.00884018
44523, 0.00884036
44524, 0.00884053
44525, 0.00884070
44526, 0.00884088
44527, 0.00884108
44528, 0.00884126
44529, 0.00884143
44530, 0.00884160
44531, 0.00884178
44532, 0.00884195
44533, 0.00884213
44534, 0.00884230
44535, 0.00884248
44536, 0.00884265
44537, 0.00884282
44538, 0.00884300
44539, 0.00884317
44540, 0.00884335
44541, 0.00884352
44542, 0.00884370
44543, 0.00884388
44544, 0.00884405
44545, 0.00884422
44546, 0.00884439
44547, 0.00884457
44548, 0.00884474
44549, 0.00884492
44550, 0.00884509
44551, 0.00884526
44552, 0.00884544
44553, 0.00884561
44554, 0.00884578
44555, 0.00884596
44556, 0.00884614
44557, 0.00884631
44558, 0.00884648
44559, 0.00884666
44560, 0.00884682
44561, 0.00884700
44562, 0.00884717
44563, 0.00884734
44564, 0.00884752
44565, 0.00884769
44566, 0.00884786
44567, 0.00884803
44568, 0.00884820
44569, 0.00884837
44570, 0.00884854
44571, 0.00884872
44572, 0.00884888
44573, 0.00884906
44574, 0.00884923
44575, 0.00884940
44576, 0.00884958
44577, 0.00884975
44578, 0.00884992
44579, 0.00885009
44580, 0.00885026
44581, 0.00885044
44582, 0.00885061
44583, 0.00885078
44584, 0.00885095
44585, 0.00885112
44586, 0.00885129
44587, 0.00885147
44588, 0.00885164
44589, 0.00885181
44590, 0.00885198
44591, 0.00885216
44592, 0.00885233
44593, 0.00885250
44594, 0.00885267
44595, 0.00885284
44596, 0.00885301
44597, 0.00885318
44598, 0.00885335
44599, 0.00885352
44600, 0.00885369
44601, 0.00885386
44602, 0.00885403
44603, 0.00885420
44604, 0.00885437
44605, 0.00885454
44606, 0.00885472
44607, 0.00885489
44608, 0.00885508
44609, 0.00885732
44610, 0.00885752
44611, 0.00885770
44612, 0.00885788
44613, 0.00885806
44614, 0.00885823
44615, 0.00885841
44616, 0.00885858
44617, 0.00885876
44618, 0.00885893
44619, 0.00885914
44620, 0.00885932
44621, 0.00885950
44622, 0.00885968
44623, 0.00885985
44624, 0.00886003
44625, 0.00886021
44626, 0.00886039
44627, 0.00886056
44628, 0.00886074
44629, 0.00886091
44630, 0.00886109
44631, 0.00886126
44632, 0.00886144
44633, 0.00886161
44634, 0.00886178
44635, 0.00886196
44636, 0.00886214
44637, 0.00886232
44638, 0.00886249
44639, 0.00886267
44640, 0.00886285
44641, 0.00886302
44642, 0.00886320
44643, 0.00886338
44644, 0.00886355
44645, 0.00886373
44646, 0.00886391
44647, 0.00886408
44648, 0.00886425
44649, 0.00886443
44650, 0.00886460
44651, 0.00886478
44652, 0.00886495
44653, 0.00886512
44654, 0.00886530
44655, 0.00886547
44656, 0.00886565
44657, 0.00886582
44658, 0.00886599
44659, 0.00886616
44660, 0.00886633
44661, 0.00886651
44662, 0.00886668
44663, 0.00886685
44664, 0.00886703
44665, 0.00886720
44666, 0.00886738
44667, 0.00886755
44668, 0.00886772
44669, 0.00886789
44670, 0.00886806
44671, 0.00886824
44672, 0.00886841
44673, 0.00886858
44674, 0.00886875
44675, 0.00886893
44676, 0.00886910
44677, 0.00886927
44678, 0.00886944
44679, 0.00886961
44680, 0.00886978
44681, 0.00886996
44682, 0.00887013
44683, 0.00887030
44684, 0.00887048
44685, 0.00887065
44686, 0.00887083
44687, 0.00887100
44688, 0.00887117
44689, 0.00887134
44690, 0.00887151
44691, 0.00887168
44692, 0.00887185
44693, 0.00887203
44694, 0.00887220
44695, 0.00887237
44696, 0.00887255
44697, 0.00887272
44698, 0.00887289
44699, 0.00887307
44700, 0.00887324
44701, 0.00887341
44702, 0.00887359
44703, 0.00887376
44704, 0.00887393
44705, 0.00887411
44706, 0.00887428
44707, 0.00887446
44708, 0.00887463
44709, 0.00887481
44710, 0.00887499
44711, 0.00887516
44712, 0.00887533
44713, 0.00887550
44714, 0.00887568
44715, 0.00887585
44716, 0.00887602
44717, 0.00887619
44718, 0.00887636
44719, 0.00887654
44720, 0.00887671
44721, 0.00887688
44722, 0.00887705
44723, 0.00887723
44724, 0.00887740
44725, 0.00887757
44726, 0.00887775
44727, 0.00887793
44728, 0.00887810
44729, 0.00887827
44730, 0.00887845
44731, 0.00887862
44732, 0.00887879
44733, 0.00887896
44734, 0.00887915
44735, 0.00888341
44736, 0.00888362
44737, 0.00888380
44738, 0.00888398
44739, 0.00888416
44740, 0.00888434
44741, 0.00888452
44742, 0.00888470
44743, 0.00888487
44744, 0.00888505
44745, 0.00888524
44746, 0.00888542
44747, 0.00888560
44748, 0.00888578
44749, 0.00888597
44750, 0.00888615
44751, 0.00888633
44752, 0.00888651
44753, 0.00888668
44754, 0.00888686
44755, 0.00888704
44756, 0.00888721
44757, 0.00888739
44758, 0.00888757
44759, 0.00888774
44760, 0.00888791
44761, 0.00888809
44762, 0.00888826
44763, 0.00888844
44764, 0.00888861
44765, 0.00888879
44766, 0.00888896
44767, 0.00888914
44768, 0.00888931
44769, 0.00888948
44770, 0.00888966
44771, 0.00888983
44772, 0.00889001
44773, 0.00889018
44774, 0.00889036
44775, 0.00889053
44776, 0.00889070
44777, 0.00889088
44778, 0.00889105
44779, 0.00889123
44780, 0.00889140
44781, 0.00889158
44782, 0.00889175
44783, 0.00889193
44784, 0.00889210
44785, 0.00889227
44786, 0.00889245
44787, 0.00889262
44788, 0.00889280
44789, 0.00889297
44790, 0.00889315
44791, 0.00889332
44792, 0.00889350
44793, 0.00889368
44794, 0.00889385
44795, 0.00889402
44796, 0.00889420
44797, 0.00889437
44798, 0.00889455
44799, 0.00889472
44800, 0.00889489
44801, 0.00889506
44802, 0.00889524
44803, 0.00889541
44804, 0.00889559
44805, 0.00889576
44806, 0.00889594
44807, 0.00889611
44808, 0.00889629
44809, 0.00889646
44810, 0.00889664
44811, 0.00889681
44812, 0.00889698
44813, 0.00889716
44814, 0.00889733
44815, 0.00889750
44816, 0.00889768
44817, 0.00889786
44818, 0.00889804
44819, 0.00889821
44820, 0.00889838
44821, 0.00889855
44822, 0.00889873
44823, 0.00889890
44824, 0.00889908
44825, 0.00889926
44826, 0.00889943
44827, 0.00889960
44828, 0.00889978
44829, 0.00889995
44830, 0.00890012
44831, 0.00890030
44832, 0.00890047
44833, 0.00890065
44834, 0.00890082
44835, 0.00890100
44836, 0.00890117
44837, 0.00890135
44838, 0.00890152
44839, 0.00890170
44840, 0.00890187
44841, 0.00890204
44842, 0.00890222
44843, 0.00890239
44844, 0.00890257
44845, 0.00890275
44846, 0.00890292
44847, 0.00890310
44848, 0.00890327
44849, 0.00890344
44850, 0.00890362
44851, 0.00890379
44852, 0.00890397
44853, 0.00890414
44854, 0.00890432
44855, 0.00890450
44856, 0.00890467
44857, 0.00890485
44858, 0.00890502
44859, 0.00890520
44860, 0.00890539
44861, 0.00890764
44862, 0.00890784
44863, 0.00890802
44864, 0.00890820
44865, 0.00890838
44866, 0.00890855
44867, 0.00890873
44868, 0.00890890
44869, 0.00890908
44870, 0.00890925
44871, 0.00890943
44872, 0.00890960
44873, 0.00890978
44874, 0.00890996
44875, 0.00891013
44876, 0.00891031
44877, 0.00891048
44878, 0.00891066
44879, 0.00891083
44880, 0.00891101
44881, 0.00891118
44882, 0.00891136
44883, 0.00891153
44884, 0.00891170
44885, 0.00891188
44886, 0.00891205
44887, 0.00891223
44888, 0.00891240
44889, 0.00891258
44890, 0.00891275
44891, 0.00891292
44892, 0.00891309
44893, 0.00891327
44894, 0.00891344
44895, 0.00891361
44896, 0.00891378
44897, 0.00891396
44898, 0.00891414
44899, 0.00891432
44900, 0.00891448
44901, 0.00891466
44902, 0.00891483
44903, 0.00891500
44904, 0.00891517
44905, 0.00891534
44906, 0.00891551
44907, 0.00891568
44908, 0.00891585
44909, 0.00891602
44910, 0.00891619
44911, 0.00891636
44912, 0.00891653
44913, 0.00891671
44914, 0.00891688
44915, 0.00891705
44916, 0.00891722
44917, 0.00891739
44918, 0.00891756
44919, 0.00891773
44920, 0.00891790
44921, 0.00891807
44922, 0.00891824
44923, 0.00891841
44924, 0.00891858
44925, 0.00891875
44926, 0.00891892
44927, 0.00891909
44928, 0.00891926
44929, 0.00891943
44930, 0.00891960
44931, 0.00891977
44932, 0.00891994
44933, 0.00892011
44934, 0.00892028
44935, 0.00892045
44936, 0.00892062
44937, 0.00892079
44938, 0.00892097
44939, 0.00892114
44940, 0.00892131
44941, 0.00892148
44942, 0.00892165
44943, 0.00892182
44944, 0.00892199
44945, 0.00892216
44946, 0.00892233
44947, 0.00892250
44948, 0.00892267
44949, 0.00892285
44950, 0.00892302
44951, 0.00892320
44952, 0.00892337
44953, 0.00892354
44954, 0.00892371
44955, 0.00892388
44956, 0.00892406
44957, 0.00892423
44958, 0.00892440
44959, 0.00892457
44960, 0.00892474
44961, 0.00892491
44962, 0.00892508
44963, 0.00892525
44964, 0.00892542
44965, 0.00892559
44966, 0.00892576
44967, 0.00892593
44968, 0.00892610
44969, 0.00892627
44970, 0.00892644
44971, 0.00892661
44972, 0.00892678
44973, 0.00892695
44974, 0.00892713
44975, 0.00892730
44976, 0.00892746
44977, 0.00892763
44978, 0.00892781
44979, 0.00892797
44980, 0.00892814
44981, 0.00892831
44982, 0.00892849
44983, 0.00892866
44984, 0.00892883
44985, 0.00892900
44986, 0.00892919
44987, 0.00893142
44988, 0.00893162
44989, 0.00893180
44990, 0.00893198
44991, 0.00893216
44992, 0.00893234
44993, 0.00893252
44994, 0.00893270
44995, 0.00893287
44996, 0.00893305
44997, 0.00893322
44998, 0.00893340
44999, 0.00893358
45000, 0.00893376
45001, 0.00893394
45002, 0.00893412
45003, 0.00893429
45004, 0.00893447
45005, 0.00893464
45006, 0.00893482
45007, 0.00893499
45008, 0.00893516
45009, 0.00893534
45010, 0.00893551
45011, 0.00893569
45012, 0.00893587
45013, 0.00893604
45014, 0.00893621
45015, 0.00893639
45016, 0.00893657
45017, 0.00893674
45018, 0.00893692
45019, 0.00893709
45020, 0.00893726
45021, 0.00893744
45022, 0.00893761
45023, 0.00893779
45024, 0.00893796
45025, 0.00893814
45026, 0.00893832
45027, 0.00893849
45028, 0.00893866
45029, 0.00893884
45030, 0.00893901
45031, 0.00893919
45032, 0.00893936
45033, 0.00893954
45034, 0.00893971
45035, 0.00893989
45036, 0.00894007
45037, 0.00894024
45038, 0.00894041
45039, 0.00894059
45040, 0.00894076
45041, 0.00894094
45042, 0.00894111
45043, 0.00894128
45044, 0.00894146
45045, 0.00894163
45046, 0.00894180
45047, 0.00894198
45048, 0.00894215
45049, 0.00894233
45050, 0.00894250
45051, 0.00894267
45052, 0.00894285
45053, 0.00894302
45054, 0.00894320
45055, 0.00894346
45056, 0.00894364
45057, 0.00894381
45058, 0.00894399
45059, 0.00894416
45060, 0.00894434
45061, 0.00894451
45062, 0.00894469
45063, 0.00894528
45064, 0.00894545
45065, 0.00894562
45066, 0.00894580
45067, 0.00894597
45068, 0.00894615
45069, 0.00894632
45070, 0.00894650
45071, 0.00894673
45072, 0.00894691
45073, 0.00894709
45074, 0.00894726
45075, 0.00894744
45076, 0.00894761
45077, 0.00894778
45078, 0.00894796
45079, 0.00894820
45080, 0.00894837
45081, 0.00894855
45082, 0.00894872
45083, 0.00894889
45084, 0.00894907
45085, 0.00894924
45086, 0.00894942
45087, 0.00894967
45088, 0.00894984
45089, 0.00895002
45090, 0.00895019
45091, 0.00895037
45092, 0.00895054
45093, 0.00895071
45094, 0.00895089
45095, 0.00895113
45096, 0.00895131
45097, 0.00895148
45098, 0.00895166
45099, 0.00895183
45100, 0.00895201
45101, 0.00895218
45102, 0.00895236
45103, 0.00895262
45104, 0.00895279
45105, 0.00895297
45106, 0.00895314
45107, 0.00895331
45108, 0.00895349
45109, 0.00895366
45110, 0.00895384
45111, 0.00895408
45112, 0.00895427
45113, 0.00895669
45114, 0.00895688
45115, 0.00895706
45116, 0.00895723
45117, 0.00895740
45118, 0.00895758
45119, 0.00895783
45120, 0.00895800
45121, 0.00895818
45122, 0.00895835
45123, 0.00895853
45124, 0.00895870
45125, 0.00895887
45126, 0.00895905
45127, 0.00895930
45128, 0.00895947
45129, 0.00895965
45130, 0.00895982
45131, 0.00896000
45132, 0.00896017
45133, 0.00896035
45134, 0.00896052
45135, 0.00896070
45136, 0.00896088
45137, 0.00896105
45138, 0.00896122
45139, 0.00896140
45140, 0.00896157
45141, 0.00896175
45142, 0.00896192
45143, 0.00896210
45144, 0.00896227
45145, 0.00896245
45146, 0.00896262
45147, 0.00896280
45148, 0.00896298
45149, 0.00896315
45150, 0.00896333
45151, 0.00896351
45152, 0.00896368
45153, 0.00896385
45154, 0.00896403
45155, 0.00896420
45156, 0.00896438
45157, 0.00896456
45158, 0.00896475
45159, 0.00896493
45160, 0.00896510
45161, 0.00896527
45162, 0.00896544
45163, 0.00896561
45164, 0.00896578
45165, 0.00896595
45166, 0.00896612
45167, 0.00896629
45168, 0.00896646
45169, 0.00896664
45170, 0.00896681
45171, 0.00896698
45172, 0.00896715
45173, 0.00896732
45174, 0.00896749
45175, 0.00896766
45176, 0.00896783
45177, 0.00896800
45178, 0.00896818
45179, 0.00896835
45180, 0.00896852
45181, 0.00896869
45182, 0.00896886
45183, 0.00896903
45184, 0.00896920
45185, 0.00896937
45186, 0.00896954
45187, 0.00896972
45188, 0.00896989
45189, 0.00897006
45190, 0.00897023
45191, 0.00897040
45192, 0.00897057
45193, 0.00897075
45194, 0.00897092
45195, 0.00897109
45196, 0.00897126
45197, 0.00897143
45198, 0.00897161
45199, 0.00897178
45200, 0.00897195
45201, 0.00897212
45202, 0.00897229
45203, 0.00897246
45204, 0.00897263
45205, 0.00897281
45206, 0.00897299
45207, 0.00897316
45208, 0.00897333
45209, 0.00897350
45210, 0.00897367
45211, 0.00897384
45212, 0.00897402
45213, 0.00897419
45214, 0.00897436
45215, 0.00897453
45216, 0.00897470
45217, 0.00897487
45218, 0.00897504
45219, 0.00897521
45220, 0.00897538
45221, 0.00897555
45222, 0.00897572
45223, 0.00897589
45224, 0.00897606
45225, 0.00897624
45226, 0.00897641
45227, 0.00897658
45228, 0.00897675
45229, 0.00897692
45230, 0.00897710
45231, 0.00897727
45232, 0.00897744
45233, 0.00897761
45234, 0.00897777
45235, 0.00897794
45236, 0.00897811
45237, 0.00897828
45238, 0.00897847
45239, 0.00898072
45240, 0.00898092
45241, 0.00898109
45242, 0.00898127
45243, 0.00898145
45244, 0.00898162
45245, 0.00898180
45246, 0.00898198
45247, 0.00898216
45248, 0.00898234
45249, 0.00898252
45250, 0.00898270
45251, 0.00898287
45252, 0.00898304
45253, 0.00898321
45254, 0.00898338
45255, 0.00898355
45256, 0.00898372
45257, 0.00898389
45258, 0.00898407
45259, 0.00898424
45260, 0.00898441
45261, 0.00898458
45262, 0.00898475
45263, 0.00898492
45264, 0.00898509
45265, 0.00898526
45266, 0.00898543
45267, 0.00898561
45268, 0.00898579
45269, 0.00898597
45270, 0.00898616
45271, 0.00898634
45272, 0.00898652
45273, 0.00898670
45274, 0.00898688
45275, 0.00898706
45276, 0.00898724
45277, 0.00898742
45278, 0.00898760
45279, 0.00898778
45280, 0.00898796
45281, 0.00898814
45282, 0.00898832
45283, 0.00898851
45284, 0.00898869
45285, 0.00898887
45286, 0.00898905
45287, 0.00898923
45288, 0.00898941
45289, 0.00898960
45290, 0.00898978
45291, 0.00898996
45292, 0.00899014
45293, 0.00899033
45294, 0.00899050
45295, 0.00899067
45296, 0.00899084
45297, 0.00899101
45298, 0.00899118
45299, 0.00899135
45300, 0.00899152
45301, 0.00899169
45302, 0.00899186
45303, 0.00899204
45304, 0.00899221
45305, 0.00899238
45306, 0.00899255
45307, 0.00899272
45308, 0.00899289
45309, 0.00899306
45310, 0.00899323
45311, 0.00899340
45312, 0.00899357
45313, 0.00899374
45314, 0.00899391
45315, 0.00899408
45316, 0.00899425
45317, 0.00899442
45318, 0.00899459
45319, 0.00899476
45320, 0.00899493
45321, 0.00899510
45322, 0.00899527
45323, 0.00899544
45324, 0.00899561
45325, 0.00899578
45326, 0.00899595
45327, 0.00899612
45328, 0.00899630
45329, 0.00899647
45330, 0.00899664
45331, 0.00899681
45332, 0.00899698
45333, 0.00899715
45334, 0.00899732
45335, 0.00899749
45336, 0.00899766
45337, 0.00899783
45338, 0.00899800
45339, 0.00899817
45340, 0.00899834
45341, 0.00899851
45342, 0.00899868
45343, 0.00899885
45344, 0.00899902
45345, 0.00899919
45346, 0.00899935
45347, 0.00899952
45348, 0.00899970
45349, 0.00899987
45350, 0.00900003
45351, 0.00900020
45352, 0.00900037
45353, 0.00900054
45354, 0.00900072
45355, 0.00900089
45356, 0.00900106
45357, 0.00900122
45358, 0.00900140
45359, 0.00900157
45360, 0.00900175
45361, 0.00900192
45362, 0.00900208
45363, 0.00900226
45364, 0.00900244
45365, 0.00900478
45366, 0.00900497
45367, 0.00900515
45368, 0.00900532
45369, 0.00900550
45370, 0.00900567
45371, 0.00900584
45372, 0.00900603
45373, 0.00900620
45374, 0.00900638
45375, 0.00900655
45376, 0.00900672
45377, 0.00900688
45378, 0.00900706
45379, 0.00900723
45380, 0.00900740
45381, 0.00900757
45382, 0.00900774
45383, 0.00900792
45384, 0.00900809
45385, 0.00900826
45386, 0.00900843
45387, 0.00900860
45388, 0.00900877
45389, 0.00900894
45390, 0.00900912
45391, 0.00900929
45392, 0.00900946
45393, 0.00900963
45394, 0.00900980
45395, 0.00900997
45396, 0.00901014
45397, 0.00901032
45398, 0.00901049
45399, 0.00901066
45400, 0.00901083
45401, 0.00901100
45402, 0.00901116
45403, 0.00901134
45404, 0.00901151
45405, 0.00901168
45406, 0.00901185
45407, 0.00901202
45408, 0.00901219
45409, 0.00901236
45410, 0.00901253
45411, 0.00901270
45412, 0.00901287
45413, 0.00901304
45414, 0.00901321
45415, 0.00901338
45416, 0.00901355
45417, 0.00901372
45418, 0.00901389
45419, 0.00901406
45420, 0.00901423
45421, 0.00901440
45422, 0.00901457
45423, 0.00901474
45424, 0.00901491
45425, 0.00901508
45426, 0.00901525
45427, 0.00901542
45428, 0.00901559
45429, 0.00901576
45430, 0.00901593
45431, 0.00901610
45432, 0.00901627
45433, 0.00901644
45434, 0.00901662
45435, 0.00901679
45436, 0.00901696
45437, 0.00901714
45438, 0.00901731
45439, 0.00901748
45440, 0.00901765
45441, 0.00901782
45442, 0.00901799
45443, 0.00901816
45444, 0.00901833
45445, 0.00901850
45446, 0.00901867
45447, 0.00901884
45448, 0.00901902
45449, 0.00901919
45450, 0.00901936
45451, 0.00901953
45452, 0.00901970
45453, 0.00901987
45454, 0.00902004
45455, 0.00902021
45456, 0.00902038
45457, 0.00902055
45458, 0.00902072
45459, 0.00902089
45460, 0.00902106
45461, 0.00902123
45462, 0.00902140
45463, 0.00902157
45464, 0.00902175
45465, 0.00902192
45466, 0.00902210
45467, 0.00902227
45468, 0.00902244
45469, 0.00902262
45470, 0.00902279
45471, 0.00902296
45472, 0.00902312
45473, 0.00902329
45474, 0.00902346
45475, 0.00902363
45476, 0.00902380
45477, 0.00902397
45478, 0.00902415
45479, 0.00902432
45480, 0.00902449
45481, 0.00902466
45482, 0.00902483
45483, 0.00902500
45484, 0.00902517
45485, 0.00902534
45486, 0.00902551
45487, 0.00902568
45488, 0.00902585
45489, 0.00902602
45490, 0.00902620
45491, 0.00902843
45492, 0.00902863
45493, 0.00902880
45494, 0.00902898
45495, 0.00902915
45496, 0.00902933
45497, 0.00902950
45498, 0.00902967
45499, 0.00902985
45500, 0.00903002
45501, 0.00903020
45502, 0.00903038
45503, 0.00903055
45504, 0.00903073
45505, 0.00903090
45506, 0.00903108
45507, 0.00903125
45508, 0.00903143
45509, 0.00903161
45510, 0.00903178
45511, 0.00903196
45512, 0.00903213
45513, 0.00903231
45514, 0.00903248
45515, 0.00903266
45516, 0.00903284
45517, 0.00903301
45518, 0.00903318
45519, 0.00903336
45520, 0.00903353
45521, 0.00903370
45522, 0.00903388
45523, 0.00903405
45524, 0.00903422
45525, 0.00903440
45526, 0.00903457
45527, 0.00903474
45528, 0.00903491
45529, 0.00903508
45530, 0.00903526
45531, 0.00903543
45532, 0.00903560
45533, 0.00903577
45534, 0.00903594
45535, 0.00903612
45536, 0.00903629
45537, 0.00903647
45538, 0.00903665
45539, 0.00903682
45540, 0.00903699
45541, 0.00903716
45542, 0.00903734
45543, 0.00903751
45544, 0.00903768
45545, 0.00903786
45546, 0.00903803
45547, 0.00903820
45548, 0.00903838
45549, 0.00903855
45550, 0.00903872
45551, 0.00903890
45552, 0.00903907
45553, 0.00903924
45554, 0.00903941
45555, 0.00903959
45556, 0.00903976
45557, 0.00903993
45558, 0.00904010
45559, 0.00904028
45560, 0.00904045
45561, 0.00904063
45562, 0.00904080
45563, 0.00904097
45564, 0.00904115
45565, 0.00904132
45566, 0.00904150
45567, 0.00904167
45568, 0.00904184
45569, 0.00904202
45570, 0.00904219
45571, 0.00904236
45572, 0.00904253
45573, 0.00904270
45574, 0.00904288
45575, 0.00904315
45576, 0.00904332
45577, 0.00904349
45578, 0.00904366
45579, 0.00904384
45580, 0.00904401
45581, 0.00904418
45582, 0.00904436
45583, 0.00904460
45584, 0.00904477
45585, 0.00904494
45586, 0.00904511
45587, 0.00904529
45588, 0.00904546
45589, 0.00904564
45590, 0.00904581
45591, 0.00904608
45592, 0.00904625
45593, 0.00904643
45594, 0.00904660
45595, 0.00904677
45596, 0.00904695
45597, 0.00904712
45598, 0.00904729
45599, 0.00904756
45600, 0.00904773
45601, 0.00904790
45602, 0.00904808
45603, 0.00904826
45604, 0.00904843
45605, 0.00904860
45606, 0.00904878
45607, 0.00904905
45608, 0.00904922
45609, 0.00904939
45610, 0.00904956
45611, 0.00904973
45612, 0.00904990
45613, 0.00905008
45614, 0.00905025
45615, 0.00905050
45616, 0.00905068
45617, 0.00905284
45618, 0.00905304
45619, 0.00905322
45620, 0.00905339
45621, 0.00905357
45622, 0.00905375
45623, 0.00905400
45624, 0.00905417
45625, 0.00905436
45626, 0.00905454
45627, 0.00905473
45628, 0.00905491
45629, 0.00905508
45630, 0.00905526
45631, 0.00905552
45632, 0.00905569
45633, 0.00905587
45634, 0.00905605
45635, 0.00905623
45636, 0.00905641
45637, 0.00905658
45638, 0.00905676
45639, 0.00905693
45640, 0.00905711
45641, 0.00905728
45642, 0.00905746
45643, 0.00905763
45644, 0.00905781
45645, 0.00905798
45646, 0.00905815
45647, 0.00905832
45648, 0.00905850
45649, 0.00905867
45650, 0.00905885
45651, 0.00905902
45652, 0.00905919
45653, 0.00905937
45654, 0.00905955
45655, 0.00905973
45656, 0.00905990
45657, 0.00906008
45658, 0.00906026
45659, 0.00906043
45660, 0.00906060
45661, 0.00906078
45662, 0.00906095
45663, 0.00906113
45664, 0.00906130
45665, 0.00906148
45666, 0.00906165
45667, 0.00906183
45668, 0.00906200
45669, 0.00906217
45670, 0.00906235
45671, 0.00906252
45672, 0.00906269
45673, 0.00906287
45674, 0.00906304
45675, 0.00906322
45676, 0.00906339
45677, 0.00906356
45678, 0.00906373
45679, 0.00906391
45680, 0.00906408
45681, 0.00906426
45682, 0.00906443
45683, 0.00906460
45684, 0.00906477
45685, 0.00906494
45686, 0.00906512
45687, 0.00906529
45688, 0.00906546
45689, 0.00906564
45690, 0.00906581
45691, 0.00906598
45692, 0.00906616
45693, 0.00906633
45694, 0.00906650
45695, 0.00906667
45696, 0.00906685
45697, 0.00906702
45698, 0.00906719
45699, 0.00906736
45700, 0.00906754
45701, 0.00906771
45702, 0.00906788
45703, 0.00906805
45704, 0.00906823
45705, 0.00906840
45706, 0.00906857
45707, 0.00906874
45708, 0.00906892
45709, 0.00906909
45710, 0.00906926
45711, 0.00906943
45712, 0.00906960
45713, 0.00906978
45714, 0.00906995
45715, 0.00907012
45716, 0.00907029
45717, 0.00907046
45718, 0.00907064
45719, 0.00907081
45720, 0.00907099
45721, 0.00907116
45722, 0.00907133
45723, 0.00907150
45724, 0.00907167
45725, 0.00907185
45726, 0.00907202
45727, 0.00907220
45728, 0.00907237
45729, 0.00907255
45730, 0.00907272
45731, 0.00907289
45732, 0.00907306
45733, 0.00907324
45734, 0.00907341
45735, 0.00907358
45736, 0.00907375
45737, 0.00907393
45738, 0.00907410
45739, 0.00907427
45740, 0.00907444
45741, 0.00907461
45742, 0.00907480
45743, 0.00907702
45744, 0.00907723
45745, 0.00907740
45746, 0.00907758
45747, 0.00907775
45748, 0.00907792
45749, 0.00907810
45750, 0.00907828
45751, 0.00907846
45752, 0.00907864
45753, 0.00907882
45754, 0.00907900
45755, 0.00907918
45756, 0.00907935
45757, 0.00907953
45758, 0.00907972
45759, 0.00907989
45760, 0.00908007
45761, 0.00908025
45762, 0.00908042
45763, 0.00908060
45764, 0.00908077
45765, 0.00908095
45766, 0.00908113
45767, 0.00908131
45768, 0.00908148
45769, 0.00908166
45770, 0.00908184
45771, 0.00908202
45772, 0.00908219
45773, 0.00908237
45774, 0.00908255
45775, 0.00908272
45776, 0.00908290
45777, 0.00908308
45778, 0.00908325
45779, 0.00908343
45780, 0.00908361
45781, 0.00908378
45782, 0.00908396
45783, 0.00908414
45784, 0.00908432
45785, 0.00908450
45786, 0.00908468
45787, 0.00908485
45788, 0.00908503
45789, 0.00908521
45790, 0.00908538
45791, 0.00908557
45792, 0.00908574
45793, 0.00908591
45794, 0.00908609
45795, 0.00908626
45796, 0.00908643
45797, 0.00908661
45798, 0.00908678
45799, 0.00908696
45800, 0.00908713
45801, 0.00908731
45802, 0.00908748
45803, 0.00908765
45804, 0.00908783
45805, 0.00908800
45806, 0.00908817
45807, 0.00908835
45808, 0.00908852
45809, 0.00908869
45810, 0.00908887
45811, 0.00908904
45812, 0.00908922
45813, 0.00908939
45814, 0.00908956
45815, 0.00908973
45816, 0.00908991
45817, 0.00909008
45818, 0.00909026
45819, 0.00909044
45820, 0.00909061
45821, 0.00909078
45822, 0.00909096
45823, 0.00909113
45824, 0.00909130
45825, 0.00909147
45826, 0.00909165
45827, 0.00909182
45828, 0.00909200
45829, 0.00909217
45830, 0.00909235
45831, 0.00909253
45832, 0.00909270
45833, 0.00909287
45834, 0.00909305
45835, 0.00909322
45836, 0.00909340
45837, 0.00909356
45838, 0.00909374
45839, 0.00909392
45840, 0.00909410
45841, 0.00909428
45842, 0.00909446
45843, 0.00909464
45844, 0.00909482
45845, 0.00909499
45846, 0.00909516
45847, 0.00909534
45848, 0.00909551
45849, 0.00909568
45850, 0.00909586
45851, 0.00909604
45852, 0.00909622
45853, 0.00909640
45854, 0.00909657
45855, 0.00909675
45856, 0.00909692
45857, 0.00909710
45858, 0.00909728
45859, 0.00909745
45860, 0.00909763
45861, 0.00909781
45862, 0.00910560
45863, 0.00910579
45864, 0.00910598
45865, 0.00910617
45866, 0.00910635
45867, 0.00910653
45868, 0.00910673
45869, 0.00910903
45870, 0.00910923
45871, 0.00910942
45872, 0.00910960
45873, 0.00910979
45874, 0.00910997
45875, 0.00911016
45876, 0.00911034
45877, 0.00911051
45878, 0.00911069
45879, 0.00911270
45880, 0.00911289
45881, 0.00911308
45882, 0.00911327
45883, 0.00911346
45884, 0.00911365
45885, 0.00911383
45886, 0.00911402
45887, 0.00911420
45888, 0.00911438
45889, 0.00911456
45890, 0.00911474
45891, 0.00911493
45892, 0.00911512
45893, 0.00911530
45894, 0.00911548
45895, 0.00911566
45896, 0.00911585
45897, 0.00911603
45898, 0.00911621
45899, 0.00911639
45900, 0.00911657
45901, 0.00911676
45902, 0.00911694
45903, 0.00911712
45904, 0.00911730
45905, 0.00911748
45906, 0.00911766
45907, 0.00911785
45908, 0.00911803
45909, 0.00911821
45910, 0.00911839
45911, 0.00911857
45912, 0.00911875
45913, 0.00911892
45914, 0.00911910
45915, 0.00911927
45916, 0.00911945
45917, 0.00911962
45918, 0.00911979
45919, 0.00911997
45920, 0.00912014
45921, 0.00912032
45922, 0.00912049
45923, 0.00912066
45924, 0.00912083
45925, 0.00912101
45926, 0.00912118
45927, 0.00912135
45928, 0.00912153
45929, 0.00912170
45930, 0.00912188
45931, 0.00912206
45932, 0.00912223
45933, 0.00912240
45934, 0.00912258
45935, 0.00912276
45936, 0.00912293
45937, 0.00912310
45938, 0.00912328
45939, 0.00912346
45940, 0.00912363
45941, 0.00912381
45942, 0.00912398
45943, 0.00912415
45944, 0.00912433
45945, 0.00912454
45946, 0.00912471
45947, 0.00912489
45948, 0.00912506
45949, 0.00912523
45950, 0.00912541
45951, 0.00912558
45952, 0.00912576
45953, 0.00912594
45954, 0.00912611
45955, 0.00912628
45956, 0.00912646
45957, 0.00912664
45958, 0.00912681
45959, 0.00912698
45960, 0.00912715
45961, 0.00912733
45962, 0.00912750
45963, 0.00912767
45964, 0.00912784
45965, 0.00912801
45966, 0.00912819
45967, 0.00912836
45968, 0.00912853
45969, 0.00912870
45970, 0.00912888
45971, 0.00912905
45972, 0.00912922
45973, 0.00912939
45974, 0.00912957
45975, 0.00912974
45976, 0.00912991
45977, 0.00913009
45978, 0.00913026
45979, 0.00913043
45980, 0.00913061
45981, 0.00913078
45982, 0.00913095
45983, 0.00913112
45984, 0.00913129
45985, 0.00913146
45986, 0.00913163
45987, 0.00913180
45988, 0.00913198
45989, 0.00913215
45990, 0.00913232
45991, 0.00913249
45992, 0.00913266
45993, 0.00913284
45994, 0.00913303
45995, 0.00913528
45996, 0.00913548
45997, 0.00913567
45998, 0.00913585
45999, 0.00913604
46000, 0.00913622
46001, 0.00913641
46002, 0.00913659
46003, 0.00913678
46004, 0.00913697
46005, 0.00913715
46006, 0.00913734
46007, 0.00913752
46008, 0.00913771
46009, 0.00913789
46010, 0.00913808
46011, 0.00913826
46012, 0.00913845
46013, 0.00913863
46014, 0.00913881
46015, 0.00913899
46016, 0.00913917
46017, 0.00913935
46018, 0.00913952
46019, 0.00913970
46020, 0.00913988
46021, 0.00914006
46022, 0.00914023
46023, 0.00914041
46024, 0.00914058
46025, 0.00914076
46026, 0.00914093
46027, 0.00914111
46028, 0.00914128
46029, 0.00914145
46030, 0.00914163
46031, 0.00914182
46032, 0.00914199
46033, 0.00914216
46034, 0.00914233
46035, 0.00914251
46036, 0.00914268
46037, 0.00914285
46038, 0.00914303
46039, 0.00914321
46040, 0.00914338
46041, 0.00914356
46042, 0.00914374
46043, 0.00914392
46044, 0.00914409
46045, 0.00914426
46046, 0.00914444
46047, 0.00914462
46048, 0.00914479
46049, 0.00914497
46050, 0.00914514
46051, 0.00914532
46052, 0.00914550
46053, 0.00914568
46054, 0.00914585
46055, 0.00914609
46056, 0.00914628
46057, 0.00914646
46058, 0.00914663
46059, 0.00914681
46060, 0.00914698
46061, 0.00914716
46062, 0.00914733
46063, 0.00914757
46064, 0.00914775
46065, 0.00914792
46066, 0.00914810
46067, 0.00914828
46068, 0.00914845
46069, 0.00914863
46070, 0.00914880
46071, 0.00914905
46072, 0.00914922
46073, 0.00914940
46074, 0.00914958
46075, 0.00914975
46076, 0.00914993
46077, 0.00915011
46078, 0.00915028
46079, 0.00915046
46080, 0.00915064
46081, 0.00915081
46082, 0.00915098
46083, 0.00915115
46084, 0.00915133
46085, 0.00915151
46086, 0.00915169
46087, 0.00915194
46088, 0.00915212
46089, 0.00915230
46090, 0.00915249
46091, 0.00915267
46092, 0.00915285
46093, 0.00915302
46094, 0.00915320
46095, 0.00915347
46096, 0.00915365
46097, 0.00915383
46098, 0.00915400
46099, 0.00915418
46100, 0.00915436
46101, 0.00915453
46102, 0.00915471
46103, 0.00915495
46104, 0.00915513
46105, 0.00915531
46106, 0.00915548
46107, 0.00915566
46108, 0.00915583
46109, 0.00915600
46110, 0.00915617
46111, 0.00915642
46112, 0.00915660
46113, 0.00915677
46114, 0.00915694
46115, 0.00915711
46116, 0.00915728
46117, 0.00915746
46118, 0.00915763
46119, 0.00915803
46120, 0.00915822
46121, 0.00916039
46122, 0.00916060
46123, 0.00916079
46124, 0.00916097
46125, 0.00916115
46126, 0.00916133
46127, 0.00916160
46128, 0.00916178
46129, 0.00916196
46130, 0.00916215
46131, 0.00916233
46132, 0.00916252
46133, 0.00916270
46134, 0.00916289
46135, 0.00916316
46136, 0.00916334
46137, 0.00916352
46138, 0.00916370
46139, 0.00916389
46140, 0.00916407
46141, 0.00916426
46142, 0.00916444
46143, 0.00916472
46144, 0.00916491
46145, 0.00916509
46146, 0.00916527
46147, 0.00916546
46148, 0.00916564
46149, 0.00916583
46150, 0.00916601
46151, 0.00916620
46152, 0.00916638
46153, 0.00916656
46154, 0.00916674
46155, 0.00916692
46156, 0.00916711
46157, 0.00916729
46158, 0.00916747
46159, 0.00916766
46160, 0.00916784
46161, 0.00916802
46162, 0.00916821
46163, 0.00916840
46164, 0.00916858
46165, 0.00916876
46166, 0.00916895
46167, 0.00916913
46168, 0.00916931
46169, 0.00916949
46170, 0.00916968
46171, 0.00916986
46172, 0.00917004
46173, 0.00917023
46174, 0.00917041
46175, 0.00917059
46176, 0.00917077
46177, 0.00917096
46178, 0.00917114
46179, 0.00917132
46180, 0.00917150
46181, 0.00917168
46182, 0.00917187
46183, 0.00917205
46184, 0.00917223
46185, 0.00917241
46186, 0.00917259
46187, 0.00917278
46188, 0.00917296
46189, 0.00917314
46190, 0.00917332
46191, 0.00917350
46192, 0.00917368
46193, 0.00917386
46194, 0.00917405
46195, 0.00917423
46196, 0.00917441
46197, 0.00917459
46198, 0.00917477
46199, 0.00917495
46200, 0.00917513
46201, 0.00917531
46202, 0.00917550
46203, 0.00917568
46204, 0.00917586
46205, 0.00917604
46206, 0.00917622
46207, 0.00917641
46208, 0.00917659
46209, 0.00917677
46210, 0.00917695
46211, 0.00917713
46212, 0.00917731
46213, 0.00917749
46214, 0.00917767
46215, 0.00917785
46216, 0.00917804
46217, 0.00917822
46218, 0.00917840
46219, 0.00917858
46220, 0.00917876
46221, 0.00917894
46222, 0.00917913
46223, 0.00917931
46224, 0.00917949
46225, 0.00917968
46226, 0.00917986
46227, 0.00918004
46228, 0.00918022
46229, 0.00918040
46230, 0.00918058
46231, 0.00918076
46232, 0.00918094
46233, 0.00918113
46234, 0.00918130
46235, 0.00918149
46236, 0.00918167
46237, 0.00918185
46238, 0.00918203
46239, 0.00918221
46240, 0.00918239
46241, 0.00918257
46242, 0.00918276
46243, 0.00918296
46244, 0.00918314
46245, 0.00918332
46246, 0.00918351
46247, 0.00918570
46248, 0.00918590
46249, 0.00918608
46250, 0.00918625
46251, 0.00918643
46252, 0.00918661
46253, 0.00918678
46254, 0.00918696
46255, 0.00918714
46256, 0.00918731
46257, 0.00918749
46258, 0.00918766
46259, 0.00918784
46260, 0.00918801
46261, 0.00918818
46262, 0.00918836
46263, 0.00918854
46264, 0.00918872
46265, 0.00918889
46266, 0.00918907
46267, 0.00918925
46268, 0.00918942
46269, 0.00918960
46270, 0.00918977
46271, 0.00918995
46272, 0.00919012
46273, 0.00919029
46274, 0.00919047
46275, 0.00919064
46276, 0.00919082
46277, 0.00919099
46278, 0.00919116
46279, 0.00919133
46280, 0.00919151
46281, 0.00919168
46282, 0.00919186
46283, 0.00919203
46284, 0.00919220
46285, 0.00919238
46286, 0.00919255
46287, 0.00919273
46288, 0.00919290
46289, 0.00919308
46290, 0.00919325
46291, 0.00919343
46292, 0.00919361
46293, 0.00919378
46294, 0.00919396
46295, 0.00919413
46296, 0.00919430
46297, 0.00919448
46298, 0.00919465
46299, 0.00919482
46300, 0.00919499
46301, 0.00919517
46302, 0.00919534
46303, 0.00919552
46304, 0.00919569
46305, 0.00919587
46306, 0.00919604
46307, 0.00919621
46308, 0.00919638
46309, 0.00919654
46310, 0.00919672
46311, 0.00919689
46312, 0.00919706
46313, 0.00919723
46314, 0.00919741
46315, 0.00919758
46316, 0.00919775
46317, 0.00919793
46318, 0.00919810
46319, 0.00919827
46320, 0.00919844
46321, 0.00919861
46322, 0.00919878
46323, 0.00919895
46324, 0.00919913
46325, 0.00919930
46326, 0.00919948
46327, 0.00919965
46328, 0.00919982
46329, 0.00919999
46330, 0.00920016
46331, 0.00920034
46332, 0.00920051
46333, 0.00920068
46334, 0.00920085
46335, 0.00920102
46336, 0.00920119
46337, 0.00920137
46338, 0.00920154
46339, 0.00920171
46340, 0.00920188
46341, 0.00920205
46342, 0.00920222
46343, 0.00920240
46344, 0.00920257
46345, 0.00920274
46346, 0.00920291
46347, 0.00920309
46348, 0.00920326
46349, 0.00920343
46350, 0.00920361
46351, 0.00920378
46352, 0.00920395
46353, 0.00920413
46354, 0.00920430
46355, 0.00920447
46356, 0.00920464
46357, 0.00920481
46358, 0.00920499
46359, 0.00920516
46360, 0.00920533
46361, 0.00920550
46362, 0.00920568
46363, 0.00920586
46364, 0.00920603
46365, 0.00920621
46366, 0.00920638
46367, 0.00920655
46368, 0.00920673
46369, 0.00920689
46370, 0.00920706
46371, 0.00920723
46372, 0.00920741
46373, 0.00920962
46374, 0.00920982
46375, 0.00921000
46376, 0.00921018
46377, 0.00921036
46378, 0.00921053
46379, 0.00921071
46380, 0.00921089
46381, 0.00921107
46382, 0.00921124
46383, 0.00921142
46384, 0.00921160
46385, 0.00921177
46386, 0.00921195
46387, 0.00921213
46388, 0.00921230
46389, 0.00921248
46390, 0.00921266
46391, 0.00921283
46392, 0.00921301
46393, 0.00921318
46394, 0.00921336
46395, 0.00921353
46396, 0.00921371
46397, 0.00921389
46398, 0.00921407
46399, 0.00921424
46400, 0.00921442
46401, 0.00921459
46402, 0.00921477
46403, 0.00921494
46404, 0.00921512
46405, 0.00921529
46406, 0.00921547
46407, 0.00921564
46408, 0.00921582
46409, 0.00921600
46410, 0.00921617
46411, 0.00921635
46412, 0.00921653
46413, 0.00921670
46414, 0.00921688
46415, 0.00921705
46416, 0.00921723
46417, 0.00921740
46418, 0.00921758
46419, 0.00921775
46420, 0.00921793
46421, 0.00921811
46422, 0.00921829
46423, 0.00921846
46424, 0.00921864
46425, 0.00921881
46426, 0.00921899
46427, 0.00921916
46428, 0.00921934
46429, 0.00921951
46430, 0.00921969
46431, 0.00921987
46432, 0.00922004
46433, 0.00922021
46434, 0.00922039
46435, 0.00922056
46436, 0.00922074
46437, 0.00922092
46438, 0.00922109
46439, 0.00922127
46440, 0.00922144
46441, 0.00922162
46442, 0.00922179
46443, 0.00922197
46444, 0.00922214
46445, 0.00922232
46446, 0.00922249
46447, 0.00922267
46448, 0.00922284
46449, 0.00922301
46450, 0.00922318
46451, 0.00922336
46452, 0.00922353
46453, 0.00922370
46454, 0.00922387
46455, 0.00922405
46456, 0.00922423
46457, 0.00922440
46458, 0.00922458
46459, 0.00922476
46460, 0.00922493
46461, 0.00922511
46462, 0.00922528
46463, 0.00922546
46464, 0.00922564
46465, 0.00922581
46466, 0.00922599
46467, 0.00922616
46468, 0.00922634
46469, 0.00922651
46470, 0.00922669
46471, 0.00922686
46472, 0.00922704
46473, 0.00922721
46474, 0.00922738
46475, 0.00922756
46476, 0.00922773
46477, 0.00922790
46478, 0.00922808
46479, 0.00922825
46480, 0.00922842
46481, 0.00922860
46482, 0.00922877
46483, 0.00922894
46484, 0.00922911
46485, 0.00922929
46486, 0.00922946
46487, 0.00922964
46488, 0.00922981
46489, 0.00922998
46490, 0.00923016
46491, 0.00923033
46492, 0.00923050
46493, 0.00923068
46494, 0.00923085
46495, 0.00923102
46496, 0.00923119
46497, 0.00923136
46498, 0.00923155
46499, 0.00923374
46500, 0.00923393
46501, 0.00923411
46502, 0.00923429
46503, 0.00923446
46504, 0.00923464
46505, 0.00923481
46506, 0.00923499
46507, 0.00923516
46508, 0.00923534
46509, 0.00923551
46510, 0.00923568
46511, 0.00923586
46512, 0.00923603
46513, 0.00923621
46514, 0.00923638
46515, 0.00923655
46516, 0.00923673
46517, 0.00923691
46518, 0.00923708
46519, 0.00923725
46520, 0.00923743
46521, 0.00923760
46522, 0.00923778
46523, 0.00923795
46524, 0.00923812
46525, 0.00923830
46526, 0.00923847
46527, 0.00923865
46528, 0.00923882
46529, 0.00923899
46530, 0.00923916
46531, 0.00923933
46532, 0.00923950
46533, 0.00923967
46534, 0.00923984
46535, 0.00924002
46536, 0.00924019
46537, 0.00924037
46538, 0.00924054
46539, 0.00924072
46540, 0.00924089
46541, 0.00924107
46542, 0.00924124
46543, 0.00924141
46544, 0.00924158
46545, 0.00924175
46546, 0.00924192
46547, 0.00924210
46548, 0.00924227
46549, 0.00924244
46550, 0.00924262
46551, 0.00924279
46552, 0.00924296
46553, 0.00924313
46554, 0.00924331
46555, 0.00924348
46556, 0.00924365
46557, 0.00924382
46558, 0.00924399
46559, 0.00924416
46560, 0.00924433
46561, 0.00924451
46562, 0.00924468
46563, 0.00924485
46564, 0.00924503
46565, 0.00924520
46566, 0.00924537
46567, 0.00924554
46568, 0.00924571
46569, 0.00924589
46570, 0.00924606
46571, 0.00924623
46572, 0.00924640
46573, 0.00924658
46574, 0.00924675
46575, 0.00924693
46576, 0.00924710
46577, 0.00924727
46578, 0.00924744
46579, 0.00924761
46580, 0.00924779
46581, 0.00924796
46582, 0.00924813
46583, 0.00924830
46584, 0.00924848
46585, 0.00924865
46586, 0.00924883
46587, 0.00924901
46588, 0.00924919
46589, 0.00924936
46590, 0.00924953
46591, 0.00924971
46592, 0.00924988
46593, 0.00925005
46594, 0.00925023
46595, 0.00925040
46596, 0.00925058
46597, 0.00925075
46598, 0.00925092
46599, 0.00925116
46600, 0.00925133
46601, 0.00925151
46602, 0.00925169
46603, 0.00925186
46604, 0.00925204
46605, 0.00925222
46606, 0.00925239
46607, 0.00925265
46608, 0.00925282
46609, 0.00925299
46610, 0.00925316
46611, 0.00925334
46612, 0.00925351
46613, 0.00925368
46614, 0.00925385
46615, 0.00925411
46616, 0.00925428
46617, 0.00925445
46618, 0.00925462
46619, 0.00925479
46620, 0.00925496
46621, 0.00925513
46622, 0.00925531
46623, 0.00925556
46624, 0.00925574
46625, 0.00925816
46626, 0.00925837
46627, 0.00925855
46628, 0.00925873
46629, 0.00925892
46630, 0.00925909
46631, 0.00925933
46632, 0.00925951
46633, 0.00925968
46634, 0.00925986
46635, 0.00926003
46636, 0.00926021
46637, 0.00926038
46638, 0.00926056
46639, 0.00926082
46640, 0.00926099
46641, 0.00926117
46642, 0.00926134
46643, 0.00926152
46644, 0.00926169
46645, 0.00926186
46646, 0.00926204
46647, 0.00926229
46648, 0.00926246
46649, 0.00926263
46650, 0.00926281
46651, 0.00926298
46652, 0.00926315
46653, 0.00926333
46654, 0.00926350
46655, 0.00926375
46656, 0.00926392
46657, 0.00926409
46658, 0.00926427
46659, 0.00926444
46660, 0.00926461
46661, 0.00926478
46662, 0.00926496
46663, 0.00926520
46664, 0.00926537
46665, 0.00926555
46666, 0.00926572
46667, 0.00926590
46668, 0.00926607
46669, 0.00926624
46670, 0.00926641
46671, 0.00926658
46672, 0.00926675
46673, 0.00926693
46674, 0.00926710
46675, 0.00926727
46676, 0.00926744
46677, 0.00926762
46678, 0.00926779
46679, 0.00926796
46680, 0.00926813
46681, 0.00926831
46682, 0.00926848
46683, 0.00926866
46684, 0.00926883
46685, 0.00926901
46686, 0.00926918
46687, 0.00926935
46688, 0.00926952
46689, 0.00926970
46690, 0.00926987
46691, 0.00927005
46692, 0.00927022
46693, 0.00927040
46694, 0.00927058
46695, 0.00927075
46696, 0.00927092
46697, 0.00927109
46698, 0.00927126
46699, 0.00927143
46700, 0.00927161
46701, 0.00927178
46702, 0.00927196
46703, 0.00927213
46704, 0.00927230
46705, 0.00927248
46706, 0.00927265
46707, 0.00927282
46708, 0.00927300
46709, 0.00927318
46710, 0.00927335
46711, 0.00927353
46712, 0.00927370
46713, 0.00927387
46714, 0.00927404
46715, 0.00927421
46716, 0.00927439
46717, 0.00927456
46718, 0.00927474
46719, 0.00927491
46720, 0.00927508
46721, 0.00927526
46722, 0.00927543
46723, 0.00927560
46724, 0.00927578
46725, 0.00927595
46726, 0.00927612
46727, 0.00927630
46728, 0.00927647
46729, 0.00927664
46730, 0.00927682
46731, 0.00927700
46732, 0.00927717
46733, 0.00927734
46734, 0.00927751
46735, 0.00927768
46736, 0.00927786
46737, 0.00927804
46738, 0.00927821
46739, 0.00927838
46740, 0.00927855
46741, 0.00927872
46742, 0.00927890
46743, 0.00927907
46744, 0.00927924
46745, 0.00927942
46746, 0.00927959
46747, 0.00927977
46748, 0.00927994
46749, 0.00928011
46750, 0.00928030
46751, 0.00928258
46752, 0.00928278
46753, 0.00928296
46754, 0.00928315
46755, 0.00928333
46756, 0.00928351
46757, 0.00928369
46758, 0.00928387
46759, 0.00928406
46760, 0.00928424
46761, 0.00928442
46762, 0.00928460
46763, 0.00928478
46764, 0.00928496
46765, 0.00928514
46766, 0.00928533
46767, 0.00928551
46768, 0.00928570
46769, 0.00928588
46770, 0.00928606
46771, 0.00928624
46772, 0.00928643
46773, 0.00928661
46774, 0.00928680
46775, 0.00928698
46776, 0.00928716
46777, 0.00928734
46778, 0.00928753
46779, 0.00928771
46780, 0.00928789
46781, 0.00928808
46782, 0.00928826
46783, 0.00928844
46784, 0.00928862
46785, 0.00928881
46786, 0.00928899
46787, 0.00928917
46788, 0.00928935
46789, 0.00928953
46790, 0.00928971
46791, 0.00928989
46792, 0.00929007
46793, 0.00929026
46794, 0.00929044
46795, 0.00929062
46796, 0.00929080
46797, 0.00929098
46798, 0.00929117
46799, 0.00929135
46800, 0.00929153
46801, 0.00929171
46802, 0.00929189
46803, 0.00929207
46804, 0.00929225
46805, 0.00929243
46806, 0.00929261
46807, 0.00929279
46808, 0.00929298
46809, 0.00929316
46810, 0.00929334
46811, 0.00929352
46812, 0.00929371
46813, 0.00929389
46814, 0.00929407
46815, 0.00929425
46816, 0.00929444
46817, 0.00929462
46818, 0.00929480
46819, 0.00929498
46820, 0.00929517
46821, 0.00929535
46822, 0.00929553
46823, 0.00929571
46824, 0.00929589
46825, 0.00929607
46826, 0.00929625
46827, 0.00929643
46828, 0.00929661
46829, 0.00929680
46830, 0.00929698
46831, 0.00929716
46832, 0.00929734
46833, 0.00929752
46834, 0.00929770
46835, 0.00929788
46836, 0.00929807
46837, 0.00929825
46838, 0.00929843
46839, 0.00929860
46840, 0.00929879
46841, 0.00929897
46842, 0.00929915
46843, 0.00929933
46844, 0.00929950
46845, 0.00929968
46846, 0.00929985
46847, 0.00930003
46848, 0.00930021
46849, 0.00930038
46850, 0.00930056
46851, 0.00930073
46852, 0.00930091
46853, 0.00930108
46854, 0.00930125
46855, 0.00930143
46856, 0.00930161
46857, 0.00930178
46858, 0.00930196
46859, 0.00930214
46860, 0.00930231
46861, 0.00930249
46862, 0.00930266
46863, 0.00930284
46864, 0.00930301
46865, 0.00930319
46866, 0.00930336
46867, 0.00930354
46868, 0.00930371
46869, 0.00930389
46870, 0.00930406
46871, 0.00930424
46872, 0.00930441
46873, 0.00930459
46874, 0.00930476
46875, 0.00930494
46876, 0.00930513
46877, 0.00930736
46878, 0.00930756
46879, 0.00930774
46880, 0.00930791
46881, 0.00930809
46882, 0.00930826
46883, 0.00930843
46884, 0.00930860
46885, 0.00930878
46886, 0.00930895
46887, 0.00930912
46888, 0.00930929
46889, 0.00930946
46890, 0.00930963
46891, 0.00930981
46892, 0.00930998
46893, 0.00931015
46894, 0.00931033
46895, 0.00931050
46896, 0.00931068
46897, 0.00931085
46898, 0.00931103
46899, 0.00931121
46900, 0.00931138
46901, 0.00931155
46902, 0.00931173
46903, 0.00931190
46904, 0.00931207
46905, 0.00931225
46906, 0.00931243
46907, 0.00931260
46908, 0.00931278
46909, 0.00931295
46910, 0.00931312
46911, 0.00931329
46912, 0.00931347
46913, 0.00931364
46914, 0.00931382
46915, 0.00931399
46916, 0.00931416
46917, 0.00931433
46918, 0.00931451
46919, 0.00931468
46920, 0.00931485
46921, 0.00931502
46922, 0.00931520
46923, 0.00931537
46924, 0.00931554
46925, 0.00931572
46926, 0.00931589
46927, 0.00931606
46928, 0.00931623
46929, 0.00931640
46930, 0.00931658
46931, 0.00931675
46932, 0.00931692
46933, 0.00931709
46934, 0.00931727
46935, 0.00931744
46936, 0.00931761
46937, 0.00931778
46938, 0.00931796
46939, 0.00931813
46940, 0.00931830
46941, 0.00931848
46942, 0.00931865
46943, 0.00931882
46944, 0.00931900
46945, 0.00931917
46946, 0.00931934
46947, 0.00931951
46948, 0.00931968
46949, 0.00931986
46950, 0.00932003
46951, 0.00932020
46952, 0.00932037
46953, 0.00932055
46954, 0.00932072
46955, 0.00932089
46956, 0.00932106
46957, 0.00932123
46958, 0.00932140
46959, 0.00932158
46960, 0.00932175
46961, 0.00932193
46962, 0.00932210
46963, 0.00932227
46964, 0.00932244
46965, 0.00932262
46966, 0.00932279
46967, 0.00932297
46968, 0.00932314
46969, 0.00932331
46970, 0.00932348
46971, 0.00932366
46972, 0.00932383
46973, 0.00932400
46974, 0.00932418
46975, 0.00932435
46976, 0.00932452
46977, 0.00932469
46978, 0.00932486
46979, 0.00932503
46980, 0.00932520
46981, 0.00932538
46982, 0.00932555
46983, 0.00932572
46984, 0.00932589
46985, 0.00932607
46986, 0.00932624
46987, 0.00932641
46988, 0.00932658
46989, 0.00932676
46990, 0.00932693
46991, 0.00932710
46992, 0.00932727
46993, 0.00932745
46994, 0.00932762
46995, 0.00932779
46996, 0.00932797
46997, 0.00932814
46998, 0.00932831
46999, 0.00932848
47000, 0.00932865
47001, 0.00932882
47002, 0.00932901
47003, 0.00933124
47004, 0.00933144
47005, 0.00933162
47006, 0.00933179
47007, 0.00933197
47008, 0.00933214
47009, 0.00933231
47010, 0.00933249
47011, 0.00933266
47012, 0.00933284
47013, 0.00933302
47014, 0.00933319
47015, 0.00933336
47016, 0.00933354
47017, 0.00933371
47018, 0.00933389
47019, 0.00933406
47020, 0.00933423
47021, 0.00933441
47022, 0.00933458
47023, 0.00933476
47024, 0.00933493
47025, 0.00933510
47026, 0.00933528
47027, 0.00933545
47028, 0.00933562
47029, 0.00933580
47030, 0.00933598
47031, 0.00933616
47032, 0.00933634
47033, 0.00933653
47034, 0.00933671
47035, 0.00933689
47036, 0.00933706
47037, 0.00933724
47038, 0.00933741
47039, 0.00933758
47040, 0.00933776
47041, 0.00933793
47042, 0.00933810
47043, 0.00933828
47044, 0.00933845
47045, 0.00933862
47046, 0.00933880
47047, 0.00933897
47048, 0.00933914
47049, 0.00933932
47050, 0.00933949
47051, 0.00933967
47052, 0.00933984
47053, 0.00934001
47054, 0.00934019
47055, 0.00934036
47056, 0.00934053
47057, 0.00934071
47058, 0.00934088
47059, 0.00934105
47060, 0.00934123
47061, 0.00934140
47062, 0.00934158
47063, 0.00934175
47064, 0.00934192
47065, 0.00934209
47066, 0.00934227
47067, 0.00934244
47068, 0.00934262
47069, 0.00934279
47070, 0.00934296
47071, 0.00934314
47072, 0.00934331
47073, 0.00934349
47074, 0.00934366
47075, 0.00934384
47076, 0.00934401
47077, 0.00934419
47078, 0.00934436
47079, 0.00934453
47080, 0.00934471
47081, 0.00934488
47082, 0.00934505
47083, 0.00934523
47084, 0.00934540
47085, 0.00934557
47086, 0.00934575
47087, 0.00934592
47088, 0.00934609
47089, 0.00934627
47090, 0.00934644
47091, 0.00934661
47092, 0.00934679
47093, 0.00934696
47094, 0.00934714
47095, 0.00934731
47096, 0.00934748
47097, 0.00934766
47098, 0.00934783
47099, 0.00934800
47100, 0.00934818
47101, 0.00934835
47102, 0.00934853
47103, 0.00934870
47104, 0.00934888
47105, 0.00934905
47106, 0.00934922
47107, 0.00934940
47108, 0.00934957
47109, 0.00934974
47110, 0.00934991
47111, 0.00935016
47112, 0.00935034
47113, 0.00935051
47114, 0.00935069
47115, 0.00935086
47116, 0.00935103
47117, 0.00935121
47118, 0.00935138
47119, 0.00935162
47120, 0.00935179
47121, 0.00935196
47122, 0.00935213
47123, 0.00935231
47124, 0.00935248
47125, 0.00935266
47126, 0.00935283
47127, 0.00935311
47128, 0.00935329
47129, 0.00935566
47130, 0.00935586
47131, 0.00935605
47132, 0.00935623
47133, 0.00935641
47134, 0.00935659
47135, 0.00935683
47136, 0.00935701
47137, 0.00935718
47138, 0.00935736
47139, 0.00935753
47140, 0.00935770
47141, 0.00935787
47142, 0.00935805
47143, 0.00935829
47144, 0.00935847
47145, 0.00935864
47146, 0.00935882
47147, 0.00935899
47148, 0.00935917
47149, 0.00935934
47150, 0.00935951
47151, 0.00935976
47152, 0.00935993
47153, 0.00936010
47154, 0.00936027
47155, 0.00936044
47156, 0.00936061
47157, 0.00936078
47158, 0.00936096
47159, 0.00936120
47160, 0.00936137
47161, 0.00936154
47162, 0.00936171
47163, 0.00936188
47164, 0.00936206
47165, 0.00936223
47166, 0.00936240
47167, 0.00936264
47168, 0.00936281
47169, 0.00936298
47170, 0.00936315
47171, 0.00936332
47172, 0.00936349
47173, 0.00936367
47174, 0.00936384
47175, 0.00936408
47176, 0.00936426
47177, 0.00936443
47178, 0.00936460
47179, 0.00936477
47180, 0.00936494
47181, 0.00936511
47182, 0.00936528
47183, 0.00936546
47184, 0.00936563
47185, 0.00936580
47186, 0.00936597
47187, 0.00936614
47188, 0.00936632
47189, 0.00936649
47190, 0.00936666
47191, 0.00936683
47192, 0.00936700
47193, 0.00936717
47194, 0.00936734
47195, 0.00936752
47196, 0.00936769
47197, 0.00936786
47198, 0.00936803
47199, 0.00936820
47200, 0.00936837
47201, 0.00936854
47202, 0.00936871
47203, 0.00936888
47204, 0.00936905
47205, 0.00936922
47206, 0.00936939
47207, 0.00936957
47208, 0.00936974
47209, 0.00936991
47210, 0.00937008
47211, 0.00937024
47212, 0.00937042
47213, 0.00937059
47214, 0.00937076
47215, 0.00937094
47216, 0.00937111
47217, 0.00937128
47218, 0.00937145
47219, 0.00937162
47220, 0.00937179
47221, 0.00937196
47222, 0.00937213
47223, 0.00937230
47224, 0.00937247
47225, 0.00937265
47226, 0.00937282
47227, 0.00937299
47228, 0.00937315
47229, 0.00937332
47230, 0.00937349
47231, 0.00937366
47232, 0.00937383
47233, 0.00937400
47234, 0.00937417
47235, 0.00937434
47236, 0.00937451
47237, 0.00937469
47238, 0.00937486
47239, 0.00937503
47240, 0.00937520
47241, 0.00937537
47242, 0.00937554
47243, 0.00937571
47244, 0.00937588
47245, 0.00937605
47246, 0.00937622
47247, 0.00937639
47248, 0.00937656
47249, 0.00937673
47250, 0.00937690
47251, 0.00937707
47252, 0.00937724
47253, 0.00937742
47254, 0.00937760
47255, 0.00937984
47256, 0.00938004
47257, 0.00938022
47258, 0.00938039
47259, 0.00938057
47260, 0.00938075
47261, 0.00938092
47262, 0.00938110
47263, 0.00938127
47264, 0.00938145
47265, 0.00938162
47266, 0.00938179
47267, 0.00938197
47268, 0.00938216
47269, 0.00938233
47270, 0.00938251
47271, 0.00938269
47272, 0.00938286
47273, 0.00938304
47274, 0.00938321
47275, 0.00938339
47276, 0.00938356
47277, 0.00938374
47278, 0.00938392
47279, 0.00938410
47280, 0.00938427
47281, 0.00938444
47282, 0.00938462
47283, 0.00938479
47284, 0.00938496
47285, 0.00938514
47286, 0.00938531
47287, 0.00938548
47288, 0.00938566
47289, 0.00938584
47290, 0.00938601
47291, 0.00938619
47292, 0.00938637
47293, 0.00938655
47294, 0.00938672
47295, 0.00938689
47296, 0.00938707
47297, 0.00938724
47298, 0.00938742
47299, 0.00938760
47300, 0.00938777
47301, 0.00938795
47302, 0.00938812
47303, 0.00938830
47304, 0.00938848
47305, 0.00938865
47306, 0.00938883
47307, 0.00938901
47308, 0.00938919
47309, 0.00938936
47310, 0.00938954
47311, 0.00938971
47312, 0.00938989
47313, 0.00939007
47314, 0.00939024
47315, 0.00939041
47316, 0.00939059
47317, 0.00939076
47318, 0.00939094
47319, 0.00939111
47320, 0.00939129
47321, 0.00939146
47322, 0.00939163
47323, 0.00939181
47324, 0.00939199
47325, 0.00939216
47326, 0.00939234
47327, 0.00939252
47328, 0.00939269
47329, 0.00939286
47330, 0.00939303
47331, 0.00939321
47332, 0.00939338
47333, 0.00939356
47334, 0.00939373
47335, 0.00939391
47336, 0.00939408
47337, 0.00939426
47338, 0.00939443
47339, 0.00939461
47340, 0.00939478
47341, 0.00939496
47342, 0.00939513
47343, 0.00939531
47344, 0.00939548
47345, 0.00939565
47346, 0.00939583
47347, 0.00939601
47348, 0.00939618
47349, 0.00939636
47350, 0.00939653
47351, 0.00939671
47352, 0.00939688
47353, 0.00939705
47354, 0.00939723
47355, 0.00939740
47356, 0.00939758
47357, 0.00939775
47358, 0.00939793
47359, 0.00939811
47360, 0.00939830
47361, 0.00939848
47362, 0.00939866
47363, 0.00939884
47364, 0.00939901
47365, 0.00939919
47366, 0.00939936
47367, 0.00939953
47368, 0.00939971
47369, 0.00939988
47370, 0.00940005
47371, 0.00940023
47372, 0.00940040
47373, 0.00940058
47374, 0.00940075
47375, 0.00940093
47376, 0.00940110
47377, 0.00940128
47378, 0.00940145
47379, 0.00940162
47380, 0.00940181
47381, 0.00940402
47382, 0.00940423
47383, 0.00940440
47384, 0.00940458
47385, 0.00940475
47386, 0.00940492
47387, 0.00940510
47388, 0.00940528
47389, 0.00940546
47390, 0.00940563
47391, 0.00940581
47392, 0.00940599
47393, 0.00940616
47394, 0.00940634
47395, 0.00940651
47396, 0.00940669
47397, 0.00940687
47398, 0.00940704
47399, 0.00940722
47400, 0.00940739
47401, 0.00940757
47402, 0.00940774
47403, 0.00940792
47404, 0.00940809
47405, 0.00940827
47406, 0.00940845
47407, 0.00940862
47408, 0.00940880
47409, 0.00940897
47410, 0.00940915
47411, 0.00940932
47412, 0.00940950
47413, 0.00940968
47414, 0.00940985
47415, 0.00941003
47416, 0.00941021
47417, 0.00941038
47418, 0.00941055
47419, 0.00941073
47420, 0.00941090
47421, 0.00941108
47422, 0.00941125
47423, 0.00941145
47424, 0.00941162
47425, 0.00941180
47426, 0.00941198
47427, 0.00941216
47428, 0.00941234
47429, 0.00941251
47430, 0.00941269
47431, 0.00941286
47432, 0.00941304
47433, 0.00941322
47434, 0.00941339
47435, 0.00941357
47436, 0.00941375
47437, 0.00941392
47438, 0.00941410
47439, 0.00941428
47440, 0.00941445
47441, 0.00941463
47442, 0.00941481
47443, 0.00941498
47444, 0.00941516
47445, 0.00941534
47446, 0.00941551
47447, 0.00941569
47448, 0.00941586
47449, 0.00941604
47450, 0.00941622
47451, 0.00941639
47452, 0.00941660
47453, 0.00941678
47454, 0.00941696
47455, 0.00941713
47456, 0.00941731
47457, 0.00941748
47458, 0.00941766
47459, 0.00941784
47460, 0.00941801
47461, 0.00941819
47462, 0.00941836
47463, 0.00941854
47464, 0.00941872
47465, 0.00941889
47466, 0.00941907
47467, 0.00941924
47468, 0.00941942
47469, 0.00941960
47470, 0.00941978
47471, 0.00941995
47472, 0.00942013
47473, 0.00942031
47474, 0.00942049
47475, 0.00942066
47476, 0.00942084
47477, 0.00942101
47478, 0.00942119
47479, 0.00942136
47480, 0.00942154
47481, 0.00942172
47482, 0.00942190
47483, 0.00942207
47484, 0.00942225
47485, 0.00942242
47486, 0.00942260
47487, 0.00942278
47488, 0.00942295
47489, 0.00942313
47490, 0.00942331
47491, 0.00942349
47492, 0.00942366
47493, 0.00942384
47494, 0.00942402
47495, 0.00942419
47496, 0.00942436
47497, 0.00942454
47498, 0.00942471
47499, 0.00942489
47500, 0.00942507
47501, 0.00942524
47502, 0.00942542
47503, 0.00942560
47504, 0.00942578
47505, 0.00942595
47506, 0.00942614
47507, 0.00942834
47508, 0.00942853
47509, 0.00942872
47510, 0.00942890
47511, 0.00942908
47512, 0.00942925
47513, 0.00942943
47514, 0.00942961
47515, 0.00942978
47516, 0.00942996
47517, 0.00943014
47518, 0.00943031
47519, 0.00943049
47520, 0.00943066
47521, 0.00943084
47522, 0.00943102
47523, 0.00943119
47524, 0.00943137
47525, 0.00943155
47526, 0.00943172
47527, 0.00943189
47528, 0.00943207
47529, 0.00943224
47530, 0.00943242
47531, 0.00943259
47532, 0.00943277
47533, 0.00943294
47534, 0.00943311
47535, 0.00943329
47536, 0.00943346
47537, 0.00943364
47538, 0.00943381
47539, 0.00943398
47540, 0.00943415
47541, 0.00943432
47542, 0.00943449
47543, 0.00943466
47544, 0.00943483
47545, 0.00943501
47546, 0.00943518
47547, 0.00943535
47548, 0.00943553
47549, 0.00943570
47550, 0.00943587
47551, 0.00943605
47552, 0.00943622
47553, 0.00943639
47554, 0.00943656
47555, 0.00943674
47556, 0.00943691
47557, 0.00943708
47558, 0.00943726
47559, 0.00943743
47560, 0.00943760
47561, 0.00943777
47562, 0.00943794
47563, 0.00943811
47564, 0.00943829
47565, 0.00943846
47566, 0.00943863
47567, 0.00943880
47568, 0.00943898
47569, 0.00943915
47570, 0.00943932
47571, 0.00943949
47572, 0.00943967
47573, 0.00943984
47574, 0.00944001
47575, 0.00944018
47576, 0.00944035
47577, 0.00944052
47578, 0.00944069
47579, 0.00944087
47580, 0.00944104
47581, 0.00944121
47582, 0.00944138
47583, 0.00944155
47584, 0.00944173
47585, 0.00944190
47586, 0.00944207
47587, 0.00944225
47588, 0.00944242
47589, 0.00944259
47590, 0.00944276
47591, 0.00944294
47592, 0.00944311
47593, 0.00944328
47594, 0.00944345
47595, 0.00944362
47596, 0.00944380
47597, 0.00944397
47598, 0.00944414
47599, 0.00944431
47600, 0.00944448
47601, 0.00944465
47602, 0.00944482
47603, 0.00944500
47604, 0.00944517
47605, 0.00944534
47606, 0.00944551
47607, 0.00944568
47608, 0.00944585
47609, 0.00944602
47610, 0.00944619
47611, 0.00944636
47612, 0.00944653
47613, 0.00944670
47614, 0.00944688
47615, 0.00944705
47616, 0.00944722
47617, 0.00944739
47618, 0.00944756
47619, 0.00944773
47620, 0.00944790
47621, 0.00944807
47622, 0.00944824
47623, 0.00944849
47624, 0.00944866
47625, 0.00944883
47626, 0.00944900
47627, 0.00944917
47628, 0.00944934
47629, 0.00944951
47630, 0.00944968
47631, 0.00945002
47632, 0.00945021
47633, 0.00945244
47634, 0.00945264
47635, 0.00945282
47636, 0.00945299
47637, 0.00945317
47638, 0.00945334
47639, 0.00945360
47640, 0.00945378
47641, 0.00945395
47642, 0.00945413
47643, 0.00945431
47644, 0.00945448
47645, 0.00945466
47646, 0.00945483
47647, 0.00945508
47648, 0.00945526
47649, 0.00945543
47650, 0.00945561
47651, 0.00945578
47652, 0.00945596
47653, 0.00945613
47654, 0.00945631
47655, 0.00945656
47656, 0.00945673
47657, 0.00945691
47658, 0.00945708
47659, 0.00945726
47660, 0.00945743
47661, 0.00945761
47662, 0.00945778
47663, 0.00945803
47664, 0.00945820
47665, 0.00945838
47666, 0.00945855
47667, 0.00945873
47668, 0.00945890
47669, 0.00945908
47670, 0.00945925
47671, 0.00945961
47672, 0.00945979
47673, 0.00945996
47674, 0.00946013
47675, 0.00946031
47676, 0.00946048
47677, 0.00946065
47678, 0.00946083
47679, 0.00946107
47680, 0.00946124
47681, 0.00946142
47682, 0.00946159
47683, 0.00946177
47684, 0.00946195
47685, 0.00946213
47686, 0.00946231
47687, 0.00946257
47688, 0.00946274
47689, 0.00946292
47690, 0.00946309
47691, 0.00946326
47692, 0.00946343
47693, 0.00946361
47694, 0.00946378
47695, 0.00946395
47696, 0.00946413
47697, 0.00946430
47698, 0.00946448
47699, 0.00946465
47700, 0.00946482
47701, 0.00946499
47702, 0.00946516
47703, 0.00946533
47704, 0.00946550
47705, 0.00946567
47706, 0.00946584
47707, 0.00946601
47708, 0.00946618
47709, 0.00946635
47710, 0.00946652
47711, 0.00946670
47712, 0.00946687
47713, 0.00946704
47714, 0.00946721
47715, 0.00946738
47716, 0.00946755
47717, 0.00946772
47718, 0.00946790
47719, 0.00946807
47720, 0.00946824
47721, 0.00946841
47722, 0.00946857
47723, 0.00946875
47724, 0.00946891
47725, 0.00946908
47726, 0.00946925
47727, 0.00946942
47728, 0.00946959
47729, 0.00946976
47730, 0.00946993
47731, 0.00947010
47732, 0.00947027
47733, 0.00947044
47734, 0.00947061
47735, 0.00947078
47736, 0.00947095
47737, 0.00947113
47738, 0.00947130
47739, 0.00947147
47740, 0.00947164
47741, 0.00947181
47742, 0.00947198
47743, 0.00947216
47744, 0.00947233
47745, 0.00947250
47746, 0.00947267
47747, 0.00947284
47748, 0.00947301
47749, 0.00947318
47750, 0.00947335
47751, 0.00947352
47752, 0.00947370
47753, 0.00947386
47754, 0.00947403
47755, 0.00947421
47756, 0.00947438
47757, 0.00947455
47758, 0.00947473
47759, 0.00947690
47760, 0.00947710
47761, 0.00947727
47762, 0.00947745
47763, 0.00947762
47764, 0.00947779
47765, 0.00947796
47766, 0.00947814
47767, 0.00947831
47768, 0.00947848
47769, 0.00947866
47770, 0.00947883
47771, 0.00947901
47772, 0.00947918
47773, 0.00947936
47774, 0.00947953
47775, 0.00947970
47776, 0.00947987
47777, 0.00948005
47778, 0.00948022
47779, 0.00948039
47780, 0.00948056
47781, 0.00948073
47782, 0.00948091
47783, 0.00948108
47784, 0.00948125
47785, 0.00948142
47786, 0.00948160
47787, 0.00948178
47788, 0.00948195
47789, 0.00948212
47790, 0.00948229
47791, 0.00948247
47792, 0.00948265
47793, 0.00948283
47794, 0.00948300
47795, 0.00948317
47796, 0.00948334
47797, 0.00948352
47798, 0.00948369
47799, 0.00948386
47800, 0.00948403
47801, 0.00948420
47802, 0.00948437
47803, 0.00948455
47804, 0.00948473
47805, 0.00948490
47806, 0.00948508
47807, 0.00948525
47808, 0.00948543
47809, 0.00948560
47810, 0.00948578
47811, 0.00948595
47812, 0.00948613
47813, 0.00948631
47814, 0.00948648
47815, 0.00948666
47816, 0.00948684
47817, 0.00948701
47818, 0.00948719
47819, 0.00948737
47820, 0.00948755
47821, 0.00948772
47822, 0.00948790
47823, 0.00948807
47824, 0.00948825
47825, 0.00948842
47826, 0.00948860
47827, 0.00948877
47828, 0.00948894
47829, 0.00948912
47830, 0.00948929
47831, 0.00948947
47832, 0.00948965
47833, 0.00948982
47834, 0.00949000
47835, 0.00949017
47836, 0.00949035
47837, 0.00949053
47838, 0.00949070
47839, 0.00949087
47840, 0.00949104
47841, 0.00949122
47842, 0.00949140
47843, 0.00949158
47844, 0.00949175
47845, 0.00949193
47846, 0.00949210
47847, 0.00949228
47848, 0.00949245
47849, 0.00949263
47850, 0.00949281
47851, 0.00949298
47852, 0.00949316
47853, 0.00949333
47854, 0.00949351
47855, 0.00949368
47856, 0.00949385
47857, 0.00949402
47858, 0.00949419
47859, 0.00949437
47860, 0.00949454
47861, 0.00949471
47862, 0.00949489
47863, 0.00949507
47864, 0.00949525
47865, 0.00949543
47866, 0.00949560
47867, 0.00949578
47868, 0.00949595
47869, 0.00949612
47870, 0.00949630
47871, 0.00949647
47872, 0.00949664
47873, 0.00949682
47874, 0.00949699
47875, 0.00949716
47876, 0.00949734
47877, 0.00949751
47878, 0.00949768
47879, 0.00949786
47880, 0.00949803
47881, 0.00949820
47882, 0.00949837
47883, 0.00949855
47884, 0.00949873
47885, 0.00950094
47886, 0.00950115
47887, 0.00950133
47888, 0.00950151
47889, 0.00950169
47890, 0.00950187
47891, 0.00950205
47892, 0.00950222
47893, 0.00950240
47894, 0.00950258
47895, 0.00950275
47896, 0.00950292
47897, 0.00950310
47898, 0.00950328
47899, 0.00950345
47900, 0.00950363
47901, 0.00950380
47902, 0.00950398
47903, 0.00950415
47904, 0.00950433
47905, 0.00950451
47906, 0.00950468
47907, 0.00950486
47908, 0.00950503
47909, 0.00950521
47910, 0.00950538
47911, 0.00950556
47912, 0.00950574
47913, 0.00950591
47914, 0.00950609
47915, 0.00950627
47916, 0.00950644
47917, 0.00950662
47918, 0.00950680
47919, 0.00950697
47920, 0.00950715
47921, 0.00950732
47922, 0.00950750
47923, 0.00950767
47924, 0.00950785
47925, 0.00950802
47926, 0.00950820
47927, 0.00950838
47928, 0.00950855
47929, 0.00950873
47930, 0.00950891
47931, 0.00950908
47932, 0.00950926
47933, 0.00950943
47934, 0.00950961
47935, 0.00950978
47936, 0.00950996
47937, 0.00951013
47938, 0.00951031
47939, 0.00951049
47940, 0.00951066
47941, 0.00951083
47942, 0.00951101
47943, 0.00951118
47944, 0.00951136
47945, 0.00951154
47946, 0.00951171
47947, 0.00951189
47948, 0.00951206
47949, 0.00951224
47950, 0.00951241
47951, 0.00951259
47952, 0.00951277
47953, 0.00951295
47954, 0.00951313
47955, 0.00951330
47956, 0.00951348
47957, 0.00951365
47958, 0.00951383
47959, 0.00951400
47960, 0.00951418
47961, 0.00951436
47962, 0.00951453
47963, 0.00951471
47964, 0.00951488
47965, 0.00951506
47966, 0.00951524
47967, 0.00951542
47968, 0.00951560
47969, 0.00951578
47970, 0.00951596
47971, 0.00951614
47972, 0.00951632
47973, 0.00951649
47974, 0.00951667
47975, 0.00951684
47976, 0.00951702
47977, 0.00951720
47978, 0.00951738
47979, 0.00951756
47980, 0.00951774
47981, 0.00951793
47982, 0.00951811
47983, 0.00951829
47984, 0.00951846
47985, 0.00951863
47986, 0.00951880
47987, 0.00951898
47988, 0.00951915
47989, 0.00951932
47990, 0.00951950
47991, 0.00951967
47992, 0.00951984
47993, 0.00952001
47994, 0.00952019
47995, 0.00952036
47996, 0.00952053
47997, 0.00952071
47998, 0.00952088
47999, 0.00952105
48000, 0.00952122
48001, 0.00952139
48002, 0.00952157
48003, 0.00952174
48004, 0.00952191
48005, 0.00952208
48006, 0.00952226
48007, 0.00952243
48008, 0.00952260
48009, 0.00952277
48010, 0.00952296
48011, 0.00952515
48012, 0.00952536
48013, 0.00952554
48014, 0.00952572
48015, 0.00952590
48016, 0.00952607
48017, 0.00952625
48018, 0.00952643
48019, 0.00952660
48020, 0.00952678
48021, 0.00952696
48022, 0.00952714
48023, 0.00952731
48024, 0.00952749
48025, 0.00952767
48026, 0.00952784
48027, 0.00952802
48028, 0.00952820
48029, 0.00952838
48030, 0.00952856
48031, 0.00952873
48032, 0.00952891
48033, 0.00952909
48034, 0.00952927
48035, 0.00952944
48036, 0.00952962
48037, 0.00952980
48038, 0.00952997
48039, 0.00953015
48040, 0.00953033
48041, 0.00953050
48042, 0.00953068
48043, 0.00953085
48044, 0.00953103
48045, 0.00953121
48046, 0.00953138
48047, 0.00953156
48048, 0.00953174
48049, 0.00953191
48050, 0.00953209
48051, 0.00953226
48052, 0.00953244
48053, 0.00953261
48054, 0.00953279
48055, 0.00953296
48056, 0.00953314
48057, 0.00953332
48058, 0.00953349
48059, 0.00953367
48060, 0.00953384
48061, 0.00953403
48062, 0.00953420
48063, 0.00953438
48064, 0.00953456
48065, 0.00953473
48066, 0.00953491
48067, 0.00953508
48068, 0.00953526
48069, 0.00953544
48070, 0.00953561
48071, 0.00953579
48072, 0.00953597
48073, 0.00953614
48074, 0.00953632
48075, 0.00953650
48076, 0.00953667
48077, 0.00953685
48078, 0.00953702
48079, 0.00953720
48080, 0.00953738
48081, 0.00953755
48082, 0.00953773
48083, 0.00953790
48084, 0.00953808
48085, 0.00953825
48086, 0.00953843
48087, 0.00953860
48088, 0.00953878
48089, 0.00953895
48090, 0.00953912
48091, 0.00953930
48092, 0.00953948
48093, 0.00953966
48094, 0.00953983
48095, 0.00954001
48096, 0.00954018
48097, 0.00954036
48098, 0.00954053
48099, 0.00954071
48100, 0.00954089
48101, 0.00954106
48102, 0.00954124
48103, 0.00954142
48104, 0.00954159
48105, 0.00954177
48106, 0.00954195
48107, 0.00954212
48108, 0.00954229
48109, 0.00954247
48110, 0.00954264
48111, 0.00954282
48112, 0.00954299
48113, 0.00954316
48114, 0.00954334
48115, 0.00954351
48116, 0.00954369
48117, 0.00954386
48118, 0.00954404
48119, 0.00954421
48120, 0.00954439
48121, 0.00954457
48122, 0.00954475
48123, 0.00954494
48124, 0.00954511
48125, 0.00954529
48126, 0.00954546
48127, 0.00954563
48128, 0.00954581
48129, 0.00954598
48130, 0.00954615
48131, 0.00954632
48132, 0.00954650
48133, 0.00954667
48134, 0.00954684
48135, 0.00954707
48136, 0.00954727
48137, 0.00954954
48138, 0.00954973
48139, 0.00954992
48140, 0.00955009
48141, 0.00955027
48142, 0.00955045
48143, 0.00955070
48144, 0.00955088
48145, 0.00955105
48146, 0.00955123
48147, 0.00955141
48148, 0.00955158
48149, 0.00955175
48150, 0.00955193
48151, 0.00955217
48152, 0.00955235
48153, 0.00955252
48154, 0.00955270
48155, 0.00955287
48156, 0.00955305
48157, 0.00955322
48158, 0.00955340
48159, 0.00955367
48160, 0.00955384
48161, 0.00955402
48162, 0.00955419
48163, 0.00955437
48164, 0.00955454
48165, 0.00955471
48166, 0.00955489
48167, 0.00955513
48168, 0.00955531
48169, 0.00955549
48170, 0.00955567
48171, 0.00955584
48172, 0.00955602
48173, 0.00955619
48174, 0.00955637
48175, 0.00955662
48176, 0.00955679
48177, 0.00955697
48178, 0.00955715
48179, 0.00955732
48180, 0.00955749
48181, 0.00955766
48182, 0.00955784
48183, 0.00955808
48184, 0.00955826
48185, 0.00955845
48186, 0.00955863
48187, 0.00955882
48188, 0.00955900
48189, 0.00955918
48190, 0.00955936
48191, 0.00955961
48192, 0.00955979
48193, 0.00955997
48194, 0.00956014
48195, 0.00956031
48196, 0.00956048
48197, 0.00956065
48198, 0.00956083
48199, 0.00956108
48200, 0.00956126
48201, 0.00956143
48202, 0.00956160
48203, 0.00956177
48204, 0.00956194
48205, 0.00956212
48206, 0.00956229
48207, 0.00956246
48208, 0.00956263
48209, 0.00956280
48210, 0.00956297
48211, 0.00956314
48212, 0.00956331
48213, 0.00956349
48214, 0.00956366
48215, 0.00956383
48216, 0.00956401
48217, 0.00956418
48218, 0.00956435
48219, 0.00956452
48220, 0.00956469
48221, 0.00956486
48222, 0.00956503
48223, 0.00956520
48224, 0.00956537
48225, 0.00956554
48226, 0.00956571
48227, 0.00956588
48228, 0.00956605
48229, 0.00956623
48230, 0.00956640
48231, 0.00956657
48232, 0.00956674
48233, 0.00956691
48234, 0.00956709
48235, 0.00956726
48236, 0.00956743
48237, 0.00956760
48238, 0.00956777
48239, 0.00956794
48240, 0.00956811
48241, 0.00956828
48242, 0.00956846
48243, 0.00956863
48244, 0.00956880
48245, 0.00956897
48246, 0.00956914
48247, 0.00956931
48248, 0.00956948
48249, 0.00956965
48250, 0.00956982
48251, 0.00956999
48252, 0.00957017
48253, 0.00957034
48254, 0.00957051
48255, 0.00957068
48256, 0.00957085
48257, 0.00957102
48258, 0.00957119
48259, 0.00957136
48260, 0.00957154
48261, 0.00957171
48262, 0.00957189
48263, 0.00957411
48264, 0.00957430
48265, 0.00957447
48266, 0.00957465
48267, 0.00957482
48268, 0.00957500
48269, 0.00957518
48270, 0.00957535
48271, 0.00957553
48272, 0.00957570
48273, 0.00957588
48274, 0.00957605
48275, 0.00957623
48276, 0.00957641
48277, 0.00957658
48278, 0.00957676
48279, 0.00957693
48280, 0.00957711
48281, 0.00957729
48282, 0.00957746
48283, 0.00957764
48284, 0.00957781
48285, 0.00957799
48286, 0.00957817
48287, 0.00957834
48288, 0.00957852
48289, 0.00957870
48290, 0.00957887
48291, 0.00957905
48292, 0.00957923
48293, 0.00957941
48294, 0.00957958
48295, 0.00957976
48296, 0.00957993
48297, 0.00958011
48298, 0.00958028
48299, 0.00958045
48300, 0.00958063
48301, 0.00958081
48302, 0.00958098
48303, 0.00958116
48304, 0.00958134
48305, 0.00958151
48306, 0.00958169
48307, 0.00958186
48308, 0.00958204
48309, 0.00958221
48310, 0.00958239
48311, 0.00958257
48312, 0.00958275
48313, 0.00958292
48314, 0.00958310
48315, 0.00958328
48316, 0.00958345
48317, 0.00958363
48318, 0.00958380
48319, 0.00958398
48320, 0.00958415
48321, 0.00958433
48322, 0.00958450
48323, 0.00958467
48324, 0.00958485
48325, 0.00958503
48326, 0.00958520
48327, 0.00958538
48328, 0.00958556
48329, 0.00958573
48330, 0.00958591
48331, 0.00958608
48332, 0.00958625
48333, 0.00958643
48334, 0.00958660
48335, 0.00958678
48336, 0.00958696
48337, 0.00958714
48338, 0.00958731
48339, 0.00958748
48340, 0.00958766
48341, 0.00958783
48342, 0.00958801
48343, 0.00958818
48344, 0.00958835
48345, 0.00958852
48346, 0.00958870
48347, 0.00958888
48348, 0.00958905
48349, 0.00958923
48350, 0.00958940
48351, 0.00958958
48352, 0.00958976
48353, 0.00958993
48354, 0.00959011
48355, 0.00959028
48356, 0.00959045
48357, 0.00959063
48358, 0.00959080
48359, 0.00959098
48360, 0.00959115
48361, 0.00959133
48362, 0.00959150
48363, 0.00959168
48364, 0.00959185
48365, 0.00959203
48366, 0.00959220
48367, 0.00959238
48368, 0.00959255
48369, 0.00959272
48370, 0.00959290
48371, 0.00959307
48372, 0.00959325
48373, 0.00959342
48374, 0.00959359
48375, 0.00959377
48376, 0.00959394
48377, 0.00959411
48378, 0.00959429
48379, 0.00959446
48380, 0.00959464
48381, 0.00959481
48382, 0.00959498
48383, 0.00959516
48384, 0.00959533
48385, 0.00959550
48386, 0.00959568
48387, 0.00959585
48388, 0.00959604
48389, 0.00959830
48390, 0.00959849
48391, 0.00959866
48392, 0.00959883
48393, 0.00959901
48394, 0.00959918
48395, 0.00959936
48396, 0.00959953
48397, 0.00959971
48398, 0.00959988
48399, 0.00960006
48400, 0.00960023
48401, 0.00960041
48402, 0.00960059
48403, 0.00960076
48404, 0.00960094
48405, 0.00960111
48406, 0.00960129
48407, 0.00960146
48408, 0.00960164
48409, 0.00960181
48410, 0.00960199
48411, 0.00960217
48412, 0.00960234
48413, 0.00960252
48414, 0.00960270
48415, 0.00960287
48416, 0.00960304
48417, 0.00960322
48418, 0.00960339
48419, 0.00960357
48420, 0.00960374
48421, 0.00960392
48422, 0.00960409
48423, 0.00960427
48424, 0.00960444
48425, 0.00960462
48426, 0.00960480
48427, 0.00960497
48428, 0.00960515
48429, 0.00960532
48430, 0.00960550
48431, 0.00960567
48432, 0.00960585
48433, 0.00960602
48434, 0.00960620
48435, 0.00960638
48436, 0.00960655
48437, 0.00960673
48438, 0.00960691
48439, 0.00960708
48440, 0.00960726
48441, 0.00960743
48442, 0.00960761
48443, 0.00960779
48444, 0.00960796
48445, 0.00960814
48446, 0.00960833
48447, 0.00960851
48448, 0.00960869
48449, 0.00960888
48450, 0.00960906
48451, 0.00960924
48452, 0.00960942
48453, 0.00960960
48454, 0.00960978
48455, 0.00960996
48456, 0.00961014
48457, 0.00961033
48458, 0.00961051
48459, 0.00961069
48460, 0.00961087
48461, 0.00961104
48462, 0.00961121
48463, 0.00961139
48464, 0.00961156
48465, 0.00961173
48466, 0.00961191
48467, 0.00961208
48468, 0.00961226
48469, 0.00961243
48470, 0.00961260
48471, 0.00961277
48472, 0.00961295
48473, 0.00961312
48474, 0.00961329
48475, 0.00961347
48476, 0.00961364
48477, 0.00961381
48478, 0.00961399
48479, 0.00961416
48480, 0.00961434
48481, 0.00961451
48482, 0.00961468
48483, 0.00961486
48484, 0.00961503
48485, 0.00961520
48486, 0.00961538
48487, 0.00961555
48488, 0.00961573
48489, 0.00961590
48490, 0.00961607
48491, 0.00961625
48492, 0.00961643
48493, 0.00961660
48494, 0.00961677
48495, 0.00961694
48496, 0.00961712
48497, 0.00961731
48498, 0.00961749
48499, 0.00961767
48500, 0.00961785
48501, 0.00961803
48502, 0.00961822
48503, 0.00961839
48504, 0.00961856
48505, 0.00961873
48506, 0.00961891
48507, 0.00961908
48508, 0.00961925
48509, 0.00961943
48510, 0.00961961
48511, 0.00961978
48512, 0.00961996
48513, 0.00962015
48514, 0.00962034
48515, 0.00962254
48516, 0.00962273
48517, 0.00962291
48518, 0.00962309
48519, 0.00962327
48520, 0.00962345
48521, 0.00962363
48522, 0.00962380
48523, 0.00962398
48524, 0.00962415
48525, 0.00962435
48526, 0.00962452
48527, 0.00962470
48528, 0.00962488
48529, 0.00962505
48530, 0.00962523
48531, 0.00962541
48532, 0.00962558
48533, 0.00962576
48534, 0.00962593
48535, 0.00962611
48536, 0.00962628
48537, 0.00962646
48538, 0.00962663
48539, 0.00962681
48540, 0.00962698
48541, 0.00962716
48542, 0.00962733
48543, 0.00962750
48544, 0.00962768
48545, 0.00962785
48546, 0.00962803
48547, 0.00962821
48548, 0.00962838
48549, 0.00962856
48550, 0.00962873
48551, 0.00962891
48552, 0.00962909
48553, 0.00962927
48554, 0.00962944
48555, 0.00962962
48556, 0.00962979
48557, 0.00962997
48558, 0.00963015
48559, 0.00963032
48560, 0.00963050
48561, 0.00963067
48562, 0.00963085
48563, 0.00963102
48564, 0.00963120
48565, 0.00963137
48566, 0.00963155
48567, 0.00963172
48568, 0.00963190
48569, 0.00963207
48570, 0.00963225
48571, 0.00963242
48572, 0.00963260
48573, 0.00963277
48574, 0.00963294
48575, 0.00963312
48576, 0.00963329
48577, 0.00963346
48578, 0.00963365
48579, 0.00963383
48580, 0.00963400
48581, 0.00963417
48582, 0.00963435
48583, 0.00963452
48584, 0.00963469
48585, 0.00963487
48586, 0.00963505
48587, 0.00963522
48588, 0.00963539
48589, 0.00963557
48590, 0.00963575
48591, 0.00963592
48592, 0.00963610
48593, 0.00963627
48594, 0.00963645
48595, 0.00963662
48596, 0.00963680
48597, 0.00963697
48598, 0.00963715
48599, 0.00963732
48600, 0.00963750
48601, 0.00963767
48602, 0.00963785
48603, 0.00963802
48604, 0.00963820
48605, 0.00963837
48606, 0.00963855
48607, 0.00963872
48608, 0.00963889
48609, 0.00963907
48610, 0.00963925
48611, 0.00963942
48612, 0.00963960
48613, 0.00963977
48614, 0.00963995
48615, 0.00964012
48616, 0.00964030
48617, 0.00964047
48618, 0.00964064
48619, 0.00964082
48620, 0.00964099
48621, 0.00964117
48622, 0.00964134
48623, 0.00964151
48624, 0.00964169
48625, 0.00964186
48626, 0.00964204
48627, 0.00964221
48628, 0.00964238
48629, 0.00964256
48630, 0.00964273
48631, 0.00964290
48632, 0.00964308
48633, 0.00964325
48634, 0.00964342
48635, 0.00964359
48636, 0.00964377
48637, 0.00964394
48638, 0.00964411
48639, 0.00964429
48640, 0.00964448
48641, 0.00964887
48642, 0.00964908
48643, 0.00964926
48644, 0.00964945
48645, 0.00964963
48646, 0.00964981
48647, 0.00965006
48648, 0.00965024
48649, 0.00965042
48650, 0.00965060
48651, 0.00965077
48652, 0.00965094
48653, 0.00965111
48654, 0.00965128
48655, 0.00965153
48656, 0.00965170
48657, 0.00965187
48658, 0.00965205
48659, 0.00965222
48660, 0.00965240
48661, 0.00965257
48662, 0.00965274
48663, 0.00965297
48664, 0.00965315
48665, 0.00965332
48666, 0.00965349
48667, 0.00965367
48668, 0.00965384
48669, 0.00965401
48670, 0.00965419
48671, 0.00965445
48672, 0.00965462
48673, 0.00965479
48674, 0.00965496
48675, 0.00965514
48676, 0.00965531
48677, 0.00965549
48678, 0.00965566
48679, 0.00965591
48680, 0.00965608
48681, 0.00965626
48682, 0.00965643
48683, 0.00965660
48684, 0.00965677
48685, 0.00965694
48686, 0.00965712
48687, 0.00965737
48688, 0.00965754
48689, 0.00965771
48690, 0.00965788
48691, 0.00965806
48692, 0.00965823
48693, 0.00965841
48694, 0.00965858
48695, 0.00965883
48696, 0.00965900
48697, 0.00965917
48698, 0.00965934
48699, 0.00965951
48700, 0.00965969
48701, 0.00965986
48702, 0.00966003
48703, 0.00966029
48704, 0.00966046
48705, 0.00966063
48706, 0.00966080
48707, 0.00966097
48708, 0.00966115
48709, 0.00966132
48710, 0.00966149
48711, 0.00966166
48712, 0.00966183
48713, 0.00966200
48714, 0.00966218
48715, 0.00966235
48716, 0.00966252
48717, 0.00966270
48718, 0.00966287
48719, 0.00966304
48720, 0.00966322
48721, 0.00966339
48722, 0.00966357
48723, 0.00966374
48724, 0.00966391
48725, 0.00966408
48726, 0.00966426
48727, 0.00966443
48728, 0.00966460
48729, 0.00966478
48730, 0.00966495
48731, 0.00966513
48732, 0.00966530
48733, 0.00966547
48734, 0.00966565
48735, 0.00966582
48736, 0.00966599
48737, 0.00966616
48738, 0.00966634
48739, 0.00966651
48740, 0.00966668
48741, 0.00966686
48742, 0.00966703
48743, 0.00966720
48744, 0.00966738
48745, 0.00966755
48746, 0.00966773
48747, 0.00966790
48748, 0.00966807
48749, 0.00966825
48750, 0.00966842
48751, 0.00966859
48752, 0.00966877
48753, 0.00966894
48754, 0.00966912
48755, 0.00966929
48756, 0.00966947
48757, 0.00966964
48758, 0.00966982
48759, 0.00966999
48760, 0.00967016
48761, 0.00967034
48762, 0.00967051
48763, 0.00967068
48764, 0.00967085
48765, 0.00967102
48766, 0.00967120
48767, 0.00967342
48768, 0.00967362
48769, 0.00967380
48770, 0.00967397
48771, 0.00967415
48772, 0.00967432
48773, 0.00967450
48774, 0.00967467
48775, 0.00967485
48776, 0.00967502
48777, 0.00967520
48778, 0.00967537
48779, 0.00967555
48780, 0.00967572
48781, 0.00967589
48782, 0.00967607
48783, 0.00967624
48784, 0.00967642
48785, 0.00967659
48786, 0.00967676
48787, 0.00967694
48788, 0.00967712
48789, 0.00967729
48790, 0.00967747
48791, 0.00967764
48792, 0.00967782
48793, 0.00967799
48794, 0.00967817
48795, 0.00967835
48796, 0.00967852
48797, 0.00967869
48798, 0.00967887
48799, 0.00967904
48800, 0.00967922
48801, 0.00967939
48802, 0.00967956
48803, 0.00967974
48804, 0.00967991
48805, 0.00968009
48806, 0.00968026
48807, 0.00968044
48808, 0.00968061
48809, 0.00968078
48810, 0.00968095
48811, 0.00968113
48812, 0.00968131
48813, 0.00968148
48814, 0.00968165
48815, 0.00968181
48816, 0.00968199
48817, 0.00968216
48818, 0.00968233
48819, 0.00968250
48820, 0.00968267
48821, 0.00968284
48822, 0.00968302
48823, 0.00968319
48824, 0.00968336
48825, 0.00968353
48826, 0.00968370
48827, 0.00968387
48828, 0.00968405
48829, 0.00968422
48830, 0.00968439
48831, 0.00968456
48832, 0.00968473
48833, 0.00968490
48834, 0.00968507
48835, 0.00968524
48836, 0.00968541
48837, 0.00968558
48838, 0.00968575
48839, 0.00968592
48840, 0.00968609
48841, 0.00968627
48842, 0.00968645
48843, 0.00968662
48844, 0.00968679
48845, 0.00968697
48846, 0.00968714
48847, 0.00968731
48848, 0.00968749
48849, 0.00968765
48850, 0.00968782
48851, 0.00968800
48852, 0.00968818
48853, 0.00968835
48854, 0.00968852
48855, 0.00968869
48856, 0.00968886
48857, 0.00968903
48858, 0.00968920
48859, 0.00968937
48860, 0.00968954
48861, 0.00968972
48862, 0.00968989
48863, 0.00969006
48864, 0.00969023
48865, 0.00969041
48866, 0.00969058
48867, 0.00969076
48868, 0.00969093
48869, 0.00969111
48870, 0.00969128
48871, 0.00969145
48872, 0.00969162
48873, 0.00969180
48874, 0.00969198
48875, 0.00969215
48876, 0.00969232
48877, 0.00969250
48878, 0.00969267
48879, 0.00969284
48880, 0.00969301
48881, 0.00969318
48882, 0.00969335
48883, 0.00969352
48884, 0.00969370
48885, 0.00969387
48886, 0.00969404
48887, 0.00969421
48888, 0.00969439
48889, 0.00969456
48890, 0.00969473
48891, 0.00969490
48892, 0.00969509
48893, 0.00969730
48894, 0.00969750
48895, 0.00969768
48896, 0.00969785
48897, 0.00969803
48898, 0.00969820
48899, 0.00969839
48900, 0.00969857
48901, 0.00969875
48902, 0.00969892
48903, 0.00969910
48904, 0.00969928
48905, 0.00969945
48906, 0.00969963
48907, 0.00969980
48908, 0.00969997
48909, 0.00970016
48910, 0.00970034
48911, 0.00970052
48912, 0.00970070
48913, 0.00970088
48914, 0.00970106
48915, 0.00970124
48916, 0.00970141
48917, 0.00970159
48918, 0.00970176
48919, 0.00970194
48920, 0.00970211
48921, 0.00970229
48922, 0.00970246
48923, 0.00970263
48924, 0.00970281
48925, 0.00970298
48926, 0.00970316
48927, 0.00970334
48928, 0.00970352
48929, 0.00970370
48930, 0.00970389
48931, 0.00970407
48932, 0.00970424
48933, 0.00970442
48934, 0.00970459
48935, 0.00970478
48936, 0.00970495
48937, 0.00970512
48938, 0.00970530
48939, 0.00970547
48940, 0.00970565
48941, 0.00970582
48942, 0.00970599
48943, 0.00970616
48944, 0.00970633
48945, 0.00970650
48946, 0.00970668
48947, 0.00970685
48948, 0.00970702
48949, 0.00970719
48950, 0.00970736
48951, 0.00970753
48952, 0.00970771
48953, 0.00970788
48954, 0.00970805
48955, 0.00970823
48956, 0.00970840
48957, 0.00970857
48958, 0.00970874
48959, 0.00970891
48960, 0.00970908
48961, 0.00970925
48962, 0.00970942
48963, 0.00970959
48964, 0.00970976
48965, 0.00970993
48966, 0.00971010
48967, 0.00971028
48968, 0.00971045
48969, 0.00971062
48970, 0.00971080
48971, 0.00971097
48972, 0.00971114
48973, 0.00971131
48974, 0.00971149
48975, 0.00971166
48976, 0.00971183
48977, 0.00971200
48978, 0.00971217
48979, 0.00971234
48980, 0.00971251
48981, 0.00971269
48982, 0.00971286
48983, 0.00971303
48984, 0.00971321
48985, 0.00971338
48986, 0.00971355
48987, 0.00971372
48988, 0.00971389
48989, 0.00971406
48990, 0.00971423
48991, 0.00971440
48992, 0.00971459
48993, 0.00971476
48994, 0.00971493
48995, 0.00971510
48996, 0.00971527
48997, 0.00971544
48998, 0.00971561
48999, 0.00971579
49000, 0.00971596
49001, 0.00971613
49002, 0.00971630
49003, 0.00971647
49004, 0.00971664
49005, 0.00971681
49006, 0.00971698
49007, 0.00971715
49008, 0.00971733
49009, 0.00971750
49010, 0.00971766
49011, 0.00971783
49012, 0.00971801
49013, 0.00971818
49014, 0.00971835
49015, 0.00971852
49016, 0.00971869
49017, 0.00971886
49018, 0.00971904
49019, 0.00972125
49020, 0.00972145
49021, 0.00972163
49022, 0.00972180
49023, 0.00972197
49024, 0.00972215
49025, 0.00972233
49026, 0.00972251
49027, 0.00972268
49028, 0.00972286
49029, 0.00972303
49030, 0.00972321
49031, 0.00972338
49032, 0.00972355
49033, 0.00972373
49034, 0.00972391
49035, 0.00972408
49036, 0.00972426
49037, 0.00972443
49038, 0.00972461
49039, 0.00972478
49040, 0.00972495
49041, 0.00972513
49042, 0.00972530
49043, 0.00972547
49044, 0.00972564
49045, 0.00972582
49046, 0.00972599
49047, 0.00972616
49048, 0.00972634
49049, 0.00972651
49050, 0.00972668
49051, 0.00972686
49052, 0.00972703
49053, 0.00972720
49054, 0.00972737
49055, 0.00972755
49056, 0.00972772
49057, 0.00972789
49058, 0.00972807
49059, 0.00972824
49060, 0.00972842
49061, 0.00972865
49062, 0.00972884
49063, 0.00972905
49064, 0.00972923
49065, 0.00972940
49066, 0.00972957
49067, 0.00972975
49068, 0.00972992
49069, 0.00973011
49070, 0.00973029
49071, 0.00973046
49072, 0.00973064
49073, 0.00973081
49074, 0.00973099
49075, 0.00973116
49076, 0.00973134
49077, 0.00973151
49078, 0.00973169
49079, 0.00973186
49080, 0.00973203
49081, 0.00973221
49082, 0.00973238
49083, 0.00973255
49084, 0.00973273
49085, 0.00973290
49086, 0.00973308
49087, 0.00973326
49088, 0.00973344
49089, 0.00973363
49090, 0.00973382
49091, 0.00973400
49092, 0.00973417
49093, 0.00973435
49094, 0.00973452
49095, 0.00973469
49096, 0.00973487
49097, 0.00973504
49098, 0.00973521
49099, 0.00973539
49100, 0.00973556
49101, 0.00973573
49102, 0.00973591
49103, 0.00973608
49104, 0.00973625
49105, 0.00973642
49106, 0.00973660
49107, 0.00973677
49108, 0.00973694
49109, 0.00973712
49110, 0.00973729
49111, 0.00973746
49112, 0.00973764
49113, 0.00973781
49114, 0.00973798
49115, 0.00973816
49116, 0.00973833
49117, 0.00973850
49118, 0.00973868
49119, 0.00973885
49120, 0.00973902
49121, 0.00973919
49122, 0.00973937
49123, 0.00973954
49124, 0.00973971
49125, 0.00973989
49126, 0.00974006
49127, 0.00974023
49128, 0.00974041
49129, 0.00974058
49130, 0.00974075
49131, 0.00974093
49132, 0.00974110
49133, 0.00974127
49134, 0.00974146
49135, 0.00974164
49136, 0.00974181
49137, 0.00974198
49138, 0.00974217
49139, 0.00974235
49140, 0.00974253
49141, 0.00974271
49142, 0.00974289
49143, 0.00974308
49144, 0.00974327
49145, 0.00974551
49146, 0.00974570
49147, 0.00974588
49148, 0.00974605
49149, 0.00974623
49150, 0.00974641
49151, 0.00974658
49152, 0.00974676
49153, 0.00974693
49154, 0.00974711
49155, 0.00974728
49156, 0.00974746
49157, 0.00974763
49158, 0.00974781
49159, 0.00974804
49160, 0.00974822
49161, 0.00974839
49162, 0.00974857
49163, 0.00974874
49164, 0.00974891
49165, 0.00974908
49166, 0.00974925
49167, 0.00974949
49168, 0.00974967
49169, 0.00974984
49170, 0.00975001
49171, 0.00975019
49172, 0.00975036
49173, 0.00975053
49174, 0.00975071
49175, 0.00975095
49176, 0.00975112
49177, 0.00975129
49178, 0.00975147
49179, 0.00975164
49180, 0.00975181
49181, 0.00975198
49182, 0.00975215
49183, 0.00975239
49184, 0.00975257
49185, 0.00975274
49186, 0.00975291
49187, 0.00975309
49188, 0.00975326
49189, 0.00975343
49190, 0.00975360
49191, 0.00975385
49192, 0.00975402
49193, 0.00975419
49194, 0.00975436
49195, 0.00975453
49196, 0.00975471
49197, 0.00975488
49198, 0.00975505
49199, 0.00975530
49200, 0.00975548
49201, 0.00975565
49202, 0.00975582
49203, 0.00975600
49204, 0.00975617
49205, 0.00975634
49206, 0.00975652
49207, 0.00975676
49208, 0.00975693
49209, 0.00975711
49210, 0.00975728
49211, 0.00975746
49212, 0.00975764
49213, 0.00975781
49214, 0.00975799
49215, 0.00975824
49216, 0.00975841
49217, 0.00975858
49218, 0.00975875
49219, 0.00975892
49220, 0.00975909
49221, 0.00975926
49222, 0.00975944
49223, 0.00975961
49224, 0.00975978
49225, 0.00975995
49226, 0.00976013
49227, 0.00976030
49228, 0.00976047
49229, 0.00976064
49230, 0.00976081
49231, 0.00976098
49232, 0.00976116
49233, 0.00976133
49234, 0.00976150
49235, 0.00976167
49236, 0.00976184
49237, 0.00976201
49238, 0.00976219
49239, 0.00976237
49240, 0.00976254
49241, 0.00976271
49242, 0.00976288
49243, 0.00976305
49244, 0.00976322
49245, 0.00976339
49246, 0.00976356
49247, 0.00976374
49248, 0.00976391
49249, 0.00976408
49250, 0.00976425
49251, 0.00976442
49252, 0.00976459
49253, 0.00976476
49254, 0.00976494
49255, 0.00976511
49256, 0.00976528
49257, 0.00976546
49258, 0.00976563
49259, 0.00976580
49260, 0.00976597
49261, 0.00976615
49262, 0.00976632
49263, 0.00976650
49264, 0.00976667
49265, 0.00976684
49266, 0.00976702
49267, 0.00976719
49268, 0.00976737
49269, 0.00976754
49270, 0.00976772
49271, 0.00976994
49272, 0.00977012
49273, 0.00977029
49274, 0.00977047
49275, 0.00977065
49276, 0.00977083
49277, 0.00977101
49278, 0.00977118
49279, 0.00977136
49280, 0.00977153
49281, 0.00977170
49282, 0.00977188
49283, 0.00977205
49284, 0.00977222
49285, 0.00977239
49286, 0.00977256
49287, 0.00977274
49288, 0.00977291
49289, 0.00977308
49290, 0.00977325
49291, 0.00977342
49292, 0.00977360
49293, 0.00977377
49294, 0.00977394
49295, 0.00977412
49296, 0.00977429
49297, 0.00977446
49298, 0.00977463
49299, 0.00977480
49300, 0.00977498
49301, 0.00977515
49302, 0.00977532
49303, 0.00977549
49304, 0.00977567
49305, 0.00977585
49306, 0.00977602
49307, 0.00977620
49308, 0.00977637
49309, 0.00977654
49310, 0.00977672
49311, 0.00977689
49312, 0.00977706
49313, 0.00977723
49314, 0.00977740
49315, 0.00977758
49316, 0.00977775
49317, 0.00977792
49318, 0.00977809
49319, 0.00977826
49320, 0.00977843
49321, 0.00977861
49322, 0.00977878
49323, 0.00977895
49324, 0.00977912
49325, 0.00977929
49326, 0.00977946
49327, 0.00977964
49328, 0.00977981
49329, 0.00977999
49330, 0.00978016
49331, 0.00978033
49332, 0.00978050
49333, 0.00978068
49334, 0.00978085
49335, 0.00978102
49336, 0.00978120
49337, 0.00978137
49338, 0.00978154
49339, 0.00978171
49340, 0.00978189
49341, 0.00978206
49342, 0.00978223
49343, 0.00978240
49344, 0.00978257
49345, 0.00978274
49346, 0.00978292
49347, 0.00978309
49348, 0.00978326
49349, 0.00978343
49350, 0.00978361
49351, 0.00978378
49352, 0.00978395
49353, 0.00978413
49354, 0.00978431
49355, 0.00978448
49356, 0.00978465
49357, 0.00978482
49358, 0.00978500
49359, 0.00978517
49360, 0.00978534
49361, 0.00978551
49362, 0.00978568
49363, 0.00978586
49364, 0.00978603
49365, 0.00978621
49366, 0.00978638
49367, 0.00978655
49368, 0.00978673
49369, 0.00978690
49370, 0.00978707
49371, 0.00978724
49372, 0.00978742
49373, 0.00978759
49374, 0.00978776
49375, 0.00978793
49376, 0.00978810
49377, 0.00978828
49378, 0.00978845
49379, 0.00978862
49380, 0.00978879
49381, 0.00978896
49382, 0.00978913
49383, 0.00978930
49384, 0.00978948
49385, 0.00978966
49386, 0.00978983
49387, 0.00979001
49388, 0.00979018
49389, 0.00979035
49390, 0.00979053
49391, 0.00979070
49392, 0.00979087
49393, 0.00979104
49394, 0.00979122
49395, 0.00979139
49396, 0.00979158
49397, 0.00979379
49398, 0.00979398
49399, 0.00979415
49400, 0.00979433
49401, 0.00979450
49402, 0.00979468
49403, 0.00979485
49404, 0.00979502
49405, 0.00979519
49406, 0.00979536
49407, 0.00979553
49408, 0.00979571
49409, 0.00979588
49410, 0.00979606
49411, 0.00979623
49412, 0.00979640
49413, 0.00979658
49414, 0.00979675
49415, 0.00979692
49416, 0.00979709
49417, 0.00979727
49418, 0.00979744
49419, 0.00979761
49420, 0.00979779
49421, 0.00979796
49422, 0.00979813
49423, 0.00979830
49424, 0.00979847
49425, 0.00979864
49426, 0.00979882
49427, 0.00979900
49428, 0.00979917
49429, 0.00979934
49430, 0.00979952
49431, 0.00979969
49432, 0.00979987
49433, 0.00980004
49434, 0.00980021
49435, 0.00980038
49436, 0.00980056
49437, 0.00980073
49438, 0.00980090
49439, 0.00980107
49440, 0.00980125
49441, 0.00980142
49442, 0.00980159
49443, 0.00980176
49444, 0.00980193
49445, 0.00980210
49446, 0.00980227
49447, 0.00980245
49448, 0.00980262
49449, 0.00980279
49450, 0.00980297
49451, 0.00980314
49452, 0.00980332
49453, 0.00980349
49454, 0.00980366
49455, 0.00980383
49456, 0.00980400
49457, 0.00980417
49458, 0.00980434
49459, 0.00980451
49460, 0.00980468
49461, 0.00980485
49462, 0.00980502
49463, 0.00980519
49464, 0.00980537
49465, 0.00980555
49466, 0.00980572
49467, 0.00980589
49468, 0.00980607
49469, 0.00980624
49470, 0.00980641
49471, 0.00980659
49472, 0.00980676
49473, 0.00980693
49474, 0.00980710
49475, 0.00980727
49476, 0.00980744
49477, 0.00980762
49478, 0.00980779
49479, 0.00980796
49480, 0.00980813
49481, 0.00980830
49482, 0.00980848
49483, 0.00980865
49484, 0.00980883
49485, 0.00980901
49486, 0.00980918
49487, 0.00980935
49488, 0.00980951
49489, 0.00980969
49490, 0.00980986
49491, 0.00981003
49492, 0.00981020
49493, 0.00981037
49494, 0.00981054
49495, 0.00981071
49496, 0.00981089
49497, 0.00981106
49498, 0.00981123
49499, 0.00981141
49500, 0.00981158
49501, 0.00981175
49502, 0.00981191
49503, 0.00981208
49504, 0.00981226
49505, 0.00981243
49506, 0.00981260
49507, 0.00981277
49508, 0.00981294
49509, 0.00981311
49510, 0.00981329
49511, 0.00981346
49512, 0.00981363
49513, 0.00981381
49514, 0.00981398
49515, 0.00981415
49516, 0.00981432
49517, 0.00981449
49518, 0.00981467
49519, 0.00981484
49520, 0.00981501
49521, 0.00981518
49522, 0.00981537
49523, 0.00981757
49524, 0.00981776
49525, 0.00981793
49526, 0.00981811
49527, 0.00981829
49528, 0.00981846
49529, 0.00981864
49530, 0.00981881
49531, 0.00981899
49532, 0.00981916
49533, 0.00981934
49534, 0.00981952
49535, 0.00981969
49536, 0.00981987
49537, 0.00982004
49538, 0.00982022
49539, 0.00982039
49540, 0.00982057
49541, 0.00982075
49542, 0.00982092
49543, 0.00982110
49544, 0.00982128
49545, 0.00982145
49546, 0.00982163
49547, 0.00982180
49548, 0.00982198
49549, 0.00982215
49550, 0.00982232
49551, 0.00982250
49552, 0.00982268
49553, 0.00982285
49554, 0.00982303
49555, 0.00982320
49556, 0.00982338
49557, 0.00982356
49558, 0.00982373
49559, 0.00982390
49560, 0.00982408
49561, 0.00982426
49562, 0.00982443
49563, 0.00982461
49564, 0.00982479
49565, 0.00982496
49566, 0.00982514
49567, 0.00982532
49568, 0.00982550
49569, 0.00982568
49570, 0.00982586
49571, 0.00982603
49572, 0.00982621
49573, 0.00982638
49574, 0.00982656
49575, 0.00982674
49576, 0.00982692
49577, 0.00982710
49578, 0.00982728
49579, 0.00982745
49580, 0.00982763
49581, 0.00982781
49582, 0.00982799
49583, 0.00982816
49584, 0.00982834
49585, 0.00982852
49586, 0.00982869
49587, 0.00982887
49588, 0.00982905
49589, 0.00982922
49590, 0.00982940
49591, 0.00982958
49592, 0.00982976
49593, 0.00982993
49594, 0.00983010
49595, 0.00983029
49596, 0.00983047
49597, 0.00983064
49598, 0.00983082
49599, 0.00983101
49600, 0.00983119
49601, 0.00983137
49602, 0.00983155
49603, 0.00983182
49604, 0.00983201
49605, 0.00983219
49606, 0.00983237
49607, 0.00983254
49608, 0.00983271
49609, 0.00983288
49610, 0.00983305
49611, 0.00983323
49612, 0.00983340
49613, 0.00983357
49614, 0.00983374
49615, 0.00983392
49616, 0.00983409
49617, 0.00983426
49618, 0.00983443
49619, 0.00983460
49620, 0.00983477
49621, 0.00983494
49622, 0.00983512
49623, 0.00983529
49624, 0.00983546
49625, 0.00983564
49626, 0.00983581
49627, 0.00983598
49628, 0.00983615
49629, 0.00983633
49630, 0.00983650
49631, 0.00983667
49632, 0.00983685
49633, 0.00983704
49634, 0.00983721
49635, 0.00983739
49636, 0.00983756
49637, 0.00983773
49638, 0.00983790
49639, 0.00983807
49640, 0.00983825
49641, 0.00983842
49642, 0.00983859
49643, 0.00983876
49644, 0.00983893
49645, 0.00983910
49646, 0.00983927
49647, 0.00983944
49648, 0.00983963
49649, 0.00984176
49650, 0.00984195
49651, 0.00984213
49652, 0.00984231
49653, 0.00984250
49654, 0.00984268
49655, 0.00984286
49656, 0.00984304
49657, 0.00984323
49658, 0.00984341
49659, 0.00984359
49660, 0.00984378
49661, 0.00984396
49662, 0.00984415
49663, 0.00984433
49664, 0.00984451
49665, 0.00984470
49666, 0.00984488
49667, 0.00984506
49668, 0.00984525
49669, 0.00984549
49670, 0.00984567
49671, 0.00984628
49672, 0.00984646
49673, 0.00984664
49674, 0.00984683
49675, 0.00984701
49676, 0.00984720
49677, 0.00984738
49678, 0.00984756
49679, 0.00984781
49680, 0.00984800
49681, 0.00984818
49682, 0.00984837
49683, 0.00984855
49684, 0.00984874
49685, 0.00984892
49686, 0.00984911
49687, 0.00984938
49688, 0.00984956
49689, 0.00984975
49690, 0.00984993
49691, 0.00985012
49692, 0.00985030
49693, 0.00985048
49694, 0.00985067
49695, 0.00985092
49696, 0.00985110
49697, 0.00985128
49698, 0.00985147
49699, 0.00985165
49700, 0.00985183
49701, 0.00985202
49702, 0.00985220
49703, 0.00985246
49704, 0.00985264
49705, 0.00985282
49706, 0.00985300
49707, 0.00985318
49708, 0.00985337
49709, 0.00985355
49710, 0.00985373
49711, 0.00985411
49712, 0.00985430
49713, 0.00985448
49714, 0.00985466
49715, 0.00985484
49716, 0.00985502
49717, 0.00985521
49718, 0.00985539
49719, 0.00985565
49720, 0.00985583
49721, 0.00985601
49722, 0.00985619
49723, 0.00985637
49724, 0.00985655
49725, 0.00985673
49726, 0.00985691
49727, 0.00985717
49728, 0.00985735
49729, 0.00985753
49730, 0.00985772
49731, 0.00985790
49732, 0.00985809
49733, 0.00985827
49734, 0.00985846
49735, 0.00985864
49736, 0.00985882
49737, 0.00985901
49738, 0.00985919
49739, 0.00985938
49740, 0.00985956
49741, 0.00985975
49742, 0.00985993
49743, 0.00986011
49744, 0.00986029
49745, 0.00986047
49746, 0.00986065
49747, 0.00986083
49748, 0.00986102
49749, 0.00986120
49750, 0.00986138
49751, 0.00986156
49752, 0.00986174
49753, 0.00986192
49754, 0.00986211
49755, 0.00986229
49756, 0.00986247
49757, 0.00986265
49758, 0.00986284
49759, 0.00986302
49760, 0.00986320
49761, 0.00986338
49762, 0.00986357
49763, 0.00986375
49764, 0.00986393
49765, 0.00986411
49766, 0.00986430
49767, 0.00986448
49768, 0.00986466
49769, 0.00986484
49770, 0.00986503
49771, 0.00986521
49772, 0.00986540
49773, 0.00986558
49774, 0.00986578
49775, 0.00986836
49776, 0.00986856
49777, 0.00986874
49778, 0.00986892
49779, 0.00986910
49780, 0.00986928
49781, 0.00986947
49782, 0.00986965
49783, 0.00986984
49784, 0.00987002
49785, 0.00987020
49786, 0.00987039
49787, 0.00987057
49788, 0.00987075
49789, 0.00987094
49790, 0.00987112
49791, 0.00987130
49792, 0.00987149
49793, 0.00987167
49794, 0.00987185
49795, 0.00987204
49796, 0.00987222
49797, 0.00987240
49798, 0.00987258
49799, 0.00987277
49800, 0.00987295
49801, 0.00987314
49802, 0.00987332
49803, 0.00987350
49804, 0.00987369
49805, 0.00987387
49806, 0.00987405
49807, 0.00987424
49808, 0.00987442
49809, 0.00987460
49810, 0.00987477
49811, 0.00987495
49812, 0.00987512
49813, 0.00987529
49814, 0.00987546
49815, 0.00987563
49816, 0.00987580
49817, 0.00987598
49818, 0.00987615
49819, 0.00987632
49820, 0.00987649
49821, 0.00987667
49822, 0.00987684
49823, 0.00987702
49824, 0.00987719
49825, 0.00987736
49826, 0.00987753
49827, 0.00987770
49828, 0.00987787
49829, 0.00987805
49830, 0.00987822
49831, 0.00987839
49832, 0.00987856
49833, 0.00987873
49834, 0.00987891
49835, 0.00987908
49836, 0.00987925
49837, 0.00987942
49838, 0.00987959
49839, 0.00987977
49840, 0.00987994
49841, 0.00988012
49842, 0.00988029
49843, 0.00988047
49844, 0.00988064
49845, 0.00988081
49846, 0.00988098
49847, 0.00988115
49848, 0.00988132
49849, 0.00988150
49850, 0.00988167
49851, 0.00988185
49852, 0.00988202
49853, 0.00988219
49854, 0.00988236
49855, 0.00988254
49856, 0.00988272
49857, 0.00988289
49858, 0.00988306
49859, 0.00988324
49860, 0.00988341
49861, 0.00988358
49862, 0.00988375
49863, 0.00988393
49864, 0.00988410
49865, 0.00988428
49866, 0.00988445
49867, 0.00988463
49868, 0.00988480
49869, 0.00988498
49870, 0.00988515
49871, 0.00988532
49872, 0.00988550
49873, 0.00988567
49874, 0.00988585
49875, 0.00988602
49876, 0.00988619
49877, 0.00988637
49878, 0.00988654
49879, 0.00988671
49880, 0.00988688
49881, 0.00988705
49882, 0.00988723
49883, 0.00988739
49884, 0.00988757
49885, 0.00988774
49886, 0.00988791
49887, 0.00988808
49888, 0.00988825
49889, 0.00988843
49890, 0.00988860
49891, 0.00988877
49892, 0.00988895
49893, 0.00988912
49894, 0.00988929
49895, 0.00988947
49896, 0.00988964
49897, 0.00988981
49898, 0.00988999
49899, 0.00989016
49900, 0.00989034
49901, 0.00989255
49902, 0.00989276
49903, 0.00989294
49904, 0.00989312
49905, 0.00989330
49906, 0.00989348
49907, 0.00989367
49908, 0.00989385
49909, 0.00989403
49910, 0.00989421
49911, 0.00989440
49912, 0.00989458
49913, 0.00989476
49914, 0.00989494
49915, 0.00989512
49916, 0.00989530
49917, 0.00989549
49918, 0.00989567
49919, 0.00989585
49920, 0.00989603
49921, 0.00989622
49922, 0.00989640
49923, 0.00989658
49924, 0.00989677
49925, 0.00989695
49926, 0.00989713
49927, 0.00989731
49928, 0.00989750
49929, 0.00989768
49930, 0.00989786
49931, 0.00989804
49932, 0.00989822
49933, 0.00989840
49934, 0.00989858
49935, 0.00989877
49936, 0.00989895
49937, 0.00989913
49938, 0.00989931
49939, 0.00989949
49940, 0.00989967
49941, 0.00989986
49942, 0.00990004
49943, 0.00990022
49944, 0.00990040
49945, 0.00990058
49946, 0.00990077
49947, 0.00990094
49948, 0.00990112
49949, 0.00990131
49950, 0.00990148
49951, 0.00990166
49952, 0.00990183
49953, 0.00990201
49954, 0.00990217
49955, 0.00990235
49956, 0.00990252
49957, 0.00990269
49958, 0.00990287
49959, 0.00990304
49960, 0.00990321
49961, 0.00990338
49962, 0.00990355
49963, 0.00990373
49964, 0.00990390
49965, 0.00990407
49966, 0.00990425
49967, 0.00990442
49968, 0.00990459
49969, 0.00990477
49970, 0.00990494
49971, 0.00990511
49972, 0.00990528
49973, 0.00990545
49974, 0.00990562
49975, 0.00990579
49976, 0.00990596
49977, 0.00990614
49978, 0.00990631
49979, 0.00990649
49980, 0.00990666
49981, 0.00990683
49982, 0.00990700
49983, 0.00990717
49984, 0.00990735
49985, 0.00990752
49986, 0.00990769
49987, 0.00990787
49988, 0.00990804
49989, 0.00990822
49990, 0.00990839
49991, 0.00990856
49992, 0.00990873
49993, 0.00990891
49994, 0.00990908
49995, 0.00990925
49996, 0.00990943
49997, 0.00990960
49998, 0.00990977
49999, 0.00990995
50000, 0.00991012
