0, 0.00000000
1, 0.00000185
2, 0.00000240
3, 0.00000287
4, 0.00000335
5, 0.00000383
6, 0.00000415
7, 0.00000504
8, 0.00000554
9, 0.00000603
10, 0.00000631
11, 0.00000711
12, 0.00000757
13, 0.00000807
14, 0.00000836
15, 0.00000884
16, 0.00000929
17, 0.00000978
18, 0.00001026
19, 0.00001082
20, 0.00001132
21, 0.00001187
22, 0.00001215
23, 0.00001274
24, 0.00001322
25, 0.00001377
26, 0.00001425
27, 0.00001473
28, 0.00001502
29, 0.00001582
30, 0.00001612
31, 0.00001664
32, 0.00001712
33, 0.00001760
34, 0.00001812
35, 0.00001860
36, 0.00001889
37, 0.00001939
38, 0.00001985
39, 0.00002038
40, 0.00002088
41, 0.00002116
42, 0.00002164
43, 0.00002214
44, 0.00002261
45, 0.00002310
46, 0.00002338
47, 0.00002389
48, 0.00002436
49, 0.00002482
50, 0.00002530
51, 0.00002558
52, 0.00002607
53, 0.00002664
54, 0.00002709
55, 0.00002777
56, 0.00002827
57, 0.00002875
58, 0.00002922
59, 0.00002970
60, 0.00002998
61, 0.00003051
62, 0.00003099
63, 0.00003157
64, 0.00003204
65, 0.00003250
66, 0.00003297
67, 0.00003325
68, 0.00003376
69, 0.00003432
70, 0.00003480
71, 0.00003528
72, 0.00003577
73, 0.00003626
74, 0.00003656
75, 0.00003706
76, 0.00003752
77, 0.00003808
78, 0.00003867
79, 0.00003920
80, 0.00003950
81, 0.00003997
82, 0.00004042
83, 0.00004091
84, 0.00004140
85, 0.00004171
86, 0.00004220
87, 0.00004278
88, 0.00004325
89, 0.00004372
90, 0.00004420
91, 0.00004448
92, 0.00004496
93, 0.00004541
94, 0.00004590
95, 0.00004639
96, 0.00004670
97, 0.00004739
98, 0.00004786
99, 0.00004832
100, 0.00004881
101, 0.00004910
102, 0.00004957
103, 0.00005004
104, 0.00005051
105, 0.00005100
106, 0.00005129
107, 0.00005175
108, 0.00005222
109, 0.00005271
110, 0.00005317
111, 0.00005346
112, 0.00005394
113, 0.00005442
114, 0.00005491
115, 0.00005540
116, 0.00005570
117, 0.00005618
118, 0.00005669
119, 0.00005718
120, 0.00005766
121, 0.00005798
122, 0.00005846
123, 0.00005892
124, 0.00005941
125, 0.00005989
126, 0.00006020
127, 0.00006069
128, 0.00006114
129, 0.00006162
130, 0.00006211
131, 0.00006240
132, 0.00006288
133, 0.00006352
134, 0.00006405
135, 0.00006450
136, 0.00006498
137, 0.00006545
138, 0.00006575
139, 0.00006622
140, 0.00006668
141, 0.00006717
142, 0.00006746
143, 0.00006798
144, 0.00006845
145, 0.00006892
146, 0.00006941
147, 0.00006990
148, 0.00007019
149, 0.00007073
150, 0.00007119
151, 0.00007169
152, 0.00007218
153, 0.00007247
154, 0.00007298
155, 0.00007346
156, 0.00007394
157, 0.00007444
158, 0.00007491
159, 0.00007520
160, 0.00007568
161, 0.00007614
162, 0.00007663
163, 0.00007713
164, 0.00007742
165, 0.00007791
166, 0.00007837
167, 0.00007887
168, 0.00007936
169, 0.00008000
170, 0.00008030
171, 0.00008078
172, 0.00008126
173, 0.00008173
174, 0.00008222
175, 0.00008251
176, 0.00008299
177, 0.00008355
178, 0.00008403
179, 0.00008451
180, 0.00008480
181, 0.00008528
182, 0.00008594
183, 0.00008643
184, 0.00008692
185, 0.00008722
186, 0.00008772
187, 0.00008820
188, 0.00008874
189, 0.00008923
190, 0.00008952
191, 0.00009002
192, 0.00009049
193, 0.00009097
194, 0.00009147
195, 0.00009195
196, 0.00009226
197, 0.00009274
198, 0.00009321
199, 0.00009372
200, 0.00009422
201, 0.00009450
202, 0.00009500
203, 0.00009551
204, 0.00009600
205, 0.00009649
206, 0.00009678
207, 0.00009726
208, 0.00009772
209, 0.00009820
210, 0.00009870
211, 0.00009899
212, 0.00009949
213, 0.00009996
214, 0.00010043
215, 0.00010093
216, 0.00010142
217, 0.00010172
218, 0.00010220
219, 0.00010266
220, 0.00010315
221, 0.00010363
222, 0.00010393
223, 0.00010441
224, 0.00010488
225, 0.00010537
226, 0.00010588
227, 0.00010618
228, 0.00010668
229, 0.00010714
230, 0.00010762
231, 0.00010811
232, 0.00010858
233, 0.00010888
234, 0.00010935
235, 0.00010983
236, 0.00011033
237, 0.00011081
238, 0.00011111
239, 0.00011159
240, 0.00011205
241, 0.00011231
242, 0.00011259
243, 0.00011287
244, 0.00011308
245, 0.00011332
246, 0.00011354
247, 0.00011376
248, 0.00011401
249, 0.00011432
250, 0.00011461
251, 0.00011509
252, 0.00011537
253, 0.00011581
254, 0.00011629
255, 0.00011658
256, 0.00011705
257, 0.00011757
258, 0.00011827
259, 0.00011884
260, 0.00011936
261, 0.00012010
262, 0.00012042
263, 0.00012091
264, 0.00012138
265, 0.00012189
266, 0.00012239
267, 0.00012288
268, 0.00012321
269, 0.00012369
270, 0.00012418
271, 0.00012467
272, 0.00012518
273, 0.00012569
274, 0.00012601
275, 0.00012652
276, 0.00012701
277, 0.00012755
278, 0.00012807
279, 0.00012857
280, 0.00012909
281, 0.00012959
282, 0.00012991
283, 0.00013039
284, 0.00013088
285, 0.00013136
286, 0.00013186
287, 0.00013235
288, 0.00013267
289, 0.00013318
290, 0.00013368
291, 0.00013416
292, 0.00013466
293, 0.00013516
294, 0.00013546
295, 0.00013598
296, 0.00013647
297, 0.00013697
298, 0.00013748
299, 0.00013798
300, 0.00013848
301, 0.00013879
302, 0.00013929
303, 0.00013977
304, 0.00014033
305, 0.00014084
306, 0.00014135
307, 0.00014164
308, 0.00014214
309, 0.00014262
310, 0.00014353
311, 0.00014403
312, 0.00014454
313, 0.00014503
314, 0.00014535
315, 0.00014584
316, 0.00014633
317, 0.00014681
318, 0.00014730
319, 0.00014780
320, 0.00014831
321, 0.00014863
322, 0.00014913
323, 0.00014963
324, 0.00015014
325, 0.00015063
326, 0.00015112
327, 0.00015143
328, 0.00015191
329, 0.00015238
330, 0.00015287
331, 0.00015337
332, 0.00015387
333, 0.00015418
334, 0.00015469
335, 0.00015518
336, 0.00015567
337, 0.00015624
338, 0.00015675
339, 0.00015725
340, 0.00015756
341, 0.00015807
342, 0.00015854
343, 0.00015903
344, 0.00015952
345, 0.00016003
346, 0.00016054
347, 0.00016086
348, 0.00016137
349, 0.00016187
350, 0.00016236
351, 0.00016287
352, 0.00016337
353, 0.00016388
354, 0.00016438
355, 0.00016471
356, 0.00016523
357, 0.00016573
358, 0.00016620
359, 0.00016670
360, 0.00016720
361, 0.00016772
362, 0.00016804
363, 0.00016854
364, 0.00016903
365, 0.00016953
366, 0.00017003
367, 0.00017052
368, 0.00017083
369, 0.00017135
370, 0.00017182
371, 0.00017231
372, 0.00017281
373, 0.00017332
374, 0.00017382
375, 0.00017413
376, 0.00017464
377, 0.00017514
378, 0.00017563
379, 0.00017613
380, 0.00017663
381, 0.00017714
382, 0.00017767
383, 0.00018197
384, 0.00018254
385, 0.00018303
386, 0.00018353
387, 0.00018402
388, 0.00018454
389, 0.00018505
390, 0.00018535
391, 0.00018587
392, 0.00018636
393, 0.00018684
394, 0.00018733
395, 0.00018783
396, 0.00018833
397, 0.00018864
398, 0.00018911
399, 0.00018959
400, 0.00019008
401, 0.00019059
402, 0.00019109
403, 0.00019141
404, 0.00019190
405, 0.00019239
406, 0.00019288
407, 0.00019339
408, 0.00019389
409, 0.00019439
410, 0.00019471
411, 0.00019519
412, 0.00019567
413, 0.00019616
414, 0.00019667
415, 0.00019717
416, 0.00019749
417, 0.00019800
418, 0.00019846
419, 0.00019894
420, 0.00019945
421, 0.00019996
422, 0.00020027
423, 0.00020078
424, 0.00020126
425, 0.00020175
426, 0.00020224
427, 0.00020273
428, 0.00020323
429, 0.00020354
430, 0.00020404
431, 0.00020452
432, 0.00020501
433, 0.00020553
434, 0.00020602
435, 0.00020634
436, 0.00020685
437, 0.00020735
438, 0.00020786
439, 0.00020834
440, 0.00020885
441, 0.00020938
442, 0.00020990
443, 0.00021040
444, 0.00021073
445, 0.00021123
446, 0.00021171
447, 0.00021220
448, 0.00021271
449, 0.00021321
450, 0.00021352
451, 0.00021403
452, 0.00021452
453, 0.00021499
454, 0.00021550
455, 0.00021600
456, 0.00021651
457, 0.00021683
458, 0.00021743
459, 0.00021792
460, 0.00021838
461, 0.00021889
462, 0.00021940
463, 0.00021971
464, 0.00022023
465, 0.00022073
466, 0.00022122
467, 0.00022171
468, 0.00022222
469, 0.00022273
470, 0.00022323
471, 0.00022355
472, 0.00022407
473, 0.00022458
474, 0.00022506
475, 0.00022554
476, 0.00022604
477, 0.00022654
478, 0.00022684
479, 0.00022733
480, 0.00022781
481, 0.00022830
482, 0.00022880
483, 0.00022931
484, 0.00022961
485, 0.00023013
486, 0.00023061
487, 0.00023111
488, 0.00023161
489, 0.00023212
490, 0.00023262
491, 0.00023293
492, 0.00023343
493, 0.00023391
494, 0.00023440
495, 0.00023491
496, 0.00023542
497, 0.00023573
498, 0.00023624
499, 0.00023672
500, 0.00023720
501, 0.00023769
502, 0.00023819
503, 0.00023869
504, 0.00023901
505, 0.00023950
506, 0.00024000
507, 0.00024048
508, 0.00024099
509, 0.00024479
510, 0.00024529
511, 0.00024582
512, 0.00024632
513, 0.00024684
514, 0.00024735
515, 0.00024766
516, 0.00024818
517, 0.00024868
518, 0.00024918
519, 0.00024968
520, 0.00025017
521, 0.00025067
522, 0.00025098
523, 0.00025147
524, 0.00025194
525, 0.00025242
526, 0.00025293
527, 0.00025341
528, 0.00025374
529, 0.00025424
530, 0.00025473
531, 0.00025521
532, 0.00025570
533, 0.00025620
534, 0.00025651
535, 0.00025703
536, 0.00025752
537, 0.00025800
538, 0.00025849
539, 0.00025900
540, 0.00025951
541, 0.00025981
542, 0.00026033
543, 0.00026083
544, 0.00026130
545, 0.00026178
546, 0.00026229
547, 0.00026278
548, 0.00026310
549, 0.00026359
550, 0.00026409
551, 0.00026461
552, 0.00026510
553, 0.00026561
554, 0.00026612
555, 0.00026642
556, 0.00026692
557, 0.00026740
558, 0.00026788
559, 0.00026840
560, 0.00026890
561, 0.00026941
562, 0.00026971
563, 0.00027021
564, 0.00027069
565, 0.00027119
566, 0.00027167
567, 0.00027225
568, 0.00027275
569, 0.00027327
570, 0.00027378
571, 0.00027409
572, 0.00027459
573, 0.00027508
574, 0.00027556
575, 0.00027610
576, 0.00027659
577, 0.00027709
578, 0.00027740
579, 0.00027791
580, 0.00027839
581, 0.00027887
582, 0.00027936
583, 0.00027987
584, 0.00028036
585, 0.00028068
586, 0.00028116
587, 0.00028165
588, 0.00028212
589, 0.00028262
590, 0.00028313
591, 0.00028368
592, 0.00028419
593, 0.00028451
594, 0.00028501
595, 0.00028551
596, 0.00028599
597, 0.00028648
598, 0.00028698
599, 0.00028749
600, 0.00028782
601, 0.00028833
602, 0.00028882
603, 0.00028932
604, 0.00028980
605, 0.00029030
606, 0.00029081
607, 0.00029161
608, 0.00029211
609, 0.00029262
610, 0.00029312
611, 0.00029363
612, 0.00029396
613, 0.00029447
614, 0.00029495
615, 0.00029543
616, 0.00029593
617, 0.00029642
618, 0.00029693
619, 0.00029725
620, 0.00029778
621, 0.00029827
622, 0.00029877
623, 0.00029930
624, 0.00029982
625, 0.00030032
626, 0.00030082
627, 0.00030115
628, 0.00030165
629, 0.00030213
630, 0.00030261
631, 0.00030312
632, 0.00030362
633, 0.00030411
634, 0.00030444
635, 0.00030836
636, 0.00030886
637, 0.00030935
638, 0.00030985
639, 0.00031035
640, 0.00031086
641, 0.00031117
642, 0.00031167
643, 0.00031216
644, 0.00031264
645, 0.00031314
646, 0.00031364
647, 0.00031395
648, 0.00031445
649, 0.00031492
650, 0.00031541
651, 0.00031590
652, 0.00031640
653, 0.00031670
654, 0.00031722
655, 0.00031771
656, 0.00031819
657, 0.00031869
658, 0.00031919
659, 0.00031968
660, 0.00032018
661, 0.00032050
662, 0.00032101
663, 0.00032151
664, 0.00032200
665, 0.00032249
666, 0.00032299
667, 0.00032350
668, 0.00032382
669, 0.00032430
670, 0.00032477
671, 0.00032528
672, 0.00032577
673, 0.00032627
674, 0.00032659
675, 0.00032711
676, 0.00032760
677, 0.00032806
678, 0.00032857
679, 0.00032908
680, 0.00032959
681, 0.00033009
682, 0.00033042
683, 0.00033093
684, 0.00033142
685, 0.00033191
686, 0.00033242
687, 0.00033292
688, 0.00033341
689, 0.00033374
690, 0.00033426
691, 0.00033474
692, 0.00033522
693, 0.00033572
694, 0.00033622
695, 0.00033672
696, 0.00033703
697, 0.00033754
698, 0.00033801
699, 0.00033849
700, 0.00033899
701, 0.00033949
702, 0.00033978
703, 0.00034029
704, 0.00034079
705, 0.00034125
706, 0.00034174
707, 0.00034225
708, 0.00034275
709, 0.00034306
710, 0.00034356
711, 0.00034405
712, 0.00034453
713, 0.00034502
714, 0.00034552
715, 0.00034603
716, 0.00034635
717, 0.00034685
718, 0.00034734
719, 0.00034787
720, 0.00034837
721, 0.00034888
722, 0.00034940
723, 0.00034971
724, 0.00035022
725, 0.00035070
726, 0.00035118
727, 0.00035169
728, 0.00035219
729, 0.00035269
730, 0.00035300
731, 0.00035350
732, 0.00035397
733, 0.00035443
734, 0.00035495
735, 0.00035544
736, 0.00035574
737, 0.00035625
738, 0.00035673
739, 0.00035722
740, 0.00035771
741, 0.00035821
742, 0.00035871
743, 0.00035902
744, 0.00035952
745, 0.00036001
746, 0.00036051
747, 0.00036102
748, 0.00036153
749, 0.00036201
750, 0.00036233
751, 0.00036280
752, 0.00036329
753, 0.00036378
754, 0.00036429
755, 0.00036479
756, 0.00036510
757, 0.00036562
758, 0.00036610
759, 0.00036658
760, 0.00036710
761, 0.00037088
762, 0.00037140
763, 0.00037187
764, 0.00037236
765, 0.00037286
766, 0.00037335
767, 0.00037367
768, 0.00037418
769, 0.00037467
770, 0.00037515
771, 0.00037566
772, 0.00037616
773, 0.00037667
774, 0.00037700
775, 0.00037752
776, 0.00037809
777, 0.00037859
778, 0.00037909
779, 0.00037959
780, 0.00038009
781, 0.00038060
782, 0.00038091
783, 0.00038142
784, 0.00038190
785, 0.00038238
786, 0.00038288
787, 0.00038337
788, 0.00038367
789, 0.00038418
790, 0.00038466
791, 0.00038517
792, 0.00038566
793, 0.00038616
794, 0.00038666
795, 0.00038698
796, 0.00038746
797, 0.00038793
798, 0.00038842
799, 0.00038892
800, 0.00038943
801, 0.00038974
802, 0.00039023
803, 0.00039072
804, 0.00039119
805, 0.00039170
806, 0.00039220
807, 0.00039252
808, 0.00039304
809, 0.00039353
810, 0.00039400
811, 0.00039448
812, 0.00039499
813, 0.00039550
814, 0.00039580
815, 0.00039630
816, 0.00039677
817, 0.00039726
818, 0.00039776
819, 0.00039828
820, 0.00039879
821, 0.00039910
822, 0.00039962
823, 0.00040011
824, 0.00040060
825, 0.00040110
826, 0.00040161
827, 0.00040211
828, 0.00040242
829, 0.00040292
830, 0.00040340
831, 0.00040391
832, 0.00040438
833, 0.00040488
834, 0.00040518
835, 0.00040568
836, 0.00040616
837, 0.00040666
838, 0.00040716
839, 0.00040766
840, 0.00040817
841, 0.00040848
842, 0.00040899
843, 0.00040945
844, 0.00040993
845, 0.00041043
846, 0.00041092
847, 0.00041123
848, 0.00041173
849, 0.00041221
850, 0.00041270
851, 0.00041320
852, 0.00041368
853, 0.00041399
854, 0.00041450
855, 0.00041497
856, 0.00041546
857, 0.00041594
858, 0.00041644
859, 0.00041675
860, 0.00041729
861, 0.00041778
862, 0.00041825
863, 0.00041875
864, 0.00041926
865, 0.00041976
866, 0.00042007
867, 0.00042058
868, 0.00042107
869, 0.00042155
870, 0.00042207
871, 0.00042258
872, 0.00042308
873, 0.00042339
874, 0.00042391
875, 0.00042440
876, 0.00042488
877, 0.00042536
878, 0.00042587
879, 0.00042637
880, 0.00042668
881, 0.00042719
882, 0.00042767
883, 0.00042816
884, 0.00042865
885, 0.00042916
886, 0.00042968
887, 0.00043338
888, 0.00043391
889, 0.00043440
890, 0.00043490
891, 0.00043540
892, 0.00043592
893, 0.00043642
894, 0.00043674
895, 0.00043726
896, 0.00043773
897, 0.00043821
898, 0.00043870
899, 0.00043921
900, 0.00043951
901, 0.00044002
902, 0.00044049
903, 0.00044099
904, 0.00044151
905, 0.00044202
906, 0.00044254
907, 0.00044304
908, 0.00044336
909, 0.00044387
910, 0.00044434
911, 0.00044482
912, 0.00044531
913, 0.00044582
914, 0.00044614
915, 0.00044665
916, 0.00044714
917, 0.00044764
918, 0.00044812
919, 0.00044863
920, 0.00044913
921, 0.00044945
922, 0.00044997
923, 0.00045044
924, 0.00045090
925, 0.00045141
926, 0.00045192
927, 0.00045223
928, 0.00045273
929, 0.00045322
930, 0.00045368
931, 0.00045418
932, 0.00045469
933, 0.00045501
934, 0.00045553
935, 0.00045603
936, 0.00045652
937, 0.00045701
938, 0.00045752
939, 0.00045803
940, 0.00045833
941, 0.00045883
942, 0.00045931
943, 0.00045979
944, 0.00046029
945, 0.00046081
946, 0.00046131
947, 0.00046164
948, 0.00046215
949, 0.00046263
950, 0.00046310
951, 0.00046359
952, 0.00046409
953, 0.00046440
954, 0.00046489
955, 0.00046539
956, 0.00046587
957, 0.00046636
958, 0.00046687
959, 0.00046717
960, 0.00046768
961, 0.00046817
962, 0.00046867
963, 0.00046916
964, 0.00046967
965, 0.00047015
966, 0.00047047
967, 0.00047099
968, 0.00047147
969, 0.00047196
970, 0.00047245
971, 0.00047295
972, 0.00047325
973, 0.00047375
974, 0.00047421
975, 0.00047469
976, 0.00047519
977, 0.00047568
978, 0.00047600
979, 0.00047650
980, 0.00047699
981, 0.00047747
982, 0.00047797
983, 0.00047848
984, 0.00047899
985, 0.00047932
986, 0.00047982
987, 0.00048029
988, 0.00048079
989, 0.00048129
990, 0.00048180
991, 0.00048230
992, 0.00048261
993, 0.00048311
994, 0.00048360
995, 0.00048409
996, 0.00048459
997, 0.00048510
998, 0.00048541
999, 0.00048592
1000, 0.00048640
1001, 0.00048689
1002, 0.00048717
1003, 0.00048747
1004, 0.00048778
1005, 0.00048807
1006, 0.00048830
1007, 0.00048851
1008, 0.00048871
1009, 0.00048897
1010, 0.00048930
1011, 0.00048955
1012, 0.00048980
1013, 0.00049241
1014, 0.00049276
1015, 0.00049304
1016, 0.00049328
1017, 0.00049353
1018, 0.00049383
1019, 0.00049416
1020, 0.00049465
1021, 0.00049512
1022, 0.00049560
1023, 0.00049612
1024, 0.00049644
1025, 0.00049693
1026, 0.00049740
1027, 0.00049792
1028, 0.00049841
1029, 0.00049874
1030, 0.00049926
1031, 0.00049971
1032, 0.00050003
1033, 0.00050028
1034, 0.00050053
1035, 0.00050075
1036, 0.00050102
1037, 0.00050138
1038, 0.00050188
1039, 0.00050218
1040, 0.00050272
1041, 0.00050322
1042, 0.00050373
1043, 0.00050405
1044, 0.00050452
1045, 0.00050500
1046, 0.00050550
1047, 0.00050600
1048, 0.00050632
1049, 0.00050681
1050, 0.00050729
1051, 0.00050778
1052, 0.00050828
1053, 0.00050859
1054, 0.00050912
1055, 0.00050962
1056, 0.00051012
1057, 0.00051062
1058, 0.00051112
1059, 0.00051162
1060, 0.00051214
1061, 0.00051247
1062, 0.00051299
1063, 0.00051349
1064, 0.00051396
1065, 0.00051447
1066, 0.00051496
1067, 0.00051548
1068, 0.00051577
1069, 0.00051628
1070, 0.00051675
1071, 0.00051727
1072, 0.00051776
1073, 0.00051827
1074, 0.00051857
1075, 0.00051908
1076, 0.00051956
1077, 0.00052006
1078, 0.00052056
1079, 0.00052105
1080, 0.00052155
1081, 0.00052186
1082, 0.00052237
1083, 0.00052287
1084, 0.00052335
1085, 0.00052384
1086, 0.00052435
1087, 0.00052483
1088, 0.00052515
1089, 0.00052566
1090, 0.00052613
1091, 0.00052662
1092, 0.00052713
1093, 0.00052761
1094, 0.00052794
1095, 0.00052845
1096, 0.00052893
1097, 0.00052942
1098, 0.00052992
1099, 0.00053042
1100, 0.00053074
1101, 0.00053126
1102, 0.00053177
1103, 0.00053225
1104, 0.00053275
1105, 0.00053326
1106, 0.00053375
1107, 0.00053406
1108, 0.00053459
1109, 0.00053509
1110, 0.00053556
1111, 0.00053605
1112, 0.00053656
1113, 0.00053705
1114, 0.00053737
1115, 0.00053786
1116, 0.00053835
1117, 0.00053881
1118, 0.00053933
1119, 0.00053982
1120, 0.00054014
1121, 0.00054062
1122, 0.00054110
1123, 0.00054158
1124, 0.00054210
1125, 0.00054260
1126, 0.00054292
1127, 0.00054344
1128, 0.00054393
1129, 0.00054443
1130, 0.00054492
1131, 0.00054544
1132, 0.00054593
1133, 0.00054625
1134, 0.00054676
1135, 0.00054724
1136, 0.00054771
1137, 0.00054822
1138, 0.00054875
1139, 0.00055241
1140, 0.00055290
1141, 0.00055338
1142, 0.00055389
1143, 0.00055440
1144, 0.00055490
1145, 0.00055520
1146, 0.00055571
1147, 0.00055621
1148, 0.00055671
1149, 0.00055720
1150, 0.00055771
1151, 0.00055820
1152, 0.00055852
1153, 0.00055904
1154, 0.00055955
1155, 0.00056003
1156, 0.00056052
1157, 0.00056102
1158, 0.00056152
1159, 0.00056183
1160, 0.00056233
1161, 0.00056281
1162, 0.00056330
1163, 0.00056379
1164, 0.00056430
1165, 0.00056481
1166, 0.00056513
1167, 0.00056565
1168, 0.00056614
1169, 0.00056664
1170, 0.00056714
1171, 0.00056766
1172, 0.00056817
1173, 0.00056867
1174, 0.00056901
1175, 0.00056953
1176, 0.00057000
1177, 0.00057049
1178, 0.00057100
1179, 0.00057151
1180, 0.00057200
1181, 0.00057233
1182, 0.00057284
1183, 0.00057332
1184, 0.00057380
1185, 0.00057430
1186, 0.00057480
1187, 0.00057512
1188, 0.00057564
1189, 0.00057611
1190, 0.00057661
1191, 0.00057709
1192, 0.00057758
1193, 0.00057789
1194, 0.00057838
1195, 0.00057885
1196, 0.00057934
1197, 0.00057983
1198, 0.00058034
1199, 0.00058066
1200, 0.00058115
1201, 0.00058162
1202, 0.00058210
1203, 0.00058261
1204, 0.00058310
1205, 0.00058342
1206, 0.00058391
1207, 0.00058441
1208, 0.00058491
1209, 0.00058542
1210, 0.00058593
1211, 0.00058645
1212, 0.00058677
1213, 0.00058730
1214, 0.00058780
1215, 0.00058827
1216, 0.00058877
1217, 0.00058927
1218, 0.00058978
1219, 0.00059009
1220, 0.00059060
1221, 0.00059108
1222, 0.00059156
1223, 0.00059206
1224, 0.00059256
1225, 0.00059288
1226, 0.00059339
1227, 0.00059388
1228, 0.00059437
1229, 0.00059485
1230, 0.00059537
1231, 0.00059586
1232, 0.00059619
1233, 0.00059670
1234, 0.00059718
1235, 0.00059767
1236, 0.00059816
1237, 0.00059867
1238, 0.00059918
1239, 0.00059951
1240, 0.00060001
1241, 0.00060049
1242, 0.00060097
1243, 0.00060147
1244, 0.00060196
1245, 0.00060227
1246, 0.00060279
1247, 0.00060330
1248, 0.00060379
1249, 0.00060427
1250, 0.00060477
1251, 0.00060527
1252, 0.00060558
1253, 0.00060608
1254, 0.00060656
1255, 0.00060704
1256, 0.00060756
1257, 0.00060806
1258, 0.00060838
1259, 0.00060888
1260, 0.00060936
1261, 0.00060984
1262, 0.00061034
1263, 0.00061083
1264, 0.00061115
1265, 0.00061485
1266, 0.00061537
1267, 0.00061587
1268, 0.00061638
1269, 0.00061669
1270, 0.00061716
1271, 0.00061768
1272, 0.00061817
1273, 0.00061867
1274, 0.00061898
1275, 0.00061948
1276, 0.00061996
1277, 0.00062045
1278, 0.00062096
1279, 0.00062147
1280, 0.00062196
1281, 0.00062229
1282, 0.00062280
1283, 0.00062330
1284, 0.00062379
1285, 0.00062428
1286, 0.00062479
1287, 0.00062529
1288, 0.00062561
1289, 0.00062613
1290, 0.00062663
1291, 0.00062710
1292, 0.00062759
1293, 0.00062809
1294, 0.00062859
1295, 0.00062891
1296, 0.00062942
1297, 0.00062991
1298, 0.00063041
1299, 0.00063090
1300, 0.00063140
1301, 0.00063190
1302, 0.00063221
1303, 0.00063273
1304, 0.00063322
1305, 0.00063369
1306, 0.00063418
1307, 0.00063468
1308, 0.00063517
1309, 0.00063550
1310, 0.00063601
1311, 0.00063651
1312, 0.00063700
1313, 0.00063749
1314, 0.00063800
1315, 0.00063850
1316, 0.00063882
1317, 0.00063933
1318, 0.00063983
1319, 0.00064032
1320, 0.00064081
1321, 0.00064132
1322, 0.00064183
1323, 0.00064214
1324, 0.00064266
1325, 0.00064317
1326, 0.00064365
1327, 0.00064414
1328, 0.00064464
1329, 0.00064515
1330, 0.00064566
1331, 0.00064597
1332, 0.00064649
1333, 0.00064696
1334, 0.00064745
1335, 0.00064795
1336, 0.00064844
1337, 0.00064893
1338, 0.00064926
1339, 0.00064977
1340, 0.00065027
1341, 0.00065077
1342, 0.00065125
1343, 0.00065182
1344, 0.00065233
1345, 0.00065262
1346, 0.00065314
1347, 0.00065361
1348, 0.00065408
1349, 0.00065458
1350, 0.00065507
1351, 0.00065538
1352, 0.00065588
1353, 0.00065636
1354, 0.00065684
1355, 0.00065737
1356, 0.00065787
1357, 0.00065817
1358, 0.00065868
1359, 0.00065915
1360, 0.00065965
1361, 0.00066015
1362, 0.00066064
1363, 0.00066116
1364, 0.00066166
1365, 0.00066198
1366, 0.00066248
1367, 0.00066296
1368, 0.00066344
1369, 0.00066395
1370, 0.00066444
1371, 0.00066476
1372, 0.00066528
1373, 0.00066578
1374, 0.00066628
1375, 0.00066676
1376, 0.00066725
1377, 0.00066775
1378, 0.00066826
1379, 0.00066858
1380, 0.00066906
1381, 0.00066953
1382, 0.00067002
1383, 0.00067052
1384, 0.00067101
1385, 0.00067132
1386, 0.00067183
1387, 0.00067235
1388, 0.00067285
1389, 0.00067334
1390, 0.00067386
1391, 0.00067756
1392, 0.00067811
1393, 0.00067863
1394, 0.00067911
1395, 0.00067959
1396, 0.00068008
1397, 0.00068057
1398, 0.00068089
1399, 0.00068141
1400, 0.00068189
1401, 0.00068238
1402, 0.00068287
1403, 0.00068337
1404, 0.00068386
1405, 0.00068416
1406, 0.00068467
1407, 0.00068515
1408, 0.00068563
1409, 0.00068612
1410, 0.00068662
1411, 0.00068713
1412, 0.00068746
1413, 0.00068799
1414, 0.00068846
1415, 0.00068894
1416, 0.00068943
1417, 0.00068998
1418, 0.00069049
1419, 0.00069100
1420, 0.00069131
1421, 0.00069182
1422, 0.00069228
1423, 0.00069277
1424, 0.00069326
1425, 0.00069376
1426, 0.00069427
1427, 0.00069458
1428, 0.00069508
1429, 0.00069556
1430, 0.00069604
1431, 0.00069653
1432, 0.00069703
1433, 0.00069734
1434, 0.00069787
1435, 0.00069839
1436, 0.00069885
1437, 0.00069934
1438, 0.00069983
1439, 0.00070034
1440, 0.00070065
1441, 0.00070117
1442, 0.00070164
1443, 0.00070212
1444, 0.00070263
1445, 0.00070313
1446, 0.00070362
1447, 0.00070394
1448, 0.00070445
1449, 0.00070494
1450, 0.00070542
1451, 0.00070592
1452, 0.00070643
1453, 0.00070690
1454, 0.00070723
1455, 0.00070776
1456, 0.00070823
1457, 0.00070870
1458, 0.00070919
1459, 0.00070970
1460, 0.00071000
1461, 0.00071051
1462, 0.00071099
1463, 0.00071149
1464, 0.00071200
1465, 0.00071249
1466, 0.00071299
1467, 0.00071330
1468, 0.00071380
1469, 0.00071427
1470, 0.00071475
1471, 0.00071524
1472, 0.00071574
1473, 0.00071624
1474, 0.00071656
1475, 0.00071705
1476, 0.00071752
1477, 0.00071800
1478, 0.00071853
1479, 0.00071902
1480, 0.00071933
1481, 0.00071984
1482, 0.00072031
1483, 0.00072080
1484, 0.00072129
1485, 0.00072179
1486, 0.00072209
1487, 0.00072260
1488, 0.00072308
1489, 0.00072356
1490, 0.00072406
1491, 0.00072456
1492, 0.00072507
1493, 0.00072539
1494, 0.00072590
1495, 0.00072640
1496, 0.00072689
1497, 0.00072740
1498, 0.00072790
1499, 0.00072840
1500, 0.00072872
1501, 0.00072922
1502, 0.00072969
1503, 0.00073018
1504, 0.00073067
1505, 0.00073117
1506, 0.00073148
1507, 0.00073200
1508, 0.00073251
1509, 0.00073300
1510, 0.00073349
1511, 0.00073399
1512, 0.00073449
1513, 0.00073479
1514, 0.00073530
1515, 0.00073578
1516, 0.00073627
1517, 0.00074000
1518, 0.00074055
1519, 0.00074105
1520, 0.00074154
1521, 0.00074202
1522, 0.00074252
1523, 0.00074303
1524, 0.00074354
1525, 0.00074385
1526, 0.00074437
1527, 0.00074485
1528, 0.00074534
1529, 0.00074584
1530, 0.00074634
1531, 0.00074684
1532, 0.00074714
1533, 0.00074764
1534, 0.00074812
1535, 0.00074864
1536, 0.00074914
1537, 0.00074964
1538, 0.00075014
1539, 0.00075045
1540, 0.00075096
1541, 0.00075144
1542, 0.00075193
1543, 0.00075255
1544, 0.00075305
1545, 0.00075356
1546, 0.00075408
1547, 0.00075458
1548, 0.00075488
1549, 0.00075536
1550, 0.00075583
1551, 0.00075632
1552, 0.00075683
1553, 0.00075732
1554, 0.00075763
1555, 0.00075815
1556, 0.00075862
1557, 0.00075908
1558, 0.00075958
1559, 0.00076007
1560, 0.00076038
1561, 0.00076088
1562, 0.00076136
1563, 0.00076183
1564, 0.00076233
1565, 0.00076283
1566, 0.00076313
1567, 0.00076364
1568, 0.00076414
1569, 0.00076461
1570, 0.00076509
1571, 0.00076560
1572, 0.00076608
1573, 0.00076640
1574, 0.00076688
1575, 0.00076736
1576, 0.00076783
1577, 0.00076833
1578, 0.00076883
1579, 0.00076915
1580, 0.00076964
1581, 0.00077014
1582, 0.00077061
1583, 0.00077111
1584, 0.00077160
1585, 0.00077191
1586, 0.00077242
1587, 0.00077291
1588, 0.00077339
1589, 0.00077387
1590, 0.00077439
1591, 0.00077489
1592, 0.00077521
1593, 0.00077570
1594, 0.00077620
1595, 0.00077668
1596, 0.00077718
1597, 0.00077769
1598, 0.00077819
1599, 0.00077851
1600, 0.00077903
1601, 0.00077950
1602, 0.00077999
1603, 0.00078047
1604, 0.00078099
1605, 0.00078147
1606, 0.00078180
1607, 0.00078230
1608, 0.00078280
1609, 0.00078329
1610, 0.00078378
1611, 0.00078430
1612, 0.00078479
1613, 0.00078510
1614, 0.00078561
1615, 0.00078610
1616, 0.00078661
1617, 0.00078709
1618, 0.00078760
1619, 0.00078810
1620, 0.00078840
1621, 0.00078892
1622, 0.00078941
1623, 0.00078993
1624, 0.00079041
1625, 0.00079091
1626, 0.00079142
1627, 0.00079174
1628, 0.00079223
1629, 0.00079269
1630, 0.00079317
1631, 0.00079369
1632, 0.00079418
1633, 0.00079450
1634, 0.00079502
1635, 0.00079550
1636, 0.00079598
1637, 0.00079647
1638, 0.00079698
1639, 0.00079748
1640, 0.00079779
1641, 0.00079832
1642, 0.00079882
1643, 0.00080264
1644, 0.00080314
1645, 0.00080362
1646, 0.00080392
1647, 0.00080423
1648, 0.00080446
1649, 0.00080469
1650, 0.00080491
1651, 0.00080515
1652, 0.00080541
1653, 0.00080563
1654, 0.00080592
1655, 0.00080618
1656, 0.00080644
1657, 0.00080673
1658, 0.00080707
1659, 0.00080741
1660, 0.00080792
1661, 0.00080819
1662, 0.00080844
1663, 0.00080866
1664, 0.00080887
1665, 0.00080908
1666, 0.00080928
1667, 0.00080950
1668, 0.00080970
1669, 0.00080995
1670, 0.00081018
1671, 0.00081040
1672, 0.00081062
1673, 0.00081087
1674, 0.00081110
1675, 0.00081138
1676, 0.00081160
1677, 0.00081182
1678, 0.00081207
1679, 0.00081230
1680, 0.00081255
1681, 0.00081277
1682, 0.00081300
1683, 0.00081323
1684, 0.00081344
1685, 0.00081365
1686, 0.00081387
1687, 0.00081409
1688, 0.00081431
1689, 0.00081452
1690, 0.00081478
1691, 0.00081501
1692, 0.00081525
1693, 0.00081547
1694, 0.00081570
1695, 0.00081596
1696, 0.00081618
1697, 0.00081640
1698, 0.00081661
1699, 0.00081686
1700, 0.00081706
1701, 0.00081727
1702, 0.00081750
1703, 0.00081777
1704, 0.00081799
1705, 0.00081823
1706, 0.00081849
1707, 0.00081872
1708, 0.00081894
1709, 0.00081915
1710, 0.00081935
1711, 0.00081957
1712, 0.00081981
1713, 0.00082004
1714, 0.00082027
1715, 0.00082049
1716, 0.00082072
1717, 0.00082096
1718, 0.00082117
1719, 0.00082143
1720, 0.00082164
1721, 0.00082187
1722, 0.00082209
1723, 0.00082230
1724, 0.00082251
1725, 0.00082272
1726, 0.00082294
1727, 0.00082318
1728, 0.00082341
1729, 0.00082364
1730, 0.00082385
1731, 0.00082409
1732, 0.00082431
1733, 0.00082454
1734, 0.00082478
1735, 0.00082502
1736, 0.00082523
1737, 0.00082547
1738, 0.00082570
1739, 0.00082591
1740, 0.00082614
1741, 0.00082638
1742, 0.00082659
1743, 0.00082681
1744, 0.00082702
1745, 0.00082726
1746, 0.00082749
1747, 0.00082772
1748, 0.00082795
1749, 0.00082817
1750, 0.00082839
1751, 0.00082861
1752, 0.00082885
1753, 0.00082907
1754, 0.00082927
1755, 0.00082950
1756, 0.00082972
1757, 0.00082995
1758, 0.00083016
1759, 0.00083042
1760, 0.00083064
1761, 0.00083089
1762, 0.00083110
1763, 0.00083131
1764, 0.00083153
1765, 0.00083175
1766, 0.00083199
1767, 0.00083227
1768, 0.00083260
1769, 0.00083522
1770, 0.00083547
1771, 0.00083570
1772, 0.00083593
1773, 0.00083616
1774, 0.00083636
1775, 0.00083662
1776, 0.00083689
1777, 0.00083711
1778, 0.00083735
1779, 0.00083758
1780, 0.00083779
1781, 0.00083804
1782, 0.00083833
1783, 0.00083860
1784, 0.00083886
1785, 0.00083912
1786, 0.00083939
1787, 0.00083972
1788, 0.00084004
1789, 0.00084036
1790, 0.00084065
1791, 0.00084092
1792, 0.00084113
1793, 0.00084138
1794, 0.00084164
1795, 0.00084186
1796, 0.00084209
1797, 0.00084233
1798, 0.00084265
1799, 0.00084293
1800, 0.00084323
1801, 0.00084358
1802, 0.00084382
1803, 0.00084405
1804, 0.00084434
1805, 0.00084460
1806, 0.00084483
1807, 0.00084506
1808, 0.00084529
1809, 0.00084549
1810, 0.00084570
1811, 0.00084591
1812, 0.00084612
1813, 0.00084635
1814, 0.00084659
1815, 0.00084689
1816, 0.00084710
1817, 0.00084733
1818, 0.00084757
1819, 0.00084780
1820, 0.00084803
1821, 0.00084825
1822, 0.00084847
1823, 0.00084877
1824, 0.00084897
1825, 0.00084917
1826, 0.00084939
1827, 0.00084961
1828, 0.00084986
1829, 0.00085006
1830, 0.00085027
1831, 0.00085049
1832, 0.00085069
1833, 0.00085091
1834, 0.00085113
1835, 0.00085134
1836, 0.00085155
1837, 0.00085175
1838, 0.00085198
1839, 0.00085225
1840, 0.00085250
1841, 0.00085271
1842, 0.00085291
1843, 0.00085319
1844, 0.00085341
1845, 0.00085366
1846, 0.00085386
1847, 0.00085407
1848, 0.00085428
1849, 0.00085449
1850, 0.00085471
1851, 0.00085493
1852, 0.00085516
1853, 0.00085540
1854, 0.00085562
1855, 0.00085584
1856, 0.00085606
1857, 0.00085631
1858, 0.00085657
1859, 0.00085682
1860, 0.00085704
1861, 0.00085744
1862, 0.00085764
1863, 0.00085785
1864, 0.00085804
1865, 0.00085825
1866, 0.00085846
1867, 0.00085868
1868, 0.00085889
1869, 0.00085910
1870, 0.00085931
1871, 0.00085951
1872, 0.00085971
1873, 0.00085994
1874, 0.00086015
1875, 0.00086037
1876, 0.00086057
1877, 0.00086079
1878, 0.00086100
1879, 0.00086124
1880, 0.00086147
1881, 0.00086192
1882, 0.00086215
1883, 0.00086239
1884, 0.00086264
1885, 0.00086283
1886, 0.00086306
1887, 0.00086334
1888, 0.00086355
1889, 0.00086377
1890, 0.00086397
1891, 0.00086417
1892, 0.00086442
1893, 0.00086463
1894, 0.00086490
1895, 0.00086777
1896, 0.00086802
1897, 0.00086823
1898, 0.00086844
1899, 0.00086864
1900, 0.00086889
1901, 0.00086910
1902, 0.00086939
1903, 0.00086963
1904, 0.00086986
1905, 0.00087007
1906, 0.00087029
1907, 0.00087050
1908, 0.00087071
1909, 0.00087095
1910, 0.00087120
1911, 0.00087140
1912, 0.00087161
1913, 0.00087183
1914, 0.00087207
1915, 0.00087234
1916, 0.00087255
1917, 0.00087301
1918, 0.00087321
1919, 0.00087344
1920, 0.00087364
1921, 0.00087384
1922, 0.00087408
1923, 0.00087429
1924, 0.00087449
1925, 0.00087471
1926, 0.00087493
1927, 0.00087522
1928, 0.00087543
1929, 0.00087562
1930, 0.00087584
1931, 0.00087606
1932, 0.00087628
1933, 0.00087650
1934, 0.00087671
1935, 0.00087699
1936, 0.00087719
1937, 0.00087741
1938, 0.00087760
1939, 0.00087781
1940, 0.00087801
1941, 0.00087825
1942, 0.00087845
1943, 0.00087867
1944, 0.00087890
1945, 0.00087910
1946, 0.00087932
1947, 0.00087954
1948, 0.00087974
1949, 0.00087995
1950, 0.00088016
1951, 0.00088045
1952, 0.00088067
1953, 0.00088088
1954, 0.00088108
1955, 0.00088130
1956, 0.00088155
1957, 0.00088178
1958, 0.00088203
1959, 0.00088227
1960, 0.00088254
1961, 0.00088275
1962, 0.00088298
1963, 0.00088324
1964, 0.00088355
1965, 0.00088388
1966, 0.00088412
1967, 0.00088438
1968, 0.00088463
1969, 0.00088488
1970, 0.00088512
1971, 0.00088532
1972, 0.00088556
1973, 0.00088582
1974, 0.00088608
1975, 0.00088632
1976, 0.00088658
1977, 0.00088683
1978, 0.00088703
1979, 0.00088722
1980, 0.00088768
1981, 0.00088792
1982, 0.00088813
1983, 0.00088839
1984, 0.00088863
1985, 0.00088889
1986, 0.00088916
1987, 0.00088945
1988, 0.00088974
1989, 0.00089006
1990, 0.00089032
1991, 0.00089054
1992, 0.00089079
1993, 0.00089110
1994, 0.00089155
1995, 0.00089179
1996, 0.00089207
1997, 0.00089235
1998, 0.00089262
1999, 0.00089285
2000, 0.00089311
2001, 0.00089338
2002, 0.00089361
2003, 0.00089393
2004, 0.00089426
2005, 0.00089479
2006, 0.00089508
2007, 0.00089560
2008, 0.00089583
2009, 0.00089609
2010, 0.00089639
2011, 0.00089662
2012, 0.00089685
2013, 0.00089710
2014, 0.00089732
2015, 0.00089754
2016, 0.00089777
2017, 0.00089799
2018, 0.00089821
2019, 0.00089846
2020, 0.00089871
2021, 0.00090130
2022, 0.00090160
2023, 0.00090181
2024, 0.00090202
2025, 0.00090224
2026, 0.00090247
2027, 0.00090269
2028, 0.00090291
2029, 0.00090318
2030, 0.00090342
2031, 0.00090365
2032, 0.00090389
2033, 0.00090412
2034, 0.00090434
2035, 0.00090457
2036, 0.00090481
2037, 0.00090502
2038, 0.00090525
2039, 0.00090544
2040, 0.00090564
2041, 0.00090587
2042, 0.00090610
2043, 0.00090632
2044, 0.00090656
2045, 0.00090679
2046, 0.00090712
2047, 0.00090745
2048, 0.00090766
2049, 0.00090787
2050, 0.00090810
2051, 0.00090831
2052, 0.00090851
2053, 0.00090874
2054, 0.00090896
2055, 0.00090919
2056, 0.00090943
2057, 0.00090966
2058, 0.00090986
2059, 0.00091010
2060, 0.00091032
2061, 0.00091054
2062, 0.00091076
2063, 0.00091098
2064, 0.00091124
2065, 0.00091146
2066, 0.00091168
2067, 0.00091189
2068, 0.00091212
2069, 0.00091233
2070, 0.00091257
2071, 0.00091279
2072, 0.00091303
2073, 0.00091326
2074, 0.00091349
2075, 0.00091372
2076, 0.00091399
2077, 0.00091420
2078, 0.00091444
2079, 0.00091472
2080, 0.00091500
2081, 0.00091527
2082, 0.00091556
2083, 0.00091605
2084, 0.00091636
2085, 0.00091685
2086, 0.00091717
2087, 0.00091749
2088, 0.00091783
2089, 0.00091819
2090, 0.00091843
2091, 0.00091868
2092, 0.00091891
2093, 0.00091921
2094, 0.00091943
2095, 0.00091972
2096, 0.00092003
2097, 0.00092037
2098, 0.00092067
2099, 0.00092100
2100, 0.00092132
2101, 0.00092162
2102, 0.00092195
2103, 0.00092232
2104, 0.00092264
2105, 0.00092288
2106, 0.00092309
2107, 0.00092330
2108, 0.00092355
2109, 0.00092379
2110, 0.00092402
2111, 0.00092430
2112, 0.00092456
2113, 0.00092478
2114, 0.00092498
2115, 0.00092519
2116, 0.00092548
2117, 0.00092577
2118, 0.00092623
2119, 0.00092652
2120, 0.00092672
2121, 0.00092693
2122, 0.00092713
2123, 0.00092733
2124, 0.00092754
2125, 0.00092774
2126, 0.00092794
2127, 0.00092819
2128, 0.00092843
2129, 0.00092862
2130, 0.00092887
2131, 0.00092911
2132, 0.00092956
2133, 0.00092987
2134, 0.00093037
2135, 0.00093094
2136, 0.00093143
2137, 0.00093190
2138, 0.00093241
2139, 0.00093291
2140, 0.00093323
2141, 0.00093371
2142, 0.00093418
2143, 0.00093506
2144, 0.00093556
2145, 0.00093607
2146, 0.00093658
2147, 0.00094323
2148, 0.00094378
2149, 0.00094408
2150, 0.00094430
2151, 0.00094466
2152, 0.00094489
2153, 0.00094517
2154, 0.00094545
2155, 0.00094568
2156, 0.00094591
2157, 0.00094615
2158, 0.00094639
2159, 0.00094671
2160, 0.00094699
2161, 0.00094751
2162, 0.00094782
2163, 0.00094831
2164, 0.00094882
2165, 0.00094932
2166, 0.00094965
2167, 0.00095017
2168, 0.00095067
2169, 0.00095115
2170, 0.00095164
2171, 0.00095215
2172, 0.00095247
2173, 0.00095296
2174, 0.00095344
2175, 0.00095405
2176, 0.00095454
2177, 0.00095504
2178, 0.00095535
2179, 0.00095585
2180, 0.00095632
2181, 0.00095682
2182, 0.00095733
2183, 0.00095784
2184, 0.00095815
2185, 0.00095867
2186, 0.00095915
2187, 0.00095962
2188, 0.00096011
2189, 0.00096060
2190, 0.00096091
2191, 0.00096182
2192, 0.00096232
2193, 0.00096265
2194, 0.00096316
2195, 0.00096363
2196, 0.00096411
2197, 0.00096461
2198, 0.00096511
2199, 0.00096565
2200, 0.00096596
2201, 0.00096648
2202, 0.00096696
2203, 0.00096744
2204, 0.00096794
2205, 0.00096844
2206, 0.00096876
2207, 0.00096951
2208, 0.00096983
2209, 0.00097034
2210, 0.00097083
2211, 0.00097130
2212, 0.00097180
2213, 0.00097230
2214, 0.00097280
2215, 0.00097312
2216, 0.00097362
2217, 0.00097412
2218, 0.00097460
2219, 0.00097511
2220, 0.00097559
2221, 0.00097590
2222, 0.00097641
2223, 0.00097689
2224, 0.00097734
2225, 0.00097784
2226, 0.00097834
2227, 0.00097866
2228, 0.00097915
2229, 0.00097962
2230, 0.00098010
2231, 0.00098059
2232, 0.00098090
2233, 0.00098142
2234, 0.00098190
2235, 0.00098237
2236, 0.00098285
2237, 0.00098336
2238, 0.00098367
2239, 0.00098419
2240, 0.00098469
2241, 0.00098520
2242, 0.00098569
2243, 0.00098618
2244, 0.00098669
2245, 0.00098720
2246, 0.00098750
2247, 0.00098800
2248, 0.00098849
2249, 0.00098897
2250, 0.00098947
2251, 0.00098998
2252, 0.00099028
2253, 0.00099079
2254, 0.00099126
2255, 0.00099174
2256, 0.00099223
2257, 0.00099275
2258, 0.00099305
2259, 0.00099356
2260, 0.00099408
2261, 0.00099457
2262, 0.00099504
2263, 0.00099554
2264, 0.00099602
2265, 0.00099633
2266, 0.00099683
2267, 0.00099730
2268, 0.00099779
2269, 0.00099829
2270, 0.00099876
2271, 0.00099908
2272, 0.00099966
2273, 0.00100368
2274, 0.00100423
2275, 0.00100472
2276, 0.00100520
2277, 0.00100568
2278, 0.00100617
2279, 0.00100668
2280, 0.00100701
2281, 0.00100748
2282, 0.00100795
2283, 0.00100845
2284, 0.00100898
2285, 0.00100948
2286, 0.00100980
2287, 0.00101032
2288, 0.00101078
2289, 0.00101126
2290, 0.00101176
2291, 0.00101227
2292, 0.00101277
2293, 0.00101310
2294, 0.00101361
2295, 0.00101409
2296, 0.00101456
2297, 0.00101507
2298, 0.00101556
2299, 0.00101588
2300, 0.00101641
2301, 0.00101691
2302, 0.00101739
2303, 0.00101791
2304, 0.00101841
2305, 0.00101890
2306, 0.00101921
2307, 0.00101969
2308, 0.00102017
2309, 0.00102065
2310, 0.00102114
2311, 0.00102146
2312, 0.00102197
2313, 0.00102245
2314, 0.00102295
2315, 0.00102343
2316, 0.00102394
2317, 0.00102424
2318, 0.00102475
2319, 0.00102523
2320, 0.00102571
2321, 0.00102621
2322, 0.00102672
2323, 0.00102721
2324, 0.00102752
2325, 0.00102799
2326, 0.00102849
2327, 0.00102899
2328, 0.00102949
2329, 0.00102999
2330, 0.00103029
2331, 0.00103076
2332, 0.00103124
2333, 0.00103174
2334, 0.00103223
2335, 0.00103254
2336, 0.00103305
2337, 0.00103354
2338, 0.00103403
2339, 0.00103451
2340, 0.00103501
2341, 0.00103532
2342, 0.00103583
2343, 0.00103632
2344, 0.00103683
2345, 0.00103731
2346, 0.00103783
2347, 0.00103832
2348, 0.00103863
2349, 0.00103912
2350, 0.00103960
2351, 0.00104011
2352, 0.00104063
2353, 0.00104113
2354, 0.00104145
2355, 0.00104197
2356, 0.00104244
2357, 0.00104293
2358, 0.00104343
2359, 0.00104393
2360, 0.00104425
2361, 0.00104477
2362, 0.00104527
2363, 0.00104575
2364, 0.00104625
2365, 0.00104674
2366, 0.00104706
2367, 0.00104758
2368, 0.00104808
2369, 0.00104856
2370, 0.00104904
2371, 0.00104954
2372, 0.00105004
2373, 0.00105035
2374, 0.00105083
2375, 0.00105132
2376, 0.00105180
2377, 0.00105229
2378, 0.00105278
2379, 0.00105310
2380, 0.00105359
2381, 0.00105407
2382, 0.00105456
2383, 0.00105508
2384, 0.00105558
2385, 0.00105589
2386, 0.00105639
2387, 0.00105689
2388, 0.00105739
2389, 0.00105789
2390, 0.00105838
2391, 0.00105870
2392, 0.00105921
2393, 0.00105970
2394, 0.00106018
2395, 0.00106067
2396, 0.00106118
2397, 0.00106168
2398, 0.00106202
2399, 0.00106590
2400, 0.00106644
2401, 0.00106690
2402, 0.00106739
2403, 0.00106788
2404, 0.00106838
2405, 0.00106889
2406, 0.00106922
2407, 0.00106972
2408, 0.00107020
2409, 0.00107068
2410, 0.00107117
2411, 0.00107167
2412, 0.00107199
2413, 0.00107250
2414, 0.00107298
2415, 0.00107347
2416, 0.00107397
2417, 0.00107448
2418, 0.00107478
2419, 0.00107529
2420, 0.00107576
2421, 0.00107624
2422, 0.00107674
2423, 0.00107704
2424, 0.00107755
2425, 0.00107803
2426, 0.00107852
2427, 0.00107901
2428, 0.00107952
2429, 0.00108003
2430, 0.00108034
2431, 0.00108084
2432, 0.00108133
2433, 0.00108180
2434, 0.00108230
2435, 0.00108280
2436, 0.00108310
2437, 0.00108361
2438, 0.00108408
2439, 0.00108457
2440, 0.00108506
2441, 0.00108557
2442, 0.00108588
2443, 0.00108641
2444, 0.00108690
2445, 0.00108737
2446, 0.00108785
2447, 0.00108835
2448, 0.00108886
2449, 0.00108917
2450, 0.00108962
2451, 0.00109010
2452, 0.00109059
2453, 0.00109110
2454, 0.00109139
2455, 0.00109190
2456, 0.00109239
2457, 0.00109288
2458, 0.00109338
2459, 0.00109388
2460, 0.00109437
2461, 0.00109469
2462, 0.00109519
2463, 0.00109569
2464, 0.00109617
2465, 0.00109666
2466, 0.00109716
2467, 0.00109746
2468, 0.00109797
2469, 0.00109845
2470, 0.00109895
2471, 0.00109943
2472, 0.00109993
2473, 0.00110023
2474, 0.00110074
2475, 0.00110121
2476, 0.00110168
2477, 0.00110217
2478, 0.00110266
2479, 0.00110298
2480, 0.00110346
2481, 0.00110395
2482, 0.00110444
2483, 0.00110494
2484, 0.00110544
2485, 0.00110576
2486, 0.00110626
2487, 0.00110673
2488, 0.00110722
2489, 0.00110771
2490, 0.00110822
2491, 0.00110852
2492, 0.00110903
2493, 0.00110950
2494, 0.00110998
2495, 0.00111047
2496, 0.00111095
2497, 0.00111126
2498, 0.00111174
2499, 0.00111221
2500, 0.00111269
2501, 0.00111321
2502, 0.00111371
2503, 0.00111402
2504, 0.00111453
2505, 0.00111500
2506, 0.00111548
2507, 0.00111598
2508, 0.00111649
2509, 0.00111678
2510, 0.00111730
2511, 0.00111780
2512, 0.00111828
2513, 0.00111877
2514, 0.00111927
2515, 0.00111977
2516, 0.00112009
2517, 0.00112060
2518, 0.00112108
2519, 0.00112156
2520, 0.00112206
2521, 0.00112256
2522, 0.00112306
2523, 0.00112338
2524, 0.00112393
2525, 0.00112775
2526, 0.00112827
2527, 0.00112877
2528, 0.00112928
2529, 0.00112958
2530, 0.00113009
2531, 0.00113057
2532, 0.00113103
2533, 0.00113153
2534, 0.00113204
2535, 0.00113252
2536, 0.00113284
2537, 0.00113331
2538, 0.00113378
2539, 0.00113428
2540, 0.00113480
2541, 0.00113531
2542, 0.00113563
2543, 0.00113614
2544, 0.00113661
2545, 0.00113708
2546, 0.00113758
2547, 0.00113808
2548, 0.00113837
2549, 0.00113888
2550, 0.00113935
2551, 0.00113984
2552, 0.00114033
2553, 0.00114083
2554, 0.00114114
2555, 0.00114165
2556, 0.00114213
2557, 0.00114261
2558, 0.00114312
2559, 0.00114372
2560, 0.00114421
2561, 0.00114473
2562, 0.00114523
2563, 0.00114555
2564, 0.00114607
2565, 0.00114656
2566, 0.00114703
2567, 0.00114751
2568, 0.00114803
2569, 0.00114853
2570, 0.00114885
2571, 0.00114938
2572, 0.00114986
2573, 0.00115034
2574, 0.00115084
2575, 0.00115143
2576, 0.00115193
2577, 0.00115244
2578, 0.00115293
2579, 0.00115324
2580, 0.00115371
2581, 0.00115420
2582, 0.00115470
2583, 0.00115526
2584, 0.00115576
2585, 0.00115627
2586, 0.00115678
2587, 0.00115711
2588, 0.00115762
2589, 0.00115811
2590, 0.00115859
2591, 0.00115919
2592, 0.00115969
2593, 0.00116019
2594, 0.00116068
2595, 0.00116100
2596, 0.00116149
2597, 0.00116197
2598, 0.00116244
2599, 0.00116292
2600, 0.00116322
2601, 0.00116373
2602, 0.00116422
2603, 0.00116473
2604, 0.00116520
2605, 0.00116571
2606, 0.00116620
2607, 0.00116653
2608, 0.00116705
2609, 0.00116753
2610, 0.00116802
2611, 0.00116851
2612, 0.00116902
2613, 0.00116952
2614, 0.00116984
2615, 0.00117033
2616, 0.00117080
2617, 0.00117129
2618, 0.00117180
2619, 0.00117229
2620, 0.00117262
2621, 0.00117312
2622, 0.00117360
2623, 0.00117410
2624, 0.00117459
2625, 0.00117511
2626, 0.00117561
2627, 0.00117593
2628, 0.00117646
2629, 0.00117695
2630, 0.00117744
2631, 0.00117797
2632, 0.00117845
2633, 0.00117896
2634, 0.00117947
2635, 0.00117980
2636, 0.00118030
2637, 0.00118077
2638, 0.00118124
2639, 0.00118176
2640, 0.00118227
2641, 0.00118257
2642, 0.00118309
2643, 0.00118358
2644, 0.00118407
2645, 0.00118456
2646, 0.00118506
2647, 0.00118557
2648, 0.00118588
2649, 0.00118637
2650, 0.00118690
2651, 0.00120888
2652, 0.00120940
2653, 0.00120989
2654, 0.00121037
2655, 0.00121068
2656, 0.00121120
2657, 0.00121167
2658, 0.00121215
2659, 0.00121266
2660, 0.00121315
2661, 0.00121345
2662, 0.00121395
2663, 0.00121443
2664, 0.00121491
2665, 0.00121540
2666, 0.00121590
2667, 0.00121621
2668, 0.00121673
2669, 0.00121723
2670, 0.00121770
2671, 0.00121818
2672, 0.00121867
2673, 0.00121897
2674, 0.00121947
2675, 0.00121995
2676, 0.00122044
2677, 0.00122093
2678, 0.00122145
2679, 0.00122194
2680, 0.00122226
2681, 0.00122277
2682, 0.00122324
2683, 0.00122372
2684, 0.00122421
2685, 0.00122451
2686, 0.00122500
2687, 0.00122547
2688, 0.00122594
2689, 0.00122644
2690, 0.00122692
2691, 0.00122724
2692, 0.00122776
2693, 0.00122823
2694, 0.00122869
2695, 0.00122918
2696, 0.00122967
2697, 0.00122999
2698, 0.00123050
2699, 0.00123098
2700, 0.00123145
2701, 0.00123195
2702, 0.00123244
2703, 0.00123276
2704, 0.00123328
2705, 0.00123377
2706, 0.00123428
2707, 0.00123477
2708, 0.00123527
2709, 0.00123576
2710, 0.00123607
2711, 0.00123656
2712, 0.00123704
2713, 0.00123751
2714, 0.00123803
2715, 0.00123852
2716, 0.00123883
2717, 0.00123932
2718, 0.00123979
2719, 0.00124028
2720, 0.00124078
2721, 0.00124107
2722, 0.00124157
2723, 0.00124205
2724, 0.00124255
2725, 0.00124303
2726, 0.00124351
2727, 0.00124404
2728, 0.00124435
2729, 0.00124487
2730, 0.00124534
2731, 0.00124581
2732, 0.00124633
2733, 0.00124682
2734, 0.00124733
2735, 0.00124786
2736, 0.00124817
2737, 0.00124868
2738, 0.00124916
2739, 0.00124963
2740, 0.00125012
2741, 0.00125063
2742, 0.00125095
2743, 0.00125169
2744, 0.00125201
2745, 0.00125252
2746, 0.00125300
2747, 0.00125349
2748, 0.00125399
2749, 0.00125448
2750, 0.00125499
2751, 0.00125531
2752, 0.00125577
2753, 0.00125626
2754, 0.00125675
2755, 0.00125725
2756, 0.00125775
2757, 0.00125807
2758, 0.00125856
2759, 0.00125917
2760, 0.00125964
2761, 0.00126013
2762, 0.00126062
2763, 0.00126113
2764, 0.00126163
2765, 0.00126195
2766, 0.00126244
2767, 0.00126303
2768, 0.00126351
2769, 0.00126401
2770, 0.00126450
2771, 0.00126501
2772, 0.00126551
2773, 0.00126582
2774, 0.00126633
2775, 0.00126711
2776, 0.00126745
2777, 0.00127134
2778, 0.00127188
2779, 0.00127237
2780, 0.00127284
2781, 0.00127334
2782, 0.00127384
2783, 0.00127438
2784, 0.00127468
2785, 0.00127518
2786, 0.00127568
2787, 0.00127615
2788, 0.00127664
2789, 0.00127716
2790, 0.00127745
2791, 0.00127819
2792, 0.00127850
2793, 0.00127899
2794, 0.00127946
2795, 0.00127993
2796, 0.00128043
2797, 0.07312273
2798, 0.07312782
2799, 0.07312833
2800, 0.07312850
2801, 0.07312867
2802, 0.07312884
2803, 0.07312901
2804, 0.07312918
2805, 0.07312935
2806, 0.07312952
2807, 0.07312976
2808, 0.07312994
2809, 0.07313011
2810, 0.07313028
2811, 0.07313045
2812, 0.07313062
2813, 0.07313079
2814, 0.07313096
2815, 0.07313120
2816, 0.07313136
2817, 0.07313153
2818, 0.07313170
2819, 0.07313187
2820, 0.07313204
2821, 0.07313220
2822, 0.07313237
2823, 0.07313260
2824, 0.07313277
2825, 0.07313294
2826, 0.07313311
2827, 0.07313328
2828, 0.07313345
2829, 0.07313362
2830, 0.07313379
2831, 0.07313402
2832, 0.07313419
2833, 0.07313436
2834, 0.07313453
2835, 0.07313469
2836, 0.07313486
2837, 0.07313503
2838, 0.07313519
2839, 0.07313544
2840, 0.07313560
2841, 0.07313577
2842, 0.07313594
2843, 0.07313611
2844, 0.07313627
2845, 0.07313644
2846, 0.07313661
2847, 0.07313685
2848, 0.07313701
2849, 0.07313718
2850, 0.07313735
2851, 0.07313752
2852, 0.07313769
2853, 0.07313785
2854, 0.07313802
2855, 0.07313826
2856, 0.07313843
2857, 0.07313860
2858, 0.07313876
2859, 0.07313893
2860, 0.07313910
2861, 0.07313926
2862, 0.07313943
2863, 0.07313967
2864, 0.07313984
2865, 0.07314001
2866, 0.07314017
2867, 0.07314034
2868, 0.07314051
2869, 0.07314068
2870, 0.07314085
2871, 0.07314102
2872, 0.07314119
2873, 0.07314135
2874, 0.07314152
2875, 0.07314169
2876, 0.07314186
2877, 0.07314202
2878, 0.07314219
2879, 0.07314236
2880, 0.07314253
2881, 0.07314269
2882, 0.07314286
2883, 0.07314303
2884, 0.07314319
2885, 0.07314336
2886, 0.07314353
2887, 0.07314370
2888, 0.07314386
2889, 0.07314403
2890, 0.07314420
2891, 0.07314437
2892, 0.07314453
2893, 0.07314470
2894, 0.07314487
2895, 0.07314503
2896, 0.07314520
2897, 0.07314537
2898, 0.07314554
2899, 0.07314571
2900, 0.07314587
2901, 0.07314604
2902, 0.07314623
2903, 0.07315650
2904, 0.07315672
2905, 0.07315690
2906, 0.07315709
2907, 0.07315726
2908, 0.07315744
2909, 0.07315761
2910, 0.07315778
2911, 0.07315795
2912, 0.07315812
2913, 0.07315829
2914, 0.07315846
2915, 0.07315862
2916, 0.07315879
2917, 0.07315896
2918, 0.07315912
2919, 0.07315929
2920, 0.07315946
2921, 0.07315963
2922, 0.07315980
2923, 0.07315996
2924, 0.07316013
2925, 0.07316030
2926, 0.07316047
2927, 0.07316064
2928, 0.07316080
2929, 0.07316097
2930, 0.07316114
2931, 0.07316131
2932, 0.07316148
2933, 0.07316164
2934, 0.07316181
2935, 0.07316198
2936, 0.07316215
2937, 0.07316232
2938, 0.07316250
2939, 0.07316266
2940, 0.07316283
2941, 0.07316300
2942, 0.07316316
2943, 0.07316333
2944, 0.07316350
2945, 0.07316367
2946, 0.07316384
2947, 0.07316400
2948, 0.07316417
2949, 0.07316434
2950, 0.07316451
2951, 0.07316467
2952, 0.07316484
2953, 0.07316501
2954, 0.07316518
2955, 0.07316535
2956, 0.07316551
2957, 0.07316568
2958, 0.07316585
2959, 0.07316602
2960, 0.07316618
2961, 0.07316635
2962, 0.07316652
2963, 0.07316669
2964, 0.07316686
2965, 0.07316703
2966, 0.07316719
2967, 0.07316743
2968, 0.07316760
2969, 0.07316776
2970, 0.07316793
2971, 0.07316810
2972, 0.07316827
2973, 0.07316843
2974, 0.07316860
2975, 0.07316884
2976, 0.07316901
2977, 0.07316918
2978, 0.07316934
2979, 0.07316951
2980, 0.07316968
2981, 0.07316985
2982, 0.07317002
2983, 0.07317026
2984, 0.07317043
2985, 0.07317059
2986, 0.07317076
2987, 0.07317093
2988, 0.07317110
2989, 0.07317126
2990, 0.07317143
2991, 0.07317167
2992, 0.07317184
2993, 0.07317202
2994, 0.07317219
2995, 0.07317236
2996, 0.07317252
2997, 0.07317269
2998, 0.07317286
2999, 0.07317310
3000, 0.07317328
3001, 0.07317345
3002, 0.07317362
3003, 0.07317379
3004, 0.07317395
3005, 0.07317412
3006, 0.07317429
3007, 0.07317455
3008, 0.07317472
3009, 0.07317488
3010, 0.07317505
3011, 0.07317522
3012, 0.07317539
3013, 0.07317555
3014, 0.07317572
3015, 0.07317596
3016, 0.07317613
3017, 0.07317630
3018, 0.07317646
3019, 0.07317663
3020, 0.07317680
3021, 0.07317696
3022, 0.07317713
3023, 0.07317738
3024, 0.07317755
3025, 0.07317772
3026, 0.07317789
3027, 0.07317806
3028, 0.07317823
3029, 0.07318051
3030, 0.07318071
3031, 0.07318097
3032, 0.07318114
3033, 0.07318131
3034, 0.07318148
3035, 0.07318164
3036, 0.07318181
3037, 0.07318198
3038, 0.07318215
3039, 0.07318240
3040, 0.07318257
3041, 0.07318274
3042, 0.07318291
3043, 0.07318308
3044, 0.07318324
3045, 0.07318341
3046, 0.07318359
3047, 0.07318375
3048, 0.07318392
3049, 0.07318409
3050, 0.07318426
3051, 0.07318443
3052, 0.07318460
3053, 0.07318477
3054, 0.07318494
3055, 0.07318510
3056, 0.07318527
3057, 0.07318544
3058, 0.07318561
3059, 0.07318577
3060, 0.07318594
3061, 0.07318611
3062, 0.07318628
3063, 0.07318644
3064, 0.07318661
3065, 0.07318678
3066, 0.07318694
3067, 0.07318711
3068, 0.07318728
3069, 0.07318745
3070, 0.07318761
3071, 0.07318778
3072, 0.07318795
3073, 0.07318812
3074, 0.07318828
3075, 0.07318845
3076, 0.07318862
3077, 0.07318879
3078, 0.07318896
3079, 0.07318919
3080, 0.07318936
3081, 0.07318953
3082, 0.07318970
3083, 0.07318986
3084, 0.07319003
3085, 0.07319020
3086, 0.07319036
3087, 0.07319060
3088, 0.07319077
3089, 0.07319094
3090, 0.07319111
3091, 0.07319127
3092, 0.07319144
3093, 0.07319161
3094, 0.07319178
3095, 0.07319238
3096, 0.07319254
3097, 0.07319271
3098, 0.07319288
3099, 0.07319305
3100, 0.07319322
3101, 0.07319338
3102, 0.07319355
3103, 0.07319380
3104, 0.07319396
3105, 0.07319413
3106, 0.07319430
3107, 0.07319447
3108, 0.07319464
3109, 0.07319481
3110, 0.07319497
3111, 0.07319521
3112, 0.07319538
3113, 0.07319555
3114, 0.07319571
3115, 0.07319588
3116, 0.07319605
3117, 0.07319621
3118, 0.07319638
3119, 0.07319662
3120, 0.07319679
3121, 0.07319696
3122, 0.07319713
3123, 0.07319729
3124, 0.07319746
3125, 0.07319763
3126, 0.07319780
3127, 0.07319804
3128, 0.07319821
3129, 0.07319838
3130, 0.07319854
3131, 0.07319871
3132, 0.07319888
3133, 0.07319905
3134, 0.07319922
3135, 0.07319951
3136, 0.07319968
3137, 0.07319985
3138, 0.07320002
3139, 0.07320018
3140, 0.07320035
3141, 0.07320052
3142, 0.07320068
3143, 0.07320085
3144, 0.07320102
3145, 0.07320119
3146, 0.07320136
3147, 0.07320153
3148, 0.07320169
3149, 0.07320186
3150, 0.07320203
3151, 0.07320219
3152, 0.07320236
3153, 0.07320253
3154, 0.07320271
3155, 0.07320539
3156, 0.07320559
3157, 0.07320576
3158, 0.07320593
3159, 0.07320609
3160, 0.07320626
3161, 0.07320643
3162, 0.07320661
3163, 0.07320679
3164, 0.07320696
3165, 0.07320714
3166, 0.07320731
3167, 0.07320747
3168, 0.07320764
3169, 0.07320781
3170, 0.07320797
3171, 0.07320814
3172, 0.07320831
3173, 0.07320848
3174, 0.07320864
3175, 0.07320881
3176, 0.07320898
3177, 0.07320915
3178, 0.07320931
3179, 0.07320948
3180, 0.07320965
3181, 0.07320982
3182, 0.07320998
3183, 0.07321015
3184, 0.07321032
3185, 0.07321049
3186, 0.07321066
3187, 0.07321083
3188, 0.07321100
3189, 0.07321116
3190, 0.07321133
3191, 0.07321150
3192, 0.07321167
3193, 0.07321184
3194, 0.07321201
3195, 0.07321218
3196, 0.07321235
3197, 0.07321252
3198, 0.07321269
3199, 0.07321286
3200, 0.07321302
3201, 0.07321319
3202, 0.07321336
3203, 0.07321353
3204, 0.07321370
3205, 0.07321387
3206, 0.07321403
3207, 0.07321420
3208, 0.07321437
3209, 0.07321454
3210, 0.07321471
3211, 0.07321487
3212, 0.07321504
3213, 0.07321521
3214, 0.07321538
3215, 0.07321555
3216, 0.07321571
3217, 0.07321588
3218, 0.07321605
3219, 0.07321622
3220, 0.07321639
3221, 0.07321656
3222, 0.07321672
3223, 0.07321690
3224, 0.07321708
3225, 0.07321725
3226, 0.07321741
3227, 0.07321758
3228, 0.07321775
3229, 0.07321792
3230, 0.07321809
3231, 0.07321825
3232, 0.07321842
3233, 0.07321859
3234, 0.07321876
3235, 0.07321893
3236, 0.07321910
3237, 0.07321927
3238, 0.07321944
3239, 0.07321961
3240, 0.07321977
3241, 0.07321994
3242, 0.07322011
3243, 0.07322028
3244, 0.07322045
3245, 0.07322062
3246, 0.07322079
3247, 0.07322096
3248, 0.07322113
3249, 0.07322130
3250, 0.07322147
3251, 0.07322164
3252, 0.07322180
3253, 0.07322197
3254, 0.07322214
3255, 0.07322231
3256, 0.07322248
3257, 0.07322265
3258, 0.07322282
3259, 0.07322299
3260, 0.07322315
3261, 0.07322332
3262, 0.07322349
3263, 0.07322366
3264, 0.07322383
3265, 0.07322400
3266, 0.07322417
3267, 0.07322433
3268, 0.07322451
3269, 0.07322467
3270, 0.07322484
3271, 0.07322501
3272, 0.07322517
3273, 0.07322534
3274, 0.07322551
3275, 0.07322568
3276, 0.07322585
3277, 0.07322602
3278, 0.07322619
3279, 0.07322635
3280, 0.07322654
3281, 0.07322872
3282, 0.07322892
3283, 0.07322909
3284, 0.07322927
3285, 0.07322944
3286, 0.07322961
3287, 0.07322978
3288, 0.07322994
3289, 0.07323011
3290, 0.07323028
3291, 0.07323044
3292, 0.07323061
3293, 0.07323078
3294, 0.07323095
3295, 0.07323111
3296, 0.07323128
3297, 0.07323145
3298, 0.07323162
3299, 0.07323179
3300, 0.07323195
3301, 0.07323212
3302, 0.07323229
3303, 0.07323245
3304, 0.07323262
3305, 0.07323279
3306, 0.07323296
3307, 0.07323313
3308, 0.07323329
3309, 0.07323346
3310, 0.07323363
3311, 0.07323380
3312, 0.07323396
3313, 0.07323413
3314, 0.07323430
3315, 0.07323447
3316, 0.07323464
3317, 0.07323481
3318, 0.07323498
3319, 0.07323515
3320, 0.07323532
3321, 0.07323548
3322, 0.07323565
3323, 0.07323582
3324, 0.07323599
3325, 0.07323616
3326, 0.07323633
3327, 0.07323649
3328, 0.07323666
3329, 0.07323683
3330, 0.07323700
3331, 0.07323717
3332, 0.07323734
3333, 0.07323751
3334, 0.07323768
3335, 0.07323784
3336, 0.07323801
3337, 0.07323818
3338, 0.07323835
3339, 0.07323852
3340, 0.07323869
3341, 0.07323886
3342, 0.07323902
3343, 0.07323919
3344, 0.07323936
3345, 0.07323952
3346, 0.07323969
3347, 0.07323986
3348, 0.07324003
3349, 0.07324020
3350, 0.07324036
3351, 0.07324053
3352, 0.07324070
3353, 0.07324086
3354, 0.07324103
3355, 0.07324120
3356, 0.07324137
3357, 0.07324153
3358, 0.07324170
3359, 0.07324187
3360, 0.07324203
3361, 0.07324220
3362, 0.07324237
3363, 0.07324254
3364, 0.07324270
3365, 0.07324287
3366, 0.07324304
3367, 0.07324320
3368, 0.07324337
3369, 0.07324354
3370, 0.07324371
3371, 0.07324388
3372, 0.07324405
3373, 0.07324421
3374, 0.07324438
3375, 0.07324455
3376, 0.07324471
3377, 0.07324488
3378, 0.07324505
3379, 0.07324522
3380, 0.07324539
3381, 0.07324556
3382, 0.07324572
3383, 0.07324589
3384, 0.07324606
3385, 0.07324623
3386, 0.07324640
3387, 0.07324656
3388, 0.07324673
3389, 0.07324690
3390, 0.07324707
3391, 0.07324724
3392, 0.07324740
3393, 0.07324757
3394, 0.07324774
3395, 0.07324791
3396, 0.07324807
3397, 0.07324824
3398, 0.07324841
3399, 0.07324857
3400, 0.07324874
3401, 0.07324891
3402, 0.07324908
3403, 0.07324924
3404, 0.07324941
3405, 0.07324958
3406, 0.07324976
3407, 0.07325201
3408, 0.07325220
3409, 0.07325240
3410, 0.07325257
3411, 0.07325274
3412, 0.07325290
3413, 0.07325307
3414, 0.07325324
3415, 0.07325341
3416, 0.07325358
3417, 0.07325374
3418, 0.07325391
3419, 0.07325408
3420, 0.07325425
3421, 0.07325442
3422, 0.07325458
3423, 0.07325475
3424, 0.07325492
3425, 0.07325509
3426, 0.07325526
3427, 0.07325543
3428, 0.07325560
3429, 0.07325577
3430, 0.07325593
3431, 0.07325610
3432, 0.07325627
3433, 0.07325644
3434, 0.07325660
3435, 0.07325677
3436, 0.07325694
3437, 0.07325710
3438, 0.07325727
3439, 0.07325744
3440, 0.07325761
3441, 0.07325778
3442, 0.07325794
3443, 0.07325811
3444, 0.07325828
3445, 0.07325844
3446, 0.07325861
3447, 0.07325878
3448, 0.07325895
3449, 0.07325912
3450, 0.07325929
3451, 0.07325946
3452, 0.07325963
3453, 0.07325980
3454, 0.07325996
3455, 0.07326013
3456, 0.07326030
3457, 0.07326047
3458, 0.07326064
3459, 0.07326081
3460, 0.07326098
3461, 0.07326115
3462, 0.07326132
3463, 0.07326149
3464, 0.07326166
3465, 0.07326183
3466, 0.07326200
3467, 0.07326217
3468, 0.07326233
3469, 0.07326250
3470, 0.07326267
3471, 0.07326284
3472, 0.07326301
3473, 0.07326318
3474, 0.07326335
3475, 0.07326352
3476, 0.07326369
3477, 0.07326386
3478, 0.07326403
3479, 0.07326420
3480, 0.07326437
3481, 0.07326454
3482, 0.07326471
3483, 0.07326488
3484, 0.07326505
3485, 0.07326522
3486, 0.07326539
3487, 0.07326556
3488, 0.07326573
3489, 0.07326589
3490, 0.07326606
3491, 0.07326623
3492, 0.07326640
3493, 0.07326657
3494, 0.07326674
3495, 0.07326691
3496, 0.07326708
3497, 0.07326725
3498, 0.07326742
3499, 0.07326760
3500, 0.07326776
3501, 0.07326793
3502, 0.07326810
3503, 0.07326826
3504, 0.07326843
3505, 0.07326860
3506, 0.07326876
3507, 0.07326893
3508, 0.07326910
3509, 0.07326926
3510, 0.07326943
3511, 0.07326960
3512, 0.07326977
3513, 0.07326993
3514, 0.07327010
3515, 0.07327027
3516, 0.07327044
3517, 0.07327060
3518, 0.07327077
3519, 0.07327094
3520, 0.07327110
3521, 0.07327127
3522, 0.07327144
3523, 0.07327161
3524, 0.07327178
3525, 0.07327194
3526, 0.07327211
3527, 0.07327228
3528, 0.07327244
3529, 0.07327261
3530, 0.07327278
3531, 0.07327294
3532, 0.07327312
3533, 0.07327528
3534, 0.07327547
3535, 0.07327564
3536, 0.07327580
3537, 0.07327597
3538, 0.07327615
3539, 0.07327632
3540, 0.07327650
3541, 0.07327667
3542, 0.07327683
3543, 0.07327700
3544, 0.07327717
3545, 0.07327734
3546, 0.07327751
3547, 0.07327768
3548, 0.07327784
3549, 0.07327801
3550, 0.07327818
3551, 0.07327835
3552, 0.07327852
3553, 0.07327869
3554, 0.07327886
3555, 0.07327904
3556, 0.07327921
3557, 0.07327939
3558, 0.07327957
3559, 0.07327974
3560, 0.07327992
3561, 0.07328010
3562, 0.07328027
3563, 0.07328044
3564, 0.07330091
3565, 0.07330121
3566, 0.07330139
3567, 0.07330157
3568, 0.07330174
3569, 0.07330192
3570, 0.07330210
3571, 0.07330227
3572, 0.07330245
3573, 0.07330262
3574, 0.07330279
3575, 0.07330296
3576, 0.07330313
3577, 0.07330330
3578, 0.07330347
3579, 0.07330364
3580, 0.07330381
3581, 0.07330399
3582, 0.07330416
3583, 0.07330440
3584, 0.07330457
3585, 0.07330474
3586, 0.07330491
3587, 0.07330508
3588, 0.07330526
3589, 0.07330543
3590, 0.07330560
3591, 0.07330585
3592, 0.07330602
3593, 0.07330619
3594, 0.07330636
3595, 0.07330653
3596, 0.07330670
3597, 0.07330687
3598, 0.07330705
3599, 0.07330729
3600, 0.07330746
3601, 0.07330763
3602, 0.07330780
3603, 0.07330797
3604, 0.07330815
3605, 0.07330831
3606, 0.07330849
3607, 0.07330874
3608, 0.07330891
3609, 0.07330908
3610, 0.07330925
3611, 0.07330943
3612, 0.07330960
3613, 0.07330977
3614, 0.07330994
3615, 0.07331048
3616, 0.07331064
3617, 0.07331082
3618, 0.07331099
3619, 0.07331116
3620, 0.07331133
3621, 0.07331150
3622, 0.07331167
3623, 0.07331192
3624, 0.07331209
3625, 0.07331226
3626, 0.07331243
3627, 0.07331261
3628, 0.07331278
3629, 0.07331294
3630, 0.07331314
3631, 0.07331338
3632, 0.07331355
3633, 0.07331372
3634, 0.07331389
3635, 0.07331406
3636, 0.07331423
3637, 0.07331440
3638, 0.07331457
3639, 0.07331482
3640, 0.07331498
3641, 0.07331515
3642, 0.07331532
3643, 0.07331549
3644, 0.07331565
3645, 0.07331582
3646, 0.07331599
3647, 0.07331623
3648, 0.07331640
3649, 0.07331657
3650, 0.07331673
3651, 0.07331690
3652, 0.07331707
3653, 0.07331724
3654, 0.07331741
3655, 0.07331766
3656, 0.07331783
3657, 0.07331800
3658, 0.07331818
3659, 0.07332087
3660, 0.07332105
3661, 0.07332123
3662, 0.07332141
3663, 0.07332158
3664, 0.07332175
3665, 0.07332193
3666, 0.07332211
3667, 0.07332228
3668, 0.07332246
3669, 0.07332263
3670, 0.07332280
3671, 0.07332297
3672, 0.07332314
3673, 0.07332331
3674, 0.07332348
3675, 0.07332365
3676, 0.07332382
3677, 0.07332399
3678, 0.07332416
3679, 0.07332432
3680, 0.07332449
3681, 0.07332466
3682, 0.07332483
3683, 0.07332500
3684, 0.07332517
3685, 0.07332534
3686, 0.07332551
3687, 0.07332568
3688, 0.07332585
3689, 0.07332602
3690, 0.07332619
3691, 0.07332636
3692, 0.07332653
3693, 0.07332670
3694, 0.07332687
3695, 0.07332704
3696, 0.07332721
3697, 0.07332738
3698, 0.07332755
3699, 0.07332772
3700, 0.07332789
3701, 0.07332806
3702, 0.07332823
3703, 0.07332840
3704, 0.07332857
3705, 0.07332874
3706, 0.07332891
3707, 0.07332909
3708, 0.07332926
3709, 0.07332943
3710, 0.07332960
3711, 0.07332977
3712, 0.07332993
3713, 0.07333010
3714, 0.07333028
3715, 0.07333045
3716, 0.07333062
3717, 0.07333079
3718, 0.07333096
3719, 0.07333113
3720, 0.07333129
3721, 0.07333146
3722, 0.07333164
3723, 0.07333180
3724, 0.07333198
3725, 0.07333215
3726, 0.07333232
3727, 0.07333248
3728, 0.07333265
3729, 0.07333282
3730, 0.07333299
3731, 0.07333316
3732, 0.07333333
3733, 0.07333351
3734, 0.07333367
3735, 0.07333384
3736, 0.07333401
3737, 0.07333418
3738, 0.07333435
3739, 0.07333452
3740, 0.07333469
3741, 0.07333486
3742, 0.07333503
3743, 0.07333520
3744, 0.07333537
3745, 0.07333554
3746, 0.07333571
3747, 0.07333588
3748, 0.07333605
3749, 0.07333622
3750, 0.07333639
3751, 0.07333656
3752, 0.07333674
3753, 0.07333691
3754, 0.07333708
3755, 0.07333725
3756, 0.07333742
3757, 0.07333760
3758, 0.07333777
3759, 0.07333794
3760, 0.07333811
3761, 0.07333828
3762, 0.07333845
3763, 0.07333862
3764, 0.07333879
3765, 0.07333896
3766, 0.07333913
3767, 0.07333931
3768, 0.07333948
3769, 0.07333964
3770, 0.07333982
3771, 0.07333999
3772, 0.07334016
3773, 0.07334033
3774, 0.07334050
3775, 0.07334066
3776, 0.07334083
3777, 0.07334100
3778, 0.07334117
3779, 0.07334134
3780, 0.07334151
3781, 0.07334168
3782, 0.07334185
3783, 0.07334202
3784, 0.07334221
3785, 0.07334435
3786, 0.07334454
3787, 0.07334472
3788, 0.07334489
3789, 0.07334506
3790, 0.07334523
3791, 0.07334540
3792, 0.07334557
3793, 0.07334574
3794, 0.07334590
3795, 0.07334607
3796, 0.07334624
3797, 0.07334641
3798, 0.07334658
3799, 0.07334675
3800, 0.07334692
3801, 0.07334709
3802, 0.07334725
3803, 0.07334742
3804, 0.07334759
3805, 0.07334776
3806, 0.07334793
3807, 0.07334809
3808, 0.07334826
3809, 0.07334843
3810, 0.07334860
3811, 0.07334877
3812, 0.07334893
3813, 0.07334910
3814, 0.07334927
3815, 0.07334944
3816, 0.07334960
3817, 0.07334977
3818, 0.07334994
3819, 0.07335011
3820, 0.07335028
3821, 0.07335045
3822, 0.07335061
3823, 0.07335078
3824, 0.07335095
3825, 0.07335112
3826, 0.07335128
3827, 0.07335145
3828, 0.07335162
3829, 0.07335179
3830, 0.07335196
3831, 0.07335212
3832, 0.07335229
3833, 0.07335246
3834, 0.07335263
3835, 0.07335279
3836, 0.07335296
3837, 0.07335313
3838, 0.07335330
3839, 0.07335347
3840, 0.07335364
3841, 0.07335380
3842, 0.07335397
3843, 0.07335414
3844, 0.07335431
3845, 0.07335448
3846, 0.07335464
3847, 0.07335481
3848, 0.07335498
3849, 0.07335515
3850, 0.07335532
3851, 0.07335548
3852, 0.07335565
3853, 0.07335582
3854, 0.07335599
3855, 0.07335615
3856, 0.07335632
3857, 0.07335649
3858, 0.07335666
3859, 0.07335683
3860, 0.07335699
3861, 0.07335716
3862, 0.07335733
3863, 0.07335750
3864, 0.07335767
3865, 0.07335783
3866, 0.07335800
3867, 0.07335817
3868, 0.07335834
3869, 0.07335851
3870, 0.07335867
3871, 0.07335884
3872, 0.07335901
3873, 0.07335918
3874, 0.07335935
3875, 0.07335951
3876, 0.07335968
3877, 0.07335985
3878, 0.07336002
3879, 0.07336018
3880, 0.07336035
3881, 0.07336052
3882, 0.07336069
3883, 0.07336086
3884, 0.07336102
3885, 0.07336119
3886, 0.07336136
3887, 0.07336153
3888, 0.07336169
3889, 0.07336186
3890, 0.07336203
3891, 0.07336220
3892, 0.07336237
3893, 0.07336254
3894, 0.07336270
3895, 0.07336287
3896, 0.07336304
3897, 0.07336321
3898, 0.07336338
3899, 0.07336354
3900, 0.07336371
3901, 0.07336388
3902, 0.07336405
3903, 0.07336421
3904, 0.07336438
3905, 0.07336455
3906, 0.07336472
3907, 0.07336489
3908, 0.07336505
3909, 0.07336522
3910, 0.07336540
3911, 0.07336779
3912, 0.07336798
3913, 0.07336815
3914, 0.07336832
3915, 0.07336849
3916, 0.07336866
3917, 0.07336883
3918, 0.07336900
3919, 0.07336917
3920, 0.07336934
3921, 0.07336950
3922, 0.07336967
3923, 0.07336984
3924, 0.07337001
3925, 0.07337018
3926, 0.07337034
3927, 0.07337051
3928, 0.07337068
3929, 0.07337085
3930, 0.07337101
3931, 0.07337118
3932, 0.07337135
3933, 0.07337152
3934, 0.07337169
3935, 0.07337186
3936, 0.07337202
3937, 0.07337219
3938, 0.07337236
3939, 0.07337253
3940, 0.07337269
3941, 0.07337286
3942, 0.07337303
3943, 0.07337320
3944, 0.07337336
3945, 0.07337353
3946, 0.07337370
3947, 0.07337387
3948, 0.07337403
3949, 0.07337420
3950, 0.07337437
3951, 0.07337454
3952, 0.07337470
3953, 0.07337487
3954, 0.07337504
3955, 0.07337520
3956, 0.07337537
3957, 0.07337554
3958, 0.07337571
3959, 0.07337588
3960, 0.07337605
3961, 0.07337622
3962, 0.07337639
3963, 0.07337656
3964, 0.07337673
3965, 0.07337690
3966, 0.07337707
3967, 0.07337724
3968, 0.07337742
3969, 0.07337759
3970, 0.07337776
3971, 0.07337793
3972, 0.07337810
3973, 0.07337826
3974, 0.07337843
3975, 0.07337860
3976, 0.07337876
3977, 0.07337893
3978, 0.07337910
3979, 0.07337927
3980, 0.07337944
3981, 0.07337961
3982, 0.07337977
3983, 0.07337994
3984, 0.07338011
3985, 0.07338028
3986, 0.07338044
3987, 0.07338061
3988, 0.07338078
3989, 0.07338095
3990, 0.07338114
3991, 0.07338130
3992, 0.07338147
3993, 0.07338164
3994, 0.07338181
3995, 0.07338197
3996, 0.07338214
3997, 0.07338231
3998, 0.07338249
3999, 0.07338266
4000, 0.07338283
4001, 0.07338299
4002, 0.07338316
4003, 0.07338334
4004, 0.07338351
4005, 0.07338368
4006, 0.07338385
4007, 0.07338402
4008, 0.07338419
4009, 0.07338436
4010, 0.07338453
4011, 0.07338470
4012, 0.07338486
4013, 0.07338503
4014, 0.07338520
4015, 0.07338536
4016, 0.07338553
4017, 0.07338570
4018, 0.07338587
4019, 0.07338603
4020, 0.07338620
4021, 0.07338637
4022, 0.07338654
4023, 0.07338671
4024, 0.07338687
4025, 0.07338704
4026, 0.07338720
4027, 0.07338737
4028, 0.07338754
4029, 0.07338771
4030, 0.07338788
4031, 0.07338804
4032, 0.07338821
4033, 0.07338838
4034, 0.07338854
4035, 0.07338871
4036, 0.07338889
4037, 0.07340695
4038, 0.07340716
4039, 0.07340734
4040, 0.07340751
4041, 0.07340768
4042, 0.07340785
4043, 0.07340802
4044, 0.07340818
4045, 0.07340835
4046, 0.07340852
4047, 0.07340869
4048, 0.07340885
4049, 0.07340902
4050, 0.07340919
4051, 0.07340935
4052, 0.07340952
4053, 0.07340969
4054, 0.07340986
4055, 0.07341002
4056, 0.07341019
4057, 0.07341035
4058, 0.07341052
4059, 0.07341069
4060, 0.07341086
4061, 0.07341103
4062, 0.07341119
4063, 0.07341136
4064, 0.07341153
4065, 0.07341170
4066, 0.07341190
4067, 0.07341207
4068, 0.07341224
4069, 0.07341241
4070, 0.07341257
4071, 0.07341274
4072, 0.07341291
4073, 0.07341308
4074, 0.07341325
4075, 0.07341342
4076, 0.07341359
4077, 0.07341376
4078, 0.07341392
4079, 0.07341409
4080, 0.07341426
4081, 0.07341443
4082, 0.07341460
4083, 0.07341477
4084, 0.07341494
4085, 0.07341511
4086, 0.07341527
4087, 0.07341544
4088, 0.07341561
4089, 0.07341578
4090, 0.07341594
4091, 0.07341611
4092, 0.07341628
4093, 0.07341645
4094, 0.07341661
4095, 0.07341686
4096, 0.07341702
4097, 0.07341719
4098, 0.07341736
4099, 0.07341753
4100, 0.07341770
4101, 0.07341787
4102, 0.07341804
4103, 0.07341828
4104, 0.07341844
4105, 0.07341861
4106, 0.07341878
4107, 0.07341895
4108, 0.07341911
4109, 0.07341928
4110, 0.07341945
4111, 0.07341969
4112, 0.07341986
4113, 0.07342002
4114, 0.07342019
4115, 0.07342036
4116, 0.07342053
4117, 0.07342069
4118, 0.07342086
4119, 0.07342110
4120, 0.07342127
4121, 0.07342144
4122, 0.07342160
4123, 0.07342177
4124, 0.07342194
4125, 0.07342211
4126, 0.07342228
4127, 0.07342252
4128, 0.07342269
4129, 0.07342285
4130, 0.07342303
4131, 0.07342320
4132, 0.07342337
4133, 0.07342355
4134, 0.07342372
4135, 0.07342396
4136, 0.07342413
4137, 0.07342431
4138, 0.07342448
4139, 0.07342465
4140, 0.07342482
4141, 0.07342500
4142, 0.07342517
4143, 0.07342541
4144, 0.07342559
4145, 0.07342576
4146, 0.07342593
4147, 0.07342610
4148, 0.07342627
4149, 0.07342644
4150, 0.07342661
4151, 0.07342686
4152, 0.07342703
4153, 0.07342720
4154, 0.07342737
4155, 0.07342754
4156, 0.07342772
4157, 0.07342789
4158, 0.07342806
4159, 0.07342830
4160, 0.07342847
4161, 0.07342865
4162, 0.07342883
4163, 0.07343110
4164, 0.07343129
4165, 0.07343147
4166, 0.07343165
4167, 0.07343189
4168, 0.07343206
4169, 0.07343223
4170, 0.07343240
4171, 0.07343257
4172, 0.07343274
4173, 0.07343292
4174, 0.07343309
4175, 0.07343326
4176, 0.07343344
4177, 0.07343360
4178, 0.07343378
4179, 0.07343395
4180, 0.07343412
4181, 0.07343429
4182, 0.07343447
4183, 0.07343464
4184, 0.07343483
4185, 0.07343500
4186, 0.07343517
4187, 0.07343534
4188, 0.07343551
4189, 0.07343568
4190, 0.07343585
4191, 0.07343603
4192, 0.07343620
4193, 0.07343637
4194, 0.07343655
4195, 0.07343672
4196, 0.07343690
4197, 0.07343707
4198, 0.07343725
4199, 0.07343743
4200, 0.07343761
4201, 0.07343779
4202, 0.07343796
4203, 0.07343814
4204, 0.07343831
4205, 0.07343848
4206, 0.07343866
4207, 0.07343882
4208, 0.07343900
4209, 0.07343917
4210, 0.07343934
4211, 0.07343953
4212, 0.07343970
4213, 0.07343987
4214, 0.07344004
4215, 0.07344022
4216, 0.07344039
4217, 0.07344056
4218, 0.07344073
4219, 0.07344090
4220, 0.07344107
4221, 0.07344124
4222, 0.07344141
4223, 0.07344158
4224, 0.07344175
4225, 0.07344192
4226, 0.07344209
4227, 0.07344226
4228, 0.07344243
4229, 0.07344261
4230, 0.07344278
4231, 0.07344295
4232, 0.07344312
4233, 0.07344329
4234, 0.07344346
4235, 0.07344364
4236, 0.07344381
4237, 0.07344398
4238, 0.07344415
4239, 0.07344432
4240, 0.07344449
4241, 0.07344467
4242, 0.07344484
4243, 0.07344501
4244, 0.07344518
4245, 0.07344535
4246, 0.07344552
4247, 0.07344569
4248, 0.07344586
4249, 0.07344603
4250, 0.07344620
4251, 0.07344637
4252, 0.07344655
4253, 0.07344672
4254, 0.07344689
4255, 0.07344706
4256, 0.07344723
4257, 0.07344741
4258, 0.07344758
4259, 0.07344775
4260, 0.07344792
4261, 0.07344810
4262, 0.07344827
4263, 0.07344844
4264, 0.07344861
4265, 0.07344878
4266, 0.07344895
4267, 0.07344912
4268, 0.07344929
4269, 0.07344947
4270, 0.07344964
4271, 0.07344981
4272, 0.07344999
4273, 0.07345016
4274, 0.07345033
4275, 0.07345050
4276, 0.07345067
4277, 0.07345084
4278, 0.07345101
4279, 0.07345119
4280, 0.07345136
4281, 0.07345153
4282, 0.07345170
4283, 0.07345187
4284, 0.07345204
4285, 0.07345222
4286, 0.07345239
4287, 0.07345256
4288, 0.07345274
4289, 0.07345512
4290, 0.07345531
4291, 0.07345548
4292, 0.07345566
4293, 0.07345583
4294, 0.07345600
4295, 0.07345617
4296, 0.07345634
4297, 0.07345652
4298, 0.07345670
4299, 0.07345687
4300, 0.07345705
4301, 0.07345723
4302, 0.07345740
4303, 0.07345758
4304, 0.07345775
4305, 0.07345792
4306, 0.07345809
4307, 0.07345826
4308, 0.07345843
4309, 0.07345861
4310, 0.07345878
4311, 0.07345895
4312, 0.07345912
4313, 0.07345929
4314, 0.07345946
4315, 0.07345963
4316, 0.07345980
4317, 0.07345997
4318, 0.07346014
4319, 0.07346031
4320, 0.07346049
4321, 0.07346066
4322, 0.07346083
4323, 0.07346100
4324, 0.07346117
4325, 0.07346134
4326, 0.07346151
4327, 0.07346168
4328, 0.07346185
4329, 0.07346202
4330, 0.07346220
4331, 0.07346237
4332, 0.07346254
4333, 0.07346271
4334, 0.07346288
4335, 0.07346306
4336, 0.07346323
4337, 0.07346340
4338, 0.07346358
4339, 0.07346375
4340, 0.07346392
4341, 0.07346409
4342, 0.07346426
4343, 0.07346444
4344, 0.07346461
4345, 0.07346478
4346, 0.07346495
4347, 0.07346513
4348, 0.07346530
4349, 0.07346547
4350, 0.07346564
4351, 0.07346582
4352, 0.07346599
4353, 0.07346616
4354, 0.07346633
4355, 0.07346650
4356, 0.07346667
4357, 0.07346684
4358, 0.07346701
4359, 0.07346719
4360, 0.07346736
4361, 0.07346753
4362, 0.07346770
4363, 0.07346788
4364, 0.07346805
4365, 0.07346822
4366, 0.07346839
4367, 0.07346857
4368, 0.07346874
4369, 0.07346891
4370, 0.07346908
4371, 0.07346926
4372, 0.07346943
4373, 0.07346960
4374, 0.07346977
4375, 0.07346995
4376, 0.07347012
4377, 0.07347029
4378, 0.07347046
4379, 0.07347063
4380, 0.07347080
4381, 0.07347097
4382, 0.07347114
4383, 0.07347131
4384, 0.07347149
4385, 0.07347166
4386, 0.07347183
4387, 0.07347201
4388, 0.07347218
4389, 0.07347248
4390, 0.07347266
4391, 0.07347283
4392, 0.07347300
4393, 0.07347317
4394, 0.07347334
4395, 0.07347351
4396, 0.07347369
4397, 0.07347386
4398, 0.07347403
4399, 0.07347420
4400, 0.07347437
4401, 0.07347454
4402, 0.07347472
4403, 0.07347489
4404, 0.07347506
4405, 0.07347523
4406, 0.07347540
4407, 0.07347557
4408, 0.07347575
4409, 0.07347592
4410, 0.07347609
4411, 0.07347633
4412, 0.07347650
4413, 0.07347667
4414, 0.07347686
4415, 0.07347931
4416, 0.07347951
4417, 0.07347968
4418, 0.07347986
4419, 0.07348003
4420, 0.07348021
4421, 0.07348038
4422, 0.07348055
4423, 0.07348073
4424, 0.07348090
4425, 0.07348107
4426, 0.07348124
4427, 0.07348142
4428, 0.07348159
4429, 0.07348176
4430, 0.07348193
4431, 0.07348211
4432, 0.07348228
4433, 0.07348245
4434, 0.07348263
4435, 0.07348280
4436, 0.07348297
4437, 0.07348314
4438, 0.07348331
4439, 0.07348349
4440, 0.07348366
4441, 0.07348383
4442, 0.07348400
4443, 0.07348417
4444, 0.07348435
4445, 0.07348454
4446, 0.07348471
4447, 0.07348489
4448, 0.07348506
4449, 0.07348523
4450, 0.07348540
4451, 0.07348558
4452, 0.07348575
4453, 0.07348592
4454, 0.07348610
4455, 0.07348627
4456, 0.07348645
4457, 0.07348663
4458, 0.07348680
4459, 0.07348697
4460, 0.07348715
4461, 0.07348732
4462, 0.07348749
4463, 0.07348766
4464, 0.07348784
4465, 0.07348801
4466, 0.07348819
4467, 0.07348836
4468, 0.07348853
4469, 0.07348870
4470, 0.07348889
4471, 0.07348907
4472, 0.07348924
4473, 0.07348941
4474, 0.07348959
4475, 0.07348976
4476, 0.07348993
4477, 0.07349010
4478, 0.07349027
4479, 0.07349044
4480, 0.07349062
4481, 0.07349079
4482, 0.07349096
4483, 0.07349113
4484, 0.07349130
4485, 0.07349147
4486, 0.07349165
4487, 0.07349182
4488, 0.07349199
4489, 0.07349216
4490, 0.07349233
4491, 0.07349250
4492, 0.07349268
4493, 0.07349285
4494, 0.07349302
4495, 0.07349321
4496, 0.07349338
4497, 0.07349355
4498, 0.07349373
4499, 0.07349390
4500, 0.07349407
4501, 0.07349424
4502, 0.07349442
4503, 0.07349459
4504, 0.07349476
4505, 0.07349493
4506, 0.07349510
4507, 0.07349534
4508, 0.07349551
4509, 0.07349568
4510, 0.07349585
4511, 0.07349602
4512, 0.07349620
4513, 0.07349637
4514, 0.07349654
4515, 0.07349671
4516, 0.07349689
4517, 0.07349706
4518, 0.07349723
4519, 0.07349741
4520, 0.07349758
4521, 0.07349775
4522, 0.07349792
4523, 0.07349809
4524, 0.07349828
4525, 0.07349847
4526, 0.07349864
4527, 0.07349882
4528, 0.07349899
4529, 0.07349916
4530, 0.07349933
4531, 0.07349951
4532, 0.07349968
4533, 0.07349985
4534, 0.07350002
4535, 0.07350020
4536, 0.07350037
4537, 0.07350054
4538, 0.07350072
4539, 0.07350089
4540, 0.07350107
4541, 0.07350467
4542, 0.07350487
4543, 0.07350505
4544, 0.07350522
4545, 0.07350539
4546, 0.07350556
4547, 0.07350573
4548, 0.07350590
4549, 0.07350607
4550, 0.07350624
4551, 0.07350641
4552, 0.07350658
4553, 0.07350675
4554, 0.07350692
4555, 0.07350709
4556, 0.07350726
4557, 0.07350743
4558, 0.07350760
4559, 0.07350777
4560, 0.07350794
4561, 0.07350811
4562, 0.07350828
4563, 0.07350845
4564, 0.07350863
4565, 0.07350880
4566, 0.07350897
4567, 0.07350914
4568, 0.07350931
4569, 0.07350948
4570, 0.07350965
4571, 0.07350982
4572, 0.07350999
4573, 0.07351016
4574, 0.07351033
4575, 0.07351050
4576, 0.07351067
4577, 0.07351084
4578, 0.07351101
4579, 0.07351118
4580, 0.07351135
4581, 0.07351152
4582, 0.07351170
4583, 0.07351187
4584, 0.07351204
4585, 0.07351221
4586, 0.07351238
4587, 0.07351255
4588, 0.07351272
4589, 0.07351289
4590, 0.07351307
4591, 0.07351324
4592, 0.07351341
4593, 0.07351359
4594, 0.07351376
4595, 0.07351394
4596, 0.07351411
4597, 0.07351429
4598, 0.07351447
4599, 0.07351464
4600, 0.07351482
4601, 0.07351500
4602, 0.07351517
4603, 0.07351535
4604, 0.07351553
4605, 0.07351570
4606, 0.07351587
4607, 0.07351613
4608, 0.07351630
4609, 0.07351647
4610, 0.07351664
4611, 0.07351680
4612, 0.07351697
4613, 0.07351714
4614, 0.07351731
4615, 0.07351755
4616, 0.07351772
4617, 0.07351789
4618, 0.07351806
4619, 0.07351823
4620, 0.07351840
4621, 0.07351857
4622, 0.07351874
4623, 0.07351898
4624, 0.07351915
4625, 0.07351931
4626, 0.07351948
4627, 0.07351965
4628, 0.07351982
4629, 0.07351999
4630, 0.07352016
4631, 0.07352045
4632, 0.07352062
4633, 0.07352078
4634, 0.07352095
4635, 0.07352112
4636, 0.07352129
4637, 0.07352145
4638, 0.07352162
4639, 0.07352190
4640, 0.07352207
4641, 0.07352223
4642, 0.07352240
4643, 0.07352257
4644, 0.07352273
4645, 0.07352290
4646, 0.07352306
4647, 0.07352331
4648, 0.07352347
4649, 0.07352364
4650, 0.07352381
4651, 0.07352397
4652, 0.07352414
4653, 0.07352430
4654, 0.07352447
4655, 0.07352471
4656, 0.07352488
4657, 0.07352505
4658, 0.07352521
4659, 0.07352538
4660, 0.07352554
4661, 0.07352571
4662, 0.07352587
4663, 0.07352611
4664, 0.07352628
4665, 0.07352645
4666, 0.07352662
4667, 0.07352886
4668, 0.07352905
4669, 0.07352923
4670, 0.07352941
4671, 0.07352966
4672, 0.07352984
4673, 0.07353001
4674, 0.07353018
4675, 0.07353036
4676, 0.07353053
4677, 0.07353070
4678, 0.07353088
4679, 0.07353117
4680, 0.07353134
4681, 0.07353152
4682, 0.07353169
4683, 0.07353187
4684, 0.07353204
4685, 0.07353221
4686, 0.07353239
4687, 0.07353256
4688, 0.07353273
4689, 0.07353291
4690, 0.07353308
4691, 0.07353325
4692, 0.07353342
4693, 0.07353360
4694, 0.07353377
4695, 0.07353395
4696, 0.07353412
4697, 0.07353429
4698, 0.07353447
4699, 0.07353464
4700, 0.07353481
4701, 0.07353499
4702, 0.07353516
4703, 0.07353534
4704, 0.07353551
4705, 0.07353568
4706, 0.07353585
4707, 0.07353602
4708, 0.07353620
4709, 0.07353637
4710, 0.07353654
4711, 0.07353672
4712, 0.07353689
4713, 0.07353706
4714, 0.07353724
4715, 0.07353741
4716, 0.07353758
4717, 0.07353776
4718, 0.07353793
4719, 0.07353810
4720, 0.07353828
4721, 0.07353845
4722, 0.07353862
4723, 0.07353880
4724, 0.07353897
4725, 0.07353914
4726, 0.07353932
4727, 0.07353949
4728, 0.07353972
4729, 0.07353990
4730, 0.07354007
4731, 0.07354024
4732, 0.07354041
4733, 0.07354059
4734, 0.07354076
4735, 0.07354093
4736, 0.07354110
4737, 0.07354128
4738, 0.07354145
4739, 0.07354162
4740, 0.07354180
4741, 0.07354197
4742, 0.07354214
4743, 0.07354232
4744, 0.07354249
4745, 0.07354266
4746, 0.07354284
4747, 0.07354301
4748, 0.07354318
4749, 0.07354336
4750, 0.07354353
4751, 0.07354370
4752, 0.07354388
4753, 0.07354405
4754, 0.07354422
4755, 0.07354440
4756, 0.07354457
4757, 0.07354474
4758, 0.07354492
4759, 0.07354509
4760, 0.07354526
4761, 0.07354544
4762, 0.07354561
4763, 0.07354579
4764, 0.07354596
4765, 0.07354614
4766, 0.07354631
4767, 0.07354648
4768, 0.07354666
4769, 0.07354684
4770, 0.07354701
4771, 0.07354718
4772, 0.07354736
4773, 0.07354753
4774, 0.07354770
4775, 0.07354787
4776, 0.07354805
4777, 0.07354822
4778, 0.07354842
4779, 0.07354859
4780, 0.07354877
4781, 0.07354894
4782, 0.07354911
4783, 0.07354929
4784, 0.07354947
4785, 0.07354964
4786, 0.07354982
4787, 0.07354999
4788, 0.07355017
4789, 0.07355034
4790, 0.07355051
4791, 0.07355069
4792, 0.07355088
4793, 0.07355318
4794, 0.07355337
4795, 0.07355355
4796, 0.07355373
4797, 0.07355392
4798, 0.07355410
4799, 0.07355428
4800, 0.07355446
4801, 0.07355463
4802, 0.07355481
4803, 0.07355498
4804, 0.07355516
4805, 0.07355534
4806, 0.07355551
4807, 0.07355569
4808, 0.07355587
4809, 0.07355604
4810, 0.07355621
4811, 0.07355639
4812, 0.07355657
4813, 0.07355674
4814, 0.07355691
4815, 0.07355709
4816, 0.07355726
4817, 0.07355744
4818, 0.07355761
4819, 0.07355778
4820, 0.07355795
4821, 0.07355812
4822, 0.07355830
4823, 0.07355847
4824, 0.07355864
4825, 0.07355882
4826, 0.07355899
4827, 0.07355917
4828, 0.07355934
4829, 0.07355951
4830, 0.07355969
4831, 0.07355986
4832, 0.07356004
4833, 0.07356021
4834, 0.07356038
4835, 0.07356055
4836, 0.07356073
4837, 0.07356090
4838, 0.07356107
4839, 0.07356125
4840, 0.07356142
4841, 0.07356160
4842, 0.07356177
4843, 0.07356194
4844, 0.07356212
4845, 0.07356229
4846, 0.07356247
4847, 0.07356264
4848, 0.07356282
4849, 0.07356299
4850, 0.07356316
4851, 0.07356334
4852, 0.07356351
4853, 0.07356368
4854, 0.07356386
4855, 0.07356403
4856, 0.07356421
4857, 0.07356438
4858, 0.07356455
4859, 0.07356472
4860, 0.07356490
4861, 0.07356507
4862, 0.07356524
4863, 0.07356541
4864, 0.07356559
4865, 0.07356576
4866, 0.07356593
4867, 0.07356611
4868, 0.07356628
4869, 0.07356645
4870, 0.07356663
4871, 0.07356680
4872, 0.07356698
4873, 0.07356715
4874, 0.07356732
4875, 0.07356750
4876, 0.07356767
4877, 0.07356784
4878, 0.07356802
4879, 0.07356819
4880, 0.07356837
4881, 0.07356854
4882, 0.07356872
4883, 0.07356889
4884, 0.07356906
4885, 0.07356923
4886, 0.07356940
4887, 0.07356957
4888, 0.07356974
4889, 0.07356992
4890, 0.07357009
4891, 0.07357026
4892, 0.07357044
4893, 0.07357061
4894, 0.07357078
4895, 0.07357095
4896, 0.07357113
4897, 0.07357130
4898, 0.07357147
4899, 0.07357164
4900, 0.07357181
4901, 0.07357199
4902, 0.07357215
4903, 0.07357233
4904, 0.07357249
4905, 0.07357266
4906, 0.07357283
4907, 0.07357300
4908, 0.07357317
4909, 0.07357334
4910, 0.07357351
4911, 0.07357368
4912, 0.07357385
4913, 0.07357402
4914, 0.07357419
4915, 0.07357436
4916, 0.07357453
4917, 0.07357470
4918, 0.07357489
4919, 0.07357718
4920, 0.07357737
4921, 0.07357754
4922, 0.07357771
4923, 0.07357788
4924, 0.07357805
4925, 0.07357822
4926, 0.07357839
4927, 0.07357855
4928, 0.07357872
4929, 0.07357889
4930, 0.07357906
4931, 0.07357922
4932, 0.07357940
4933, 0.07357957
4934, 0.07357974
4935, 0.07357991
4936, 0.07358008
4937, 0.07358025
4938, 0.07358041
4939, 0.07358058
4940, 0.07358075
4941, 0.07358092
4942, 0.07358108
4943, 0.07358125
4944, 0.07358141
4945, 0.07358158
4946, 0.07358175
4947, 0.07358191
4948, 0.07358208
4949, 0.07358225
4950, 0.07358241
4951, 0.07358258
4952, 0.07358275
4953, 0.07358291
4954, 0.07358308
4955, 0.07358325
4956, 0.07358341
4957, 0.07358358
4958, 0.07358374
4959, 0.07358391
4960, 0.07358408
4961, 0.07358424
4962, 0.07358441
4963, 0.07358458
4964, 0.07358475
4965, 0.07358491
4966, 0.07358508
4967, 0.07358525
4968, 0.07358541
4969, 0.07358558
4970, 0.07358574
4971, 0.07358591
4972, 0.07358610
4973, 0.07358627
4974, 0.07358646
4975, 0.07358665
4976, 0.07358682
4977, 0.07358699
4978, 0.07358718
4979, 0.07358734
4980, 0.07358753
4981, 0.07358770
4982, 0.07358787
4983, 0.07358804
4984, 0.07358821
4985, 0.07358838
4986, 0.07358855
4987, 0.07358872
4988, 0.07358889
4989, 0.07358905
4990, 0.07358923
4991, 0.07358939
4992, 0.07358956
4993, 0.07358973
4994, 0.07358989
4995, 0.07359006
4996, 0.07359023
4997, 0.07359040
4998, 0.07359057
4999, 0.07359073
5000, 0.07359090
5001, 0.07359107
5002, 0.07359124
5003, 0.07359140
5004, 0.07359157
5005, 0.07359174
5006, 0.07359191
5007, 0.07359208
5008, 0.07359225
5009, 0.07359243
5010, 0.07359260
5011, 0.07359277
5012, 0.07359294
5013, 0.07359311
5014, 0.07359328
5015, 0.07359345
5016, 0.07359362
5017, 0.07359379
5018, 0.07359396
5019, 0.07359413
5020, 0.07359430
5021, 0.07359446
5022, 0.07359464
5023, 0.07359480
5024, 0.07359497
5025, 0.07359514
5026, 0.07359531
5027, 0.07359548
5028, 0.07359565
5029, 0.07359582
5030, 0.07359599
5031, 0.07359616
5032, 0.07359633
5033, 0.07359650
5034, 0.07359667
5035, 0.07359684
5036, 0.07359701
5037, 0.07359718
5038, 0.07359735
5039, 0.07359752
5040, 0.07359769
5041, 0.07359786
5042, 0.07359803
5043, 0.07359820
5044, 0.07359838
5045, 0.07360049
5046, 0.07360068
5047, 0.07360085
5048, 0.07360103
5049, 0.07360120
5050, 0.07360137
5051, 0.07360155
5052, 0.07360172
5053, 0.07360189
5054, 0.07360205
5055, 0.07360223
5056, 0.07360240
5057, 0.07360257
5058, 0.07360274
5059, 0.07360291
5060, 0.07360308
5061, 0.07360325
5062, 0.07360342
5063, 0.07360359
5064, 0.07360377
5065, 0.07360394
5066, 0.07360411
5067, 0.07360428
5068, 0.07360445
5069, 0.07360462
5070, 0.07360479
5071, 0.07360496
5072, 0.07360513
5073, 0.07360531
5074, 0.07360548
5075, 0.07360565
5076, 0.07360583
5077, 0.07360600
5078, 0.07360617
5079, 0.07360634
5080, 0.07360651
5081, 0.07360668
5082, 0.07360685
5083, 0.07360703
5084, 0.07360720
5085, 0.07360737
5086, 0.07360754
5087, 0.07360771
5088, 0.07360788
5089, 0.07360805
5090, 0.07360822
5091, 0.07360839
5092, 0.07360856
5093, 0.07360873
5094, 0.07360890
5095, 0.07360907
5096, 0.07360925
5097, 0.07360941
5098, 0.07360959
5099, 0.07360976
5100, 0.07360993
5101, 0.07361010
5102, 0.07361028
5103, 0.07361045
5104, 0.07361062
5105, 0.07361079
5106, 0.07361097
5107, 0.07361114
5108, 0.07361131
5109, 0.07361148
5110, 0.07361165
5111, 0.07361182
5112, 0.07361199
5113, 0.07361217
5114, 0.07361234
5115, 0.07361251
5116, 0.07361268
5117, 0.07361285
5118, 0.07361302
5119, 0.07361320
5120, 0.07361337
5121, 0.07361354
5122, 0.07361371
5123, 0.07361388
5124, 0.07361405
5125, 0.07361423
5126, 0.07361440
5127, 0.07361464
5128, 0.07361481
5129, 0.07361498
5130, 0.07361515
5131, 0.07361533
5132, 0.07361549
5133, 0.07361567
5134, 0.07361584
5135, 0.07361608
5136, 0.07361625
5137, 0.07361642
5138, 0.07361659
5139, 0.07361677
5140, 0.07361694
5141, 0.07361711
5142, 0.07361728
5143, 0.07361752
5144, 0.07361769
5145, 0.07361787
5146, 0.07361804
5147, 0.07361821
5148, 0.07361838
5149, 0.07361855
5150, 0.07361873
5151, 0.07361897
5152, 0.07361915
5153, 0.07361932
5154, 0.07361949
5155, 0.07361966
5156, 0.07361983
5157, 0.07362001
5158, 0.07362018
5159, 0.07362042
5160, 0.07362060
5161, 0.07362077
5162, 0.07362093
5163, 0.07362111
5164, 0.07362127
5165, 0.07362144
5166, 0.07362162
5167, 0.07362186
5168, 0.07362203
5169, 0.07362221
5170, 0.07362239
5171, 0.07362461
5172, 0.07362480
5173, 0.07362498
5174, 0.07362516
5175, 0.07362540
5176, 0.07362557
5177, 0.07362575
5178, 0.07362592
5179, 0.07362609
5180, 0.07362626
5181, 0.07362643
5182, 0.07362660
5183, 0.07362685
5184, 0.07362702
5185, 0.07362719
5186, 0.07362736
5187, 0.07362753
5188, 0.07362770
5189, 0.07362787
5190, 0.07362804
5191, 0.07362821
5192, 0.07362838
5193, 0.07362855
5194, 0.07362872
5195, 0.07362889
5196, 0.07362906
5197, 0.07362924
5198, 0.07362941
5199, 0.07362958
5200, 0.07362975
5201, 0.07362991
5202, 0.07363008
5203, 0.07363025
5204, 0.07363042
5205, 0.07363059
5206, 0.07363076
5207, 0.07363094
5208, 0.07363110
5209, 0.07363128
5210, 0.07363145
5211, 0.07363162
5212, 0.07363179
5213, 0.07363196
5214, 0.07363213
5215, 0.07363230
5216, 0.07363247
5217, 0.07363264
5218, 0.07363281
5219, 0.07363298
5220, 0.07363315
5221, 0.07363332
5222, 0.07363349
5223, 0.07363366
5224, 0.07363383
5225, 0.07363400
5226, 0.07363417
5227, 0.07363434
5228, 0.07363452
5229, 0.07363469
5230, 0.07363485
5231, 0.07363504
5232, 0.07363521
5233, 0.07363538
5234, 0.07363555
5235, 0.07363572
5236, 0.07363589
5237, 0.07363606
5238, 0.07363623
5239, 0.07363640
5240, 0.07363658
5241, 0.07363674
5242, 0.07363691
5243, 0.07363708
5244, 0.07363725
5245, 0.07363742
5246, 0.07363759
5247, 0.07363776
5248, 0.07363793
5249, 0.07363810
5250, 0.07363828
5251, 0.07363845
5252, 0.07363862
5253, 0.07363879
5254, 0.07363896
5255, 0.07363913
5256, 0.07363930
5257, 0.07363947
5258, 0.07363964
5259, 0.07363981
5260, 0.07363998
5261, 0.07364017
5262, 0.07364034
5263, 0.07364051
5264, 0.07364068
5265, 0.07364085
5266, 0.07364102
5267, 0.07364120
5268, 0.07364137
5269, 0.07364154
5270, 0.07364171
5271, 0.07364188
5272, 0.07364205
5273, 0.07364222
5274, 0.07364239
5275, 0.07364256
5276, 0.07364274
5277, 0.07364291
5278, 0.07364308
5279, 0.07364325
5280, 0.07364342
5281, 0.07364360
5282, 0.07364377
5283, 0.07364394
5284, 0.07364411
5285, 0.07364428
5286, 0.07364445
5287, 0.07364462
5288, 0.07364479
5289, 0.07364496
5290, 0.07364513
5291, 0.07364530
5292, 0.07364547
5293, 0.07364564
5294, 0.07364581
5295, 0.07364599
5296, 0.07364617
5297, 0.07364828
5298, 0.07364846
5299, 0.07364863
5300, 0.07364880
5301, 0.07364898
5302, 0.07364915
5303, 0.07364932
5304, 0.07364949
5305, 0.07364966
5306, 0.07364983
5307, 0.07365000
5308, 0.07365017
5309, 0.07365035
5310, 0.07365052
5311, 0.07365069
5312, 0.07365086
5313, 0.07365103
5314, 0.07365120
5315, 0.07365138
5316, 0.07365155
5317, 0.07365172
5318, 0.07365189
5319, 0.07365206
5320, 0.07365223
5321, 0.07365240
5322, 0.07365257
5323, 0.07365275
5324, 0.07365292
5325, 0.07365310
5326, 0.07365327
5327, 0.07365344
5328, 0.07365361
5329, 0.07365378
5330, 0.07365395
5331, 0.07365412
5332, 0.07365429
5333, 0.07365446
5334, 0.07365463
5335, 0.07365480
5336, 0.07365497
5337, 0.07365514
5338, 0.07365531
5339, 0.07365548
5340, 0.07365566
5341, 0.07365582
5342, 0.07365599
5343, 0.07365617
5344, 0.07365634
5345, 0.07365650
5346, 0.07365668
5347, 0.07365684
5348, 0.07365702
5349, 0.07365719
5350, 0.07365736
5351, 0.07365753
5352, 0.07365770
5353, 0.07365787
5354, 0.07365804
5355, 0.07365821
5356, 0.07365838
5357, 0.07365855
5358, 0.07365872
5359, 0.07365889
5360, 0.07365906
5361, 0.07365923
5362, 0.07365940
5363, 0.07365957
5364, 0.07365974
5365, 0.07365991
5366, 0.07366008
5367, 0.07366025
5368, 0.07366042
5369, 0.07366059
5370, 0.07366076
5371, 0.07366093
5372, 0.07366110
5373, 0.07366127
5374, 0.07366144
5375, 0.07366161
5376, 0.07366179
5377, 0.07366196
5378, 0.07366213
5379, 0.07366230
5380, 0.07366247
5381, 0.07366264
5382, 0.07366281
5383, 0.07366298
5384, 0.07366315
5385, 0.07366332
5386, 0.07366349
5387, 0.07366366
5388, 0.07366383
5389, 0.07366400
5390, 0.07366417
5391, 0.07366434
5392, 0.07366451
5393, 0.07366468
5394, 0.07366485
5395, 0.07366502
5396, 0.07366519
5397, 0.07366536
5398, 0.07366553
5399, 0.07366570
5400, 0.07366587
5401, 0.07366604
5402, 0.07366621
5403, 0.07366638
5404, 0.07366655
5405, 0.07366672
5406, 0.07366689
5407, 0.07366707
5408, 0.07366724
5409, 0.07366741
5410, 0.07366758
5411, 0.07366775
5412, 0.07366792
5413, 0.07366809
5414, 0.07366826
5415, 0.07366843
5416, 0.07366860
5417, 0.07366877
5418, 0.07366894
5419, 0.07366911
5420, 0.07366928
5421, 0.07366945
5422, 0.07366964
5423, 0.07367179
5424, 0.07367197
5425, 0.07367214
5426, 0.07367231
5427, 0.07367248
5428, 0.07367265
5429, 0.07367283
5430, 0.07367299
5431, 0.07367316
5432, 0.07367333
5433, 0.07367350
5434, 0.07367367
5435, 0.07367384
5436, 0.07367401
5437, 0.07367418
5438, 0.07367435
5439, 0.07367452
5440, 0.07367469
5441, 0.07367486
5442, 0.07367503
5443, 0.07367519
5444, 0.07367537
5445, 0.07367553
5446, 0.07367570
5447, 0.07367587
5448, 0.07367605
5449, 0.07367622
5450, 0.07367639
5451, 0.07367655
5452, 0.07367672
5453, 0.07367689
5454, 0.07367706
5455, 0.07367723
5456, 0.07367741
5457, 0.07367757
5458, 0.07367774
5459, 0.07367792
5460, 0.07367809
5461, 0.07367826
5462, 0.07367843
5463, 0.07367860
5464, 0.07367877
5465, 0.07367894
5466, 0.07367910
5467, 0.07367927
5468, 0.07367944
5469, 0.07367961
5470, 0.07367978
5471, 0.07367995
5472, 0.07368012
5473, 0.07368029
5474, 0.07368045
5475, 0.07368062
5476, 0.07368079
5477, 0.07368096
5478, 0.07368119
5479, 0.07368136
5480, 0.07368153
5481, 0.07368170
5482, 0.07368187
5483, 0.07368204
5484, 0.07368221
5485, 0.07368238
5486, 0.07368255
5487, 0.07368272
5488, 0.07368289
5489, 0.07368306
5490, 0.07368324
5491, 0.07368341
5492, 0.07368358
5493, 0.07368375
5494, 0.07368392
5495, 0.07368411
5496, 0.07368428
5497, 0.07368446
5498, 0.07368463
5499, 0.07368480
5500, 0.07368497
5501, 0.07368514
5502, 0.07368531
5503, 0.07368549
5504, 0.07368566
5505, 0.07368583
5506, 0.07368600
5507, 0.07368617
5508, 0.07368634
5509, 0.07368651
5510, 0.07368668
5511, 0.07368685
5512, 0.07368703
5513, 0.07368719
5514, 0.07368737
5515, 0.07368754
5516, 0.07368771
5517, 0.07368788
5518, 0.07368805
5519, 0.07368822
5520, 0.07368839
5521, 0.07368856
5522, 0.07368873
5523, 0.07368890
5524, 0.07368907
5525, 0.07368925
5526, 0.07368942
5527, 0.07368959
5528, 0.07368976
5529, 0.07368993
5530, 0.07369010
5531, 0.07369027
5532, 0.07369045
5533, 0.07369064
5534, 0.07369081
5535, 0.07369098
5536, 0.07369115
5537, 0.07369132
5538, 0.07369149
5539, 0.07369166
5540, 0.07369183
5541, 0.07369201
5542, 0.07369218
5543, 0.07369235
5544, 0.07369252
5545, 0.07369269
5546, 0.07369286
5547, 0.07369303
5548, 0.07369321
5549, 0.07369540
5550, 0.07369558
5551, 0.07369576
5552, 0.07369593
5553, 0.07369610
5554, 0.07369627
5555, 0.07369644
5556, 0.07369661
5557, 0.07369678
5558, 0.07369694
5559, 0.07369712
5560, 0.07369728
5561, 0.07369745
5562, 0.07369762
5563, 0.07369779
5564, 0.07369796
5565, 0.07369813
5566, 0.07369830
5567, 0.07369847
5568, 0.07369864
5569, 0.07369881
5570, 0.07369898
5571, 0.07369915
5572, 0.07369932
5573, 0.07369949
5574, 0.07369966
5575, 0.07369983
5576, 0.07370001
5577, 0.07370018
5578, 0.07370034
5579, 0.07370051
5580, 0.07370068
5581, 0.07370085
5582, 0.07370102
5583, 0.07370119
5584, 0.07370136
5585, 0.07370153
5586, 0.07370170
5587, 0.07370187
5588, 0.07370204
5589, 0.07370221
5590, 0.07370238
5591, 0.07370256
5592, 0.07370273
5593, 0.07370290
5594, 0.07370308
5595, 0.07370325
5596, 0.07370342
5597, 0.07370359
5598, 0.07370376
5599, 0.07370393
5600, 0.07370410
5601, 0.07370427
5602, 0.07370444
5603, 0.07370461
5604, 0.07370478
5605, 0.07370496
5606, 0.07370513
5607, 0.07370529
5608, 0.07370547
5609, 0.07370564
5610, 0.07370581
5611, 0.07370598
5612, 0.07370615
5613, 0.07370632
5614, 0.07370649
5615, 0.07370666
5616, 0.07370683
5617, 0.07370700
5618, 0.07370717
5619, 0.07370734
5620, 0.07370751
5621, 0.07370768
5622, 0.07370785
5623, 0.07370806
5624, 0.07370824
5625, 0.07370841
5626, 0.07370858
5627, 0.07370875
5628, 0.07370892
5629, 0.07370909
5630, 0.07370926
5631, 0.07370943
5632, 0.07370961
5633, 0.07370978
5634, 0.07370995
5635, 0.07371012
5636, 0.07371029
5637, 0.07371046
5638, 0.07371063
5639, 0.07371088
5640, 0.07371104
5641, 0.07371121
5642, 0.07371139
5643, 0.07371155
5644, 0.07371172
5645, 0.07371189
5646, 0.07371205
5647, 0.07371229
5648, 0.07371246
5649, 0.07371263
5650, 0.07371279
5651, 0.07371296
5652, 0.07371313
5653, 0.07371330
5654, 0.07371346
5655, 0.07371372
5656, 0.07371389
5657, 0.07371406
5658, 0.07371423
5659, 0.07371439
5660, 0.07371456
5661, 0.07371473
5662, 0.07371490
5663, 0.07371525
5664, 0.07371542
5665, 0.07371558
5666, 0.07371575
5667, 0.07371592
5668, 0.07371609
5669, 0.07371625
5670, 0.07371642
5671, 0.07371666
5672, 0.07371682
5673, 0.07371699
5674, 0.07371717
5675, 0.07371946
5676, 0.07371965
5677, 0.07371982
5678, 0.07371999
5679, 0.07372023
5680, 0.07372040
5681, 0.07372058
5682, 0.07372074
5683, 0.07372091
5684, 0.07372108
5685, 0.07372125
5686, 0.07372142
5687, 0.07372169
5688, 0.07372186
5689, 0.07372203
5690, 0.07372221
5691, 0.07372238
5692, 0.07372255
5693, 0.07372272
5694, 0.07372289
5695, 0.07372314
5696, 0.07372330
5697, 0.07372348
5698, 0.07372365
5699, 0.07372382
5700, 0.07372399
5701, 0.07372416
5702, 0.07372433
5703, 0.07372450
5704, 0.07372467
5705, 0.07372484
5706, 0.07372501
5707, 0.07372518
5708, 0.07372535
5709, 0.07372552
5710, 0.07372569
5711, 0.07372586
5712, 0.07372602
5713, 0.07372619
5714, 0.07372636
5715, 0.07372653
5716, 0.07372670
5717, 0.07372687
5718, 0.07372704
5719, 0.07372721
5720, 0.07372738
5721, 0.07372755
5722, 0.07372771
5723, 0.07372789
5724, 0.07372806
5725, 0.07372823
5726, 0.07372840
5727, 0.07372857
5728, 0.07372874
5729, 0.07372891
5730, 0.07372908
5731, 0.07372924
5732, 0.07372941
5733, 0.07372958
5734, 0.07372975
5735, 0.07372992
5736, 0.07373009
5737, 0.07373026
5738, 0.07373043
5739, 0.07373060
5740, 0.07373077
5741, 0.07373093
5742, 0.07373110
5743, 0.07373127
5744, 0.07373144
5745, 0.07373161
5746, 0.07373178
5747, 0.07373195
5748, 0.07373212
5749, 0.07373229
5750, 0.07373246
5751, 0.07373263
5752, 0.07373280
5753, 0.07373296
5754, 0.07373313
5755, 0.07373330
5756, 0.07373347
5757, 0.07373364
5758, 0.07373381
5759, 0.07373398
5760, 0.07373415
5761, 0.07373432
5762, 0.07373449
5763, 0.07373466
5764, 0.07373483
5765, 0.07373500
5766, 0.07373517
5767, 0.07373534
5768, 0.07373551
5769, 0.07373568
5770, 0.07373585
5771, 0.07373602
5772, 0.07373619
5773, 0.07373636
5774, 0.07373654
5775, 0.07373671
5776, 0.07373688
5777, 0.07373705
5778, 0.07373722
5779, 0.07373739
5780, 0.07373756
5781, 0.07373773
5782, 0.07373790
5783, 0.07373807
5784, 0.07373825
5785, 0.07373842
5786, 0.07373859
5787, 0.07373876
5788, 0.07373893
5789, 0.07373910
5790, 0.07373927
5791, 0.07373944
5792, 0.07373961
5793, 0.07373978
5794, 0.07373995
5795, 0.07374013
5796, 0.07374030
5797, 0.07374047
5798, 0.07374064
5799, 0.07374081
5800, 0.07374099
5801, 0.07374348
5802, 0.07374367
5803, 0.07374384
5804, 0.07374402
5805, 0.07374419
5806, 0.07374437
5807, 0.07374453
5808, 0.07374471
5809, 0.07374488
5810, 0.07374505
5811, 0.07374522
5812, 0.07374539
5813, 0.07374556
5814, 0.07374573
5815, 0.07374590
5816, 0.07374607
5817, 0.07374624
5818, 0.07374641
5819, 0.07374658
5820, 0.07374675
5821, 0.07374692
5822, 0.07374709
5823, 0.07374726
5824, 0.07374750
5825, 0.07374767
5826, 0.07374784
5827, 0.07374801
5828, 0.07374818
5829, 0.07374835
5830, 0.07374852
5831, 0.07374869
5832, 0.07374886
5833, 0.07374903
5834, 0.07374920
5835, 0.07374937
5836, 0.07374954
5837, 0.07374971
5838, 0.07374988
5839, 0.07375005
5840, 0.07375022
5841, 0.07375039
5842, 0.07375056
5843, 0.07375073
5844, 0.07375090
5845, 0.07375107
5846, 0.07375124
5847, 0.07375141
5848, 0.07375157
5849, 0.07375174
5850, 0.07375191
5851, 0.07375207
5852, 0.07375224
5853, 0.07375241
5854, 0.07375258
5855, 0.07375275
5856, 0.07375292
5857, 0.07375309
5858, 0.07375325
5859, 0.07375342
5860, 0.07375359
5861, 0.07375376
5862, 0.07375393
5863, 0.07375410
5864, 0.07375426
5865, 0.07375443
5866, 0.07375460
5867, 0.07375476
5868, 0.07375493
5869, 0.07375510
5870, 0.07375526
5871, 0.07375543
5872, 0.07375560
5873, 0.07375576
5874, 0.07375593
5875, 0.07375610
5876, 0.07375626
5877, 0.07375643
5878, 0.07375660
5879, 0.07375676
5880, 0.07375693
5881, 0.07375710
5882, 0.07375727
5883, 0.07375744
5884, 0.07375760
5885, 0.07375777
5886, 0.07375794
5887, 0.07375810
5888, 0.07375827
5889, 0.07375844
5890, 0.07375861
5891, 0.07375878
5892, 0.07375894
5893, 0.07375912
5894, 0.07375928
5895, 0.07375945
5896, 0.07375962
5897, 0.07375979
5898, 0.07375996
5899, 0.07376013
5900, 0.07376030
5901, 0.07376047
5902, 0.07376063
5903, 0.07376080
5904, 0.07376097
5905, 0.07376114
5906, 0.07376131
5907, 0.07376148
5908, 0.07376165
5909, 0.07376182
5910, 0.07376198
5911, 0.07376215
5912, 0.07376232
5913, 0.07376249
5914, 0.07376266
5915, 0.07376283
5916, 0.07376299
5917, 0.07376316
5918, 0.07376333
5919, 0.07376350
5920, 0.07376367
5921, 0.07376384
5922, 0.07376401
5923, 0.07376418
5924, 0.07376435
5925, 0.07376452
5926, 0.07376470
5927, 0.07376683
5928, 0.07376701
5929, 0.07376718
5930, 0.07376735
5931, 0.07376752
5932, 0.07376769
5933, 0.07376786
5934, 0.07376803
5935, 0.07376820
5936, 0.07376837
5937, 0.07376854
5938, 0.07376871
5939, 0.07376887
5940, 0.07376904
5941, 0.07376921
5942, 0.07376938
5943, 0.07376955
5944, 0.07376972
5945, 0.07376989
5946, 0.07377006
5947, 0.07377023
5948, 0.07377040
5949, 0.07377057
5950, 0.07377074
5951, 0.07377090
5952, 0.07377107
5953, 0.07377124
5954, 0.07377141
5955, 0.07377158
5956, 0.07377175
5957, 0.07377192
5958, 0.07377208
5959, 0.07377225
5960, 0.07377242
5961, 0.07377259
5962, 0.07377276
5963, 0.07377293
5964, 0.07377310
5965, 0.07377327
5966, 0.07377343
5967, 0.07377360
5968, 0.07377377
5969, 0.07377394
5970, 0.07377411
5971, 0.07377428
5972, 0.07377444
5973, 0.07377461
5974, 0.07377478
5975, 0.07377495
5976, 0.07377512
5977, 0.07377529
5978, 0.07377546
5979, 0.07377568
5980, 0.07377585
5981, 0.07377602
5982, 0.07377619
5983, 0.07377637
5984, 0.07377654
5985, 0.07377671
5986, 0.07377687
5987, 0.07377704
5988, 0.07377722
5989, 0.07377738
5990, 0.07377755
5991, 0.07377772
5992, 0.07377789
5993, 0.07377806
5994, 0.07377823
5995, 0.07377839
5996, 0.07377856
5997, 0.07377873
5998, 0.07377890
5999, 0.07377908
6000, 0.07377925
6001, 0.07377943
6002, 0.07377961
6003, 0.07377978
6004, 0.07377996
6005, 0.07378013
6006, 0.07378030
6007, 0.07378047
6008, 0.07378063
6009, 0.07378080
6010, 0.07378097
6011, 0.07378114
6012, 0.07378131
6013, 0.07378147
6014, 0.07378164
6015, 0.07378181
6016, 0.07378198
6017, 0.07378215
6018, 0.07378232
6019, 0.07378249
6020, 0.07378266
6021, 0.07378283
6022, 0.07378300
6023, 0.07378317
6024, 0.07378334
6025, 0.07378351
6026, 0.07378368
6027, 0.07378385
6028, 0.07378402
6029, 0.07378418
6030, 0.07378435
6031, 0.07378452
6032, 0.07378469
6033, 0.07378486
6034, 0.07378502
6035, 0.07378519
6036, 0.07378536
6037, 0.07378555
6038, 0.07378572
6039, 0.07378589
6040, 0.07378605
6041, 0.07378623
6042, 0.07378640
6043, 0.07378657
6044, 0.07378674
6045, 0.07378690
6046, 0.07378707
6047, 0.07378724
6048, 0.07378741
6049, 0.07378758
6050, 0.07378774
6051, 0.07378791
6052, 0.07378809
6053, 0.07379351
6054, 0.07379371
6055, 0.07379389
6056, 0.07379407
6057, 0.07379424
6058, 0.07379441
6059, 0.07379458
6060, 0.07379475
6061, 0.07379493
6062, 0.07379510
6063, 0.07379527
6064, 0.07379544
6065, 0.07379561
6066, 0.07379577
6067, 0.07379594
6068, 0.07379611
6069, 0.07379629
6070, 0.07379646
6071, 0.07379663
6072, 0.07379679
6073, 0.07379697
6074, 0.07379714
6075, 0.07379731
6076, 0.07379748
6077, 0.07379765
6078, 0.07379782
6079, 0.07379799
6080, 0.07379816
6081, 0.07379833
6082, 0.07379850
6083, 0.07379868
6084, 0.07379885
6085, 0.07379902
6086, 0.07379919
6087, 0.07379935
6088, 0.07379952
6089, 0.07379969
6090, 0.07379986
6091, 0.07380003
6092, 0.07380020
6093, 0.07380037
6094, 0.07380054
6095, 0.07380071
6096, 0.07380088
6097, 0.07380105
6098, 0.07380122
6099, 0.07380139
6100, 0.07380156
6101, 0.07380173
6102, 0.07380190
6103, 0.07380207
6104, 0.07380224
6105, 0.07380241
6106, 0.07380258
6107, 0.07380275
6108, 0.07380292
6109, 0.07380309
6110, 0.07380326
6111, 0.07380343
6112, 0.07380360
6113, 0.07380377
6114, 0.07380394
6115, 0.07380411
6116, 0.07380428
6117, 0.07380445
6118, 0.07380462
6119, 0.07380479
6120, 0.07380496
6121, 0.07380513
6122, 0.07380530
6123, 0.07380547
6124, 0.07380564
6125, 0.07380581
6126, 0.07380598
6127, 0.07380618
6128, 0.07380635
6129, 0.07380652
6130, 0.07380668
6131, 0.07380685
6132, 0.07380702
6133, 0.07380720
6134, 0.07380736
6135, 0.07380754
6136, 0.07380771
6137, 0.07380788
6138, 0.07380805
6139, 0.07380822
6140, 0.07380839
6141, 0.07380855
6142, 0.07380873
6143, 0.07380889
6144, 0.07380907
6145, 0.07380924
6146, 0.07380940
6147, 0.07380958
6148, 0.07380974
6149, 0.07380991
6150, 0.07381008
6151, 0.07381032
6152, 0.07381049
6153, 0.07381067
6154, 0.07381083
6155, 0.07381100
6156, 0.07381117
6157, 0.07381134
6158, 0.07381151
6159, 0.07381175
6160, 0.07381192
6161, 0.07381209
6162, 0.07381226
6163, 0.07381243
6164, 0.07381260
6165, 0.07381277
6166, 0.07381294
6167, 0.07381317
6168, 0.07381334
6169, 0.07381351
6170, 0.07381368
6171, 0.07381385
6172, 0.07381403
6173, 0.07381419
6174, 0.07381437
6175, 0.07381461
6176, 0.07381478
6177, 0.07381495
6178, 0.07381513
6179, 0.07381729
6180, 0.07381749
6181, 0.07381767
6182, 0.07381784
6183, 0.07381809
6184, 0.07381827
6185, 0.07381844
6186, 0.07381861
6187, 0.07381878
6188, 0.07381895
6189, 0.07381912
6190, 0.07381929
6191, 0.07381953
6192, 0.07381970
6193, 0.07381987
6194, 0.07382004
6195, 0.07382021
6196, 0.07382038
6197, 0.07382054
6198, 0.07382071
6199, 0.07382095
6200, 0.07382112
6201, 0.07382129
6202, 0.07382145
6203, 0.07382163
6204, 0.07382179
6205, 0.07382196
6206, 0.07382213
6207, 0.07382237
6208, 0.07382253
6209, 0.07382270
6210, 0.07382287
6211, 0.07382304
6212, 0.07382320
6213, 0.07382337
6214, 0.07382354
6215, 0.07382378
6216, 0.07382395
6217, 0.07382412
6218, 0.07382428
6219, 0.07382445
6220, 0.07382462
6221, 0.07382478
6222, 0.07382495
6223, 0.07382512
6224, 0.07382529
6225, 0.07382545
6226, 0.07382562
6227, 0.07382579
6228, 0.07382595
6229, 0.07382612
6230, 0.07382629
6231, 0.07382646
6232, 0.07382663
6233, 0.07382680
6234, 0.07382697
6235, 0.07382714
6236, 0.07382730
6237, 0.07382747
6238, 0.07382764
6239, 0.07382781
6240, 0.07382798
6241, 0.07382814
6242, 0.07382831
6243, 0.07382848
6244, 0.07382865
6245, 0.07382882
6246, 0.07382898
6247, 0.07382915
6248, 0.07382932
6249, 0.07382948
6250, 0.07382965
6251, 0.07382982
6252, 0.07382998
6253, 0.07383015
6254, 0.07383032
6255, 0.07383049
6256, 0.07383066
6257, 0.07383082
6258, 0.07383099
6259, 0.07383116
6260, 0.07383133
6261, 0.07383150
6262, 0.07383166
6263, 0.07383183
6264, 0.07383200
6265, 0.07383217
6266, 0.07383233
6267, 0.07383250
6268, 0.07383267
6269, 0.07383284
6270, 0.07383300
6271, 0.07383317
6272, 0.07383334
6273, 0.07383351
6274, 0.07383368
6275, 0.07383385
6276, 0.07383402
6277, 0.07383419
6278, 0.07383436
6279, 0.07383452
6280, 0.07383470
6281, 0.07383487
6282, 0.07383504
6283, 0.07383521
6284, 0.07383538
6285, 0.07383555
6286, 0.07383572
6287, 0.07383589
6288, 0.07383606
6289, 0.07383623
6290, 0.07383640
6291, 0.07383657
6292, 0.07383674
6293, 0.07383691
6294, 0.07383708
6295, 0.07383724
6296, 0.07383741
6297, 0.07383758
6298, 0.07383775
6299, 0.07383792
6300, 0.07383809
6301, 0.07383826
6302, 0.07383843
6303, 0.07383860
6304, 0.07383878
6305, 0.07384093
6306, 0.07384112
6307, 0.07384130
6308, 0.07384147
6309, 0.07384164
6310, 0.07384182
6311, 0.07384198
6312, 0.07384216
6313, 0.07384233
6314, 0.07384250
6315, 0.07384267
6316, 0.07384284
6317, 0.07384301
6318, 0.07384318
6319, 0.07384334
6320, 0.07384351
6321, 0.07384369
6322, 0.07384386
6323, 0.07384403
6324, 0.07384419
6325, 0.07384436
6326, 0.07384453
6327, 0.07384470
6328, 0.07384487
6329, 0.07384504
6330, 0.07384520
6331, 0.07384538
6332, 0.07384554
6333, 0.07384571
6334, 0.07384588
6335, 0.07384606
6336, 0.07384623
6337, 0.07384640
6338, 0.07384657
6339, 0.07384674
6340, 0.07384691
6341, 0.07384708
6342, 0.07384725
6343, 0.07384742
6344, 0.07384759
6345, 0.07384776
6346, 0.07384793
6347, 0.07384810
6348, 0.07384828
6349, 0.07384844
6350, 0.07384862
6351, 0.07384879
6352, 0.07384896
6353, 0.07384912
6354, 0.07384929
6355, 0.07384946
6356, 0.07384964
6357, 0.07384981
6358, 0.07384998
6359, 0.07385015
6360, 0.07385032
6361, 0.07385049
6362, 0.07385066
6363, 0.07385083
6364, 0.07385100
6365, 0.07385117
6366, 0.07385134
6367, 0.07385152
6368, 0.07385169
6369, 0.07385186
6370, 0.07385203
6371, 0.07385220
6372, 0.07385237
6373, 0.07385254
6374, 0.07385271
6375, 0.07385288
6376, 0.07385305
6377, 0.07385322
6378, 0.07385339
6379, 0.07385356
6380, 0.07385374
6381, 0.07385391
6382, 0.07385408
6383, 0.07385425
6384, 0.07385442
6385, 0.07385459
6386, 0.07385476
6387, 0.07385493
6388, 0.07385510
6389, 0.07385527
6390, 0.07385545
6391, 0.07385562
6392, 0.07385579
6393, 0.07385596
6394, 0.07385613
6395, 0.07385630
6396, 0.07385647
6397, 0.07385664
6398, 0.07385682
6399, 0.07385699
6400, 0.07385716
6401, 0.07385733
6402, 0.07385750
6403, 0.07385767
6404, 0.07385784
6405, 0.07385801
6406, 0.07385818
6407, 0.07385835
6408, 0.07385852
6409, 0.07385869
6410, 0.07385887
6411, 0.07385904
6412, 0.07385921
6413, 0.07385938
6414, 0.07385955
6415, 0.07385972
6416, 0.07385989
6417, 0.07386006
6418, 0.07386023
6419, 0.07386040
6420, 0.07386057
6421, 0.07386074
6422, 0.07386091
6423, 0.07386109
6424, 0.07386126
6425, 0.07386143
6426, 0.07386160
6427, 0.07386177
6428, 0.07386194
6429, 0.07386211
6430, 0.07386229
6431, 0.07386442
6432, 0.07386460
6433, 0.07386477
6434, 0.07386494
6435, 0.07386511
6436, 0.07386529
6437, 0.07386545
6438, 0.07386562
6439, 0.07386579
6440, 0.07386596
6441, 0.07386613
6442, 0.07386630
6443, 0.07386647
6444, 0.07386664
6445, 0.07386681
6446, 0.07386700
6447, 0.07386717
6448, 0.07386734
6449, 0.07386753
6450, 0.07386770
6451, 0.07386787
6452, 0.07386805
6453, 0.07386822
6454, 0.07386839
6455, 0.07386856
6456, 0.07386873
6457, 0.07386890
6458, 0.07386907
6459, 0.07386926
6460, 0.07386943
6461, 0.07386960
6462, 0.07386977
6463, 0.07386994
6464, 0.07387012
6465, 0.07387028
6466, 0.07387045
6467, 0.07387062
6468, 0.07387079
6469, 0.07387096
6470, 0.07387113
6471, 0.07387130
6472, 0.07387147
6473, 0.07387164
6474, 0.07387181
6475, 0.07387199
6476, 0.07387216
6477, 0.07387233
6478, 0.07387251
6479, 0.07387268
6480, 0.07387284
6481, 0.07387302
6482, 0.07387319
6483, 0.07387336
6484, 0.07387352
6485, 0.07387369
6486, 0.07387387
6487, 0.07387404
6488, 0.07387421
6489, 0.07387438
6490, 0.07387455
6491, 0.07387472
6492, 0.07387491
6493, 0.07387508
6494, 0.07387525
6495, 0.07387543
6496, 0.07387559
6497, 0.07387576
6498, 0.07387593
6499, 0.07387610
6500, 0.07387627
6501, 0.07387644
6502, 0.07387661
6503, 0.07387678
6504, 0.07387694
6505, 0.07387711
6506, 0.07387728
6507, 0.07387745
6508, 0.07387762
6509, 0.07387779
6510, 0.07387795
6511, 0.07387812
6512, 0.07387829
6513, 0.07387848
6514, 0.07387865
6515, 0.07387882
6516, 0.07387899
6517, 0.07387916
6518, 0.07387934
6519, 0.07387951
6520, 0.07387969
6521, 0.07387986
6522, 0.07388003
6523, 0.07388020
6524, 0.07388037
6525, 0.07388055
6526, 0.07388072
6527, 0.07388089
6528, 0.07388106
6529, 0.07388123
6530, 0.07388140
6531, 0.07388157
6532, 0.07388174
6533, 0.07388190
6534, 0.07388207
6535, 0.07388224
6536, 0.07388241
6537, 0.07388258
6538, 0.07388275
6539, 0.07388292
6540, 0.07388309
6541, 0.07388326
6542, 0.07388343
6543, 0.07388359
6544, 0.07388376
6545, 0.07388393
6546, 0.07388410
6547, 0.07388427
6548, 0.07388444
6549, 0.07388461
6550, 0.07388478
6551, 0.07388495
6552, 0.07388512
6553, 0.07388529
6554, 0.07388546
6555, 0.07388563
6556, 0.07388581
6557, 0.07388799
6558, 0.07388818
6559, 0.07388835
6560, 0.07388853
6561, 0.07388870
6562, 0.07388887
6563, 0.07388904
6564, 0.07388921
6565, 0.07388938
6566, 0.07388955
6567, 0.07388972
6568, 0.07388989
6569, 0.07389006
6570, 0.07389023
6571, 0.07389040
6572, 0.07389057
6573, 0.07389074
6574, 0.07389091
6575, 0.07389109
6576, 0.07389126
6577, 0.07389143
6578, 0.07389160
6579, 0.07389177
6580, 0.07389194
6581, 0.07389211
6582, 0.07389228
6583, 0.07389245
6584, 0.07389262
6585, 0.07389280
6586, 0.07389297
6587, 0.07389314
6588, 0.07389331
6589, 0.07389348
6590, 0.07389365
6591, 0.07389382
6592, 0.07389398
6593, 0.07389415
6594, 0.07389432
6595, 0.07389449
6596, 0.07389466
6597, 0.07389483
6598, 0.07389500
6599, 0.07389517
6600, 0.07389534
6601, 0.07389551
6602, 0.07389568
6603, 0.07389585
6604, 0.07389602
6605, 0.07389619
6606, 0.07389637
6607, 0.07389653
6608, 0.07389671
6609, 0.07389688
6610, 0.07389705
6611, 0.07389722
6612, 0.07389739
6613, 0.07389756
6614, 0.07389773
6615, 0.07389790
6616, 0.07389807
6617, 0.07389825
6618, 0.07389842
6619, 0.07389859
6620, 0.07389876
6621, 0.07389893
6622, 0.07389910
6623, 0.07389927
6624, 0.07389944
6625, 0.07389962
6626, 0.07389979
6627, 0.07389996
6628, 0.07390013
6629, 0.07390030
6630, 0.07390047
6631, 0.07390064
6632, 0.07390080
6633, 0.07390098
6634, 0.07390115
6635, 0.07390132
6636, 0.07390148
6637, 0.07390166
6638, 0.07390183
6639, 0.07390200
6640, 0.07390217
6641, 0.07390234
6642, 0.07390251
6643, 0.07390268
6644, 0.07390285
6645, 0.07390302
6646, 0.07390319
6647, 0.07390336
6648, 0.07390354
6649, 0.07390370
6650, 0.07390387
6651, 0.07390404
6652, 0.07390422
6653, 0.07390438
6654, 0.07390455
6655, 0.07390472
6656, 0.07390489
6657, 0.07390507
6658, 0.07390524
6659, 0.07390541
6660, 0.07390558
6661, 0.07390575
6662, 0.07390592
6663, 0.07390616
6664, 0.07390633
6665, 0.07390650
6666, 0.07390668
6667, 0.07390684
6668, 0.07390702
6669, 0.07390719
6670, 0.07390736
6671, 0.07390760
6672, 0.07390777
6673, 0.07390794
6674, 0.07390811
6675, 0.07390828
6676, 0.07390845
6677, 0.07390862
6678, 0.07390879
6679, 0.07390939
6680, 0.07390957
6681, 0.07390974
6682, 0.07390992
6683, 0.07391206
6684, 0.07391224
6685, 0.07391242
6686, 0.07391259
6687, 0.07391284
6688, 0.07391302
6689, 0.07391320
6690, 0.07391337
6691, 0.07391355
6692, 0.07391372
6693, 0.07391389
6694, 0.07391407
6695, 0.07391432
6696, 0.07391449
6697, 0.07391472
6698, 0.07391490
6699, 0.07391507
6700, 0.07391524
6701, 0.07391541
6702, 0.07391559
6703, 0.07391587
6704, 0.07391605
6705, 0.07391622
6706, 0.07391639
6707, 0.07391657
6708, 0.07391674
6709, 0.07391691
6710, 0.07391709
6711, 0.07391734
6712, 0.07391751
6713, 0.07391769
6714, 0.07391786
6715, 0.07391804
6716, 0.07391821
6717, 0.07391839
6718, 0.07391856
6719, 0.07391880
6720, 0.07391897
6721, 0.07391915
6722, 0.07391932
6723, 0.07391949
6724, 0.07391967
6725, 0.07391984
6726, 0.07392001
6727, 0.07392026
6728, 0.07392043
6729, 0.07392061
6730, 0.07392078
6731, 0.07392096
6732, 0.07392113
6733, 0.07392130
6734, 0.07392148
6735, 0.07392165
6736, 0.07392183
6737, 0.07392200
6738, 0.07392218
6739, 0.07392235
6740, 0.07392253
6741, 0.07392270
6742, 0.07392288
6743, 0.07392305
6744, 0.07392322
6745, 0.07392340
6746, 0.07392357
6747, 0.07392375
6748, 0.07392392
6749, 0.07392409
6750, 0.07392427
6751, 0.07392444
6752, 0.07392461
6753, 0.07392479
6754, 0.07392496
6755, 0.07392513
6756, 0.07392531
6757, 0.07392548
6758, 0.07392566
6759, 0.07392583
6760, 0.07392600
6761, 0.07392618
6762, 0.07392635
6763, 0.07392652
6764, 0.07392670
6765, 0.07392687
6766, 0.07392704
6767, 0.07392722
6768, 0.07392740
6769, 0.07392757
6770, 0.07392776
6771, 0.07392794
6772, 0.07392811
6773, 0.07392834
6774, 0.07392853
6775, 0.07392871
6776, 0.07392889
6777, 0.07392906
6778, 0.07392924
6779, 0.07392942
6780, 0.07392959
6781, 0.07392977
6782, 0.07392994
6783, 0.07393011
6784, 0.07393029
6785, 0.07393046
6786, 0.07393064
6787, 0.07393081
6788, 0.07393099
6789, 0.07393116
6790, 0.07393133
6791, 0.07393151
6792, 0.07393168
6793, 0.07393186
6794, 0.07393203
6795, 0.07393220
6796, 0.07393238
6797, 0.07393255
6798, 0.07393273
6799, 0.07393290
6800, 0.07393308
6801, 0.07393325
6802, 0.07393343
6803, 0.07393360
6804, 0.07393378
6805, 0.07393395
6806, 0.07393412
6807, 0.07393430
6808, 0.07393448
6809, 0.07393670
6810, 0.07393690
6811, 0.07393707
6812, 0.07393725
6813, 0.07393743
6814, 0.07393760
6815, 0.07393778
6816, 0.07393796
6817, 0.07393814
6818, 0.07393831
6819, 0.07393849
6820, 0.07393866
6821, 0.07393884
6822, 0.07393902
6823, 0.07393920
6824, 0.07393938
6825, 0.07393956
6826, 0.07393973
6827, 0.07393991
6828, 0.07394008
6829, 0.07394026
6830, 0.07394043
6831, 0.07394061
6832, 0.07394079
6833, 0.07394097
6834, 0.07394114
6835, 0.07394132
6836, 0.07394150
6837, 0.07394168
6838, 0.07394185
6839, 0.07394203
6840, 0.07394220
6841, 0.07394237
6842, 0.07394255
6843, 0.07394272
6844, 0.07394289
6845, 0.07394307
6846, 0.07394324
6847, 0.07394341
6848, 0.07394359
6849, 0.07394376
6850, 0.07394396
6851, 0.07394413
6852, 0.07394430
6853, 0.07394447
6854, 0.07394465
6855, 0.07394482
6856, 0.07394500
6857, 0.07394517
6858, 0.07394535
6859, 0.07394552
6860, 0.07394569
6861, 0.07394587
6862, 0.07394604
6863, 0.07394621
6864, 0.07394639
6865, 0.07394656
6866, 0.07394674
6867, 0.07394691
6868, 0.07394710
6869, 0.07394728
6870, 0.07394745
6871, 0.07394763
6872, 0.07394780
6873, 0.07394797
6874, 0.07394814
6875, 0.07394831
6876, 0.07394849
6877, 0.07394866
6878, 0.07394884
6879, 0.07394901
6880, 0.07394918
6881, 0.07394935
6882, 0.07394953
6883, 0.07394970
6884, 0.07394987
6885, 0.07395005
6886, 0.07395022
6887, 0.07395039
6888, 0.07395057
6889, 0.07395074
6890, 0.07395091
6891, 0.07395108
6892, 0.07395126
6893, 0.07395143
6894, 0.07395160
6895, 0.07395178
6896, 0.07395195
6897, 0.07395212
6898, 0.07395230
6899, 0.07395247
6900, 0.07395264
6901, 0.07395281
6902, 0.07395298
6903, 0.07395315
6904, 0.07395332
6905, 0.07395349
6906, 0.07395367
6907, 0.07395384
6908, 0.07395401
6909, 0.07395418
6910, 0.07395435
6911, 0.07395452
6912, 0.07395469
6913, 0.07395487
6914, 0.07395504
6915, 0.07395521
6916, 0.07395538
6917, 0.07395555
6918, 0.07395572
6919, 0.07395589
6920, 0.07395606
6921, 0.07395623
6922, 0.07395640
6923, 0.07395657
6924, 0.07395675
6925, 0.07395692
6926, 0.07395709
6927, 0.07395726
6928, 0.07395743
6929, 0.07395760
6930, 0.07395777
6931, 0.07395794
6932, 0.07395812
6933, 0.07395829
6934, 0.07395848
6935, 0.07396071
6936, 0.07396090
6937, 0.07396108
6938, 0.07396125
6939, 0.07396142
6940, 0.07396159
6941, 0.07396176
6942, 0.07396193
6943, 0.07396210
6944, 0.07396227
6945, 0.07396244
6946, 0.07396262
6947, 0.07396279
6948, 0.07396296
6949, 0.07396313
6950, 0.07396331
6951, 0.07396348
6952, 0.07396365
6953, 0.07396382
6954, 0.07396399
6955, 0.07396416
6956, 0.07396434
6957, 0.07396451
6958, 0.07396467
6959, 0.07396485
6960, 0.07396502
6961, 0.07396519
6962, 0.07396536
6963, 0.07396553
6964, 0.07396571
6965, 0.07396587
6966, 0.07396604
6967, 0.07396621
6968, 0.07396638
6969, 0.07396655
6970, 0.07396672
6971, 0.07396689
6972, 0.07396706
6973, 0.07396723
6974, 0.07396740
6975, 0.07396757
6976, 0.07396774
6977, 0.07396791
6978, 0.07396808
6979, 0.07396825
6980, 0.07396842
6981, 0.07396858
6982, 0.07396875
6983, 0.07396892
6984, 0.07396909
6985, 0.07396925
6986, 0.07396942
6987, 0.07396959
6988, 0.07396975
6989, 0.07396992
6990, 0.07397009
6991, 0.07397025
6992, 0.07397042
6993, 0.07397059
6994, 0.07397075
6995, 0.07397092
6996, 0.07397109
6997, 0.07397126
6998, 0.07397142
6999, 0.07397159
7000, 0.07397176
7001, 0.07397192
7002, 0.07397209
7003, 0.07397226
7004, 0.07397242
7005, 0.07397259
7006, 0.07397276
7007, 0.07397293
7008, 0.07397309
7009, 0.07397326
7010, 0.07397343
7011, 0.07397359
7012, 0.07397376
7013, 0.07397393
7014, 0.07397410
7015, 0.07397427
7016, 0.07397443
7017, 0.07397460
7018, 0.07397477
7019, 0.07397493
7020, 0.07397510
7021, 0.07397527
7022, 0.07397544
7023, 0.07397560
7024, 0.07397578
7025, 0.07397594
7026, 0.07397611
7027, 0.07397628
7028, 0.07397645
7029, 0.07397662
7030, 0.07397679
7031, 0.07397696
7032, 0.07397713
7033, 0.07397730
7034, 0.07397747
7035, 0.07397764
7036, 0.07397781
7037, 0.07397798
7038, 0.07397815
7039, 0.07397832
7040, 0.07397849
7041, 0.07397866
7042, 0.07397884
7043, 0.07397901
7044, 0.07397918
7045, 0.07397935
7046, 0.07397952
7047, 0.07397969
7048, 0.07397986
7049, 0.07398003
7050, 0.07398020
7051, 0.07398037
7052, 0.07398054
7053, 0.07398071
7054, 0.07398088
7055, 0.07398105
7056, 0.07398122
7057, 0.07398139
7058, 0.07398156
7059, 0.07398174
7060, 0.07398192
7061, 0.07398407
7062, 0.07398424
7063, 0.07398442
7064, 0.07398459
7065, 0.07398476
7066, 0.07398493
7067, 0.07398511
7068, 0.07398528
7069, 0.07398545
7070, 0.07398562
7071, 0.07398579
7072, 0.07398597
7073, 0.07398614
7074, 0.07398631
7075, 0.07398648
7076, 0.07398665
7077, 0.07398683
7078, 0.07398700
7079, 0.07398717
7080, 0.07398735
7081, 0.07398752
7082, 0.07398770
7083, 0.07398787
7084, 0.07398804
7085, 0.07398821
7086, 0.07398838
7087, 0.07398855
7088, 0.07398872
7089, 0.07398889
7090, 0.07398907
7091, 0.07398924
7092, 0.07398941
7093, 0.07398958
7094, 0.07398975
7095, 0.07398992
7096, 0.07399009
7097, 0.07399026
7098, 0.07399043
7099, 0.07399061
7100, 0.07399078
7101, 0.07399095
7102, 0.07399112
7103, 0.07399129
7104, 0.07399146
7105, 0.07399163
7106, 0.07399180
7107, 0.07399197
7108, 0.07399214
7109, 0.07399232
7110, 0.07399249
7111, 0.07399266
7112, 0.07399283
7113, 0.07399300
7114, 0.07399318
7115, 0.07399335
7116, 0.07399352
7117, 0.07399369
7118, 0.07399386
7119, 0.07399403
7120, 0.07399422
7121, 0.07399439
7122, 0.07399456
7123, 0.07399473
7124, 0.07399490
7125, 0.07399507
7126, 0.07399524
7127, 0.07399541
7128, 0.07399559
7129, 0.07399576
7130, 0.07399593
7131, 0.07399610
7132, 0.07399627
7133, 0.07399644
7134, 0.07399661
7135, 0.07399678
7136, 0.07399695
7137, 0.07399712
7138, 0.07399729
7139, 0.07399746
7140, 0.07399763
7141, 0.07399780
7142, 0.07399797
7143, 0.07399814
7144, 0.07399832
7145, 0.07399848
7146, 0.07399866
7147, 0.07399883
7148, 0.07399900
7149, 0.07399917
7150, 0.07399934
7151, 0.07399951
7152, 0.07399968
7153, 0.07399986
7154, 0.07400003
7155, 0.07400020
7156, 0.07400037
7157, 0.07400054
7158, 0.07400071
7159, 0.07400088
7160, 0.07400105
7161, 0.07400122
7162, 0.07400139
7163, 0.07400156
7164, 0.07400173
7165, 0.07400190
7166, 0.07400207
7167, 0.07400224
7168, 0.07400241
7169, 0.07400259
7170, 0.07400276
7171, 0.07400293
7172, 0.07400310
7173, 0.07400327
7174, 0.07400344
7175, 0.07400368
7176, 0.07400386
7177, 0.07400403
7178, 0.07400420
7179, 0.07400437
7180, 0.07400454
7181, 0.07400471
7182, 0.07400488
7183, 0.07400513
7184, 0.07400531
7185, 0.07400548
7186, 0.07400566
7187, 0.07400788
7188, 0.07400806
7189, 0.07400823
7190, 0.07400841
7191, 0.07400865
7192, 0.07400883
7193, 0.07400900
7194, 0.07400917
7195, 0.07400934
7196, 0.07400951
7197, 0.07400972
7198, 0.07400989
7199, 0.07401005
7200, 0.07401022
7201, 0.07401039
7202, 0.07401056
7203, 0.07401073
7204, 0.07401090
7205, 0.07401106
7206, 0.07401123
7207, 0.07401140
7208, 0.07401156
7209, 0.07401173
7210, 0.07401190
7211, 0.07401207
7212, 0.07401223
7213, 0.07401240
7214, 0.07401257
7215, 0.07401273
7216, 0.07401290
7217, 0.07401307
7218, 0.07401324
7219, 0.07401340
7220, 0.07401357
7221, 0.07401374
7222, 0.07401390
7223, 0.07401407
7224, 0.07401424
7225, 0.07401440
7226, 0.07401457
7227, 0.07401473
7228, 0.07401497
7229, 0.07401514
7230, 0.07401531
7231, 0.07401548
7232, 0.07401565
7233, 0.07401581
7234, 0.07401598
7235, 0.07401615
7236, 0.07401631
7237, 0.07401648
7238, 0.07401665
7239, 0.07401681
7240, 0.07401698
7241, 0.07401715
7242, 0.07401732
7243, 0.07401748
7244, 0.07401765
7245, 0.07401782
7246, 0.07401798
7247, 0.07401815
7248, 0.07401832
7249, 0.07401849
7250, 0.07401868
7251, 0.07401884
7252, 0.07401901
7253, 0.07401918
7254, 0.07401935
7255, 0.07401951
7256, 0.07401968
7257, 0.07401985
7258, 0.07402002
7259, 0.07402021
7260, 0.07402040
7261, 0.07402057
7262, 0.07402073
7263, 0.07402090
7264, 0.07402107
7265, 0.07402124
7266, 0.07402140
7267, 0.07402157
7268, 0.07402174
7269, 0.07402191
7270, 0.07402208
7271, 0.07402225
7272, 0.07402241
7273, 0.07402258
7274, 0.07402275
7275, 0.07402292
7276, 0.07402309
7277, 0.07402326
7278, 0.07402343
7279, 0.07402360
7280, 0.07402377
7281, 0.07402394
7282, 0.07402412
7283, 0.07402429
7284, 0.07402446
7285, 0.07402463
7286, 0.07402480
7287, 0.07402497
7288, 0.07402515
7289, 0.07402532
7290, 0.07402549
7291, 0.07402566
7292, 0.07402583
7293, 0.07402600
7294, 0.07402617
7295, 0.07402634
7296, 0.07402651
7297, 0.07402668
7298, 0.07402686
7299, 0.07402703
7300, 0.07402720
7301, 0.07402737
7302, 0.07402754
7303, 0.07402771
7304, 0.07402788
7305, 0.07402805
7306, 0.07402822
7307, 0.07402839
7308, 0.07402856
7309, 0.07402873
7310, 0.07402890
7311, 0.07402907
7312, 0.07402926
7313, 0.07403131
7314, 0.07403150
7315, 0.07403167
7316, 0.07403184
7317, 0.07403202
7318, 0.07403219
7319, 0.07403236
7320, 0.07403253
7321, 0.07403270
7322, 0.07403287
7323, 0.07403304
7324, 0.07403321
7325, 0.07403338
7326, 0.07403355
7327, 0.07403371
7328, 0.07403388
7329, 0.07403406
7330, 0.07403423
7331, 0.07403440
7332, 0.07403457
7333, 0.07403474
7334, 0.07403490
7335, 0.07403508
7336, 0.07403524
7337, 0.07403542
7338, 0.07403559
7339, 0.07403576
7340, 0.07403593
7341, 0.07403610
7342, 0.07403627
7343, 0.07403644
7344, 0.07403661
7345, 0.07403678
7346, 0.07403695
7347, 0.07403712
7348, 0.07403729
7349, 0.07403746
7350, 0.07403763
7351, 0.07403780
7352, 0.07403797
7353, 0.07403814
7354, 0.07403831
7355, 0.07403848
7356, 0.07403865
7357, 0.07403882
7358, 0.07403899
7359, 0.07403916
7360, 0.07403935
7361, 0.07403951
7362, 0.07403968
7363, 0.07403984
7364, 0.07404001
7365, 0.07404018
7366, 0.07404035
7367, 0.07404051
7368, 0.07404068
7369, 0.07404084
7370, 0.07404101
7371, 0.07404118
7372, 0.07404135
7373, 0.07404151
7374, 0.07404168
7375, 0.07404185
7376, 0.07404201
7377, 0.07404218
7378, 0.07404235
7379, 0.07404252
7380, 0.07404269
7381, 0.07404285
7382, 0.07404302
7383, 0.07404319
7384, 0.07404335
7385, 0.07404352
7386, 0.07404368
7387, 0.07404387
7388, 0.07404404
7389, 0.07404421
7390, 0.07404437
7391, 0.07404454
7392, 0.07404471
7393, 0.07404488
7394, 0.07404504
7395, 0.07404521
7396, 0.07404538
7397, 0.07404555
7398, 0.07404571
7399, 0.07404588
7400, 0.07404605
7401, 0.07404621
7402, 0.07404639
7403, 0.07404655
7404, 0.07404672
7405, 0.07404689
7406, 0.07404706
7407, 0.07404722
7408, 0.07404739
7409, 0.07404756
7410, 0.07404773
7411, 0.07404790
7412, 0.07404806
7413, 0.07404823
7414, 0.07404840
7415, 0.07404857
7416, 0.07404873
7417, 0.07404890
7418, 0.07404907
7419, 0.07404923
7420, 0.07404940
7421, 0.07404957
7422, 0.07404974
7423, 0.07404990
7424, 0.07405007
7425, 0.07405024
7426, 0.07405041
7427, 0.07405057
7428, 0.07405074
7429, 0.07405091
7430, 0.07405108
7431, 0.07405124
7432, 0.07405141
7433, 0.07405158
7434, 0.07405175
7435, 0.07405192
7436, 0.07405208
7437, 0.07405225
7438, 0.07405243
7439, 0.07405447
7440, 0.07405466
7441, 0.07405483
7442, 0.07405500
7443, 0.07405518
7444, 0.07405535
7445, 0.07405553
7446, 0.07405570
7447, 0.07405587
7448, 0.07405604
7449, 0.07405621
7450, 0.07405638
7451, 0.07405655
7452, 0.07405672
7453, 0.07405689
7454, 0.07405706
7455, 0.07405723
7456, 0.07405740
7457, 0.07405757
7458, 0.07405774
7459, 0.07405791
7460, 0.07405808
7461, 0.07405825
7462, 0.07405842
7463, 0.07405859
7464, 0.07405876
7465, 0.07405893
7466, 0.07405910
7467, 0.07405927
7468, 0.07405944
7469, 0.07405961
7470, 0.07405979
7471, 0.07405996
7472, 0.07406013
7473, 0.07406030
7474, 0.07406047
7475, 0.07406064
7476, 0.07406081
7477, 0.07406098
7478, 0.07406115
7479, 0.07406132
7480, 0.07406149
7481, 0.07406166
7482, 0.07406183
7483, 0.07406200
7484, 0.07406217
7485, 0.07406234
7486, 0.07406251
7487, 0.07406268
7488, 0.07406285
7489, 0.07406302
7490, 0.07406319
7491, 0.07406336
7492, 0.07406353
7493, 0.07406370
7494, 0.07406387
7495, 0.07406404
7496, 0.07406421
7497, 0.07406438
7498, 0.07406455
7499, 0.07406472
7500, 0.07406489
7501, 0.07406506
7502, 0.07406523
7503, 0.07406539
7504, 0.07406556
7505, 0.07406573
7506, 0.07406590
7507, 0.07406607
7508, 0.07406624
7509, 0.07406643
7510, 0.07406660
7511, 0.07406679
7512, 0.07406695
7513, 0.07406713
7514, 0.07406730
7515, 0.07406747
7516, 0.07406764
7517, 0.07406781
7518, 0.07406798
7519, 0.07406815
7520, 0.07406832
7521, 0.07406849
7522, 0.07406866
7523, 0.07406883
7524, 0.07406900
7525, 0.07406917
7526, 0.07406934
7527, 0.07406951
7528, 0.07406968
7529, 0.07406986
7530, 0.07407003
7531, 0.07407020
7532, 0.07407037
7533, 0.07407054
7534, 0.07407071
7535, 0.07407088
7536, 0.07407105
7537, 0.07407122
7538, 0.07407139
7539, 0.07407156
7540, 0.07407173
7541, 0.07407190
7542, 0.07407207
7543, 0.07407224
7544, 0.07407241
7545, 0.07407258
7546, 0.07407275
7547, 0.07407292
7548, 0.07407309
7549, 0.07407328
7550, 0.07407346
7551, 0.07407363
7552, 0.07407380
7553, 0.07407397
7554, 0.07407414
7555, 0.07407431
7556, 0.07407448
7557, 0.07407465
7558, 0.07407482
7559, 0.07407499
7560, 0.07407516
7561, 0.07407534
7562, 0.07407551
7563, 0.07407568
7564, 0.07407586
7565, 0.07407793
7566, 0.07407812
7567, 0.07407830
7568, 0.07407848
7569, 0.07407865
7570, 0.07407882
7571, 0.07407899
7572, 0.07407917
7573, 0.07407934
7574, 0.07407951
7575, 0.07407968
7576, 0.07407985
7577, 0.07408002
7578, 0.07408020
7579, 0.07408037
7580, 0.07408054
7581, 0.07408071
7582, 0.07408088
7583, 0.07408105
7584, 0.07408123
7585, 0.07408140
7586, 0.07408157
7587, 0.07408175
7588, 0.07408193
7589, 0.07408210
7590, 0.07408227
7591, 0.07408244
7592, 0.07408261
7593, 0.07408278
7594, 0.07408295
7595, 0.07408312
7596, 0.07408329
7597, 0.07408347
7598, 0.07408364
7599, 0.07408381
7600, 0.07408398
7601, 0.07408415
7602, 0.07408432
7603, 0.07408449
7604, 0.07408467
7605, 0.07408484
7606, 0.07408501
7607, 0.07408518
7608, 0.07408535
7609, 0.07408552
7610, 0.07408569
7611, 0.07408586
7612, 0.07408604
7613, 0.07408621
7614, 0.07408638
7615, 0.07408655
7616, 0.07408672
7617, 0.07408690
7618, 0.07408707
7619, 0.07408724
7620, 0.07408741
7621, 0.07408758
7622, 0.07408775
7623, 0.07408792
7624, 0.07408809
7625, 0.07408826
7626, 0.07408843
7627, 0.07408861
7628, 0.07408878
7629, 0.07408895
7630, 0.07408914
7631, 0.07408931
7632, 0.07408948
7633, 0.07408965
7634, 0.07408982
7635, 0.07408999
7636, 0.07409016
7637, 0.07409033
7638, 0.07409051
7639, 0.07409072
7640, 0.07409089
7641, 0.07409106
7642, 0.07409123
7643, 0.07409140
7644, 0.07409158
7645, 0.07409175
7646, 0.07409192
7647, 0.07409209
7648, 0.07409226
7649, 0.07409243
7650, 0.07409260
7651, 0.07409278
7652, 0.07409295
7653, 0.07409312
7654, 0.07409329
7655, 0.07409347
7656, 0.07409363
7657, 0.07409380
7658, 0.07409398
7659, 0.07409415
7660, 0.07409431
7661, 0.07409448
7662, 0.07409465
7663, 0.07409481
7664, 0.07409498
7665, 0.07409515
7666, 0.07409531
7667, 0.07409548
7668, 0.07409565
7669, 0.07409582
7670, 0.07409599
7671, 0.07409616
7672, 0.07409633
7673, 0.07409649
7674, 0.07409666
7675, 0.07409683
7676, 0.07409700
7677, 0.07409717
7678, 0.07409734
7679, 0.07409751
7680, 0.07409770
7681, 0.07409789
7682, 0.07409807
7683, 0.07409824
7684, 0.07409841
7685, 0.07409859
7686, 0.07409876
7687, 0.07409893
7688, 0.07409910
7689, 0.07409927
7690, 0.07409946
7691, 0.07410152
7692, 0.07410171
7693, 0.07410189
7694, 0.07410208
7695, 0.07410226
7696, 0.07410244
7697, 0.07410263
7698, 0.07410280
7699, 0.07410298
7700, 0.07410315
7701, 0.07410333
7702, 0.07410350
7703, 0.07410368
7704, 0.07410385
7705, 0.07410403
7706, 0.07410420
7707, 0.07410438
7708, 0.07410456
7709, 0.07410474
7710, 0.07410492
7711, 0.07410510
7712, 0.07410528
7713, 0.07410546
7714, 0.07410564
7715, 0.07410582
7716, 0.07410601
7717, 0.07410618
7718, 0.07410636
7719, 0.07410653
7720, 0.07410671
7721, 0.07410690
7722, 0.07410707
7723, 0.07410725
7724, 0.07410742
7725, 0.07410760
7726, 0.07410778
7727, 0.07410801
7728, 0.07410818
7729, 0.07410836
7730, 0.07410853
7731, 0.07410870
7732, 0.07410888
7733, 0.07410905
7734, 0.07410923
7735, 0.07410940
7736, 0.07410958
7737, 0.07410975
7738, 0.07410993
7739, 0.07411011
7740, 0.07411028
7741, 0.07411046
7742, 0.07411065
7743, 0.07411082
7744, 0.07411100
7745, 0.07411117
7746, 0.07411135
7747, 0.07411152
7748, 0.07411170
7749, 0.07411187
7750, 0.07411205
7751, 0.07411222
7752, 0.07411240
7753, 0.07411257
7754, 0.07411275
7755, 0.07411292
7756, 0.07411312
7757, 0.07411329
7758, 0.07411347
7759, 0.07411364
7760, 0.07411381
7761, 0.07411399
7762, 0.07411417
7763, 0.07411434
7764, 0.07411452
7765, 0.07411469
7766, 0.07411486
7767, 0.07411504
7768, 0.07411521
7769, 0.07411539
7770, 0.07411556
7771, 0.07411580
7772, 0.07411598
7773, 0.07411615
7774, 0.07411633
7775, 0.07411650
7776, 0.07411667
7777, 0.07411685
7778, 0.07411702
7779, 0.07411720
7780, 0.07411737
7781, 0.07411754
7782, 0.07411771
7783, 0.07411789
7784, 0.07411806
7785, 0.07411823
7786, 0.07411840
7787, 0.07411859
7788, 0.07411876
7789, 0.07411894
7790, 0.07411911
7791, 0.07411928
7792, 0.07411945
7793, 0.07411962
7794, 0.07411980
7795, 0.07411997
7796, 0.07412014
7797, 0.07412032
7798, 0.07412049
7799, 0.07412066
7800, 0.07412083
7801, 0.07412101
7802, 0.07412120
7803, 0.07412137
7804, 0.07412154
7805, 0.07412171
7806, 0.07412188
7807, 0.07412206
7808, 0.07412223
7809, 0.07412240
7810, 0.07412257
7811, 0.07412275
7812, 0.07412292
7813, 0.07412309
7814, 0.07412326
7815, 0.07412343
7816, 0.07412363
7817, 0.07412586
7818, 0.07412605
7819, 0.07412624
7820, 0.07412642
7821, 0.07412659
7822, 0.07412677
7823, 0.07412695
7824, 0.07412712
7825, 0.07412730
7826, 0.07412747
7827, 0.07412765
7828, 0.07412782
7829, 0.07412800
7830, 0.07412817
7831, 0.07412834
7832, 0.07412852
7833, 0.07412869
7834, 0.07412889
7835, 0.07412906
7836, 0.07412926
7837, 0.07412943
7838, 0.07412961
7839, 0.07412978
7840, 0.07412996
7841, 0.07413013
7842, 0.07413030
7843, 0.07413048
7844, 0.07413065
7845, 0.07413083
7846, 0.07413101
7847, 0.07413118
7848, 0.07413135
7849, 0.07413153
7850, 0.07413172
7851, 0.07413189
7852, 0.07413207
7853, 0.07413226
7854, 0.07413244
7855, 0.07413261
7856, 0.07413278
7857, 0.07413296
7858, 0.07413313
7859, 0.07413331
7860, 0.07413348
7861, 0.07413365
7862, 0.07413383
7863, 0.07413400
7864, 0.07413417
7865, 0.07413435
7866, 0.07413453
7867, 0.07413470
7868, 0.07413489
7869, 0.07413507
7870, 0.07413524
7871, 0.07413541
7872, 0.07413559
7873, 0.07413578
7874, 0.07413596
7875, 0.07413614
7876, 0.07413631
7877, 0.07413649
7878, 0.07413666
7879, 0.07413684
7880, 0.07413701
7881, 0.07413719
7882, 0.07413736
7883, 0.07413754
7884, 0.07413771
7885, 0.07413789
7886, 0.07413807
7887, 0.07413824
7888, 0.07413843
7889, 0.07413861
7890, 0.07413878
7891, 0.07413896
7892, 0.07413913
7893, 0.07413930
7894, 0.07413948
7895, 0.07413965
7896, 0.07413982
7897, 0.07414000
7898, 0.07414017
7899, 0.07414035
7900, 0.07414052
7901, 0.07414069
7902, 0.07414087
7903, 0.07414104
7904, 0.07414124
7905, 0.07414141
7906, 0.07414161
7907, 0.07414178
7908, 0.07414195
7909, 0.07414212
7910, 0.07414230
7911, 0.07414247
7912, 0.07414265
7913, 0.07414282
7914, 0.07414300
7915, 0.07414317
7916, 0.07414335
7917, 0.07414352
7918, 0.07414370
7919, 0.07414387
7920, 0.07414406
7921, 0.07414423
7922, 0.07414441
7923, 0.07414459
7924, 0.07414476
7925, 0.07414496
7926, 0.07414513
7927, 0.07414531
7928, 0.07414548
7929, 0.07414566
7930, 0.07414583
7931, 0.07414601
7932, 0.07414618
7933, 0.07414636
7934, 0.07414654
7935, 0.07414671
7936, 0.07414688
7937, 0.07414706
7938, 0.07414723
7939, 0.07414741
7940, 0.07414760
7941, 0.07414778
7942, 0.07414797
7943, 0.07415001
7944, 0.07415019
7945, 0.07415038
7946, 0.07415056
7947, 0.07415073
7948, 0.07415091
7949, 0.07415109
7950, 0.07415127
7951, 0.07415144
7952, 0.07415162
7953, 0.07415182
7954, 0.07415200
7955, 0.07415218
7956, 0.07415235
7957, 0.07415253
7958, 0.07415270
7959, 0.07415288
7960, 0.07415305
7961, 0.07415323
7962, 0.07415341
7963, 0.07415358
7964, 0.07415376
7965, 0.07415394
7966, 0.07415411
7967, 0.07415430
7968, 0.07415448
7969, 0.07415466
7970, 0.07415484
7971, 0.07415502
7972, 0.07415521
7973, 0.07415539
7974, 0.07415559
7975, 0.07415576
7976, 0.07415593
7977, 0.07415611
7978, 0.07415629
7979, 0.07415646
7980, 0.07415664
7981, 0.07415682
7982, 0.07415699
7983, 0.07415717
7984, 0.07415735
7985, 0.07415752
7986, 0.07415770
7987, 0.07415788
7988, 0.07415807
7989, 0.07415824
7990, 0.07415842
7991, 0.07415859
7992, 0.07415877
7993, 0.07415895
7994, 0.07415912
7995, 0.07415929
7996, 0.07415947
7997, 0.07415965
7998, 0.07415984
7999, 0.07416001
8000, 0.07416019
8001, 0.07416036
8002, 0.07416053
8003, 0.07416071
8004, 0.07416089
8005, 0.07416106
8006, 0.07416124
8007, 0.07416141
8008, 0.07416159
8009, 0.07416177
8010, 0.07416194
8011, 0.07416212
8012, 0.07416229
8013, 0.07416249
8014, 0.07416266
8015, 0.07416286
8016, 0.07416306
8017, 0.07416323
8018, 0.07416341
8019, 0.07416358
8020, 0.07416375
8021, 0.07416393
8022, 0.07416411
8023, 0.07416428
8024, 0.07416445
8025, 0.07416463
8026, 0.07416481
8027, 0.07416498
8028, 0.07416518
8029, 0.07416535
8030, 0.07416553
8031, 0.07416570
8032, 0.07416588
8033, 0.07416605
8034, 0.07416622
8035, 0.07416639
8036, 0.07416656
8037, 0.07416674
8038, 0.07416691
8039, 0.07416708
8040, 0.07416727
8041, 0.07416744
8042, 0.07416762
8043, 0.07416779
8044, 0.07416796
8045, 0.07416813
8046, 0.07416831
8047, 0.07416848
8048, 0.07416865
8049, 0.07416882
8050, 0.07416899
8051, 0.07416916
8052, 0.07416933
8053, 0.07416950
8054, 0.07416969
8055, 0.07416986
8056, 0.07417004
8057, 0.07417021
8058, 0.07417038
8059, 0.07417055
8060, 0.07417073
8061, 0.07417090
8062, 0.07417107
8063, 0.07417124
8064, 0.07417141
8065, 0.07417158
8066, 0.07417176
8067, 0.07417194
8068, 0.07417213
8069, 0.07417422
8070, 0.07417441
8071, 0.07417458
8072, 0.07417476
8073, 0.07417494
8074, 0.07417512
8075, 0.07417530
8076, 0.07417548
8077, 0.07417566
8078, 0.07417584
8079, 0.07417602
8080, 0.07417621
8081, 0.07417639
8082, 0.07417657
8083, 0.07417675
8084, 0.07417693
8085, 0.07417711
8086, 0.07417729
8087, 0.07417747
8088, 0.07417765
8089, 0.07417783
8090, 0.07417801
8091, 0.07417819
8092, 0.07417838
8093, 0.07417856
8094, 0.07417874
8095, 0.07417892
8096, 0.07417910
8097, 0.07417928
8098, 0.07417946
8099, 0.07417964
8100, 0.07417983
8101, 0.07418001
8102, 0.07418019
8103, 0.07418036
8104, 0.07418055
8105, 0.07418073
8106, 0.07418090
8107, 0.07418108
8108, 0.07418126
8109, 0.07418143
8110, 0.07418161
8111, 0.07418178
8112, 0.07418195
8113, 0.07418213
8114, 0.07418231
8115, 0.07418248
8116, 0.07418266
8117, 0.07418283
8118, 0.07418303
8119, 0.07418320
8120, 0.07418337
8121, 0.07418355
8122, 0.07418372
8123, 0.07418389
8124, 0.07418407
8125, 0.07418425
8126, 0.07418442
8127, 0.07418460
8128, 0.07418477
8129, 0.07418495
8130, 0.07418514
8131, 0.07418531
8132, 0.07418551
8133, 0.07418569
8134, 0.07418587
8135, 0.07418604
8136, 0.07418622
8137, 0.07418639
8138, 0.07418657
8139, 0.07418675
8140, 0.07418693
8141, 0.07418710
8142, 0.07418728
8143, 0.07418745
8144, 0.07418762
8145, 0.07418782
8146, 0.07418799
8147, 0.07418817
8148, 0.07418834
8149, 0.07418852
8150, 0.07418870
8151, 0.07418887
8152, 0.07418904
8153, 0.07418922
8154, 0.07418939
8155, 0.07418956
8156, 0.07418974
8157, 0.07418991
8158, 0.07419009
8159, 0.07419026
8160, 0.07419043
8161, 0.07419061
8162, 0.07419078
8163, 0.07419095
8164, 0.07419113
8165, 0.07419131
8166, 0.07419150
8167, 0.07419167
8168, 0.07419185
8169, 0.07419203
8170, 0.07419220
8171, 0.07419238
8172, 0.07419256
8173, 0.07419274
8174, 0.07419293
8175, 0.07419310
8176, 0.07419328
8177, 0.07419345
8178, 0.07419363
8179, 0.07419381
8180, 0.07419398
8181, 0.07419416
8182, 0.07419433
8183, 0.07419451
8184, 0.07419468
8185, 0.07419486
8186, 0.07419505
8187, 0.07419523
8188, 0.07419540
8189, 0.07419557
8190, 0.07419575
8191, 0.07419592
8192, 0.07419610
8193, 0.07419627
8194, 0.07419645
8195, 0.07419852
8196, 0.07419870
8197, 0.07419887
8198, 0.07419904
8199, 0.07419921
8200, 0.07419938
8201, 0.07419955
8202, 0.07419972
8203, 0.07419989
8204, 0.07420006
8205, 0.07420023
8206, 0.07420040
8207, 0.07420057
8208, 0.07420074
8209, 0.07420092
8210, 0.07420109
8211, 0.07420126
8212, 0.07420143
8213, 0.07420160
8214, 0.07420177
8215, 0.07420194
8216, 0.07420211
8217, 0.07420228
8218, 0.07420245
8219, 0.07420262
8220, 0.07420279
8221, 0.07420296
8222, 0.07420314
8223, 0.07420330
8224, 0.07420347
8225, 0.07420364
8226, 0.07420382
8227, 0.07420399
8228, 0.07420416
8229, 0.07420433
8230, 0.07420450
8231, 0.07420467
8232, 0.07420484
8233, 0.07420501
8234, 0.07420518
8235, 0.07420535
8236, 0.07420552
8237, 0.07420569
8238, 0.07420586
8239, 0.07420603
8240, 0.07420620
8241, 0.07420637
8242, 0.07420654
8243, 0.07420671
8244, 0.07420689
8245, 0.07420706
8246, 0.07420729
8247, 0.07420746
8248, 0.07420763
8249, 0.07420780
8250, 0.07420797
8251, 0.07420814
8252, 0.07420831
8253, 0.07420848
8254, 0.07420865
8255, 0.07420883
8256, 0.07420899
8257, 0.07420917
8258, 0.07420934
8259, 0.07420951
8260, 0.07420968
8261, 0.07420986
8262, 0.07421003
8263, 0.07421020
8264, 0.07421037
8265, 0.07421054
8266, 0.07421071
8267, 0.07421088
8268, 0.07421105
8269, 0.07421122
8270, 0.07421139
8271, 0.07421156
8272, 0.07421174
8273, 0.07421191
8274, 0.07421208
8275, 0.07421225
8276, 0.07421242
8277, 0.07421259
8278, 0.07421276
8279, 0.07421293
8280, 0.07421310
8281, 0.07421327
8282, 0.07421344
8283, 0.07421362
8284, 0.07421379
8285, 0.07421397
8286, 0.07421414
8287, 0.07421431
8288, 0.07421448
8289, 0.07421466
8290, 0.07421482
8291, 0.07421499
8292, 0.07421516
8293, 0.07421534
8294, 0.07421551
8295, 0.07421568
8296, 0.07421585
8297, 0.07421602
8298, 0.07421619
8299, 0.07421636
8300, 0.07421653
8301, 0.07421671
8302, 0.07421688
8303, 0.07421705
8304, 0.07421722
8305, 0.07421739
8306, 0.07421756
8307, 0.07421773
8308, 0.07421790
8309, 0.07421808
8310, 0.07421825
8311, 0.07421842
8312, 0.07421859
8313, 0.07421877
8314, 0.07421894
8315, 0.07421911
8316, 0.07421928
8317, 0.07421945
8318, 0.07421962
8319, 0.07421980
8320, 0.07421998
8321, 0.07422225
8322, 0.07422242
8323, 0.07422260
8324, 0.07422276
8325, 0.07422293
8326, 0.07422310
8327, 0.07422327
8328, 0.07422344
8329, 0.07422361
8330, 0.07422378
8331, 0.07422395
8332, 0.07422412
8333, 0.07422428
8334, 0.07422445
8335, 0.07422463
8336, 0.07422479
8337, 0.07422496
8338, 0.07422513
8339, 0.07422530
8340, 0.07422547
8341, 0.07422564
8342, 0.07422581
8343, 0.07422598
8344, 0.07422615
8345, 0.07422632
8346, 0.07422648
8347, 0.07422665
8348, 0.07422683
8349, 0.07422700
8350, 0.07422716
8351, 0.07422733
8352, 0.07422750
8353, 0.07422767
8354, 0.07422784
8355, 0.07422801
8356, 0.07422818
8357, 0.07422835
8358, 0.07422852
8359, 0.07422869
8360, 0.07422885
8361, 0.07422902
8362, 0.07422919
8363, 0.07422937
8364, 0.07422954
8365, 0.07422971
8366, 0.07422987
8367, 0.07423004
8368, 0.07423021
8369, 0.07423038
8370, 0.07423055
8371, 0.07423072
8372, 0.07423089
8373, 0.07423106
8374, 0.07423123
8375, 0.07423141
8376, 0.07423158
8377, 0.07423174
8378, 0.07423191
8379, 0.07423208
8380, 0.07423225
8381, 0.07423242
8382, 0.07423259
8383, 0.07423276
8384, 0.07423293
8385, 0.07423310
8386, 0.07423328
8387, 0.07423345
8388, 0.07423363
8389, 0.07423379
8390, 0.07423396
8391, 0.07423413
8392, 0.07423430
8393, 0.07423447
8394, 0.07423464
8395, 0.07423481
8396, 0.07423498
8397, 0.07423515
8398, 0.07423532
8399, 0.07423549
8400, 0.07423566
8401, 0.07423583
8402, 0.07423600
8403, 0.07423617
8404, 0.07423634
8405, 0.07423651
8406, 0.07423667
8407, 0.07423685
8408, 0.07423702
8409, 0.07423719
8410, 0.07423736
8411, 0.07423753
8412, 0.07423770
8413, 0.07423787
8414, 0.07423804
8415, 0.07423822
8416, 0.07423839
8417, 0.07423856
8418, 0.07423873
8419, 0.07423890
8420, 0.07423907
8421, 0.07423925
8422, 0.07423942
8423, 0.07423959
8424, 0.07423976
8425, 0.07423993
8426, 0.07424011
8427, 0.07424028
8428, 0.07424045
8429, 0.07424062
8430, 0.07424079
8431, 0.07424096
8432, 0.07424114
8433, 0.07424131
8434, 0.07424148
8435, 0.07424165
8436, 0.07424182
8437, 0.07424199
8438, 0.07424216
8439, 0.07424234
8440, 0.07424251
8441, 0.07424268
8442, 0.07424286
8443, 0.07424303
8444, 0.07424320
8445, 0.07424337
8446, 0.07424355
8447, 0.07424598
8448, 0.07424615
8449, 0.07424632
8450, 0.07424649
8451, 0.07424666
8452, 0.07424683
8453, 0.07424700
8454, 0.07424716
8455, 0.07424733
8456, 0.07424750
8457, 0.07424767
8458, 0.07424784
8459, 0.07424801
8460, 0.07424817
8461, 0.07424833
8462, 0.07424850
8463, 0.07424867
8464, 0.07424885
8465, 0.07424901
8466, 0.07424918
8467, 0.07424935
8468, 0.07424952
8469, 0.07424969
8470, 0.07424985
8471, 0.07425002
8472, 0.07425019
8473, 0.07425036
8474, 0.07425052
8475, 0.07425069
8476, 0.07425087
8477, 0.07425104
8478, 0.07425121
8479, 0.07425137
8480, 0.07425154
8481, 0.07425171
8482, 0.07425188
8483, 0.07425205
8484, 0.07425222
8485, 0.07425239
8486, 0.07425255
8487, 0.07425272
8488, 0.07425289
8489, 0.07425307
8490, 0.07425324
8491, 0.07425341
8492, 0.07425358
8493, 0.07425375
8494, 0.07425392
8495, 0.07425409
8496, 0.07425426
8497, 0.07425442
8498, 0.07425459
8499, 0.07425476
8500, 0.07425493
8501, 0.07425510
8502, 0.07425527
8503, 0.07425544
8504, 0.07425561
8505, 0.07425578
8506, 0.07425594
8507, 0.07425611
8508, 0.07425628
8509, 0.07425645
8510, 0.07425662
8511, 0.07425679
8512, 0.07425696
8513, 0.07425713
8514, 0.07425730
8515, 0.07425747
8516, 0.07425763
8517, 0.07425780
8518, 0.07425797
8519, 0.07425814
8520, 0.07425831
8521, 0.07425848
8522, 0.07425865
8523, 0.07425882
8524, 0.07425899
8525, 0.07425916
8526, 0.07425933
8527, 0.07425950
8528, 0.07425968
8529, 0.07425986
8530, 0.07426003
8531, 0.07426021
8532, 0.07426039
8533, 0.07426056
8534, 0.07426074
8535, 0.07426092
8536, 0.07426109
8537, 0.07426125
8538, 0.07426142
8539, 0.07426159
8540, 0.07426176
8541, 0.07426193
8542, 0.07426210
8543, 0.07426227
8544, 0.07426244
8545, 0.07426261
8546, 0.07426278
8547, 0.07426294
8548, 0.07426311
8549, 0.07426328
8550, 0.07426345
8551, 0.07426364
8552, 0.07426380
8553, 0.07426397
8554, 0.07426414
8555, 0.07426431
8556, 0.07426448
8557, 0.07426465
8558, 0.07426481
8559, 0.07426498
8560, 0.07426515
8561, 0.07426532
8562, 0.07426548
8563, 0.07426565
8564, 0.07426582
8565, 0.07426599
8566, 0.07426616
8567, 0.07426633
8568, 0.07426649
8569, 0.07426666
8570, 0.07426684
8571, 0.07426700
8572, 0.07426718
8573, 0.07426939
8574, 0.07426958
8575, 0.07426976
8576, 0.07426994
8577, 0.07427011
8578, 0.07427028
8579, 0.07427046
8580, 0.07427064
8581, 0.07427081
8582, 0.07427098
8583, 0.07427116
8584, 0.07427133
8585, 0.07427151
8586, 0.07427168
8587, 0.07427185
8588, 0.07427203
8589, 0.07427220
8590, 0.07427237
8591, 0.07427254
8592, 0.07427272
8593, 0.07427289
8594, 0.07427306
8595, 0.07427323
8596, 0.07427340
8597, 0.07427358
8598, 0.07427375
8599, 0.07427392
8600, 0.07427409
8601, 0.07427427
8602, 0.07427444
8603, 0.07427462
8604, 0.07427479
8605, 0.07427496
8606, 0.07427514
8607, 0.07427530
8608, 0.07427548
8609, 0.07427565
8610, 0.07427582
8611, 0.07427599
8612, 0.07427616
8613, 0.07427633
8614, 0.07427650
8615, 0.07427667
8616, 0.07427684
8617, 0.07427701
8618, 0.07427718
8619, 0.07427735
8620, 0.07427753
8621, 0.07427770
8622, 0.07427787
8623, 0.07427804
8624, 0.07427821
8625, 0.07427840
8626, 0.07427857
8627, 0.07427874
8628, 0.07427891
8629, 0.07427907
8630, 0.07427924
8631, 0.07427941
8632, 0.07427959
8633, 0.07427976
8634, 0.07427993
8635, 0.07428010
8636, 0.07428027
8637, 0.07428044
8638, 0.07428061
8639, 0.07428078
8640, 0.07428095
8641, 0.07428112
8642, 0.07428129
8643, 0.07428146
8644, 0.07428163
8645, 0.07428180
8646, 0.07428197
8647, 0.07428214
8648, 0.07428231
8649, 0.07428249
8650, 0.07428266
8651, 0.07428283
8652, 0.07428300
8653, 0.07428317
8654, 0.07428334
8655, 0.07428351
8656, 0.07428368
8657, 0.07428385
8658, 0.07428402
8659, 0.07428419
8660, 0.07428436
8661, 0.07428455
8662, 0.07428472
8663, 0.07428489
8664, 0.07428506
8665, 0.07428523
8666, 0.07428540
8667, 0.07428557
8668, 0.07428574
8669, 0.07428591
8670, 0.07428608
8671, 0.07428625
8672, 0.07428642
8673, 0.07428659
8674, 0.07428676
8675, 0.07428693
8676, 0.07428711
8677, 0.07428728
8678, 0.07428745
8679, 0.07428762
8680, 0.07428779
8681, 0.07428796
8682, 0.07428813
8683, 0.07428830
8684, 0.07428847
8685, 0.07428865
8686, 0.07428882
8687, 0.07428899
8688, 0.07428916
8689, 0.07428933
8690, 0.07428950
8691, 0.07428967
8692, 0.07428986
8693, 0.07429003
8694, 0.07429020
8695, 0.07429037
8696, 0.07429054
8697, 0.07429071
8698, 0.07429089
8699, 0.07429305
8700, 0.07429325
8701, 0.07429343
8702, 0.07429360
8703, 0.07429378
8704, 0.07429395
8705, 0.07429413
8706, 0.07429430
8707, 0.07429448
8708, 0.07429472
8709, 0.07429489
8710, 0.07429508
8711, 0.07429533
8712, 0.07429552
8713, 0.07429570
8714, 0.07429588
8715, 0.07429605
8716, 0.07429623
8717, 0.07429641
8718, 0.07429658
8719, 0.07429683
8720, 0.07429701
8721, 0.07429718
8722, 0.07429736
8723, 0.07429753
8724, 0.07429770
8725, 0.07429787
8726, 0.07429807
8727, 0.07429858
8728, 0.07429876
8729, 0.07429894
8730, 0.07429911
8731, 0.07429928
8732, 0.07429945
8733, 0.07429962
8734, 0.07429980
8735, 0.07430006
8736, 0.07430023
8737, 0.07430041
8738, 0.07430058
8739, 0.07430075
8740, 0.07430093
8741, 0.07430110
8742, 0.07430128
8743, 0.07430153
8744, 0.07430171
8745, 0.07430188
8746, 0.07430206
8747, 0.07430223
8748, 0.07430240
8749, 0.07430259
8750, 0.07430277
8751, 0.07430302
8752, 0.07430319
8753, 0.07430336
8754, 0.07430353
8755, 0.07430371
8756, 0.07430388
8757, 0.07430406
8758, 0.07430423
8759, 0.07430448
8760, 0.07430465
8761, 0.07430482
8762, 0.07430499
8763, 0.07430517
8764, 0.07430534
8765, 0.07430552
8766, 0.07430569
8767, 0.07430594
8768, 0.07430611
8769, 0.07430628
8770, 0.07430646
8771, 0.07430663
8772, 0.07430681
8773, 0.07430698
8774, 0.07430716
8775, 0.07430733
8776, 0.07430750
8777, 0.07430768
8778, 0.07430785
8779, 0.07430803
8780, 0.07430820
8781, 0.07430838
8782, 0.07430855
8783, 0.07430873
8784, 0.07430892
8785, 0.07430909
8786, 0.07430927
8787, 0.07430944
8788, 0.07430962
8789, 0.07430979
8790, 0.07430996
8791, 0.07431014
8792, 0.07431031
8793, 0.07431048
8794, 0.07431066
8795, 0.07431083
8796, 0.07431102
8797, 0.07431121
8798, 0.07431138
8799, 0.07431155
8800, 0.07431172
8801, 0.07431189
8802, 0.07431206
8803, 0.07431223
8804, 0.07431240
8805, 0.07431257
8806, 0.07431274
8807, 0.07431291
8808, 0.07431307
8809, 0.07431324
8810, 0.07431341
8811, 0.07431358
8812, 0.07431375
8813, 0.07431392
8814, 0.07431409
8815, 0.07431427
8816, 0.07431446
8817, 0.07431463
8818, 0.07431480
8819, 0.07431497
8820, 0.07431514
8821, 0.07431531
8822, 0.07431548
8823, 0.07431566
8824, 0.07431584
8825, 0.07431806
8826, 0.07431825
8827, 0.07431843
8828, 0.07431861
8829, 0.07431878
8830, 0.07431895
8831, 0.07431912
8832, 0.07431929
8833, 0.07431947
8834, 0.07431964
8835, 0.07431981
8836, 0.07431999
8837, 0.07432016
8838, 0.07432034
8839, 0.07432051
8840, 0.07432069
8841, 0.07432086
8842, 0.07432103
8843, 0.07432121
8844, 0.07432138
8845, 0.07432155
8846, 0.07432172
8847, 0.07432190
8848, 0.07432207
8849, 0.07432225
8850, 0.07432242
8851, 0.07432259
8852, 0.07432277
8853, 0.07432294
8854, 0.07432312
8855, 0.07432329
8856, 0.07432346
8857, 0.07432363
8858, 0.07432381
8859, 0.07432398
8860, 0.07432416
8861, 0.07432433
8862, 0.07432450
8863, 0.07432468
8864, 0.07432485
8865, 0.07432502
8866, 0.07432520
8867, 0.07432537
8868, 0.07432554
8869, 0.07432572
8870, 0.07432589
8871, 0.07432606
8872, 0.07432623
8873, 0.07432640
8874, 0.07432657
8875, 0.07432675
8876, 0.07432692
8877, 0.07432709
8878, 0.07432727
8879, 0.07432744
8880, 0.07432761
8881, 0.07432785
8882, 0.07432802
8883, 0.07432819
8884, 0.07432837
8885, 0.07432854
8886, 0.07432871
8887, 0.07432888
8888, 0.07432906
8889, 0.07432924
8890, 0.07432941
8891, 0.07432959
8892, 0.07432977
8893, 0.07432995
8894, 0.07433012
8895, 0.07433029
8896, 0.07433046
8897, 0.07433063
8898, 0.07433081
8899, 0.07433098
8900, 0.07433115
8901, 0.07433133
8902, 0.07433150
8903, 0.07433167
8904, 0.07433184
8905, 0.07433202
8906, 0.07433219
8907, 0.07433236
8908, 0.07433253
8909, 0.07433270
8910, 0.07433287
8911, 0.07433305
8912, 0.07433328
8913, 0.07433345
8914, 0.07433362
8915, 0.07433380
8916, 0.07433397
8917, 0.07433415
8918, 0.07433432
8919, 0.07433450
8920, 0.07433468
8921, 0.07433486
8922, 0.07433504
8923, 0.07433521
8924, 0.07433539
8925, 0.07433556
8926, 0.07433574
8927, 0.07433591
8928, 0.07433609
8929, 0.07433626
8930, 0.07433644
8931, 0.07433661
8932, 0.07433678
8933, 0.07433695
8934, 0.07433713
8935, 0.07433730
8936, 0.07433747
8937, 0.07433765
8938, 0.07433782
8939, 0.07433799
8940, 0.07433817
8941, 0.07433834
8942, 0.07433852
8943, 0.07433869
8944, 0.07433886
8945, 0.07433904
8946, 0.07433921
8947, 0.07433938
8948, 0.07433956
8949, 0.07433973
8950, 0.07433992
8951, 0.07434220
8952, 0.07434239
8953, 0.07434256
8954, 0.07434273
8955, 0.07434290
8956, 0.07434307
8957, 0.07434324
8958, 0.07434342
8959, 0.07434359
8960, 0.07434375
8961, 0.07434392
8962, 0.07434409
8963, 0.07434426
8964, 0.07434443
8965, 0.07434460
8966, 0.07434476
8967, 0.07434493
8968, 0.07434510
8969, 0.07434527
8970, 0.07434544
8971, 0.07434561
8972, 0.07434577
8973, 0.07434594
8974, 0.07434611
8975, 0.07434628
8976, 0.07434645
8977, 0.07434662
8978, 0.07434679
8979, 0.07434696
8980, 0.07434713
8981, 0.07434730
8982, 0.07434746
8983, 0.07434763
8984, 0.07434780
8985, 0.07434797
8986, 0.07434814
8987, 0.07434831
8988, 0.07434847
8989, 0.07434864
8990, 0.07434881
8991, 0.07434898
8992, 0.07434915
8993, 0.07434931
8994, 0.07434948
8995, 0.07434965
8996, 0.07434982
8997, 0.07434999
8998, 0.07435016
8999, 0.07435033
9000, 0.07435050
9001, 0.07435066
9002, 0.07435083
9003, 0.07435100
9004, 0.07435117
9005, 0.07435134
9006, 0.07435150
9007, 0.07435167
9008, 0.07435184
9009, 0.07435201
9010, 0.07435218
9011, 0.07435235
9012, 0.07435252
9013, 0.07435269
9014, 0.07435286
9015, 0.07435303
9016, 0.07435319
9017, 0.07435336
9018, 0.07435353
9019, 0.07435370
9020, 0.07435387
9021, 0.07435404
9022, 0.07435421
9023, 0.07435439
9024, 0.07435456
9025, 0.07435473
9026, 0.07435490
9027, 0.07435507
9028, 0.07435524
9029, 0.07435540
9030, 0.07435558
9031, 0.07435575
9032, 0.07435592
9033, 0.07435609
9034, 0.07435625
9035, 0.07435642
9036, 0.07435659
9037, 0.07435676
9038, 0.07435693
9039, 0.07435710
9040, 0.07435726
9041, 0.07435743
9042, 0.07435760
9043, 0.07435778
9044, 0.07435795
9045, 0.07435812
9046, 0.07435829
9047, 0.07435845
9048, 0.07435862
9049, 0.07435879
9050, 0.07435896
9051, 0.07435913
9052, 0.07435930
9053, 0.07435947
9054, 0.07435964
9055, 0.07435981
9056, 0.07435997
9057, 0.07436014
9058, 0.07436031
9059, 0.07436048
9060, 0.07436065
9061, 0.07436083
9062, 0.07436100
9063, 0.07436117
9064, 0.07436135
9065, 0.07436152
9066, 0.07436169
9067, 0.07436186
9068, 0.07436203
9069, 0.07436220
9070, 0.07436238
9071, 0.07436255
9072, 0.07436271
9073, 0.07436288
9074, 0.07436305
9075, 0.07436322
9076, 0.07436340
9077, 0.07437080
9078, 0.07437100
9079, 0.07437118
9080, 0.07437136
9081, 0.07437153
9082, 0.07437170
9083, 0.07437188
9084, 0.07437205
9085, 0.07437222
9086, 0.07437239
9087, 0.07437256
9088, 0.07437273
9089, 0.07437290
9090, 0.07437307
9091, 0.07437324
9092, 0.07437341
9093, 0.07437358
9094, 0.07437587
9095, 0.07437606
9096, 0.07437623
9097, 0.07437641
9098, 0.07437658
9099, 0.07437675
9100, 0.07437692
9101, 0.07437709
9102, 0.07437727
9103, 0.07437744
9104, 0.07437761
9105, 0.07437778
9106, 0.07437795
9107, 0.07437813
9108, 0.07437830
9109, 0.07437847
9110, 0.07437864
9111, 0.07437881
9112, 0.07437898
9113, 0.07437915
9114, 0.07437932
9115, 0.07437950
9116, 0.07437967
9117, 0.07437984
9118, 0.07438002
9119, 0.07438018
9120, 0.07438036
9121, 0.07438053
9122, 0.07438070
9123, 0.07438087
9124, 0.07438104
9125, 0.07438122
9126, 0.07438139
9127, 0.07438156
9128, 0.07438173
9129, 0.07438190
9130, 0.07438208
9131, 0.07438225
9132, 0.07438242
9133, 0.07438259
9134, 0.07438276
9135, 0.07438293
9136, 0.07438311
9137, 0.07438328
9138, 0.07438345
9139, 0.07438362
9140, 0.07438380
9141, 0.07438397
9142, 0.07438415
9143, 0.07438432
9144, 0.07438449
9145, 0.07438467
9146, 0.07438484
9147, 0.07438501
9148, 0.07438519
9149, 0.07438536
9150, 0.07438555
9151, 0.07438574
9152, 0.07438591
9153, 0.07438609
9154, 0.07438626
9155, 0.07438644
9156, 0.07438661
9157, 0.07438678
9158, 0.07438696
9159, 0.07438713
9160, 0.07438730
9161, 0.07438748
9162, 0.07438765
9163, 0.07438783
9164, 0.07438800
9165, 0.07438817
9166, 0.07438835
9167, 0.07438852
9168, 0.07438869
9169, 0.07438886
9170, 0.07438904
9171, 0.07438921
9172, 0.07438938
9173, 0.07438956
9174, 0.07438973
9175, 0.07438990
9176, 0.07439007
9177, 0.07439024
9178, 0.07439042
9179, 0.07439059
9180, 0.07439076
9181, 0.07439093
9182, 0.07439110
9183, 0.07439127
9184, 0.07439144
9185, 0.07439161
9186, 0.07439178
9187, 0.07439195
9188, 0.07439212
9189, 0.07439229
9190, 0.07439246
9191, 0.07439263
9192, 0.07439280
9193, 0.07439297
9194, 0.07439314
9195, 0.07439331
9196, 0.07439348
9197, 0.07439365
9198, 0.07439382
9199, 0.07439399
9200, 0.07439416
9201, 0.07439433
9202, 0.07439452
9203, 0.07439697
9204, 0.07439717
9205, 0.07439734
9206, 0.07439752
9207, 0.07439769
9208, 0.07439786
9209, 0.07439804
9210, 0.07439820
9211, 0.07439837
9212, 0.07439854
9213, 0.07439874
9214, 0.07439891
9215, 0.07439909
9216, 0.07439927
9217, 0.07439946
9218, 0.07439963
9219, 0.07439981
9220, 0.07439998
9221, 0.07440016
9222, 0.07440033
9223, 0.07440058
9224, 0.07440075
9225, 0.07440093
9226, 0.07440110
9227, 0.07440128
9228, 0.07440145
9229, 0.07440162
9230, 0.07440180
9231, 0.07440205
9232, 0.07440222
9233, 0.07440239
9234, 0.07440257
9235, 0.07440274
9236, 0.07440292
9237, 0.07440309
9238, 0.07440326
9239, 0.07440350
9240, 0.07440368
9241, 0.07440385
9242, 0.07440402
9243, 0.07440420
9244, 0.07440437
9245, 0.07440455
9246, 0.07440472
9247, 0.07440498
9248, 0.07440515
9249, 0.07440533
9250, 0.07440550
9251, 0.07440567
9252, 0.07440585
9253, 0.07440602
9254, 0.07440620
9255, 0.07440645
9256, 0.07440662
9257, 0.07440679
9258, 0.07440697
9259, 0.07440714
9260, 0.07440731
9261, 0.07440749
9262, 0.07440766
9263, 0.07440791
9264, 0.07440808
9265, 0.07440826
9266, 0.07440843
9267, 0.07440861
9268, 0.07440878
9269, 0.07440895
9270, 0.07440912
9271, 0.07440937
9272, 0.07440954
9273, 0.07440971
9274, 0.07440988
9275, 0.07441006
9276, 0.07441023
9277, 0.07441040
9278, 0.07441056
9279, 0.07441081
9280, 0.07441098
9281, 0.07441115
9282, 0.07441133
9283, 0.07441150
9284, 0.07441167
9285, 0.07441184
9286, 0.07441201
9287, 0.07441218
9288, 0.07441235
9289, 0.07441252
9290, 0.07441270
9291, 0.07441286
9292, 0.07441303
9293, 0.07441321
9294, 0.07441338
9295, 0.07441355
9296, 0.07441372
9297, 0.07441389
9298, 0.07441407
9299, 0.07441425
9300, 0.07441442
9301, 0.07441459
9302, 0.07441476
9303, 0.07441493
9304, 0.07441511
9305, 0.07441528
9306, 0.07441545
9307, 0.07441562
9308, 0.07441579
9309, 0.07441596
9310, 0.07441613
9311, 0.07441630
9312, 0.07441647
9313, 0.07441664
9314, 0.07441681
9315, 0.07441698
9316, 0.07441715
9317, 0.07441732
9318, 0.07441749
9319, 0.07441766
9320, 0.07441783
9321, 0.07441800
9322, 0.07441818
9323, 0.07441834
9324, 0.07441851
9325, 0.07441868
9326, 0.07441886
9327, 0.07441903
9328, 0.07441921
9329, 0.07442133
9330, 0.07442152
9331, 0.07442170
9332, 0.07442187
9333, 0.07442205
9334, 0.07442222
9335, 0.07442239
9336, 0.07442257
9337, 0.07442274
9338, 0.07442292
9339, 0.07442309
9340, 0.07442327
9341, 0.07442344
9342, 0.07442361
9343, 0.07442379
9344, 0.07442396
9345, 0.07442413
9346, 0.07442431
9347, 0.07442448
9348, 0.07442465
9349, 0.07442483
9350, 0.07442500
9351, 0.07442517
9352, 0.07442535
9353, 0.07442552
9354, 0.07442570
9355, 0.07442587
9356, 0.07442604
9357, 0.07442622
9358, 0.07442639
9359, 0.07442656
9360, 0.07442673
9361, 0.07442691
9362, 0.07442708
9363, 0.07442726
9364, 0.07442743
9365, 0.07442761
9366, 0.07442778
9367, 0.07442795
9368, 0.07442812
9369, 0.07442830
9370, 0.07442847
9371, 0.07442864
9372, 0.07442882
9373, 0.07442899
9374, 0.07442916
9375, 0.07442933
9376, 0.07442950
9377, 0.07442967
9378, 0.07442985
9379, 0.07443002
9380, 0.07443019
9381, 0.07443036
9382, 0.07443053
9383, 0.07443070
9384, 0.07443087
9385, 0.07443104
9386, 0.07443122
9387, 0.07443139
9388, 0.07443156
9389, 0.07443173
9390, 0.07443190
9391, 0.07443207
9392, 0.07443224
9393, 0.07443241
9394, 0.07443258
9395, 0.07443275
9396, 0.07443292
9397, 0.07443309
9398, 0.07443326
9399, 0.07443344
9400, 0.07443361
9401, 0.07443378
9402, 0.07443395
9403, 0.07443412
9404, 0.07443429
9405, 0.07443447
9406, 0.07443463
9407, 0.07443481
9408, 0.07443498
9409, 0.07443515
9410, 0.07443532
9411, 0.07443549
9412, 0.07443566
9413, 0.07443583
9414, 0.07443600
9415, 0.07443617
9416, 0.07443634
9417, 0.07443651
9418, 0.07443669
9419, 0.07443686
9420, 0.07443703
9421, 0.07443720
9422, 0.07443737
9423, 0.07443754
9424, 0.07443771
9425, 0.07443788
9426, 0.07443805
9427, 0.07443823
9428, 0.07443840
9429, 0.07443857
9430, 0.07443874
9431, 0.07443891
9432, 0.07443908
9433, 0.07443925
9434, 0.07443942
9435, 0.07443960
9436, 0.07443977
9437, 0.07443994
9438, 0.07444011
9439, 0.07444028
9440, 0.07444045
9441, 0.07444062
9442, 0.07444079
9443, 0.07444096
9444, 0.07444113
9445, 0.07444130
9446, 0.07444147
9447, 0.07444165
9448, 0.07444182
9449, 0.07444199
9450, 0.07444216
9451, 0.07444233
9452, 0.07444250
9453, 0.07444267
9454, 0.07444286
9455, 0.07444504
9456, 0.07444523
9457, 0.07444540
9458, 0.07444558
9459, 0.07444575
9460, 0.07444593
9461, 0.07444610
9462, 0.07444627
9463, 0.07444645
9464, 0.07444662
9465, 0.07444680
9466, 0.07444697
9467, 0.07444714
9468, 0.07444731
9469, 0.07444749
9470, 0.07444766
9471, 0.07444783
9472, 0.07444801
9473, 0.07444818
9474, 0.07444836
9475, 0.07444853
9476, 0.07444871
9477, 0.07444888
9478, 0.07444905
9479, 0.07444923
9480, 0.07444940
9481, 0.07444957
9482, 0.07444974
9483, 0.07444992
9484, 0.07445009
9485, 0.07445027
9486, 0.07445044
9487, 0.07445061
9488, 0.07445079
9489, 0.07445096
9490, 0.07445113
9491, 0.07445131
9492, 0.07445148
9493, 0.07445165
9494, 0.07445182
9495, 0.07445200
9496, 0.07445217
9497, 0.07445234
9498, 0.07445252
9499, 0.07445269
9500, 0.07445286
9501, 0.07445303
9502, 0.07445321
9503, 0.07445338
9504, 0.07445355
9505, 0.07445373
9506, 0.07445390
9507, 0.07445407
9508, 0.07445425
9509, 0.07445442
9510, 0.07445459
9511, 0.07445476
9512, 0.07445493
9513, 0.07445511
9514, 0.07445528
9515, 0.07445546
9516, 0.07445563
9517, 0.07445580
9518, 0.07445597
9519, 0.07445615
9520, 0.07445632
9521, 0.07445649
9522, 0.07445666
9523, 0.07445684
9524, 0.07445701
9525, 0.07445718
9526, 0.07445736
9527, 0.07445753
9528, 0.07445770
9529, 0.07445787
9530, 0.07445805
9531, 0.07445822
9532, 0.07445839
9533, 0.07445856
9534, 0.07445874
9535, 0.07445891
9536, 0.07445909
9537, 0.07445926
9538, 0.07445943
9539, 0.07445960
9540, 0.07445978
9541, 0.07445995
9542, 0.07446013
9543, 0.07446030
9544, 0.07446047
9545, 0.07446065
9546, 0.07446082
9547, 0.07446099
9548, 0.07446117
9549, 0.07446134
9550, 0.07446151
9551, 0.07446169
9552, 0.07446191
9553, 0.07446209
9554, 0.07446226
9555, 0.07446243
9556, 0.07446261
9557, 0.07446278
9558, 0.07446295
9559, 0.07446313
9560, 0.07446330
9561, 0.07446347
9562, 0.07446364
9563, 0.07446382
9564, 0.07446399
9565, 0.07446416
9566, 0.07446433
9567, 0.07446451
9568, 0.07446468
9569, 0.07446485
9570, 0.07446502
9571, 0.07446519
9572, 0.07446536
9573, 0.07446554
9574, 0.07446571
9575, 0.07446588
9576, 0.07446606
9577, 0.07446623
9578, 0.07446641
9579, 0.07446658
9580, 0.07446676
9581, 0.07446897
9582, 0.07446917
9583, 0.07446935
9584, 0.07446952
9585, 0.07446970
9586, 0.07446987
9587, 0.07447005
9588, 0.07447022
9589, 0.07447040
9590, 0.07447057
9591, 0.07447075
9592, 0.07447092
9593, 0.07447109
9594, 0.07447127
9595, 0.07447144
9596, 0.07447161
9597, 0.07447178
9598, 0.07447196
9599, 0.07447213
9600, 0.07447230
9601, 0.07447248
9602, 0.07447265
9603, 0.07447283
9604, 0.07447300
9605, 0.07447318
9606, 0.07447335
9607, 0.07447352
9608, 0.07447370
9609, 0.07447387
9610, 0.07447405
9611, 0.07447422
9612, 0.07447439
9613, 0.07447457
9614, 0.07447474
9615, 0.07447491
9616, 0.07447509
9617, 0.07447526
9618, 0.07447543
9619, 0.07447561
9620, 0.07447578
9621, 0.07447595
9622, 0.07447612
9623, 0.07447629
9624, 0.07447647
9625, 0.07447664
9626, 0.07447682
9627, 0.07447699
9628, 0.07447716
9629, 0.07447734
9630, 0.07447751
9631, 0.07447768
9632, 0.07447786
9633, 0.07447803
9634, 0.07447820
9635, 0.07447838
9636, 0.07447855
9637, 0.07447873
9638, 0.07447890
9639, 0.07447907
9640, 0.07447925
9641, 0.07447942
9642, 0.07447959
9643, 0.07447977
9644, 0.07447994
9645, 0.07448011
9646, 0.07448029
9647, 0.07448046
9648, 0.07448064
9649, 0.07448081
9650, 0.07448098
9651, 0.07448116
9652, 0.07448133
9653, 0.07448150
9654, 0.07448168
9655, 0.07448185
9656, 0.07448202
9657, 0.07448220
9658, 0.07448237
9659, 0.07448255
9660, 0.07448272
9661, 0.07448289
9662, 0.07448307
9663, 0.07448324
9664, 0.07448341
9665, 0.07448359
9666, 0.07448376
9667, 0.07448394
9668, 0.07448411
9669, 0.07448428
9670, 0.07448446
9671, 0.07448463
9672, 0.07448480
9673, 0.07448498
9674, 0.07448515
9675, 0.07448532
9676, 0.07448550
9677, 0.07448567
9678, 0.07448584
9679, 0.07448601
9680, 0.07448618
9681, 0.07448635
9682, 0.07448652
9683, 0.07448669
9684, 0.07448686
9685, 0.07448703
9686, 0.07448721
9687, 0.07448738
9688, 0.07448755
9689, 0.07448772
9690, 0.07448789
9691, 0.07448806
9692, 0.07448824
9693, 0.07448841
9694, 0.07448858
9695, 0.07448875
9696, 0.07448892
9697, 0.07448909
9698, 0.07448926
9699, 0.07448944
9700, 0.07448961
9701, 0.07448978
9702, 0.07448995
9703, 0.07449012
9704, 0.07449029
9705, 0.07449047
9706, 0.07449065
9707, 0.07449286
9708, 0.07449306
9709, 0.07449324
9710, 0.07449342
9711, 0.07449359
9712, 0.07449376
9713, 0.07449394
9714, 0.07449411
9715, 0.07449429
9716, 0.07449446
9717, 0.07449467
9718, 0.07449484
9719, 0.07449502
9720, 0.07449520
9721, 0.07449538
9722, 0.07449556
9723, 0.07449574
9724, 0.07449592
9725, 0.07449610
9726, 0.07449628
9727, 0.07449646
9728, 0.07449664
9729, 0.07449682
9730, 0.07449699
9731, 0.07449717
9732, 0.07449734
9733, 0.07449752
9734, 0.07449770
9735, 0.07449794
9736, 0.07449812
9737, 0.07449829
9738, 0.07449847
9739, 0.07449865
9740, 0.07449882
9741, 0.07449900
9742, 0.07449917
9743, 0.07449941
9744, 0.07449959
9745, 0.07449977
9746, 0.07449994
9747, 0.07450012
9748, 0.07450030
9749, 0.07450047
9750, 0.07450065
9751, 0.07450089
9752, 0.07450107
9753, 0.07450124
9754, 0.07450142
9755, 0.07450160
9756, 0.07450177
9757, 0.07450195
9758, 0.07450212
9759, 0.07450237
9760, 0.07450255
9761, 0.07450272
9762, 0.07450290
9763, 0.07450308
9764, 0.07450325
9765, 0.07450343
9766, 0.07450360
9767, 0.07450385
9768, 0.07450403
9769, 0.07450420
9770, 0.07450438
9771, 0.07450456
9772, 0.07450473
9773, 0.07450491
9774, 0.07450508
9775, 0.07450533
9776, 0.07450551
9777, 0.07450569
9778, 0.07450586
9779, 0.07450604
9780, 0.07450621
9781, 0.07450639
9782, 0.07450656
9783, 0.07450702
9784, 0.07450719
9785, 0.07450737
9786, 0.07450755
9787, 0.07450772
9788, 0.07450790
9789, 0.07450807
9790, 0.07450825
9791, 0.07450859
9792, 0.07450877
9793, 0.07450895
9794, 0.07450912
9795, 0.07450930
9796, 0.07450947
9797, 0.07450965
9798, 0.07450983
9799, 0.07451000
9800, 0.07451018
9801, 0.07451035
9802, 0.07451053
9803, 0.07451071
9804, 0.07451088
9805, 0.07451106
9806, 0.07451123
9807, 0.07451141
9808, 0.07451158
9809, 0.07451176
9810, 0.07451194
9811, 0.07451211
9812, 0.07451229
9813, 0.07451246
9814, 0.07451264
9815, 0.07451281
9816, 0.07451299
9817, 0.07451317
9818, 0.07451334
9819, 0.07451352
9820, 0.07451369
9821, 0.07451387
9822, 0.07451404
9823, 0.07451422
9824, 0.07451439
9825, 0.07451457
9826, 0.07451475
9827, 0.07451492
9828, 0.07451510
9829, 0.07451527
9830, 0.07451545
9831, 0.07451563
9832, 0.07451581
9833, 0.07451794
9834, 0.07451813
9835, 0.07451831
9836, 0.07451849
9837, 0.07451866
9838, 0.07451883
9839, 0.07451900
9840, 0.07451917
9841, 0.07451935
9842, 0.07451952
9843, 0.07451969
9844, 0.07451986
9845, 0.07452003
9846, 0.07452021
9847, 0.07452038
9848, 0.07452055
9849, 0.07452072
9850, 0.07452089
9851, 0.07452107
9852, 0.07452124
9853, 0.07452141
9854, 0.07452158
9855, 0.07452175
9856, 0.07452192
9857, 0.07452210
9858, 0.07452227
9859, 0.07452244
9860, 0.07452261
9861, 0.07452278
9862, 0.07452295
9863, 0.07452312
9864, 0.07452329
9865, 0.07452346
9866, 0.07452363
9867, 0.07452380
9868, 0.07452397
9869, 0.07452414
9870, 0.07452432
9871, 0.07452449
9872, 0.07452466
9873, 0.07452483
9874, 0.07452500
9875, 0.07452517
9876, 0.07452534
9877, 0.07452551
9878, 0.07452568
9879, 0.07452585
9880, 0.07452602
9881, 0.07452618
9882, 0.07452635
9883, 0.07452652
9884, 0.07452669
9885, 0.07452686
9886, 0.07452703
9887, 0.07452720
9888, 0.07452736
9889, 0.07452753
9890, 0.07452770
9891, 0.07452787
9892, 0.07452804
9893, 0.07452821
9894, 0.07452838
9895, 0.07452855
9896, 0.07452872
9897, 0.07452889
9898, 0.07452906
9899, 0.07452923
9900, 0.07452940
9901, 0.07452957
9902, 0.07452974
9903, 0.07452990
9904, 0.07453007
9905, 0.07453024
9906, 0.07453041
9907, 0.07453058
9908, 0.07453075
9909, 0.07453092
9910, 0.07453108
9911, 0.07453125
9912, 0.07453142
9913, 0.07453159
9914, 0.07453175
9915, 0.07453192
9916, 0.07453209
9917, 0.07453226
9918, 0.07453243
9919, 0.07453259
9920, 0.07453276
9921, 0.07453293
9922, 0.07453311
9923, 0.07453327
9924, 0.07453344
9925, 0.07453361
9926, 0.07453378
9927, 0.07453395
9928, 0.07453413
9929, 0.07453430
9930, 0.07453447
9931, 0.07453464
9932, 0.07453481
9933, 0.07453498
9934, 0.07453515
9935, 0.07453533
9936, 0.07453550
9937, 0.07453567
9938, 0.07453584
9939, 0.07453601
9940, 0.07453618
9941, 0.07453635
9942, 0.07453653
9943, 0.07453670
9944, 0.07453687
9945, 0.07453704
9946, 0.07453721
9947, 0.07453738
9948, 0.07453755
9949, 0.07453772
9950, 0.07453789
9951, 0.07453806
9952, 0.07453823
9953, 0.07453840
9954, 0.07453857
9955, 0.07453875
9956, 0.07453892
9957, 0.07453909
9958, 0.07453927
9959, 0.07454364
9960, 0.07454384
9961, 0.07454402
9962, 0.07454419
9963, 0.07454436
9964, 0.07454453
9965, 0.07454470
9966, 0.07454487
9967, 0.07454503
9968, 0.07454520
9969, 0.07454537
9970, 0.07454553
9971, 0.07454571
9972, 0.07454589
9973, 0.07454606
9974, 0.07454624
9975, 0.07454642
9976, 0.07454659
9977, 0.07454677
9978, 0.07454695
9979, 0.07454712
9980, 0.07454730
9981, 0.07454748
9982, 0.07454765
9983, 0.07454783
9984, 0.07454800
9985, 0.07454818
9986, 0.07454836
9987, 0.07454853
9988, 0.07454871
9989, 0.07454889
9990, 0.07454907
9991, 0.07454924
9992, 0.07454941
9993, 0.07454958
9994, 0.07454975
9995, 0.07454991
9996, 0.07455008
9997, 0.07455025
9998, 0.07455042
9999, 0.07455059
10000, 0.07455075
10001, 0.07455092
10002, 0.07455109
10003, 0.07455126
10004, 0.07455143
10005, 0.07455159
10006, 0.07455176
10007, 0.07455193
10008, 0.07455209
10009, 0.07455226
10010, 0.07455243
10011, 0.07455259
10012, 0.07455276
10013, 0.07455293
10014, 0.07455309
10015, 0.07455326
10016, 0.07455343
10017, 0.07455360
10018, 0.07455377
10019, 0.07455394
10020, 0.07455410
10021, 0.07455427
10022, 0.07455444
10023, 0.07455461
10024, 0.07455478
10025, 0.07455494
10026, 0.07455511
10027, 0.07455528
10028, 0.07455545
10029, 0.07455562
10030, 0.07455578
10031, 0.07455595
10032, 0.07455612
10033, 0.07455629
10034, 0.07455645
10035, 0.07455662
10036, 0.07455679
10037, 0.07455695
10038, 0.07455712
10039, 0.07455728
10040, 0.07455745
10041, 0.07455762
10042, 0.07455778
10043, 0.07455795
10044, 0.07455812
10045, 0.07455828
10046, 0.07455845
10047, 0.07455862
10048, 0.07455879
10049, 0.07455895
10050, 0.07455912
10051, 0.07455929
10052, 0.07455945
10053, 0.07455962
10054, 0.07455979
10055, 0.07455995
10056, 0.07456012
10057, 0.07456029
10058, 0.07456045
10059, 0.07456062
10060, 0.07456079
10061, 0.07456096
10062, 0.07456112
10063, 0.07456129
10064, 0.07456146
10065, 0.07456162
10066, 0.07456179
10067, 0.07456196
10068, 0.07456213
10069, 0.07456229
10070, 0.07456246
10071, 0.07456263
10072, 0.07456279
10073, 0.07456296
10074, 0.07456313
10075, 0.07456329
10076, 0.07456346
10077, 0.07456363
10078, 0.07456379
10079, 0.07456396
10080, 0.07456413
10081, 0.07456429
10082, 0.07456446
10083, 0.07456463
10084, 0.07456481
10085, 0.07456700
10086, 0.07456720
10087, 0.07456737
10088, 0.07456755
10089, 0.07456772
10090, 0.07456789
10091, 0.07456806
10092, 0.07456824
10093, 0.07456841
10094, 0.07456859
10095, 0.07456876
10096, 0.07456894
10097, 0.07456911
10098, 0.07456928
10099, 0.07456945
10100, 0.07456962
10101, 0.07456979
10102, 0.07456997
10103, 0.07457014
10104, 0.07457031
10105, 0.07457049
10106, 0.07457066
10107, 0.07457083
10108, 0.07457100
10109, 0.07457118
10110, 0.07457134
10111, 0.07457151
10112, 0.07457168
10113, 0.07457185
10114, 0.07457202
10115, 0.07457219
10116, 0.07457236
10117, 0.07457253
10118, 0.07457270
10119, 0.07457287
10120, 0.07457304
10121, 0.07457321
10122, 0.07457338
10123, 0.07457355
10124, 0.07457372
10125, 0.07457389
10126, 0.07457406
10127, 0.07457423
10128, 0.07457440
10129, 0.07457457
10130, 0.07457474
10131, 0.07457491
10132, 0.07457508
10133, 0.07457525
10134, 0.07457543
10135, 0.07457560
10136, 0.07457577
10137, 0.07457594
10138, 0.07457611
10139, 0.07457627
10140, 0.07457644
10141, 0.07457661
10142, 0.07457678
10143, 0.07457695
10144, 0.07457712
10145, 0.07457730
10146, 0.07457747
10147, 0.07457764
10148, 0.07457781
10149, 0.07457798
10150, 0.07457815
10151, 0.07457832
10152, 0.07457849
10153, 0.07457866
10154, 0.07457889
10155, 0.07457906
10156, 0.07457923
10157, 0.07457940
10158, 0.07457957
10159, 0.07457974
10160, 0.07457991
10161, 0.07458008
10162, 0.07458025
10163, 0.07458042
10164, 0.07458060
10165, 0.07458077
10166, 0.07458094
10167, 0.07458111
10168, 0.07458128
10169, 0.07458146
10170, 0.07458162
10171, 0.07458180
10172, 0.07458197
10173, 0.07458214
10174, 0.07458231
10175, 0.07458248
10176, 0.07458264
10177, 0.07458282
10178, 0.07458299
10179, 0.07458316
10180, 0.07458333
10181, 0.07458350
10182, 0.07458367
10183, 0.07458384
10184, 0.07458402
10185, 0.07458419
10186, 0.07458436
10187, 0.07458453
10188, 0.07458470
10189, 0.07458487
10190, 0.07458504
10191, 0.07458521
10192, 0.07458539
10193, 0.07458556
10194, 0.07458573
10195, 0.07458590
10196, 0.07458607
10197, 0.07458624
10198, 0.07458641
10199, 0.07458658
10200, 0.07458675
10201, 0.07458692
10202, 0.07458709
10203, 0.07458726
10204, 0.07458744
10205, 0.07458761
10206, 0.07458778
10207, 0.07458795
10208, 0.07458812
10209, 0.07458829
10210, 0.07458848
10211, 0.07459064
10212, 0.07459082
10213, 0.07459100
10214, 0.07459117
10215, 0.07459134
10216, 0.07459152
10217, 0.07459170
10218, 0.07459187
10219, 0.07459205
10220, 0.07459222
10221, 0.07459240
10222, 0.07459258
10223, 0.07459275
10224, 0.07459293
10225, 0.07459311
10226, 0.07459329
10227, 0.07459346
10228, 0.07459364
10229, 0.07459382
10230, 0.07459400
10231, 0.07459417
10232, 0.07459435
10233, 0.07459453
10234, 0.07459471
10235, 0.07459488
10236, 0.07459506
10237, 0.07459524
10238, 0.07459542
10239, 0.07459559
10240, 0.07459577
10241, 0.07459595
10242, 0.07459612
10243, 0.07459630
10244, 0.07459648
10245, 0.07459665
10246, 0.07459683
10247, 0.07459707
10248, 0.07459725
10249, 0.07459743
10250, 0.07459761
10251, 0.07459778
10252, 0.07459796
10253, 0.07459814
10254, 0.07459831
10255, 0.07459856
10256, 0.07459874
10257, 0.07459891
10258, 0.07459909
10259, 0.07459927
10260, 0.07459945
10261, 0.07459962
10262, 0.07459980
10263, 0.07460005
10264, 0.07460022
10265, 0.07460040
10266, 0.07460058
10267, 0.07460075
10268, 0.07460093
10269, 0.07460111
10270, 0.07460129
10271, 0.07460154
10272, 0.07460171
10273, 0.07460189
10274, 0.07460207
10275, 0.07460224
10276, 0.07460242
10277, 0.07460260
10278, 0.07460278
10279, 0.07460303
10280, 0.07460320
10281, 0.07460338
10282, 0.07460356
10283, 0.07460374
10284, 0.07460391
10285, 0.07460409
10286, 0.07460427
10287, 0.07460451
10288, 0.07460469
10289, 0.07460487
10290, 0.07460505
10291, 0.07460522
10292, 0.07460540
10293, 0.07460557
10294, 0.07460575
10295, 0.07460600
10296, 0.07460618
10297, 0.07460635
10298, 0.07460653
10299, 0.07460671
10300, 0.07460689
10301, 0.07460708
10302, 0.07460727
10303, 0.07460753
10304, 0.07460770
10305, 0.07460787
10306, 0.07460804
10307, 0.07460821
10308, 0.07460838
10309, 0.07460854
10310, 0.07460871
10311, 0.07460888
10312, 0.07460906
10313, 0.07460923
10314, 0.07460940
10315, 0.07460956
10316, 0.07460973
10317, 0.07460990
10318, 0.07461006
10319, 0.07461023
10320, 0.07461040
10321, 0.07461056
10322, 0.07461073
10323, 0.07461090
10324, 0.07461107
10325, 0.07461123
10326, 0.07461140
10327, 0.07461157
10328, 0.07461173
10329, 0.07461190
10330, 0.07461207
10331, 0.07461223
10332, 0.07461240
10333, 0.07461256
10334, 0.07461273
10335, 0.07461290
10336, 0.07461308
10337, 0.07461524
10338, 0.07461542
10339, 0.07461558
10340, 0.07461575
10341, 0.07461592
10342, 0.07461609
10343, 0.07461626
10344, 0.07461642
10345, 0.07461659
10346, 0.07461676
10347, 0.07461693
10348, 0.07461710
10349, 0.07461727
10350, 0.07461743
10351, 0.07461760
10352, 0.07461777
10353, 0.07461794
10354, 0.07461810
10355, 0.07461827
10356, 0.07461844
10357, 0.07461861
10358, 0.07461878
10359, 0.07461895
10360, 0.07461911
10361, 0.07461928
10362, 0.07461945
10363, 0.07461963
10364, 0.07461979
10365, 0.07461996
10366, 0.07462013
10367, 0.07462029
10368, 0.07462046
10369, 0.07462063
10370, 0.07462080
10371, 0.07462096
10372, 0.07462113
10373, 0.07462130
10374, 0.07462147
10375, 0.07462164
10376, 0.07462180
10377, 0.07462197
10378, 0.07462214
10379, 0.07462231
10380, 0.07462247
10381, 0.07462264
10382, 0.07462281
10383, 0.07462298
10384, 0.07462315
10385, 0.07462331
10386, 0.07462348
10387, 0.07462365
10388, 0.07462381
10389, 0.07462398
10390, 0.07462415
10391, 0.07462431
10392, 0.07462448
10393, 0.07462465
10394, 0.07462481
10395, 0.07462498
10396, 0.07462515
10397, 0.07462532
10398, 0.07462548
10399, 0.07462565
10400, 0.07462582
10401, 0.07462599
10402, 0.07462616
10403, 0.07462633
10404, 0.07462649
10405, 0.07462666
10406, 0.07462683
10407, 0.07462700
10408, 0.07462716
10409, 0.07462733
10410, 0.07462750
10411, 0.07462767
10412, 0.07462784
10413, 0.07462800
10414, 0.07462817
10415, 0.07462834
10416, 0.07462850
10417, 0.07462873
10418, 0.07462890
10419, 0.07462907
10420, 0.07462924
10421, 0.07462940
10422, 0.07462957
10423, 0.07462973
10424, 0.07462990
10425, 0.07463007
10426, 0.07463024
10427, 0.07463040
10428, 0.07463057
10429, 0.07463074
10430, 0.07463091
10431, 0.07463107
10432, 0.07463124
10433, 0.07463141
10434, 0.07463158
10435, 0.07463175
10436, 0.07463191
10437, 0.07463208
10438, 0.07463225
10439, 0.07463242
10440, 0.07463259
10441, 0.07463275
10442, 0.07463292
10443, 0.07463309
10444, 0.07463325
10445, 0.07463342
10446, 0.07463359
10447, 0.07463376
10448, 0.07463394
10449, 0.07463411
10450, 0.07463428
10451, 0.07463445
10452, 0.07463461
10453, 0.07463478
10454, 0.07463495
10455, 0.07463511
10456, 0.07463529
10457, 0.07463545
10458, 0.07463562
10459, 0.07463579
10460, 0.07463595
10461, 0.07463612
10462, 0.07463630
10463, 0.07463844
10464, 0.07463862
10465, 0.07463878
10466, 0.07463895
10467, 0.07463912
10468, 0.07463929
10469, 0.07463946
10470, 0.07463963
10471, 0.07463980
10472, 0.07463997
10473, 0.07464013
10474, 0.07464030
10475, 0.07464047
10476, 0.07464064
10477, 0.07464080
10478, 0.07464097
10479, 0.07464114
10480, 0.07464133
10481, 0.07464149
10482, 0.07464166
10483, 0.07464183
10484, 0.07464199
10485, 0.07464216
10486, 0.07464233
10487, 0.07464249
10488, 0.07464266
10489, 0.07464283
10490, 0.07464300
10491, 0.07464316
10492, 0.07464333
10493, 0.07464350
10494, 0.07464367
10495, 0.07464384
10496, 0.07464400
10497, 0.07464419
10498, 0.07464436
10499, 0.07464452
10500, 0.07464469
10501, 0.07464486
10502, 0.07464503
10503, 0.07464519
10504, 0.07464536
10505, 0.07464555
10506, 0.07464572
10507, 0.07464588
10508, 0.07464605
10509, 0.07464622
10510, 0.07464639
10511, 0.07464656
10512, 0.07464673
10513, 0.07464689
10514, 0.07464706
10515, 0.07464723
10516, 0.07464739
10517, 0.07464756
10518, 0.07464773
10519, 0.07464790
10520, 0.07464807
10521, 0.07464824
10522, 0.07464840
10523, 0.07464857
10524, 0.07464874
10525, 0.07464891
10526, 0.07464908
10527, 0.07464925
10528, 0.07464943
10529, 0.07464960
10530, 0.07464977
10531, 0.07464994
10532, 0.07465010
10533, 0.07465027
10534, 0.07465043
10535, 0.07465060
10536, 0.07465077
10537, 0.07465094
10538, 0.07465110
10539, 0.07465127
10540, 0.07465144
10541, 0.07465161
10542, 0.07465178
10543, 0.07465195
10544, 0.07465212
10545, 0.07465229
10546, 0.07465245
10547, 0.07465262
10548, 0.07465279
10549, 0.07465296
10550, 0.07465312
10551, 0.07465331
10552, 0.07465348
10553, 0.07465365
10554, 0.07465381
10555, 0.07465398
10556, 0.07465415
10557, 0.07465432
10558, 0.07465449
10559, 0.07465466
10560, 0.07465482
10561, 0.07465499
10562, 0.07465516
10563, 0.07465533
10564, 0.07465550
10565, 0.07465569
10566, 0.07465586
10567, 0.07465602
10568, 0.07465619
10569, 0.07465636
10570, 0.07465653
10571, 0.07465669
10572, 0.07465686
10573, 0.07465703
10574, 0.07465720
10575, 0.07465737
10576, 0.07465754
10577, 0.07465771
10578, 0.07465787
10579, 0.07465804
10580, 0.07465823
10581, 0.07465840
10582, 0.07465857
10583, 0.07465874
10584, 0.07465891
10585, 0.07465908
10586, 0.07465925
10587, 0.07465942
10588, 0.07465960
10589, 0.07466180
10590, 0.07466198
10591, 0.07466215
10592, 0.07466233
10593, 0.07466250
10594, 0.07466267
10595, 0.07466284
10596, 0.07466301
10597, 0.07466318
10598, 0.07466336
10599, 0.07466353
10600, 0.07466370
10601, 0.07466386
10602, 0.07466404
10603, 0.07466420
10604, 0.07466438
10605, 0.07466455
10606, 0.07466472
10607, 0.07466489
10608, 0.07466506
10609, 0.07466523
10610, 0.07466540
10611, 0.07466557
10612, 0.07466574
10613, 0.07466591
10614, 0.07466608
10615, 0.07466625
10616, 0.07466642
10617, 0.07466659
10618, 0.07466676
10619, 0.07466693
10620, 0.07466710
10621, 0.07466727
10622, 0.07466744
10623, 0.07466761
10624, 0.07466778
10625, 0.07466795
10626, 0.07466812
10627, 0.07466830
10628, 0.07466847
10629, 0.07466864
10630, 0.07466881
10631, 0.07466898
10632, 0.07466921
10633, 0.07466938
10634, 0.07466955
10635, 0.07466972
10636, 0.07466990
10637, 0.07467007
10638, 0.07467024
10639, 0.07467041
10640, 0.07467058
10641, 0.07467074
10642, 0.07467092
10643, 0.07467108
10644, 0.07467126
10645, 0.07467143
10646, 0.07467160
10647, 0.07467177
10648, 0.07467193
10649, 0.07467211
10650, 0.07467228
10651, 0.07467245
10652, 0.07467262
10653, 0.07467279
10654, 0.07467296
10655, 0.07467313
10656, 0.07467330
10657, 0.07467347
10658, 0.07467364
10659, 0.07467381
10660, 0.07467398
10661, 0.07467415
10662, 0.07467432
10663, 0.07467449
10664, 0.07467466
10665, 0.07467483
10666, 0.07467500
10667, 0.07467517
10668, 0.07467534
10669, 0.07467551
10670, 0.07467568
10671, 0.07467585
10672, 0.07467602
10673, 0.07467619
10674, 0.07467636
10675, 0.07467653
10676, 0.07467670
10677, 0.07467687
10678, 0.07467704
10679, 0.07467721
10680, 0.07467738
10681, 0.07467754
10682, 0.07467771
10683, 0.07467788
10684, 0.07467805
10685, 0.07467822
10686, 0.07467839
10687, 0.07467855
10688, 0.07467872
10689, 0.07467889
10690, 0.07467905
10691, 0.07467922
10692, 0.07467939
10693, 0.07467955
10694, 0.07467972
10695, 0.07467989
10696, 0.07468006
10697, 0.07468022
10698, 0.07468039
10699, 0.07468056
10700, 0.07468073
10701, 0.07468089
10702, 0.07468106
10703, 0.07468123
10704, 0.07468139
10705, 0.07468156
10706, 0.07468173
10707, 0.07468189
10708, 0.07468206
10709, 0.07468223
10710, 0.07468239
10711, 0.07468256
10712, 0.07468273
10713, 0.07468289
10714, 0.07468307
10715, 0.07468524
10716, 0.07468543
10717, 0.07468561
10718, 0.07468578
10719, 0.07468596
10720, 0.07468614
10721, 0.07468632
10722, 0.07468650
10723, 0.07468667
10724, 0.07468684
10725, 0.07468705
10726, 0.07468722
10727, 0.07468739
10728, 0.07468756
10729, 0.07468773
10730, 0.07468791
10731, 0.07468808
10732, 0.07468825
10733, 0.07468844
10734, 0.07468861
10735, 0.07468878
10736, 0.07468895
10737, 0.07468912
10738, 0.07468929
10739, 0.07468946
10740, 0.07468963
10741, 0.07468980
10742, 0.07468998
10743, 0.07469015
10744, 0.07469032
10745, 0.07469049
10746, 0.07469068
10747, 0.07469085
10748, 0.07469103
10749, 0.07469120
10750, 0.07469137
10751, 0.07469154
10752, 0.07469171
10753, 0.07469188
10754, 0.07469205
10755, 0.07469223
10756, 0.07469240
10757, 0.07469257
10758, 0.07469274
10759, 0.07469297
10760, 0.07469316
10761, 0.07469333
10762, 0.07469351
10763, 0.07469368
10764, 0.07469385
10765, 0.07469402
10766, 0.07469419
10767, 0.07469444
10768, 0.07469463
10769, 0.07469480
10770, 0.07469497
10771, 0.07469514
10772, 0.07469531
10773, 0.07469548
10774, 0.07469565
10775, 0.07469589
10776, 0.07469606
10777, 0.07469623
10778, 0.07469640
10779, 0.07469657
10780, 0.07469674
10781, 0.07469692
10782, 0.07469709
10783, 0.07469750
10784, 0.07469768
10785, 0.07469785
10786, 0.07469802
10787, 0.07469819
10788, 0.07469836
10789, 0.07469853
10790, 0.07469871
10791, 0.07469895
10792, 0.07469912
10793, 0.07469929
10794, 0.07469946
10795, 0.07469963
10796, 0.07469981
10797, 0.07469998
10798, 0.07470015
10799, 0.07470041
10800, 0.07470059
10801, 0.07470076
10802, 0.07470093
10803, 0.07470110
10804, 0.07470128
10805, 0.07470145
10806, 0.07470163
10807, 0.07470188
10808, 0.07470205
10809, 0.07470222
10810, 0.07470245
10811, 0.07470263
10812, 0.07470280
10813, 0.07470297
10814, 0.07470315
10815, 0.07470340
10816, 0.07470357
10817, 0.07470374
10818, 0.07470392
10819, 0.07470409
10820, 0.07470427
10821, 0.07470444
10822, 0.07470462
10823, 0.07470481
10824, 0.07470498
10825, 0.07470516
10826, 0.07470533
10827, 0.07470550
10828, 0.07470567
10829, 0.07470587
10830, 0.07470604
10831, 0.07470621
10832, 0.07470638
10833, 0.07470656
10834, 0.07470673
10835, 0.07470690
10836, 0.07470707
10837, 0.07470725
10838, 0.07470742
10839, 0.07470759
10840, 0.07470778
10841, 0.07471001
10842, 0.07471020
10843, 0.07471038
10844, 0.07471056
10845, 0.07471074
10846, 0.07471092
10847, 0.07471110
10848, 0.07471127
10849, 0.07471145
10850, 0.07471162
10851, 0.07471180
10852, 0.07471197
10853, 0.07471215
10854, 0.07471232
10855, 0.07471250
10856, 0.07471267
10857, 0.07471285
10858, 0.07471302
10859, 0.07471320
10860, 0.07471337
10861, 0.07471354
10862, 0.07471372
10863, 0.07471389
10864, 0.07471407
10865, 0.07471424
10866, 0.07471442
10867, 0.07471459
10868, 0.07471477
10869, 0.07471495
10870, 0.07471513
10871, 0.07471531
10872, 0.07471548
10873, 0.07471565
10874, 0.07471582
10875, 0.07471599
10876, 0.07471616
10877, 0.07471633
10878, 0.07471651
10879, 0.07471668
10880, 0.07471685
10881, 0.07471703
10882, 0.07471720
10883, 0.07471737
10884, 0.07471755
10885, 0.07471771
10886, 0.07471789
10887, 0.07471806
10888, 0.07471823
10889, 0.07471841
10890, 0.07471858
10891, 0.07471875
10892, 0.07471892
10893, 0.07471910
10894, 0.07471927
10895, 0.07471944
10896, 0.07471961
10897, 0.07471979
10898, 0.07471996
10899, 0.07472013
10900, 0.07472031
10901, 0.07472048
10902, 0.07472065
10903, 0.07472083
10904, 0.07472100
10905, 0.07472117
10906, 0.07472135
10907, 0.07472152
10908, 0.07472169
10909, 0.07472186
10910, 0.07472204
10911, 0.07472221
10912, 0.07472239
10913, 0.07472256
10914, 0.07472273
10915, 0.07472290
10916, 0.07472307
10917, 0.07472325
10918, 0.07472342
10919, 0.07472359
10920, 0.07472377
10921, 0.07472394
10922, 0.07472411
10923, 0.07472429
10924, 0.07472446
10925, 0.07472464
10926, 0.07472481
10927, 0.07472498
10928, 0.07472516
10929, 0.07472533
10930, 0.07472550
10931, 0.07472568
10932, 0.07472585
10933, 0.07472603
10934, 0.07472620
10935, 0.07472637
10936, 0.07472655
10937, 0.07472672
10938, 0.07472689
10939, 0.07472712
10940, 0.07472730
10941, 0.07472747
10942, 0.07472764
10943, 0.07472782
10944, 0.07472799
10945, 0.07472816
10946, 0.07472833
10947, 0.07472850
10948, 0.07472866
10949, 0.07472883
10950, 0.07472900
10951, 0.07472917
10952, 0.07472935
10953, 0.07472953
10954, 0.07472971
10955, 0.07472988
10956, 0.07473006
10957, 0.07473024
10958, 0.07473042
10959, 0.07473059
10960, 0.07473077
10961, 0.07473095
10962, 0.07473112
10963, 0.07473130
10964, 0.07473148
10965, 0.07473165
10966, 0.07473185
10967, 0.07473406
10968, 0.07473425
10969, 0.07473442
10970, 0.07473460
10971, 0.07473477
10972, 0.07473494
10973, 0.07473511
10974, 0.07473528
10975, 0.07473545
10976, 0.07473562
10977, 0.07473580
10978, 0.07473597
10979, 0.07473614
10980, 0.07473631
10981, 0.07473648
10982, 0.07473665
10983, 0.07473682
10984, 0.07473699
10985, 0.07473717
10986, 0.07473734
10987, 0.07473751
10988, 0.07473768
10989, 0.07473785
10990, 0.07473802
10991, 0.07473819
10992, 0.07473836
10993, 0.07473853
10994, 0.07473870
10995, 0.07473887
10996, 0.07473904
10997, 0.07473921
10998, 0.07473939
10999, 0.07473956
11000, 0.07473985
11001, 0.07474003
11002, 0.07474020
11003, 0.07474037
11004, 0.07474054
11005, 0.07474071
11006, 0.07474088
11007, 0.07474106
11008, 0.07474123
11009, 0.07474140
11010, 0.07474157
11011, 0.07474174
11012, 0.07474191
11013, 0.07474208
11014, 0.07474224
11015, 0.07474241
11016, 0.07474258
11017, 0.07474274
11018, 0.07474291
11019, 0.07474308
11020, 0.07474325
11021, 0.07474342
11022, 0.07474358
11023, 0.07474375
11024, 0.07474392
11025, 0.07474409
11026, 0.07474426
11027, 0.07474442
11028, 0.07474459
11029, 0.07474476
11030, 0.07474493
11031, 0.07474509
11032, 0.07474526
11033, 0.07474543
11034, 0.07474560
11035, 0.07474576
11036, 0.07474593
11037, 0.07474610
11038, 0.07474627
11039, 0.07474644
11040, 0.07474660
11041, 0.07474677
11042, 0.07474694
11043, 0.07474711
11044, 0.07474728
11045, 0.07474744
11046, 0.07474761
11047, 0.07474778
11048, 0.07474795
11049, 0.07474812
11050, 0.07474828
11051, 0.07474845
11052, 0.07474862
11053, 0.07474878
11054, 0.07474895
11055, 0.07474912
11056, 0.07474929
11057, 0.07474946
11058, 0.07474963
11059, 0.07474980
11060, 0.07474997
11061, 0.07475013
11062, 0.07475030
11063, 0.07475047
11064, 0.07475064
11065, 0.07475080
11066, 0.07475097
11067, 0.07475114
11068, 0.07475131
11069, 0.07475148
11070, 0.07475164
11071, 0.07475181
11072, 0.07475198
11073, 0.07475215
11074, 0.07475231
11075, 0.07475248
11076, 0.07475271
11077, 0.07475288
11078, 0.07475304
11079, 0.07475321
11080, 0.07475338
11081, 0.07475355
11082, 0.07475371
11083, 0.07475388
11084, 0.07475405
11085, 0.07475422
11086, 0.07475439
11087, 0.07475456
11088, 0.07475472
11089, 0.07475489
11090, 0.07475506
11091, 0.07475523
11092, 0.07475541
11093, 0.07475755
11094, 0.07475775
11095, 0.07475792
11096, 0.07475809
11097, 0.07475826
11098, 0.07475843
11099, 0.07475860
11100, 0.07475878
11101, 0.07475895
11102, 0.07475912
11103, 0.07475929
11104, 0.07475946
11105, 0.07475963
11106, 0.07475980
11107, 0.07475997
11108, 0.07476014
11109, 0.07476031
11110, 0.07476048
11111, 0.07476065
11112, 0.07476082
11113, 0.07476098
11114, 0.07476115
11115, 0.07476132
11116, 0.07476148
11117, 0.07476165
11118, 0.07476182
11119, 0.07476198
11120, 0.07476215
11121, 0.07476232
11122, 0.07476248
11123, 0.07476265
11124, 0.07476282
11125, 0.07476298
11126, 0.07476315
11127, 0.07476332
11128, 0.07476349
11129, 0.07476366
11130, 0.07476383
11131, 0.07476400
11132, 0.07476417
11133, 0.07476434
11134, 0.07476451
11135, 0.07476468
11136, 0.07476484
11137, 0.07476501
11138, 0.07476518
11139, 0.07476534
11140, 0.07476551
11141, 0.07476568
11142, 0.07476584
11143, 0.07476601
11144, 0.07476618
11145, 0.07476634
11146, 0.07476651
11147, 0.07476668
11148, 0.07476684
11149, 0.07476701
11150, 0.07476718
11151, 0.07476734
11152, 0.07476751
11153, 0.07476768
11154, 0.07476784
11155, 0.07476801
11156, 0.07476817
11157, 0.07476834
11158, 0.07476851
11159, 0.07476867
11160, 0.07476884
11161, 0.07476900
11162, 0.07476917
11163, 0.07476934
11164, 0.07476950
11165, 0.07476967
11166, 0.07476984
11167, 0.07477000
11168, 0.07477017
11169, 0.07477034
11170, 0.07477050
11171, 0.07477067
11172, 0.07477084
11173, 0.07477100
11174, 0.07477117
11175, 0.07477134
11176, 0.07477150
11177, 0.07477167
11178, 0.07477183
11179, 0.07477200
11180, 0.07477216
11181, 0.07477233
11182, 0.07477250
11183, 0.07477267
11184, 0.07477283
11185, 0.07477300
11186, 0.07477317
11187, 0.07477334
11188, 0.07477351
11189, 0.07477368
11190, 0.07477385
11191, 0.07477402
11192, 0.07477419
11193, 0.07477436
11194, 0.07477453
11195, 0.07477470
11196, 0.07477486
11197, 0.07477503
11198, 0.07477520
11199, 0.07477537
11200, 0.07477554
11201, 0.07477571
11202, 0.07477588
11203, 0.07477605
11204, 0.07477622
11205, 0.07477639
11206, 0.07477656
11207, 0.07477672
11208, 0.07477690
11209, 0.07477706
11210, 0.07477724
11211, 0.07477741
11212, 0.07477757
11213, 0.07477774
11214, 0.07477792
11215, 0.07477808
11216, 0.07477826
11217, 0.07477842
11218, 0.07477861
11219, 0.07478078
11220, 0.07478097
11221, 0.07478114
11222, 0.07478132
11223, 0.07478149
11224, 0.07478166
11225, 0.07478183
11226, 0.07478201
11227, 0.07478219
11228, 0.07478236
11229, 0.07478253
11230, 0.07478270
11231, 0.07478287
11232, 0.07478304
11233, 0.07478321
11234, 0.07478338
11235, 0.07478355
11236, 0.07478372
11237, 0.07478390
11238, 0.07478407
11239, 0.07478424
11240, 0.07478441
11241, 0.07478458
11242, 0.07478475
11243, 0.07478492
11244, 0.07478509
11245, 0.07478526
11246, 0.07478543
11247, 0.07478560
11248, 0.07478577
11249, 0.07478594
11250, 0.07478611
11251, 0.07478628
11252, 0.07478646
11253, 0.07478663
11254, 0.07478680
11255, 0.07478697
11256, 0.07478714
11257, 0.07478731
11258, 0.07478748
11259, 0.07478766
11260, 0.07478783
11261, 0.07478800
11262, 0.07478819
11263, 0.07478836
11264, 0.07478853
11265, 0.07478869
11266, 0.07478886
11267, 0.07478903
11268, 0.07478920
11269, 0.07478937
11270, 0.07478954
11271, 0.07478978
11272, 0.07478995
11273, 0.07479012
11274, 0.07479028
11275, 0.07479045
11276, 0.07479062
11277, 0.07479079
11278, 0.07479096
11279, 0.07479119
11280, 0.07479136
11281, 0.07479153
11282, 0.07479170
11283, 0.07479187
11284, 0.07479204
11285, 0.07479220
11286, 0.07479237
11287, 0.07479262
11288, 0.07479279
11289, 0.07479296
11290, 0.07479313
11291, 0.07479330
11292, 0.07479347
11293, 0.07479363
11294, 0.07479380
11295, 0.07479404
11296, 0.07479421
11297, 0.07479438
11298, 0.07479455
11299, 0.07479471
11300, 0.07479488
11301, 0.07479505
11302, 0.07479522
11303, 0.07479546
11304, 0.07479563
11305, 0.07479579
11306, 0.07479597
11307, 0.07479613
11308, 0.07479630
11309, 0.07479647
11310, 0.07479663
11311, 0.07479688
11312, 0.07479705
11313, 0.07479721
11314, 0.07479738
11315, 0.07479755
11316, 0.07479772
11317, 0.07479789
11318, 0.07479806
11319, 0.07479830
11320, 0.07479847
11321, 0.07479864
11322, 0.07479880
11323, 0.07479897
11324, 0.07479914
11325, 0.07479931
11326, 0.07479948
11327, 0.07479972
11328, 0.07479988
11329, 0.07480005
11330, 0.07480022
11331, 0.07480039
11332, 0.07480056
11333, 0.07480073
11334, 0.07480090
11335, 0.07480106
11336, 0.07480124
11337, 0.07480141
11338, 0.07480157
11339, 0.07480174
11340, 0.07480191
11341, 0.07480208
11342, 0.07480225
11343, 0.07480242
11344, 0.07480260
11345, 0.07480480
11346, 0.07480498
11347, 0.07480515
11348, 0.07480533
11349, 0.07480550
11350, 0.07480567
11351, 0.07480584
11352, 0.07480601
11353, 0.07480619
11354, 0.07480636
11355, 0.07480653
11356, 0.07480670
11357, 0.07480687
11358, 0.07480705
11359, 0.07480722
11360, 0.07480739
11361, 0.07480756
11362, 0.07480773
11363, 0.07480791
11364, 0.07480808
11365, 0.07480825
11366, 0.07480842
11367, 0.07480859
11368, 0.07480876
11369, 0.07480893
11370, 0.07480910
11371, 0.07480927
11372, 0.07480944
11373, 0.07480961
11374, 0.07480978
11375, 0.07480995
11376, 0.07481012
11377, 0.07481029
11378, 0.07481046
11379, 0.07481063
11380, 0.07481080
11381, 0.07481097
11382, 0.07481114
11383, 0.07481131
11384, 0.07481148
11385, 0.07481165
11386, 0.07481182
11387, 0.07481199
11388, 0.07481216
11389, 0.07481233
11390, 0.07481250
11391, 0.07481267
11392, 0.07481283
11393, 0.07481300
11394, 0.07481316
11395, 0.07481333
11396, 0.07481350
11397, 0.07481366
11398, 0.07481383
11399, 0.07481400
11400, 0.07481417
11401, 0.07481433
11402, 0.07481450
11403, 0.07481467
11404, 0.07481484
11405, 0.07481500
11406, 0.07481517
11407, 0.07481534
11408, 0.07481550
11409, 0.07481567
11410, 0.07481584
11411, 0.07481600
11412, 0.07481617
11413, 0.07481634
11414, 0.07481650
11415, 0.07481667
11416, 0.07481684
11417, 0.07481701
11418, 0.07481717
11419, 0.07481734
11420, 0.07481751
11421, 0.07481768
11422, 0.07481784
11423, 0.07481801
11424, 0.07481818
11425, 0.07481835
11426, 0.07481851
11427, 0.07481868
11428, 0.07481885
11429, 0.07481901
11430, 0.07481918
11431, 0.07481935
11432, 0.07481951
11433, 0.07481968
11434, 0.07481985
11435, 0.07482002
11436, 0.07482019
11437, 0.07482036
11438, 0.07482052
11439, 0.07482070
11440, 0.07482087
11441, 0.07482104
11442, 0.07482121
11443, 0.07482137
11444, 0.07482154
11445, 0.07482171
11446, 0.07482188
11447, 0.07482205
11448, 0.07482222
11449, 0.07482239
11450, 0.07482256
11451, 0.07482273
11452, 0.07482290
11453, 0.07482308
11454, 0.07482325
11455, 0.07482342
11456, 0.07482358
11457, 0.07482376
11458, 0.07482393
11459, 0.07482410
11460, 0.07482427
11461, 0.07482444
11462, 0.07482461
11463, 0.07482478
11464, 0.07482495
11465, 0.07482512
11466, 0.07482529
11467, 0.07482546
11468, 0.07482563
11469, 0.07482580
11470, 0.07482599
11471, 0.07482845
11472, 0.07482863
11473, 0.07482879
11474, 0.07482896
11475, 0.07482913
11476, 0.07482930
11477, 0.07482947
11478, 0.07482963
11479, 0.07482980
11480, 0.07482997
11481, 0.07483014
11482, 0.07483031
11483, 0.07483049
11484, 0.07483067
11485, 0.07483084
11486, 0.07483102
11487, 0.07483120
11488, 0.07483137
11489, 0.07483154
11490, 0.07483171
11491, 0.07483188
11492, 0.07483204
11493, 0.07483221
11494, 0.07483238
11495, 0.07483255
11496, 0.07483271
11497, 0.07483288
11498, 0.07483305
11499, 0.07483322
11500, 0.07483339
11501, 0.07483355
11502, 0.07483372
11503, 0.07483389
11504, 0.07483406
11505, 0.07483422
11506, 0.07483439
11507, 0.07483456
11508, 0.07483473
11509, 0.07483489
11510, 0.07483506
11511, 0.07483522
11512, 0.07483539
11513, 0.07483556
11514, 0.07483573
11515, 0.07483589
11516, 0.07483606
11517, 0.07483623
11518, 0.07483640
11519, 0.07483657
11520, 0.07483673
11521, 0.07483690
11522, 0.07483707
11523, 0.07483723
11524, 0.07483740
11525, 0.07483757
11526, 0.07483773
11527, 0.07483790
11528, 0.07483807
11529, 0.07483823
11530, 0.07483840
11531, 0.07483857
11532, 0.07483874
11533, 0.07483890
11534, 0.07483907
11535, 0.07483924
11536, 0.07483940
11537, 0.07483957
11538, 0.07483974
11539, 0.07483990
11540, 0.07484007
11541, 0.07484024
11542, 0.07484041
11543, 0.07484057
11544, 0.07484074
11545, 0.07484090
11546, 0.07484107
11547, 0.07484124
11548, 0.07484141
11549, 0.07484157
11550, 0.07484174
11551, 0.07484191
11552, 0.07484208
11553, 0.07484224
11554, 0.07484241
11555, 0.07484258
11556, 0.07484274
11557, 0.07484291
11558, 0.07484308
11559, 0.07484324
11560, 0.07484341
11561, 0.07484358
11562, 0.07484375
11563, 0.07484392
11564, 0.07484409
11565, 0.07484426
11566, 0.07484443
11567, 0.07484460
11568, 0.07484477
11569, 0.07484494
11570, 0.07484512
11571, 0.07484529
11572, 0.07484546
11573, 0.07484562
11574, 0.07484580
11575, 0.07484597
11576, 0.07484614
11577, 0.07484631
11578, 0.07484648
11579, 0.07484664
11580, 0.07484681
11581, 0.07484698
11582, 0.07484714
11583, 0.07484731
11584, 0.07484748
11585, 0.07484765
11586, 0.07484781
11587, 0.07484798
11588, 0.07484815
11589, 0.07484831
11590, 0.07484848
11591, 0.07484865
11592, 0.07484881
11593, 0.07484898
11594, 0.07484915
11595, 0.07484931
11596, 0.07484949
11597, 0.07485163
11598, 0.07485181
11599, 0.07485198
11600, 0.07485215
11601, 0.07485232
11602, 0.07485249
11603, 0.07485265
11604, 0.07485282
11605, 0.07485299
11606, 0.07485316
11607, 0.07485333
11608, 0.07485350
11609, 0.07485366
11610, 0.07485383
11611, 0.07485400
11612, 0.07485417
11613, 0.07485434
11614, 0.07485451
11615, 0.07485468
11616, 0.07485485
11617, 0.07485502
11618, 0.07485519
11619, 0.07485535
11620, 0.07485552
11621, 0.07485569
11622, 0.07485586
11623, 0.07485603
11624, 0.07485620
11625, 0.07485637
11626, 0.07485654
11627, 0.07485671
11628, 0.07485688
11629, 0.07485705
11630, 0.07485722
11631, 0.07485739
11632, 0.07485756
11633, 0.07485772
11634, 0.07485789
11635, 0.07485806
11636, 0.07485823
11637, 0.07485840
11638, 0.07485857
11639, 0.07485874
11640, 0.07485891
11641, 0.07485909
11642, 0.07485926
11643, 0.07485944
11644, 0.07485960
11645, 0.07485978
11646, 0.07485995
11647, 0.07486012
11648, 0.07486030
11649, 0.07486047
11650, 0.07486064
11651, 0.07486081
11652, 0.07486098
11653, 0.07486115
11654, 0.07486132
11655, 0.07486150
11656, 0.07486167
11657, 0.07486184
11658, 0.07486201
11659, 0.07486218
11660, 0.07486235
11661, 0.07486252
11662, 0.07486269
11663, 0.07486286
11664, 0.07486304
11665, 0.07486321
11666, 0.07486338
11667, 0.07486355
11668, 0.07486372
11669, 0.07486389
11670, 0.07486407
11671, 0.07486424
11672, 0.07486441
11673, 0.07486458
11674, 0.07486475
11675, 0.07486492
11676, 0.07486510
11677, 0.07486527
11678, 0.07486544
11679, 0.07486561
11680, 0.07486578
11681, 0.07486595
11682, 0.07486612
11683, 0.07486629
11684, 0.07486646
11685, 0.07486662
11686, 0.07486679
11687, 0.07486696
11688, 0.07486713
11689, 0.07486731
11690, 0.07486748
11691, 0.07486765
11692, 0.07486782
11693, 0.07486800
11694, 0.07486817
11695, 0.07486834
11696, 0.07486851
11697, 0.07486868
11698, 0.07486885
11699, 0.07486902
11700, 0.07486920
11701, 0.07486937
11702, 0.07486954
11703, 0.07486971
11704, 0.07486988
11705, 0.07487006
11706, 0.07487023
11707, 0.07487040
11708, 0.07487057
11709, 0.07487074
11710, 0.07487092
11711, 0.07487109
11712, 0.07487126
11713, 0.07487143
11714, 0.07487160
11715, 0.07487178
11716, 0.07487195
11717, 0.07487212
11718, 0.07487229
11719, 0.07487246
11720, 0.07487263
11721, 0.07487281
11722, 0.07487299
11723, 0.07487517
11724, 0.07487536
11725, 0.07487554
11726, 0.07487571
11727, 0.07487588
11728, 0.07487605
11729, 0.07487622
11730, 0.07487640
11731, 0.07487657
11732, 0.07487674
11733, 0.07487691
11734, 0.07487709
11735, 0.07487726
11736, 0.07487743
11737, 0.07487760
11738, 0.07487778
11739, 0.07487795
11740, 0.07487812
11741, 0.07487829
11742, 0.07487846
11743, 0.07487863
11744, 0.07487881
11745, 0.07487899
11746, 0.07487916
11747, 0.07487933
11748, 0.07487950
11749, 0.07487968
11750, 0.07487985
11751, 0.07488003
11752, 0.07488020
11753, 0.07488037
11754, 0.07488054
11755, 0.07488071
11756, 0.07488089
11757, 0.07488106
11758, 0.07488123
11759, 0.07488140
11760, 0.07488158
11761, 0.07488175
11762, 0.07488192
11763, 0.07488210
11764, 0.07488227
11765, 0.07488244
11766, 0.07488261
11767, 0.07488278
11768, 0.07488295
11769, 0.07488312
11770, 0.07488329
11771, 0.07488346
11772, 0.07488364
11773, 0.07488381
11774, 0.07488398
11775, 0.07488415
11776, 0.07488433
11777, 0.07488450
11778, 0.07488467
11779, 0.07488484
11780, 0.07488501
11781, 0.07488518
11782, 0.07488535
11783, 0.07488559
11784, 0.07488577
11785, 0.07488594
11786, 0.07488611
11787, 0.07488629
11788, 0.07488646
11789, 0.07488663
11790, 0.07488680
11791, 0.07488704
11792, 0.07488722
11793, 0.07488739
11794, 0.07488756
11795, 0.07488773
11796, 0.07488791
11797, 0.07488808
11798, 0.07488825
11799, 0.07488850
11800, 0.07488867
11801, 0.07488884
11802, 0.07488901
11803, 0.07488918
11804, 0.07488935
11805, 0.07488952
11806, 0.07488970
11807, 0.07488995
11808, 0.07489012
11809, 0.07489031
11810, 0.07489048
11811, 0.07489065
11812, 0.07489082
11813, 0.07489099
11814, 0.07489116
11815, 0.07489141
11816, 0.07489158
11817, 0.07489175
11818, 0.07489192
11819, 0.07489209
11820, 0.07489226
11821, 0.07489242
11822, 0.07489259
11823, 0.07489284
11824, 0.07489300
11825, 0.07489317
11826, 0.07489334
11827, 0.07489350
11828, 0.07489367
11829, 0.07489384
11830, 0.07489400
11831, 0.07489425
11832, 0.07489442
11833, 0.07489458
11834, 0.07489475
11835, 0.07489492
11836, 0.07489509
11837, 0.07489526
11838, 0.07489543
11839, 0.07489567
11840, 0.07489583
11841, 0.07489600
11842, 0.07489617
11843, 0.07489633
11844, 0.07489650
11845, 0.07489667
11846, 0.07489684
11847, 0.07489701
11848, 0.07489719
11849, 0.07489931
11850, 0.07489951
11851, 0.07489969
11852, 0.07489987
11853, 0.07490005
11854, 0.07490022
11855, 0.07490039
11856, 0.07490056
11857, 0.07490072
11858, 0.07490089
11859, 0.07490106
11860, 0.07490123
11861, 0.07490140
11862, 0.07490157
11863, 0.07490174
11864, 0.07490190
11865, 0.07490207
11866, 0.07490224
11867, 0.07490241
11868, 0.07490258
11869, 0.07490274
11870, 0.07490291
11871, 0.07490308
11872, 0.07490324
11873, 0.07490341
11874, 0.07490358
11875, 0.07490375
11876, 0.07490391
11877, 0.07490408
11878, 0.07490425
11879, 0.07490442
11880, 0.07490458
11881, 0.07490475
11882, 0.07490492
11883, 0.07490509
11884, 0.07490525
11885, 0.07490542
11886, 0.07490559
11887, 0.07490575
11888, 0.07490592
11889, 0.07490609
11890, 0.07490626
11891, 0.07490643
11892, 0.07490659
11893, 0.07490676
11894, 0.07490693
11895, 0.07490710
11896, 0.07490727
11897, 0.07490743
11898, 0.07490760
11899, 0.07490777
11900, 0.07490793
11901, 0.07490810
11902, 0.07490827
11903, 0.07490844
11904, 0.07490860
11905, 0.07490877
11906, 0.07490894
11907, 0.07490911
11908, 0.07490927
11909, 0.07490944
11910, 0.07490961
11911, 0.07490978
11912, 0.07490995
11913, 0.07491011
11914, 0.07491028
11915, 0.07491045
11916, 0.07491061
11917, 0.07491078
11918, 0.07491095
11919, 0.07491111
11920, 0.07491128
11921, 0.07491145
11922, 0.07491162
11923, 0.07491179
11924, 0.07491195
11925, 0.07491212
11926, 0.07491228
11927, 0.07491245
11928, 0.07491262
11929, 0.07491279
11930, 0.07491296
11931, 0.07491313
11932, 0.07491329
11933, 0.07491346
11934, 0.07491363
11935, 0.07491380
11936, 0.07491396
11937, 0.07491413
11938, 0.07491430
11939, 0.07491447
11940, 0.07491463
11941, 0.07491480
11942, 0.07491497
11943, 0.07491514
11944, 0.07491531
11945, 0.07491548
11946, 0.07491565
11947, 0.07491582
11948, 0.07491599
11949, 0.07491616
11950, 0.07491633
11951, 0.07491650
11952, 0.07491667
11953, 0.07491684
11954, 0.07491701
11955, 0.07491718
11956, 0.07491735
11957, 0.07491752
11958, 0.07491769
11959, 0.07491786
11960, 0.07491803
11961, 0.07491820
11962, 0.07491837
11963, 0.07491854
11964, 0.07491871
11965, 0.07491888
11966, 0.07491905
11967, 0.07491922
11968, 0.07491939
11969, 0.07491956
11970, 0.07491973
11971, 0.07491990
11972, 0.07492008
11973, 0.07492025
11974, 0.07492043
11975, 0.07492263
11976, 0.07492282
11977, 0.07492299
11978, 0.07492316
11979, 0.07492333
11980, 0.07492350
11981, 0.07492367
11982, 0.07492384
11983, 0.07492401
11984, 0.07492419
11985, 0.07492436
11986, 0.07492453
11987, 0.07492470
11988, 0.07492487
11989, 0.07492504
11990, 0.07492521
11991, 0.07492538
11992, 0.07492555
11993, 0.07492572
11994, 0.07492588
11995, 0.07492605
11996, 0.07492622
11997, 0.07492639
11998, 0.07492656
11999, 0.07492673
12000, 0.07492689
12001, 0.07492706
12002, 0.07492723
12003, 0.07492739
12004, 0.07492756
12005, 0.07492773
12006, 0.07492790
12007, 0.07492807
12008, 0.07492823
12009, 0.07492840
12010, 0.07492857
12011, 0.07492874
12012, 0.07492890
12013, 0.07492907
12014, 0.07492924
12015, 0.07492941
12016, 0.07492957
12017, 0.07492974
12018, 0.07492991
12019, 0.07493008
12020, 0.07493025
12021, 0.07493042
12022, 0.07493058
12023, 0.07493075
12024, 0.07493092
12025, 0.07493108
12026, 0.07493125
12027, 0.07493142
12028, 0.07493159
12029, 0.07493176
12030, 0.07493192
12031, 0.07493209
12032, 0.07493226
12033, 0.07493243
12034, 0.07493259
12035, 0.07493276
12036, 0.07493293
12037, 0.07493310
12038, 0.07493326
12039, 0.07493343
12040, 0.07493360
12041, 0.07493376
12042, 0.07493393
12043, 0.07493410
12044, 0.07493426
12045, 0.07493443
12046, 0.07493460
12047, 0.07493477
12048, 0.07493494
12049, 0.07493510
12050, 0.07493527
12051, 0.07493544
12052, 0.07493560
12053, 0.07493577
12054, 0.07493594
12055, 0.07493611
12056, 0.07493627
12057, 0.07493644
12058, 0.07493661
12059, 0.07493678
12060, 0.07493694
12061, 0.07493711
12062, 0.07493728
12063, 0.07493744
12064, 0.07493761
12065, 0.07493779
12066, 0.07493796
12067, 0.07493813
12068, 0.07493832
12069, 0.07493848
12070, 0.07493865
12071, 0.07493882
12072, 0.07493899
12073, 0.07493916
12074, 0.07493933
12075, 0.07493950
12076, 0.07493967
12077, 0.07493984
12078, 0.07494001
12079, 0.07494017
12080, 0.07494034
12081, 0.07494051
12082, 0.07494068
12083, 0.07494086
12084, 0.07494102
12085, 0.07494119
12086, 0.07494136
12087, 0.07494153
12088, 0.07494170
12089, 0.07494187
12090, 0.07494204
12091, 0.07494221
12092, 0.07494238
12093, 0.07494255
12094, 0.07494272
12095, 0.07494289
12096, 0.07494305
12097, 0.07494323
12098, 0.07494339
12099, 0.07494356
12100, 0.07494375
12101, 0.07495158
12102, 0.07495178
12103, 0.07495196
12104, 0.07495214
12105, 0.07495231
12106, 0.07495248
12107, 0.07495265
12108, 0.07495282
12109, 0.07495299
12110, 0.07495317
12111, 0.07495334
12112, 0.07495351
12113, 0.07495368
12114, 0.07495385
12115, 0.07495402
12116, 0.07495419
12117, 0.07495436
12118, 0.07495454
12119, 0.07495471
12120, 0.07495487
12121, 0.07495504
12122, 0.07495522
12123, 0.07495539
12124, 0.07495556
12125, 0.07495573
12126, 0.07495590
12127, 0.07495608
12128, 0.07495625
12129, 0.07495642
12130, 0.07495659
12131, 0.07495676
12132, 0.07495693
12133, 0.07495710
12134, 0.07495727
12135, 0.07495744
12136, 0.07495761
12137, 0.07495778
12138, 0.07495795
12139, 0.07495812
12140, 0.07495829
12141, 0.07495846
12142, 0.07495863
12143, 0.07495880
12144, 0.07495897
12145, 0.07495914
12146, 0.07495931
12147, 0.07495948
12148, 0.07495965
12149, 0.07495982
12150, 0.07495999
12151, 0.07496016
12152, 0.07496033
12153, 0.07496050
12154, 0.07496067
12155, 0.07496084
12156, 0.07496102
12157, 0.07496119
12158, 0.07496136
12159, 0.07496153
12160, 0.07496170
12161, 0.07496187
12162, 0.07496204
12163, 0.07496221
12164, 0.07496238
12165, 0.07496256
12166, 0.07496273
12167, 0.07496290
12168, 0.07496307
12169, 0.07496324
12170, 0.07496341
12171, 0.07496358
12172, 0.07496375
12173, 0.07496392
12174, 0.07496410
12175, 0.07496426
12176, 0.07496444
12177, 0.07496461
12178, 0.07496478
12179, 0.07496495
12180, 0.07496512
12181, 0.07496529
12182, 0.07496546
12183, 0.07496563
12184, 0.07496580
12185, 0.07496597
12186, 0.07496614
12187, 0.07496632
12188, 0.07496649
12189, 0.07496666
12190, 0.07496683
12191, 0.07496700
12192, 0.07496717
12193, 0.07496734
12194, 0.07496751
12195, 0.07496768
12196, 0.07496785
12197, 0.07496802
12198, 0.07496819
12199, 0.07496836
12200, 0.07496854
12201, 0.07496871
12202, 0.07496888
12203, 0.07496905
12204, 0.07496922
12205, 0.07496939
12206, 0.07496956
12207, 0.07496973
12208, 0.07496990
12209, 0.07497007
12210, 0.07497024
12211, 0.07497041
12212, 0.07497058
12213, 0.07497076
12214, 0.07497113
12215, 0.07497130
12216, 0.07497147
12217, 0.07497164
12218, 0.07497181
12219, 0.07497198
12220, 0.07497215
12221, 0.07497232
12222, 0.07497249
12223, 0.07497266
12224, 0.07497283
12225, 0.07497300
12226, 0.07497319
12227, 0.07497570
12228, 0.07497592
12229, 0.07497610
12230, 0.07497628
12231, 0.07497645
12232, 0.07497661
12233, 0.07497679
12234, 0.07497697
12235, 0.07497715
12236, 0.07497733
12237, 0.07497750
12238, 0.07497768
12239, 0.07497786
12240, 0.07497803
12241, 0.07497820
12242, 0.07497836
12243, 0.07497853
12244, 0.07497870
12245, 0.07497887
12246, 0.07497903
12247, 0.07497920
12248, 0.07497937
12249, 0.07497954
12250, 0.07497970
12251, 0.07497987
12252, 0.07498004
12253, 0.07498021
12254, 0.07498038
12255, 0.07498055
12256, 0.07498071
12257, 0.07498088
12258, 0.07498105
12259, 0.07498122
12260, 0.07498139
12261, 0.07498156
12262, 0.07498172
12263, 0.07498189
12264, 0.07498206
12265, 0.07498223
12266, 0.07498240
12267, 0.07498257
12268, 0.07498273
12269, 0.07498290
12270, 0.07498307
12271, 0.07498324
12272, 0.07498340
12273, 0.07498357
12274, 0.07498374
12275, 0.07498391
12276, 0.07498408
12277, 0.07498424
12278, 0.07498441
12279, 0.07498464
12280, 0.07498481
12281, 0.07498497
12282, 0.07498514
12283, 0.07498531
12284, 0.07498548
12285, 0.07498565
12286, 0.07498581
12287, 0.07498606
12288, 0.07498623
12289, 0.07498639
12290, 0.07498656
12291, 0.07498673
12292, 0.07498690
12293, 0.07498707
12294, 0.07498723
12295, 0.07498740
12296, 0.07498757
12297, 0.07498774
12298, 0.07498790
12299, 0.07498807
12300, 0.07498824
12301, 0.07498841
12302, 0.07498858
12303, 0.07498874
12304, 0.07498891
12305, 0.07498908
12306, 0.07498925
12307, 0.07498941
12308, 0.07498958
12309, 0.07498975
12310, 0.07498992
12311, 0.07499009
12312, 0.07499025
12313, 0.07499042
12314, 0.07499059
12315, 0.07499076
12316, 0.07499093
12317, 0.07499110
12318, 0.07499126
12319, 0.07499143
12320, 0.07499160
12321, 0.07499177
12322, 0.07499194
12323, 0.07499211
12324, 0.07499227
12325, 0.07499244
12326, 0.07499261
12327, 0.07499278
12328, 0.07499295
12329, 0.07499311
12330, 0.07499328
12331, 0.07499345
12332, 0.07499362
12333, 0.07499379
12334, 0.07499396
12335, 0.07499413
12336, 0.07499429
12337, 0.07499446
12338, 0.07499463
12339, 0.07499480
12340, 0.07499497
12341, 0.07499513
12342, 0.07499530
12343, 0.07499547
12344, 0.07499564
12345, 0.07499580
12346, 0.07499597
12347, 0.07499614
12348, 0.07499631
12349, 0.07499648
12350, 0.07499664
12351, 0.07499681
12352, 0.07499699
12353, 0.07499997
12354, 0.07500017
12355, 0.07500035
12356, 0.07500053
12357, 0.07500071
12358, 0.07500088
12359, 0.07500105
12360, 0.07500122
12361, 0.07500139
12362, 0.07500156
12363, 0.07500173
12364, 0.07500189
12365, 0.07500206
12366, 0.07500223
12367, 0.07500240
12368, 0.07500257
12369, 0.07500273
12370, 0.07500290
12371, 0.07500307
12372, 0.07500324
12373, 0.07500340
12374, 0.07500357
12375, 0.07500374
12376, 0.07500391
12377, 0.07500408
12378, 0.07500424
12379, 0.07500441
12380, 0.07500458
12381, 0.07500475
12382, 0.07500491
12383, 0.07500508
12384, 0.07500525
12385, 0.07500542
12386, 0.07500558
12387, 0.07500575
12388, 0.07500592
12389, 0.07500609
12390, 0.07500625
12391, 0.07500642
12392, 0.07500659
12393, 0.07500676
12394, 0.07500693
12395, 0.07500710
12396, 0.07500726
12397, 0.07500743
12398, 0.07500760
12399, 0.07500777
12400, 0.07500793
12401, 0.07500810
12402, 0.07500827
12403, 0.07500844
12404, 0.07500860
12405, 0.07500877
12406, 0.07500894
12407, 0.07500911
12408, 0.07500927
12409, 0.07500944
12410, 0.07500961
12411, 0.07500978
12412, 0.07500994
12413, 0.07501011
12414, 0.07501028
12415, 0.07501045
12416, 0.07501061
12417, 0.07501078
12418, 0.07501095
12419, 0.07501112
12420, 0.07501129
12421, 0.07501145
12422, 0.07501162
12423, 0.07501179
12424, 0.07501196
12425, 0.07501213
12426, 0.07501229
12427, 0.07501246
12428, 0.07501263
12429, 0.07501280
12430, 0.07501296
12431, 0.07501313
12432, 0.07501330
12433, 0.07501347
12434, 0.07501364
12435, 0.07501380
12436, 0.07501397
12437, 0.07501414
12438, 0.07501431
12439, 0.07501447
12440, 0.07501464
12441, 0.07501481
12442, 0.07501498
12443, 0.07501514
12444, 0.07501531
12445, 0.07501548
12446, 0.07501565
12447, 0.07501582
12448, 0.07501599
12449, 0.07501616
12450, 0.07501633
12451, 0.07501650
12452, 0.07501667
12453, 0.07501683
12454, 0.07501700
12455, 0.07501717
12456, 0.07501734
12457, 0.07501750
12458, 0.07501767
12459, 0.07501784
12460, 0.07501801
12461, 0.07501818
12462, 0.07501834
12463, 0.07501851
12464, 0.07501868
12465, 0.07501885
12466, 0.07501901
12467, 0.07501918
12468, 0.07501935
12469, 0.07501952
12470, 0.07501968
12471, 0.07501985
12472, 0.07502002
12473, 0.07502019
12474, 0.07502036
12475, 0.07502052
12476, 0.07502069
12477, 0.07502086
12478, 0.07502104
12479, 0.07502328
12480, 0.07502348
12481, 0.07502366
12482, 0.07502383
12483, 0.07502400
12484, 0.07502417
12485, 0.07502434
12486, 0.07502451
12487, 0.07502468
12488, 0.07502485
12489, 0.07502502
12490, 0.07502519
12491, 0.07502536
12492, 0.07502553
12493, 0.07502570
12494, 0.07502587
12495, 0.07502603
12496, 0.07502620
12497, 0.07502637
12498, 0.07502654
12499, 0.07502670
12500, 0.07502688
12501, 0.07502705
12502, 0.07502722
12503, 0.07502739
12504, 0.07502755
12505, 0.07502772
12506, 0.07502789
12507, 0.07502806
12508, 0.07502823
12509, 0.07502840
12510, 0.07502857
12511, 0.07502874
12512, 0.07502891
12513, 0.07502908
12514, 0.07502925
12515, 0.07502942
12516, 0.07502959
12517, 0.07502975
12518, 0.07502992
12519, 0.07503009
12520, 0.07503026
12521, 0.07503043
12522, 0.07503060
12523, 0.07503077
12524, 0.07503095
12525, 0.07503112
12526, 0.07503129
12527, 0.07503146
12528, 0.07503163
12529, 0.07503180
12530, 0.07503197
12531, 0.07503213
12532, 0.07503231
12533, 0.07503248
12534, 0.07503264
12535, 0.07503281
12536, 0.07503298
12537, 0.07503315
12538, 0.07503332
12539, 0.07503349
12540, 0.07503366
12541, 0.07503382
12542, 0.07503399
12543, 0.07503416
12544, 0.07503433
12545, 0.07503450
12546, 0.07503467
12547, 0.07503484
12548, 0.07503500
12549, 0.07503517
12550, 0.07503534
12551, 0.07503553
12552, 0.07503570
12553, 0.07503586
12554, 0.07503603
12555, 0.07503620
12556, 0.07503637
12557, 0.07503654
12558, 0.07503671
12559, 0.07503688
12560, 0.07503705
12561, 0.07503722
12562, 0.07503739
12563, 0.07503756
12564, 0.07503773
12565, 0.07503789
12566, 0.07503808
12567, 0.07503825
12568, 0.07503842
12569, 0.07503858
12570, 0.07503875
12571, 0.07503892
12572, 0.07503909
12573, 0.07503926
12574, 0.07503943
12575, 0.07503960
12576, 0.07503977
12577, 0.07503994
12578, 0.07504011
12579, 0.07504028
12580, 0.07504047
12581, 0.07504064
12582, 0.07504081
12583, 0.07504098
12584, 0.07504115
12585, 0.07504132
12586, 0.07504149
12587, 0.07504166
12588, 0.07504184
12589, 0.07504203
12590, 0.07504220
12591, 0.07504237
12592, 0.07504254
12593, 0.07504271
12594, 0.07504288
12595, 0.07504305
12596, 0.07504322
12597, 0.07504338
12598, 0.07504355
12599, 0.07504372
12600, 0.07504389
12601, 0.07504406
12602, 0.07504423
12603, 0.07504440
12604, 0.07504458
12605, 0.07504672
12606, 0.07504692
12607, 0.07504710
12608, 0.07504727
12609, 0.07504744
12610, 0.07504761
12611, 0.07504777
12612, 0.07504794
12613, 0.07504811
12614, 0.07504828
12615, 0.07504845
12616, 0.07504862
12617, 0.07504878
12618, 0.07504895
12619, 0.07504912
12620, 0.07504929
12621, 0.07504946
12622, 0.07504963
12623, 0.07504980
12624, 0.07504997
12625, 0.07505014
12626, 0.07505031
12627, 0.07505048
12628, 0.07505065
12629, 0.07505082
12630, 0.07505099
12631, 0.07505116
12632, 0.07505133
12633, 0.07505150
12634, 0.07505167
12635, 0.07505184
12636, 0.07505201
12637, 0.07505218
12638, 0.07505235
12639, 0.07505252
12640, 0.07505269
12641, 0.07505286
12642, 0.07505302
12643, 0.07505319
12644, 0.07505336
12645, 0.07505353
12646, 0.07505370
12647, 0.07505387
12648, 0.07505404
12649, 0.07505421
12650, 0.07505438
12651, 0.07505455
12652, 0.07505472
12653, 0.07505489
12654, 0.07505506
12655, 0.07505523
12656, 0.07505540
12657, 0.07505556
12658, 0.07505574
12659, 0.07505591
12660, 0.07505607
12661, 0.07505624
12662, 0.07505642
12663, 0.07505658
12664, 0.07505675
12665, 0.07505692
12666, 0.07505709
12667, 0.07505726
12668, 0.07505743
12669, 0.07505760
12670, 0.07505777
12671, 0.07505794
12672, 0.07505811
12673, 0.07505828
12674, 0.07505845
12675, 0.07505862
12676, 0.07505879
12677, 0.07505896
12678, 0.07505913
12679, 0.07505932
12680, 0.07505949
12681, 0.07505966
12682, 0.07505983
12683, 0.07506000
12684, 0.07506017
12685, 0.07506034
12686, 0.07506051
12687, 0.07506067
12688, 0.07506084
12689, 0.07506101
12690, 0.07506118
12691, 0.07506135
12692, 0.07506152
12693, 0.07506169
12694, 0.07506186
12695, 0.07506203
12696, 0.07506220
12697, 0.07506237
12698, 0.07506254
12699, 0.07506271
12700, 0.07506288
12701, 0.07506305
12702, 0.07506322
12703, 0.07506339
12704, 0.07506356
12705, 0.07506373
12706, 0.07506390
12707, 0.07506407
12708, 0.07506424
12709, 0.07506441
12710, 0.07506457
12711, 0.07506475
12712, 0.07506492
12713, 0.07506509
12714, 0.07506526
12715, 0.07506543
12716, 0.07506559
12717, 0.07506577
12718, 0.07506593
12719, 0.07506610
12720, 0.07506627
12721, 0.07506644
12722, 0.07506662
12723, 0.07506678
12724, 0.07506695
12725, 0.07506712
12726, 0.07506729
12727, 0.07506746
12728, 0.07506762
12729, 0.07506779
12730, 0.07506797
12731, 0.07507007
12732, 0.07507027
12733, 0.07507044
12734, 0.07507062
12735, 0.07507079
12736, 0.07507097
12737, 0.07507114
12738, 0.07507131
12739, 0.07507149
12740, 0.07507166
12741, 0.07507183
12742, 0.07507201
12743, 0.07507218
12744, 0.07507235
12745, 0.07507252
12746, 0.07507270
12747, 0.07507287
12748, 0.07507304
12749, 0.07507321
12750, 0.07507338
12751, 0.07507356
12752, 0.07507373
12753, 0.07507390
12754, 0.07507407
12755, 0.07507424
12756, 0.07507441
12757, 0.07507458
12758, 0.07507475
12759, 0.07507493
12760, 0.07507510
12761, 0.07507527
12762, 0.07507544
12763, 0.07507561
12764, 0.07507580
12765, 0.07507597
12766, 0.07507614
12767, 0.07507633
12768, 0.07507650
12769, 0.07507668
12770, 0.07507685
12771, 0.07507702
12772, 0.07507719
12773, 0.07507736
12774, 0.07507753
12775, 0.07507771
12776, 0.07507788
12777, 0.07507805
12778, 0.07507822
12779, 0.07507839
12780, 0.07507856
12781, 0.07507874
12782, 0.07507891
12783, 0.07507908
12784, 0.07507925
12785, 0.07507944
12786, 0.07507961
12787, 0.07507978
12788, 0.07507995
12789, 0.07508013
12790, 0.07508030
12791, 0.07508047
12792, 0.07508064
12793, 0.07508081
12794, 0.07508098
12795, 0.07508115
12796, 0.07508133
12797, 0.07508150
12798, 0.07508167
12799, 0.07508201
12800, 0.07508219
12801, 0.07508236
12802, 0.07508253
12803, 0.07508270
12804, 0.07508287
12805, 0.07508304
12806, 0.07508321
12807, 0.07508346
12808, 0.07508363
12809, 0.07508380
12810, 0.07508398
12811, 0.07508415
12812, 0.07508432
12813, 0.07508449
12814, 0.07508467
12815, 0.07508491
12816, 0.07508508
12817, 0.07508525
12818, 0.07508542
12819, 0.07508559
12820, 0.07508577
12821, 0.07508594
12822, 0.07508611
12823, 0.07508637
12824, 0.07508654
12825, 0.07508671
12826, 0.07508688
12827, 0.07508706
12828, 0.07508723
12829, 0.07508740
12830, 0.07508757
12831, 0.07508782
12832, 0.07508799
12833, 0.07508816
12834, 0.07508833
12835, 0.07508851
12836, 0.07508868
12837, 0.07508885
12838, 0.07508902
12839, 0.07508929
12840, 0.07508946
12841, 0.07508963
12842, 0.07508980
12843, 0.07508997
12844, 0.07509014
12845, 0.07509031
12846, 0.07509048
12847, 0.07509073
12848, 0.07509090
12849, 0.07509107
12850, 0.07509124
12851, 0.07509141
12852, 0.07509159
12853, 0.07509176
12854, 0.07509193
12855, 0.07509217
12856, 0.07509236
12857, 0.07509451
12858, 0.07509471
12859, 0.07509488
12860, 0.07509506
12861, 0.07509523
12862, 0.07509541
12863, 0.07509565
12864, 0.07509582
12865, 0.07509599
12866, 0.07509616
12867, 0.07509633
12868, 0.07509650
12869, 0.07509667
12870, 0.07509684
12871, 0.07509709
12872, 0.07509726
12873, 0.07509743
12874, 0.07509760
12875, 0.07509777
12876, 0.07509796
12877, 0.07509813
12878, 0.07509830
12879, 0.07509847
12880, 0.07509865
12881, 0.07509882
12882, 0.07509900
12883, 0.07509918
12884, 0.07509936
12885, 0.07509953
12886, 0.07509970
12887, 0.07509987
12888, 0.07510004
12889, 0.07510021
12890, 0.07510038
12891, 0.07510056
12892, 0.07510074
12893, 0.07510092
12894, 0.07510109
12895, 0.07510127
12896, 0.07510145
12897, 0.07510162
12898, 0.07510180
12899, 0.07510198
12900, 0.07510215
12901, 0.07510233
12902, 0.07510251
12903, 0.07510269
12904, 0.07510286
12905, 0.07510304
12906, 0.07510322
12907, 0.07510339
12908, 0.07510357
12909, 0.07510375
12910, 0.07510393
12911, 0.07510410
12912, 0.07510428
12913, 0.07510446
12914, 0.07510463
12915, 0.07510481
12916, 0.07510499
12917, 0.07510517
12918, 0.07510535
12919, 0.07510552
12920, 0.07510570
12921, 0.07510587
12922, 0.07510605
12923, 0.07510623
12924, 0.07510641
12925, 0.07510659
12926, 0.07510676
12927, 0.07510694
12928, 0.07510711
12929, 0.07510729
12930, 0.07510747
12931, 0.07510765
12932, 0.07510782
12933, 0.07510800
12934, 0.07510817
12935, 0.07510835
12936, 0.07510853
12937, 0.07510871
12938, 0.07510888
12939, 0.07510906
12940, 0.07510924
12941, 0.07510942
12942, 0.07510959
12943, 0.07510977
12944, 0.07510995
12945, 0.07511012
12946, 0.07511030
12947, 0.07511048
12948, 0.07511065
12949, 0.07511083
12950, 0.07511101
12951, 0.07511118
12952, 0.07511136
12953, 0.07511154
12954, 0.07511171
12955, 0.07511189
12956, 0.07511207
12957, 0.07511224
12958, 0.07511242
12959, 0.07511260
12960, 0.07511278
12961, 0.07511295
12962, 0.07511313
12963, 0.07511331
12964, 0.07511349
12965, 0.07511366
12966, 0.07511384
12967, 0.07511402
12968, 0.07511419
12969, 0.07511437
12970, 0.07511455
12971, 0.07511472
12972, 0.07511490
12973, 0.07511508
12974, 0.07511526
12975, 0.07511543
12976, 0.07511561
12977, 0.07511578
12978, 0.07511596
12979, 0.07511614
12980, 0.07511632
12981, 0.07511650
12982, 0.07511668
12983, 0.07511888
12984, 0.07511907
12985, 0.07511925
12986, 0.07511942
12987, 0.07511959
12988, 0.07511976
12989, 0.07511993
12990, 0.07512009
12991, 0.07512027
12992, 0.07512043
12993, 0.07512060
12994, 0.07512077
12995, 0.07512094
12996, 0.07512111
12997, 0.07512128
12998, 0.07512145
12999, 0.07512162
13000, 0.07512178
13001, 0.07512195
13002, 0.07512212
13003, 0.07512229
13004, 0.07512246
13005, 0.07512262
13006, 0.07512279
13007, 0.07512296
13008, 0.07512314
13009, 0.07512330
13010, 0.07512347
13011, 0.07512364
13012, 0.07512381
13013, 0.07512398
13014, 0.07512415
13015, 0.07512432
13016, 0.07512449
13017, 0.07512465
13018, 0.07512482
13019, 0.07512499
13020, 0.07512516
13021, 0.07512533
13022, 0.07512550
13023, 0.07512566
13024, 0.07512583
13025, 0.07512600
13026, 0.07512617
13027, 0.07512634
13028, 0.07512651
13029, 0.07512668
13030, 0.07512684
13031, 0.07512701
13032, 0.07512718
13033, 0.07512735
13034, 0.07512752
13035, 0.07512769
13036, 0.07512786
13037, 0.07512802
13038, 0.07512819
13039, 0.07512836
13040, 0.07512853
13041, 0.07512870
13042, 0.07512887
13043, 0.07512904
13044, 0.07512921
13045, 0.07512937
13046, 0.07512954
13047, 0.07512971
13048, 0.07512988
13049, 0.07513005
13050, 0.07513021
13051, 0.07513038
13052, 0.07513055
13053, 0.07513071
13054, 0.07513088
13055, 0.07513105
13056, 0.07513122
13057, 0.07513139
13058, 0.07513156
13059, 0.07513172
13060, 0.07513189
13061, 0.07513206
13062, 0.07513223
13063, 0.07513240
13064, 0.07513256
13065, 0.07513273
13066, 0.07513290
13067, 0.07513306
13068, 0.07513323
13069, 0.07513340
13070, 0.07513357
13071, 0.07513374
13072, 0.07513391
13073, 0.07513409
13074, 0.07513427
13075, 0.07513444
13076, 0.07513461
13077, 0.07513478
13078, 0.07513495
13079, 0.07513512
13080, 0.07513530
13081, 0.07513546
13082, 0.07513564
13083, 0.07513581
13084, 0.07513598
13085, 0.07513615
13086, 0.07513632
13087, 0.07513649
13088, 0.07513666
13089, 0.07513683
13090, 0.07513701
13091, 0.07513718
13092, 0.07513735
13093, 0.07513752
13094, 0.07513769
13095, 0.07513786
13096, 0.07513803
13097, 0.07513820
13098, 0.07513838
13099, 0.07513855
13100, 0.07513872
13101, 0.07513889
13102, 0.07513906
13103, 0.07513923
13104, 0.07513941
13105, 0.07513958
13106, 0.07513975
13107, 0.07513992
13108, 0.07514010
13109, 0.07514235
13110, 0.07514255
13111, 0.07514273
13112, 0.07514290
13113, 0.07514307
13114, 0.07514324
13115, 0.07514341
13116, 0.07514358
13117, 0.07514374
13118, 0.07514391
13119, 0.07514408
13120, 0.07514425
13121, 0.07514442
13122, 0.07514459
13123, 0.07514476
13124, 0.07514492
13125, 0.07514509
13126, 0.07514526
13127, 0.07514543
13128, 0.07514560
13129, 0.07514577
13130, 0.07514599
13131, 0.07514616
13132, 0.07514633
13133, 0.07514650
13134, 0.07514667
13135, 0.07514684
13136, 0.07514700
13137, 0.07514717
13138, 0.07514734
13139, 0.07514750
13140, 0.07514767
13141, 0.07514784
13142, 0.07514801
13143, 0.07514818
13144, 0.07514835
13145, 0.07514851
13146, 0.07514868
13147, 0.07514885
13148, 0.07514902
13149, 0.07514919
13150, 0.07514935
13151, 0.07514952
13152, 0.07514969
13153, 0.07514986
13154, 0.07515002
13155, 0.07515019
13156, 0.07515036
13157, 0.07515053
13158, 0.07515070
13159, 0.07515088
13160, 0.07515105
13161, 0.07515122
13162, 0.07515139
13163, 0.07515156
13164, 0.07515173
13165, 0.07515190
13166, 0.07515206
13167, 0.07515223
13168, 0.07515240
13169, 0.07515257
13170, 0.07515274
13171, 0.07515291
13172, 0.07515307
13173, 0.07515324
13174, 0.07515341
13175, 0.07515358
13176, 0.07515375
13177, 0.07515392
13178, 0.07515409
13179, 0.07515426
13180, 0.07515443
13181, 0.07515460
13182, 0.07515477
13183, 0.07515494
13184, 0.07515511
13185, 0.07515527
13186, 0.07515544
13187, 0.07515562
13188, 0.07515579
13189, 0.07515597
13190, 0.07515614
13191, 0.07515631
13192, 0.07515648
13193, 0.07515665
13194, 0.07515682
13195, 0.07515699
13196, 0.07515716
13197, 0.07515733
13198, 0.07515750
13199, 0.07515767
13200, 0.07515784
13201, 0.07515801
13202, 0.07515818
13203, 0.07515835
13204, 0.07515853
13205, 0.07515869
13206, 0.07515886
13207, 0.07515903
13208, 0.07515920
13209, 0.07515937
13210, 0.07515953
13211, 0.07515970
13212, 0.07515987
13213, 0.07516004
13214, 0.07516021
13215, 0.07516037
13216, 0.07516054
13217, 0.07516071
13218, 0.07516088
13219, 0.07516105
13220, 0.07516121
13221, 0.07516138
13222, 0.07516155
13223, 0.07516172
13224, 0.07516189
13225, 0.07516206
13226, 0.07516222
13227, 0.07516239
13228, 0.07516256
13229, 0.07516273
13230, 0.07516290
13231, 0.07516306
13232, 0.07516323
13233, 0.07516340
13234, 0.07516358
13235, 0.07516573
13236, 0.07516593
13237, 0.07516611
13238, 0.07516628
13239, 0.07516646
13240, 0.07516664
13241, 0.07516682
13242, 0.07516699
13243, 0.07516716
13244, 0.07516733
13245, 0.07516750
13246, 0.07516767
13247, 0.07516784
13248, 0.07516801
13249, 0.07516818
13250, 0.07516835
13251, 0.07516851
13252, 0.07516868
13253, 0.07516884
13254, 0.07516902
13255, 0.07516918
13256, 0.07516935
13257, 0.07516953
13258, 0.07516970
13259, 0.07516987
13260, 0.07517004
13261, 0.07517020
13262, 0.07517037
13263, 0.07517054
13264, 0.07517071
13265, 0.07517088
13266, 0.07517104
13267, 0.07517121
13268, 0.07517138
13269, 0.07517155
13270, 0.07517172
13271, 0.07517189
13272, 0.07517205
13273, 0.07517222
13274, 0.07517239
13275, 0.07517256
13276, 0.07517273
13277, 0.07517290
13278, 0.07517306
13279, 0.07517323
13280, 0.07517340
13281, 0.07517357
13282, 0.07517374
13283, 0.07517390
13284, 0.07517407
13285, 0.07517424
13286, 0.07517441
13287, 0.07517458
13288, 0.07517475
13289, 0.07517491
13290, 0.07517508
13291, 0.07517525
13292, 0.07517542
13293, 0.07517559
13294, 0.07517575
13295, 0.07517592
13296, 0.07517609
13297, 0.07517626
13298, 0.07517643
13299, 0.07517659
13300, 0.07517676
13301, 0.07517693
13302, 0.07517710
13303, 0.07517727
13304, 0.07517744
13305, 0.07517761
13306, 0.07517778
13307, 0.07517795
13308, 0.07517812
13309, 0.07517828
13310, 0.07517845
13311, 0.07517870
13312, 0.07517887
13313, 0.07517904
13314, 0.07517920
13315, 0.07517937
13316, 0.07517954
13317, 0.07517970
13318, 0.07517987
13319, 0.07518010
13320, 0.07518027
13321, 0.07518044
13322, 0.07518061
13323, 0.07518077
13324, 0.07518094
13325, 0.07518111
13326, 0.07518128
13327, 0.07518188
13328, 0.07518205
13329, 0.07518221
13330, 0.07518238
13331, 0.07518255
13332, 0.07518272
13333, 0.07518289
13334, 0.07518305
13335, 0.07518329
13336, 0.07518346
13337, 0.07518363
13338, 0.07518379
13339, 0.07518396
13340, 0.07518413
13341, 0.07518429
13342, 0.07518446
13343, 0.07518470
13344, 0.07518487
13345, 0.07518503
13346, 0.07518520
13347, 0.07518537
13348, 0.07518553
13349, 0.07518570
13350, 0.07518587
13351, 0.07518611
13352, 0.07518627
13353, 0.07518644
13354, 0.07518661
13355, 0.07518678
13356, 0.07518694
13357, 0.07518711
13358, 0.07518728
13359, 0.07518752
13360, 0.07518770
13361, 0.07518984
13362, 0.07519003
13363, 0.07519021
13364, 0.07519038
13365, 0.07519055
13366, 0.07519072
13367, 0.07519095
13368, 0.07519112
13369, 0.07519129
13370, 0.07519146
13371, 0.07519163
13372, 0.07519180
13373, 0.07519196
13374, 0.07519213
13375, 0.07519237
13376, 0.07519254
13377, 0.07519270
13378, 0.07519287
13379, 0.07519304
13380, 0.07519321
13381, 0.07519337
13382, 0.07519354
13383, 0.07519378
13384, 0.07519395
13385, 0.07519412
13386, 0.07519428
13387, 0.07519445
13388, 0.07519463
13389, 0.07519481
13390, 0.07519498
13391, 0.07519515
13392, 0.07519532
13393, 0.07519549
13394, 0.07519566
13395, 0.07519583
13396, 0.07519599
13397, 0.07519616
13398, 0.07519633
13399, 0.07519649
13400, 0.07519666
13401, 0.07519683
13402, 0.07519700
13403, 0.07519717
13404, 0.07519733
13405, 0.07519750
13406, 0.07519767
13407, 0.07519783
13408, 0.07519800
13409, 0.07519817
13410, 0.07519834
13411, 0.07519850
13412, 0.07519867
13413, 0.07519884
13414, 0.07519901
13415, 0.07519917
13416, 0.07519934
13417, 0.07519951
13418, 0.07519968
13419, 0.07519985
13420, 0.07520001
13421, 0.07520018
13422, 0.07520035
13423, 0.07520052
13424, 0.07520069
13425, 0.07520085
13426, 0.07520102
13427, 0.07520119
13428, 0.07520135
13429, 0.07520152
13430, 0.07520169
13431, 0.07520185
13432, 0.07520202
13433, 0.07520219
13434, 0.07520235
13435, 0.07520252
13436, 0.07520269
13437, 0.07520286
13438, 0.07520304
13439, 0.07520321
13440, 0.07520338
13441, 0.07520355
13442, 0.07520371
13443, 0.07520388
13444, 0.07520405
13445, 0.07520422
13446, 0.07520438
13447, 0.07520455
13448, 0.07520472
13449, 0.07520489
13450, 0.07520506
13451, 0.07520522
13452, 0.07520539
13453, 0.07520556
13454, 0.07520573
13455, 0.07520590
13456, 0.07520607
13457, 0.07520623
13458, 0.07520640
13459, 0.07520657
13460, 0.07520674
13461, 0.07520690
13462, 0.07520707
13463, 0.07520724
13464, 0.07520740
13465, 0.07520757
13466, 0.07520774
13467, 0.07520791
13468, 0.07520807
13469, 0.07520824
13470, 0.07520841
13471, 0.07520857
13472, 0.07520874
13473, 0.07520891
13474, 0.07520907
13475, 0.07520924
13476, 0.07520941
13477, 0.07520957
13478, 0.07520974
13479, 0.07520991
13480, 0.07521007
13481, 0.07521024
13482, 0.07521041
13483, 0.07521057
13484, 0.07521074
13485, 0.07521091
13486, 0.07521109
13487, 0.07521323
13488, 0.07521343
13489, 0.07521360
13490, 0.07521377
13491, 0.07521393
13492, 0.07521411
13493, 0.07521429
13494, 0.07521446
13495, 0.07521463
13496, 0.07521480
13497, 0.07521496
13498, 0.07521513
13499, 0.07521530
13500, 0.07521546
13501, 0.07521563
13502, 0.07521580
13503, 0.07521596
13504, 0.07521613
13505, 0.07521630
13506, 0.07521647
13507, 0.07521663
13508, 0.07521680
13509, 0.07521697
13510, 0.07521714
13511, 0.07521730
13512, 0.07521747
13513, 0.07521764
13514, 0.07521780
13515, 0.07521797
13516, 0.07521814
13517, 0.07521831
13518, 0.07521848
13519, 0.07521864
13520, 0.07521881
13521, 0.07521898
13522, 0.07521914
13523, 0.07521931
13524, 0.07521948
13525, 0.07521964
13526, 0.07521981
13527, 0.07521998
13528, 0.07522015
13529, 0.07522031
13530, 0.07522048
13531, 0.07522065
13532, 0.07522082
13533, 0.07522099
13534, 0.07522115
13535, 0.07522132
13536, 0.07522149
13537, 0.07522166
13538, 0.07527037
13539, 0.07527340
13540, 0.07527370
13541, 0.07527387
13542, 0.07527404
13543, 0.07527431
13544, 0.07527448
13545, 0.07527467
13546, 0.07527483
13547, 0.07527500
13548, 0.07527517
13549, 0.07527534
13550, 0.07527551
13551, 0.07527575
13552, 0.07527591
13553, 0.07527608
13554, 0.07527625
13555, 0.07527641
13556, 0.07527658
13557, 0.07527675
13558, 0.07527692
13559, 0.07527720
13560, 0.07527738
13561, 0.07527756
13562, 0.07527773
13563, 0.07527790
13564, 0.07527807
13565, 0.07527823
13566, 0.07527840
13567, 0.07527866
13568, 0.07527885
13569, 0.07527902
13570, 0.07527919
13571, 0.07527936
13572, 0.07527953
13573, 0.07527969
13574, 0.07527986
13575, 0.07528003
13576, 0.07528020
13577, 0.07528036
13578, 0.07528053
13579, 0.07528071
13580, 0.07528088
13581, 0.07528105
13582, 0.07528122
13583, 0.07528147
13584, 0.07528164
13585, 0.07528180
13586, 0.07528197
13587, 0.07528214
13588, 0.07528230
13589, 0.07528247
13590, 0.07528264
13591, 0.07528283
13592, 0.07528299
13593, 0.07528316
13594, 0.07528333
13595, 0.07528349
13596, 0.07528366
13597, 0.07528385
13598, 0.07528402
13599, 0.07528420
13600, 0.07528437
13601, 0.07528454
13602, 0.07528471
13603, 0.07528487
13604, 0.07528504
13605, 0.07528521
13606, 0.07528537
13607, 0.07528554
13608, 0.07528571
13609, 0.07528588
13610, 0.07528604
13611, 0.07528621
13612, 0.07528641
13613, 0.07529419
13614, 0.07529443
13615, 0.07529462
13616, 0.07529479
13617, 0.07529496
13618, 0.07529513
13619, 0.07529530
13620, 0.07529547
13621, 0.07529564
13622, 0.07529580
13623, 0.07529597
13624, 0.07529613
13625, 0.07529630
13626, 0.07529646
13627, 0.07529663
13628, 0.07529679
13629, 0.07529696
13630, 0.07529713
13631, 0.07529729
13632, 0.07529746
13633, 0.07529763
13634, 0.07529779
13635, 0.07529796
13636, 0.07529812
13637, 0.07529829
13638, 0.07529846
13639, 0.07529862
13640, 0.07529879
13641, 0.07529896
13642, 0.07529912
13643, 0.07529929
13644, 0.07529946
13645, 0.07529962
13646, 0.07529979
13647, 0.07529996
13648, 0.07530012
13649, 0.07530029
13650, 0.07530045
13651, 0.07530062
13652, 0.07530079
13653, 0.07530095
13654, 0.07530112
13655, 0.07530129
13656, 0.07530146
13657, 0.07530162
13658, 0.07530185
13659, 0.07530201
13660, 0.07530218
13661, 0.07530235
13662, 0.07530251
13663, 0.07530268
13664, 0.07530284
13665, 0.07530301
13666, 0.07530318
13667, 0.07530334
13668, 0.07530351
13669, 0.07530368
13670, 0.07530384
13671, 0.07530401
13672, 0.07530417
13673, 0.07530434
13674, 0.07530451
13675, 0.07530467
13676, 0.07530484
13677, 0.07530500
13678, 0.07530517
13679, 0.07530534
13680, 0.07530552
13681, 0.07530569
13682, 0.07530585
13683, 0.07530602
13684, 0.07530619
13685, 0.07530635
13686, 0.07530652
13687, 0.07530669
13688, 0.07530685
13689, 0.07530702
13690, 0.07530718
13691, 0.07530735
13692, 0.07530752
13693, 0.07530769
13694, 0.07530785
13695, 0.07530804
13696, 0.07530821
13697, 0.07530837
13698, 0.07530854
13699, 0.07530871
13700, 0.07530887
13701, 0.07530904
13702, 0.07530921
13703, 0.07530941
13704, 0.07530958
13705, 0.07530974
13706, 0.07530991
13707, 0.07531008
13708, 0.07531024
13709, 0.07531041
13710, 0.07531058
13711, 0.07531074
13712, 0.07531091
13713, 0.07531108
13714, 0.07531124
13715, 0.07531141
13716, 0.07531158
13717, 0.07531174
13718, 0.07531191
13719, 0.07531208
13720, 0.07531224
13721, 0.07531241
13722, 0.07531258
13723, 0.07531274
13724, 0.07531291
13725, 0.07531308
13726, 0.07531324
13727, 0.07531341
13728, 0.07531358
13729, 0.07531374
13730, 0.07531391
13731, 0.07531408
13732, 0.07531424
13733, 0.07531441
13734, 0.07531458
13735, 0.07531482
13736, 0.07531499
13737, 0.07531515
13738, 0.07531535
13739, 0.07531786
13740, 0.07531812
13741, 0.07531831
13742, 0.07531849
13743, 0.07531874
13744, 0.07531891
13745, 0.07531908
13746, 0.07531926
13747, 0.07531942
13748, 0.07531959
13749, 0.07531976
13750, 0.07531994
13751, 0.07532023
13752, 0.07532040
13753, 0.07532058
13754, 0.07532074
13755, 0.07532092
13756, 0.07532108
13757, 0.07532125
13758, 0.07532142
13759, 0.07532172
13760, 0.07532189
13761, 0.07532206
13762, 0.07532223
13763, 0.07532240
13764, 0.07532257
13765, 0.07532273
13766, 0.07532290
13767, 0.07532316
13768, 0.07532333
13769, 0.07532350
13770, 0.07532367
13771, 0.07532384
13772, 0.07532401
13773, 0.07532418
13774, 0.07532435
13775, 0.07532459
13776, 0.07532476
13777, 0.07532493
13778, 0.07532510
13779, 0.07532527
13780, 0.07532544
13781, 0.07532560
13782, 0.07532577
13783, 0.07532602
13784, 0.07532619
13785, 0.07532636
13786, 0.07532652
13787, 0.07532669
13788, 0.07532686
13789, 0.07532703
13790, 0.07532720
13791, 0.07532744
13792, 0.07532761
13793, 0.07532778
13794, 0.07532795
13795, 0.07532812
13796, 0.07532829
13797, 0.07532846
13798, 0.07532863
13799, 0.07532887
13800, 0.07532904
13801, 0.07532921
13802, 0.07532938
13803, 0.07532955
13804, 0.07532972
13805, 0.07532989
13806, 0.07533006
13807, 0.07533030
13808, 0.07533047
13809, 0.07533064
13810, 0.07533081
13811, 0.07533098
13812, 0.07533115
13813, 0.07533132
13814, 0.07533149
13815, 0.07533166
13816, 0.07533183
13817, 0.07533200
13818, 0.07533217
13819, 0.07533234
13820, 0.07533251
13821, 0.07533268
13822, 0.07533285
13823, 0.07533302
13824, 0.07533319
13825, 0.07533336
13826, 0.07533353
13827, 0.07533370
13828, 0.07533387
13829, 0.07533403
13830, 0.07533420
13831, 0.07533446
13832, 0.07533463
13833, 0.07533479
13834, 0.07533496
13835, 0.07533513
13836, 0.07533530
13837, 0.07533547
13838, 0.07533564
13839, 0.07533588
13840, 0.07533605
13841, 0.07533622
13842, 0.07533639
13843, 0.07533656
13844, 0.07533673
13845, 0.07533689
13846, 0.07533706
13847, 0.07533730
13848, 0.07533747
13849, 0.07533763
13850, 0.07533780
13851, 0.07533797
13852, 0.07533813
13853, 0.07533830
13854, 0.07533846
13855, 0.07533870
13856, 0.07533887
13857, 0.07533903
13858, 0.07533920
13859, 0.07533936
13860, 0.07533953
13861, 0.07533970
13862, 0.07533986
13863, 0.07534011
13864, 0.07534028
13865, 0.07534258
13866, 0.07534278
13867, 0.07534296
13868, 0.07534313
13869, 0.07534331
13870, 0.07534348
13871, 0.07534372
13872, 0.07534388
13873, 0.07534405
13874, 0.07534422
13875, 0.07534439
13876, 0.07534456
13877, 0.07534472
13878, 0.07534489
13879, 0.07534546
13880, 0.07534563
13881, 0.07534579
13882, 0.07534596
13883, 0.07534613
13884, 0.07534630
13885, 0.07534647
13886, 0.07534663
13887, 0.07534714
13888, 0.07534730
13889, 0.07534747
13890, 0.07534764
13891, 0.07534781
13892, 0.07534797
13893, 0.07534814
13894, 0.07534831
13895, 0.07534847
13896, 0.07534864
13897, 0.07534881
13898, 0.07534898
13899, 0.07534914
13900, 0.07534931
13901, 0.07534948
13902, 0.07534964
13903, 0.07534981
13904, 0.07534998
13905, 0.07535015
13906, 0.07535032
13907, 0.07535048
13908, 0.07535065
13909, 0.07535081
13910, 0.07535098
13911, 0.07535115
13912, 0.07535131
13913, 0.07535148
13914, 0.07535165
13915, 0.07535182
13916, 0.07535198
13917, 0.07535215
13918, 0.07535233
13919, 0.07535250
13920, 0.07535267
13921, 0.07535284
13922, 0.07535300
13923, 0.07535317
13924, 0.07535334
13925, 0.07535351
13926, 0.07535368
13927, 0.07535384
13928, 0.07535401
13929, 0.07535417
13930, 0.07535434
13931, 0.07535451
13932, 0.07535468
13933, 0.07535485
13934, 0.07535501
13935, 0.07535518
13936, 0.07535535
13937, 0.07535551
13938, 0.07535568
13939, 0.07535585
13940, 0.07535602
13941, 0.07535619
13942, 0.07535635
13943, 0.07535652
13944, 0.07535669
13945, 0.07535686
13946, 0.07535703
13947, 0.07535719
13948, 0.07535736
13949, 0.07535753
13950, 0.07535769
13951, 0.07535786
13952, 0.07535803
13953, 0.07535820
13954, 0.07535836
13955, 0.07535853
13956, 0.07535870
13957, 0.07535887
13958, 0.07535903
13959, 0.07535920
13960, 0.07535937
13961, 0.07535954
13962, 0.07535971
13963, 0.07535988
13964, 0.07536005
13965, 0.07536022
13966, 0.07536039
13967, 0.07536056
13968, 0.07536073
13969, 0.07536089
13970, 0.07536106
13971, 0.07536123
13972, 0.07536140
13973, 0.07536157
13974, 0.07536174
13975, 0.07536190
13976, 0.07536207
13977, 0.07536224
13978, 0.07536241
13979, 0.07536258
13980, 0.07536275
13981, 0.07536292
13982, 0.07536309
13983, 0.07536325
13984, 0.07536342
13985, 0.07536359
13986, 0.07536376
13987, 0.07536392
13988, 0.07536409
13989, 0.07536426
13990, 0.07536444
13991, 0.07536671
13992, 0.07536690
13993, 0.07536707
13994, 0.07536724
13995, 0.07536742
13996, 0.07536760
13997, 0.07536777
13998, 0.07536794
13999, 0.07536811
14000, 0.07536828
14001, 0.07536845
14002, 0.07536862
14003, 0.07536878
14004, 0.07536895
14005, 0.07536912
14006, 0.07536929
14007, 0.07536946
14008, 0.07536962
14009, 0.07536979
14010, 0.07536996
14011, 0.07537013
14012, 0.07537030
14013, 0.07537047
14014, 0.07537064
14015, 0.07537080
14016, 0.07537097
14017, 0.07537114
14018, 0.07537131
14019, 0.07537148
14020, 0.07537165
14021, 0.07537181
14022, 0.07537198
14023, 0.07537215
14024, 0.07537232
14025, 0.07537249
14026, 0.07537266
14027, 0.07537283
14028, 0.07537299
14029, 0.07537316
14030, 0.07537333
14031, 0.07537350
14032, 0.07537367
14033, 0.07537384
14034, 0.07537401
14035, 0.07537417
14036, 0.07537434
14037, 0.07537451
14038, 0.07537468
14039, 0.07537485
14040, 0.07537501
14041, 0.07537518
14042, 0.07537535
14043, 0.07537552
14044, 0.07537569
14045, 0.07537586
14046, 0.07537603
14047, 0.07537619
14048, 0.07537636
14049, 0.07537653
14050, 0.07537670
14051, 0.07537687
14052, 0.07537704
14053, 0.07537720
14054, 0.07537737
14055, 0.07537754
14056, 0.07537771
14057, 0.07537787
14058, 0.07537804
14059, 0.07537821
14060, 0.07537838
14061, 0.07537855
14062, 0.07537872
14063, 0.07537890
14064, 0.07537907
14065, 0.07537925
14066, 0.07537942
14067, 0.07537960
14068, 0.07537978
14069, 0.07537996
14070, 0.07538013
14071, 0.07538031
14072, 0.07538049
14073, 0.07538067
14074, 0.07538084
14075, 0.07538102
14076, 0.07538120
14077, 0.07538138
14078, 0.07538155
14079, 0.07538173
14080, 0.07538191
14081, 0.07538209
14082, 0.07538226
14083, 0.07538244
14084, 0.07538262
14085, 0.07538279
14086, 0.07538297
14087, 0.07538315
14088, 0.07538333
14089, 0.07538350
14090, 0.07538368
14091, 0.07538386
14092, 0.07538403
14093, 0.07538421
14094, 0.07538438
14095, 0.07538456
14096, 0.07538474
14097, 0.07538491
14098, 0.07538509
14099, 0.07538527
14100, 0.07538544
14101, 0.07538563
14102, 0.07538580
14103, 0.07538597
14104, 0.07538614
14105, 0.07538630
14106, 0.07538647
14107, 0.07538664
14108, 0.07538681
14109, 0.07538698
14110, 0.07538714
14111, 0.07538731
14112, 0.07538748
14113, 0.07538765
14114, 0.07538782
14115, 0.07538799
14116, 0.07538817
14117, 0.07539043
14118, 0.07539062
14119, 0.07539079
14120, 0.07539096
14121, 0.07539113
14122, 0.07539130
14123, 0.07539147
14124, 0.07539163
14125, 0.07539180
14126, 0.07539197
14127, 0.07539214
14128, 0.07539230
14129, 0.07539247
14130, 0.07539264
14131, 0.07539281
14132, 0.07539297
14133, 0.07539314
14134, 0.07539331
14135, 0.07539348
14136, 0.07539364
14137, 0.07539381
14138, 0.07539398
14139, 0.07539414
14140, 0.07539431
14141, 0.07539448
14142, 0.07539464
14143, 0.07539481
14144, 0.07539497
14145, 0.07539514
14146, 0.07539531
14147, 0.07539547
14148, 0.07539564
14149, 0.07539580
14150, 0.07539597
14151, 0.07539614
14152, 0.07539631
14153, 0.07539647
14154, 0.07539664
14155, 0.07539681
14156, 0.07539698
14157, 0.07539714
14158, 0.07539731
14159, 0.07539748
14160, 0.07539764
14161, 0.07539781
14162, 0.07539798
14163, 0.07539814
14164, 0.07539831
14165, 0.07539848
14166, 0.07539864
14167, 0.07539881
14168, 0.07539897
14169, 0.07539914
14170, 0.07539931
14171, 0.07539948
14172, 0.07539964
14173, 0.07539981
14174, 0.07539998
14175, 0.07540015
14176, 0.07540031
14177, 0.07540048
14178, 0.07540064
14179, 0.07540081
14180, 0.07540098
14181, 0.07540114
14182, 0.07540131
14183, 0.07540148
14184, 0.07540164
14185, 0.07540181
14186, 0.07540198
14187, 0.07540214
14188, 0.07540231
14189, 0.07540248
14190, 0.07540265
14191, 0.07540284
14192, 0.07540301
14193, 0.07540318
14194, 0.07540335
14195, 0.07540351
14196, 0.07540368
14197, 0.07540385
14198, 0.07540401
14199, 0.07540418
14200, 0.07540435
14201, 0.07540452
14202, 0.07540470
14203, 0.07540486
14204, 0.07540503
14205, 0.07540520
14206, 0.07540536
14207, 0.07540553
14208, 0.07540570
14209, 0.07540587
14210, 0.07540604
14211, 0.07540621
14212, 0.07540638
14213, 0.07540654
14214, 0.07540671
14215, 0.07540688
14216, 0.07540705
14217, 0.07540721
14218, 0.07540738
14219, 0.07540755
14220, 0.07540772
14221, 0.07540788
14222, 0.07540805
14223, 0.07540822
14224, 0.07540839
14225, 0.07540855
14226, 0.07540872
14227, 0.07540889
14228, 0.07540906
14229, 0.07540922
14230, 0.07540939
14231, 0.07540956
14232, 0.07540973
14233, 0.07540990
14234, 0.07541006
14235, 0.07541023
14236, 0.07541040
14237, 0.07541056
14238, 0.07541073
14239, 0.07541090
14240, 0.07541107
14241, 0.07541124
14242, 0.07541142
14243, 0.07541356
14244, 0.07541375
14245, 0.07541393
14246, 0.07541410
14247, 0.07541426
14248, 0.07541443
14249, 0.07541461
14250, 0.07541477
14251, 0.07541494
14252, 0.07541511
14253, 0.07541528
14254, 0.07541544
14255, 0.07541561
14256, 0.07541578
14257, 0.07541594
14258, 0.07541611
14259, 0.07541628
14260, 0.07541645
14261, 0.07541663
14262, 0.07541680
14263, 0.07541698
14264, 0.07541715
14265, 0.07541731
14266, 0.07541748
14267, 0.07541765
14268, 0.07541781
14269, 0.07541798
14270, 0.07541815
14271, 0.07541832
14272, 0.07541850
14273, 0.07541868
14274, 0.07541885
14275, 0.07541901
14276, 0.07541918
14277, 0.07541935
14278, 0.07541952
14279, 0.07541968
14280, 0.07541985
14281, 0.07542002
14282, 0.07542018
14283, 0.07542035
14284, 0.07542052
14285, 0.07542069
14286, 0.07542085
14287, 0.07542102
14288, 0.07542118
14289, 0.07542135
14290, 0.07542152
14291, 0.07542168
14292, 0.07542185
14293, 0.07542202
14294, 0.07542219
14295, 0.07542235
14296, 0.07542252
14297, 0.07542269
14298, 0.07542286
14299, 0.07542302
14300, 0.07542319
14301, 0.07542335
14302, 0.07542353
14303, 0.07542371
14304, 0.07542388
14305, 0.07542406
14306, 0.07542423
14307, 0.07542441
14308, 0.07542458
14309, 0.07542476
14310, 0.07542493
14311, 0.07542511
14312, 0.07542528
14313, 0.07542546
14314, 0.07542563
14315, 0.07542581
14316, 0.07542598
14317, 0.07542616
14318, 0.07542634
14319, 0.07542651
14320, 0.07542669
14321, 0.07542686
14322, 0.07542704
14323, 0.07542721
14324, 0.07542739
14325, 0.07542756
14326, 0.07542774
14327, 0.07542792
14328, 0.07542809
14329, 0.07542827
14330, 0.07542844
14331, 0.07542862
14332, 0.07542879
14333, 0.07542897
14334, 0.07542914
14335, 0.07542932
14336, 0.07542949
14337, 0.07542967
14338, 0.07542985
14339, 0.07543002
14340, 0.07543020
14341, 0.07543037
14342, 0.07543055
14343, 0.07543080
14344, 0.07543097
14345, 0.07543115
14346, 0.07543132
14347, 0.07543150
14348, 0.07543167
14349, 0.07543185
14350, 0.07543202
14351, 0.07543230
14352, 0.07543248
14353, 0.07543266
14354, 0.07543283
14355, 0.07543301
14356, 0.07543318
14357, 0.07543336
14358, 0.07543353
14359, 0.07543379
14360, 0.07543397
14361, 0.07543414
14362, 0.07543432
14363, 0.07543449
14364, 0.07543467
14365, 0.07543484
14366, 0.07543502
14367, 0.07543527
14368, 0.07543545
14369, 0.07543774
14370, 0.07543793
14371, 0.07543810
14372, 0.07543827
14373, 0.07543845
14374, 0.07543862
14375, 0.07543886
14376, 0.07543903
14377, 0.07543920
14378, 0.07543937
14379, 0.07543954
14380, 0.07543971
14381, 0.07543988
14382, 0.07544005
14383, 0.07544029
14384, 0.07544046
14385, 0.07544063
14386, 0.07544079
14387, 0.07544096
14388, 0.07544113
14389, 0.07544130
14390, 0.07544147
14391, 0.07544170
14392, 0.07544187
14393, 0.07544204
14394, 0.07544221
14395, 0.07544238
14396, 0.07544254
14397, 0.07544272
14398, 0.07544288
14399, 0.07544312
14400, 0.07544329
14401, 0.07544346
14402, 0.07544363
14403, 0.07544380
14404, 0.07544396
14405, 0.07544413
14406, 0.07544431
14407, 0.07544455
14408, 0.07544472
14409, 0.07544488
14410, 0.07544505
14411, 0.07544522
14412, 0.07544539
14413, 0.07544556
14414, 0.07544572
14415, 0.07544589
14416, 0.07544606
14417, 0.07544623
14418, 0.07544639
14419, 0.07544656
14420, 0.07544673
14421, 0.07544690
14422, 0.07544707
14423, 0.07544724
14424, 0.07544741
14425, 0.07544757
14426, 0.07544774
14427, 0.07544792
14428, 0.07544809
14429, 0.07544826
14430, 0.07544843
14431, 0.07544860
14432, 0.07544876
14433, 0.07544893
14434, 0.07544910
14435, 0.07544927
14436, 0.07544944
14437, 0.07544960
14438, 0.07544977
14439, 0.07544994
14440, 0.07545011
14441, 0.07545030
14442, 0.07545047
14443, 0.07545063
14444, 0.07545080
14445, 0.07545097
14446, 0.07545113
14447, 0.07545130
14448, 0.07545147
14449, 0.07545163
14450, 0.07545180
14451, 0.07545197
14452, 0.07545214
14453, 0.07545231
14454, 0.07545247
14455, 0.07545264
14456, 0.07545281
14457, 0.07545298
14458, 0.07545315
14459, 0.07545332
14460, 0.07545349
14461, 0.07545366
14462, 0.07545383
14463, 0.07545400
14464, 0.07545417
14465, 0.07545434
14466, 0.07545451
14467, 0.07545467
14468, 0.07545484
14469, 0.07545501
14470, 0.07545518
14471, 0.07545535
14472, 0.07545551
14473, 0.07545568
14474, 0.07545585
14475, 0.07545602
14476, 0.07545619
14477, 0.07545635
14478, 0.07545652
14479, 0.07545671
14480, 0.07545688
14481, 0.07545705
14482, 0.07545721
14483, 0.07545738
14484, 0.07545755
14485, 0.07545772
14486, 0.07545788
14487, 0.07545805
14488, 0.07545822
14489, 0.07545839
14490, 0.07545856
14491, 0.07545873
14492, 0.07545889
14493, 0.07545906
14494, 0.07545924
14495, 0.07546165
14496, 0.07546184
14497, 0.07546201
14498, 0.07546219
14499, 0.07546236
14500, 0.07546253
14501, 0.07546270
14502, 0.07546287
14503, 0.07546304
14504, 0.07546321
14505, 0.07546338
14506, 0.07546356
14507, 0.07546373
14508, 0.07546389
14509, 0.07546406
14510, 0.07546423
14511, 0.07546440
14512, 0.07546457
14513, 0.07546474
14514, 0.07546491
14515, 0.07546508
14516, 0.07546525
14517, 0.07546542
14518, 0.07546559
14519, 0.07546576
14520, 0.07546593
14521, 0.07546610
14522, 0.07546627
14523, 0.07546644
14524, 0.07546661
14525, 0.07546678
14526, 0.07546695
14527, 0.07546712
14528, 0.07546729
14529, 0.07546746
14530, 0.07546765
14531, 0.07546782
14532, 0.07546799
14533, 0.07546816
14534, 0.07546833
14535, 0.07546850
14536, 0.07546867
14537, 0.07546883
14538, 0.07546901
14539, 0.07546918
14540, 0.07546935
14541, 0.07546952
14542, 0.07546969
14543, 0.07546986
14544, 0.07547003
14545, 0.07547020
14546, 0.07547037
14547, 0.07547054
14548, 0.07547071
14549, 0.07547088
14550, 0.07547105
14551, 0.07547122
14552, 0.07547139
14553, 0.07547156
14554, 0.07547173
14555, 0.07547191
14556, 0.07547207
14557, 0.07547226
14558, 0.07547243
14559, 0.07547260
14560, 0.07547277
14561, 0.07547294
14562, 0.07547313
14563, 0.07547329
14564, 0.07547346
14565, 0.07547363
14566, 0.07547380
14567, 0.07547397
14568, 0.07547413
14569, 0.07547430
14570, 0.07547447
14571, 0.07547464
14572, 0.07547481
14573, 0.07547498
14574, 0.07547514
14575, 0.07547532
14576, 0.07547548
14577, 0.07547565
14578, 0.07547582
14579, 0.07547599
14580, 0.07547616
14581, 0.07547633
14582, 0.07547652
14583, 0.07547670
14584, 0.07547687
14585, 0.07547704
14586, 0.07547721
14587, 0.07547739
14588, 0.07547756
14589, 0.07547773
14590, 0.07547790
14591, 0.07547807
14592, 0.07547824
14593, 0.07547842
14594, 0.07547859
14595, 0.07547875
14596, 0.07547892
14597, 0.07547909
14598, 0.07547926
14599, 0.07547943
14600, 0.07547960
14601, 0.07547977
14602, 0.07547996
14603, 0.07548012
14604, 0.07548029
14605, 0.07548046
14606, 0.07548063
14607, 0.07548080
14608, 0.07548097
14609, 0.07548114
14610, 0.07548131
14611, 0.07548148
14612, 0.07548164
14613, 0.07548181
14614, 0.07548198
14615, 0.07548215
14616, 0.07548232
14617, 0.07548249
14618, 0.07548266
14619, 0.07548283
14620, 0.07548301
14621, 0.07548535
14622, 0.07548554
14623, 0.07548572
14624, 0.07548590
14625, 0.07548607
14626, 0.07548624
14627, 0.07548640
14628, 0.07548657
14629, 0.07548675
14630, 0.07548692
14631, 0.07548708
14632, 0.07548725
14633, 0.07548742
14634, 0.07548758
14635, 0.07548775
14636, 0.07548792
14637, 0.07548809
14638, 0.07548826
14639, 0.07548842
14640, 0.07548859
14641, 0.07548876
14642, 0.07548893
14643, 0.07548909
14644, 0.07548926
14645, 0.07548943
14646, 0.07548960
14647, 0.07548976
14648, 0.07548993
14649, 0.07549010
14650, 0.07549026
14651, 0.07549043
14652, 0.07549059
14653, 0.07549076
14654, 0.07549093
14655, 0.07549109
14656, 0.07549126
14657, 0.07549142
14658, 0.07549159
14659, 0.07549176
14660, 0.07549192
14661, 0.07549209
14662, 0.07549226
14663, 0.07549244
14664, 0.07549260
14665, 0.07549277
14666, 0.07549294
14667, 0.07549310
14668, 0.07549327
14669, 0.07549344
14670, 0.07549360
14671, 0.07549377
14672, 0.07549394
14673, 0.07549411
14674, 0.07549427
14675, 0.07549444
14676, 0.07549461
14677, 0.07549477
14678, 0.07549494
14679, 0.07549511
14680, 0.07549528
14681, 0.07549544
14682, 0.07549561
14683, 0.07549578
14684, 0.07549594
14685, 0.07549611
14686, 0.07549628
14687, 0.07549645
14688, 0.07549661
14689, 0.07549678
14690, 0.07549695
14691, 0.07549711
14692, 0.07549728
14693, 0.07549745
14694, 0.07549761
14695, 0.07549778
14696, 0.07549795
14697, 0.07549811
14698, 0.07549828
14699, 0.07549845
14700, 0.07549862
14701, 0.07549878
14702, 0.07549895
14703, 0.07549912
14704, 0.07549928
14705, 0.07549945
14706, 0.07549962
14707, 0.07549978
14708, 0.07549995
14709, 0.07550012
14710, 0.07550029
14711, 0.07550046
14712, 0.07550063
14713, 0.07550080
14714, 0.07550097
14715, 0.07550114
14716, 0.07550131
14717, 0.07550148
14718, 0.07550165
14719, 0.07550181
14720, 0.07550198
14721, 0.07550216
14722, 0.07550232
14723, 0.07550250
14724, 0.07550266
14725, 0.07550284
14726, 0.07550300
14727, 0.07550318
14728, 0.07550335
14729, 0.07550352
14730, 0.07550369
14731, 0.07550386
14732, 0.07550402
14733, 0.07550419
14734, 0.07550435
14735, 0.07550452
14736, 0.07550469
14737, 0.07550486
14738, 0.07550502
14739, 0.07550519
14740, 0.07550536
14741, 0.07550552
14742, 0.07550569
14743, 0.07550586
14744, 0.07550602
14745, 0.07550619
14746, 0.07550637
14747, 0.07550861
14748, 0.07550880
14749, 0.07550897
14750, 0.07550914
14751, 0.07550932
14752, 0.07550949
14753, 0.07550966
14754, 0.07550983
14755, 0.07550999
14756, 0.07551016
14757, 0.07551033
14758, 0.07551050
14759, 0.07551067
14760, 0.07551084
14761, 0.07551101
14762, 0.07551118
14763, 0.07551135
14764, 0.07551152
14765, 0.07551169
14766, 0.07551186
14767, 0.07551203
14768, 0.07551220
14769, 0.07551237
14770, 0.07551254
14771, 0.07551271
14772, 0.07551288
14773, 0.07551305
14774, 0.07551322
14775, 0.07551339
14776, 0.07551356
14777, 0.07551373
14778, 0.07551390
14779, 0.07551407
14780, 0.07551424
14781, 0.07551441
14782, 0.07551458
14783, 0.07551475
14784, 0.07551492
14785, 0.07551509
14786, 0.07551526
14787, 0.07551543
14788, 0.07551560
14789, 0.07551577
14790, 0.07551594
14791, 0.07551612
14792, 0.07551629
14793, 0.07551646
14794, 0.07551662
14795, 0.07551679
14796, 0.07551696
14797, 0.07551713
14798, 0.07551731
14799, 0.07551748
14800, 0.07551765
14801, 0.07551782
14802, 0.07551799
14803, 0.07551816
14804, 0.07551833
14805, 0.07551850
14806, 0.07551866
14807, 0.07551884
14808, 0.07551901
14809, 0.07551918
14810, 0.07551935
14811, 0.07551952
14812, 0.07551969
14813, 0.07551986
14814, 0.07552003
14815, 0.07552020
14816, 0.07552037
14817, 0.07552054
14818, 0.07552071
14819, 0.07552088
14820, 0.07552105
14821, 0.07552122
14822, 0.07552139
14823, 0.07552156
14824, 0.07552173
14825, 0.07552190
14826, 0.07552207
14827, 0.07552224
14828, 0.07552241
14829, 0.07552258
14830, 0.07552275
14831, 0.07552292
14832, 0.07552309
14833, 0.07552326
14834, 0.07552342
14835, 0.07552359
14836, 0.07552376
14837, 0.07552394
14838, 0.07552411
14839, 0.07552428
14840, 0.07552445
14841, 0.07552462
14842, 0.07552479
14843, 0.07552496
14844, 0.07552514
14845, 0.07552530
14846, 0.07552547
14847, 0.07552564
14848, 0.07552581
14849, 0.07552598
14850, 0.07552615
14851, 0.07552632
14852, 0.07552649
14853, 0.07552666
14854, 0.07552683
14855, 0.07552707
14856, 0.07552724
14857, 0.07552741
14858, 0.07552758
14859, 0.07552775
14860, 0.07552792
14861, 0.07552809
14862, 0.07552826
14863, 0.07552851
14864, 0.07552868
14865, 0.07552885
14866, 0.07552902
14867, 0.07552919
14868, 0.07552936
14869, 0.07552954
14870, 0.07552971
14871, 0.07552995
14872, 0.07553013
14873, 0.07553229
14874, 0.07553248
14875, 0.07553265
14876, 0.07553282
14877, 0.07553300
14878, 0.07553318
14879, 0.07553343
14880, 0.07553360
14881, 0.07553377
14882, 0.07553394
14883, 0.07553411
14884, 0.07553429
14885, 0.07553447
14886, 0.07553464
14887, 0.07553487
14888, 0.07553505
14889, 0.07553522
14890, 0.07553539
14891, 0.07553556
14892, 0.07553572
14893, 0.07553590
14894, 0.07553606
14895, 0.07553631
14896, 0.07553648
14897, 0.07553665
14898, 0.07553682
14899, 0.07553699
14900, 0.07553715
14901, 0.07553732
14902, 0.07553749
14903, 0.07553773
14904, 0.07553790
14905, 0.07553807
14906, 0.07553824
14907, 0.07553841
14908, 0.07553858
14909, 0.07553875
14910, 0.07553892
14911, 0.07553916
14912, 0.07553933
14913, 0.07553950
14914, 0.07553967
14915, 0.07553985
14916, 0.07554002
14917, 0.07554018
14918, 0.07554035
14919, 0.07554060
14920, 0.07554077
14921, 0.07554094
14922, 0.07554110
14923, 0.07554127
14924, 0.07554144
14925, 0.07554161
14926, 0.07554178
14927, 0.07554195
14928, 0.07554212
14929, 0.07554229
14930, 0.07554246
14931, 0.07554263
14932, 0.07554280
14933, 0.07554297
14934, 0.07554313
14935, 0.07554331
14936, 0.07554347
14937, 0.07554364
14938, 0.07554381
14939, 0.07554399
14940, 0.07554415
14941, 0.07554432
14942, 0.07554449
14943, 0.07554466
14944, 0.07554483
14945, 0.07554500
14946, 0.07554517
14947, 0.07554534
14948, 0.07554550
14949, 0.07554568
14950, 0.07554585
14951, 0.07554601
14952, 0.07554619
14953, 0.07554635
14954, 0.07554652
14955, 0.07554669
14956, 0.07554686
14957, 0.07554703
14958, 0.07554720
14959, 0.07554737
14960, 0.07554754
14961, 0.07554771
14962, 0.07554787
14963, 0.07554804
14964, 0.07554821
14965, 0.07554838
14966, 0.07554855
14967, 0.07554872
14968, 0.07554889
14969, 0.07554906
14970, 0.07554923
14971, 0.07554940
14972, 0.07554957
14973, 0.07554974
14974, 0.07554991
14975, 0.07555008
14976, 0.07555025
14977, 0.07555042
14978, 0.07555059
14979, 0.07555077
14980, 0.07555094
14981, 0.07555110
14982, 0.07555128
14983, 0.07555145
14984, 0.07555162
14985, 0.07555179
14986, 0.07555196
14987, 0.07555213
14988, 0.07555230
14989, 0.07555247
14990, 0.07555264
14991, 0.07555281
14992, 0.07555299
14993, 0.07555316
14994, 0.07555333
14995, 0.07555350
14996, 0.07555367
14997, 0.07555384
14998, 0.07555403
14999, 0.07555621
15000, 0.07555639
15001, 0.07555656
15002, 0.07555673
15003, 0.07555690
15004, 0.07555707
15005, 0.07555723
15006, 0.07555740
15007, 0.07555757
15008, 0.07555774
15009, 0.07555793
15010, 0.07555810
15011, 0.07555827
15012, 0.07555844
15013, 0.07555861
15014, 0.07555878
15015, 0.07555895
15016, 0.07555912
15017, 0.07555928
15018, 0.07555945
15019, 0.07555962
15020, 0.07555979
15021, 0.07555996
15022, 0.07556013
15023, 0.07556029
15024, 0.07556047
15025, 0.07556065
15026, 0.07556082
15027, 0.07556100
15028, 0.07556118
15029, 0.07556136
15030, 0.07556153
15031, 0.07556171
15032, 0.07556188
15033, 0.07556206
15034, 0.07556224
15035, 0.07556241
15036, 0.07556259
15037, 0.07556277
15038, 0.07556294
15039, 0.07556312
15040, 0.07556330
15041, 0.07556347
15042, 0.07556365
15043, 0.07556383
15044, 0.07556400
15045, 0.07556418
15046, 0.07556435
15047, 0.07556453
15048, 0.07556471
15049, 0.07556488
15050, 0.07556506
15051, 0.07556524
15052, 0.07556541
15053, 0.07556559
15054, 0.07556577
15055, 0.07556594
15056, 0.07556612
15057, 0.07556629
15058, 0.07556647
15059, 0.07556665
15060, 0.07556682
15061, 0.07556700
15062, 0.07556718
15063, 0.07556735
15064, 0.07556753
15065, 0.07556771
15066, 0.07556788
15067, 0.07556806
15068, 0.07556824
15069, 0.07556841
15070, 0.07556858
15071, 0.07556877
15072, 0.07556894
15073, 0.07556911
15074, 0.07556927
15075, 0.07556944
15076, 0.07556961
15077, 0.07556978
15078, 0.07556994
15079, 0.07557011
15080, 0.07557028
15081, 0.07557044
15082, 0.07557061
15083, 0.07557078
15084, 0.07557095
15085, 0.07557111
15086, 0.07557128
15087, 0.07557144
15088, 0.07557161
15089, 0.07557178
15090, 0.07557195
15091, 0.07557212
15092, 0.07557228
15093, 0.07557245
15094, 0.07557262
15095, 0.07557278
15096, 0.07557295
15097, 0.07557312
15098, 0.07557328
15099, 0.07557345
15100, 0.07557362
15101, 0.07557378
15102, 0.07557395
15103, 0.07557412
15104, 0.07557429
15105, 0.07557445
15106, 0.07557462
15107, 0.07557479
15108, 0.07557495
15109, 0.07557512
15110, 0.07557529
15111, 0.07557545
15112, 0.07557562
15113, 0.07557579
15114, 0.07557596
15115, 0.07557612
15116, 0.07557629
15117, 0.07557646
15118, 0.07557662
15119, 0.07557679
15120, 0.07557696
15121, 0.07557712
15122, 0.07557729
15123, 0.07557746
15124, 0.07557764
15125, 0.07557984
15126, 0.07558003
15127, 0.07558021
15128, 0.07558038
15129, 0.07558054
15130, 0.07558071
15131, 0.07558088
15132, 0.07558105
15133, 0.07558122
15134, 0.07558140
15135, 0.07558157
15136, 0.07558175
15137, 0.07558192
15138, 0.07558209
15139, 0.07558226
15140, 0.07558243
15141, 0.07558260
15142, 0.07558276
15143, 0.07558293
15144, 0.07558310
15145, 0.07558327
15146, 0.07558344
15147, 0.07558361
15148, 0.07558377
15149, 0.07558394
15150, 0.07558411
15151, 0.07558428
15152, 0.07558444
15153, 0.07558461
15154, 0.07558478
15155, 0.07558494
15156, 0.07558511
15157, 0.07558528
15158, 0.07558545
15159, 0.07558561
15160, 0.07558578
15161, 0.07558595
15162, 0.07558611
15163, 0.07558628
15164, 0.07558645
15165, 0.07558661
15166, 0.07558678
15167, 0.07558695
15168, 0.07558712
15169, 0.07558728
15170, 0.07558745
15171, 0.07558762
15172, 0.07558778
15173, 0.07558795
15174, 0.07558812
15175, 0.07558828
15176, 0.07558845
15177, 0.07558861
15178, 0.07558878
15179, 0.07558895
15180, 0.07558912
15181, 0.07558929
15182, 0.07558945
15183, 0.07558962
15184, 0.07558979
15185, 0.07558995
15186, 0.07559012
15187, 0.07559029
15188, 0.07559046
15189, 0.07559062
15190, 0.07559079
15191, 0.07559096
15192, 0.07559113
15193, 0.07559129
15194, 0.07559146
15195, 0.07559163
15196, 0.07559180
15197, 0.07559196
15198, 0.07559213
15199, 0.07559230
15200, 0.07559246
15201, 0.07559263
15202, 0.07559280
15203, 0.07559296
15204, 0.07559315
15205, 0.07559332
15206, 0.07559348
15207, 0.07559365
15208, 0.07559382
15209, 0.07559399
15210, 0.07559416
15211, 0.07559432
15212, 0.07559449
15213, 0.07559466
15214, 0.07559483
15215, 0.07559499
15216, 0.07559516
15217, 0.07559533
15218, 0.07559550
15219, 0.07559567
15220, 0.07559583
15221, 0.07559600
15222, 0.07559617
15223, 0.07559634
15224, 0.07559651
15225, 0.07559668
15226, 0.07559685
15227, 0.07559702
15228, 0.07559719
15229, 0.07559736
15230, 0.07559753
15231, 0.07559769
15232, 0.07559786
15233, 0.07559803
15234, 0.07559819
15235, 0.07559836
15236, 0.07559853
15237, 0.07559870
15238, 0.07559886
15239, 0.07559903
15240, 0.07559920
15241, 0.07559937
15242, 0.07559953
15243, 0.07559970
15244, 0.07559987
15245, 0.07560004
15246, 0.07560020
15247, 0.07560037
15248, 0.07560054
15249, 0.07560071
15250, 0.07560089
15251, 0.07560315
15252, 0.07560334
15253, 0.07560351
15254, 0.07560369
15255, 0.07560385
15256, 0.07560402
15257, 0.07560419
15258, 0.07560435
15259, 0.07560452
15260, 0.07560469
15261, 0.07560485
15262, 0.07560502
15263, 0.07560519
15264, 0.07560536
15265, 0.07560552
15266, 0.07560569
15267, 0.07560586
15268, 0.07560603
15269, 0.07560620
15270, 0.07560636
15271, 0.07560653
15272, 0.07560670
15273, 0.07560686
15274, 0.07560703
15275, 0.07560720
15276, 0.07560737
15277, 0.07560754
15278, 0.07560770
15279, 0.07560787
15280, 0.07560804
15281, 0.07560821
15282, 0.07560838
15283, 0.07560855
15284, 0.07560871
15285, 0.07560888
15286, 0.07560905
15287, 0.07560922
15288, 0.07560938
15289, 0.07560955
15290, 0.07560971
15291, 0.07560988
15292, 0.07561005
15293, 0.07561021
15294, 0.07561038
15295, 0.07561055
15296, 0.07561071
15297, 0.07561088
15298, 0.07561105
15299, 0.07561121
15300, 0.07561138
15301, 0.07561155
15302, 0.07561171
15303, 0.07561188
15304, 0.07561205
15305, 0.07561221
15306, 0.07561238
15307, 0.07561255
15308, 0.07561271
15309, 0.07561288
15310, 0.07561305
15311, 0.07561322
15312, 0.07561338
15313, 0.07561355
15314, 0.07561371
15315, 0.07561388
15316, 0.07561405
15317, 0.07561421
15318, 0.07561438
15319, 0.07561455
15320, 0.07561471
15321, 0.07561488
15322, 0.07561505
15323, 0.07561521
15324, 0.07561538
15325, 0.07561555
15326, 0.07561571
15327, 0.07561588
15328, 0.07561605
15329, 0.07561621
15330, 0.07561638
15331, 0.07561655
15332, 0.07561671
15333, 0.07561688
15334, 0.07561705
15335, 0.07561721
15336, 0.07561738
15337, 0.07561755
15338, 0.07561771
15339, 0.07561788
15340, 0.07561805
15341, 0.07561821
15342, 0.07561838
15343, 0.07561855
15344, 0.07561871
15345, 0.07561888
15346, 0.07561905
15347, 0.07561921
15348, 0.07561938
15349, 0.07561955
15350, 0.07561971
15351, 0.07561988
15352, 0.07562005
15353, 0.07562021
15354, 0.07562038
15355, 0.07562055
15356, 0.07562071
15357, 0.07562088
15358, 0.07562105
15359, 0.07562122
15360, 0.07562138
15361, 0.07562155
15362, 0.07562172
15363, 0.07562188
15364, 0.07562206
15365, 0.07562222
15366, 0.07562239
15367, 0.07562264
15368, 0.07562281
15369, 0.07562297
15370, 0.07562314
15371, 0.07562331
15372, 0.07562348
15373, 0.07562365
15374, 0.07562382
15375, 0.07562406
15376, 0.07562424
15377, 0.07562637
15378, 0.07562657
15379, 0.07562675
15380, 0.07562692
15381, 0.07562709
15382, 0.07562726
15383, 0.07562750
15384, 0.07562767
15385, 0.07562785
15386, 0.07562802
15387, 0.07562819
15388, 0.07562836
15389, 0.07562853
15390, 0.07562870
15391, 0.07562893
15392, 0.07562910
15393, 0.07562927
15394, 0.07562944
15395, 0.07562961
15396, 0.07562977
15397, 0.07562994
15398, 0.07563011
15399, 0.07563035
15400, 0.07563051
15401, 0.07563068
15402, 0.07563085
15403, 0.07563102
15404, 0.07563119
15405, 0.07563136
15406, 0.07563153
15407, 0.07563177
15408, 0.07563193
15409, 0.07563210
15410, 0.07563227
15411, 0.07563244
15412, 0.07563261
15413, 0.07563278
15414, 0.07563295
15415, 0.07563319
15416, 0.07563335
15417, 0.07563352
15418, 0.07563369
15419, 0.07563386
15420, 0.07563403
15421, 0.07563420
15422, 0.07563437
15423, 0.07563461
15424, 0.07563478
15425, 0.07563495
15426, 0.07563511
15427, 0.07563528
15428, 0.07563545
15429, 0.07563562
15430, 0.07563579
15431, 0.07563603
15432, 0.07563620
15433, 0.07563637
15434, 0.07563654
15435, 0.07563670
15436, 0.07563687
15437, 0.07563704
15438, 0.07563721
15439, 0.07563738
15440, 0.07563754
15441, 0.07563771
15442, 0.07563788
15443, 0.07563805
15444, 0.07563822
15445, 0.07563839
15446, 0.07563855
15447, 0.07563872
15448, 0.07563889
15449, 0.07563906
15450, 0.07563923
15451, 0.07563939
15452, 0.07563956
15453, 0.07563973
15454, 0.07563990
15455, 0.07564006
15456, 0.07564023
15457, 0.07564039
15458, 0.07564056
15459, 0.07564073
15460, 0.07564090
15461, 0.07564107
15462, 0.07564123
15463, 0.07564140
15464, 0.07564157
15465, 0.07564174
15466, 0.07564191
15467, 0.07564208
15468, 0.07564225
15469, 0.07564242
15470, 0.07564259
15471, 0.07564276
15472, 0.07564293
15473, 0.07564311
15474, 0.07564328
15475, 0.07564345
15476, 0.07564362
15477, 0.07564379
15478, 0.07564396
15479, 0.07564413
15480, 0.07564430
15481, 0.07564448
15482, 0.07564465
15483, 0.07564482
15484, 0.07564499
15485, 0.07564516
15486, 0.07564533
15487, 0.07564550
15488, 0.07564567
15489, 0.07564584
15490, 0.07564601
15491, 0.07564618
15492, 0.07564635
15493, 0.07564652
15494, 0.07564669
15495, 0.07564686
15496, 0.07564703
15497, 0.07564721
15498, 0.07564738
15499, 0.07564755
15500, 0.07564772
15501, 0.07564789
15502, 0.07564807
15503, 0.07565033
15504, 0.07565052
15505, 0.07565069
15506, 0.07565087
15507, 0.07565104
15508, 0.07565121
15509, 0.07565138
15510, 0.07565155
15511, 0.07565171
15512, 0.07565189
15513, 0.07565205
15514, 0.07565222
15515, 0.07565239
15516, 0.07565256
15517, 0.07565273
15518, 0.07565290
15519, 0.07565307
15520, 0.07565324
15521, 0.07565341
15522, 0.07565358
15523, 0.07565375
15524, 0.07565391
15525, 0.07565408
15526, 0.07565425
15527, 0.07565442
15528, 0.07565459
15529, 0.07565476
15530, 0.07565493
15531, 0.07565510
15532, 0.07565527
15533, 0.07565544
15534, 0.07565561
15535, 0.07565578
15536, 0.07565595
15537, 0.07565612
15538, 0.07565628
15539, 0.07565645
15540, 0.07565662
15541, 0.07565679
15542, 0.07565695
15543, 0.07565712
15544, 0.07565729
15545, 0.07565746
15546, 0.07565763
15547, 0.07565779
15548, 0.07565796
15549, 0.07565813
15550, 0.07565830
15551, 0.07565847
15552, 0.07565864
15553, 0.07565880
15554, 0.07565897
15555, 0.07565914
15556, 0.07565931
15557, 0.07565947
15558, 0.07565972
15559, 0.07565989
15560, 0.07566005
15561, 0.07566022
15562, 0.07566039
15563, 0.07566056
15564, 0.07566073
15565, 0.07566089
15566, 0.07566106
15567, 0.07566122
15568, 0.07566139
15569, 0.07566156
15570, 0.07566173
15571, 0.07566190
15572, 0.07566206
15573, 0.07566223
15574, 0.07566240
15575, 0.07566257
15576, 0.07566273
15577, 0.07566290
15578, 0.07566307
15579, 0.07566324
15580, 0.07566341
15581, 0.07566357
15582, 0.07566374
15583, 0.07566390
15584, 0.07566407
15585, 0.07566424
15586, 0.07566440
15587, 0.07566457
15588, 0.07566474
15589, 0.07566490
15590, 0.07566507
15591, 0.07566523
15592, 0.07566540
15593, 0.07566557
15594, 0.07566574
15595, 0.07566592
15596, 0.07566609
15597, 0.07566625
15598, 0.07566642
15599, 0.07566659
15600, 0.07566676
15601, 0.07566692
15602, 0.07566709
15603, 0.07566726
15604, 0.07566743
15605, 0.07566759
15606, 0.07566776
15607, 0.07566793
15608, 0.07566810
15609, 0.07566826
15610, 0.07566843
15611, 0.07566859
15612, 0.07566876
15613, 0.07566893
15614, 0.07566910
15615, 0.07566926
15616, 0.07566943
15617, 0.07566960
15618, 0.07566976
15619, 0.07566993
15620, 0.07567010
15621, 0.07567027
15622, 0.07567044
15623, 0.07567060
15624, 0.07567077
15625, 0.07567094
15626, 0.07567111
15627, 0.07567128
15628, 0.07567146
15629, 0.07567379
15630, 0.07567398
15631, 0.07567417
15632, 0.07567434
15633, 0.07567451
15634, 0.07567468
15635, 0.07567486
15636, 0.07567503
15637, 0.07567520
15638, 0.07567536
15639, 0.07567553
15640, 0.07567570
15641, 0.07567587
15642, 0.07567604
15643, 0.07567621
15644, 0.07567638
15645, 0.07567654
15646, 0.07567671
15647, 0.07567688
15648, 0.07567705
15649, 0.07567722
15650, 0.07567739
15651, 0.07567756
15652, 0.07567773
15653, 0.07567790
15654, 0.07567806
15655, 0.07567823
15656, 0.07567840
15657, 0.07567857
15658, 0.07567875
15659, 0.07567891
15660, 0.07567909
15661, 0.07567926
15662, 0.07567943
15663, 0.07567960
15664, 0.07567977
15665, 0.07567993
15666, 0.07568010
15667, 0.07568027
15668, 0.07568044
15669, 0.07568060
15670, 0.07568077
15671, 0.07568094
15672, 0.07568111
15673, 0.07568128
15674, 0.07568145
15675, 0.07568162
15676, 0.07568178
15677, 0.07568195
15678, 0.07568212
15679, 0.07568228
15680, 0.07568245
15681, 0.07568262
15682, 0.07568279
15683, 0.07568296
15684, 0.07568313
15685, 0.07568329
15686, 0.07568346
15687, 0.07568363
15688, 0.07568380
15689, 0.07568397
15690, 0.07568414
15691, 0.07568430
15692, 0.07568448
15693, 0.07568464
15694, 0.07568481
15695, 0.07568498
15696, 0.07568515
15697, 0.07568532
15698, 0.07568548
15699, 0.07568565
15700, 0.07568582
15701, 0.07568599
15702, 0.07568615
15703, 0.07568632
15704, 0.07568649
15705, 0.07568666
15706, 0.07568682
15707, 0.07568699
15708, 0.07568716
15709, 0.07568733
15710, 0.07568750
15711, 0.07568766
15712, 0.07568783
15713, 0.07568800
15714, 0.07568816
15715, 0.07568833
15716, 0.07568850
15717, 0.07568867
15718, 0.07568884
15719, 0.07568901
15720, 0.07568918
15721, 0.07568935
15722, 0.07568952
15723, 0.07568970
15724, 0.07568986
15725, 0.07569003
15726, 0.07569020
15727, 0.07569037
15728, 0.07569053
15729, 0.07569070
15730, 0.07569087
15731, 0.07569103
15732, 0.07569120
15733, 0.07569137
15734, 0.07569154
15735, 0.07569170
15736, 0.07569187
15737, 0.07569204
15738, 0.07569221
15739, 0.07569238
15740, 0.07569254
15741, 0.07569271
15742, 0.07569288
15743, 0.07569305
15744, 0.07569322
15745, 0.07569338
15746, 0.07569355
15747, 0.07569372
15748, 0.07569389
15749, 0.07569405
15750, 0.07569422
15751, 0.07569439
15752, 0.07569456
15753, 0.07569472
15754, 0.07569490
15755, 0.07569709
15756, 0.07569728
15757, 0.07569745
15758, 0.07569763
15759, 0.07569780
15760, 0.07569797
15761, 0.07569814
15762, 0.07569831
15763, 0.07569848
15764, 0.07569865
15765, 0.07569882
15766, 0.07569899
15767, 0.07569916
15768, 0.07569932
15769, 0.07569949
15770, 0.07569966
15771, 0.07569983
15772, 0.07570000
15773, 0.07570016
15774, 0.07570033
15775, 0.07570050
15776, 0.07570067
15777, 0.07570084
15778, 0.07570100
15779, 0.07570117
15780, 0.07570134
15781, 0.07570151
15782, 0.07570168
15783, 0.07570185
15784, 0.07570202
15785, 0.07570218
15786, 0.07570235
15787, 0.07570253
15788, 0.07570269
15789, 0.07570286
15790, 0.07570303
15791, 0.07570320
15792, 0.07570337
15793, 0.07570354
15794, 0.07570371
15795, 0.07570388
15796, 0.07570405
15797, 0.07570422
15798, 0.07570438
15799, 0.07570455
15800, 0.07570472
15801, 0.07570489
15802, 0.07570505
15803, 0.07570522
15804, 0.07570539
15805, 0.07570555
15806, 0.07570572
15807, 0.07570590
15808, 0.07570607
15809, 0.07570624
15810, 0.07570641
15811, 0.07570657
15812, 0.07570674
15813, 0.07570691
15814, 0.07570707
15815, 0.07570724
15816, 0.07570741
15817, 0.07570758
15818, 0.07570775
15819, 0.07570792
15820, 0.07570809
15821, 0.07570826
15822, 0.07570843
15823, 0.07570860
15824, 0.07570876
15825, 0.07570895
15826, 0.07570912
15827, 0.07570931
15828, 0.07570948
15829, 0.07570965
15830, 0.07570982
15831, 0.07570999
15832, 0.07571017
15833, 0.07571035
15834, 0.07571053
15835, 0.07571070
15836, 0.07571088
15837, 0.07571105
15838, 0.07571123
15839, 0.07571140
15840, 0.07571157
15841, 0.07571174
15842, 0.07571191
15843, 0.07571208
15844, 0.07571225
15845, 0.07571242
15846, 0.07571259
15847, 0.07571276
15848, 0.07571293
15849, 0.07571310
15850, 0.07571327
15851, 0.07571344
15852, 0.07571361
15853, 0.07571378
15854, 0.07571395
15855, 0.07571413
15856, 0.07571430
15857, 0.07571447
15858, 0.07571464
15859, 0.07571481
15860, 0.07571499
15861, 0.07571516
15862, 0.07571533
15863, 0.07571550
15864, 0.07571566
15865, 0.07571585
15866, 0.07571602
15867, 0.07571618
15868, 0.07571635
15869, 0.07571652
15870, 0.07571669
15871, 0.07571686
15872, 0.07571703
15873, 0.07571721
15874, 0.07571739
15875, 0.07571756
15876, 0.07571774
15877, 0.07571790
15878, 0.07571808
15879, 0.07571834
15880, 0.07571853
15881, 0.07572069
15882, 0.07572089
15883, 0.07572107
15884, 0.07572124
15885, 0.07572142
15886, 0.07572159
15887, 0.07572183
15888, 0.07572200
15889, 0.07572217
15890, 0.07572234
15891, 0.07572251
15892, 0.07572268
15893, 0.07572285
15894, 0.07572302
15895, 0.07572327
15896, 0.07572345
15897, 0.07572362
15898, 0.07572379
15899, 0.07572397
15900, 0.07572414
15901, 0.07572431
15902, 0.07572448
15903, 0.07572473
15904, 0.07572490
15905, 0.07572507
15906, 0.07572524
15907, 0.07572542
15908, 0.07572559
15909, 0.07572576
15910, 0.07572593
15911, 0.07572618
15912, 0.07572635
15913, 0.07572652
15914, 0.07572669
15915, 0.07572686
15916, 0.07572703
15917, 0.07572721
15918, 0.07572738
15919, 0.07572762
15920, 0.07572780
15921, 0.07572797
15922, 0.07572814
15923, 0.07572831
15924, 0.07572848
15925, 0.07572865
15926, 0.07572883
15927, 0.07572909
15928, 0.07572926
15929, 0.07572944
15930, 0.07572961
15931, 0.07572978
15932, 0.07572995
15933, 0.07573012
15934, 0.07573029
15935, 0.07573054
15936, 0.07573071
15937, 0.07573088
15938, 0.07573106
15939, 0.07573123
15940, 0.07573140
15941, 0.07573157
15942, 0.07573174
15943, 0.07573191
15944, 0.07573208
15945, 0.07573226
15946, 0.07573243
15947, 0.07573260
15948, 0.07573277
15949, 0.07573294
15950, 0.07573312
15951, 0.07573328
15952, 0.07573346
15953, 0.07573363
15954, 0.07573380
15955, 0.07573397
15956, 0.07573414
15957, 0.07573431
15958, 0.07573448
15959, 0.07573465
15960, 0.07573482
15961, 0.07573499
15962, 0.07573517
15963, 0.07573534
15964, 0.07573551
15965, 0.07573568
15966, 0.07573585
15967, 0.07573602
15968, 0.07573619
15969, 0.07573636
15970, 0.07573654
15971, 0.07573671
15972, 0.07573688
15973, 0.07573706
15974, 0.07573723
15975, 0.07573740
15976, 0.07573757
15977, 0.07573774
15978, 0.07573791
15979, 0.07573810
15980, 0.07573827
15981, 0.07573844
15982, 0.07573862
15983, 0.07573878
15984, 0.07573895
15985, 0.07573913
15986, 0.07573930
15987, 0.07573947
15988, 0.07573964
15989, 0.07573981
15990, 0.07573998
15991, 0.07574015
15992, 0.07574031
15993, 0.07574049
15994, 0.07574066
15995, 0.07574083
15996, 0.07574100
15997, 0.07574117
15998, 0.07574134
15999, 0.07574151
16000, 0.07574168
16001, 0.07574185
16002, 0.07574202
16003, 0.07574219
16004, 0.07574236
16005, 0.07574253
16006, 0.07574272
16007, 0.07574483
16008, 0.07574502
16009, 0.07574520
16010, 0.07574537
16011, 0.07574554
16012, 0.07574570
16013, 0.07574587
16014, 0.07574604
16015, 0.07574621
16016, 0.07574638
16017, 0.07574655
16018, 0.07574673
16019, 0.07574690
16020, 0.07574707
16021, 0.07574725
16022, 0.07574744
16023, 0.07574761
16024, 0.07574778
16025, 0.07574795
16026, 0.07574814
16027, 0.07574831
16028, 0.07574849
16029, 0.07574866
16030, 0.07574882
16031, 0.07574899
16032, 0.07574917
16033, 0.07574934
16034, 0.07574951
16035, 0.07574969
16036, 0.07574986
16037, 0.07575003
16038, 0.07575020
16039, 0.07575037
16040, 0.07575054
16041, 0.07575071
16042, 0.07575088
16043, 0.07575105
16044, 0.07575122
16045, 0.07575139
16046, 0.07575157
16047, 0.07575174
16048, 0.07575191
16049, 0.07575210
16050, 0.07575229
16051, 0.07575246
16052, 0.07575263
16053, 0.07575280
16054, 0.07575297
16055, 0.07575313
16056, 0.07575331
16057, 0.07575348
16058, 0.07575365
16059, 0.07575382
16060, 0.07575401
16061, 0.07575418
16062, 0.07575435
16063, 0.07575452
16064, 0.07575469
16065, 0.07575487
16066, 0.07575504
16067, 0.07575521
16068, 0.07575539
16069, 0.07575556
16070, 0.07575573
16071, 0.07575590
16072, 0.07575607
16073, 0.07575624
16074, 0.07575642
16075, 0.07575661
16076, 0.07575678
16077, 0.07575696
16078, 0.07575713
16079, 0.07575730
16080, 0.07575747
16081, 0.07575768
16082, 0.07575786
16083, 0.07575803
16084, 0.07575820
16085, 0.07575837
16086, 0.07575854
16087, 0.07575871
16088, 0.07575888
16089, 0.07575906
16090, 0.07575923
16091, 0.07575940
16092, 0.07575958
16093, 0.07575977
16094, 0.07575994
16095, 0.07576011
16096, 0.07576029
16097, 0.07576046
16098, 0.07576063
16099, 0.07576079
16100, 0.07576097
16101, 0.07576114
16102, 0.07576131
16103, 0.07576148
16104, 0.07576165
16105, 0.07576183
16106, 0.07576200
16107, 0.07576217
16108, 0.07576234
16109, 0.07576252
16110, 0.07576271
16111, 0.07576288
16112, 0.07576305
16113, 0.07576322
16114, 0.07576339
16115, 0.07576356
16116, 0.07576374
16117, 0.07576391
16118, 0.07576408
16119, 0.07576425
16120, 0.07576442
16121, 0.07576459
16122, 0.07576476
16123, 0.07576494
16124, 0.07576513
16125, 0.07576530
16126, 0.07576547
16127, 0.07576564
16128, 0.07576582
16129, 0.07576599
16130, 0.07576616
16131, 0.07576633
16132, 0.07576652
16133, 0.07576866
16134, 0.07576886
16135, 0.07576904
16136, 0.07576921
16137, 0.07576939
16138, 0.07576956
16139, 0.07576973
16140, 0.07576990
16141, 0.07577009
16142, 0.07577026
16143, 0.07577043
16144, 0.07577059
16145, 0.07577076
16146, 0.07577093
16147, 0.07577110
16148, 0.07577128
16149, 0.07577145
16150, 0.07577162
16151, 0.07577179
16152, 0.07577196
16153, 0.07577216
16154, 0.07577232
16155, 0.07577250
16156, 0.07577267
16157, 0.07577284
16158, 0.07577301
16159, 0.07577318
16160, 0.07577335
16161, 0.07577352
16162, 0.07577369
16163, 0.07577387
16164, 0.07577404
16165, 0.07577421
16166, 0.07577438
16167, 0.07577455
16168, 0.07577472
16169, 0.07577490
16170, 0.07577507
16171, 0.07577524
16172, 0.07577541
16173, 0.07577558
16174, 0.07577575
16175, 0.07577592
16176, 0.07577609
16177, 0.07577626
16178, 0.07577644
16179, 0.07577661
16180, 0.07577678
16181, 0.07577695
16182, 0.07577712
16183, 0.07577729
16184, 0.07577746
16185, 0.07577765
16186, 0.07577782
16187, 0.07577801
16188, 0.07577818
16189, 0.07577835
16190, 0.07577860
16191, 0.07577877
16192, 0.07577894
16193, 0.07577911
16194, 0.07577928
16195, 0.07577945
16196, 0.07577962
16197, 0.07577980
16198, 0.07577997
16199, 0.07578014
16200, 0.07578031
16201, 0.07578048
16202, 0.07578065
16203, 0.07578082
16204, 0.07578099
16205, 0.07578118
16206, 0.07578136
16207, 0.07578153
16208, 0.07578176
16209, 0.07578200
16210, 0.07578217
16211, 0.07578234
16212, 0.07578251
16213, 0.07578268
16214, 0.07578288
16215, 0.07578305
16216, 0.07578322
16217, 0.07578339
16218, 0.07578356
16219, 0.07578373
16220, 0.07578390
16221, 0.07578407
16222, 0.07578424
16223, 0.07578441
16224, 0.07578458
16225, 0.07578475
16226, 0.07578492
16227, 0.07578509
16228, 0.07578526
16229, 0.07578543
16230, 0.07578560
16231, 0.07578577
16232, 0.07578595
16233, 0.07578614
16234, 0.07578631
16235, 0.07578648
16236, 0.07578665
16237, 0.07578682
16238, 0.07578700
16239, 0.07578716
16240, 0.07578733
16241, 0.07578750
16242, 0.07578768
16243, 0.07578785
16244, 0.07578802
16245, 0.07578819
16246, 0.07578836
16247, 0.07578854
16248, 0.07578871
16249, 0.07578888
16250, 0.07578907
16251, 0.07578924
16252, 0.07578942
16253, 0.07578959
16254, 0.07578976
16255, 0.07578993
16256, 0.07579011
16257, 0.07579028
16258, 0.07579047
16259, 0.07579295
16260, 0.07579315
16261, 0.07579333
16262, 0.07579351
16263, 0.07579368
16264, 0.07579385
16265, 0.07579402
16266, 0.07579419
16267, 0.07579437
16268, 0.07579455
16269, 0.07579472
16270, 0.07579489
16271, 0.07579506
16272, 0.07579523
16273, 0.07579540
16274, 0.07579557
16275, 0.07579576
16276, 0.07579593
16277, 0.07579610
16278, 0.07579627
16279, 0.07579644
16280, 0.07579667
16281, 0.07579686
16282, 0.07579703
16283, 0.07579720
16284, 0.07579737
16285, 0.07579755
16286, 0.07579771
16287, 0.07579788
16288, 0.07579805
16289, 0.07579822
16290, 0.07579839
16291, 0.07579856
16292, 0.07579873
16293, 0.07579890
16294, 0.07579907
16295, 0.07579924
16296, 0.07579941
16297, 0.07579958
16298, 0.07579975
16299, 0.07579993
16300, 0.07580010
16301, 0.07580027
16302, 0.07580044
16303, 0.07580061
16304, 0.07580078
16305, 0.07580095
16306, 0.07580112
16307, 0.07580131
16308, 0.07580150
16309, 0.07580167
16310, 0.07580184
16311, 0.07580201
16312, 0.07580218
16313, 0.07580235
16314, 0.07580252
16315, 0.07580269
16316, 0.07580286
16317, 0.07580303
16318, 0.07580320
16319, 0.07580337
16320, 0.07580354
16321, 0.07580371
16322, 0.07580390
16323, 0.07580407
16324, 0.07580424
16325, 0.07580442
16326, 0.07580459
16327, 0.07580476
16328, 0.07580493
16329, 0.07580510
16330, 0.07580528
16331, 0.07580545
16332, 0.07580562
16333, 0.07580579
16334, 0.07580596
16335, 0.07580614
16336, 0.07580633
16337, 0.07580650
16338, 0.07580667
16339, 0.07580684
16340, 0.07580701
16341, 0.07580718
16342, 0.07580745
16343, 0.07580761
16344, 0.07580779
16345, 0.07580796
16346, 0.07580813
16347, 0.07580830
16348, 0.07580848
16349, 0.07580865
16350, 0.07580882
16351, 0.07580899
16352, 0.07580916
16353, 0.07580935
16354, 0.07580952
16355, 0.07580969
16356, 0.07580986
16357, 0.07581003
16358, 0.07581021
16359, 0.07581037
16360, 0.07581055
16361, 0.07581072
16362, 0.07581089
16363, 0.07581106
16364, 0.07581124
16365, 0.07581143
16366, 0.07581159
16367, 0.07581176
16368, 0.07581193
16369, 0.07581210
16370, 0.07581228
16371, 0.07581245
16372, 0.07581262
16373, 0.07581279
16374, 0.07581297
16375, 0.07581314
16376, 0.07581331
16377, 0.07581348
16378, 0.07581365
16379, 0.07581384
16380, 0.07581401
16381, 0.07581418
16382, 0.07581435
16383, 0.07581452
16384, 0.07581470
16385, 0.07582324
16386, 0.07582343
16387, 0.07582361
16388, 0.07582379
16389, 0.07582397
16390, 0.07582414
16391, 0.07582439
16392, 0.07582455
16393, 0.07582472
16394, 0.07582489
16395, 0.07582505
16396, 0.07582522
16397, 0.07582539
16398, 0.07582556
16399, 0.07582580
16400, 0.07582597
16401, 0.07582613
16402, 0.07582630
16403, 0.07582647
16404, 0.07582666
16405, 0.07582683
16406, 0.07582700
16407, 0.07582724
16408, 0.07582741
16409, 0.07582757
16410, 0.07582774
16411, 0.07582791
16412, 0.07582808
16413, 0.07582825
16414, 0.07582842
16415, 0.07582867
16416, 0.07582884
16417, 0.07582901
16418, 0.07582918
16419, 0.07582935
16420, 0.07582952
16421, 0.07582969
16422, 0.07582985
16423, 0.07583009
16424, 0.07583026
16425, 0.07583043
16426, 0.07583059
16427, 0.07583076
16428, 0.07583093
16429, 0.07583110
16430, 0.07583127
16431, 0.07583151
16432, 0.07583168
16433, 0.07583185
16434, 0.07583202
16435, 0.07583219
16436, 0.07583236
16437, 0.07583252
16438, 0.07583269
16439, 0.07583293
16440, 0.07583310
16441, 0.07583327
16442, 0.07583343
16443, 0.07583360
16444, 0.07583377
16445, 0.07583394
16446, 0.07583411
16447, 0.07583437
16448, 0.07583453
16449, 0.07583470
16450, 0.07583487
16451, 0.07583504
16452, 0.07583521
16453, 0.07583537
16454, 0.07583554
16455, 0.07583571
16456, 0.07583588
16457, 0.07583607
16458, 0.07583623
16459, 0.07583640
16460, 0.07583659
16461, 0.07583676
16462, 0.07583693
16463, 0.07583710
16464, 0.07583726
16465, 0.07583743
16466, 0.07583760
16467, 0.07583777
16468, 0.07583793
16469, 0.07583810
16470, 0.07583827
16471, 0.07583843
16472, 0.07583860
16473, 0.07583877
16474, 0.07583894
16475, 0.07583911
16476, 0.07583928
16477, 0.07583945
16478, 0.07583962
16479, 0.07583978
16480, 0.07583995
16481, 0.07584012
16482, 0.07584029
16483, 0.07584046
16484, 0.07584062
16485, 0.07584079
16486, 0.07584096
16487, 0.07584113
16488, 0.07584129
16489, 0.07584146
16490, 0.07584163
16491, 0.07584180
16492, 0.07584196
16493, 0.07584213
16494, 0.07584230
16495, 0.07584249
16496, 0.07584266
16497, 0.07584283
16498, 0.07584300
16499, 0.07584317
16500, 0.07584334
16501, 0.07584351
16502, 0.07584367
16503, 0.07584385
16504, 0.07584401
16505, 0.07584418
16506, 0.07584435
16507, 0.07584452
16508, 0.07584469
16509, 0.07584486
16510, 0.07584504
16511, 0.07584722
16512, 0.07584742
16513, 0.07584760
16514, 0.07584778
16515, 0.07584795
16516, 0.07584812
16517, 0.07584829
16518, 0.07584846
16519, 0.07584863
16520, 0.07584880
16521, 0.07584897
16522, 0.07584914
16523, 0.07584931
16524, 0.07584948
16525, 0.07584965
16526, 0.07584981
16527, 0.07584999
16528, 0.07585017
16529, 0.07585034
16530, 0.07585052
16531, 0.07585069
16532, 0.07585086
16533, 0.07585103
16534, 0.07585120
16535, 0.07585137
16536, 0.07585154
16537, 0.07585171
16538, 0.07585188
16539, 0.07585205
16540, 0.07585222
16541, 0.07585239
16542, 0.07585256
16543, 0.07585273
16544, 0.07585290
16545, 0.07585307
16546, 0.07585324
16547, 0.07585340
16548, 0.07585358
16549, 0.07585374
16550, 0.07585393
16551, 0.07585410
16552, 0.07585427
16553, 0.07585444
16554, 0.07585461
16555, 0.07585478
16556, 0.07585495
16557, 0.07585511
16558, 0.07585528
16559, 0.07585545
16560, 0.07585562
16561, 0.07585579
16562, 0.07585596
16563, 0.07585613
16564, 0.07585632
16565, 0.07585649
16566, 0.07585665
16567, 0.07585683
16568, 0.07585699
16569, 0.07585716
16570, 0.07585734
16571, 0.07585751
16572, 0.07585767
16573, 0.07585785
16574, 0.07585801
16575, 0.07585818
16576, 0.07585835
16577, 0.07585852
16578, 0.07585869
16579, 0.07585886
16580, 0.07585903
16581, 0.07585922
16582, 0.07585939
16583, 0.07585956
16584, 0.07585973
16585, 0.07585990
16586, 0.07586007
16587, 0.07586023
16588, 0.07586040
16589, 0.07586057
16590, 0.07586074
16591, 0.07586092
16592, 0.07586109
16593, 0.07586126
16594, 0.07586143
16595, 0.07586159
16596, 0.07586176
16597, 0.07586193
16598, 0.07586210
16599, 0.07586227
16600, 0.07586244
16601, 0.07586261
16602, 0.07586278
16603, 0.07586295
16604, 0.07586312
16605, 0.07586329
16606, 0.07586346
16607, 0.07586363
16608, 0.07586380
16609, 0.07586397
16610, 0.07586414
16611, 0.07586431
16612, 0.07586448
16613, 0.07586465
16614, 0.07586484
16615, 0.07586500
16616, 0.07586517
16617, 0.07586535
16618, 0.07586552
16619, 0.07586570
16620, 0.07586587
16621, 0.07586604
16622, 0.07586620
16623, 0.07586637
16624, 0.07586655
16625, 0.07586671
16626, 0.07586688
16627, 0.07586705
16628, 0.07586722
16629, 0.07586739
16630, 0.07586756
16631, 0.07586773
16632, 0.07586789
16633, 0.07586806
16634, 0.07586823
16635, 0.07586840
16636, 0.07586858
16637, 0.07587067
16638, 0.07587087
16639, 0.07587104
16640, 0.07587121
16641, 0.07587138
16642, 0.07587156
16643, 0.07587172
16644, 0.07587189
16645, 0.07587206
16646, 0.07587224
16647, 0.07587241
16648, 0.07587258
16649, 0.07587275
16650, 0.07587292
16651, 0.07587309
16652, 0.07587326
16653, 0.07587343
16654, 0.07587360
16655, 0.07587377
16656, 0.07587394
16657, 0.07587411
16658, 0.07587428
16659, 0.07587445
16660, 0.07587462
16661, 0.07587479
16662, 0.07587496
16663, 0.07587513
16664, 0.07587530
16665, 0.07587547
16666, 0.07587564
16667, 0.07587581
16668, 0.07587598
16669, 0.07587615
16670, 0.07587632
16671, 0.07587649
16672, 0.07587666
16673, 0.07587683
16674, 0.07587700
16675, 0.07587717
16676, 0.07587734
16677, 0.07587751
16678, 0.07587768
16679, 0.07587785
16680, 0.07587802
16681, 0.07587819
16682, 0.07587836
16683, 0.07587853
16684, 0.07587870
16685, 0.07587887
16686, 0.07587904
16687, 0.07587921
16688, 0.07587938
16689, 0.07587955
16690, 0.07587972
16691, 0.07587989
16692, 0.07588006
16693, 0.07588022
16694, 0.07588040
16695, 0.07588057
16696, 0.07588074
16697, 0.07588091
16698, 0.07588108
16699, 0.07588125
16700, 0.07588142
16701, 0.07588158
16702, 0.07588175
16703, 0.07588193
16704, 0.07588209
16705, 0.07588226
16706, 0.07588243
16707, 0.07588260
16708, 0.07588277
16709, 0.07588294
16710, 0.07588311
16711, 0.07588327
16712, 0.07588344
16713, 0.07588361
16714, 0.07588378
16715, 0.07588395
16716, 0.07588412
16717, 0.07588429
16718, 0.07588446
16719, 0.07588463
16720, 0.07588482
16721, 0.07588499
16722, 0.07588516
16723, 0.07588533
16724, 0.07588550
16725, 0.07588566
16726, 0.07588584
16727, 0.07588601
16728, 0.07588618
16729, 0.07588635
16730, 0.07588652
16731, 0.07588669
16732, 0.07588686
16733, 0.07588703
16734, 0.07588720
16735, 0.07588737
16736, 0.07588754
16737, 0.07588771
16738, 0.07588788
16739, 0.07588805
16740, 0.07588822
16741, 0.07588839
16742, 0.07588856
16743, 0.07588873
16744, 0.07588890
16745, 0.07588907
16746, 0.07588924
16747, 0.07588941
16748, 0.07588958
16749, 0.07588975
16750, 0.07588998
16751, 0.07589015
16752, 0.07589032
16753, 0.07589049
16754, 0.07589066
16755, 0.07589083
16756, 0.07589100
16757, 0.07589117
16758, 0.07589134
16759, 0.07589150
16760, 0.07589167
16761, 0.07589184
16762, 0.07589202
16763, 0.07589469
16764, 0.07589489
16765, 0.07589507
16766, 0.07589525
16767, 0.07589543
16768, 0.07589561
16769, 0.07589578
16770, 0.07589595
16771, 0.07589613
16772, 0.07589630
16773, 0.07589648
16774, 0.07589666
16775, 0.07589683
16776, 0.07589701
16777, 0.07589719
16778, 0.07589737
16779, 0.07589755
16780, 0.07589772
16781, 0.07589790
16782, 0.07589808
16783, 0.07589825
16784, 0.07589843
16785, 0.07589861
16786, 0.07589879
16787, 0.07589896
16788, 0.07589914
16789, 0.07589932
16790, 0.07589950
16791, 0.07589967
16792, 0.07589985
16793, 0.07590003
16794, 0.07590020
16795, 0.07590038
16796, 0.07590056
16797, 0.07590074
16798, 0.07590091
16799, 0.07590109
16800, 0.07590127
16801, 0.07590145
16802, 0.07590162
16803, 0.07590180
16804, 0.07590198
16805, 0.07590216
16806, 0.07590233
16807, 0.07590251
16808, 0.07590269
16809, 0.07590286
16810, 0.07590304
16811, 0.07590322
16812, 0.07590340
16813, 0.07590357
16814, 0.07590375
16815, 0.07590393
16816, 0.07590410
16817, 0.07590428
16818, 0.07590452
16819, 0.07590470
16820, 0.07590488
16821, 0.07590505
16822, 0.07590523
16823, 0.07590541
16824, 0.07590559
16825, 0.07590576
16826, 0.07590594
16827, 0.07590612
16828, 0.07590630
16829, 0.07590647
16830, 0.07590665
16831, 0.07590683
16832, 0.07590700
16833, 0.07590718
16834, 0.07590736
16835, 0.07590754
16836, 0.07590771
16837, 0.07590789
16838, 0.07590807
16839, 0.07590824
16840, 0.07590842
16841, 0.07590860
16842, 0.07590878
16843, 0.07590896
16844, 0.07590913
16845, 0.07590931
16846, 0.07590949
16847, 0.07590973
16848, 0.07590990
16849, 0.07591008
16850, 0.07591026
16851, 0.07591044
16852, 0.07591061
16853, 0.07591079
16854, 0.07591097
16855, 0.07591114
16856, 0.07591132
16857, 0.07591150
16858, 0.07591168
16859, 0.07591185
16860, 0.07591203
16861, 0.07591221
16862, 0.07591238
16863, 0.07591256
16864, 0.07591274
16865, 0.07591292
16866, 0.07591309
16867, 0.07591327
16868, 0.07591345
16869, 0.07591363
16870, 0.07591381
16871, 0.07591398
16872, 0.07591416
16873, 0.07591434
16874, 0.07591451
16875, 0.07591469
16876, 0.07591487
16877, 0.07591505
16878, 0.07591522
16879, 0.07591540
16880, 0.07591558
16881, 0.07591576
16882, 0.07591593
16883, 0.07591611
16884, 0.07591629
16885, 0.07591647
16886, 0.07591664
16887, 0.07591682
16888, 0.07591701
16889, 0.07591936
16890, 0.07591955
16891, 0.07591973
16892, 0.07591991
16893, 0.07592008
16894, 0.07592026
16895, 0.07592051
16896, 0.07592069
16897, 0.07592086
16898, 0.07592104
16899, 0.07592121
16900, 0.07592139
16901, 0.07592156
16902, 0.07592173
16903, 0.07592198
16904, 0.07592216
16905, 0.07592233
16906, 0.07592250
16907, 0.07592268
16908, 0.07592285
16909, 0.07592303
16910, 0.07592321
16911, 0.07592378
16912, 0.07592395
16913, 0.07592412
16914, 0.07592430
16915, 0.07592447
16916, 0.07592465
16917, 0.07592482
16918, 0.07592499
16919, 0.07592526
16920, 0.07592543
16921, 0.07592560
16922, 0.07592577
16923, 0.07592595
16924, 0.07592619
16925, 0.07592635
16926, 0.07592652
16927, 0.07592677
16928, 0.07592694
16929, 0.07592712
16930, 0.07592729
16931, 0.07592746
16932, 0.07592764
16933, 0.07592781
16934, 0.07592798
16935, 0.07592823
16936, 0.07592840
16937, 0.07592857
16938, 0.07592875
16939, 0.07592892
16940, 0.07592909
16941, 0.07592927
16942, 0.07592944
16943, 0.07592968
16944, 0.07592985
16945, 0.07593002
16946, 0.07593020
16947, 0.07593037
16948, 0.07593055
16949, 0.07593072
16950, 0.07593089
16951, 0.07593133
16952, 0.07593153
16953, 0.07593170
16954, 0.07593188
16955, 0.07593205
16956, 0.07593223
16957, 0.07593240
16958, 0.07593257
16959, 0.07593283
16960, 0.07593301
16961, 0.07593319
16962, 0.07593337
16963, 0.07593354
16964, 0.07593371
16965, 0.07593388
16966, 0.07593405
16967, 0.07593430
16968, 0.07593448
16969, 0.07593466
16970, 0.07593483
16971, 0.07593500
16972, 0.07593518
16973, 0.07593536
16974, 0.07593553
16975, 0.07593573
16976, 0.07593590
16977, 0.07593608
16978, 0.07593625
16979, 0.07593643
16980, 0.07593660
16981, 0.07593677
16982, 0.07593694
16983, 0.07593712
16984, 0.07593729
16985, 0.07593746
16986, 0.07593763
16987, 0.07593780
16988, 0.07593797
16989, 0.07593814
16990, 0.07593831
16991, 0.07593849
16992, 0.07593866
16993, 0.07593883
16994, 0.07593900
16995, 0.07593917
16996, 0.07593934
16997, 0.07593951
16998, 0.07593967
16999, 0.07593987
17000, 0.07594004
17001, 0.07594021
17002, 0.07594038
17003, 0.07594056
17004, 0.07594074
17005, 0.07594091
17006, 0.07594109
17007, 0.07594127
17008, 0.07594145
17009, 0.07594162
17010, 0.07594180
17011, 0.07594196
17012, 0.07594213
17013, 0.07594231
17014, 0.07594249
17015, 0.07594467
17016, 0.07594486
17017, 0.07594503
17018, 0.07594520
17019, 0.07594543
17020, 0.07594560
17021, 0.07594577
17022, 0.07594593
17023, 0.07594610
17024, 0.07594627
17025, 0.07594644
17026, 0.07594661
17027, 0.07594678
17028, 0.07594695
17029, 0.07594712
17030, 0.07594729
17031, 0.07594745
17032, 0.07594762
17033, 0.07594779
17034, 0.07594796
17035, 0.07594813
17036, 0.07594830
17037, 0.07594847
17038, 0.07594863
17039, 0.07594880
17040, 0.07594897
17041, 0.07594914
17042, 0.07594931
17043, 0.07594947
17044, 0.07594964
17045, 0.07594981
17046, 0.07594998
17047, 0.07595015
17048, 0.07595032
17049, 0.07595048
17050, 0.07595066
17051, 0.07595082
17052, 0.07595100
17053, 0.07595117
17054, 0.07595134
17055, 0.07595151
17056, 0.07595168
17057, 0.07595185
17058, 0.07595202
17059, 0.07595219
17060, 0.07595235
17061, 0.07595253
17062, 0.07595270
17063, 0.07595287
17064, 0.07595304
17065, 0.07595321
17066, 0.07595337
17067, 0.07595354
17068, 0.07595371
17069, 0.07595388
17070, 0.07595405
17071, 0.07595422
17072, 0.07595439
17073, 0.07595456
17074, 0.07595473
17075, 0.07595490
17076, 0.07595507
17077, 0.07595524
17078, 0.07595541
17079, 0.07595558
17080, 0.07595574
17081, 0.07595591
17082, 0.07595608
17083, 0.07595625
17084, 0.07595642
17085, 0.07595659
17086, 0.07595676
17087, 0.07595693
17088, 0.07595710
17089, 0.07595727
17090, 0.07595744
17091, 0.07595760
17092, 0.07595783
17093, 0.07595800
17094, 0.07595817
17095, 0.07595834
17096, 0.07595850
17097, 0.07595867
17098, 0.07595884
17099, 0.07595901
17100, 0.07595918
17101, 0.07595935
17102, 0.07595951
17103, 0.07595968
17104, 0.07595985
17105, 0.07596002
17106, 0.07596020
17107, 0.07596037
17108, 0.07596054
17109, 0.07596071
17110, 0.07596089
17111, 0.07596106
17112, 0.07596124
17113, 0.07596141
17114, 0.07596158
17115, 0.07596175
17116, 0.07596192
17117, 0.07596208
17118, 0.07596225
17119, 0.07596242
17120, 0.07596259
17121, 0.07596276
17122, 0.07596293
17123, 0.07596310
17124, 0.07596327
17125, 0.07596344
17126, 0.07596361
17127, 0.07596378
17128, 0.07596395
17129, 0.07596411
17130, 0.07596428
17131, 0.07596445
17132, 0.07596462
17133, 0.07596479
17134, 0.07596496
17135, 0.07596513
17136, 0.07596530
17137, 0.07596547
17138, 0.07596563
17139, 0.07596580
17140, 0.07596598
17141, 0.07596829
17142, 0.07596848
17143, 0.07596865
17144, 0.07596882
17145, 0.07596899
17146, 0.07596916
17147, 0.07596933
17148, 0.07596950
17149, 0.07596967
17150, 0.07596983
17151, 0.07597001
17152, 0.07597018
17153, 0.07597034
17154, 0.07597051
17155, 0.07597068
17156, 0.07597085
17157, 0.07597102
17158, 0.07597119
17159, 0.07597136
17160, 0.07597158
17161, 0.07597175
17162, 0.07597192
17163, 0.07597209
17164, 0.07597225
17165, 0.07597242
17166, 0.07597259
17167, 0.07597276
17168, 0.07597292
17169, 0.07597309
17170, 0.07597326
17171, 0.07597342
17172, 0.07597359
17173, 0.07597376
17174, 0.07597393
17175, 0.07597410
17176, 0.07597426
17177, 0.07597443
17178, 0.07597460
17179, 0.07597477
17180, 0.07597494
17181, 0.07597511
17182, 0.07597528
17183, 0.07597544
17184, 0.07597561
17185, 0.07597578
17186, 0.07597595
17187, 0.07597612
17188, 0.07597629
17189, 0.07597646
17190, 0.07597662
17191, 0.07597679
17192, 0.07597695
17193, 0.07597712
17194, 0.07597729
17195, 0.07597746
17196, 0.07597763
17197, 0.07597780
17198, 0.07597797
17199, 0.07597813
17200, 0.07597830
17201, 0.07597847
17202, 0.07597864
17203, 0.07597880
17204, 0.07597897
17205, 0.07597914
17206, 0.07597930
17207, 0.07597947
17208, 0.07597964
17209, 0.07597981
17210, 0.07597998
17211, 0.07598014
17212, 0.07598031
17213, 0.07598048
17214, 0.07598065
17215, 0.07598086
17216, 0.07598102
17217, 0.07598119
17218, 0.07598136
17219, 0.07598153
17220, 0.07598170
17221, 0.07598187
17222, 0.07598203
17223, 0.07598220
17224, 0.07598237
17225, 0.07598254
17226, 0.07598270
17227, 0.07598287
17228, 0.07598304
17229, 0.07598320
17230, 0.07598337
17231, 0.07598354
17232, 0.07598371
17233, 0.07598388
17234, 0.07598405
17235, 0.07598421
17236, 0.07598438
17237, 0.07598465
17238, 0.07598481
17239, 0.07598498
17240, 0.07598515
17241, 0.07598531
17242, 0.07598548
17243, 0.07598565
17244, 0.07598581
17245, 0.07598598
17246, 0.07598615
17247, 0.07598631
17248, 0.07598648
17249, 0.07598665
17250, 0.07598682
17251, 0.07598699
17252, 0.07598716
17253, 0.07598732
17254, 0.07598749
17255, 0.07598766
17256, 0.07598783
17257, 0.07598800
17258, 0.07598817
17259, 0.07598833
17260, 0.07598850
17261, 0.07598867
17262, 0.07598884
17263, 0.07598900
17264, 0.07598917
17265, 0.07598934
17266, 0.07598952
17267, 0.07599180
17268, 0.07599200
17269, 0.07599218
17270, 0.07599236
17271, 0.07599253
17272, 0.07599271
17273, 0.07599288
17274, 0.07599305
17275, 0.07599322
17276, 0.07599339
17277, 0.07599355
17278, 0.07599372
17279, 0.07599389
17280, 0.07599406
17281, 0.07599422
17282, 0.07599439
17283, 0.07599456
17284, 0.07599472
17285, 0.07599489
17286, 0.07599506
17287, 0.07599522
17288, 0.07599539
17289, 0.07599556
17290, 0.07599573
17291, 0.07599590
17292, 0.07599606
17293, 0.07599623
17294, 0.07599640
17295, 0.07599656
17296, 0.07599673
17297, 0.07599690
17298, 0.07599707
17299, 0.07599723
17300, 0.07599740
17301, 0.07599757
17302, 0.07599773
17303, 0.07599790
17304, 0.07599807
17305, 0.07599824
17306, 0.07599840
17307, 0.07599857
17308, 0.07599873
17309, 0.07599890
17310, 0.07599907
17311, 0.07599923
17312, 0.07599940
17313, 0.07599970
17314, 0.07599987
17315, 0.07600003
17316, 0.07600020
17317, 0.07600037
17318, 0.07600053
17319, 0.07600071
17320, 0.07600088
17321, 0.07600105
17322, 0.07600122
17323, 0.07600139
17324, 0.07600156
17325, 0.07600173
17326, 0.07600190
17327, 0.07600207
17328, 0.07600224
17329, 0.07600241
17330, 0.07600258
17331, 0.07600275
17332, 0.07600292
17333, 0.07600309
17334, 0.07600327
17335, 0.07600344
17336, 0.07600361
17337, 0.07600378
17338, 0.07600395
17339, 0.07600412
17340, 0.07600429
17341, 0.07600448
17342, 0.07600467
17343, 0.07600484
17344, 0.07600501
17345, 0.07600519
17346, 0.07600536
17347, 0.07600553
17348, 0.07600570
17349, 0.07600587
17350, 0.07600604
17351, 0.07600621
17352, 0.07600638
17353, 0.07600655
17354, 0.07600672
17355, 0.07600689
17356, 0.07600706
17357, 0.07600723
17358, 0.07600741
17359, 0.07600760
17360, 0.07600778
17361, 0.07600796
17362, 0.07600813
17363, 0.07600831
17364, 0.07600849
17365, 0.07600866
17366, 0.07600884
17367, 0.07600901
17368, 0.07600919
17369, 0.07600937
17370, 0.07600954
17371, 0.07600972
17372, 0.07600990
17373, 0.07601007
17374, 0.07601025
17375, 0.07601043
17376, 0.07601060
17377, 0.07601078
17378, 0.07601095
17379, 0.07601113
17380, 0.07601130
17381, 0.07601148
17382, 0.07601166
17383, 0.07601185
17384, 0.07601203
17385, 0.07601221
17386, 0.07601238
17387, 0.07601256
17388, 0.07601273
17389, 0.07601291
17390, 0.07601309
17391, 0.07601326
17392, 0.07601345
17393, 0.07601598
17394, 0.07601617
17395, 0.07601635
17396, 0.07601652
17397, 0.07601669
17398, 0.07601686
17399, 0.07601702
17400, 0.07601719
17401, 0.07601736
17402, 0.07601753
17403, 0.07601771
17404, 0.07601788
17405, 0.07601805
17406, 0.07601822
17407, 0.07601839
17408, 0.07601856
17409, 0.07601873
17410, 0.07601890
17411, 0.07601906
17412, 0.07601924
17413, 0.07601941
17414, 0.07601958
17415, 0.07601982
17416, 0.07602000
17417, 0.07602017
17418, 0.07602034
17419, 0.07602051
17420, 0.07602068
17421, 0.07602085
17422, 0.07602102
17423, 0.07602127
17424, 0.07602144
17425, 0.07602161
17426, 0.07602178
17427, 0.07602195
17428, 0.07602212
17429, 0.07602229
17430, 0.07602247
17431, 0.07602271
17432, 0.07602288
17433, 0.07602306
17434, 0.07602323
17435, 0.07602340
17436, 0.07602357
17437, 0.07602374
17438, 0.07602391
17439, 0.07602415
17440, 0.07602433
17441, 0.07602450
17442, 0.07602467
17443, 0.07602484
17444, 0.07602501
17445, 0.07602518
17446, 0.07602535
17447, 0.07602559
17448, 0.07602576
17449, 0.07602593
17450, 0.07602610
17451, 0.07602627
17452, 0.07602645
17453, 0.07602662
17454, 0.07602679
17455, 0.07602705
17456, 0.07602722
17457, 0.07602739
17458, 0.07602756
17459, 0.07602773
17460, 0.07602791
17461, 0.07602808
17462, 0.07602825
17463, 0.07602850
17464, 0.07602867
17465, 0.07602884
17466, 0.07602901
17467, 0.07602918
17468, 0.07602935
17469, 0.07602953
17470, 0.07602970
17471, 0.07602994
17472, 0.07603011
17473, 0.07603028
17474, 0.07603045
17475, 0.07603062
17476, 0.07603079
17477, 0.07603096
17478, 0.07603113
17479, 0.07603130
17480, 0.07603147
17481, 0.07603164
17482, 0.07603181
17483, 0.07603198
17484, 0.07603216
17485, 0.07603233
17486, 0.07603250
17487, 0.07603267
17488, 0.07603284
17489, 0.07603301
17490, 0.07603318
17491, 0.07603335
17492, 0.07603352
17493, 0.07603369
17494, 0.07603387
17495, 0.07603404
17496, 0.07603421
17497, 0.07603438
17498, 0.07603455
17499, 0.07603472
17500, 0.07603489
17501, 0.07603506
17502, 0.07603523
17503, 0.07603541
17504, 0.07603558
17505, 0.07603575
17506, 0.07603592
17507, 0.07603609
17508, 0.07603626
17509, 0.07603643
17510, 0.07603660
17511, 0.07603677
17512, 0.07603694
17513, 0.07603711
17514, 0.07603728
17515, 0.07603745
17516, 0.07603763
17517, 0.07603780
17518, 0.07603798
17519, 0.07604021
17520, 0.07604040
17521, 0.07604057
17522, 0.07604075
17523, 0.07604093
17524, 0.07604110
17525, 0.07604128
17526, 0.07604146
17527, 0.07604163
17528, 0.07604180
17529, 0.07604197
17530, 0.07604214
17531, 0.07604231
17532, 0.07604248
17533, 0.07604265
17534, 0.07604281
17535, 0.07604298
17536, 0.07604315
17537, 0.07604332
17538, 0.07604349
17539, 0.07604366
17540, 0.07604383
17541, 0.07604406
17542, 0.07604423
17543, 0.07604446
17544, 0.07604463
17545, 0.07604480
17546, 0.07604497
17547, 0.07604514
17548, 0.07604531
17549, 0.07604548
17550, 0.07604565
17551, 0.07604582
17552, 0.07604599
17553, 0.07604616
17554, 0.07604633
17555, 0.07604650
17556, 0.07604667
17557, 0.07604684
17558, 0.07604701
17559, 0.07604718
17560, 0.07604735
17561, 0.07604752
17562, 0.07604769
17563, 0.07604786
17564, 0.07604803
17565, 0.07604821
17566, 0.07604838
17567, 0.07604855
17568, 0.07604872
17569, 0.07604889
17570, 0.07604906
17571, 0.07604923
17572, 0.07604940
17573, 0.07604957
17574, 0.07604974
17575, 0.07604991
17576, 0.07605008
17577, 0.07605025
17578, 0.07605043
17579, 0.07605060
17580, 0.07605077
17581, 0.07605094
17582, 0.07605111
17583, 0.07605128
17584, 0.07605145
17585, 0.07605162
17586, 0.07605179
17587, 0.07605196
17588, 0.07605213
17589, 0.07605230
17590, 0.07605247
17591, 0.07605266
17592, 0.07605283
17593, 0.07605301
17594, 0.07605318
17595, 0.07605335
17596, 0.07605352
17597, 0.07605369
17598, 0.07605386
17599, 0.07605403
17600, 0.07605422
17601, 0.07605439
17602, 0.07605456
17603, 0.07605473
17604, 0.07605490
17605, 0.07605507
17606, 0.07605523
17607, 0.07605540
17608, 0.07605557
17609, 0.07605574
17610, 0.07605591
17611, 0.07605608
17612, 0.07605626
17613, 0.07605643
17614, 0.07605660
17615, 0.07605677
17616, 0.07605694
17617, 0.07605711
17618, 0.07605728
17619, 0.07605745
17620, 0.07605762
17621, 0.07605779
17622, 0.07605796
17623, 0.07605813
17624, 0.07605829
17625, 0.07605847
17626, 0.07605864
17627, 0.07605881
17628, 0.07605899
17629, 0.07605918
17630, 0.07605935
17631, 0.07605952
17632, 0.07605969
17633, 0.07605986
17634, 0.07606003
17635, 0.07606020
17636, 0.07606037
17637, 0.07606054
17638, 0.07606071
17639, 0.07606089
17640, 0.07606106
17641, 0.07606123
17642, 0.07606154
17643, 0.07606172
17644, 0.07606190
17645, 0.07606411
17646, 0.07606430
17647, 0.07606448
17648, 0.07606465
17649, 0.07606482
17650, 0.07606499
17651, 0.07606516
17652, 0.07606533
17653, 0.07606551
17654, 0.07606568
17655, 0.07606585
17656, 0.07606602
17657, 0.07606619
17658, 0.07606636
17659, 0.07606653
17660, 0.07606670
17661, 0.07606688
17662, 0.07606705
17663, 0.07606722
17664, 0.07606739
17665, 0.07606756
17666, 0.07606773
17667, 0.07606790
17668, 0.07606807
17669, 0.07606824
17670, 0.07606841
17671, 0.07606858
17672, 0.07606876
17673, 0.07606892
17674, 0.07606909
17675, 0.07606926
17676, 0.07606944
17677, 0.07606961
17678, 0.07606978
17679, 0.07606995
17680, 0.07607012
17681, 0.07607029
17682, 0.07607047
17683, 0.07607064
17684, 0.07607081
17685, 0.07607098
17686, 0.07607115
17687, 0.07607132
17688, 0.07607149
17689, 0.07607166
17690, 0.07607183
17691, 0.07607200
17692, 0.07607217
17693, 0.07607234
17694, 0.07607251
17695, 0.07607268
17696, 0.07607286
17697, 0.07607303
17698, 0.07607320
17699, 0.07607337
17700, 0.07607354
17701, 0.07607371
17702, 0.07607388
17703, 0.07607405
17704, 0.07607422
17705, 0.07607440
17706, 0.07607457
17707, 0.07607474
17708, 0.07607491
17709, 0.07607508
17710, 0.07607525
17711, 0.07607542
17712, 0.07607559
17713, 0.07607576
17714, 0.07607594
17715, 0.07607611
17716, 0.07607628
17717, 0.07607645
17718, 0.07607662
17719, 0.07607679
17720, 0.07607696
17721, 0.07607719
17722, 0.07607743
17723, 0.07607760
17724, 0.07607777
17725, 0.07607795
17726, 0.07607811
17727, 0.07607829
17728, 0.07607846
17729, 0.07607863
17730, 0.07607880
17731, 0.07607897
17732, 0.07607914
17733, 0.07607931
17734, 0.07607948
17735, 0.07607969
17736, 0.07607986
17737, 0.07608003
17738, 0.07608020
17739, 0.07608038
17740, 0.07608055
17741, 0.07608073
17742, 0.07608105
17743, 0.07608123
17744, 0.07608140
17745, 0.07608158
17746, 0.07608181
17747, 0.07608199
17748, 0.07608216
17749, 0.07608233
17750, 0.07608250
17751, 0.07608268
17752, 0.07608285
17753, 0.07608302
17754, 0.07608320
17755, 0.07608337
17756, 0.07608355
17757, 0.07608372
17758, 0.07608389
17759, 0.07608406
17760, 0.07608423
17761, 0.07608440
17762, 0.07608457
17763, 0.07608475
17764, 0.07608492
17765, 0.07608509
17766, 0.07608526
17767, 0.07608543
17768, 0.07608561
17769, 0.07608578
17770, 0.07608596
17771, 0.07608821
17772, 0.07608840
17773, 0.07608857
17774, 0.07608875
17775, 0.07608892
17776, 0.07608909
17777, 0.07608926
17778, 0.07608944
17779, 0.07608961
17780, 0.07608979
17781, 0.07608995
17782, 0.07609013
17783, 0.07609030
17784, 0.07609048
17785, 0.07609065
17786, 0.07609083
17787, 0.07609100
17788, 0.07609117
17789, 0.07609135
17790, 0.07609152
17791, 0.07609170
17792, 0.07609187
17793, 0.07609205
17794, 0.07609222
17795, 0.07609240
17796, 0.07609257
17797, 0.07609275
17798, 0.07609292
17799, 0.07609310
17800, 0.07609327
17801, 0.07609345
17802, 0.07609362
17803, 0.07609380
17804, 0.07609397
17805, 0.07609415
17806, 0.07609432
17807, 0.07609450
17808, 0.07609467
17809, 0.07609485
17810, 0.07609508
17811, 0.07609532
17812, 0.07609550
17813, 0.07609567
17814, 0.07609585
17815, 0.07609602
17816, 0.07609620
17817, 0.07609638
17818, 0.07609655
17819, 0.07609672
17820, 0.07609690
17821, 0.07609707
17822, 0.07609725
17823, 0.07609742
17824, 0.07609760
17825, 0.07609777
17826, 0.07609795
17827, 0.07609812
17828, 0.07609830
17829, 0.07609847
17830, 0.07609865
17831, 0.07609882
17832, 0.07609900
17833, 0.07609917
17834, 0.07609935
17835, 0.07609952
17836, 0.07609970
17837, 0.07609987
17838, 0.07610005
17839, 0.07610022
17840, 0.07610040
17841, 0.07610057
17842, 0.07610075
17843, 0.07610092
17844, 0.07610110
17845, 0.07610127
17846, 0.07610145
17847, 0.07610162
17848, 0.07610180
17849, 0.07610198
17850, 0.07610215
17851, 0.07610233
17852, 0.07610250
17853, 0.07610273
17854, 0.07610298
17855, 0.07610315
17856, 0.07610332
17857, 0.07610349
17858, 0.07610366
17859, 0.07610384
17860, 0.07610401
17861, 0.07610419
17862, 0.07610436
17863, 0.07610453
17864, 0.07610471
17865, 0.07610488
17866, 0.07610505
17867, 0.07610523
17868, 0.07610540
17869, 0.07610558
17870, 0.07610575
17871, 0.07610592
17872, 0.07610609
17873, 0.07610627
17874, 0.07610645
17875, 0.07610662
17876, 0.07610679
17877, 0.07610696
17878, 0.07610713
17879, 0.07610730
17880, 0.07610748
17881, 0.07610765
17882, 0.07610782
17883, 0.07610799
17884, 0.07610817
17885, 0.07610834
17886, 0.07610851
17887, 0.07610869
17888, 0.07610886
17889, 0.07610903
17890, 0.07610920
17891, 0.07610938
17892, 0.07610955
17893, 0.07610972
17894, 0.07610989
17895, 0.07611006
17896, 0.07611026
17897, 0.07611367
17898, 0.07611387
17899, 0.07611405
17900, 0.07611423
17901, 0.07611440
17902, 0.07611456
17903, 0.07611474
17904, 0.07611491
17905, 0.07611508
17906, 0.07611525
17907, 0.07611542
17908, 0.07611559
17909, 0.07611576
17910, 0.07611593
17911, 0.07611610
17912, 0.07611633
17913, 0.07611661
17914, 0.07611678
17915, 0.07611695
17916, 0.07611712
17917, 0.07611730
17918, 0.07611748
17919, 0.07611774
17920, 0.07611792
17921, 0.07611808
17922, 0.07611825
17923, 0.07611842
17924, 0.07611859
17925, 0.07611877
17926, 0.07611893
17927, 0.07611918
17928, 0.07611935
17929, 0.07611952
17930, 0.07611970
17931, 0.07611987
17932, 0.07612004
17933, 0.07612021
17934, 0.07612038
17935, 0.07612062
17936, 0.07612079
17937, 0.07612096
17938, 0.07612113
17939, 0.07612130
17940, 0.07612147
17941, 0.07612164
17942, 0.07612181
17943, 0.07612206
17944, 0.07612223
17945, 0.07612241
17946, 0.07612258
17947, 0.07612275
17948, 0.07612292
17949, 0.07612309
17950, 0.07612326
17951, 0.07612350
17952, 0.07612367
17953, 0.07612384
17954, 0.07612401
17955, 0.07612418
17956, 0.07612435
17957, 0.07612452
17958, 0.07612470
17959, 0.07612494
17960, 0.07612511
17961, 0.07612528
17962, 0.07612546
17963, 0.07612563
17964, 0.07612580
17965, 0.07612597
17966, 0.07612614
17967, 0.07612639
17968, 0.07612656
17969, 0.07612673
17970, 0.07612690
17971, 0.07612707
17972, 0.07612724
17973, 0.07612741
17974, 0.07612758
17975, 0.07612782
17976, 0.07612799
17977, 0.07612816
17978, 0.07612834
17979, 0.07612851
17980, 0.07612868
17981, 0.07612885
17982, 0.07612902
17983, 0.07612926
17984, 0.07612943
17985, 0.07612960
17986, 0.07612977
17987, 0.07612995
17988, 0.07613012
17989, 0.07613030
17990, 0.07613047
17991, 0.07613074
17992, 0.07613091
17993, 0.07613108
17994, 0.07613126
17995, 0.07613149
17996, 0.07613166
17997, 0.07613183
17998, 0.07613201
17999, 0.07613218
18000, 0.07613235
18001, 0.07613253
18002, 0.07613270
18003, 0.07613288
18004, 0.07613305
18005, 0.07613322
18006, 0.07613339
18007, 0.07613357
18008, 0.07613374
18009, 0.07613391
18010, 0.07613409
18011, 0.07613426
18012, 0.07613443
18013, 0.07613461
18014, 0.07613478
18015, 0.07613495
18016, 0.07613512
18017, 0.07613530
18018, 0.07613547
18019, 0.07613564
18020, 0.07613582
18021, 0.07613599
18022, 0.07613617
18023, 0.07613843
18024, 0.07613863
18025, 0.07613880
18026, 0.07613897
18027, 0.07613914
18028, 0.07613931
18029, 0.07613948
18030, 0.07613966
18031, 0.07613983
18032, 0.07614000
18033, 0.07614017
18034, 0.07614034
18035, 0.07614051
18036, 0.07614068
18037, 0.07614085
18038, 0.07614102
18039, 0.07614119
18040, 0.07614136
18041, 0.07614160
18042, 0.07614177
18043, 0.07614194
18044, 0.07614211
18045, 0.07614227
18046, 0.07614244
18047, 0.07614261
18048, 0.07614278
18049, 0.07614295
18050, 0.07614312
18051, 0.07614329
18052, 0.07614351
18053, 0.07614368
18054, 0.07614385
18055, 0.07614402
18056, 0.07614419
18057, 0.07614436
18058, 0.07614453
18059, 0.07614470
18060, 0.07614487
18061, 0.07614503
18062, 0.07614520
18063, 0.07614537
18064, 0.07614554
18065, 0.07614571
18066, 0.07614588
18067, 0.07614604
18068, 0.07614621
18069, 0.07614638
18070, 0.07614655
18071, 0.07614672
18072, 0.07614689
18073, 0.07614706
18074, 0.07614722
18075, 0.07614739
18076, 0.07614756
18077, 0.07614773
18078, 0.07614790
18079, 0.07614807
18080, 0.07614823
18081, 0.07614840
18082, 0.07614857
18083, 0.07614874
18084, 0.07614891
18085, 0.07614907
18086, 0.07614924
18087, 0.07614941
18088, 0.07614958
18089, 0.07614975
18090, 0.07614991
18091, 0.07615008
18092, 0.07615025
18093, 0.07615042
18094, 0.07615059
18095, 0.07615076
18096, 0.07615094
18097, 0.07615115
18098, 0.07615132
18099, 0.07615149
18100, 0.07615166
18101, 0.07615183
18102, 0.07615200
18103, 0.07615218
18104, 0.07615235
18105, 0.07615252
18106, 0.07615269
18107, 0.07615286
18108, 0.07615303
18109, 0.07615320
18110, 0.07615337
18111, 0.07615354
18112, 0.07615371
18113, 0.07615388
18114, 0.07615405
18115, 0.07615422
18116, 0.07615439
18117, 0.07615456
18118, 0.07615473
18119, 0.07615490
18120, 0.07615507
18121, 0.07615524
18122, 0.07615540
18123, 0.07615557
18124, 0.07615574
18125, 0.07615591
18126, 0.07615608
18127, 0.07615625
18128, 0.07615641
18129, 0.07615658
18130, 0.07615690
18131, 0.07615707
18132, 0.07615724
18133, 0.07615741
18134, 0.07615757
18135, 0.07615774
18136, 0.07615791
18137, 0.07615808
18138, 0.07615824
18139, 0.07615841
18140, 0.07615864
18141, 0.07615881
18142, 0.07615897
18143, 0.07615914
18144, 0.07615931
18145, 0.07615948
18146, 0.07615964
18147, 0.07615981
18148, 0.07615999
18149, 0.07616228
18150, 0.07616247
18151, 0.07616264
18152, 0.07616281
18153, 0.07616297
18154, 0.07616314
18155, 0.07616331
18156, 0.07616349
18157, 0.07616366
18158, 0.07616382
18159, 0.07616399
18160, 0.07616416
18161, 0.07616432
18162, 0.07616449
18163, 0.07616466
18164, 0.07616483
18165, 0.07616500
18166, 0.07616516
18167, 0.07616533
18168, 0.07616550
18169, 0.07616567
18170, 0.07616584
18171, 0.07616601
18172, 0.07616618
18173, 0.07616634
18174, 0.07616651
18175, 0.07616668
18176, 0.07616685
18177, 0.07616701
18178, 0.07616718
18179, 0.07616735
18180, 0.07616752
18181, 0.07616769
18182, 0.07616785
18183, 0.07616802
18184, 0.07616819
18185, 0.07616836
18186, 0.07616853
18187, 0.07616870
18188, 0.07616886
18189, 0.07616903
18190, 0.07616920
18191, 0.07616937
18192, 0.07616953
18193, 0.07616970
18194, 0.07616987
18195, 0.07617004
18196, 0.07617021
18197, 0.07617038
18198, 0.07617054
18199, 0.07617071
18200, 0.07617088
18201, 0.07617105
18202, 0.07617122
18203, 0.07617139
18204, 0.07617156
18205, 0.07617172
18206, 0.07617189
18207, 0.07617206
18208, 0.07617223
18209, 0.07617240
18210, 0.07617257
18211, 0.07617273
18212, 0.07617290
18213, 0.07617307
18214, 0.07617324
18215, 0.07617340
18216, 0.07617357
18217, 0.07617374
18218, 0.07617391
18219, 0.07617408
18220, 0.07617425
18221, 0.07617441
18222, 0.07617458
18223, 0.07617475
18224, 0.07617492
18225, 0.07617509
18226, 0.07617525
18227, 0.07617542
18228, 0.07617559
18229, 0.07617575
18230, 0.07617592
18231, 0.07617609
18232, 0.07617626
18233, 0.07617643
18234, 0.07617659
18235, 0.07617676
18236, 0.07617693
18237, 0.07617709
18238, 0.07617726
18239, 0.07617743
18240, 0.07617760
18241, 0.07617778
18242, 0.07617795
18243, 0.07617812
18244, 0.07617829
18245, 0.07617846
18246, 0.07617864
18247, 0.07617881
18248, 0.07617898
18249, 0.07617915
18250, 0.07617932
18251, 0.07617949
18252, 0.07617966
18253, 0.07617983
18254, 0.07618000
18255, 0.07618018
18256, 0.07618035
18257, 0.07618052
18258, 0.07618069
18259, 0.07618086
18260, 0.07618104
18261, 0.07618121
18262, 0.07618137
18263, 0.07618155
18264, 0.07618172
18265, 0.07618189
18266, 0.07618206
18267, 0.07618223
18268, 0.07618240
18269, 0.07618257
18270, 0.07618274
18271, 0.07618291
18272, 0.07618308
18273, 0.07618325
18274, 0.07618343
18275, 0.07618558
18276, 0.07618577
18277, 0.07618595
18278, 0.07618612
18279, 0.07618629
18280, 0.07618645
18281, 0.07618662
18282, 0.07618679
18283, 0.07618696
18284, 0.07618713
18285, 0.07618730
18286, 0.07618747
18287, 0.07618769
18288, 0.07618786
18289, 0.07618803
18290, 0.07618820
18291, 0.07618837
18292, 0.07618854
18293, 0.07618871
18294, 0.07618888
18295, 0.07618905
18296, 0.07618922
18297, 0.07618938
18298, 0.07618955
18299, 0.07618972
18300, 0.07618989
18301, 0.07619006
18302, 0.07619023
18303, 0.07619040
18304, 0.07619057
18305, 0.07619074
18306, 0.07619091
18307, 0.07619108
18308, 0.07619124
18309, 0.07619141
18310, 0.07619158
18311, 0.07619175
18312, 0.07619192
18313, 0.07619208
18314, 0.07619225
18315, 0.07619242
18316, 0.07619259
18317, 0.07619276
18318, 0.07619293
18319, 0.07619310
18320, 0.07619326
18321, 0.07619343
18322, 0.07619360
18323, 0.07619377
18324, 0.07619394
18325, 0.07619411
18326, 0.07619428
18327, 0.07619445
18328, 0.07619462
18329, 0.07619479
18330, 0.07619495
18331, 0.07619512
18332, 0.07619530
18333, 0.07619548
18334, 0.07619564
18335, 0.07619581
18336, 0.07619598
18337, 0.07619615
18338, 0.07619632
18339, 0.07619649
18340, 0.07619665
18341, 0.07619682
18342, 0.07619699
18343, 0.07619715
18344, 0.07619732
18345, 0.07619749
18346, 0.07619765
18347, 0.07619782
18348, 0.07619798
18349, 0.07619815
18350, 0.07619832
18351, 0.07619850
18352, 0.07619867
18353, 0.07619883
18354, 0.07619900
18355, 0.07619917
18356, 0.07619933
18357, 0.07619950
18358, 0.07619967
18359, 0.07619994
18360, 0.07620011
18361, 0.07620028
18362, 0.07620044
18363, 0.07620061
18364, 0.07620078
18365, 0.07620094
18366, 0.07620111
18367, 0.07620128
18368, 0.07620144
18369, 0.07620161
18370, 0.07620178
18371, 0.07620195
18372, 0.07620211
18373, 0.07620228
18374, 0.07620245
18375, 0.07620261
18376, 0.07620278
18377, 0.07620295
18378, 0.07620312
18379, 0.07620328
18380, 0.07620345
18381, 0.07620362
18382, 0.07620378
18383, 0.07620395
18384, 0.07620412
18385, 0.07620428
18386, 0.07620445
18387, 0.07620462
18388, 0.07620479
18389, 0.07620495
18390, 0.07620512
18391, 0.07620529
18392, 0.07620545
18393, 0.07620562
18394, 0.07620578
18395, 0.07620595
18396, 0.07620612
18397, 0.07620629
18398, 0.07620646
18399, 0.07620662
18400, 0.07620680
18401, 0.07620938
18402, 0.07620956
18403, 0.07620973
18404, 0.07620990
18405, 0.07621007
18406, 0.07621024
18407, 0.07621040
18408, 0.07621057
18409, 0.07621074
18410, 0.07621090
18411, 0.07621107
18412, 0.07621124
18413, 0.07621141
18414, 0.07621158
18415, 0.07621175
18416, 0.07621192
18417, 0.07621209
18418, 0.07621225
18419, 0.07621242
18420, 0.07621259
18421, 0.07621276
18422, 0.07621292
18423, 0.07621309
18424, 0.07621326
18425, 0.07621343
18426, 0.07621359
18427, 0.07621376
18428, 0.07621393
18429, 0.07621410
18430, 0.07621427
18431, 0.07621443
18432, 0.07621460
18433, 0.07621477
18434, 0.07621493
18435, 0.07621510
18436, 0.07621527
18437, 0.07621544
18438, 0.07621561
18439, 0.07621584
18440, 0.07621601
18441, 0.07621618
18442, 0.07621635
18443, 0.07621653
18444, 0.07621672
18445, 0.07621689
18446, 0.07621706
18447, 0.07621730
18448, 0.07621747
18449, 0.07621764
18450, 0.07621781
18451, 0.07621797
18452, 0.07621814
18453, 0.07621831
18454, 0.07621848
18455, 0.07621881
18456, 0.07621897
18457, 0.07621914
18458, 0.07621937
18459, 0.07621954
18460, 0.07621970
18461, 0.07621987
18462, 0.07622004
18463, 0.07622030
18464, 0.07622047
18465, 0.07622063
18466, 0.07622080
18467, 0.07622097
18468, 0.07622114
18469, 0.07622130
18470, 0.07622147
18471, 0.07622171
18472, 0.07622188
18473, 0.07622204
18474, 0.07622221
18475, 0.07622237
18476, 0.07622253
18477, 0.07622270
18478, 0.07622286
18479, 0.07622311
18480, 0.07622328
18481, 0.07622345
18482, 0.07622361
18483, 0.07622378
18484, 0.07622395
18485, 0.07622411
18486, 0.07622428
18487, 0.07622453
18488, 0.07622469
18489, 0.07622486
18490, 0.07622503
18491, 0.07622520
18492, 0.07622537
18493, 0.07622554
18494, 0.07622571
18495, 0.07622595
18496, 0.07622612
18497, 0.07622628
18498, 0.07622645
18499, 0.07622662
18500, 0.07622679
18501, 0.07622695
18502, 0.07622712
18503, 0.07622730
18504, 0.07622747
18505, 0.07622764
18506, 0.07622787
18507, 0.07622803
18508, 0.07622820
18509, 0.07622837
18510, 0.07622853
18511, 0.07622870
18512, 0.07622887
18513, 0.07622904
18514, 0.07622920
18515, 0.07622937
18516, 0.07622954
18517, 0.07622971
18518, 0.07622988
18519, 0.07623004
18520, 0.07623021
18521, 0.07623038
18522, 0.07623055
18523, 0.07623072
18524, 0.07623088
18525, 0.07623105
18526, 0.07623123
18527, 0.07623345
18528, 0.07623364
18529, 0.07623381
18530, 0.07623398
18531, 0.07623415
18532, 0.07623432
18533, 0.07623449
18534, 0.07623466
18535, 0.07623483
18536, 0.07623500
18537, 0.07623517
18538, 0.07623533
18539, 0.07623550
18540, 0.07623567
18541, 0.07623583
18542, 0.07623600
18543, 0.07623617
18544, 0.07623634
18545, 0.07623651
18546, 0.07623667
18547, 0.07623684
18548, 0.07623701
18549, 0.07623718
18550, 0.07623734
18551, 0.07623751
18552, 0.07623768
18553, 0.07623785
18554, 0.07623801
18555, 0.07623818
18556, 0.07623835
18557, 0.07623852
18558, 0.07623868
18559, 0.07623885
18560, 0.07623901
18561, 0.07623920
18562, 0.07623937
18563, 0.07623954
18564, 0.07623971
18565, 0.07623987
18566, 0.07624004
18567, 0.07624021
18568, 0.07624037
18569, 0.07624054
18570, 0.07624071
18571, 0.07624088
18572, 0.07624105
18573, 0.07624135
18574, 0.07624151
18575, 0.07624168
18576, 0.07624185
18577, 0.07624202
18578, 0.07624219
18579, 0.07624235
18580, 0.07624252
18581, 0.07624269
18582, 0.07624286
18583, 0.07624302
18584, 0.07624319
18585, 0.07624336
18586, 0.07624353
18587, 0.07624370
18588, 0.07624388
18589, 0.07624405
18590, 0.07624429
18591, 0.07624446
18592, 0.07624469
18593, 0.07624486
18594, 0.07624502
18595, 0.07624519
18596, 0.07624536
18597, 0.07624553
18598, 0.07624569
18599, 0.07624586
18600, 0.07624602
18601, 0.07624619
18602, 0.07624636
18603, 0.07624653
18604, 0.07624670
18605, 0.07624687
18606, 0.07624703
18607, 0.07624720
18608, 0.07624737
18609, 0.07624753
18610, 0.07624770
18611, 0.07624787
18612, 0.07624804
18613, 0.07624820
18614, 0.07624837
18615, 0.07624854
18616, 0.07624870
18617, 0.07624889
18618, 0.07624906
18619, 0.07624923
18620, 0.07624940
18621, 0.07624957
18622, 0.07624973
18623, 0.07624990
18624, 0.07625007
18625, 0.07625024
18626, 0.07625041
18627, 0.07625057
18628, 0.07625074
18629, 0.07625091
18630, 0.07625108
18631, 0.07625124
18632, 0.07625141
18633, 0.07625158
18634, 0.07625175
18635, 0.07625193
18636, 0.07625210
18637, 0.07625227
18638, 0.07625244
18639, 0.07625261
18640, 0.07625278
18641, 0.07625294
18642, 0.07625311
18643, 0.07625328
18644, 0.07625345
18645, 0.07625362
18646, 0.07625379
18647, 0.07625396
18648, 0.07625413
18649, 0.07625435
18650, 0.07625460
18651, 0.07625476
18652, 0.07625495
18653, 0.07625717
18654, 0.07625734
18655, 0.07625752
18656, 0.07625769
18657, 0.07625785
18658, 0.07625803
18659, 0.07625821
18660, 0.07625839
18661, 0.07625857
18662, 0.07625874
18663, 0.07625891
18664, 0.07625907
18665, 0.07625924
18666, 0.07625941
18667, 0.07625958
18668, 0.07625974
18669, 0.07625991
18670, 0.07626008
18671, 0.07626025
18672, 0.07626042
18673, 0.07626059
18674, 0.07626075
18675, 0.07626092
18676, 0.07626109
18677, 0.07626126
18678, 0.07626143
18679, 0.07626159
18680, 0.07626176
18681, 0.07626193
18682, 0.07626210
18683, 0.07626227
18684, 0.07626244
18685, 0.07626260
18686, 0.07626277
18687, 0.07626294
18688, 0.07626311
18689, 0.07626328
18690, 0.07626345
18691, 0.07626362
18692, 0.07626379
18693, 0.07626396
18694, 0.07626413
18695, 0.07626430
18696, 0.07626446
18697, 0.07626463
18698, 0.07626480
18699, 0.07626497
18700, 0.07626514
18701, 0.07626531
18702, 0.07626548
18703, 0.07626571
18704, 0.07626588
18705, 0.07626604
18706, 0.07626621
18707, 0.07626638
18708, 0.07626655
18709, 0.07626672
18710, 0.07626689
18711, 0.07626706
18712, 0.07626723
18713, 0.07626740
18714, 0.07626756
18715, 0.07626773
18716, 0.07626790
18717, 0.07626807
18718, 0.07626824
18719, 0.07626841
18720, 0.07626857
18721, 0.07626874
18722, 0.07626891
18723, 0.07626908
18724, 0.07626925
18725, 0.07626942
18726, 0.07626959
18727, 0.07626975
18728, 0.07626992
18729, 0.07627009
18730, 0.07627026
18731, 0.07627043
18732, 0.07627060
18733, 0.07627083
18734, 0.07627100
18735, 0.07627116
18736, 0.07627133
18737, 0.07627150
18738, 0.07627167
18739, 0.07627184
18740, 0.07627200
18741, 0.07627217
18742, 0.07627234
18743, 0.07627251
18744, 0.07627268
18745, 0.07627284
18746, 0.07627301
18747, 0.07627318
18748, 0.07627335
18749, 0.07627352
18750, 0.07627369
18751, 0.07627385
18752, 0.07627402
18753, 0.07627419
18754, 0.07627436
18755, 0.07627452
18756, 0.07627469
18757, 0.07627486
18758, 0.07627503
18759, 0.07627520
18760, 0.07627537
18761, 0.07627554
18762, 0.07627570
18763, 0.07627587
18764, 0.07627604
18765, 0.07627621
18766, 0.07627638
18767, 0.07627655
18768, 0.07627671
18769, 0.07627688
18770, 0.07627705
18771, 0.07627722
18772, 0.07627739
18773, 0.07627756
18774, 0.07627772
18775, 0.07627789
18776, 0.07627806
18777, 0.07627829
18778, 0.07627847
18779, 0.07628099
18780, 0.07628119
18781, 0.07628136
18782, 0.07628153
18783, 0.07628170
18784, 0.07628187
18785, 0.07628203
18786, 0.07628220
18787, 0.07628237
18788, 0.07628254
18789, 0.07628271
18790, 0.07628288
18791, 0.07628305
18792, 0.07628321
18793, 0.07628338
18794, 0.07628355
18795, 0.07628372
18796, 0.07628389
18797, 0.07628406
18798, 0.07628423
18799, 0.07628440
18800, 0.07628456
18801, 0.07628473
18802, 0.07628491
18803, 0.07628507
18804, 0.07628524
18805, 0.07628541
18806, 0.07628558
18807, 0.07628575
18808, 0.07628592
18809, 0.07628609
18810, 0.07628626
18811, 0.07628643
18812, 0.07628660
18813, 0.07628677
18814, 0.07628693
18815, 0.07628710
18816, 0.07628727
18817, 0.07628744
18818, 0.07628761
18819, 0.07628778
18820, 0.07628795
18821, 0.07628811
18822, 0.07628828
18823, 0.07628845
18824, 0.07628862
18825, 0.07628879
18826, 0.07628896
18827, 0.07628913
18828, 0.07628930
18829, 0.07628947
18830, 0.07628963
18831, 0.07628980
18832, 0.07628997
18833, 0.07629014
18834, 0.07629031
18835, 0.07629048
18836, 0.07629064
18837, 0.07629081
18838, 0.07629098
18839, 0.07629115
18840, 0.07629132
18841, 0.07629149
18842, 0.07629166
18843, 0.07629183
18844, 0.07629200
18845, 0.07629217
18846, 0.07629233
18847, 0.07629250
18848, 0.07629267
18849, 0.07629284
18850, 0.07629301
18851, 0.07629320
18852, 0.07629337
18853, 0.07629353
18854, 0.07629370
18855, 0.07629387
18856, 0.07629404
18857, 0.07629422
18858, 0.07629438
18859, 0.07629456
18860, 0.07629473
18861, 0.07629490
18862, 0.07629507
18863, 0.07629524
18864, 0.07629541
18865, 0.07629558
18866, 0.07629575
18867, 0.07629592
18868, 0.07629609
18869, 0.07629627
18870, 0.07629644
18871, 0.07629661
18872, 0.07629678
18873, 0.07629695
18874, 0.07629712
18875, 0.07629729
18876, 0.07629745
18877, 0.07629762
18878, 0.07629779
18879, 0.07629796
18880, 0.07629813
18881, 0.07629830
18882, 0.07629847
18883, 0.07629863
18884, 0.07629881
18885, 0.07629897
18886, 0.07629914
18887, 0.07629931
18888, 0.07629949
18889, 0.07629967
18890, 0.07629984
18891, 0.07630001
18892, 0.07630019
18893, 0.07630036
18894, 0.07630053
18895, 0.07630069
18896, 0.07630086
18897, 0.07630103
18898, 0.07630120
18899, 0.07630137
18900, 0.07630153
18901, 0.07630170
18902, 0.07630187
18903, 0.07630204
18904, 0.07630222
18905, 0.07630467
18906, 0.07630486
18907, 0.07630503
18908, 0.07630521
18909, 0.07630537
18910, 0.07630554
18911, 0.07630571
18912, 0.07630589
18913, 0.07630605
18914, 0.07630628
18915, 0.07630652
18916, 0.07630669
18917, 0.07630686
18918, 0.07630702
18919, 0.07630719
18920, 0.07630742
18921, 0.07630759
18922, 0.07630776
18923, 0.07630793
18924, 0.07630810
18925, 0.07630827
18926, 0.07630844
18927, 0.07630860
18928, 0.07630877
18929, 0.07630894
18930, 0.07630911
18931, 0.07630928
18932, 0.07630945
18933, 0.07630962
18934, 0.07630979
18935, 0.07630996
18936, 0.07631013
18937, 0.07631030
18938, 0.07631047
18939, 0.07631064
18940, 0.07631081
18941, 0.07631097
18942, 0.07631115
18943, 0.07631131
18944, 0.07631148
18945, 0.07631166
18946, 0.07631183
18947, 0.07631200
18948, 0.07631217
18949, 0.07631234
18950, 0.07631251
18951, 0.07631276
18952, 0.07631293
18953, 0.07631309
18954, 0.07631326
18955, 0.07631343
18956, 0.07631361
18957, 0.07631378
18958, 0.07631395
18959, 0.07631422
18960, 0.07631439
18961, 0.07631456
18962, 0.07631473
18963, 0.07631490
18964, 0.07631507
18965, 0.07631524
18966, 0.07631540
18967, 0.07631565
18968, 0.07631582
18969, 0.07631599
18970, 0.07631616
18971, 0.07631633
18972, 0.07631649
18973, 0.07631666
18974, 0.07631683
18975, 0.07631707
18976, 0.07631724
18977, 0.07631741
18978, 0.07631765
18979, 0.07631782
18980, 0.07631798
18981, 0.07631815
18982, 0.07631833
18983, 0.07631857
18984, 0.07631874
18985, 0.07631891
18986, 0.07631908
18987, 0.07631925
18988, 0.07631942
18989, 0.07631959
18990, 0.07631989
18991, 0.07632013
18992, 0.07632030
18993, 0.07632047
18994, 0.07632064
18995, 0.07632082
18996, 0.07632099
18997, 0.07632116
18998, 0.07632133
18999, 0.07632160
19000, 0.07632177
19001, 0.07632194
19002, 0.07632211
19003, 0.07632227
19004, 0.07632244
19005, 0.07632261
19006, 0.07632278
19007, 0.07632303
19008, 0.07632320
19009, 0.07632337
19010, 0.07632353
19011, 0.07632371
19012, 0.07632387
19013, 0.07632405
19014, 0.07632422
19015, 0.07632438
19016, 0.07632455
19017, 0.07632472
19018, 0.07632489
19019, 0.07632506
19020, 0.07632523
19021, 0.07632540
19022, 0.07632556
19023, 0.07632573
19024, 0.07632590
19025, 0.07632607
19026, 0.07632624
19027, 0.07632641
19028, 0.07632658
19029, 0.07632675
19030, 0.07632693
19031, 0.07632947
19032, 0.07632967
19033, 0.07632985
19034, 0.07633002
19035, 0.07633019
19036, 0.07633036
19037, 0.07633053
19038, 0.07633070
19039, 0.07633087
19040, 0.07633104
19041, 0.07633124
19042, 0.07633141
19043, 0.07633157
19044, 0.07633174
19045, 0.07633191
19046, 0.07633208
19047, 0.07633225
19048, 0.07633242
19049, 0.07633259
19050, 0.07633276
19051, 0.07633292
19052, 0.07633309
19053, 0.07633326
19054, 0.07633349
19055, 0.07633365
19056, 0.07633382
19057, 0.07633399
19058, 0.07633415
19059, 0.07633432
19060, 0.07633449
19061, 0.07633465
19062, 0.07633482
19063, 0.07633499
19064, 0.07633516
19065, 0.07633532
19066, 0.07633549
19067, 0.07633566
19068, 0.07633582
19069, 0.07633599
19070, 0.07633622
19071, 0.07633639
19072, 0.07633656
19073, 0.07633674
19074, 0.07633691
19075, 0.07633708
19076, 0.07633724
19077, 0.07633741
19078, 0.07633758
19079, 0.07633774
19080, 0.07633791
19081, 0.07633808
19082, 0.07633825
19083, 0.07633842
19084, 0.07633858
19085, 0.07633875
19086, 0.07633892
19087, 0.07633909
19088, 0.07633925
19089, 0.07633942
19090, 0.07633959
19091, 0.07633976
19092, 0.07633992
19093, 0.07634009
19094, 0.07634026
19095, 0.07634042
19096, 0.07634059
19097, 0.07634076
19098, 0.07634093
19099, 0.07634109
19100, 0.07634126
19101, 0.07634143
19102, 0.07634159
19103, 0.07634179
19104, 0.07634195
19105, 0.07634212
19106, 0.07634229
19107, 0.07634245
19108, 0.07634262
19109, 0.07634279
19110, 0.07634296
19111, 0.07634312
19112, 0.07634329
19113, 0.07634346
19114, 0.07634363
19115, 0.07634380
19116, 0.07634396
19117, 0.07634413
19118, 0.07634430
19119, 0.07634447
19120, 0.07634464
19121, 0.07634481
19122, 0.07634500
19123, 0.07634517
19124, 0.07634534
19125, 0.07634551
19126, 0.07634568
19127, 0.07634584
19128, 0.07634601
19129, 0.07634626
19130, 0.07634643
19131, 0.07634659
19132, 0.07634677
19133, 0.07634693
19134, 0.07634710
19135, 0.07634727
19136, 0.07634744
19137, 0.07634766
19138, 0.07634783
19139, 0.07634800
19140, 0.07634817
19141, 0.07634833
19142, 0.07634850
19143, 0.07634876
19144, 0.07634893
19145, 0.07634910
19146, 0.07634927
19147, 0.07634944
19148, 0.07634960
19149, 0.07634977
19150, 0.07634994
19151, 0.07635011
19152, 0.07635028
19153, 0.07635045
19154, 0.07635062
19155, 0.07635079
19156, 0.07635097
19157, 0.07635331
19158, 0.07635350
19159, 0.07635367
19160, 0.07635385
19161, 0.07635402
19162, 0.07635420
19163, 0.07635437
19164, 0.07635453
19165, 0.07635470
19166, 0.07635486
19167, 0.07635506
19168, 0.07635523
19169, 0.07635540
19170, 0.07635557
19171, 0.07635574
19172, 0.07635590
19173, 0.07635607
19174, 0.07635635
19175, 0.07635652
19176, 0.07635669
19177, 0.07635686
19178, 0.07635703
19179, 0.07635720
19180, 0.07635737
19181, 0.07635753
19182, 0.07635770
19183, 0.07635787
19184, 0.07635804
19185, 0.07635821
19186, 0.07635837
19187, 0.07635854
19188, 0.07635871
19189, 0.07635888
19190, 0.07635905
19191, 0.07635922
19192, 0.07635938
19193, 0.07635955
19194, 0.07635972
19195, 0.07635989
19196, 0.07636006
19197, 0.07636022
19198, 0.07636039
19199, 0.07636057
19200, 0.07636074
19201, 0.07636092
19202, 0.07636109
19203, 0.07636127
19204, 0.07636145
19205, 0.07636162
19206, 0.07636180
19207, 0.07636198
19208, 0.07636216
19209, 0.07636233
19210, 0.07636251
19211, 0.07636268
19212, 0.07636285
19213, 0.07636302
19214, 0.07636319
19215, 0.07636336
19216, 0.07636352
19217, 0.07636369
19218, 0.07636386
19219, 0.07636403
19220, 0.07636420
19221, 0.07636436
19222, 0.07636453
19223, 0.07636470
19224, 0.07636487
19225, 0.07636504
19226, 0.07636520
19227, 0.07636537
19228, 0.07636554
19229, 0.07636573
19230, 0.07636590
19231, 0.07636607
19232, 0.07636624
19233, 0.07636641
19234, 0.07636658
19235, 0.07636675
19236, 0.07636692
19237, 0.07636709
19238, 0.07636726
19239, 0.07636742
19240, 0.07636759
19241, 0.07636777
19242, 0.07636795
19243, 0.07636812
19244, 0.07636830
19245, 0.07636848
19246, 0.07636865
19247, 0.07636883
19248, 0.07636901
19249, 0.07636919
19250, 0.07636936
19251, 0.07636953
19252, 0.07636970
19253, 0.07636987
19254, 0.07637003
19255, 0.07637020
19256, 0.07637037
19257, 0.07637054
19258, 0.07637077
19259, 0.07637094
19260, 0.07637111
19261, 0.07637128
19262, 0.07637145
19263, 0.07637162
19264, 0.07637179
19265, 0.07637195
19266, 0.07637212
19267, 0.07637229
19268, 0.07637246
19269, 0.07637262
19270, 0.07637279
19271, 0.07637296
19272, 0.07637313
19273, 0.07637330
19274, 0.07637346
19275, 0.07637363
19276, 0.07637380
19277, 0.07637396
19278, 0.07637413
19279, 0.07637430
19280, 0.07637447
19281, 0.07637463
19282, 0.07637481
19283, 0.07637719
19284, 0.07637737
19285, 0.07637755
19286, 0.07637773
19287, 0.07637791
19288, 0.07637808
19289, 0.07637827
19290, 0.07637845
19291, 0.07637874
19292, 0.07637891
19293, 0.07637909
19294, 0.07637926
19295, 0.07637943
19296, 0.07637960
19297, 0.07637977
19298, 0.07637993
19299, 0.07638010
19300, 0.07638027
19301, 0.07638044
19302, 0.07638060
19303, 0.07638077
19304, 0.07638094
19305, 0.07638110
19306, 0.07638127
19307, 0.07638144
19308, 0.07638161
19309, 0.07638177
19310, 0.07638194
19311, 0.07638211
19312, 0.07638227
19313, 0.07638244
19314, 0.07638261
19315, 0.07638277
19316, 0.07638294
19317, 0.07638311
19318, 0.07638328
19319, 0.07638345
19320, 0.07638362
19321, 0.07638379
19322, 0.07638395
19323, 0.07638412
19324, 0.07638429
19325, 0.07638446
19326, 0.07638462
19327, 0.07638479
19328, 0.07638496
19329, 0.07638513
19330, 0.07638530
19331, 0.07638547
19332, 0.07638564
19333, 0.07638580
19334, 0.07638597
19335, 0.07638614
19336, 0.07638631
19337, 0.07638647
19338, 0.07638664
19339, 0.07638681
19340, 0.07638698
19341, 0.07638715
19342, 0.07638732
19343, 0.07638749
19344, 0.07638765
19345, 0.07638782
19346, 0.07638799
19347, 0.07638816
19348, 0.07638833
19349, 0.07638850
19350, 0.07638867
19351, 0.07638883
19352, 0.07638900
19353, 0.07638917
19354, 0.07638934
19355, 0.07638951
19356, 0.07638967
19357, 0.07638988
19358, 0.07639005
19359, 0.07639022
19360, 0.07639038
19361, 0.07639055
19362, 0.07639072
19363, 0.07639089
19364, 0.07639105
19365, 0.07639123
19366, 0.07639139
19367, 0.07639156
19368, 0.07639173
19369, 0.07639190
19370, 0.07639207
19371, 0.07639224
19372, 0.07639241
19373, 0.07639258
19374, 0.07639275
19375, 0.07639293
19376, 0.07639309
19377, 0.07639326
19378, 0.07639343
19379, 0.07639360
19380, 0.07639376
19381, 0.07639393
19382, 0.07639410
19383, 0.07639427
19384, 0.07639444
19385, 0.07639461
19386, 0.07639477
19387, 0.07639495
19388, 0.07639511
19389, 0.07639528
19390, 0.07639551
19391, 0.07639568
19392, 0.07639585
19393, 0.07639602
19394, 0.07639619
19395, 0.07639635
19396, 0.07639652
19397, 0.07639669
19398, 0.07639685
19399, 0.07639702
19400, 0.07639719
19401, 0.07639736
19402, 0.07639753
19403, 0.07639769
19404, 0.07639786
19405, 0.07639803
19406, 0.07639820
19407, 0.07639836
19408, 0.07639854
19409, 0.07640070
19410, 0.07640088
19411, 0.07640104
19412, 0.07640121
19413, 0.07640138
19414, 0.07640155
19415, 0.07640172
19416, 0.07640189
19417, 0.07640206
19418, 0.07640222
19419, 0.07640240
19420, 0.07640256
19421, 0.07640273
19422, 0.07640290
19423, 0.07640307
19424, 0.07640324
19425, 0.07640341
19426, 0.07640358
19427, 0.07640374
19428, 0.07640391
19429, 0.07640408
19430, 0.07640425
19431, 0.07640442
19432, 0.07640458
19433, 0.07640475
19434, 0.07640492
19435, 0.07640509
19436, 0.07640525
19437, 0.07640542
19438, 0.07640559
19439, 0.07640575
19440, 0.07640592
19441, 0.07640609
19442, 0.07640625
19443, 0.07640642
19444, 0.07640659
19445, 0.07640676
19446, 0.07640692
19447, 0.07640709
19448, 0.07640726
19449, 0.07640743
19450, 0.07640759
19451, 0.07640776
19452, 0.07640793
19453, 0.07640810
19454, 0.07640826
19455, 0.07640851
19456, 0.07640867
19457, 0.07640884
19458, 0.07640901
19459, 0.07640918
19460, 0.07640935
19461, 0.07640951
19462, 0.07640968
19463, 0.07640992
19464, 0.07641009
19465, 0.07641025
19466, 0.07641042
19467, 0.07641059
19468, 0.07641075
19469, 0.07641092
19470, 0.07641109
19471, 0.07641133
19472, 0.07641150
19473, 0.07641166
19474, 0.07641183
19475, 0.07641200
19476, 0.07641216
19477, 0.07641233
19478, 0.07641250
19479, 0.07641275
19480, 0.07641292
19481, 0.07641308
19482, 0.07641325
19483, 0.07641342
19484, 0.07641359
19485, 0.07641376
19486, 0.07641393
19487, 0.07641417
19488, 0.07641433
19489, 0.07641450
19490, 0.07641467
19491, 0.07641484
19492, 0.07641500
19493, 0.07641517
19494, 0.07641534
19495, 0.07641559
19496, 0.07641576
19497, 0.07641592
19498, 0.07641609
19499, 0.07641626
19500, 0.07641643
19501, 0.07641660
19502, 0.07641676
19503, 0.07641700
19504, 0.07641716
19505, 0.07641733
19506, 0.07641750
19507, 0.07641767
19508, 0.07641784
19509, 0.07641800
19510, 0.07641818
19511, 0.07641841
19512, 0.07641858
19513, 0.07641875
19514, 0.07641892
19515, 0.07641909
19516, 0.07641925
19517, 0.07641942
19518, 0.07641959
19519, 0.07641983
19520, 0.07642000
19521, 0.07642017
19522, 0.07642034
19523, 0.07642050
19524, 0.07642067
19525, 0.07642084
19526, 0.07642101
19527, 0.07642125
19528, 0.07642144
19529, 0.07642161
19530, 0.07642177
19531, 0.07642194
19532, 0.07642211
19533, 0.07642228
19534, 0.07642246
19535, 0.07642461
19536, 0.07642479
19537, 0.07642497
19538, 0.07642514
19539, 0.07642531
19540, 0.07642548
19541, 0.07642564
19542, 0.07642581
19543, 0.07642598
19544, 0.07642615
19545, 0.07642632
19546, 0.07642648
19547, 0.07642665
19548, 0.07642682
19549, 0.07642699
19550, 0.07642715
19551, 0.07642732
19552, 0.07642749
19553, 0.07642765
19554, 0.07642782
19555, 0.07642799
19556, 0.07642815
19557, 0.07642832
19558, 0.07642849
19559, 0.07642865
19560, 0.07642882
19561, 0.07642899
19562, 0.07642916
19563, 0.07642933
19564, 0.07642949
19565, 0.07642966
19566, 0.07642983
19567, 0.07642999
19568, 0.07643016
19569, 0.07643033
19570, 0.07643049
19571, 0.07643066
19572, 0.07643082
19573, 0.07643099
19574, 0.07643116
19575, 0.07643133
19576, 0.07643150
19577, 0.07643166
19578, 0.07643183
19579, 0.07643200
19580, 0.07643217
19581, 0.07643233
19582, 0.07643250
19583, 0.07643267
19584, 0.07643284
19585, 0.07643300
19586, 0.07643317
19587, 0.07643334
19588, 0.07643351
19589, 0.07643367
19590, 0.07643384
19591, 0.07643400
19592, 0.07643417
19593, 0.07643434
19594, 0.07643450
19595, 0.07643467
19596, 0.07643484
19597, 0.07643501
19598, 0.07643517
19599, 0.07643534
19600, 0.07643551
19601, 0.07643568
19602, 0.07643584
19603, 0.07643601
19604, 0.07643617
19605, 0.07643634
19606, 0.07643651
19607, 0.07643670
19608, 0.07643687
19609, 0.07643704
19610, 0.07643720
19611, 0.07643737
19612, 0.07643754
19613, 0.07643771
19614, 0.07643787
19615, 0.07643804
19616, 0.07643823
19617, 0.07643841
19618, 0.07643858
19619, 0.07643875
19620, 0.07643892
19621, 0.07643909
19622, 0.07643925
19623, 0.07643942
19624, 0.07643959
19625, 0.07643975
19626, 0.07643992
19627, 0.07644009
19628, 0.07644026
19629, 0.07644043
19630, 0.07644060
19631, 0.07644076
19632, 0.07644093
19633, 0.07644110
19634, 0.07644126
19635, 0.07644143
19636, 0.07644160
19637, 0.07644177
19638, 0.07644194
19639, 0.07644210
19640, 0.07644227
19641, 0.07644244
19642, 0.07644261
19643, 0.07644277
19644, 0.07644294
19645, 0.07644313
19646, 0.07644330
19647, 0.07644347
19648, 0.07644363
19649, 0.07644380
19650, 0.07644397
19651, 0.07644413
19652, 0.07644430
19653, 0.07644447
19654, 0.07644463
19655, 0.07644494
19656, 0.07644510
19657, 0.07644527
19658, 0.07644545
19659, 0.07644562
19660, 0.07644581
19661, 0.07644821
19662, 0.07644839
19663, 0.07644856
19664, 0.07644874
19665, 0.07644891
19666, 0.07644908
19667, 0.07644925
19668, 0.07644941
19669, 0.07644958
19670, 0.07644975
19671, 0.07644991
19672, 0.07645008
19673, 0.07645025
19674, 0.07645042
19675, 0.07645059
19676, 0.07645075
19677, 0.07645092
19678, 0.07645109
19679, 0.07645125
19680, 0.07645142
19681, 0.07645159
19682, 0.07645176
19683, 0.07645193
19684, 0.07645209
19685, 0.07645226
19686, 0.07645243
19687, 0.07645259
19688, 0.07645276
19689, 0.07645293
19690, 0.07645310
19691, 0.07645326
19692, 0.07645343
19693, 0.07645360
19694, 0.07645377
19695, 0.07645394
19696, 0.07645411
19697, 0.07645427
19698, 0.07645444
19699, 0.07645461
19700, 0.07645477
19701, 0.07645494
19702, 0.07645511
19703, 0.07645527
19704, 0.07645544
19705, 0.07645561
19706, 0.07645577
19707, 0.07645594
19708, 0.07645610
19709, 0.07645627
19710, 0.07645644
19711, 0.07645660
19712, 0.07645677
19713, 0.07645694
19714, 0.07645710
19715, 0.07645727
19716, 0.07645743
19717, 0.07645760
19718, 0.07645776
19719, 0.07645793
19720, 0.07645810
19721, 0.07645826
19722, 0.07645843
19723, 0.07645859
19724, 0.07645876
19725, 0.07645893
19726, 0.07645909
19727, 0.07645926
19728, 0.07645948
19729, 0.07645965
19730, 0.07645981
19731, 0.07645998
19732, 0.07646015
19733, 0.07646031
19734, 0.07646048
19735, 0.07646071
19736, 0.07646088
19737, 0.07646104
19738, 0.07646121
19739, 0.07646138
19740, 0.07646154
19741, 0.07646171
19742, 0.07646187
19743, 0.07646204
19744, 0.07646221
19745, 0.07646238
19746, 0.07646254
19747, 0.07646271
19748, 0.07646288
19749, 0.07646305
19750, 0.07646322
19751, 0.07646342
19752, 0.07646359
19753, 0.07646375
19754, 0.07646392
19755, 0.07646409
19756, 0.07646425
19757, 0.07646442
19758, 0.07646459
19759, 0.07646475
19760, 0.07646492
19761, 0.07646508
19762, 0.07646525
19763, 0.07646542
19764, 0.07646558
19765, 0.07646575
19766, 0.07646591
19767, 0.07646608
19768, 0.07646624
19769, 0.07646641
19770, 0.07646658
19771, 0.07646674
19772, 0.07646691
19773, 0.07646707
19774, 0.07646724
19775, 0.07646741
19776, 0.07646757
19777, 0.07646774
19778, 0.07646791
19779, 0.07646808
19780, 0.07646824
19781, 0.07646841
19782, 0.07646857
19783, 0.07646874
19784, 0.07646891
19785, 0.07646908
19786, 0.07646926
19787, 0.07647160
19788, 0.07647181
19789, 0.07647199
19790, 0.07647216
19791, 0.07647233
19792, 0.07647250
19793, 0.07647267
19794, 0.07647283
19795, 0.07647300
19796, 0.07647317
19797, 0.07647339
19798, 0.07647356
19799, 0.07647373
19800, 0.07647389
19801, 0.07647406
19802, 0.07647423
19803, 0.07647439
19804, 0.07647456
19805, 0.07647473
19806, 0.07647489
19807, 0.07647506
19808, 0.07647523
19809, 0.07647539
19810, 0.07647556
19811, 0.07647573
19812, 0.07647589
19813, 0.07647606
19814, 0.07647623
19815, 0.07647639
19816, 0.07647656
19817, 0.07647673
19818, 0.07647690
19819, 0.07647707
19820, 0.07647724
19821, 0.07647740
19822, 0.07647757
19823, 0.07647773
19824, 0.07647790
19825, 0.07647807
19826, 0.07647824
19827, 0.07647841
19828, 0.07647858
19829, 0.07647875
19830, 0.07647892
19831, 0.07647909
19832, 0.07647926
19833, 0.07647943
19834, 0.07647960
19835, 0.07647977
19836, 0.07647994
19837, 0.07648011
19838, 0.07648028
19839, 0.07648044
19840, 0.07648061
19841, 0.07648078
19842, 0.07648095
19843, 0.07648112
19844, 0.07648129
19845, 0.07648146
19846, 0.07648162
19847, 0.07648179
19848, 0.07648196
19849, 0.07648213
19850, 0.07648229
19851, 0.07648246
19852, 0.07648263
19853, 0.07648280
19854, 0.07648296
19855, 0.07648313
19856, 0.07648330
19857, 0.07648347
19858, 0.07648364
19859, 0.07648381
19860, 0.07648397
19861, 0.07648414
19862, 0.07648431
19863, 0.07648448
19864, 0.07648465
19865, 0.07648481
19866, 0.07648498
19867, 0.07648515
19868, 0.07648531
19869, 0.07648548
19870, 0.07648565
19871, 0.07648582
19872, 0.07648599
19873, 0.07648615
19874, 0.07648632
19875, 0.07648649
19876, 0.07648666
19877, 0.07648683
19878, 0.07648700
19879, 0.07648716
19880, 0.07648733
19881, 0.07648750
19882, 0.07648767
19883, 0.07648783
19884, 0.07648800
19885, 0.07648817
19886, 0.07648834
19887, 0.07648850
19888, 0.07648867
19889, 0.07648884
19890, 0.07648901
19891, 0.07648918
19892, 0.07648935
19893, 0.07648951
19894, 0.07648968
19895, 0.07648985
19896, 0.07649001
19897, 0.07649018
19898, 0.07649035
19899, 0.07649051
19900, 0.07649068
19901, 0.07649085
19902, 0.07649101
19903, 0.07649118
19904, 0.07649135
19905, 0.07649152
19906, 0.07649168
19907, 0.07649185
19908, 0.07649202
19909, 0.07649219
19910, 0.07649236
19911, 0.07649253
19912, 0.07649271
19913, 0.07649503
19914, 0.07649522
19915, 0.07649539
19916, 0.07649556
19917, 0.07649573
19918, 0.07649590
19919, 0.07649607
19920, 0.07649624
19921, 0.07649640
19922, 0.07649657
19923, 0.07649674
19924, 0.07649690
19925, 0.07649707
19926, 0.07649724
19927, 0.07649740
19928, 0.07649757
19929, 0.07649774
19930, 0.07649791
19931, 0.07649807
19932, 0.07649824
19933, 0.07649841
19934, 0.07649858
19935, 0.07649875
19936, 0.07649891
19937, 0.07649908
19938, 0.07649925
19939, 0.07649942
19940, 0.07649959
19941, 0.07649976
19942, 0.07649993
19943, 0.07650010
19944, 0.07650026
19945, 0.07650044
19946, 0.07650060
19947, 0.07650077
19948, 0.07650094
19949, 0.07650111
19950, 0.07650128
19951, 0.07650145
19952, 0.07650162
19953, 0.07650185
19954, 0.07650201
19955, 0.07650218
19956, 0.07650235
19957, 0.07650252
19958, 0.07650268
19959, 0.07650285
19960, 0.07650302
19961, 0.07650319
19962, 0.07650335
19963, 0.07650352
19964, 0.07650369
19965, 0.07650386
19966, 0.07650403
19967, 0.07650420
19968, 0.07650437
19969, 0.07650453
19970, 0.07650470
19971, 0.07650487
19972, 0.07650504
19973, 0.07650521
19974, 0.07650543
19975, 0.07650568
19976, 0.07650584
19977, 0.07650601
19978, 0.07650624
19979, 0.07650641
19980, 0.07650657
19981, 0.07650683
19982, 0.07650700
19983, 0.07650725
19984, 0.07650742
19985, 0.07650759
19986, 0.07650776
19987, 0.07650793
19988, 0.07650810
19989, 0.07650827
19990, 0.07650843
19991, 0.07650868
19992, 0.07650885
19993, 0.07650902
19994, 0.07650919
19995, 0.07650944
19996, 0.07650961
19997, 0.07650978
19998, 0.07650995
19999, 0.07651029
20000, 0.07651046
20001, 0.07651063
20002, 0.07651080
20003, 0.07651097
20004, 0.07651114
20005, 0.07651131
20006, 0.07651148
20007, 0.07651172
20008, 0.07651189
20009, 0.07651207
20010, 0.07651223
20011, 0.07651241
20012, 0.07651258
20013, 0.07651275
20014, 0.07651292
20015, 0.07651317
20016, 0.07651335
20017, 0.07651358
20018, 0.07651375
20019, 0.07651407
20020, 0.07651424
20021, 0.07651441
20022, 0.07651458
20023, 0.07651483
20024, 0.07651500
20025, 0.07651517
20026, 0.07651535
20027, 0.07651552
20028, 0.07651569
20029, 0.07651586
20030, 0.07651603
20031, 0.07651628
20032, 0.07651645
20033, 0.07651662
20034, 0.07651679
20035, 0.07651697
20036, 0.07651714
20037, 0.07651731
20038, 0.07651749
20039, 0.07652042
20040, 0.07652062
20041, 0.07652086
20042, 0.07652103
20043, 0.07652120
20044, 0.07652137
20045, 0.07652154
20046, 0.07652170
20047, 0.07652187
20048, 0.07652203
20049, 0.07652220
20050, 0.07652237
20051, 0.07652253
20052, 0.07652270
20053, 0.07652287
20054, 0.07652303
20055, 0.07652320
20056, 0.07652337
20057, 0.07652354
20058, 0.07652370
20059, 0.07652387
20060, 0.07652404
20061, 0.07652420
20062, 0.07652437
20063, 0.07652454
20064, 0.07652471
20065, 0.07652487
20066, 0.07652504
20067, 0.07652521
20068, 0.07652538
20069, 0.07652554
20070, 0.07652571
20071, 0.07652588
20072, 0.07652604
20073, 0.07652621
20074, 0.07652638
20075, 0.07652654
20076, 0.07652671
20077, 0.07652688
20078, 0.07652704
20079, 0.07652721
20080, 0.07652738
20081, 0.07652754
20082, 0.07652771
20083, 0.07652788
20084, 0.07652804
20085, 0.07652821
20086, 0.07652837
20087, 0.07652854
20088, 0.07652870
20089, 0.07652889
20090, 0.07652906
20091, 0.07652923
20092, 0.07652940
20093, 0.07652956
20094, 0.07652973
20095, 0.07652990
20096, 0.07653006
20097, 0.07653023
20098, 0.07653040
20099, 0.07653056
20100, 0.07653073
20101, 0.07653090
20102, 0.07653107
20103, 0.07653123
20104, 0.07653140
20105, 0.07653157
20106, 0.07653176
20107, 0.07653193
20108, 0.07653210
20109, 0.07653226
20110, 0.07653243
20111, 0.07653260
20112, 0.07653277
20113, 0.07653293
20114, 0.07653310
20115, 0.07653327
20116, 0.07653344
20117, 0.07653361
20118, 0.07653378
20119, 0.07653395
20120, 0.07653412
20121, 0.07653429
20122, 0.07653445
20123, 0.07653462
20124, 0.07653479
20125, 0.07653496
20126, 0.07653512
20127, 0.07653529
20128, 0.07653546
20129, 0.07653563
20130, 0.07653579
20131, 0.07653596
20132, 0.07653613
20133, 0.07653630
20134, 0.07653646
20135, 0.07653663
20136, 0.07653680
20137, 0.07653697
20138, 0.07653713
20139, 0.07653730
20140, 0.07653747
20141, 0.07653764
20142, 0.07653780
20143, 0.07653797
20144, 0.07653814
20145, 0.07653831
20146, 0.07653847
20147, 0.07653864
20148, 0.07653881
20149, 0.07653898
20150, 0.07653915
20151, 0.07653931
20152, 0.07653948
20153, 0.07653965
20154, 0.07653981
20155, 0.07653998
20156, 0.07654015
20157, 0.07654038
20158, 0.07654062
20159, 0.07654079
20160, 0.07654096
20161, 0.07654112
20162, 0.07654129
20163, 0.07654146
20164, 0.07654164
20165, 0.07655410
20166, 0.07655440
20167, 0.07655459
20168, 0.07655477
20169, 0.07655495
20170, 0.07655523
20171, 0.07655540
20172, 0.07655557
20173, 0.07655574
20174, 0.07655591
20175, 0.07655609
20176, 0.07655626
20177, 0.07655643
20178, 0.07655660
20179, 0.07655677
20180, 0.07655694
20181, 0.07655710
20182, 0.07655727
20183, 0.07655744
20184, 0.07655761
20185, 0.07655777
20186, 0.07655794
20187, 0.07655811
20188, 0.07655844
20189, 0.07655861
20190, 0.07655878
20191, 0.07655894
20192, 0.07655911
20193, 0.07655928
20194, 0.07655944
20195, 0.07655961
20196, 0.07655978
20197, 0.07655995
20198, 0.07656012
20199, 0.07656028
20200, 0.07656045
20201, 0.07656062
20202, 0.07656080
20203, 0.07656097
20204, 0.07656113
20205, 0.07656130
20206, 0.07656147
20207, 0.07656163
20208, 0.07656180
20209, 0.07656197
20210, 0.07656214
20211, 0.07656231
20212, 0.07656248
20213, 0.07656264
20214, 0.07656281
20215, 0.07656298
20216, 0.07656314
20217, 0.07656331
20218, 0.07656348
20219, 0.07656365
20220, 0.07656381
20221, 0.07656398
20222, 0.07656415
20223, 0.07656432
20224, 0.07656449
20225, 0.07656465
20226, 0.07656482
20227, 0.07656499
20228, 0.07656515
20229, 0.07656532
20230, 0.07656549
20231, 0.07656565
20232, 0.07656584
20233, 0.07656602
20234, 0.07656618
20235, 0.07656635
20236, 0.07656659
20237, 0.07656678
20238, 0.07656697
20239, 0.07656714
20240, 0.07656731
20241, 0.07656748
20242, 0.07656765
20243, 0.07656781
20244, 0.07656798
20245, 0.07656815
20246, 0.07656832
20247, 0.07656849
20248, 0.07656865
20249, 0.07656896
20250, 0.07656913
20251, 0.07656930
20252, 0.07656946
20253, 0.07656963
20254, 0.07656980
20255, 0.07656997
20256, 0.07657014
20257, 0.07657030
20258, 0.07657047
20259, 0.07657064
20260, 0.07657080
20261, 0.07657097
20262, 0.07657114
20263, 0.07657131
20264, 0.07657148
20265, 0.07657165
20266, 0.07657182
20267, 0.07657199
20268, 0.07657216
20269, 0.07657233
20270, 0.07657249
20271, 0.07657266
20272, 0.07657283
20273, 0.07657300
20274, 0.07657316
20275, 0.07657333
20276, 0.07657350
20277, 0.07657367
20278, 0.07657384
20279, 0.07657401
20280, 0.07657417
20281, 0.07657434
20282, 0.07657451
20283, 0.07657468
20284, 0.07657484
20285, 0.07657501
20286, 0.07657518
20287, 0.07657535
20288, 0.07657551
20289, 0.07657568
20290, 0.07657587
20291, 0.07658078
20292, 0.07658097
20293, 0.07658115
20294, 0.07658133
20295, 0.07658150
20296, 0.07658167
20297, 0.07658184
20298, 0.07658201
20299, 0.07658218
20300, 0.07658235
20301, 0.07658252
20302, 0.07658269
20303, 0.07658285
20304, 0.07658302
20305, 0.07658319
20306, 0.07658336
20307, 0.07658352
20308, 0.07658369
20309, 0.07658386
20310, 0.07658403
20311, 0.07658427
20312, 0.07658444
20313, 0.07658460
20314, 0.07658477
20315, 0.07658494
20316, 0.07658511
20317, 0.07658527
20318, 0.07658544
20319, 0.07658568
20320, 0.07658585
20321, 0.07658601
20322, 0.07658618
20323, 0.07658635
20324, 0.07658652
20325, 0.07658668
20326, 0.07658685
20327, 0.07658709
20328, 0.07658726
20329, 0.07658742
20330, 0.07658759
20331, 0.07658776
20332, 0.07658793
20333, 0.07658809
20334, 0.07658826
20335, 0.07658850
20336, 0.07658867
20337, 0.07658884
20338, 0.07658900
20339, 0.07658917
20340, 0.07658934
20341, 0.07658951
20342, 0.07658967
20343, 0.07658992
20344, 0.07659009
20345, 0.07659026
20346, 0.07659043
20347, 0.07659061
20348, 0.07659078
20349, 0.07659095
20350, 0.07659112
20351, 0.07659137
20352, 0.07659154
20353, 0.07659171
20354, 0.07659188
20355, 0.07659205
20356, 0.07659222
20357, 0.07659239
20358, 0.07659258
20359, 0.07659282
20360, 0.07659299
20361, 0.07659317
20362, 0.07659334
20363, 0.07659351
20364, 0.07659368
20365, 0.07659385
20366, 0.07659402
20367, 0.07659426
20368, 0.07659443
20369, 0.07659460
20370, 0.07659477
20371, 0.07659494
20372, 0.07659511
20373, 0.07659527
20374, 0.07659546
20375, 0.07659570
20376, 0.07659587
20377, 0.07659604
20378, 0.07659621
20379, 0.07659638
20380, 0.07659654
20381, 0.07659671
20382, 0.07659688
20383, 0.07659713
20384, 0.07659730
20385, 0.07659746
20386, 0.07659763
20387, 0.07659780
20388, 0.07659796
20389, 0.07659813
20390, 0.07659830
20391, 0.07659847
20392, 0.07659864
20393, 0.07659880
20394, 0.07659897
20395, 0.07659914
20396, 0.07659930
20397, 0.07659947
20398, 0.07659964
20399, 0.07659980
20400, 0.07659997
20401, 0.07660014
20402, 0.07660031
20403, 0.07660048
20404, 0.07660064
20405, 0.07660081
20406, 0.07660098
20407, 0.07660115
20408, 0.07660131
20409, 0.07660148
20410, 0.07660165
20411, 0.07660182
20412, 0.07660198
20413, 0.07660215
20414, 0.07660232
20415, 0.07660248
20416, 0.07660266
20417, 0.07660500
20418, 0.07660520
20419, 0.07660537
20420, 0.07660554
20421, 0.07660570
20422, 0.07660587
20423, 0.07660604
20424, 0.07660621
20425, 0.07660638
20426, 0.07660674
20427, 0.07660692
20428, 0.07660716
20429, 0.07660733
20430, 0.07660750
20431, 0.07660767
20432, 0.07660784
20433, 0.07660801
20434, 0.07660818
20435, 0.07660835
20436, 0.07660852
20437, 0.07660868
20438, 0.07660885
20439, 0.07660902
20440, 0.07660919
20441, 0.07660936
20442, 0.07660953
20443, 0.07660970
20444, 0.07660987
20445, 0.07661004
20446, 0.07661020
20447, 0.07661037
20448, 0.07661054
20449, 0.07661077
20450, 0.07661094
20451, 0.07661111
20452, 0.07661128
20453, 0.07661145
20454, 0.07661161
20455, 0.07661178
20456, 0.07661195
20457, 0.07661211
20458, 0.07661228
20459, 0.07661245
20460, 0.07661262
20461, 0.07661278
20462, 0.07661295
20463, 0.07661312
20464, 0.07661328
20465, 0.07661345
20466, 0.07661362
20467, 0.07661379
20468, 0.07661396
20469, 0.07661412
20470, 0.07661429
20471, 0.07661446
20472, 0.07661462
20473, 0.07661479
20474, 0.07661496
20475, 0.07661513
20476, 0.07661529
20477, 0.07661546
20478, 0.07661563
20479, 0.07661580
20480, 0.07661597
20481, 0.07661614
20482, 0.07661630
20483, 0.07661647
20484, 0.07661664
20485, 0.07661681
20486, 0.07661698
20487, 0.07661722
20488, 0.07661739
20489, 0.07661755
20490, 0.07661772
20491, 0.07661789
20492, 0.07661806
20493, 0.07661823
20494, 0.07661839
20495, 0.07661864
20496, 0.07661880
20497, 0.07661897
20498, 0.07661913
20499, 0.07661930
20500, 0.07661947
20501, 0.07661964
20502, 0.07661980
20503, 0.07662005
20504, 0.07662022
20505, 0.07662038
20506, 0.07662056
20507, 0.07662077
20508, 0.07662096
20509, 0.07662114
20510, 0.07662133
20511, 0.07662159
20512, 0.07662176
20513, 0.07662193
20514, 0.07662210
20515, 0.07662227
20516, 0.07662244
20517, 0.07662261
20518, 0.07662277
20519, 0.07662301
20520, 0.07662318
20521, 0.07662335
20522, 0.07662352
20523, 0.07662369
20524, 0.07662385
20525, 0.07662402
20526, 0.07662419
20527, 0.07662445
20528, 0.07662461
20529, 0.07662478
20530, 0.07662495
20531, 0.07662512
20532, 0.07662529
20533, 0.07662546
20534, 0.07662563
20535, 0.07662587
20536, 0.07662604
20537, 0.07662620
20538, 0.07662637
20539, 0.07662654
20540, 0.07662671
20541, 0.07662687
20542, 0.07662705
20543, 0.07662942
20544, 0.07662961
20545, 0.07662978
20546, 0.07662995
20547, 0.07663012
20548, 0.07663029
20549, 0.07663046
20550, 0.07663063
20551, 0.07663080
20552, 0.07663097
20553, 0.07663117
20554, 0.07663134
20555, 0.07663150
20556, 0.07663167
20557, 0.07663184
20558, 0.07663201
20559, 0.07663217
20560, 0.07663234
20561, 0.07663251
20562, 0.07663268
20563, 0.07663285
20564, 0.07663301
20565, 0.07663318
20566, 0.07663335
20567, 0.07663352
20568, 0.07663369
20569, 0.07663386
20570, 0.07663403
20571, 0.07663419
20572, 0.07663436
20573, 0.07663453
20574, 0.07663470
20575, 0.07663486
20576, 0.07663503
20577, 0.07663520
20578, 0.07663536
20579, 0.07663553
20580, 0.07663570
20581, 0.07663588
20582, 0.07663604
20583, 0.07663621
20584, 0.07663638
20585, 0.07663655
20586, 0.07663671
20587, 0.07663688
20588, 0.07663705
20589, 0.07663722
20590, 0.07663740
20591, 0.07663757
20592, 0.07663774
20593, 0.07663791
20594, 0.07663808
20595, 0.07663824
20596, 0.07663841
20597, 0.07663858
20598, 0.07663875
20599, 0.07663892
20600, 0.07663909
20601, 0.07663925
20602, 0.07663942
20603, 0.07663959
20604, 0.07663976
20605, 0.07663992
20606, 0.07664009
20607, 0.07664026
20608, 0.07664043
20609, 0.07664059
20610, 0.07664076
20611, 0.07664093
20612, 0.07664110
20613, 0.07664127
20614, 0.07664143
20615, 0.07664162
20616, 0.07664179
20617, 0.07664196
20618, 0.07664212
20619, 0.07664229
20620, 0.07664246
20621, 0.07664263
20622, 0.07664280
20623, 0.07664297
20624, 0.07664313
20625, 0.07664330
20626, 0.07664347
20627, 0.07664364
20628, 0.07664380
20629, 0.07664397
20630, 0.07664414
20631, 0.07664431
20632, 0.07664448
20633, 0.07664464
20634, 0.07664481
20635, 0.07664498
20636, 0.07664515
20637, 0.07664532
20638, 0.07664548
20639, 0.07664566
20640, 0.07664582
20641, 0.07664599
20642, 0.07664616
20643, 0.07664633
20644, 0.07664650
20645, 0.07664666
20646, 0.07664683
20647, 0.07664700
20648, 0.07664717
20649, 0.07664734
20650, 0.07664750
20651, 0.07664767
20652, 0.07664784
20653, 0.07664807
20654, 0.07664824
20655, 0.07664840
20656, 0.07664857
20657, 0.07664874
20658, 0.07664891
20659, 0.07664908
20660, 0.07664925
20661, 0.07664942
20662, 0.07664959
20663, 0.07664975
20664, 0.07664992
20665, 0.07665015
20666, 0.07665031
20667, 0.07665048
20668, 0.07665066
20669, 0.07665308
20670, 0.07665328
20671, 0.07665345
20672, 0.07665362
20673, 0.07665379
20674, 0.07665396
20675, 0.07665413
20676, 0.07665430
20677, 0.07665447
20678, 0.07665463
20679, 0.07665480
20680, 0.07665497
20681, 0.07665514
20682, 0.07665531
20683, 0.07665547
20684, 0.07665564
20685, 0.07665581
20686, 0.07665597
20687, 0.07665614
20688, 0.07665631
20689, 0.07665648
20690, 0.07665665
20691, 0.07665682
20692, 0.07665699
20693, 0.07665715
20694, 0.07665732
20695, 0.07665749
20696, 0.07665766
20697, 0.07665783
20698, 0.07665800
20699, 0.07665817
20700, 0.07665833
20701, 0.07665850
20702, 0.07665867
20703, 0.07665884
20704, 0.07665901
20705, 0.07665917
20706, 0.07665934
20707, 0.07665951
20708, 0.07665968
20709, 0.07665985
20710, 0.07666001
20711, 0.07666018
20712, 0.07666035
20713, 0.07666052
20714, 0.07666069
20715, 0.07666085
20716, 0.07666108
20717, 0.07666126
20718, 0.07666143
20719, 0.07666161
20720, 0.07666178
20721, 0.07666195
20722, 0.07666212
20723, 0.07666228
20724, 0.07666245
20725, 0.07666262
20726, 0.07666279
20727, 0.07666295
20728, 0.07666312
20729, 0.07666329
20730, 0.07666346
20731, 0.07666362
20732, 0.07666379
20733, 0.07666396
20734, 0.07666412
20735, 0.07666429
20736, 0.07666446
20737, 0.07666463
20738, 0.07666479
20739, 0.07666496
20740, 0.07666513
20741, 0.07666529
20742, 0.07666546
20743, 0.07666563
20744, 0.07666579
20745, 0.07666596
20746, 0.07666613
20747, 0.07666629
20748, 0.07666646
20749, 0.07666663
20750, 0.07666679
20751, 0.07666696
20752, 0.07666713
20753, 0.07666729
20754, 0.07666746
20755, 0.07666763
20756, 0.07666780
20757, 0.07666796
20758, 0.07666813
20759, 0.07666830
20760, 0.07666847
20761, 0.07666864
20762, 0.07666881
20763, 0.07666898
20764, 0.07666915
20765, 0.07666932
20766, 0.07666949
20767, 0.07666966
20768, 0.07666983
20769, 0.07666999
20770, 0.07667016
20771, 0.07667033
20772, 0.07667050
20773, 0.07667067
20774, 0.07667084
20775, 0.07667101
20776, 0.07667118
20777, 0.07667135
20778, 0.07667165
20779, 0.07667181
20780, 0.07667198
20781, 0.07667215
20782, 0.07667232
20783, 0.07667249
20784, 0.07667266
20785, 0.07667283
20786, 0.07667299
20787, 0.07667316
20788, 0.07667333
20789, 0.07667350
20790, 0.07667367
20791, 0.07667384
20792, 0.07667401
20793, 0.07667418
20794, 0.07667436
20795, 0.07667662
20796, 0.07667681
20797, 0.07667704
20798, 0.07667722
20799, 0.07667740
20800, 0.07667757
20801, 0.07667774
20802, 0.07667791
20803, 0.07667807
20804, 0.07667825
20805, 0.07667841
20806, 0.07667858
20807, 0.07667875
20808, 0.07667892
20809, 0.07667909
20810, 0.07667926
20811, 0.07667943
20812, 0.07667960
20813, 0.07667977
20814, 0.07668009
20815, 0.07668033
20816, 0.07668050
20817, 0.07668067
20818, 0.07668084
20819, 0.07668101
20820, 0.07668118
20821, 0.07668135
20822, 0.07668152
20823, 0.07668169
20824, 0.07668186
20825, 0.07668203
20826, 0.07668220
20827, 0.07668237
20828, 0.07668254
20829, 0.07668271
20830, 0.07668288
20831, 0.07668305
20832, 0.07668322
20833, 0.07668345
20834, 0.07668362
20835, 0.07668379
20836, 0.07668396
20837, 0.07668413
20838, 0.07668431
20839, 0.07668448
20840, 0.07668465
20841, 0.07668482
20842, 0.07668499
20843, 0.07668516
20844, 0.07668533
20845, 0.07668551
20846, 0.07668568
20847, 0.07668585
20848, 0.07668602
20849, 0.07668619
20850, 0.07668636
20851, 0.07668653
20852, 0.07668670
20853, 0.07668687
20854, 0.07668704
20855, 0.07668721
20856, 0.07668738
20857, 0.07668755
20858, 0.07668772
20859, 0.07668789
20860, 0.07668806
20861, 0.07668823
20862, 0.07668840
20863, 0.07668857
20864, 0.07668874
20865, 0.07668891
20866, 0.07668908
20867, 0.07668925
20868, 0.07668943
20869, 0.07668960
20870, 0.07668978
20871, 0.07668997
20872, 0.07669014
20873, 0.07669031
20874, 0.07669048
20875, 0.07669065
20876, 0.07669082
20877, 0.07669099
20878, 0.07669116
20879, 0.07669133
20880, 0.07669150
20881, 0.07669167
20882, 0.07669183
20883, 0.07669201
20884, 0.07669218
20885, 0.07669235
20886, 0.07669252
20887, 0.07669269
20888, 0.07669286
20889, 0.07669303
20890, 0.07669326
20891, 0.07669343
20892, 0.07669360
20893, 0.07669377
20894, 0.07669394
20895, 0.07669417
20896, 0.07669434
20897, 0.07669451
20898, 0.07669467
20899, 0.07669486
20900, 0.07669503
20901, 0.07669520
20902, 0.07669537
20903, 0.07669555
20904, 0.07669572
20905, 0.07669589
20906, 0.07669606
20907, 0.07669623
20908, 0.07669640
20909, 0.07669657
20910, 0.07669674
20911, 0.07669693
20912, 0.07669710
20913, 0.07669727
20914, 0.07669744
20915, 0.07669761
20916, 0.07669778
20917, 0.07669795
20918, 0.07669813
20919, 0.07669830
20920, 0.07669848
20921, 0.07670079
20922, 0.07670098
20923, 0.07670116
20924, 0.07670134
20925, 0.07670151
20926, 0.07670168
20927, 0.07670185
20928, 0.07670201
20929, 0.07670218
20930, 0.07670235
20931, 0.07670252
20932, 0.07670270
20933, 0.07670288
20934, 0.07670305
20935, 0.07670322
20936, 0.07670340
20937, 0.07670357
20938, 0.07670374
20939, 0.07670391
20940, 0.07670408
20941, 0.07670424
20942, 0.07670441
20943, 0.07670459
20944, 0.07670476
20945, 0.07670492
20946, 0.07670510
20947, 0.07670527
20948, 0.07670544
20949, 0.07670561
20950, 0.07670578
20951, 0.07670595
20952, 0.07670612
20953, 0.07670629
20954, 0.07670646
20955, 0.07670663
20956, 0.07670680
20957, 0.07670697
20958, 0.07670720
20959, 0.07670737
20960, 0.07670754
20961, 0.07670771
20962, 0.07670788
20963, 0.07670805
20964, 0.07670822
20965, 0.07670839
20966, 0.07670857
20967, 0.07670879
20968, 0.07670896
20969, 0.07670913
20970, 0.07670930
20971, 0.07670947
20972, 0.07670964
20973, 0.07670981
20974, 0.07670998
20975, 0.07671016
20976, 0.07671033
20977, 0.07671050
20978, 0.07671067
20979, 0.07671084
20980, 0.07671101
20981, 0.07671118
20982, 0.07671135
20983, 0.07671152
20984, 0.07671169
20985, 0.07671186
20986, 0.07671203
20987, 0.07671220
20988, 0.07671237
20989, 0.07671254
20990, 0.07671271
20991, 0.07671288
20992, 0.07671305
20993, 0.07671322
20994, 0.07671340
20995, 0.07671357
20996, 0.07671374
20997, 0.07671391
20998, 0.07671408
20999, 0.07671433
21000, 0.07671450
21001, 0.07671467
21002, 0.07671484
21003, 0.07671501
21004, 0.07671518
21005, 0.07671535
21006, 0.07671552
21007, 0.07671577
21008, 0.07671594
21009, 0.07671611
21010, 0.07671628
21011, 0.07671646
21012, 0.07671663
21013, 0.07671680
21014, 0.07671697
21015, 0.07671722
21016, 0.07671739
21017, 0.07671756
21018, 0.07671773
21019, 0.07671790
21020, 0.07671807
21021, 0.07671824
21022, 0.07671842
21023, 0.07671866
21024, 0.07671883
21025, 0.07671901
21026, 0.07671918
21027, 0.07671935
21028, 0.07671952
21029, 0.07671969
21030, 0.07671986
21031, 0.07672010
21032, 0.07672027
21033, 0.07672044
21034, 0.07672061
21035, 0.07672078
21036, 0.07672096
21037, 0.07672112
21038, 0.07672130
21039, 0.07672155
21040, 0.07672172
21041, 0.07672189
21042, 0.07672207
21043, 0.07672223
21044, 0.07672241
21045, 0.07672258
21046, 0.07672276
21047, 0.07672509
21048, 0.07672529
21049, 0.07672547
21050, 0.07672564
21051, 0.07672581
21052, 0.07672598
21053, 0.07672614
21054, 0.07672631
21055, 0.07672655
21056, 0.07672672
21057, 0.07672688
21058, 0.07672705
21059, 0.07672721
21060, 0.07672738
21061, 0.07672755
21062, 0.07672772
21063, 0.07672789
21064, 0.07672805
21065, 0.07672822
21066, 0.07672839
21067, 0.07672856
21068, 0.07672872
21069, 0.07672895
21070, 0.07672912
21071, 0.07672928
21072, 0.07672951
21073, 0.07672968
21074, 0.07672985
21075, 0.07673011
21076, 0.07673028
21077, 0.07673044
21078, 0.07673061
21079, 0.07673084
21080, 0.07673114
21081, 0.07673131
21082, 0.07673148
21083, 0.07673164
21084, 0.07673181
21085, 0.07673198
21086, 0.07673215
21087, 0.07673232
21088, 0.07673248
21089, 0.07673265
21090, 0.07673282
21091, 0.07673299
21092, 0.07673316
21093, 0.07673332
21094, 0.07673349
21095, 0.07673366
21096, 0.07673382
21097, 0.07673399
21098, 0.07673416
21099, 0.07673432
21100, 0.07673449
21101, 0.07673472
21102, 0.07673489
21103, 0.07673513
21104, 0.07673530
21105, 0.07673546
21106, 0.07673563
21107, 0.07673580
21108, 0.07673597
21109, 0.07673613
21110, 0.07673630
21111, 0.07673647
21112, 0.07673664
21113, 0.07673680
21114, 0.07673697
21115, 0.07673714
21116, 0.07673730
21117, 0.07673747
21118, 0.07673764
21119, 0.07673780
21120, 0.07673797
21121, 0.07673814
21122, 0.07673831
21123, 0.07673848
21124, 0.07673864
21125, 0.07673881
21126, 0.07673898
21127, 0.07673915
21128, 0.07673932
21129, 0.07673948
21130, 0.07673965
21131, 0.07673982
21132, 0.07673998
21133, 0.07674015
21134, 0.07674032
21135, 0.07674049
21136, 0.07674065
21137, 0.07674082
21138, 0.07674099
21139, 0.07674115
21140, 0.07674132
21141, 0.07674149
21142, 0.07674167
21143, 0.07674183
21144, 0.07674200
21145, 0.07674218
21146, 0.07674235
21147, 0.07674252
21148, 0.07674269
21149, 0.07674286
21150, 0.07674303
21151, 0.07674320
21152, 0.07674337
21153, 0.07674354
21154, 0.07674371
21155, 0.07674388
21156, 0.07674404
21157, 0.07674421
21158, 0.07674438
21159, 0.07674454
21160, 0.07674471
21161, 0.07674488
21162, 0.07674504
21163, 0.07674521
21164, 0.07674538
21165, 0.07674555
21166, 0.07674572
21167, 0.07674588
21168, 0.07674605
21169, 0.07674622
21170, 0.07674639
21171, 0.07674655
21172, 0.07674673
21173, 0.07674910
21174, 0.07674929
21175, 0.07674947
21176, 0.07674964
21177, 0.07674981
21178, 0.07674997
21179, 0.07675014
21180, 0.07675031
21181, 0.07675048
21182, 0.07675071
21183, 0.07675098
21184, 0.07675115
21185, 0.07675132
21186, 0.07675163
21187, 0.07675179
21188, 0.07675196
21189, 0.07675213
21190, 0.07675229
21191, 0.07675246
21192, 0.07675263
21193, 0.07675280
21194, 0.07675297
21195, 0.07675314
21196, 0.07675330
21197, 0.07675347
21198, 0.07675364
21199, 0.07675380
21200, 0.07675397
21201, 0.07675414
21202, 0.07675430
21203, 0.07675447
21204, 0.07675464
21205, 0.07675480
21206, 0.07675497
21207, 0.07675514
21208, 0.07675531
21209, 0.07675553
21210, 0.07675577
21211, 0.07675594
21212, 0.07675611
21213, 0.07675627
21214, 0.07675644
21215, 0.07675661
21216, 0.07675678
21217, 0.07675694
21218, 0.07675711
21219, 0.07675728
21220, 0.07675745
21221, 0.07675761
21222, 0.07675778
21223, 0.07675795
21224, 0.07675811
21225, 0.07675828
21226, 0.07675845
21227, 0.07675861
21228, 0.07675878
21229, 0.07675894
21230, 0.07675911
21231, 0.07675928
21232, 0.07675945
21233, 0.07675961
21234, 0.07675978
21235, 0.07675995
21236, 0.07676011
21237, 0.07676028
21238, 0.07676045
21239, 0.07676061
21240, 0.07676078
21241, 0.07676095
21242, 0.07676112
21243, 0.07676128
21244, 0.07676145
21245, 0.07676162
21246, 0.07676178
21247, 0.07676195
21248, 0.07676212
21249, 0.07676228
21250, 0.07676245
21251, 0.07676262
21252, 0.07676279
21253, 0.07676296
21254, 0.07676312
21255, 0.07676329
21256, 0.07676362
21257, 0.07676379
21258, 0.07676396
21259, 0.07676413
21260, 0.07676430
21261, 0.07676446
21262, 0.07676463
21263, 0.07676480
21264, 0.07676497
21265, 0.07676514
21266, 0.07676536
21267, 0.07676553
21268, 0.07676570
21269, 0.07676587
21270, 0.07676604
21271, 0.07676621
21272, 0.07676638
21273, 0.07676661
21274, 0.07676678
21275, 0.07676694
21276, 0.07676711
21277, 0.07676728
21278, 0.07676745
21279, 0.07676761
21280, 0.07676778
21281, 0.07676795
21282, 0.07676812
21283, 0.07676828
21284, 0.07676845
21285, 0.07676862
21286, 0.07676879
21287, 0.07676896
21288, 0.07676913
21289, 0.07676929
21290, 0.07676946
21291, 0.07676963
21292, 0.07676980
21293, 0.07676996
21294, 0.07677013
21295, 0.07677030
21296, 0.07677047
21297, 0.07677064
21298, 0.07677082
21299, 0.07677308
21300, 0.07677327
21301, 0.07677344
21302, 0.07677361
21303, 0.07677378
21304, 0.07677395
21305, 0.07677411
21306, 0.07677428
21307, 0.07677445
21308, 0.07677462
21309, 0.07677482
21310, 0.07677499
21311, 0.07677515
21312, 0.07677532
21313, 0.07677549
21314, 0.07677565
21315, 0.07677582
21316, 0.07677599
21317, 0.07677616
21318, 0.07677633
21319, 0.07677649
21320, 0.07677666
21321, 0.07677683
21322, 0.07677700
21323, 0.07677717
21324, 0.07677734
21325, 0.07677750
21326, 0.07677767
21327, 0.07677791
21328, 0.07677808
21329, 0.07677825
21330, 0.07677842
21331, 0.07677859
21332, 0.07677876
21333, 0.07677892
21334, 0.07677909
21335, 0.07677925
21336, 0.07677942
21337, 0.07677959
21338, 0.07677976
21339, 0.07677993
21340, 0.07678010
21341, 0.07678028
21342, 0.07678045
21343, 0.07678061
21344, 0.07678078
21345, 0.07678095
21346, 0.07678111
21347, 0.07678128
21348, 0.07678145
21349, 0.07678162
21350, 0.07678179
21351, 0.07678195
21352, 0.07678212
21353, 0.07678229
21354, 0.07678246
21355, 0.07678262
21356, 0.07678288
21357, 0.07678305
21358, 0.07678323
21359, 0.07678340
21360, 0.07678357
21361, 0.07678374
21362, 0.07678391
21363, 0.07678408
21364, 0.07678425
21365, 0.07678442
21366, 0.07678459
21367, 0.07678476
21368, 0.07678493
21369, 0.07678510
21370, 0.07678527
21371, 0.07678544
21372, 0.07678561
21373, 0.07678578
21374, 0.07678595
21375, 0.07678612
21376, 0.07678629
21377, 0.07678646
21378, 0.07678663
21379, 0.07678679
21380, 0.07678696
21381, 0.07678713
21382, 0.07678730
21383, 0.07678747
21384, 0.07678764
21385, 0.07678781
21386, 0.07678798
21387, 0.07678815
21388, 0.07678832
21389, 0.07678848
21390, 0.07678866
21391, 0.07678882
21392, 0.07678899
21393, 0.07678916
21394, 0.07678933
21395, 0.07678950
21396, 0.07678967
21397, 0.07678984
21398, 0.07679001
21399, 0.07679018
21400, 0.07679035
21401, 0.07679051
21402, 0.07679068
21403, 0.07679085
21404, 0.07679102
21405, 0.07679119
21406, 0.07679136
21407, 0.07679152
21408, 0.07679170
21409, 0.07679187
21410, 0.07679204
21411, 0.07679221
21412, 0.07679237
21413, 0.07679254
21414, 0.07679271
21415, 0.07679288
21416, 0.07679305
21417, 0.07679321
21418, 0.07679338
21419, 0.07679355
21420, 0.07679371
21421, 0.07679388
21422, 0.07679411
21423, 0.07679428
21424, 0.07679452
21425, 0.07679700
21426, 0.07679721
21427, 0.07679739
21428, 0.07679757
21429, 0.07679774
21430, 0.07679791
21431, 0.07679807
21432, 0.07679824
21433, 0.07679841
21434, 0.07679858
21435, 0.07679874
21436, 0.07679891
21437, 0.07679908
21438, 0.07679925
21439, 0.07679941
21440, 0.07679958
21441, 0.07679975
21442, 0.07679991
21443, 0.07680008
21444, 0.07680024
21445, 0.07680041
21446, 0.07680057
21447, 0.07680074
21448, 0.07680091
21449, 0.07680107
21450, 0.07680124
21451, 0.07680141
21452, 0.07680157
21453, 0.07680174
21454, 0.07680190
21455, 0.07680207
21456, 0.07680224
21457, 0.07680241
21458, 0.07680257
21459, 0.07680274
21460, 0.07680291
21461, 0.07680307
21462, 0.07680324
21463, 0.07680341
21464, 0.07680357
21465, 0.07680374
21466, 0.07680391
21467, 0.07680408
21468, 0.07680424
21469, 0.07680441
21470, 0.07680458
21471, 0.07680475
21472, 0.07680491
21473, 0.07680508
21474, 0.07680531
21475, 0.07680548
21476, 0.07680565
21477, 0.07680588
21478, 0.07680605
21479, 0.07680621
21480, 0.07680638
21481, 0.07680655
21482, 0.07680671
21483, 0.07680688
21484, 0.07680705
21485, 0.07680721
21486, 0.07680738
21487, 0.07680755
21488, 0.07680771
21489, 0.07680789
21490, 0.07680807
21491, 0.07680825
21492, 0.07680842
21493, 0.07680860
21494, 0.07680878
21495, 0.07680895
21496, 0.07680913
21497, 0.07680930
21498, 0.07680948
21499, 0.07680966
21500, 0.07680984
21501, 0.07681001
21502, 0.07681019
21503, 0.07681044
21504, 0.07681061
21505, 0.07681079
21506, 0.07681097
21507, 0.07681114
21508, 0.07681132
21509, 0.07681150
21510, 0.07681167
21511, 0.07681199
21512, 0.07681216
21513, 0.07681234
21514, 0.07681251
21515, 0.07681269
21516, 0.07681287
21517, 0.07681304
21518, 0.07681322
21519, 0.07681348
21520, 0.07681366
21521, 0.07681383
21522, 0.07681401
21523, 0.07681418
21524, 0.07681436
21525, 0.07681454
21526, 0.07681471
21527, 0.07681496
21528, 0.07681514
21529, 0.07681531
21530, 0.07681549
21531, 0.07681567
21532, 0.07681584
21533, 0.07681602
21534, 0.07681620
21535, 0.07681664
21536, 0.07681725
21537, 0.07681741
21538, 0.07681758
21539, 0.07681775
21540, 0.07681792
21541, 0.07681809
21542, 0.07681826
21543, 0.07681850
21544, 0.07681867
21545, 0.07681884
21546, 0.07681901
21547, 0.07681918
21548, 0.07681935
21549, 0.07681951
21550, 0.07681970
21551, 0.07682250
21552, 0.07682270
21553, 0.07682287
21554, 0.07682310
21555, 0.07682332
21556, 0.07682349
21557, 0.07682366
21558, 0.07682383
21559, 0.07682414
21560, 0.07682431
21561, 0.07682448
21562, 0.07682465
21563, 0.07682481
21564, 0.07682506
21565, 0.07682523
21566, 0.07682539
21567, 0.07682563
21568, 0.07682580
21569, 0.07682597
21570, 0.07682614
21571, 0.07682630
21572, 0.07682647
21573, 0.07682663
21574, 0.07682680
21575, 0.07682705
21576, 0.07682721
21577, 0.07682738
21578, 0.07682755
21579, 0.07682772
21580, 0.07682788
21581, 0.07682805
21582, 0.07682821
21583, 0.07682838
21584, 0.07682855
21585, 0.07682872
21586, 0.07682888
21587, 0.07682905
21588, 0.07682922
21589, 0.07682944
21590, 0.07682968
21591, 0.07682984
21592, 0.07683001
21593, 0.07683018
21594, 0.07683035
21595, 0.07683052
21596, 0.07683068
21597, 0.07683091
21598, 0.07683108
21599, 0.07683125
21600, 0.07683142
21601, 0.07683166
21602, 0.07683183
21603, 0.07683199
21604, 0.07683216
21605, 0.07683233
21606, 0.07683250
21607, 0.07683267
21608, 0.07683284
21609, 0.07683301
21610, 0.07683317
21611, 0.07683334
21612, 0.07683351
21613, 0.07683374
21614, 0.07683391
21615, 0.07683408
21616, 0.07683425
21617, 0.07683442
21618, 0.07683459
21619, 0.07683476
21620, 0.07683493
21621, 0.07683509
21622, 0.07683526
21623, 0.07683543
21624, 0.07683560
21625, 0.07683577
21626, 0.07683594
21627, 0.07683611
21628, 0.07683628
21629, 0.07683645
21630, 0.07683661
21631, 0.07683678
21632, 0.07683695
21633, 0.07683712
21634, 0.07683729
21635, 0.07683746
21636, 0.07683779
21637, 0.07683796
21638, 0.07683813
21639, 0.07683830
21640, 0.07683848
21641, 0.07683865
21642, 0.07683882
21643, 0.07683899
21644, 0.07683917
21645, 0.07683934
21646, 0.07683951
21647, 0.07683968
21648, 0.07683985
21649, 0.07684002
21650, 0.07684020
21651, 0.07684037
21652, 0.07684054
21653, 0.07684071
21654, 0.07684089
21655, 0.07684106
21656, 0.07684123
21657, 0.07684140
21658, 0.07684157
21659, 0.07684174
21660, 0.07684191
21661, 0.07684208
21662, 0.07684225
21663, 0.07684243
21664, 0.07684260
21665, 0.07684277
21666, 0.07684294
21667, 0.07684325
21668, 0.07684342
21669, 0.07684358
21670, 0.07684381
21671, 0.07684398
21672, 0.07684415
21673, 0.07684432
21674, 0.07684450
21675, 0.07684467
21676, 0.07684486
21677, 0.07684775
21678, 0.07684803
21679, 0.07684843
21680, 0.07684860
21681, 0.07684877
21682, 0.07684894
21683, 0.07684910
21684, 0.07684928
21685, 0.07684945
21686, 0.07684962
21687, 0.07684978
21688, 0.07684995
21689, 0.07685012
21690, 0.07685029
21691, 0.07685046
21692, 0.07685063
21693, 0.07685079
21694, 0.07685096
21695, 0.07685113
21696, 0.07685130
21697, 0.07685147
21698, 0.07685164
21699, 0.07685180
21700, 0.07685197
21701, 0.07685214
21702, 0.07685231
21703, 0.07685254
21704, 0.07685270
21705, 0.07685287
21706, 0.07685304
21707, 0.07685321
21708, 0.07685338
21709, 0.07685355
21710, 0.07685371
21711, 0.07685388
21712, 0.07685405
21713, 0.07685422
21714, 0.07685439
21715, 0.07685455
21716, 0.07685472
21717, 0.07685489
21718, 0.07685506
21719, 0.07685522
21720, 0.07685539
21721, 0.07685556
21722, 0.07685573
21723, 0.07685590
21724, 0.07685607
21725, 0.07685623
21726, 0.07685640
21727, 0.07685657
21728, 0.07685674
21729, 0.07685690
21730, 0.07685707
21731, 0.07685724
21732, 0.07685741
21733, 0.07685758
21734, 0.07685775
21735, 0.07685791
21736, 0.07685808
21737, 0.07685825
21738, 0.07685842
21739, 0.07685858
21740, 0.07685875
21741, 0.07685892
21742, 0.07685908
21743, 0.07685925
21744, 0.07685942
21745, 0.07685959
21746, 0.07685976
21747, 0.07685992
21748, 0.07686009
21749, 0.07686026
21750, 0.07686042
21751, 0.07686059
21752, 0.07686076
21753, 0.07686092
21754, 0.07686109
21755, 0.07686126
21756, 0.07686143
21757, 0.07686165
21758, 0.07686182
21759, 0.07686198
21760, 0.07686215
21761, 0.07686232
21762, 0.07686249
21763, 0.07686266
21764, 0.07686282
21765, 0.07686299
21766, 0.07686316
21767, 0.07686333
21768, 0.07686350
21769, 0.07686367
21770, 0.07686383
21771, 0.07686400
21772, 0.07686417
21773, 0.07686434
21774, 0.07686451
21775, 0.07686468
21776, 0.07686485
21777, 0.07686502
21778, 0.07686519
21779, 0.07686535
21780, 0.07686559
21781, 0.07686576
21782, 0.07686593
21783, 0.07686610
21784, 0.07686627
21785, 0.07686644
21786, 0.07686660
21787, 0.07686677
21788, 0.07686694
21789, 0.07686711
21790, 0.07686728
21791, 0.07686745
21792, 0.07686762
21793, 0.07686779
21794, 0.07686796
21795, 0.07686813
21796, 0.07686830
21797, 0.07686847
21798, 0.07686864
21799, 0.07686881
21800, 0.07686903
21801, 0.07686920
21802, 0.07686938
21803, 0.07687197
21804, 0.07687222
21805, 0.07687239
21806, 0.07687257
21807, 0.07687288
21808, 0.07687305
21809, 0.07687322
21810, 0.07687338
21811, 0.07687355
21812, 0.07687372
21813, 0.07687389
21814, 0.07687406
21815, 0.07687423
21816, 0.07687439
21817, 0.07687456
21818, 0.07687473
21819, 0.07687495
21820, 0.07687512
21821, 0.07687529
21822, 0.07687546
21823, 0.07687562
21824, 0.07687579
21825, 0.07687596
21826, 0.07687613
21827, 0.07687629
21828, 0.07687646
21829, 0.07687663
21830, 0.07687680
21831, 0.07687696
21832, 0.07687713
21833, 0.07687730
21834, 0.07687747
21835, 0.07687763
21836, 0.07687780
21837, 0.07687797
21838, 0.07687814
21839, 0.07687831
21840, 0.07687848
21841, 0.07687865
21842, 0.07687888
21843, 0.07687905
21844, 0.07687922
21845, 0.07687938
21846, 0.07687955
21847, 0.07687972
21848, 0.07687989
21849, 0.07688005
21850, 0.07688022
21851, 0.07688039
21852, 0.07688056
21853, 0.07688073
21854, 0.07688089
21855, 0.07688107
21856, 0.07688125
21857, 0.07688142
21858, 0.07688160
21859, 0.07688191
21860, 0.07688209
21861, 0.07688226
21862, 0.07688244
21863, 0.07688262
21864, 0.07688279
21865, 0.07688296
21866, 0.07688312
21867, 0.07688328
21868, 0.07688345
21869, 0.07688362
21870, 0.07688378
21871, 0.07688395
21872, 0.07688412
21873, 0.07688429
21874, 0.07688446
21875, 0.07688463
21876, 0.07688480
21877, 0.07688497
21878, 0.07688514
21879, 0.07688530
21880, 0.07688547
21881, 0.07688564
21882, 0.07688581
21883, 0.07688598
21884, 0.07688615
21885, 0.07688631
21886, 0.07688648
21887, 0.07688664
21888, 0.07688688
21889, 0.07688705
21890, 0.07688722
21891, 0.07688739
21892, 0.07688757
21893, 0.07688774
21894, 0.07688791
21895, 0.07688808
21896, 0.07688833
21897, 0.07688849
21898, 0.07688866
21899, 0.07688883
21900, 0.07688900
21901, 0.07688917
21902, 0.07688934
21903, 0.07688964
21904, 0.07688981
21905, 0.07688998
21906, 0.07689015
21907, 0.07689031
21908, 0.07689048
21909, 0.07689077
21910, 0.07689094
21911, 0.07689111
21912, 0.07689127
21913, 0.07689144
21914, 0.07689161
21915, 0.07689177
21916, 0.07689214
21917, 0.07689231
21918, 0.07689247
21919, 0.07689264
21920, 0.07689281
21921, 0.07689298
21922, 0.07689314
21923, 0.07689331
21924, 0.07689348
21925, 0.07689365
21926, 0.07689381
21927, 0.07689398
21928, 0.07689417
21929, 0.07689664
21930, 0.07689683
21931, 0.07689700
21932, 0.07689717
21933, 0.07689734
21934, 0.07689751
21935, 0.07689768
21936, 0.07689785
21937, 0.07689802
21938, 0.07689819
21939, 0.07689836
21940, 0.07689859
21941, 0.07689875
21942, 0.07689892
21943, 0.07689908
21944, 0.07689925
21945, 0.07689942
21946, 0.07689958
21947, 0.07689975
21948, 0.07689991
21949, 0.07690008
21950, 0.07690025
21951, 0.07690041
21952, 0.07690058
21953, 0.07690074
21954, 0.07690091
21955, 0.07690108
21956, 0.07690124
21957, 0.07690141
21958, 0.07690157
21959, 0.07690174
21960, 0.07690191
21961, 0.07690207
21962, 0.07690224
21963, 0.07690241
21964, 0.07690258
21965, 0.07690275
21966, 0.07690291
21967, 0.07690308
21968, 0.07690325
21969, 0.07690341
21970, 0.07690358
21971, 0.07690374
21972, 0.07690391
21973, 0.07690408
21974, 0.07690424
21975, 0.07690441
21976, 0.07690464
21977, 0.07690480
21978, 0.07690497
21979, 0.07690513
21980, 0.07690530
21981, 0.07690547
21982, 0.07690563
21983, 0.07690580
21984, 0.07690596
21985, 0.07690613
21986, 0.07690630
21987, 0.07690647
21988, 0.07690673
21989, 0.07690690
21990, 0.07690706
21991, 0.07690723
21992, 0.07690740
21993, 0.07690756
21994, 0.07690773
21995, 0.07690790
21996, 0.07690806
21997, 0.07690823
21998, 0.07690839
21999, 0.07690856
22000, 0.07690873
22001, 0.07690889
22002, 0.07690906
22003, 0.07690922
22004, 0.07690939
22005, 0.07690955
22006, 0.07690972
22007, 0.07690989
22008, 0.07691005
22009, 0.07691022
22010, 0.07691039
22011, 0.07691055
22012, 0.07691072
22013, 0.07691088
22014, 0.07691105
22015, 0.07691122
22016, 0.07691149
22017, 0.07691166
22018, 0.07691183
22019, 0.07691199
22020, 0.07691216
22021, 0.07691233
22022, 0.07691250
22023, 0.07691274
22024, 0.07691297
22025, 0.07691314
22026, 0.07691331
22027, 0.07691348
22028, 0.07691365
22029, 0.07691382
22030, 0.07691399
22031, 0.07691424
22032, 0.07691441
22033, 0.07691458
22034, 0.07691474
22035, 0.07691491
22036, 0.07691508
22037, 0.07691524
22038, 0.07691541
22039, 0.07691565
22040, 0.07691582
22041, 0.07691599
22042, 0.07691616
22043, 0.07691633
22044, 0.07691649
22045, 0.07691666
22046, 0.07691683
22047, 0.07691707
22048, 0.07691723
22049, 0.07691740
22050, 0.07691757
22051, 0.07691776
22052, 0.07691793
22053, 0.07691809
22054, 0.07691828
22055, 0.07692086
22056, 0.07692106
22057, 0.07692123
22058, 0.07692140
22059, 0.07692157
22060, 0.07692174
22061, 0.07692191
22062, 0.07692207
22063, 0.07692232
22064, 0.07692249
22065, 0.07692270
22066, 0.07692287
22067, 0.07692303
22068, 0.07692320
22069, 0.07692337
22070, 0.07692353
22071, 0.07692378
22072, 0.07692394
22073, 0.07692417
22074, 0.07692433
22075, 0.07692450
22076, 0.07692467
22077, 0.07692485
22078, 0.07692502
22079, 0.07692528
22080, 0.07692545
22081, 0.07692562
22082, 0.07692578
22083, 0.07692595
22084, 0.07692612
22085, 0.07692628
22086, 0.07692645
22087, 0.07692676
22088, 0.07692701
22089, 0.07692718
22090, 0.07692735
22091, 0.07692751
22092, 0.07692769
22093, 0.07692787
22094, 0.07692804
22095, 0.07692822
22096, 0.07692839
22097, 0.07692857
22098, 0.07692874
22099, 0.07692892
22100, 0.07692909
22101, 0.07692927
22102, 0.07692944
22103, 0.07692961
22104, 0.07692979
22105, 0.07693002
22106, 0.07693018
22107, 0.07693035
22108, 0.07693052
22109, 0.07693069
22110, 0.07693086
22111, 0.07693102
22112, 0.07693119
22113, 0.07693136
22114, 0.07693153
22115, 0.07693171
22116, 0.07693194
22117, 0.07693219
22118, 0.07693236
22119, 0.07693253
22120, 0.07693269
22121, 0.07693296
22122, 0.07693313
22123, 0.07693331
22124, 0.07693348
22125, 0.07693365
22126, 0.07693382
22127, 0.07693401
22128, 0.07693420
22129, 0.07693437
22130, 0.07693454
22131, 0.07693471
22132, 0.07693488
22133, 0.07693504
22134, 0.07693521
22135, 0.07693538
22136, 0.07693555
22137, 0.07693573
22138, 0.07693591
22139, 0.07693609
22140, 0.07693625
22141, 0.07693642
22142, 0.07693659
22143, 0.07693676
22144, 0.07693693
22145, 0.07693716
22146, 0.07693733
22147, 0.07693750
22148, 0.07693767
22149, 0.07693784
22150, 0.07693801
22151, 0.07693818
22152, 0.07693835
22153, 0.07693851
22154, 0.07693868
22155, 0.07693885
22156, 0.07693902
22157, 0.07693919
22158, 0.07693935
22159, 0.07693952
22160, 0.07693969
22161, 0.07693986
22162, 0.07694003
22163, 0.07694020
22164, 0.07694037
22165, 0.07694059
22166, 0.07694085
22167, 0.07694102
22168, 0.07694119
22169, 0.07694136
22170, 0.07694153
22171, 0.07694170
22172, 0.07694187
22173, 0.07694204
22174, 0.07694220
22175, 0.07694237
22176, 0.07694254
22177, 0.07694271
22178, 0.07694288
22179, 0.07694305
22180, 0.07694323
22181, 0.07694602
22182, 0.07694621
22183, 0.07694638
22184, 0.07694655
22185, 0.07694672
22186, 0.07694688
22187, 0.07694705
22188, 0.07694722
22189, 0.07694739
22190, 0.07694756
22191, 0.07694773
22192, 0.07694790
22193, 0.07694806
22194, 0.07694823
22195, 0.07694840
22196, 0.07694857
22197, 0.07694874
22198, 0.07694891
22199, 0.07694908
22200, 0.07694924
22201, 0.07694941
22202, 0.07694958
22203, 0.07694975
22204, 0.07694992
22205, 0.07695009
22206, 0.07695027
22207, 0.07695044
22208, 0.07695061
22209, 0.07695078
22210, 0.07695095
22211, 0.07695111
22212, 0.07695128
22213, 0.07695145
22214, 0.07695162
22215, 0.07695179
22216, 0.07695196
22217, 0.07695213
22218, 0.07695230
22219, 0.07695247
22220, 0.07695264
22221, 0.07695281
22222, 0.07695297
22223, 0.07695314
22224, 0.07695331
22225, 0.07695348
22226, 0.07695365
22227, 0.07695383
22228, 0.07695399
22229, 0.07695417
22230, 0.07695433
22231, 0.07695450
22232, 0.07695467
22233, 0.07695484
22234, 0.07695501
22235, 0.07695518
22236, 0.07695534
22237, 0.07695551
22238, 0.07695568
22239, 0.07695584
22240, 0.07695601
22241, 0.07695618
22242, 0.07695635
22243, 0.07695652
22244, 0.07695669
22245, 0.07695686
22246, 0.07695702
22247, 0.07695719
22248, 0.07695736
22249, 0.07695753
22250, 0.07695770
22251, 0.07695787
22252, 0.07695804
22253, 0.07695821
22254, 0.07695838
22255, 0.07695855
22256, 0.07695872
22257, 0.07695889
22258, 0.07695906
22259, 0.07695923
22260, 0.07695940
22261, 0.07695957
22262, 0.07695981
22263, 0.07696003
22264, 0.07696020
22265, 0.07696037
22266, 0.07696054
22267, 0.07696071
22268, 0.07696088
22269, 0.07696105
22270, 0.07696121
22271, 0.07696138
22272, 0.07696155
22273, 0.07696172
22274, 0.07696189
22275, 0.07696206
22276, 0.07696223
22277, 0.07696240
22278, 0.07696257
22279, 0.07696274
22280, 0.07696292
22281, 0.07696315
22282, 0.07696332
22283, 0.07696349
22284, 0.07696366
22285, 0.07696383
22286, 0.07696399
22287, 0.07696416
22288, 0.07696433
22289, 0.07696450
22290, 0.07696467
22291, 0.07696483
22292, 0.07696506
22293, 0.07696523
22294, 0.07696540
22295, 0.07696557
22296, 0.07696574
22297, 0.07696591
22298, 0.07696608
22299, 0.07696625
22300, 0.07696642
22301, 0.07696659
22302, 0.07696675
22303, 0.07696692
22304, 0.07696709
22305, 0.07696726
22306, 0.07696744
22307, 0.07696972
22308, 0.07696991
22309, 0.07697009
22310, 0.07697027
22311, 0.07697043
22312, 0.07697060
22313, 0.07697077
22314, 0.07697094
22315, 0.07697111
22316, 0.07697128
22317, 0.07697145
22318, 0.07697162
22319, 0.07697178
22320, 0.07697195
22321, 0.07697212
22322, 0.07697229
22323, 0.07697246
22324, 0.07697263
22325, 0.07697280
22326, 0.07697297
22327, 0.07697314
22328, 0.07697331
22329, 0.07697348
22330, 0.07697365
22331, 0.07697382
22332, 0.07697399
22333, 0.07697416
22334, 0.07697433
22335, 0.07697450
22336, 0.07697466
22337, 0.07697483
22338, 0.07697500
22339, 0.07697517
22340, 0.07697539
22341, 0.07697556
22342, 0.07697573
22343, 0.07697589
22344, 0.07697606
22345, 0.07697623
22346, 0.07697639
22347, 0.07697656
22348, 0.07697672
22349, 0.07697689
22350, 0.07697706
22351, 0.07697722
22352, 0.07697739
22353, 0.07697756
22354, 0.07697773
22355, 0.07697789
22356, 0.07697806
22357, 0.07697823
22358, 0.07697840
22359, 0.07697857
22360, 0.07697873
22361, 0.07697890
22362, 0.07697907
22363, 0.07697924
22364, 0.07697940
22365, 0.07697957
22366, 0.07697974
22367, 0.07697991
22368, 0.07698008
22369, 0.07698024
22370, 0.07698041
22371, 0.07698058
22372, 0.07698075
22373, 0.07698092
22374, 0.07698108
22375, 0.07698125
22376, 0.07698142
22377, 0.07698159
22378, 0.07698175
22379, 0.07698192
22380, 0.07698209
22381, 0.07698226
22382, 0.07698243
22383, 0.07698266
22384, 0.07698283
22385, 0.07698300
22386, 0.07698317
22387, 0.07698333
22388, 0.07698350
22389, 0.07698367
22390, 0.07698384
22391, 0.07698401
22392, 0.07698418
22393, 0.07698435
22394, 0.07698452
22395, 0.07698469
22396, 0.07698486
22397, 0.07698502
22398, 0.07698519
22399, 0.07698536
22400, 0.07698553
22401, 0.07698570
22402, 0.07698587
22403, 0.07698604
22404, 0.07698621
22405, 0.07698638
22406, 0.07698655
22407, 0.07698671
22408, 0.07698688
22409, 0.07698705
22410, 0.07698722
22411, 0.07698739
22412, 0.07698756
22413, 0.07698773
22414, 0.07698790
22415, 0.07698806
22416, 0.07698823
22417, 0.07698840
22418, 0.07698857
22419, 0.07698874
22420, 0.07698890
22421, 0.07698907
22422, 0.07698924
22423, 0.07698941
22424, 0.07698963
22425, 0.07698980
22426, 0.07698997
22427, 0.07699014
22428, 0.07699031
22429, 0.07699048
22430, 0.07699065
22431, 0.07699082
22432, 0.07699100
22433, 0.07699350
22434, 0.07699369
22435, 0.07699386
22436, 0.07699403
22437, 0.07699420
22438, 0.07699437
22439, 0.07699454
22440, 0.07699471
22441, 0.07699488
22442, 0.07699504
22443, 0.07699521
22444, 0.07699538
22445, 0.07699555
22446, 0.07699572
22447, 0.07699589
22448, 0.07699606
22449, 0.07699623
22450, 0.07699645
22451, 0.07699668
22452, 0.07699685
22453, 0.07699702
22454, 0.07699719
22455, 0.07699736
22456, 0.07699753
22457, 0.07699776
22458, 0.07699793
22459, 0.07699810
22460, 0.07699827
22461, 0.07699844
22462, 0.07699861
22463, 0.07699877
22464, 0.07699894
22465, 0.07699911
22466, 0.07699928
22467, 0.07699951
22468, 0.07699968
22469, 0.07699984
22470, 0.07700001
22471, 0.07700018
22472, 0.07700035
22473, 0.07700052
22474, 0.07700069
22475, 0.07700086
22476, 0.07700102
22477, 0.07700119
22478, 0.07700136
22479, 0.07700153
22480, 0.07700170
22481, 0.07700186
22482, 0.07700203
22483, 0.07700221
22484, 0.07700237
22485, 0.07700254
22486, 0.07700271
22487, 0.07700288
22488, 0.07700305
22489, 0.07700322
22490, 0.07700339
22491, 0.07700355
22492, 0.07700372
22493, 0.07700389
22494, 0.07700406
22495, 0.07700422
22496, 0.07700439
22497, 0.07700456
22498, 0.07700479
22499, 0.07700496
22500, 0.07700513
22501, 0.07700530
22502, 0.07700547
22503, 0.07700564
22504, 0.07700581
22505, 0.07700598
22506, 0.07700614
22507, 0.07700631
22508, 0.07700648
22509, 0.07700671
22510, 0.07700688
22511, 0.07700705
22512, 0.07700722
22513, 0.07700739
22514, 0.07700756
22515, 0.07700773
22516, 0.07700789
22517, 0.07700806
22518, 0.07700823
22519, 0.07700840
22520, 0.07700857
22521, 0.07700874
22522, 0.07700890
22523, 0.07700908
22524, 0.07700925
22525, 0.07700942
22526, 0.07700959
22527, 0.07700976
22528, 0.07700993
22529, 0.07701010
22530, 0.07701027
22531, 0.07701050
22532, 0.07701067
22533, 0.07701084
22534, 0.07701101
22535, 0.07701125
22536, 0.07701142
22537, 0.07701159
22538, 0.07701175
22539, 0.07701192
22540, 0.07701209
22541, 0.07701226
22542, 0.07701243
22543, 0.07701267
22544, 0.07701284
22545, 0.07701301
22546, 0.07701318
22547, 0.07701334
22548, 0.07701351
22549, 0.07701368
22550, 0.07701385
22551, 0.07701408
22552, 0.07701425
22553, 0.07701442
22554, 0.07701459
22555, 0.07701476
22556, 0.07701493
22557, 0.07701510
22558, 0.07701531
22559, 0.07701773
22560, 0.07701791
22561, 0.07701808
22562, 0.07701825
22563, 0.07701843
22564, 0.07701860
22565, 0.07701876
22566, 0.07701893
22567, 0.07701926
22568, 0.07701943
22569, 0.07701959
22570, 0.07701976
22571, 0.07701999
22572, 0.07702047
22573, 0.07702064
22574, 0.07702081
22575, 0.07702106
22576, 0.07702124
22577, 0.07702141
22578, 0.07702158
22579, 0.07702175
22580, 0.07702191
22581, 0.07702208
22582, 0.07702225
22583, 0.07702252
22584, 0.07702268
22585, 0.07702285
22586, 0.07702302
22587, 0.07702319
22588, 0.07702342
22589, 0.07702359
22590, 0.07702376
22591, 0.07702400
22592, 0.07702417
22593, 0.07702433
22594, 0.07702469
22595, 0.07702486
22596, 0.07702503
22597, 0.07702519
22598, 0.07702542
22599, 0.07702569
22600, 0.07702586
22601, 0.07702603
22602, 0.07702622
22603, 0.07702638
22604, 0.07702655
22605, 0.07702672
22606, 0.07702689
22607, 0.07702706
22608, 0.07702723
22609, 0.07702740
22610, 0.07702757
22611, 0.07702774
22612, 0.07702790
22613, 0.07702807
22614, 0.07702824
22615, 0.07702841
22616, 0.07702857
22617, 0.07702874
22618, 0.07702890
22619, 0.07702907
22620, 0.07702924
22621, 0.07702941
22622, 0.07702958
22623, 0.07702975
22624, 0.07702991
22625, 0.07703008
22626, 0.07703025
22627, 0.07703042
22628, 0.07703058
22629, 0.07703077
22630, 0.07703094
22631, 0.07703111
22632, 0.07703128
22633, 0.07703144
22634, 0.07703161
22635, 0.07703178
22636, 0.07703195
22637, 0.07703212
22638, 0.07703229
22639, 0.07703245
22640, 0.07703262
22641, 0.07703279
22642, 0.07703296
22643, 0.07703320
22644, 0.07703337
22645, 0.07703353
22646, 0.07703370
22647, 0.07703387
22648, 0.07703404
22649, 0.07703420
22650, 0.07703437
22651, 0.07703454
22652, 0.07703471
22653, 0.07703488
22654, 0.07703505
22655, 0.07703522
22656, 0.07703541
22657, 0.07703557
22658, 0.07703574
22659, 0.07703591
22660, 0.07703608
22661, 0.07703625
22662, 0.07703641
22663, 0.07703672
22664, 0.07703689
22665, 0.07703705
22666, 0.07703722
22667, 0.07703739
22668, 0.07703756
22669, 0.07703773
22670, 0.07703789
22671, 0.07703806
22672, 0.07703823
22673, 0.07703840
22674, 0.07703857
22675, 0.07703873
22676, 0.07703890
22677, 0.07703907
22678, 0.07703924
22679, 0.07703941
22680, 0.07703957
22681, 0.07703974
22682, 0.07703991
22683, 0.07704008
22684, 0.07704032
22685, 0.07704255
22686, 0.07704274
22687, 0.07704291
22688, 0.07704308
22689, 0.07704325
22690, 0.07704342
22691, 0.07704359
22692, 0.07704376
22693, 0.07704392
22694, 0.07704409
22695, 0.07704439
22696, 0.07704456
22697, 0.07704473
22698, 0.07704490
22699, 0.07704508
22700, 0.07704526
22701, 0.07704543
22702, 0.07704561
22703, 0.07704579
22704, 0.07704597
22705, 0.07704614
22706, 0.07704632
22707, 0.07704650
22708, 0.07704667
22709, 0.07704685
22710, 0.07704703
22711, 0.07704720
22712, 0.07704738
22713, 0.07704756
22714, 0.07704774
22715, 0.07704791
22716, 0.07704809
22717, 0.07704827
22718, 0.07704845
22719, 0.07704862
22720, 0.07704880
22721, 0.07704898
22722, 0.07704915
22723, 0.07704933
22724, 0.07704951
22725, 0.07704968
22726, 0.07704986
22727, 0.07705004
22728, 0.07705022
22729, 0.07705039
22730, 0.07705057
22731, 0.07705075
22732, 0.07705092
22733, 0.07705110
22734, 0.07705128
22735, 0.07705145
22736, 0.07705163
22737, 0.07705181
22738, 0.07705199
22739, 0.07705216
22740, 0.07705234
22741, 0.07705252
22742, 0.07705270
22743, 0.07705287
22744, 0.07705305
22745, 0.07705323
22746, 0.07705341
22747, 0.07705358
22748, 0.07705376
22749, 0.07705394
22750, 0.07705412
22751, 0.07705429
22752, 0.07705447
22753, 0.07705465
22754, 0.07705483
22755, 0.07705500
22756, 0.07705518
22757, 0.07705536
22758, 0.07705554
22759, 0.07705577
22760, 0.07705595
22761, 0.07705612
22762, 0.07705629
22763, 0.07705645
22764, 0.07705662
22765, 0.07705679
22766, 0.07705695
22767, 0.07705712
22768, 0.07705729
22769, 0.07705745
22770, 0.07705762
22771, 0.07705778
22772, 0.07705801
22773, 0.07705818
22774, 0.07705835
22775, 0.07705852
22776, 0.07705868
22777, 0.07705885
22778, 0.07705902
22779, 0.07705919
22780, 0.07705936
22781, 0.07705953
22782, 0.07705969
22783, 0.07705986
22784, 0.07706003
22785, 0.07706020
22786, 0.07706036
22787, 0.07706053
22788, 0.07706070
22789, 0.07706087
22790, 0.07706104
22791, 0.07706121
22792, 0.07706138
22793, 0.07706155
22794, 0.07706172
22795, 0.07706188
22796, 0.07706205
22797, 0.07706222
22798, 0.07706240
22799, 0.07706257
22800, 0.07706273
22801, 0.07706290
22802, 0.07706307
22803, 0.07706324
22804, 0.07706340
22805, 0.07706357
22806, 0.07706374
22807, 0.07706391
22808, 0.07706407
22809, 0.07706424
22810, 0.07706442
22811, 0.07706662
22812, 0.07706681
22813, 0.07706699
22814, 0.07706716
22815, 0.07706733
22816, 0.07706750
22817, 0.07706767
22818, 0.07706784
22819, 0.07706801
22820, 0.07706818
22821, 0.07706835
22822, 0.07706852
22823, 0.07706869
22824, 0.07706886
22825, 0.07706903
22826, 0.07706920
22827, 0.07706937
22828, 0.07706954
22829, 0.07706972
22830, 0.07706989
22831, 0.07707006
22832, 0.07707023
22833, 0.07707040
22834, 0.07707057
22835, 0.07707074
22836, 0.07707091
22837, 0.07707108
22838, 0.07707125
22839, 0.07707142
22840, 0.07707159
22841, 0.07707176
22842, 0.07707193
22843, 0.07707210
22844, 0.07707227
22845, 0.07707244
22846, 0.07707261
22847, 0.07707278
22848, 0.07707295
22849, 0.07707312
22850, 0.07707329
22851, 0.07707352
22852, 0.07707369
22853, 0.07707386
22854, 0.07707403
22855, 0.07707421
22856, 0.07707438
22857, 0.07707455
22858, 0.07707472
22859, 0.07707489
22860, 0.07707506
22861, 0.07707524
22862, 0.07707541
22863, 0.07707558
22864, 0.07707575
22865, 0.07707592
22866, 0.07707609
22867, 0.07707626
22868, 0.07707643
22869, 0.07707660
22870, 0.07707677
22871, 0.07707694
22872, 0.07707712
22873, 0.07707729
22874, 0.07707746
22875, 0.07707763
22876, 0.07707780
22877, 0.07707798
22878, 0.07707815
22879, 0.07707832
22880, 0.07707849
22881, 0.07707866
22882, 0.07707883
22883, 0.07707900
22884, 0.07707917
22885, 0.07707936
22886, 0.07707953
22887, 0.07707970
22888, 0.07707987
22889, 0.07708004
22890, 0.07708022
22891, 0.07708039
22892, 0.07708056
22893, 0.07708073
22894, 0.07708090
22895, 0.07708107
22896, 0.07708125
22897, 0.07708142
22898, 0.07708159
22899, 0.07708176
22900, 0.07708194
22901, 0.07708212
22902, 0.07708231
22903, 0.07708250
22904, 0.07708270
22905, 0.07708288
22906, 0.07708311
22907, 0.07708328
22908, 0.07708346
22909, 0.07708363
22910, 0.07708380
22911, 0.07708397
22912, 0.07708414
22913, 0.07708432
22914, 0.07708449
22915, 0.07708466
22916, 0.07708483
22917, 0.07708500
22918, 0.07708517
22919, 0.07708534
22920, 0.07708552
22921, 0.07708569
22922, 0.07708599
22923, 0.07708617
22924, 0.07708634
22925, 0.07708651
22926, 0.07708668
22927, 0.07708685
22928, 0.07708702
22929, 0.07708720
22930, 0.07708736
22931, 0.07708753
22932, 0.07708771
22933, 0.07708788
22934, 0.07708805
22935, 0.07708822
22936, 0.07708842
22937, 0.07709075
22938, 0.07709095
22939, 0.07709112
22940, 0.07709130
22941, 0.07709148
22942, 0.07709165
22943, 0.07709183
22944, 0.07709200
22945, 0.07709217
22946, 0.07709235
22947, 0.07709253
22948, 0.07709270
22949, 0.07709288
22950, 0.07709304
22951, 0.07709322
22952, 0.07709339
22953, 0.07709357
22954, 0.07709374
22955, 0.07709391
22956, 0.07709408
22957, 0.07709425
22958, 0.07709443
22959, 0.07709460
22960, 0.07709477
22961, 0.07709495
22962, 0.07709512
22963, 0.07709529
22964, 0.07709547
22965, 0.07709564
22966, 0.07709581
22967, 0.07709598
22968, 0.07709615
22969, 0.07709638
22970, 0.07709655
22971, 0.07709672
22972, 0.07709689
22973, 0.07709707
22974, 0.07709724
22975, 0.07709742
22976, 0.07709760
22977, 0.07709777
22978, 0.07709795
22979, 0.07709818
22980, 0.07709836
22981, 0.07709854
22982, 0.07709872
22983, 0.07709889
22984, 0.07709907
22985, 0.07709925
22986, 0.07709943
22987, 0.07709960
22988, 0.07709978
22989, 0.07709996
22990, 0.07710014
22991, 0.07710031
22992, 0.07710049
22993, 0.07710067
22994, 0.07710085
22995, 0.07710102
22996, 0.07710119
22997, 0.07710136
22998, 0.07710153
22999, 0.07710171
23000, 0.07710188
23001, 0.07710205
23002, 0.07710222
23003, 0.07710239
23004, 0.07710256
23005, 0.07710274
23006, 0.07710291
23007, 0.07710308
23008, 0.07710324
23009, 0.07710342
23010, 0.07710359
23011, 0.07710376
23012, 0.07710392
23013, 0.07710409
23014, 0.07710427
23015, 0.07710444
23016, 0.07710461
23017, 0.07710478
23018, 0.07710495
23019, 0.07710512
23020, 0.07710529
23021, 0.07710546
23022, 0.07710563
23023, 0.07710581
23024, 0.07710598
23025, 0.07710615
23026, 0.07710632
23027, 0.07710649
23028, 0.07710666
23029, 0.07710683
23030, 0.07710700
23031, 0.07710718
23032, 0.07710735
23033, 0.07710752
23034, 0.07710770
23035, 0.07710787
23036, 0.07710804
23037, 0.07710822
23038, 0.07710839
23039, 0.07710864
23040, 0.07710881
23041, 0.07710898
23042, 0.07710916
23043, 0.07710933
23044, 0.07710950
23045, 0.07710967
23046, 0.07710985
23047, 0.07711009
23048, 0.07711026
23049, 0.07711044
23050, 0.07711061
23051, 0.07711078
23052, 0.07711096
23053, 0.07711126
23054, 0.07711143
23055, 0.07711168
23056, 0.07711185
23057, 0.07711202
23058, 0.07711225
23059, 0.07711251
23060, 0.07711268
23061, 0.07711285
23062, 0.07711304
23063, 0.07711538
23064, 0.07711557
23065, 0.07711574
23066, 0.07711591
23067, 0.07711608
23068, 0.07711625
23069, 0.07711642
23070, 0.07711659
23071, 0.07711683
23072, 0.07711700
23073, 0.07711716
23074, 0.07711733
23075, 0.07711750
23076, 0.07711767
23077, 0.07711784
23078, 0.07711800
23079, 0.07711824
23080, 0.07711841
23081, 0.07711858
23082, 0.07711874
23083, 0.07711891
23084, 0.07711908
23085, 0.07711925
23086, 0.07711941
23087, 0.07711965
23088, 0.07711982
23089, 0.07711999
23090, 0.07712015
23091, 0.07712032
23092, 0.07712049
23093, 0.07712066
23094, 0.07712083
23095, 0.07712140
23096, 0.07712157
23097, 0.07712173
23098, 0.07712190
23099, 0.07712207
23100, 0.07712223
23101, 0.07712240
23102, 0.07712257
23103, 0.07712281
23104, 0.07712298
23105, 0.07712315
23106, 0.07712331
23107, 0.07712348
23108, 0.07712365
23109, 0.07712381
23110, 0.07712398
23111, 0.07712423
23112, 0.07712440
23113, 0.07712457
23114, 0.07712473
23115, 0.07712490
23116, 0.07712507
23117, 0.07712523
23118, 0.07712540
23119, 0.07712566
23120, 0.07712583
23121, 0.07712599
23122, 0.07712616
23123, 0.07712633
23124, 0.07712656
23125, 0.07712673
23126, 0.07712690
23127, 0.07712706
23128, 0.07712723
23129, 0.07712739
23130, 0.07712756
23131, 0.07712773
23132, 0.07712790
23133, 0.07712807
23134, 0.07712824
23135, 0.07712840
23136, 0.07712857
23137, 0.07712874
23138, 0.07712891
23139, 0.07712907
23140, 0.07712924
23141, 0.07712941
23142, 0.07712957
23143, 0.07712974
23144, 0.07712991
23145, 0.07713008
23146, 0.07713024
23147, 0.07713041
23148, 0.07713058
23149, 0.07713075
23150, 0.07713091
23151, 0.07713108
23152, 0.07713125
23153, 0.07713142
23154, 0.07713159
23155, 0.07713176
23156, 0.07713192
23157, 0.07713209
23158, 0.07713226
23159, 0.07713243
23160, 0.07713260
23161, 0.07713277
23162, 0.07713294
23163, 0.07713311
23164, 0.07713328
23165, 0.07713345
23166, 0.07713362
23167, 0.07713379
23168, 0.07713395
23169, 0.07713412
23170, 0.07713429
23171, 0.07713446
23172, 0.07713462
23173, 0.07713479
23174, 0.07713496
23175, 0.07713512
23176, 0.07713529
23177, 0.07713546
23178, 0.07713563
23179, 0.07713580
23180, 0.07713597
23181, 0.07713613
23182, 0.07713630
23183, 0.07713653
23184, 0.07713670
23185, 0.07713686
23186, 0.07713703
23187, 0.07713720
23188, 0.07713738
23189, 0.07713967
23190, 0.07713986
23191, 0.07714003
23192, 0.07714020
23193, 0.07714037
23194, 0.07714054
23195, 0.07714070
23196, 0.07714087
23197, 0.07714104
23198, 0.07714121
23199, 0.07714137
23200, 0.07714154
23201, 0.07714171
23202, 0.07714188
23203, 0.07714204
23204, 0.07714221
23205, 0.07714238
23206, 0.07714255
23207, 0.07714272
23208, 0.07714288
23209, 0.07714305
23210, 0.07714322
23211, 0.07714339
23212, 0.07714355
23213, 0.07714372
23214, 0.07714389
23215, 0.07714406
23216, 0.07714422
23217, 0.07714439
23218, 0.07714456
23219, 0.07714473
23220, 0.07714490
23221, 0.07714506
23222, 0.07714523
23223, 0.07714540
23224, 0.07714557
23225, 0.07714573
23226, 0.07714590
23227, 0.07714607
23228, 0.07714624
23229, 0.07714641
23230, 0.07714657
23231, 0.07714674
23232, 0.07714691
23233, 0.07714708
23234, 0.07714725
23235, 0.07714741
23236, 0.07714772
23237, 0.07714789
23238, 0.07714806
23239, 0.07714823
23240, 0.07714839
23241, 0.07714870
23242, 0.07714887
23243, 0.07714904
23244, 0.07714921
23245, 0.07714937
23246, 0.07714954
23247, 0.07714971
23248, 0.07714987
23249, 0.07715004
23250, 0.07715021
23251, 0.07715038
23252, 0.07715054
23253, 0.07715071
23254, 0.07715088
23255, 0.07715105
23256, 0.07715121
23257, 0.07715138
23258, 0.07715155
23259, 0.07715172
23260, 0.07715188
23261, 0.07715205
23262, 0.07715222
23263, 0.07715239
23264, 0.07715255
23265, 0.07715272
23266, 0.07715289
23267, 0.07715306
23268, 0.07715322
23269, 0.07715339
23270, 0.07715356
23271, 0.07715373
23272, 0.07715390
23273, 0.07715407
23274, 0.07715424
23275, 0.07715440
23276, 0.07715457
23277, 0.07715474
23278, 0.07715491
23279, 0.07715508
23280, 0.07715524
23281, 0.07715541
23282, 0.07715569
23283, 0.07715586
23284, 0.07715603
23285, 0.07715620
23286, 0.07715637
23287, 0.07715654
23288, 0.07715671
23289, 0.07715688
23290, 0.07715706
23291, 0.07715723
23292, 0.07715740
23293, 0.07715757
23294, 0.07715774
23295, 0.07715791
23296, 0.07715808
23297, 0.07715825
23298, 0.07715842
23299, 0.07715860
23300, 0.07715877
23301, 0.07715894
23302, 0.07715911
23303, 0.07715928
23304, 0.07715945
23305, 0.07715962
23306, 0.07715979
23307, 0.07715996
23308, 0.07716013
23309, 0.07716030
23310, 0.07716048
23311, 0.07716064
23312, 0.07716094
23313, 0.07716111
23314, 0.07716129
23315, 0.07716348
23316, 0.07716367
23317, 0.07716385
23318, 0.07716402
23319, 0.07716419
23320, 0.07716436
23321, 0.07716453
23322, 0.07716470
23323, 0.07716487
23324, 0.07716504
23325, 0.07716520
23326, 0.07716537
23327, 0.07716554
23328, 0.07716570
23329, 0.07716588
23330, 0.07716606
23331, 0.07716623
23332, 0.07716641
23333, 0.07716682
23334, 0.07716699
23335, 0.07716716
23336, 0.07716733
23337, 0.07716750
23338, 0.07716767
23339, 0.07716783
23340, 0.07716800
23341, 0.07716817
23342, 0.07716834
23343, 0.07716850
23344, 0.07716867
23345, 0.07716884
23346, 0.07716901
23347, 0.07716918
23348, 0.07716935
23349, 0.07716952
23350, 0.07716968
23351, 0.07716985
23352, 0.07717008
23353, 0.07717025
23354, 0.07717042
23355, 0.07717059
23356, 0.07717076
23357, 0.07717092
23358, 0.07717109
23359, 0.07717126
23360, 0.07717143
23361, 0.07717160
23362, 0.07717177
23363, 0.07717207
23364, 0.07717224
23365, 0.07717241
23366, 0.07717258
23367, 0.07717274
23368, 0.07717305
23369, 0.07717321
23370, 0.07717338
23371, 0.07717354
23372, 0.07717371
23373, 0.07717388
23374, 0.07717405
23375, 0.07717421
23376, 0.07717438
23377, 0.07717455
23378, 0.07717472
23379, 0.07717488
23380, 0.07717505
23381, 0.07717522
23382, 0.07717538
23383, 0.07717555
23384, 0.07717572
23385, 0.07717589
23386, 0.07717606
23387, 0.07717623
23388, 0.07717639
23389, 0.07717656
23390, 0.07717673
23391, 0.07717690
23392, 0.07717707
23393, 0.07717724
23394, 0.07717740
23395, 0.07717757
23396, 0.07717774
23397, 0.07717791
23398, 0.07717821
23399, 0.07717838
23400, 0.07717855
23401, 0.07717872
23402, 0.07717889
23403, 0.07717905
23404, 0.07717922
23405, 0.07717939
23406, 0.07717956
23407, 0.07717973
23408, 0.07717990
23409, 0.07718007
23410, 0.07718024
23411, 0.07718041
23412, 0.07718059
23413, 0.07718076
23414, 0.07718093
23415, 0.07718110
23416, 0.07718127
23417, 0.07718144
23418, 0.07718162
23419, 0.07718179
23420, 0.07718196
23421, 0.07718213
23422, 0.07718230
23423, 0.07718247
23424, 0.07718264
23425, 0.07718281
23426, 0.07718298
23427, 0.07718315
23428, 0.07718333
23429, 0.07718350
23430, 0.07718366
23431, 0.07718384
23432, 0.07718401
23433, 0.07718418
23434, 0.07718435
23435, 0.07718453
23436, 0.07718470
23437, 0.07718487
23438, 0.07718504
23439, 0.07718521
23440, 0.07718539
23441, 0.07718797
23442, 0.07718814
23443, 0.07718831
23444, 0.07718848
23445, 0.07718865
23446, 0.07718882
23447, 0.07718899
23448, 0.07718917
23449, 0.07718934
23450, 0.07718951
23451, 0.07718968
23452, 0.07718985
23453, 0.07719001
23454, 0.07719018
23455, 0.07719035
23456, 0.07719053
23457, 0.07719069
23458, 0.07719086
23459, 0.07719103
23460, 0.07719120
23461, 0.07719136
23462, 0.07719153
23463, 0.07719170
23464, 0.07719187
23465, 0.07719204
23466, 0.07719220
23467, 0.07719237
23468, 0.07719254
23469, 0.07719271
23470, 0.07719288
23471, 0.07719305
23472, 0.07719321
23473, 0.07719338
23474, 0.07719355
23475, 0.07719372
23476, 0.07719388
23477, 0.07719405
23478, 0.07719422
23479, 0.07719438
23480, 0.07719455
23481, 0.07719472
23482, 0.07719488
23483, 0.07719505
23484, 0.07719522
23485, 0.07719538
23486, 0.07719555
23487, 0.07719572
23488, 0.07719589
23489, 0.07719605
23490, 0.07719622
23491, 0.07719639
23492, 0.07719655
23493, 0.07719672
23494, 0.07719689
23495, 0.07719705
23496, 0.07719722
23497, 0.07719739
23498, 0.07719756
23499, 0.07719772
23500, 0.07719789
23501, 0.07719806
23502, 0.07719822
23503, 0.07719839
23504, 0.07719866
23505, 0.07719883
23506, 0.07719900
23507, 0.07719917
23508, 0.07719942
23509, 0.07719969
23510, 0.07719986
23511, 0.07720003
23512, 0.07720019
23513, 0.07720036
23514, 0.07720053
23515, 0.07720069
23516, 0.07720086
23517, 0.07720103
23518, 0.07720119
23519, 0.07720136
23520, 0.07720153
23521, 0.07720169
23522, 0.07720186
23523, 0.07720203
23524, 0.07720227
23525, 0.07720243
23526, 0.07720260
23527, 0.07720277
23528, 0.07720293
23529, 0.07720310
23530, 0.07720327
23531, 0.07720344
23532, 0.07720361
23533, 0.07720378
23534, 0.07720395
23535, 0.07720412
23536, 0.07720429
23537, 0.07720446
23538, 0.07720463
23539, 0.07720480
23540, 0.07720496
23541, 0.07720513
23542, 0.07720530
23543, 0.07720547
23544, 0.07720563
23545, 0.07720580
23546, 0.07720597
23547, 0.07720614
23548, 0.07720630
23549, 0.07720647
23550, 0.07720664
23551, 0.07720698
23552, 0.07720715
23553, 0.07720732
23554, 0.07720748
23555, 0.07720765
23556, 0.07720782
23557, 0.07720799
23558, 0.07720815
23559, 0.07720840
23560, 0.07720857
23561, 0.07720874
23562, 0.07720890
23563, 0.07720907
23564, 0.07720924
23565, 0.07720941
23566, 0.07720959
23567, 0.07721245
23568, 0.07721264
23569, 0.07721281
23570, 0.07721298
23571, 0.07721315
23572, 0.07721331
23573, 0.07721348
23574, 0.07721365
23575, 0.07721390
23576, 0.07721406
23577, 0.07721424
23578, 0.07721440
23579, 0.07721457
23580, 0.07721474
23581, 0.07721490
23582, 0.07721507
23583, 0.07721532
23584, 0.07721549
23585, 0.07721566
23586, 0.07721582
23587, 0.07721598
23588, 0.07721615
23589, 0.07721632
23590, 0.07721648
23591, 0.07721673
23592, 0.07721690
23593, 0.07721706
23594, 0.07721723
23595, 0.07721740
23596, 0.07721756
23597, 0.07721773
23598, 0.07721789
23599, 0.07721814
23600, 0.07721831
23601, 0.07721847
23602, 0.07721864
23603, 0.07721880
23604, 0.07721897
23605, 0.07721913
23606, 0.07721930
23607, 0.07721961
23608, 0.07721977
23609, 0.07721994
23610, 0.07722010
23611, 0.07722027
23612, 0.07722043
23613, 0.07722060
23614, 0.07722077
23615, 0.07722101
23616, 0.07722118
23617, 0.07722135
23618, 0.07722152
23619, 0.07722168
23620, 0.07722185
23621, 0.07722201
23622, 0.07722218
23623, 0.07722243
23624, 0.07722260
23625, 0.07722276
23626, 0.07722293
23627, 0.07722309
23628, 0.07722326
23629, 0.07722342
23630, 0.07722359
23631, 0.07722376
23632, 0.07722393
23633, 0.07722409
23634, 0.07722426
23635, 0.07722443
23636, 0.07722460
23637, 0.07722476
23638, 0.07722499
23639, 0.07722516
23640, 0.07722533
23641, 0.07722550
23642, 0.07722567
23643, 0.07722584
23644, 0.07722607
23645, 0.07722623
23646, 0.07722640
23647, 0.07722657
23648, 0.07722674
23649, 0.07722691
23650, 0.07722708
23651, 0.07722725
23652, 0.07722742
23653, 0.07722759
23654, 0.07722776
23655, 0.07722793
23656, 0.07722810
23657, 0.07722827
23658, 0.07722844
23659, 0.07722861
23660, 0.07722878
23661, 0.07722895
23662, 0.07722912
23663, 0.07722929
23664, 0.07722947
23665, 0.07722964
23666, 0.07722980
23667, 0.07722997
23668, 0.07723014
23669, 0.07723031
23670, 0.07723048
23671, 0.07723065
23672, 0.07723082
23673, 0.07723099
23674, 0.07723116
23675, 0.07723133
23676, 0.07723150
23677, 0.07723167
23678, 0.07723184
23679, 0.07723201
23680, 0.07723218
23681, 0.07723235
23682, 0.07723252
23683, 0.07723268
23684, 0.07723286
23685, 0.07723303
23686, 0.07723320
23687, 0.07723336
23688, 0.07723353
23689, 0.07723370
23690, 0.07723387
23691, 0.07723404
23692, 0.07723422
23693, 0.07723640
23694, 0.07723659
23695, 0.07723676
23696, 0.07723692
23697, 0.07723710
23698, 0.07723727
23699, 0.07723743
23700, 0.07723760
23701, 0.07723777
23702, 0.07723794
23703, 0.07723813
23704, 0.07723830
23705, 0.07723847
23706, 0.07723863
23707, 0.07723880
23708, 0.07723897
23709, 0.07723914
23710, 0.07723931
23711, 0.07723947
23712, 0.07723964
23713, 0.07723981
23714, 0.07723998
23715, 0.07724015
23716, 0.07724032
23717, 0.07724049
23718, 0.07724066
23719, 0.07724082
23720, 0.07724099
23721, 0.07724116
23722, 0.07724133
23723, 0.07724150
23724, 0.07724167
23725, 0.07724184
23726, 0.07724201
23727, 0.07724218
23728, 0.07724234
23729, 0.07724251
23730, 0.07724268
23731, 0.07724285
23732, 0.07724302
23733, 0.07724319
23734, 0.07724336
23735, 0.07724352
23736, 0.07724369
23737, 0.07724386
23738, 0.07724403
23739, 0.07724420
23740, 0.07724437
23741, 0.07724454
23742, 0.07724471
23743, 0.07724487
23744, 0.07724504
23745, 0.07724521
23746, 0.07724538
23747, 0.07724555
23748, 0.07724572
23749, 0.07724588
23750, 0.07724605
23751, 0.07724622
23752, 0.07724639
23753, 0.07724656
23754, 0.07724673
23755, 0.07724690
23756, 0.07724707
23757, 0.07724723
23758, 0.07724740
23759, 0.07724757
23760, 0.07724774
23761, 0.07724791
23762, 0.07724814
23763, 0.07724831
23764, 0.07724847
23765, 0.07724866
23766, 0.07724885
23767, 0.07724902
23768, 0.07724919
23769, 0.07724936
23770, 0.07724953
23771, 0.07724970
23772, 0.07724986
23773, 0.07725003
23774, 0.07725020
23775, 0.07725037
23776, 0.07725054
23777, 0.07725071
23778, 0.07725087
23779, 0.07725104
23780, 0.07725121
23781, 0.07725138
23782, 0.07725155
23783, 0.07725171
23784, 0.07725188
23785, 0.07725205
23786, 0.07725222
23787, 0.07725239
23788, 0.07725256
23789, 0.07725274
23790, 0.07725291
23791, 0.07725308
23792, 0.07725325
23793, 0.07725342
23794, 0.07725359
23795, 0.07725377
23796, 0.07725394
23797, 0.07725410
23798, 0.07725427
23799, 0.07725444
23800, 0.07725461
23801, 0.07725478
23802, 0.07725495
23803, 0.07725512
23804, 0.07725529
23805, 0.07725545
23806, 0.07725562
23807, 0.07725579
23808, 0.07725596
23809, 0.07725612
23810, 0.07725629
23811, 0.07725646
23812, 0.07725663
23813, 0.07725679
23814, 0.07725696
23815, 0.07725713
23816, 0.07725729
23817, 0.07725746
23818, 0.07725764
23819, 0.07725989
23820, 0.07726007
23821, 0.07726024
23822, 0.07726041
23823, 0.07726058
23824, 0.07726075
23825, 0.07726092
23826, 0.07726109
23827, 0.07726126
23828, 0.07726143
23829, 0.07726160
23830, 0.07726177
23831, 0.07726199
23832, 0.07726216
23833, 0.07726233
23834, 0.07726249
23835, 0.07726266
23836, 0.07726297
23837, 0.07726313
23838, 0.07726330
23839, 0.07726347
23840, 0.07726364
23841, 0.07726381
23842, 0.07726398
23843, 0.07726414
23844, 0.07726431
23845, 0.07726448
23846, 0.07726465
23847, 0.07726482
23848, 0.07726499
23849, 0.07726530
23850, 0.07726547
23851, 0.07726563
23852, 0.07726580
23853, 0.07726597
23854, 0.07726614
23855, 0.07726631
23856, 0.07726648
23857, 0.07726665
23858, 0.07726682
23859, 0.07726698
23860, 0.07726715
23861, 0.07726732
23862, 0.07726748
23863, 0.07726765
23864, 0.07726796
23865, 0.07726813
23866, 0.07726830
23867, 0.07726847
23868, 0.07726864
23869, 0.07726881
23870, 0.07726897
23871, 0.07726914
23872, 0.07726931
23873, 0.07726948
23874, 0.07726964
23875, 0.07726981
23876, 0.07726999
23877, 0.07727032
23878, 0.07727049
23879, 0.07727066
23880, 0.07727082
23881, 0.07727099
23882, 0.07727116
23883, 0.07727133
23884, 0.07727150
23885, 0.07727167
23886, 0.07727184
23887, 0.07727200
23888, 0.07727217
23889, 0.07727235
23890, 0.07727251
23891, 0.07727269
23892, 0.07727285
23893, 0.07727302
23894, 0.07727319
23895, 0.07727336
23896, 0.07727353
23897, 0.07727370
23898, 0.07727386
23899, 0.07727403
23900, 0.07727420
23901, 0.07727444
23902, 0.07727461
23903, 0.07727477
23904, 0.07727494
23905, 0.07727511
23906, 0.07727528
23907, 0.07727545
23908, 0.07727562
23909, 0.07727580
23910, 0.07727597
23911, 0.07727614
23912, 0.07727632
23913, 0.07727649
23914, 0.07727666
23915, 0.07727683
23916, 0.07727700
23917, 0.07727717
23918, 0.07727734
23919, 0.07727751
23920, 0.07727768
23921, 0.07727786
23922, 0.07727803
23923, 0.07727821
23924, 0.07727839
23925, 0.07727856
23926, 0.07727880
23927, 0.07727897
23928, 0.07727915
23929, 0.07727933
23930, 0.07727950
23931, 0.07727968
23932, 0.07727985
23933, 0.07728003
23934, 0.07728021
23935, 0.07728038
23936, 0.07728056
23937, 0.07728822
23938, 0.07728841
23939, 0.07728859
23940, 0.07728876
23941, 0.07728894
23942, 0.07728912
23943, 0.07728930
23944, 0.07728949
23945, 0.07729222
23946, 0.07729243
23947, 0.07729260
23948, 0.07729277
23949, 0.07729301
23950, 0.07729318
23951, 0.07729334
23952, 0.07729351
23953, 0.07729367
23954, 0.07729384
23955, 0.07729401
23956, 0.07729417
23957, 0.07729434
23958, 0.07729451
23959, 0.07729477
23960, 0.07729493
23961, 0.07729516
23962, 0.07729533
23963, 0.07729551
23964, 0.07729568
23965, 0.07729584
23966, 0.07729601
23967, 0.07729618
23968, 0.07729634
23969, 0.07729651
23970, 0.07729668
23971, 0.07729684
23972, 0.07729701
23973, 0.07729717
23974, 0.07729734
23975, 0.07729751
23976, 0.07729767
23977, 0.07729784
23978, 0.07729801
23979, 0.07729817
23980, 0.07729834
23981, 0.07729851
23982, 0.07729868
23983, 0.07729885
23984, 0.07729902
23985, 0.07729919
23986, 0.07729935
23987, 0.07729952
23988, 0.07729969
23989, 0.07729986
23990, 0.07730024
23991, 0.07730042
23992, 0.07730059
23993, 0.07730076
23994, 0.07730092
23995, 0.07730109
23996, 0.07730126
23997, 0.07730143
23998, 0.07730159
23999, 0.07730176
24000, 0.07730193
24001, 0.07730210
24002, 0.07730226
24003, 0.07730243
24004, 0.07730265
24005, 0.07730282
24006, 0.07730299
24007, 0.07730315
24008, 0.07730332
24009, 0.07730348
24010, 0.07730365
24011, 0.07730388
24012, 0.07730411
24013, 0.07730428
24014, 0.07730444
24015, 0.07730461
24016, 0.07730477
24017, 0.07730494
24018, 0.07730511
24019, 0.07730527
24020, 0.07730544
24021, 0.07730561
24022, 0.07730577
24023, 0.07730594
24024, 0.07730611
24025, 0.07730627
24026, 0.07730644
24027, 0.07730661
24028, 0.07730677
24029, 0.07730694
24030, 0.07730711
24031, 0.07730728
24032, 0.07730745
24033, 0.07730761
24034, 0.07730778
24035, 0.07730795
24036, 0.07730812
24037, 0.07730828
24038, 0.07730845
24039, 0.07730862
24040, 0.07730878
24041, 0.07730895
24042, 0.07730912
24043, 0.07730928
24044, 0.07730945
24045, 0.07730962
24046, 0.07730979
24047, 0.07730995
24048, 0.07731012
24049, 0.07731044
24050, 0.07731060
24051, 0.07731077
24052, 0.07731099
24053, 0.07731116
24054, 0.07731133
24055, 0.07731149
24056, 0.07731166
24057, 0.07731183
24058, 0.07731199
24059, 0.07731216
24060, 0.07731233
24061, 0.07731249
24062, 0.07731266
24063, 0.07731283
24064, 0.07731300
24065, 0.07731317
24066, 0.07731334
24067, 0.07731352
24068, 0.07731369
24069, 0.07731387
24070, 0.07731405
24071, 0.07731691
24072, 0.07731710
24073, 0.07731728
24074, 0.07731744
24075, 0.07731762
24076, 0.07731779
24077, 0.07731796
24078, 0.07731813
24079, 0.07731854
24080, 0.07731873
24081, 0.07731889
24082, 0.07731907
24083, 0.07731924
24084, 0.07731941
24085, 0.07731958
24086, 0.07731975
24087, 0.07732000
24088, 0.07732017
24089, 0.07732034
24090, 0.07732058
24091, 0.07732075
24092, 0.07732092
24093, 0.07732109
24094, 0.07732126
24095, 0.07732152
24096, 0.07732169
24097, 0.07732186
24098, 0.07732202
24099, 0.07732221
24100, 0.07732238
24101, 0.07732255
24102, 0.07732272
24103, 0.07732297
24104, 0.07732314
24105, 0.07732331
24106, 0.07732361
24107, 0.07732379
24108, 0.07732395
24109, 0.07732413
24110, 0.07732430
24111, 0.07732455
24112, 0.07732482
24113, 0.07732500
24114, 0.07732517
24115, 0.07732534
24116, 0.07732552
24117, 0.07732569
24118, 0.07732587
24119, 0.07732616
24120, 0.07732634
24121, 0.07732651
24122, 0.07732669
24123, 0.07732687
24124, 0.07732705
24125, 0.07732722
24126, 0.07732740
24127, 0.07732767
24128, 0.07732785
24129, 0.07732802
24130, 0.07732820
24131, 0.07732838
24132, 0.07732855
24133, 0.07732879
24134, 0.07732896
24135, 0.07732913
24136, 0.07732930
24137, 0.07732947
24138, 0.07732966
24139, 0.07732983
24140, 0.07733000
24141, 0.07733017
24142, 0.07733034
24143, 0.07733051
24144, 0.07733068
24145, 0.07733085
24146, 0.07733102
24147, 0.07733119
24148, 0.07733136
24149, 0.07733153
24150, 0.07733170
24151, 0.07733187
24152, 0.07733204
24153, 0.07733221
24154, 0.07733238
24155, 0.07733257
24156, 0.07733274
24157, 0.07733291
24158, 0.07733308
24159, 0.07733325
24160, 0.07733342
24161, 0.07733359
24162, 0.07733376
24163, 0.07733393
24164, 0.07733410
24165, 0.07733428
24166, 0.07733444
24167, 0.07733461
24168, 0.07733480
24169, 0.07733497
24170, 0.07733514
24171, 0.07733531
24172, 0.07733549
24173, 0.07733571
24174, 0.07733588
24175, 0.07733605
24176, 0.07733622
24177, 0.07733640
24178, 0.07733657
24179, 0.07733674
24180, 0.07733691
24181, 0.07733708
24182, 0.07733725
24183, 0.07733742
24184, 0.07733759
24185, 0.07733776
24186, 0.07733793
24187, 0.07733812
24188, 0.07733829
24189, 0.07733847
24190, 0.07733864
24191, 0.07733881
24192, 0.07733898
24193, 0.07733915
24194, 0.07733932
24195, 0.07733950
24196, 0.07733968
24197, 0.07734468
24198, 0.07734488
24199, 0.07734505
24200, 0.07734523
24201, 0.07734540
24202, 0.07734557
24203, 0.07734581
24204, 0.07734599
24205, 0.07734616
24206, 0.07734633
24207, 0.07734650
24208, 0.07734667
24209, 0.07734684
24210, 0.07734701
24211, 0.07734719
24212, 0.07734742
24213, 0.07734759
24214, 0.07734776
24215, 0.07734793
24216, 0.07734817
24217, 0.07734834
24218, 0.07734851
24219, 0.07734868
24220, 0.07734885
24221, 0.07734903
24222, 0.07734920
24223, 0.07734937
24224, 0.07734954
24225, 0.07734971
24226, 0.07734990
24227, 0.07735007
24228, 0.07735025
24229, 0.07735042
24230, 0.07735059
24231, 0.07735076
24232, 0.07735094
24233, 0.07735111
24234, 0.07735128
24235, 0.07735145
24236, 0.07735162
24237, 0.07735179
24238, 0.07735196
24239, 0.07735215
24240, 0.07735232
24241, 0.07735268
24242, 0.07735285
24243, 0.07735303
24244, 0.07735322
24245, 0.07735338
24246, 0.07735365
24247, 0.07735382
24248, 0.07735399
24249, 0.07735416
24250, 0.07735433
24251, 0.07735450
24252, 0.07735468
24253, 0.07735485
24254, 0.07735502
24255, 0.07735519
24256, 0.07735536
24257, 0.07735553
24258, 0.07735570
24259, 0.07735590
24260, 0.07735606
24261, 0.07735623
24262, 0.07735640
24263, 0.07735657
24264, 0.07735674
24265, 0.07735691
24266, 0.07735708
24267, 0.07735726
24268, 0.07735743
24269, 0.07735760
24270, 0.07735777
24271, 0.07735794
24272, 0.07735811
24273, 0.07735828
24274, 0.07735845
24275, 0.07735862
24276, 0.07735880
24277, 0.07735896
24278, 0.07735914
24279, 0.07735931
24280, 0.07735948
24281, 0.07735965
24282, 0.07735982
24283, 0.07736000
24284, 0.07736017
24285, 0.07736034
24286, 0.07736051
24287, 0.07736068
24288, 0.07736087
24289, 0.07736104
24290, 0.07736122
24291, 0.07736139
24292, 0.07736156
24293, 0.07736173
24294, 0.07736190
24295, 0.07736208
24296, 0.07736225
24297, 0.07736242
24298, 0.07736260
24299, 0.07736277
24300, 0.07736294
24301, 0.07736311
24302, 0.07736328
24303, 0.07736345
24304, 0.07736364
24305, 0.07736382
24306, 0.07736405
24307, 0.07736422
24308, 0.07736439
24309, 0.07736456
24310, 0.07736474
24311, 0.07736491
24312, 0.07736507
24313, 0.07736524
24314, 0.07736541
24315, 0.07736559
24316, 0.07736576
24317, 0.07736599
24318, 0.07736617
24319, 0.07736636
24320, 0.07736653
24321, 0.07736670
24322, 0.07736689
24323, 0.07736944
24324, 0.07736963
24325, 0.07736981
24326, 0.07736999
24327, 0.07737016
24328, 0.07737033
24329, 0.07737050
24330, 0.07737067
24331, 0.07737084
24332, 0.07737102
24333, 0.07737119
24334, 0.07737136
24335, 0.07737153
24336, 0.07737171
24337, 0.07737190
24338, 0.07737207
24339, 0.07737224
24340, 0.07737241
24341, 0.07737258
24342, 0.07737276
24343, 0.07737293
24344, 0.07737310
24345, 0.07737327
24346, 0.07737344
24347, 0.07737362
24348, 0.07737379
24349, 0.07737396
24350, 0.07737413
24351, 0.07737430
24352, 0.07737447
24353, 0.07737464
24354, 0.07737481
24355, 0.07737498
24356, 0.07737515
24357, 0.07737532
24358, 0.07737549
24359, 0.07737565
24360, 0.07737582
24361, 0.07737599
24362, 0.07737616
24363, 0.07737634
24364, 0.07737650
24365, 0.07737668
24366, 0.07737684
24367, 0.07737701
24368, 0.07737718
24369, 0.07737736
24370, 0.07737753
24371, 0.07737769
24372, 0.07737786
24373, 0.07737803
24374, 0.07737821
24375, 0.07737837
24376, 0.07737855
24377, 0.07737871
24378, 0.07737888
24379, 0.07737911
24380, 0.07737929
24381, 0.07737945
24382, 0.07737963
24383, 0.07737979
24384, 0.07737996
24385, 0.07738013
24386, 0.07738030
24387, 0.07738047
24388, 0.07738064
24389, 0.07738081
24390, 0.07738098
24391, 0.07738115
24392, 0.07738132
24393, 0.07738149
24394, 0.07738166
24395, 0.07738183
24396, 0.07738200
24397, 0.07738217
24398, 0.07738234
24399, 0.07738251
24400, 0.07738268
24401, 0.07738285
24402, 0.07738302
24403, 0.07738319
24404, 0.07738336
24405, 0.07738353
24406, 0.07738370
24407, 0.07738387
24408, 0.07738404
24409, 0.07738421
24410, 0.07738438
24411, 0.07738454
24412, 0.07738471
24413, 0.07738488
24414, 0.07738505
24415, 0.07738522
24416, 0.07738539
24417, 0.07738556
24418, 0.07738573
24419, 0.07738590
24420, 0.07738607
24421, 0.07738624
24422, 0.07738641
24423, 0.07738658
24424, 0.07738681
24425, 0.07738698
24426, 0.07738715
24427, 0.07738732
24428, 0.07738750
24429, 0.07738767
24430, 0.07738792
24431, 0.07738809
24432, 0.07738826
24433, 0.07738843
24434, 0.07738860
24435, 0.07738877
24436, 0.07738895
24437, 0.07738912
24438, 0.07738929
24439, 0.07738946
24440, 0.07738963
24441, 0.07738980
24442, 0.07739004
24443, 0.07739021
24444, 0.07739038
24445, 0.07739055
24446, 0.07739073
24447, 0.07739090
24448, 0.07739108
24449, 0.07739340
24450, 0.07739357
24451, 0.07739375
24452, 0.07739392
24453, 0.07739410
24454, 0.07739427
24455, 0.07739445
24456, 0.07739463
24457, 0.07739480
24458, 0.07739497
24459, 0.07739515
24460, 0.07739532
24461, 0.07739549
24462, 0.07739566
24463, 0.07739583
24464, 0.07739600
24465, 0.07739617
24466, 0.07739635
24467, 0.07739652
24468, 0.07739676
24469, 0.07739693
24470, 0.07739710
24471, 0.07739727
24472, 0.07739745
24473, 0.07739764
24474, 0.07739781
24475, 0.07739798
24476, 0.07739816
24477, 0.07739833
24478, 0.07739850
24479, 0.07739867
24480, 0.07739885
24481, 0.07739903
24482, 0.07739920
24483, 0.07739938
24484, 0.07739956
24485, 0.07739974
24486, 0.07739991
24487, 0.07740009
24488, 0.07740027
24489, 0.07740044
24490, 0.07740064
24491, 0.07740082
24492, 0.07740101
24493, 0.07740119
24494, 0.07740136
24495, 0.07740153
24496, 0.07740171
24497, 0.07740188
24498, 0.07740205
24499, 0.07740223
24500, 0.07740240
24501, 0.07740257
24502, 0.07740274
24503, 0.07740291
24504, 0.07740308
24505, 0.07740325
24506, 0.07740343
24507, 0.07740360
24508, 0.07740377
24509, 0.07740394
24510, 0.07740411
24511, 0.07740428
24512, 0.07740445
24513, 0.07740462
24514, 0.07740487
24515, 0.07740504
24516, 0.07740521
24517, 0.07740539
24518, 0.07740556
24519, 0.07740573
24520, 0.07740591
24521, 0.07740608
24522, 0.07740625
24523, 0.07740644
24524, 0.07740661
24525, 0.07740679
24526, 0.07740696
24527, 0.07740713
24528, 0.07740730
24529, 0.07740748
24530, 0.07740765
24531, 0.07740782
24532, 0.07740799
24533, 0.07740817
24534, 0.07740836
24535, 0.07740853
24536, 0.07740870
24537, 0.07740887
24538, 0.07740904
24539, 0.07740921
24540, 0.07740939
24541, 0.07740956
24542, 0.07740973
24543, 0.07740990
24544, 0.07741007
24545, 0.07741025
24546, 0.07741042
24547, 0.07741059
24548, 0.07741076
24549, 0.07741095
24550, 0.07741113
24551, 0.07741130
24552, 0.07741147
24553, 0.07741164
24554, 0.07741181
24555, 0.07741199
24556, 0.07741216
24557, 0.07741233
24558, 0.07741250
24559, 0.07741267
24560, 0.07741284
24561, 0.07741301
24562, 0.07741320
24563, 0.07741337
24564, 0.07741355
24565, 0.07741372
24566, 0.07741391
24567, 0.07741408
24568, 0.07741425
24569, 0.07741443
24570, 0.07741460
24571, 0.07741477
24572, 0.07741495
24573, 0.07741512
24574, 0.07741530
24575, 0.07741749
24576, 0.07741767
24577, 0.07741785
24578, 0.07741802
24579, 0.07741819
24580, 0.07741836
24581, 0.07741853
24582, 0.07741870
24583, 0.07741894
24584, 0.07741910
24585, 0.07741927
24586, 0.07741944
24587, 0.07741961
24588, 0.07741977
24589, 0.07741994
24590, 0.07742011
24591, 0.07742037
24592, 0.07742054
24593, 0.07742071
24594, 0.07742087
24595, 0.07742104
24596, 0.07742121
24597, 0.07742138
24598, 0.07742155
24599, 0.07742186
24600, 0.07742202
24601, 0.07742219
24602, 0.07742236
24603, 0.07742253
24604, 0.07742269
24605, 0.07742286
24606, 0.07742303
24607, 0.07742328
24608, 0.07742345
24609, 0.07742362
24610, 0.07742379
24611, 0.07742395
24612, 0.07742412
24613, 0.07742429
24614, 0.07742445
24615, 0.07742469
24616, 0.07742486
24617, 0.07742502
24618, 0.07742519
24619, 0.07742536
24620, 0.07742553
24621, 0.07742569
24622, 0.07742592
24623, 0.07742616
24624, 0.07742633
24625, 0.07742650
24626, 0.07742667
24627, 0.07742683
24628, 0.07742700
24629, 0.07742717
24630, 0.07742734
24631, 0.07742757
24632, 0.07742774
24633, 0.07742791
24634, 0.07742807
24635, 0.07742824
24636, 0.07742841
24637, 0.07742858
24638, 0.07742874
24639, 0.07742899
24640, 0.07742915
24641, 0.07742932
24642, 0.07742949
24643, 0.07742966
24644, 0.07742982
24645, 0.07742999
24646, 0.07743016
24647, 0.07743039
24648, 0.07743055
24649, 0.07743072
24650, 0.07743089
24651, 0.07743106
24652, 0.07743123
24653, 0.07743139
24654, 0.07743156
24655, 0.07743179
24656, 0.07743196
24657, 0.07743213
24658, 0.07743229
24659, 0.07743246
24660, 0.07743263
24661, 0.07743279
24662, 0.07743296
24663, 0.07743313
24664, 0.07743330
24665, 0.07743349
24666, 0.07743367
24667, 0.07743386
24668, 0.07743404
24669, 0.07743423
24670, 0.07743440
24671, 0.07743459
24672, 0.07743476
24673, 0.07743493
24674, 0.07743510
24675, 0.07743527
24676, 0.07743544
24677, 0.07743561
24678, 0.07743577
24679, 0.07743594
24680, 0.07743611
24681, 0.07743628
24682, 0.07743645
24683, 0.07743662
24684, 0.07743679
24685, 0.07743695
24686, 0.07743712
24687, 0.07743729
24688, 0.07743746
24689, 0.07743763
24690, 0.07743780
24691, 0.07743797
24692, 0.07743813
24693, 0.07743830
24694, 0.07743847
24695, 0.07743864
24696, 0.07743880
24697, 0.07743897
24698, 0.07743914
24699, 0.07743931
24700, 0.07743949
24701, 0.07744177
24702, 0.07744196
24703, 0.07744213
24704, 0.07744230
24705, 0.07744247
24706, 0.07744264
24707, 0.07744281
24708, 0.07744299
24709, 0.07744317
24710, 0.07744334
24711, 0.07744351
24712, 0.07744368
24713, 0.07744385
24714, 0.07744402
24715, 0.07744419
24716, 0.07744436
24717, 0.07744454
24718, 0.07744471
24719, 0.07744488
24720, 0.07744504
24721, 0.07744521
24722, 0.07744538
24723, 0.07744555
24724, 0.07744572
24725, 0.07744589
24726, 0.07744606
24727, 0.07744623
24728, 0.07744640
24729, 0.07744662
24730, 0.07744686
24731, 0.07744703
24732, 0.07744720
24733, 0.07744737
24734, 0.07744754
24735, 0.07744771
24736, 0.07744789
24737, 0.07744806
24738, 0.07744824
24739, 0.07744842
24740, 0.07744859
24741, 0.07744877
24742, 0.07744895
24743, 0.07744912
24744, 0.07744930
24745, 0.07744948
24746, 0.07744965
24747, 0.07744983
24748, 0.07745001
24749, 0.07745019
24750, 0.07745036
24751, 0.07745054
24752, 0.07745072
24753, 0.07745096
24754, 0.07745113
24755, 0.07745131
24756, 0.07745149
24757, 0.07745166
24758, 0.07745184
24759, 0.07745201
24760, 0.07745219
24761, 0.07745237
24762, 0.07745254
24763, 0.07745286
24764, 0.07745304
24765, 0.07745321
24766, 0.07745338
24767, 0.07745355
24768, 0.07745373
24769, 0.07745390
24770, 0.07745408
24771, 0.07745426
24772, 0.07745444
24773, 0.07745462
24774, 0.07745493
24775, 0.07745510
24776, 0.07745527
24777, 0.07745544
24778, 0.07745561
24779, 0.07745578
24780, 0.07745595
24781, 0.07745612
24782, 0.07745629
24783, 0.07745646
24784, 0.07745663
24785, 0.07745680
24786, 0.07745697
24787, 0.07745714
24788, 0.07745731
24789, 0.07745748
24790, 0.07745767
24791, 0.07745784
24792, 0.07745801
24793, 0.07745818
24794, 0.07745835
24795, 0.07745852
24796, 0.07745869
24797, 0.07745886
24798, 0.07745903
24799, 0.07745920
24800, 0.07745937
24801, 0.07745954
24802, 0.07745971
24803, 0.07745988
24804, 0.07746004
24805, 0.07746021
24806, 0.07746039
24807, 0.07746056
24808, 0.07746073
24809, 0.07746090
24810, 0.07746106
24811, 0.07746125
24812, 0.07746143
24813, 0.07746161
24814, 0.07746178
24815, 0.07746196
24816, 0.07746214
24817, 0.07746231
24818, 0.07746249
24819, 0.07746266
24820, 0.07746284
24821, 0.07746302
24822, 0.07746319
24823, 0.07746337
24824, 0.07746355
24825, 0.07746372
24826, 0.07746397
24827, 0.07746683
24828, 0.07746703
24829, 0.07746720
24830, 0.07746737
24831, 0.07746754
24832, 0.07746771
24833, 0.07746789
24834, 0.07746805
24835, 0.07746822
24836, 0.07746839
24837, 0.07746857
24838, 0.07746873
24839, 0.07746890
24840, 0.07746907
24841, 0.07746924
24842, 0.07746941
24843, 0.07746959
24844, 0.07746976
24845, 0.07746993
24846, 0.07747010
24847, 0.07747027
24848, 0.07747050
24849, 0.07747067
24850, 0.07747084
24851, 0.07747101
24852, 0.07747119
24853, 0.07747136
24854, 0.07747153
24855, 0.07747170
24856, 0.07747186
24857, 0.07747204
24858, 0.07747221
24859, 0.07747238
24860, 0.07747255
24861, 0.07747272
24862, 0.07747289
24863, 0.07747306
24864, 0.07747323
24865, 0.07747340
24866, 0.07747357
24867, 0.07747374
24868, 0.07747391
24869, 0.07747408
24870, 0.07747425
24871, 0.07747442
24872, 0.07747459
24873, 0.07747476
24874, 0.07747493
24875, 0.07747510
24876, 0.07747527
24877, 0.07747544
24878, 0.07747562
24879, 0.07747578
24880, 0.07747595
24881, 0.07747613
24882, 0.07747630
24883, 0.07747647
24884, 0.07747664
24885, 0.07747681
24886, 0.07747698
24887, 0.07747714
24888, 0.07747732
24889, 0.07747748
24890, 0.07747765
24891, 0.07747793
24892, 0.07747810
24893, 0.07747827
24894, 0.07747844
24895, 0.07747861
24896, 0.07747878
24897, 0.07747895
24898, 0.07747912
24899, 0.07747929
24900, 0.07747946
24901, 0.07747962
24902, 0.07747979
24903, 0.07747996
24904, 0.07748013
24905, 0.07748030
24906, 0.07748046
24907, 0.07748063
24908, 0.07748082
24909, 0.07748099
24910, 0.07748116
24911, 0.07748133
24912, 0.07748150
24913, 0.07748166
24914, 0.07748184
24915, 0.07748201
24916, 0.07748218
24917, 0.07748234
24918, 0.07748252
24919, 0.07748268
24920, 0.07748285
24921, 0.07748302
24922, 0.07748319
24923, 0.07748336
24924, 0.07748352
24925, 0.07748369
24926, 0.07748386
24927, 0.07748403
24928, 0.07748420
24929, 0.07748436
24930, 0.07748453
24931, 0.07748470
24932, 0.07748487
24933, 0.07748504
24934, 0.07748520
24935, 0.07748538
24936, 0.07748554
24937, 0.07748571
24938, 0.07748588
24939, 0.07748605
24940, 0.07748622
24941, 0.07748639
24942, 0.07748656
24943, 0.07748673
24944, 0.07748690
24945, 0.07748707
24946, 0.07748724
24947, 0.07748747
24948, 0.07748764
24949, 0.07748781
24950, 0.07748798
24951, 0.07748816
24952, 0.07748834
24953, 0.07749099
24954, 0.07749118
24955, 0.07749136
24956, 0.07749154
24957, 0.07749172
24958, 0.07749189
24959, 0.07749206
24960, 0.07749224
24961, 0.07749241
24962, 0.07749264
24963, 0.07749283
24964, 0.07749301
24965, 0.07749318
24966, 0.07749335
24967, 0.07749352
24968, 0.07749369
24969, 0.07749386
24970, 0.07749403
24971, 0.07749420
24972, 0.07749437
24973, 0.07749454
24974, 0.07749470
24975, 0.07749487
24976, 0.07749504
24977, 0.07749521
24978, 0.07749538
24979, 0.07749555
24980, 0.07749572
24981, 0.07749589
24982, 0.07749606
24983, 0.07749623
24984, 0.07749639
24985, 0.07749656
24986, 0.07749673
24987, 0.07749696
24988, 0.07749713
24989, 0.07749730
24990, 0.07749747
24991, 0.07749764
24992, 0.07749781
24993, 0.07749811
24994, 0.07749828
24995, 0.07749844
24996, 0.07749861
24997, 0.07749878
24998, 0.07749895
24999, 0.07749912
25000, 0.07749935
25001, 0.07749952
25002, 0.07749969
25003, 0.07749986
25004, 0.07750002
25005, 0.07750019
25006, 0.07750036
25007, 0.07750059
25008, 0.07750076
25009, 0.07750093
25010, 0.07750109
25011, 0.07750126
25012, 0.07750143
25013, 0.07750160
25014, 0.07750176
25015, 0.07750193
25016, 0.07750210
25017, 0.07750227
25018, 0.07750244
25019, 0.07750261
25020, 0.07750278
25021, 0.07750295
25022, 0.07750311
25023, 0.07750328
25024, 0.07750345
25025, 0.07750362
25026, 0.07750379
25027, 0.07750396
25028, 0.07750413
25029, 0.07750430
25030, 0.07750447
25031, 0.07750464
25032, 0.07750481
25033, 0.07750498
25034, 0.07750515
25035, 0.07750532
25036, 0.07750549
25037, 0.07750566
25038, 0.07750583
25039, 0.07750600
25040, 0.07750617
25041, 0.07750640
25042, 0.07750657
25043, 0.07750674
25044, 0.07750691
25045, 0.07750708
25046, 0.07750730
25047, 0.07750748
25048, 0.07750765
25049, 0.07750782
25050, 0.07750799
25051, 0.07750816
25052, 0.07750833
25053, 0.07750850
25054, 0.07750867
25055, 0.07750884
25056, 0.07750901
25057, 0.07750918
25058, 0.07750935
25059, 0.07750952
25060, 0.07750969
25061, 0.07750986
25062, 0.07751003
25063, 0.07751020
25064, 0.07751037
25065, 0.07751055
25066, 0.07751072
25067, 0.07751089
25068, 0.07751106
25069, 0.07751123
25070, 0.07751140
25071, 0.07751157
25072, 0.07751174
25073, 0.07751192
25074, 0.07751209
25075, 0.07751226
25076, 0.07751243
25077, 0.07751269
25078, 0.07751289
25079, 0.07751561
25080, 0.07751582
25081, 0.07751599
25082, 0.07751616
25083, 0.07751633
25084, 0.07751650
25085, 0.07751666
25086, 0.07751683
25087, 0.07751700
25088, 0.07751716
25089, 0.07751733
25090, 0.07751750
25091, 0.07751766
25092, 0.07751783
25093, 0.07751800
25094, 0.07751816
25095, 0.07751844
25096, 0.07751861
25097, 0.07751878
25098, 0.07751895
25099, 0.07751912
25100, 0.07751930
25101, 0.07751947
25102, 0.07751964
25103, 0.07751989
25104, 0.07752006
25105, 0.07752023
25106, 0.07752040
25107, 0.07752058
25108, 0.07752075
25109, 0.07752092
25110, 0.07752109
25111, 0.07752139
25112, 0.07752156
25113, 0.07752173
25114, 0.07752190
25115, 0.07752207
25116, 0.07752223
25117, 0.07752240
25118, 0.07752257
25119, 0.07752283
25120, 0.07752306
25121, 0.07752323
25122, 0.07752340
25123, 0.07752356
25124, 0.07752373
25125, 0.07752390
25126, 0.07752407
25127, 0.07752432
25128, 0.07752449
25129, 0.07752466
25130, 0.07752483
25131, 0.07752500
25132, 0.07752517
25133, 0.07752534
25134, 0.07752551
25135, 0.07752577
25136, 0.07752594
25137, 0.07752611
25138, 0.07752628
25139, 0.07752645
25140, 0.07752661
25141, 0.07752678
25142, 0.07752695
25143, 0.07752719
25144, 0.07752736
25145, 0.07752753
25146, 0.07752770
25147, 0.07752788
25148, 0.07752805
25149, 0.07752822
25150, 0.07752839
25151, 0.07752863
25152, 0.07752886
25153, 0.07752903
25154, 0.07752921
25155, 0.07752938
25156, 0.07752955
25157, 0.07752972
25158, 0.07752989
25159, 0.07753006
25160, 0.07753023
25161, 0.07753040
25162, 0.07753057
25163, 0.07753074
25164, 0.07753091
25165, 0.07753108
25166, 0.07753125
25167, 0.07753142
25168, 0.07753158
25169, 0.07753176
25170, 0.07753193
25171, 0.07753210
25172, 0.07753227
25173, 0.07753244
25174, 0.07753261
25175, 0.07753292
25176, 0.07753309
25177, 0.07753326
25178, 0.07753343
25179, 0.07753361
25180, 0.07753378
25181, 0.07753395
25182, 0.07753412
25183, 0.07753430
25184, 0.07753447
25185, 0.07753464
25186, 0.07753481
25187, 0.07753498
25188, 0.07753516
25189, 0.07753533
25190, 0.07753550
25191, 0.07753567
25192, 0.07753584
25193, 0.07753601
25194, 0.07753619
25195, 0.07753642
25196, 0.07753659
25197, 0.07753676
25198, 0.07753693
25199, 0.07753710
25200, 0.07753727
25201, 0.07753744
25202, 0.07753761
25203, 0.07753778
25204, 0.07753803
25205, 0.07754048
25206, 0.07754098
25207, 0.07754116
25208, 0.07754133
25209, 0.07754151
25210, 0.07754167
25211, 0.07754184
25212, 0.07754201
25213, 0.07754218
25214, 0.07754235
25215, 0.07754252
25216, 0.07754269
25217, 0.07754286
25218, 0.07754302
25219, 0.07754319
25220, 0.07754336
25221, 0.07754353
25222, 0.07754370
25223, 0.07754387
25224, 0.07754404
25225, 0.07754420
25226, 0.07754437
25227, 0.07754454
25228, 0.07754471
25229, 0.07754488
25230, 0.07754505
25231, 0.07754522
25232, 0.07754538
25233, 0.07754555
25234, 0.07754572
25235, 0.07754589
25236, 0.07754606
25237, 0.07754622
25238, 0.07754639
25239, 0.07754656
25240, 0.07754673
25241, 0.07754690
25242, 0.07754707
25243, 0.07754723
25244, 0.07754740
25245, 0.07754757
25246, 0.07754773
25247, 0.07754790
25248, 0.07754807
25249, 0.07754824
25250, 0.07754841
25251, 0.07754858
25252, 0.07754875
25253, 0.07754892
25254, 0.07754908
25255, 0.07754932
25256, 0.07754948
25257, 0.07754965
25258, 0.07754995
25259, 0.07755012
25260, 0.07755029
25261, 0.07755045
25262, 0.07755062
25263, 0.07755079
25264, 0.07755096
25265, 0.07755113
25266, 0.07755137
25267, 0.07755159
25268, 0.07755183
25269, 0.07755200
25270, 0.07755218
25271, 0.07755236
25272, 0.07755254
25273, 0.07755271
25274, 0.07755289
25275, 0.07755306
25276, 0.07755323
25277, 0.07755341
25278, 0.07755358
25279, 0.07755376
25280, 0.07755392
25281, 0.07755409
25282, 0.07755426
25283, 0.07755443
25284, 0.07755460
25285, 0.07755476
25286, 0.07755493
25287, 0.07755510
25288, 0.07755527
25289, 0.07755544
25290, 0.07755560
25291, 0.07755577
25292, 0.07755594
25293, 0.07755611
25294, 0.07755627
25295, 0.07755644
25296, 0.07755661
25297, 0.07755677
25298, 0.07755694
25299, 0.07755711
25300, 0.07755733
25301, 0.07755750
25302, 0.07755767
25303, 0.07755783
25304, 0.07755800
25305, 0.07755817
25306, 0.07755834
25307, 0.07755850
25308, 0.07755868
25309, 0.07755885
25310, 0.07755902
25311, 0.07755919
25312, 0.07755936
25313, 0.07755953
25314, 0.07755970
25315, 0.07755989
25316, 0.07756006
25317, 0.07756024
25318, 0.07756042
25319, 0.07756060
25320, 0.07756077
25321, 0.07756095
25322, 0.07756112
25323, 0.07756130
25324, 0.07756148
25325, 0.07756165
25326, 0.07756182
25327, 0.07756200
25328, 0.07756217
25329, 0.07756235
25330, 0.07756254
25331, 0.07756518
25332, 0.07756536
25333, 0.07756553
25334, 0.07756570
25335, 0.07756594
25336, 0.07756611
25337, 0.07756628
25338, 0.07756645
25339, 0.07756661
25340, 0.07756678
25341, 0.07756695
25342, 0.07756712
25343, 0.07756729
25344, 0.07756745
25345, 0.07756768
25346, 0.07756792
25347, 0.07756809
25348, 0.07756825
25349, 0.07756842
25350, 0.07756859
25351, 0.07756875
25352, 0.07756892
25353, 0.07756909
25354, 0.07756926
25355, 0.07756943
25356, 0.07756959
25357, 0.07756976
25358, 0.07756993
25359, 0.07757009
25360, 0.07757026
25361, 0.07757043
25362, 0.07757060
25363, 0.07757076
25364, 0.07757093
25365, 0.07757110
25366, 0.07757127
25367, 0.07757143
25368, 0.07757160
25369, 0.07757177
25370, 0.07757194
25371, 0.07757210
25372, 0.07757227
25373, 0.07757244
25374, 0.07757260
25375, 0.07757277
25376, 0.07757294
25377, 0.07757317
25378, 0.07757340
25379, 0.07757356
25380, 0.07757373
25381, 0.07757390
25382, 0.07757407
25383, 0.07757423
25384, 0.07757440
25385, 0.07757457
25386, 0.07757474
25387, 0.07757490
25388, 0.07757507
25389, 0.07757524
25390, 0.07757541
25391, 0.07757558
25392, 0.07757575
25393, 0.07757591
25394, 0.07757614
25395, 0.07757631
25396, 0.07757648
25397, 0.07757665
25398, 0.07757682
25399, 0.07757699
25400, 0.07757715
25401, 0.07757732
25402, 0.07757749
25403, 0.07757766
25404, 0.07757783
25405, 0.07757800
25406, 0.07757817
25407, 0.07757833
25408, 0.07757850
25409, 0.07757867
25410, 0.07757884
25411, 0.07757900
25412, 0.07757917
25413, 0.07757934
25414, 0.07757951
25415, 0.07757968
25416, 0.07757985
25417, 0.07758002
25418, 0.07758018
25419, 0.07758041
25420, 0.07758058
25421, 0.07758075
25422, 0.07758092
25423, 0.07758109
25424, 0.07758126
25425, 0.07758143
25426, 0.07758160
25427, 0.07758177
25428, 0.07758194
25429, 0.07758210
25430, 0.07758227
25431, 0.07758244
25432, 0.07758261
25433, 0.07758277
25434, 0.07758294
25435, 0.07758311
25436, 0.07758328
25437, 0.07758345
25438, 0.07758362
25439, 0.07758378
25440, 0.07758395
25441, 0.07758412
25442, 0.07758429
25443, 0.07758445
25444, 0.07758462
25445, 0.07758479
25446, 0.07758496
25447, 0.07758513
25448, 0.07758530
25449, 0.07758546
25450, 0.07758563
25451, 0.07758580
25452, 0.07758597
25453, 0.07758614
25454, 0.07758630
25455, 0.07758647
25456, 0.07758665
25457, 0.07758928
25458, 0.07758948
25459, 0.07758966
25460, 0.07758984
25461, 0.07759003
25462, 0.07759021
25463, 0.07759038
25464, 0.07759055
25465, 0.07759072
25466, 0.07759089
25467, 0.07759106
25468, 0.07759137
25469, 0.07759154
25470, 0.07759171
25471, 0.07759188
25472, 0.07759205
25473, 0.07759222
25474, 0.07759239
25475, 0.07759256
25476, 0.07759273
25477, 0.07759290
25478, 0.07759307
25479, 0.07759324
25480, 0.07759341
25481, 0.07759358
25482, 0.07759375
25483, 0.07759391
25484, 0.07759408
25485, 0.07759425
25486, 0.07759442
25487, 0.07759459
25488, 0.07759475
25489, 0.07759492
25490, 0.07759509
25491, 0.07759526
25492, 0.07759543
25493, 0.07759560
25494, 0.07759577
25495, 0.07759593
25496, 0.07759610
25497, 0.07759675
25498, 0.07759692
25499, 0.07759709
25500, 0.07759726
25501, 0.07759743
25502, 0.07759760
25503, 0.07759776
25504, 0.07759793
25505, 0.07759810
25506, 0.07759827
25507, 0.07759844
25508, 0.07759861
25509, 0.07759878
25510, 0.07759894
25511, 0.07759911
25512, 0.07759929
25513, 0.07759946
25514, 0.07759963
25515, 0.07759980
25516, 0.07759998
25517, 0.07760015
25518, 0.07760032
25519, 0.07760049
25520, 0.07760066
25521, 0.07760084
25522, 0.07760101
25523, 0.07760118
25524, 0.07760135
25525, 0.07760153
25526, 0.07760170
25527, 0.07760187
25528, 0.07760204
25529, 0.07760221
25530, 0.07760238
25531, 0.07760255
25532, 0.07760272
25533, 0.07760289
25534, 0.07760306
25535, 0.07760323
25536, 0.07760340
25537, 0.07760357
25538, 0.07760375
25539, 0.07760392
25540, 0.07760409
25541, 0.07760426
25542, 0.07760443
25543, 0.07760460
25544, 0.07760477
25545, 0.07760495
25546, 0.07760512
25547, 0.07760529
25548, 0.07760546
25549, 0.07760563
25550, 0.07760580
25551, 0.07760598
25552, 0.07760615
25553, 0.07760633
25554, 0.07760650
25555, 0.07760667
25556, 0.07760684
25557, 0.07760701
25558, 0.07760718
25559, 0.07760735
25560, 0.07760753
25561, 0.07760770
25562, 0.07760787
25563, 0.07760804
25564, 0.07760821
25565, 0.07760839
25566, 0.07760856
25567, 0.07760873
25568, 0.07760890
25569, 0.07760907
25570, 0.07760924
25571, 0.07760941
25572, 0.07760958
25573, 0.07760975
25574, 0.07760993
25575, 0.07761010
25576, 0.07761027
25577, 0.07761045
25578, 0.07761062
25579, 0.07761079
25580, 0.07761096
25581, 0.07761113
25582, 0.07761132
25583, 0.07761351
25584, 0.07761371
25585, 0.07761388
25586, 0.07761405
25587, 0.07761421
25588, 0.07761438
25589, 0.07761455
25590, 0.07761472
25591, 0.07761489
25592, 0.07761507
25593, 0.07761525
25594, 0.07761542
25595, 0.07761560
25596, 0.07761577
25597, 0.07761595
25598, 0.07761613
25599, 0.07761630
25600, 0.07761647
25601, 0.07761664
25602, 0.07761681
25603, 0.07761699
25604, 0.07761715
25605, 0.07761732
25606, 0.07761750
25607, 0.07761774
25608, 0.07761791
25609, 0.07761809
25610, 0.07761826
25611, 0.07761842
25612, 0.07761859
25613, 0.07761877
25614, 0.07761894
25615, 0.07761919
25616, 0.07761936
25617, 0.07761953
25618, 0.07761970
25619, 0.07761987
25620, 0.07762004
25621, 0.07762021
25622, 0.07762038
25623, 0.07762063
25624, 0.07762080
25625, 0.07762097
25626, 0.07762115
25627, 0.07762132
25628, 0.07762149
25629, 0.07762166
25630, 0.07762183
25631, 0.07762208
25632, 0.07762225
25633, 0.07762242
25634, 0.07762259
25635, 0.07762276
25636, 0.07762293
25637, 0.07762311
25638, 0.07762328
25639, 0.07762353
25640, 0.07762370
25641, 0.07762387
25642, 0.07762404
25643, 0.07762421
25644, 0.07762438
25645, 0.07762455
25646, 0.07762472
25647, 0.07762501
25648, 0.07762519
25649, 0.07762536
25650, 0.07762553
25651, 0.07762570
25652, 0.07762587
25653, 0.07762604
25654, 0.07762621
25655, 0.07762646
25656, 0.07762663
25657, 0.07762681
25658, 0.07762698
25659, 0.07762715
25660, 0.07762732
25661, 0.07762749
25662, 0.07762767
25663, 0.07762799
25664, 0.07762816
25665, 0.07762833
25666, 0.07762850
25667, 0.07762867
25668, 0.07762885
25669, 0.07762902
25670, 0.07762919
25671, 0.07762936
25672, 0.07762954
25673, 0.07762971
25674, 0.07762989
25675, 0.07763006
25676, 0.07763024
25677, 0.07763040
25678, 0.07763058
25679, 0.07763075
25680, 0.07763092
25681, 0.07763109
25682, 0.07763126
25683, 0.07763143
25684, 0.07763163
25685, 0.07763180
25686, 0.07763196
25687, 0.07763214
25688, 0.07763231
25689, 0.07763248
25690, 0.07763265
25691, 0.07763282
25692, 0.07763300
25693, 0.07763317
25694, 0.07763334
25695, 0.07763351
25696, 0.07763374
25697, 0.07763407
25698, 0.07763424
25699, 0.07763441
25700, 0.07763459
25701, 0.07763476
25702, 0.07763493
25703, 0.07763510
25704, 0.07763527
25705, 0.07763544
25706, 0.07763562
25707, 0.07763579
25708, 0.07763597
25709, 0.07763837
25710, 0.07763857
25711, 0.07763875
25712, 0.07763892
25713, 0.07763910
25714, 0.07763928
25715, 0.07763945
25716, 0.07763962
25717, 0.07763979
25718, 0.07764005
25719, 0.07764022
25720, 0.07764039
25721, 0.07764056
25722, 0.07764073
25723, 0.07764090
25724, 0.07764107
25725, 0.07764124
25726, 0.07764141
25727, 0.07764158
25728, 0.07764175
25729, 0.07764192
25730, 0.07764209
25731, 0.07764226
25732, 0.07764243
25733, 0.07764260
25734, 0.07764277
25735, 0.07764294
25736, 0.07764311
25737, 0.07764328
25738, 0.07764345
25739, 0.07764362
25740, 0.07764380
25741, 0.07764397
25742, 0.07764414
25743, 0.07764431
25744, 0.07764448
25745, 0.07764465
25746, 0.07764482
25747, 0.07764499
25748, 0.07764516
25749, 0.07764540
25750, 0.07764556
25751, 0.07764573
25752, 0.07764590
25753, 0.07764608
25754, 0.07764630
25755, 0.07764647
25756, 0.07764664
25757, 0.07764681
25758, 0.07764698
25759, 0.07764716
25760, 0.07764733
25761, 0.07764750
25762, 0.07764767
25763, 0.07764783
25764, 0.07764800
25765, 0.07764817
25766, 0.07764834
25767, 0.07764851
25768, 0.07764868
25769, 0.07764885
25770, 0.07764902
25771, 0.07764920
25772, 0.07764975
25773, 0.07764992
25774, 0.07765009
25775, 0.07765026
25776, 0.07765043
25777, 0.07765059
25778, 0.07765076
25779, 0.07765093
25780, 0.07765110
25781, 0.07765128
25782, 0.07765144
25783, 0.07765161
25784, 0.07765178
25785, 0.07765196
25786, 0.07765213
25787, 0.07765230
25788, 0.07765247
25789, 0.07765264
25790, 0.07765280
25791, 0.07765297
25792, 0.07765314
25793, 0.07765331
25794, 0.07765348
25795, 0.07765366
25796, 0.07765398
25797, 0.07765415
25798, 0.07765432
25799, 0.07765453
25800, 0.07765471
25801, 0.07765488
25802, 0.07765511
25803, 0.07765528
25804, 0.07765546
25805, 0.07765563
25806, 0.07765580
25807, 0.07765598
25808, 0.07765615
25809, 0.07765633
25810, 0.07765650
25811, 0.07765668
25812, 0.07765685
25813, 0.07765702
25814, 0.07765719
25815, 0.07765736
25816, 0.07765754
25817, 0.07765771
25818, 0.07765788
25819, 0.07765805
25820, 0.07765822
25821, 0.07765840
25822, 0.07765857
25823, 0.07765874
25824, 0.07765891
25825, 0.07765908
25826, 0.07765926
25827, 0.07765943
25828, 0.07765960
25829, 0.07765977
25830, 0.07765995
25831, 0.07766012
25832, 0.07766029
25833, 0.07766046
25834, 0.07766065
25835, 0.07766323
25836, 0.07766341
25837, 0.07766359
25838, 0.07766377
25839, 0.07766394
25840, 0.07766411
25841, 0.07766428
25842, 0.07766446
25843, 0.07766463
25844, 0.07766480
25845, 0.07766497
25846, 0.07766514
25847, 0.07766531
25848, 0.07766548
25849, 0.07766565
25850, 0.07766582
25851, 0.07766600
25852, 0.07766617
25853, 0.07766634
25854, 0.07766651
25855, 0.07766668
25856, 0.07766685
25857, 0.07766702
25858, 0.07766719
25859, 0.07766736
25860, 0.07766753
25861, 0.07766769
25862, 0.07766787
25863, 0.07766804
25864, 0.07766821
25865, 0.07766838
25866, 0.07766855
25867, 0.07766872
25868, 0.07766889
25869, 0.07766906
25870, 0.07766923
25871, 0.07766940
25872, 0.07766957
25873, 0.07766974
25874, 0.07766992
25875, 0.07767009
25876, 0.07767026
25877, 0.07767043
25878, 0.07767060
25879, 0.07767077
25880, 0.07767094
25881, 0.07767111
25882, 0.07767128
25883, 0.07767145
25884, 0.07767162
25885, 0.07767180
25886, 0.07767197
25887, 0.07767214
25888, 0.07767231
25889, 0.07767248
25890, 0.07767266
25891, 0.07767283
25892, 0.07767300
25893, 0.07767317
25894, 0.07767334
25895, 0.07767351
25896, 0.07767368
25897, 0.07767385
25898, 0.07767402
25899, 0.07767420
25900, 0.07767437
25901, 0.07767454
25902, 0.07767471
25903, 0.07767488
25904, 0.07767505
25905, 0.07767522
25906, 0.07767540
25907, 0.07767557
25908, 0.07767574
25909, 0.07767591
25910, 0.07767608
25911, 0.07767625
25912, 0.07767642
25913, 0.07767660
25914, 0.07767677
25915, 0.07767694
25916, 0.07767711
25917, 0.07767728
25918, 0.07767745
25919, 0.07767763
25920, 0.07767779
25921, 0.07767803
25922, 0.07767820
25923, 0.07767837
25924, 0.07767854
25925, 0.07767871
25926, 0.07767888
25927, 0.07767906
25928, 0.07767923
25929, 0.07767940
25930, 0.07767957
25931, 0.07767974
25932, 0.07767991
25933, 0.07768009
25934, 0.07768026
25935, 0.07768049
25936, 0.07768066
25937, 0.07768097
25938, 0.07768114
25939, 0.07768132
25940, 0.07768149
25941, 0.07768166
25942, 0.07768183
25943, 0.07768201
25944, 0.07768218
25945, 0.07768235
25946, 0.07768252
25947, 0.07768270
25948, 0.07768287
25949, 0.07768304
25950, 0.07768321
25951, 0.07768348
25952, 0.07768371
25953, 0.07768388
25954, 0.07768405
25955, 0.07768422
25956, 0.07768440
25957, 0.07768457
25958, 0.07768474
25959, 0.07768491
25960, 0.07768510
25961, 0.07768779
25962, 0.07768798
25963, 0.07768815
25964, 0.07768832
25965, 0.07768849
25966, 0.07768866
25967, 0.07768883
25968, 0.07768899
25969, 0.07768916
25970, 0.07768939
25971, 0.07768956
25972, 0.07768973
25973, 0.07768990
25974, 0.07769008
25975, 0.07769025
25976, 0.07769042
25977, 0.07769065
25978, 0.07769083
25979, 0.07769100
25980, 0.07769118
25981, 0.07769135
25982, 0.07769152
25983, 0.07769169
25984, 0.07769186
25985, 0.07769204
25986, 0.07769234
25987, 0.07769252
25988, 0.07769269
25989, 0.07769286
25990, 0.07769304
25991, 0.07769322
25992, 0.07769339
25993, 0.07769357
25994, 0.07769374
25995, 0.07769391
25996, 0.07769408
25997, 0.07769426
25998, 0.07769443
25999, 0.07769461
26000, 0.07769478
26001, 0.07769495
26002, 0.07769513
26003, 0.07769530
26004, 0.07769547
26005, 0.07769565
26006, 0.07769588
26007, 0.07769606
26008, 0.07769624
26009, 0.07769642
26010, 0.07769659
26011, 0.07769677
26012, 0.07769694
26013, 0.07769711
26014, 0.07769728
26015, 0.07769745
26016, 0.07769763
26017, 0.07769780
26018, 0.07769797
26019, 0.07769814
26020, 0.07769832
26021, 0.07769849
26022, 0.07769866
26023, 0.07769883
26024, 0.07769901
26025, 0.07769918
26026, 0.07769935
26027, 0.07769952
26028, 0.07769969
26029, 0.07769987
26030, 0.07770004
26031, 0.07770021
26032, 0.07770038
26033, 0.07770056
26034, 0.07770073
26035, 0.07770090
26036, 0.07770107
26037, 0.07770125
26038, 0.07770142
26039, 0.07770159
26040, 0.07770182
26041, 0.07770200
26042, 0.07770217
26043, 0.07770235
26044, 0.07770252
26045, 0.07770269
26046, 0.07770287
26047, 0.07770304
26048, 0.07770321
26049, 0.07770339
26050, 0.07770356
26051, 0.07770375
26052, 0.07770392
26053, 0.07770409
26054, 0.07770425
26055, 0.07770442
26056, 0.07770460
26057, 0.07770477
26058, 0.07770493
26059, 0.07770510
26060, 0.07770527
26061, 0.07770544
26062, 0.07770561
26063, 0.07770578
26064, 0.07770595
26065, 0.07770612
26066, 0.07770629
26067, 0.07770646
26068, 0.07770663
26069, 0.07770680
26070, 0.07770697
26071, 0.07770714
26072, 0.07770731
26073, 0.07770748
26074, 0.07770766
26075, 0.07770789
26076, 0.07770806
26077, 0.07770823
26078, 0.07770839
26079, 0.07770856
26080, 0.07770874
26081, 0.07770890
26082, 0.07770908
26083, 0.07770925
26084, 0.07770942
26085, 0.07770959
26086, 0.07770977
26087, 0.07771220
26088, 0.07771244
26089, 0.07771263
26090, 0.07771280
26091, 0.07771298
26092, 0.07771315
26093, 0.07771332
26094, 0.07771349
26095, 0.07771366
26096, 0.07771383
26097, 0.07771400
26098, 0.07771417
26099, 0.07771434
26100, 0.07771451
26101, 0.07771468
26102, 0.07771485
26103, 0.07771502
26104, 0.07771519
26105, 0.07771536
26106, 0.07771553
26107, 0.07771570
26108, 0.07771587
26109, 0.07771604
26110, 0.07771621
26111, 0.07771638
26112, 0.07771654
26113, 0.07771672
26114, 0.07771689
26115, 0.07771706
26116, 0.07771723
26117, 0.07771740
26118, 0.07771757
26119, 0.07771781
26120, 0.07771798
26121, 0.07771815
26122, 0.07771833
26123, 0.07771850
26124, 0.07771867
26125, 0.07771884
26126, 0.07771901
26127, 0.07771926
26128, 0.07771943
26129, 0.07771960
26130, 0.07771977
26131, 0.07771994
26132, 0.07772011
26133, 0.07772028
26134, 0.07772046
26135, 0.07772071
26136, 0.07772088
26137, 0.07772105
26138, 0.07772122
26139, 0.07772149
26140, 0.07772166
26141, 0.07772183
26142, 0.07772200
26143, 0.07772226
26144, 0.07772243
26145, 0.07772260
26146, 0.07772277
26147, 0.07772294
26148, 0.07772311
26149, 0.07772328
26150, 0.07772345
26151, 0.07772398
26152, 0.07772415
26153, 0.07772432
26154, 0.07772449
26155, 0.07772466
26156, 0.07772484
26157, 0.07772500
26158, 0.07772518
26159, 0.07772542
26160, 0.07772559
26161, 0.07772576
26162, 0.07772593
26163, 0.07772610
26164, 0.07772627
26165, 0.07772644
26166, 0.07772661
26167, 0.07772685
26168, 0.07772702
26169, 0.07772719
26170, 0.07772736
26171, 0.07772753
26172, 0.07772770
26173, 0.07772787
26174, 0.07772804
26175, 0.07772828
26176, 0.07772846
26177, 0.07772863
26178, 0.07772881
26179, 0.07772898
26180, 0.07772915
26181, 0.07772933
26182, 0.07772950
26183, 0.07772967
26184, 0.07772985
26185, 0.07773002
26186, 0.07773020
26187, 0.07773037
26188, 0.07773055
26189, 0.07773072
26190, 0.07773090
26191, 0.07773107
26192, 0.07773125
26193, 0.07773142
26194, 0.07773159
26195, 0.07773177
26196, 0.07773194
26197, 0.07773218
26198, 0.07773241
26199, 0.07773259
26200, 0.07773282
26201, 0.07773299
26202, 0.07773317
26203, 0.07773352
26204, 0.07773369
26205, 0.07773386
26206, 0.07773404
26207, 0.07773421
26208, 0.07773438
26209, 0.07773456
26210, 0.07773473
26211, 0.07773490
26212, 0.07773508
26213, 0.07773764
26214, 0.07773788
26215, 0.07773806
26216, 0.07773823
26217, 0.07773839
26218, 0.07773856
26219, 0.07773873
26220, 0.07773889
26221, 0.07773906
26222, 0.07773922
26223, 0.07773939
26224, 0.07773956
26225, 0.07773972
26226, 0.07773989
26227, 0.07774006
26228, 0.07774022
26229, 0.07774039
26230, 0.07774055
26231, 0.07774072
26232, 0.07774088
26233, 0.07774105
26234, 0.07774122
26235, 0.07774138
26236, 0.07774155
26237, 0.07774172
26238, 0.07774189
26239, 0.07774206
26240, 0.07774236
26241, 0.07774253
26242, 0.07774269
26243, 0.07774286
26244, 0.07774303
26245, 0.07774320
26246, 0.07774336
26247, 0.07774353
26248, 0.07774370
26249, 0.07774386
26250, 0.07774403
26251, 0.07774420
26252, 0.07774437
26253, 0.07774453
26254, 0.07774470
26255, 0.07774486
26256, 0.07774503
26257, 0.07774520
26258, 0.07774537
26259, 0.07774553
26260, 0.07774570
26261, 0.07774587
26262, 0.07774603
26263, 0.07774620
26264, 0.07774636
26265, 0.07774653
26266, 0.07774670
26267, 0.07774686
26268, 0.07774703
26269, 0.07774720
26270, 0.07774736
26271, 0.07774753
26272, 0.07774770
26273, 0.07774786
26274, 0.07774803
26275, 0.07774820
26276, 0.07774836
26277, 0.07774853
26278, 0.07774870
26279, 0.07774886
26280, 0.07774903
26281, 0.07774920
26282, 0.07774936
26283, 0.07774953
26284, 0.07774970
26285, 0.07774986
26286, 0.07775003
26287, 0.07775020
26288, 0.07775036
26289, 0.07775053
26290, 0.07775070
26291, 0.07775126
26292, 0.07775152
26293, 0.07775170
26294, 0.07775187
26295, 0.07775204
26296, 0.07775221
26297, 0.07775237
26298, 0.07775254
26299, 0.07775271
26300, 0.07775287
26301, 0.07775304
26302, 0.07775321
26303, 0.07775338
26304, 0.07775355
26305, 0.07775372
26306, 0.07775388
26307, 0.07775405
26308, 0.07775422
26309, 0.07775439
26310, 0.07775456
26311, 0.07775472
26312, 0.07775489
26313, 0.07775506
26314, 0.07775522
26315, 0.07775539
26316, 0.07775556
26317, 0.07775573
26318, 0.07775589
26319, 0.07775606
26320, 0.07775623
26321, 0.07775640
26322, 0.07775656
26323, 0.07775673
26324, 0.07775690
26325, 0.07775707
26326, 0.07775724
26327, 0.07775741
26328, 0.07775758
26329, 0.07775774
26330, 0.07775791
26331, 0.07775808
26332, 0.07775824
26333, 0.07775841
26334, 0.07775858
26335, 0.07775875
26336, 0.07775892
26337, 0.07775909
26338, 0.07775926
26339, 0.07776172
26340, 0.07776192
26341, 0.07776209
26342, 0.07776226
26343, 0.07776243
26344, 0.07776260
26345, 0.07776277
26346, 0.07776293
26347, 0.07776310
26348, 0.07776327
26349, 0.07776344
26350, 0.07776361
26351, 0.07776378
26352, 0.07776395
26353, 0.07776411
26354, 0.07776428
26355, 0.07776445
26356, 0.07776462
26357, 0.07776478
26358, 0.07776495
26359, 0.07776512
26360, 0.07776529
26361, 0.07776546
26362, 0.07776563
26363, 0.07776579
26364, 0.07776596
26365, 0.07776613
26366, 0.07776629
26367, 0.07776646
26368, 0.07776663
26369, 0.07776680
26370, 0.07776696
26371, 0.07776713
26372, 0.07776730
26373, 0.07776747
26374, 0.07776764
26375, 0.07776780
26376, 0.07776797
26377, 0.07776814
26378, 0.07776831
26379, 0.07776848
26380, 0.07776864
26381, 0.07776881
26382, 0.07776898
26383, 0.07776915
26384, 0.07776932
26385, 0.07776948
26386, 0.07776965
26387, 0.07776982
26388, 0.07776999
26389, 0.07777016
26390, 0.07777033
26391, 0.07777049
26392, 0.07777066
26393, 0.07777083
26394, 0.07777100
26395, 0.07777117
26396, 0.07777134
26397, 0.07777152
26398, 0.07777169
26399, 0.07777186
26400, 0.07777203
26401, 0.07777220
26402, 0.07777237
26403, 0.07777254
26404, 0.07777271
26405, 0.07777288
26406, 0.07777304
26407, 0.07777321
26408, 0.07777338
26409, 0.07777355
26410, 0.07777371
26411, 0.07777388
26412, 0.07777405
26413, 0.07777422
26414, 0.07777439
26415, 0.07777455
26416, 0.07777472
26417, 0.07777489
26418, 0.07777506
26419, 0.07777523
26420, 0.07777540
26421, 0.07777557
26422, 0.07777573
26423, 0.07777590
26424, 0.07777607
26425, 0.07777624
26426, 0.07777648
26427, 0.07777664
26428, 0.07777681
26429, 0.07777698
26430, 0.07777715
26431, 0.07777733
26432, 0.07777750
26433, 0.07777767
26434, 0.07777784
26435, 0.07777801
26436, 0.07777818
26437, 0.07777835
26438, 0.07777852
26439, 0.07777869
26440, 0.07777887
26441, 0.07777903
26442, 0.07777921
26443, 0.07777938
26444, 0.07777955
26445, 0.07777972
26446, 0.07777990
26447, 0.07778006
26448, 0.07778023
26449, 0.07778040
26450, 0.07778057
26451, 0.07778074
26452, 0.07778091
26453, 0.07778107
26454, 0.07778124
26455, 0.07778141
26456, 0.07778159
26457, 0.07778175
26458, 0.07778192
26459, 0.07778209
26460, 0.07778226
26461, 0.07778243
26462, 0.07778260
26463, 0.07778277
26464, 0.07778295
26465, 0.07778527
26466, 0.07778546
26467, 0.07778564
26468, 0.07778581
26469, 0.07778598
26470, 0.07778615
26471, 0.07778632
26472, 0.07778649
26473, 0.07778666
26474, 0.07778683
26475, 0.07778699
26476, 0.07778716
26477, 0.07778733
26478, 0.07778750
26479, 0.07778767
26480, 0.07778784
26481, 0.07778801
26482, 0.07778818
26483, 0.07778835
26484, 0.07778851
26485, 0.07778868
26486, 0.07778885
26487, 0.07778902
26488, 0.07778919
26489, 0.07778936
26490, 0.07778953
26491, 0.07778970
26492, 0.07778986
26493, 0.07779003
26494, 0.07779020
26495, 0.07779037
26496, 0.07779054
26497, 0.07779071
26498, 0.07779088
26499, 0.07779105
26500, 0.07779121
26501, 0.07779138
26502, 0.07779155
26503, 0.07779172
26504, 0.07779189
26505, 0.07779206
26506, 0.07779223
26507, 0.07779240
26508, 0.07779257
26509, 0.07779273
26510, 0.07779290
26511, 0.07779307
26512, 0.07779324
26513, 0.07779341
26514, 0.07779364
26515, 0.07779387
26516, 0.07779404
26517, 0.07779421
26518, 0.07779438
26519, 0.07779455
26520, 0.07779472
26521, 0.07779489
26522, 0.07779506
26523, 0.07779523
26524, 0.07779540
26525, 0.07779557
26526, 0.07779574
26527, 0.07779590
26528, 0.07779607
26529, 0.07779624
26530, 0.07779641
26531, 0.07779658
26532, 0.07779675
26533, 0.07779692
26534, 0.07779708
26535, 0.07779725
26536, 0.07779742
26537, 0.07779760
26538, 0.07779777
26539, 0.07779800
26540, 0.07779817
26541, 0.07779833
26542, 0.07779850
26543, 0.07779867
26544, 0.07779884
26545, 0.07779901
26546, 0.07779918
26547, 0.07779935
26548, 0.07779952
26549, 0.07779969
26550, 0.07779986
26551, 0.07780009
26552, 0.07780026
26553, 0.07780043
26554, 0.07780059
26555, 0.07780076
26556, 0.07780093
26557, 0.07780111
26558, 0.07780128
26559, 0.07780145
26560, 0.07780162
26561, 0.07780179
26562, 0.07780196
26563, 0.07780213
26564, 0.07780230
26565, 0.07780247
26566, 0.07780263
26567, 0.07780280
26568, 0.07780297
26569, 0.07780314
26570, 0.07780331
26571, 0.07780348
26572, 0.07780365
26573, 0.07780381
26574, 0.07780398
26575, 0.07780415
26576, 0.07780432
26577, 0.07780449
26578, 0.07780466
26579, 0.07780483
26580, 0.07780500
26581, 0.07780517
26582, 0.07780534
26583, 0.07780550
26584, 0.07780567
26585, 0.07780584
26586, 0.07780601
26587, 0.07780618
26588, 0.07780634
26589, 0.07780651
26590, 0.07780669
26591, 0.07780910
26592, 0.07780929
26593, 0.07780946
26594, 0.07780963
26595, 0.07780980
26596, 0.07780997
26597, 0.07781014
26598, 0.07781031
26599, 0.07781048
26600, 0.07781065
26601, 0.07781082
26602, 0.07781099
26603, 0.07781117
26604, 0.07781133
26605, 0.07781150
26606, 0.07781167
26607, 0.07781184
26608, 0.07781201
26609, 0.07781218
26610, 0.07781235
26611, 0.07781252
26612, 0.07781270
26613, 0.07781287
26614, 0.07781303
26615, 0.07781320
26616, 0.07781337
26617, 0.07781354
26618, 0.07781371
26619, 0.07781388
26620, 0.07781404
26621, 0.07781421
26622, 0.07781438
26623, 0.07781455
26624, 0.07781471
26625, 0.07781488
26626, 0.07781505
26627, 0.07781522
26628, 0.07781539
26629, 0.07781555
26630, 0.07781572
26631, 0.07781603
26632, 0.07781620
26633, 0.07781636
26634, 0.07781653
26635, 0.07781670
26636, 0.07781687
26637, 0.07781704
26638, 0.07781721
26639, 0.07781746
26640, 0.07781762
26641, 0.07781779
26642, 0.07781796
26643, 0.07781813
26644, 0.07781830
26645, 0.07781847
26646, 0.07781864
26647, 0.07781888
26648, 0.07781905
26649, 0.07781922
26650, 0.07781939
26651, 0.07781956
26652, 0.07781979
26653, 0.07781996
26654, 0.07782013
26655, 0.07782038
26656, 0.07782055
26657, 0.07782072
26658, 0.07782089
26659, 0.07782106
26660, 0.07782122
26661, 0.07782139
26662, 0.07782156
26663, 0.07782180
26664, 0.07782197
26665, 0.07782214
26666, 0.07782231
26667, 0.07782248
26668, 0.07782265
26669, 0.07782282
26670, 0.07782299
26671, 0.07782323
26672, 0.07782340
26673, 0.07782357
26674, 0.07782374
26675, 0.07782390
26676, 0.07782407
26677, 0.07782424
26678, 0.07782441
26679, 0.07782465
26680, 0.07782482
26681, 0.07782499
26682, 0.07782516
26683, 0.07782533
26684, 0.07782550
26685, 0.07782567
26686, 0.07782584
26687, 0.07782608
26688, 0.07782625
26689, 0.07782642
26690, 0.07782659
26691, 0.07782676
26692, 0.07782693
26693, 0.07782709
26694, 0.07782726
26695, 0.07782743
26696, 0.07782760
26697, 0.07782777
26698, 0.07782794
26699, 0.07782811
26700, 0.07782827
26701, 0.07782844
26702, 0.07782861
26703, 0.07782878
26704, 0.07782895
26705, 0.07782912
26706, 0.07782929
26707, 0.07782946
26708, 0.07782962
26709, 0.07782979
26710, 0.07782996
26711, 0.07783013
26712, 0.07783030
26713, 0.07783047
26714, 0.07783064
26715, 0.07783081
26716, 0.07783100
26717, 0.07783324
26718, 0.07783341
26719, 0.07783358
26720, 0.07783375
26721, 0.07783392
26722, 0.07783409
26723, 0.07783426
26724, 0.07783443
26725, 0.07783460
26726, 0.07783478
26727, 0.07783494
26728, 0.07783518
26729, 0.07783535
26730, 0.07783552
26731, 0.07783568
26732, 0.07783585
26733, 0.07783602
26734, 0.07783619
26735, 0.07783636
26736, 0.07783654
26737, 0.07783671
26738, 0.07783688
26739, 0.07783705
26740, 0.07783722
26741, 0.07783738
26742, 0.07783755
26743, 0.07783772
26744, 0.07783789
26745, 0.07783806
26746, 0.07783823
26747, 0.07783839
26748, 0.07783856
26749, 0.07783873
26750, 0.07783890
26751, 0.07783906
26752, 0.07783923
26753, 0.07783939
26754, 0.07783956
26755, 0.07783979
26756, 0.07783996
26757, 0.07784012
26758, 0.07784029
26759, 0.07784046
26760, 0.07784063
26761, 0.07784079
26762, 0.07784096
26763, 0.07784113
26764, 0.07784129
26765, 0.07784146
26766, 0.07784163
26767, 0.07784180
26768, 0.07784196
26769, 0.07784213
26770, 0.07784230
26771, 0.07784247
26772, 0.07784264
26773, 0.07784280
26774, 0.07784297
26775, 0.07784314
26776, 0.07784330
26777, 0.07784347
26778, 0.07784364
26779, 0.07784380
26780, 0.07784397
26781, 0.07784414
26782, 0.07784431
26783, 0.07784447
26784, 0.07784464
26785, 0.07784481
26786, 0.07784497
26787, 0.07784514
26788, 0.07784530
26789, 0.07784547
26790, 0.07784564
26791, 0.07784581
26792, 0.07784598
26793, 0.07784614
26794, 0.07784631
26795, 0.07784647
26796, 0.07784664
26797, 0.07784681
26798, 0.07784697
26799, 0.07784714
26800, 0.07784730
26801, 0.07784747
26802, 0.07784763
26803, 0.07784780
26804, 0.07784797
26805, 0.07784813
26806, 0.07784830
26807, 0.07784847
26808, 0.07784864
26809, 0.07784881
26810, 0.07784907
26811, 0.07784924
26812, 0.07784941
26813, 0.07784958
26814, 0.07784975
26815, 0.07784998
26816, 0.07785015
26817, 0.07785032
26818, 0.07785049
26819, 0.07785066
26820, 0.07785083
26821, 0.07785100
26822, 0.07785117
26823, 0.07785134
26824, 0.07785151
26825, 0.07785168
26826, 0.07785185
26827, 0.07785202
26828, 0.07785219
26829, 0.07785236
26830, 0.07785253
26831, 0.07785270
26832, 0.07785286
26833, 0.07785303
26834, 0.07785320
26835, 0.07785337
26836, 0.07785354
26837, 0.07785372
26838, 0.07785388
26839, 0.07785405
26840, 0.07785422
26841, 0.07785440
26842, 0.07785458
26843, 0.07785692
26844, 0.07785710
26845, 0.07785727
26846, 0.07785744
26847, 0.07785761
26848, 0.07785778
26849, 0.07785795
26850, 0.07785812
26851, 0.07785829
26852, 0.07785846
26853, 0.07785863
26854, 0.07785881
26855, 0.07785898
26856, 0.07785915
26857, 0.07785932
26858, 0.07785949
26859, 0.07785966
26860, 0.07785983
26861, 0.07786000
26862, 0.07786018
26863, 0.07786034
26864, 0.07786051
26865, 0.07786068
26866, 0.07786086
26867, 0.07786103
26868, 0.07786120
26869, 0.07786137
26870, 0.07786154
26871, 0.07786171
26872, 0.07786189
26873, 0.07786206
26874, 0.07786223
26875, 0.07786240
26876, 0.07786257
26877, 0.07786275
26878, 0.07786292
26879, 0.07786309
26880, 0.07786326
26881, 0.07786343
26882, 0.07786360
26883, 0.07786377
26884, 0.07786394
26885, 0.07786411
26886, 0.07786428
26887, 0.07786445
26888, 0.07786462
26889, 0.07786479
26890, 0.07786496
26891, 0.07786513
26892, 0.07786531
26893, 0.07786548
26894, 0.07786565
26895, 0.07786581
26896, 0.07786604
26897, 0.07786622
26898, 0.07786640
26899, 0.07786657
26900, 0.07786675
26901, 0.07786693
26902, 0.07786710
26903, 0.07786728
26904, 0.07786745
26905, 0.07786762
26906, 0.07786779
26907, 0.07786797
26908, 0.07786814
26909, 0.07786831
26910, 0.07786848
26911, 0.07786865
26912, 0.07786882
26913, 0.07786918
26914, 0.07786937
26915, 0.07786954
26916, 0.07786971
26917, 0.07786988
26918, 0.07787005
26919, 0.07787023
26920, 0.07787040
26921, 0.07787057
26922, 0.07787074
26923, 0.07787091
26924, 0.07787108
26925, 0.07787126
26926, 0.07787143
26927, 0.07787160
26928, 0.07787177
26929, 0.07787194
26930, 0.07787211
26931, 0.07787228
26932, 0.07787246
26933, 0.07787265
26934, 0.07787283
26935, 0.07787302
26936, 0.07787319
26937, 0.07787336
26938, 0.07787354
26939, 0.07787371
26940, 0.07787388
26941, 0.07787406
26942, 0.07787423
26943, 0.07787439
26944, 0.07787457
26945, 0.07787473
26946, 0.07787491
26947, 0.07787508
26948, 0.07787525
26949, 0.07787542
26950, 0.07787559
26951, 0.07787576
26952, 0.07787593
26953, 0.07787610
26954, 0.07787628
26955, 0.07787645
26956, 0.07787662
26957, 0.07787679
26958, 0.07787696
26959, 0.07787713
26960, 0.07787730
26961, 0.07787748
26962, 0.07787765
26963, 0.07787782
26964, 0.07787799
26965, 0.07787816
26966, 0.07787833
26967, 0.07787851
26968, 0.07787869
26969, 0.07788138
26970, 0.07788158
26971, 0.07788176
26972, 0.07788193
26973, 0.07788211
26974, 0.07788229
26975, 0.07788247
26976, 0.07788264
26977, 0.07788282
26978, 0.07788300
26979, 0.07788318
26980, 0.07788336
26981, 0.07788353
26982, 0.07788371
26983, 0.07788389
26984, 0.07788406
26985, 0.07788424
26986, 0.07788441
26987, 0.07788459
26988, 0.07788477
26989, 0.07788494
26990, 0.07788512
26991, 0.07788529
26992, 0.07788547
26993, 0.07788565
26994, 0.07788582
26995, 0.07788600
26996, 0.07788617
26997, 0.07788635
26998, 0.07788652
26999, 0.07788670
27000, 0.07788688
27001, 0.07788705
27002, 0.07788723
27003, 0.07788741
27004, 0.07788758
27005, 0.07788776
27006, 0.07788794
27007, 0.07788811
27008, 0.07788829
27009, 0.07788846
27010, 0.07788864
27011, 0.07788881
27012, 0.07788899
27013, 0.07788917
27014, 0.07788934
27015, 0.07788952
27016, 0.07788969
27017, 0.07788987
27018, 0.07789004
27019, 0.07789022
27020, 0.07789039
27021, 0.07789057
27022, 0.07789074
27023, 0.07789091
27024, 0.07789109
27025, 0.07789126
27026, 0.07789144
27027, 0.07789161
27028, 0.07789179
27029, 0.07789196
27030, 0.07789213
27031, 0.07789231
27032, 0.07789248
27033, 0.07789265
27034, 0.07789283
27035, 0.07789300
27036, 0.07789317
27037, 0.07789335
27038, 0.07789352
27039, 0.07789369
27040, 0.07789387
27041, 0.07789404
27042, 0.07789423
27043, 0.07789444
27044, 0.07789462
27045, 0.07789479
27046, 0.07789497
27047, 0.07789514
27048, 0.07789531
27049, 0.07789549
27050, 0.07789566
27051, 0.07789583
27052, 0.07789600
27053, 0.07789618
27054, 0.07789635
27055, 0.07789653
27056, 0.07789670
27057, 0.07789687
27058, 0.07789704
27059, 0.07789722
27060, 0.07789739
27061, 0.07789756
27062, 0.07789774
27063, 0.07789791
27064, 0.07789808
27065, 0.07789825
27066, 0.07789843
27067, 0.07789860
27068, 0.07789878
27069, 0.07789895
27070, 0.07789912
27071, 0.07789929
27072, 0.07789946
27073, 0.07789964
27074, 0.07789981
27075, 0.07789998
27076, 0.07790015
27077, 0.07790032
27078, 0.07790050
27079, 0.07790067
27080, 0.07790084
27081, 0.07790102
27082, 0.07790119
27083, 0.07790136
27084, 0.07790153
27085, 0.07790170
27086, 0.07790188
27087, 0.07790205
27088, 0.07790222
27089, 0.07790240
27090, 0.07790257
27091, 0.07790281
27092, 0.07790298
27093, 0.07790315
27094, 0.07790334
27095, 0.07790554
27096, 0.07790573
27097, 0.07790590
27098, 0.07790606
27099, 0.07790623
27100, 0.07790640
27101, 0.07790657
27102, 0.07790673
27103, 0.07790690
27104, 0.07790707
27105, 0.07790724
27106, 0.07790740
27107, 0.07790757
27108, 0.07790774
27109, 0.07790791
27110, 0.07790808
27111, 0.07790824
27112, 0.07790841
27113, 0.07790858
27114, 0.07790881
27115, 0.07790898
27116, 0.07790914
27117, 0.07790931
27118, 0.07790948
27119, 0.07790964
27120, 0.07790981
27121, 0.07790998
27122, 0.07791015
27123, 0.07791032
27124, 0.07791049
27125, 0.07791072
27126, 0.07791089
27127, 0.07791106
27128, 0.07791122
27129, 0.07791139
27130, 0.07791166
27131, 0.07791183
27132, 0.07791199
27133, 0.07791216
27134, 0.07791233
27135, 0.07791249
27136, 0.07791266
27137, 0.07791283
27138, 0.07791300
27139, 0.07791317
27140, 0.07791340
27141, 0.07791362
27142, 0.07791380
27143, 0.07791405
27144, 0.07791421
27145, 0.07791438
27146, 0.07791455
27147, 0.07791472
27148, 0.07791488
27149, 0.07791505
27150, 0.07791522
27151, 0.07791546
27152, 0.07791563
27153, 0.07791580
27154, 0.07791596
27155, 0.07791613
27156, 0.07791630
27157, 0.07791647
27158, 0.07791664
27159, 0.07791688
27160, 0.07791704
27161, 0.07791721
27162, 0.07791738
27163, 0.07791755
27164, 0.07791771
27165, 0.07791788
27166, 0.07791805
27167, 0.07791838
27168, 0.07791864
27169, 0.07791881
27170, 0.07791897
27171, 0.07791914
27172, 0.07791931
27173, 0.07791947
27174, 0.07791964
27175, 0.07792018
27176, 0.07792035
27177, 0.07792052
27178, 0.07792068
27179, 0.07792085
27180, 0.07792102
27181, 0.07792119
27182, 0.07792135
27183, 0.07792160
27184, 0.07792186
27185, 0.07792203
27186, 0.07792219
27187, 0.07792236
27188, 0.07792254
27189, 0.07792270
27190, 0.07792287
27191, 0.07792311
27192, 0.07792335
27193, 0.07792351
27194, 0.07792369
27195, 0.07792386
27196, 0.07792403
27197, 0.07792420
27198, 0.07792437
27199, 0.07792462
27200, 0.07792479
27201, 0.07792496
27202, 0.07792513
27203, 0.07792530
27204, 0.07792547
27205, 0.07792564
27206, 0.07792581
27207, 0.07792598
27208, 0.07792615
27209, 0.07792632
27210, 0.07792649
27211, 0.07792666
27212, 0.07792683
27213, 0.07792700
27214, 0.07792717
27215, 0.07792734
27216, 0.07792751
27217, 0.07792768
27218, 0.07792786
27219, 0.07792802
27220, 0.07792821
27221, 0.07793061
27222, 0.07793081
27223, 0.07793099
27224, 0.07793116
27225, 0.07793133
27226, 0.07793150
27227, 0.07793167
27228, 0.07793184
27229, 0.07793200
27230, 0.07793217
27231, 0.07793234
27232, 0.07793251
27233, 0.07793268
27234, 0.07793285
27235, 0.07793302
27236, 0.07793318
27237, 0.07793335
27238, 0.07793352
27239, 0.07793368
27240, 0.07793385
27241, 0.07793403
27242, 0.07793419
27243, 0.07793436
27244, 0.07793453
27245, 0.07793470
27246, 0.07793487
27247, 0.07793503
27248, 0.07793520
27249, 0.07793537
27250, 0.07793554
27251, 0.07793571
27252, 0.07793588
27253, 0.07793604
27254, 0.07793621
27255, 0.07793638
27256, 0.07793654
27257, 0.07793671
27258, 0.07793689
27259, 0.07793706
27260, 0.07793723
27261, 0.07793740
27262, 0.07793757
27263, 0.07793774
27264, 0.07793796
27265, 0.07793813
27266, 0.07793830
27267, 0.07793847
27268, 0.07793864
27269, 0.07793880
27270, 0.07793897
27271, 0.07793914
27272, 0.07793931
27273, 0.07793954
27274, 0.07793970
27275, 0.07793987
27276, 0.07794004
27277, 0.07794021
27278, 0.07794037
27279, 0.07794054
27280, 0.07794071
27281, 0.07794088
27282, 0.07794105
27283, 0.07794121
27284, 0.07794138
27285, 0.07794155
27286, 0.07794172
27287, 0.07794189
27288, 0.07794206
27289, 0.07794222
27290, 0.07794239
27291, 0.07794256
27292, 0.07794273
27293, 0.07794290
27294, 0.07794307
27295, 0.07794323
27296, 0.07794340
27297, 0.07794357
27298, 0.07794374
27299, 0.07794391
27300, 0.07794408
27301, 0.07794424
27302, 0.07794441
27303, 0.07794458
27304, 0.07794474
27305, 0.07794491
27306, 0.07794507
27307, 0.07794524
27308, 0.07794541
27309, 0.07794557
27310, 0.07794574
27311, 0.07794591
27312, 0.07794608
27313, 0.07794625
27314, 0.07794642
27315, 0.07794659
27316, 0.07794676
27317, 0.07794700
27318, 0.07794717
27319, 0.07794735
27320, 0.07794752
27321, 0.07794768
27322, 0.07794785
27323, 0.07794802
27324, 0.07794819
27325, 0.07794836
27326, 0.07794853
27327, 0.07794870
27328, 0.07794887
27329, 0.07794904
27330, 0.07794921
27331, 0.07794938
27332, 0.07794954
27333, 0.07794971
27334, 0.07794988
27335, 0.07795004
27336, 0.07795021
27337, 0.07795052
27338, 0.07795069
27339, 0.07795086
27340, 0.07795103
27341, 0.07795119
27342, 0.07795136
27343, 0.07795153
27344, 0.07795170
27345, 0.07795187
27346, 0.07795205
27347, 0.07795453
27348, 0.07795471
27349, 0.07795488
27350, 0.07795505
27351, 0.07795521
27352, 0.07795538
27353, 0.07795555
27354, 0.07795573
27355, 0.07795589
27356, 0.07795606
27357, 0.07795623
27358, 0.07795640
27359, 0.07795657
27360, 0.07795673
27361, 0.07795690
27362, 0.07795707
27363, 0.07795723
27364, 0.07795740
27365, 0.07795757
27366, 0.07795773
27367, 0.07795790
27368, 0.07795807
27369, 0.07795823
27370, 0.07795840
27371, 0.07795857
27372, 0.07795873
27373, 0.07795890
27374, 0.07795907
27375, 0.07795923
27376, 0.07795940
27377, 0.07795957
27378, 0.07795973
27379, 0.07795990
27380, 0.07796007
27381, 0.07796023
27382, 0.07796040
27383, 0.07796070
27384, 0.07796087
27385, 0.07796103
27386, 0.07796120
27387, 0.07796137
27388, 0.07796153
27389, 0.07796170
27390, 0.07796187
27391, 0.07796204
27392, 0.07796221
27393, 0.07796237
27394, 0.07796254
27395, 0.07796271
27396, 0.07796287
27397, 0.07796304
27398, 0.07796321
27399, 0.07796337
27400, 0.07796354
27401, 0.07796371
27402, 0.07796387
27403, 0.07796404
27404, 0.07796421
27405, 0.07796437
27406, 0.07796454
27407, 0.07796471
27408, 0.07796487
27409, 0.07796504
27410, 0.07796521
27411, 0.07796537
27412, 0.07796554
27413, 0.07796571
27414, 0.07796588
27415, 0.07796604
27416, 0.07796621
27417, 0.07796638
27418, 0.07796654
27419, 0.07796671
27420, 0.07796687
27421, 0.07796704
27422, 0.07796721
27423, 0.07796737
27424, 0.07796754
27425, 0.07796771
27426, 0.07796788
27427, 0.07796804
27428, 0.07796821
27429, 0.07796838
27430, 0.07796855
27431, 0.07796877
27432, 0.07796904
27433, 0.07796921
27434, 0.07796938
27435, 0.07796954
27436, 0.07796971
27437, 0.07796988
27438, 0.07797005
27439, 0.07797022
27440, 0.07797039
27441, 0.07797056
27442, 0.07797073
27443, 0.07797090
27444, 0.07797106
27445, 0.07797129
27446, 0.07797146
27447, 0.07797162
27448, 0.07797179
27449, 0.07797196
27450, 0.07797213
27451, 0.07797229
27452, 0.07797246
27453, 0.07797263
27454, 0.07797280
27455, 0.07797297
27456, 0.07797313
27457, 0.07797330
27458, 0.07797347
27459, 0.07797364
27460, 0.07797380
27461, 0.07797397
27462, 0.07797414
27463, 0.07797430
27464, 0.07797447
27465, 0.07797464
27466, 0.07797480
27467, 0.07797497
27468, 0.07797514
27469, 0.07797530
27470, 0.07797547
27471, 0.07797564
27472, 0.07797582
27473, 0.07797846
27474, 0.07797864
27475, 0.07797882
27476, 0.07797900
27477, 0.07797917
27478, 0.07797933
27479, 0.07797950
27480, 0.07797967
27481, 0.07797984
27482, 0.07798001
27483, 0.07798017
27484, 0.07798034
27485, 0.07798051
27486, 0.07798067
27487, 0.07798084
27488, 0.07798101
27489, 0.07798117
27490, 0.07798134
27491, 0.07798150
27492, 0.07798167
27493, 0.07798184
27494, 0.07798200
27495, 0.07798217
27496, 0.07798234
27497, 0.07798251
27498, 0.07798268
27499, 0.07798285
27500, 0.07798301
27501, 0.07798318
27502, 0.07798335
27503, 0.07798352
27504, 0.07798369
27505, 0.07798385
27506, 0.07798402
27507, 0.07798419
27508, 0.07798436
27509, 0.07798453
27510, 0.07798470
27511, 0.07798487
27512, 0.07798504
27513, 0.07798521
27514, 0.07798538
27515, 0.07798554
27516, 0.07798571
27517, 0.07798588
27518, 0.07798605
27519, 0.07798622
27520, 0.07798639
27521, 0.07798656
27522, 0.07798673
27523, 0.07798689
27524, 0.07798706
27525, 0.07798723
27526, 0.07798740
27527, 0.07798757
27528, 0.07798773
27529, 0.07798790
27530, 0.07798807
27531, 0.07798824
27532, 0.07798841
27533, 0.07798857
27534, 0.07798874
27535, 0.07798891
27536, 0.07798907
27537, 0.07798924
27538, 0.07798941
27539, 0.07798958
27540, 0.07798975
27541, 0.07798992
27542, 0.07799008
27543, 0.07799025
27544, 0.07799042
27545, 0.07799065
27546, 0.07799082
27547, 0.07799099
27548, 0.07799115
27549, 0.07799132
27550, 0.07799149
27551, 0.07799166
27552, 0.07799182
27553, 0.07799199
27554, 0.07799216
27555, 0.07799233
27556, 0.07799249
27557, 0.07799266
27558, 0.07799283
27559, 0.07799300
27560, 0.07799317
27561, 0.07799333
27562, 0.07799350
27563, 0.07799370
27564, 0.07799387
27565, 0.07799404
27566, 0.07799420
27567, 0.07799437
27568, 0.07799454
27569, 0.07799471
27570, 0.07799488
27571, 0.07799504
27572, 0.07799521
27573, 0.07799538
27574, 0.07799555
27575, 0.07799572
27576, 0.07799589
27577, 0.07799605
27578, 0.07799622
27579, 0.07799639
27580, 0.07799656
27581, 0.07799672
27582, 0.07799689
27583, 0.07799706
27584, 0.07799723
27585, 0.07799740
27586, 0.07799756
27587, 0.07799773
27588, 0.07799790
27589, 0.07799807
27590, 0.07799824
27591, 0.07799841
27592, 0.07799858
27593, 0.07799874
27594, 0.07799891
27595, 0.07799908
27596, 0.07799925
27597, 0.07799942
27598, 0.07799960
27599, 0.07800192
27600, 0.07800209
27601, 0.07800227
27602, 0.07800244
27603, 0.07800260
27604, 0.07800277
27605, 0.07800294
27606, 0.07800311
27607, 0.07800327
27608, 0.07800344
27609, 0.07800361
27610, 0.07800378
27611, 0.07800395
27612, 0.07800412
27613, 0.07800429
27614, 0.07800445
27615, 0.07800462
27616, 0.07800479
27617, 0.07800496
27618, 0.07800512
27619, 0.07800529
27620, 0.07800546
27621, 0.07800563
27622, 0.07800580
27623, 0.07800597
27624, 0.07800613
27625, 0.07800630
27626, 0.07800647
27627, 0.07800664
27628, 0.07800681
27629, 0.07800697
27630, 0.07800714
27631, 0.07800731
27632, 0.07800748
27633, 0.07800764
27634, 0.07800781
27635, 0.07800798
27636, 0.07800815
27637, 0.07800832
27638, 0.07800848
27639, 0.07800865
27640, 0.07800882
27641, 0.07800898
27642, 0.07800915
27643, 0.07800932
27644, 0.07800949
27645, 0.07800966
27646, 0.07800982
27647, 0.07800999
27648, 0.07801016
27649, 0.07801033
27650, 0.07801050
27651, 0.07801066
27652, 0.07801083
27653, 0.07801100
27654, 0.07801117
27655, 0.07801142
27656, 0.07801158
27657, 0.07801175
27658, 0.07801192
27659, 0.07801209
27660, 0.07801226
27661, 0.07801243
27662, 0.07801260
27663, 0.07801284
27664, 0.07801301
27665, 0.07801318
27666, 0.07801335
27667, 0.07801351
27668, 0.07801368
27669, 0.07801385
27670, 0.07801402
27671, 0.07801427
27672, 0.07801444
27673, 0.07801460
27674, 0.07801477
27675, 0.07801494
27676, 0.07801511
27677, 0.07801528
27678, 0.07801545
27679, 0.07801570
27680, 0.07801587
27681, 0.07801604
27682, 0.07801621
27683, 0.07801638
27684, 0.07801655
27685, 0.07801672
27686, 0.07801688
27687, 0.07801713
27688, 0.07801730
27689, 0.07801747
27690, 0.07801764
27691, 0.07801781
27692, 0.07801798
27693, 0.07801816
27694, 0.07801833
27695, 0.07801858
27696, 0.07801875
27697, 0.07801892
27698, 0.07801909
27699, 0.07801925
27700, 0.07801942
27701, 0.07801959
27702, 0.07801976
27703, 0.07802001
27704, 0.07802018
27705, 0.07802035
27706, 0.07802052
27707, 0.07802069
27708, 0.07802085
27709, 0.07802102
27710, 0.07802119
27711, 0.07802150
27712, 0.07802167
27713, 0.07802184
27714, 0.07802201
27715, 0.07802217
27716, 0.07802235
27717, 0.07802252
27718, 0.07802268
27719, 0.07802286
27720, 0.07802302
27721, 0.07802319
27722, 0.07802336
27723, 0.07802353
27724, 0.07802371
27725, 0.07802587
27726, 0.07802605
27727, 0.07802622
27728, 0.07802639
27729, 0.07802662
27730, 0.07802679
27731, 0.07802695
27732, 0.07802712
27733, 0.07802729
27734, 0.07802746
27735, 0.07802763
27736, 0.07802780
27737, 0.07802796
27738, 0.07802814
27739, 0.07802830
27740, 0.07802847
27741, 0.07802864
27742, 0.07802881
27743, 0.07802897
27744, 0.07802914
27745, 0.07802931
27746, 0.07802947
27747, 0.07802964
27748, 0.07802981
27749, 0.07802997
27750, 0.07803014
27751, 0.07803031
27752, 0.07803047
27753, 0.07803064
27754, 0.07803081
27755, 0.07803097
27756, 0.07803114
27757, 0.07803131
27758, 0.07803147
27759, 0.07803164
27760, 0.07803181
27761, 0.07803198
27762, 0.07803215
27763, 0.07803231
27764, 0.07803248
27765, 0.07803265
27766, 0.07803282
27767, 0.07803299
27768, 0.07803316
27769, 0.07803333
27770, 0.07803350
27771, 0.07803366
27772, 0.07803384
27773, 0.07803401
27774, 0.07803417
27775, 0.07803434
27776, 0.07803451
27777, 0.07803468
27778, 0.07803485
27779, 0.07803502
27780, 0.07803519
27781, 0.07803535
27782, 0.07803552
27783, 0.07803569
27784, 0.07803585
27785, 0.07803602
27786, 0.07803619
27787, 0.07803636
27788, 0.07803652
27789, 0.07803669
27790, 0.07803686
27791, 0.07803703
27792, 0.07803720
27793, 0.07803737
27794, 0.07803753
27795, 0.07803770
27796, 0.07803787
27797, 0.07803804
27798, 0.07803821
27799, 0.07803837
27800, 0.07803854
27801, 0.07803871
27802, 0.07803888
27803, 0.07803919
27804, 0.07803936
27805, 0.07803952
27806, 0.07803969
27807, 0.07803986
27808, 0.07804003
27809, 0.07804019
27810, 0.07804036
27811, 0.07804053
27812, 0.07804070
27813, 0.07804086
27814, 0.07804103
27815, 0.07804120
27816, 0.07804137
27817, 0.07804154
27818, 0.07804171
27819, 0.07804188
27820, 0.07804205
27821, 0.07804222
27822, 0.07804238
27823, 0.07804255
27824, 0.07804272
27825, 0.07804289
27826, 0.07804306
27827, 0.07804323
27828, 0.07804339
27829, 0.07804356
27830, 0.07804373
27831, 0.07804390
27832, 0.07804407
27833, 0.07804424
27834, 0.07804440
27835, 0.07804457
27836, 0.07804474
27837, 0.07804491
27838, 0.07804508
27839, 0.07804524
27840, 0.07804541
27841, 0.07804558
27842, 0.07804575
27843, 0.07804592
27844, 0.07804609
27845, 0.07804626
27846, 0.07804643
27847, 0.07804659
27848, 0.07804676
27849, 0.07804693
27850, 0.07804711
27851, 0.07804953
27852, 0.07804972
27853, 0.07804989
27854, 0.07805006
27855, 0.07805028
27856, 0.07805045
27857, 0.07805061
27858, 0.07805078
27859, 0.07805095
27860, 0.07805112
27861, 0.07805128
27862, 0.07805145
27863, 0.07805162
27864, 0.07805179
27865, 0.07805195
27866, 0.07805212
27867, 0.07805229
27868, 0.07805246
27869, 0.07805262
27870, 0.07805279
27871, 0.07805296
27872, 0.07805312
27873, 0.07805329
27874, 0.07805346
27875, 0.07805363
27876, 0.07805379
27877, 0.07805396
27878, 0.07805413
27879, 0.07805430
27880, 0.07805447
27881, 0.07805464
27882, 0.07805480
27883, 0.07805497
27884, 0.07805514
27885, 0.07805530
27886, 0.07805547
27887, 0.07805564
27888, 0.07805581
27889, 0.07805597
27890, 0.07805614
27891, 0.07805631
27892, 0.07805648
27893, 0.07805665
27894, 0.07805681
27895, 0.07805698
27896, 0.07805715
27897, 0.07805732
27898, 0.07805749
27899, 0.07805766
27900, 0.07805783
27901, 0.07805800
27902, 0.07805816
27903, 0.07805833
27904, 0.07805850
27905, 0.07805867
27906, 0.07805884
27907, 0.07805901
27908, 0.07805918
27909, 0.07805934
27910, 0.07805951
27911, 0.07805968
27912, 0.07805985
27913, 0.07806001
27914, 0.07806018
27915, 0.07806035
27916, 0.07806052
27917, 0.07806068
27918, 0.07806085
27919, 0.07806102
27920, 0.07806119
27921, 0.07806135
27922, 0.07806152
27923, 0.07806169
27924, 0.07806185
27925, 0.07806202
27926, 0.07806219
27927, 0.07806236
27928, 0.07806253
27929, 0.07806270
27930, 0.07806287
27931, 0.07806303
27932, 0.07806336
27933, 0.07806353
27934, 0.07806370
27935, 0.07806387
27936, 0.07806404
27937, 0.07806421
27938, 0.07806437
27939, 0.07806454
27940, 0.07806471
27941, 0.07806488
27942, 0.07806506
27943, 0.07806523
27944, 0.07806540
27945, 0.07806557
27946, 0.07806574
27947, 0.07806591
27948, 0.07806608
27949, 0.07806626
27950, 0.07806643
27951, 0.07806660
27952, 0.07806677
27953, 0.07806694
27954, 0.07806711
27955, 0.07806729
27956, 0.07806746
27957, 0.07806763
27958, 0.07806780
27959, 0.07806797
27960, 0.07806814
27961, 0.07806832
27962, 0.07806849
27963, 0.07806866
27964, 0.07806883
27965, 0.07806900
27966, 0.07806918
27967, 0.07806935
27968, 0.07806952
27969, 0.07806969
27970, 0.07806986
27971, 0.07807004
27972, 0.07807021
27973, 0.07807038
27974, 0.07807055
27975, 0.07807072
27976, 0.07807091
27977, 0.07807332
27978, 0.07807351
27979, 0.07807369
27980, 0.07807385
27981, 0.07807403
27982, 0.07807421
27983, 0.07807439
27984, 0.07807457
27985, 0.07807474
27986, 0.07807491
27987, 0.07807507
27988, 0.07807531
27989, 0.07807548
27990, 0.07807564
27991, 0.07807581
27992, 0.07807598
27993, 0.07807615
27994, 0.07807631
27995, 0.07807648
27996, 0.07807664
27997, 0.07807681
27998, 0.07807698
27999, 0.07807715
28000, 0.07807732
28001, 0.07807748
28002, 0.07807765
28003, 0.07807781
28004, 0.07807798
28005, 0.07807815
28006, 0.07807831
28007, 0.07807848
28008, 0.07807865
28009, 0.07807881
28010, 0.07807898
28011, 0.07807914
28012, 0.07807931
28013, 0.07807947
28014, 0.07807964
28015, 0.07807981
28016, 0.07807998
28017, 0.07808014
28018, 0.07808031
28019, 0.07808048
28020, 0.07808064
28021, 0.07808081
28022, 0.07808098
28023, 0.07808115
28024, 0.07808132
28025, 0.07808149
28026, 0.07808166
28027, 0.07808183
28028, 0.07808200
28029, 0.07808217
28030, 0.07808234
28031, 0.07808251
28032, 0.07808268
28033, 0.07808285
28034, 0.07808302
28035, 0.07808318
28036, 0.07808335
28037, 0.07808352
28038, 0.07808368
28039, 0.07808385
28040, 0.07808402
28041, 0.07808418
28042, 0.07808435
28043, 0.07808452
28044, 0.07808469
28045, 0.07808485
28046, 0.07808502
28047, 0.07808519
28048, 0.07808536
28049, 0.07808552
28050, 0.07808569
28051, 0.07808586
28052, 0.07808602
28053, 0.07808619
28054, 0.07808635
28055, 0.07808652
28056, 0.07808669
28057, 0.07808685
28058, 0.07808702
28059, 0.07808719
28060, 0.07808735
28061, 0.07808752
28062, 0.07808769
28063, 0.07808786
28064, 0.07808802
28065, 0.07808819
28066, 0.07808836
28067, 0.07808853
28068, 0.07808869
28069, 0.07808886
28070, 0.07808903
28071, 0.07808920
28072, 0.07808937
28073, 0.07808954
28074, 0.07808971
28075, 0.07808988
28076, 0.07809005
28077, 0.07809022
28078, 0.07809039
28079, 0.07809056
28080, 0.07809073
28081, 0.07809090
28082, 0.07809107
28083, 0.07809124
28084, 0.07809141
28085, 0.07809158
28086, 0.07809175
28087, 0.07809192
28088, 0.07809209
28089, 0.07809226
28090, 0.07809243
28091, 0.07809259
28092, 0.07809276
28093, 0.07809293
28094, 0.07809310
28095, 0.07809326
28096, 0.07809343
28097, 0.07809360
28098, 0.07809376
28099, 0.07809393
28100, 0.07809410
28101, 0.07809426
28102, 0.07809444
28103, 0.07809934
28104, 0.07809960
28105, 0.07809978
28106, 0.07809995
28107, 0.07810013
28108, 0.07810030
28109, 0.07810047
28110, 0.07810064
28111, 0.07810081
28112, 0.07810098
28113, 0.07810114
28114, 0.07810131
28115, 0.07810148
28116, 0.07810165
28117, 0.07810182
28118, 0.07810198
28119, 0.07810216
28120, 0.07810232
28121, 0.07810249
28122, 0.07810266
28123, 0.07810283
28124, 0.07810300
28125, 0.07810317
28126, 0.07810333
28127, 0.07810350
28128, 0.07810367
28129, 0.07810384
28130, 0.07810401
28131, 0.07810418
28132, 0.07810435
28133, 0.07810451
28134, 0.07810468
28135, 0.07810485
28136, 0.07810502
28137, 0.07810519
28138, 0.07810536
28139, 0.07810553
28140, 0.07810570
28141, 0.07810586
28142, 0.07810603
28143, 0.07810620
28144, 0.07810637
28145, 0.07810653
28146, 0.07810670
28147, 0.07810687
28148, 0.07810704
28149, 0.07810721
28150, 0.07810738
28151, 0.07810755
28152, 0.07810772
28153, 0.07810789
28154, 0.07810805
28155, 0.07810822
28156, 0.07810839
28157, 0.07810856
28158, 0.07810872
28159, 0.07810889
28160, 0.07810906
28161, 0.07810923
28162, 0.07810939
28163, 0.07810956
28164, 0.07810973
28165, 0.07810990
28166, 0.07811007
28167, 0.07811034
28168, 0.07811050
28169, 0.07811068
28170, 0.07811084
28171, 0.07811101
28172, 0.07811118
28173, 0.07811135
28174, 0.07811151
28175, 0.07811176
28176, 0.07811193
28177, 0.07811210
28178, 0.07811227
28179, 0.07811244
28180, 0.07811261
28181, 0.07811278
28182, 0.07811294
28183, 0.07811319
28184, 0.07811336
28185, 0.07811352
28186, 0.07811369
28187, 0.07811386
28188, 0.07811403
28189, 0.07811420
28190, 0.07811437
28191, 0.07811461
28192, 0.07811479
28193, 0.07811495
28194, 0.07811512
28195, 0.07811529
28196, 0.07811546
28197, 0.07811562
28198, 0.07811579
28199, 0.07811608
28200, 0.07811625
28201, 0.07811641
28202, 0.07811658
28203, 0.07811675
28204, 0.07811691
28205, 0.07811708
28206, 0.07811725
28207, 0.07811782
28208, 0.07811799
28209, 0.07811816
28210, 0.07811833
28211, 0.07811849
28212, 0.07811866
28213, 0.07811883
28214, 0.07811900
28215, 0.07811924
28216, 0.07811941
28217, 0.07811958
28218, 0.07811974
28219, 0.07811991
28220, 0.07812008
28221, 0.07812025
28222, 0.07812042
28223, 0.07812069
28224, 0.07812086
28225, 0.07812103
28226, 0.07812120
28227, 0.07812136
28228, 0.07812154
28229, 0.07812916
28230, 0.07812936
28231, 0.07812954
28232, 0.07812972
28233, 0.07812990
28234, 0.07813008
28235, 0.07813026
28236, 0.07813043
28237, 0.07813061
28238, 0.07813079
28239, 0.07813096
28240, 0.07813112
28241, 0.07813130
28242, 0.07813146
28243, 0.07813163
28244, 0.07813180
28245, 0.07813197
28246, 0.07813214
28247, 0.07813231
28248, 0.07813248
28249, 0.07813265
28250, 0.07813282
28251, 0.07813298
28252, 0.07813315
28253, 0.07813332
28254, 0.07813349
28255, 0.07813366
28256, 0.07813382
28257, 0.07813399
28258, 0.07813416
28259, 0.07813432
28260, 0.07813449
28261, 0.07813466
28262, 0.07813482
28263, 0.07813499
28264, 0.07813516
28265, 0.07813532
28266, 0.07813549
28267, 0.07813566
28268, 0.07813582
28269, 0.07813600
28270, 0.07813617
28271, 0.07813633
28272, 0.07813650
28273, 0.07813667
28274, 0.07813684
28275, 0.07813701
28276, 0.07813718
28277, 0.07813735
28278, 0.07813751
28279, 0.07813768
28280, 0.07813785
28281, 0.07813802
28282, 0.07813819
28283, 0.07813836
28284, 0.07813853
28285, 0.07813870
28286, 0.07813886
28287, 0.07813903
28288, 0.07813920
28289, 0.07813937
28290, 0.07813954
28291, 0.07813971
28292, 0.07813988
28293, 0.07814005
28294, 0.07814022
28295, 0.07814039
28296, 0.07814056
28297, 0.07814073
28298, 0.07814090
28299, 0.07814106
28300, 0.07814123
28301, 0.07814140
28302, 0.07814157
28303, 0.07814174
28304, 0.07814191
28305, 0.07814208
28306, 0.07814225
28307, 0.07814241
28308, 0.07814264
28309, 0.07814281
28310, 0.07814298
28311, 0.07814315
28312, 0.07814331
28313, 0.07814348
28314, 0.07814365
28315, 0.07814382
28316, 0.07814398
28317, 0.07814415
28318, 0.07814432
28319, 0.07814449
28320, 0.07814465
28321, 0.07814483
28322, 0.07814500
28323, 0.07814524
28324, 0.07814541
28325, 0.07814558
28326, 0.07814575
28327, 0.07814592
28328, 0.07814609
28329, 0.07814626
28330, 0.07814643
28331, 0.07814660
28332, 0.07814677
28333, 0.07814694
28334, 0.07814711
28335, 0.07814728
28336, 0.07814745
28337, 0.07814763
28338, 0.07814780
28339, 0.07814797
28340, 0.07814813
28341, 0.07814830
28342, 0.07814847
28343, 0.07814864
28344, 0.07814881
28345, 0.07814898
28346, 0.07814915
28347, 0.07814932
28348, 0.07814949
28349, 0.07814966
28350, 0.07814983
28351, 0.07815000
28352, 0.07815017
28353, 0.07815034
28354, 0.07815052
28355, 0.07815307
28356, 0.07815327
28357, 0.07815345
28358, 0.07815363
28359, 0.07815381
28360, 0.07815399
28361, 0.07815416
28362, 0.07815433
28363, 0.07815450
28364, 0.07815467
28365, 0.07815484
28366, 0.07815500
28367, 0.07815517
28368, 0.07815534
28369, 0.07815551
28370, 0.07815568
28371, 0.07815585
28372, 0.07815602
28373, 0.07815618
28374, 0.07815635
28375, 0.07815652
28376, 0.07815669
28377, 0.07815686
28378, 0.07815704
28379, 0.07815721
28380, 0.07815738
28381, 0.07815754
28382, 0.07815771
28383, 0.07815788
28384, 0.07815805
28385, 0.07815821
28386, 0.07815838
28387, 0.07815855
28388, 0.07815872
28389, 0.07815889
28390, 0.07815906
28391, 0.07815923
28392, 0.07815939
28393, 0.07815956
28394, 0.07815973
28395, 0.07815990
28396, 0.07816007
28397, 0.07816024
28398, 0.07816041
28399, 0.07816057
28400, 0.07816074
28401, 0.07816091
28402, 0.07816108
28403, 0.07816125
28404, 0.07816141
28405, 0.07816158
28406, 0.07816175
28407, 0.07816192
28408, 0.07816209
28409, 0.07816225
28410, 0.07816242
28411, 0.07816259
28412, 0.07816276
28413, 0.07816293
28414, 0.07816309
28415, 0.07816326
28416, 0.07816343
28417, 0.07816360
28418, 0.07816376
28419, 0.07816393
28420, 0.07816410
28421, 0.07816426
28422, 0.07816443
28423, 0.07816460
28424, 0.07816477
28425, 0.07816493
28426, 0.07816510
28427, 0.07816527
28428, 0.07816544
28429, 0.07816561
28430, 0.07816578
28431, 0.07816594
28432, 0.07816611
28433, 0.07816628
28434, 0.07816645
28435, 0.07816661
28436, 0.07816678
28437, 0.07816695
28438, 0.07816712
28439, 0.07816728
28440, 0.07816745
28441, 0.07816762
28442, 0.07816779
28443, 0.07816795
28444, 0.07816813
28445, 0.07816840
28446, 0.07816857
28447, 0.07816874
28448, 0.07816890
28449, 0.07816907
28450, 0.07816924
28451, 0.07816941
28452, 0.07816958
28453, 0.07816975
28454, 0.07816992
28455, 0.07817009
28456, 0.07817026
28457, 0.07817042
28458, 0.07817065
28459, 0.07817082
28460, 0.07817099
28461, 0.07817116
28462, 0.07817133
28463, 0.07817149
28464, 0.07817166
28465, 0.07817183
28466, 0.07817200
28467, 0.07817217
28468, 0.07817234
28469, 0.07817251
28470, 0.07817267
28471, 0.07817284
28472, 0.07817301
28473, 0.07817318
28474, 0.07817335
28475, 0.07817351
28476, 0.07817368
28477, 0.07817385
28478, 0.07817402
28479, 0.07817419
28480, 0.07817437
28481, 0.07817668
28482, 0.07817687
28483, 0.07817705
28484, 0.07817722
28485, 0.07817739
28486, 0.07817756
28487, 0.07817774
28488, 0.07817791
28489, 0.07817808
28490, 0.07817825
28491, 0.07817842
28492, 0.07817859
28493, 0.07817876
28494, 0.07817893
28495, 0.07817911
28496, 0.07817929
28497, 0.07817947
28498, 0.07817965
28499, 0.07817982
28500, 0.07817999
28501, 0.07818016
28502, 0.07818033
28503, 0.07818050
28504, 0.07818067
28505, 0.07818083
28506, 0.07818101
28507, 0.07818117
28508, 0.07818134
28509, 0.07818157
28510, 0.07818174
28511, 0.07818191
28512, 0.07818209
28513, 0.07818227
28514, 0.07818245
28515, 0.07818262
28516, 0.07818280
28517, 0.07818298
28518, 0.07818315
28519, 0.07818332
28520, 0.07818349
28521, 0.07818366
28522, 0.07818382
28523, 0.07818399
28524, 0.07818416
28525, 0.07818433
28526, 0.07818450
28527, 0.07818467
28528, 0.07818484
28529, 0.07818501
28530, 0.07818518
28531, 0.07818540
28532, 0.07818557
28533, 0.07818574
28534, 0.07818591
28535, 0.07818607
28536, 0.07818624
28537, 0.07818641
28538, 0.07818658
28539, 0.07818675
28540, 0.07818692
28541, 0.07818709
28542, 0.07818725
28543, 0.07818742
28544, 0.07818759
28545, 0.07818776
28546, 0.07818793
28547, 0.07818810
28548, 0.07818827
28549, 0.07818844
28550, 0.07818861
28551, 0.07818878
28552, 0.07818894
28553, 0.07818911
28554, 0.07818928
28555, 0.07818953
28556, 0.07818970
28557, 0.07818987
28558, 0.07819004
28559, 0.07819021
28560, 0.07819038
28561, 0.07819055
28562, 0.07819072
28563, 0.07819089
28564, 0.07819106
28565, 0.07819123
28566, 0.07819139
28567, 0.07819156
28568, 0.07819180
28569, 0.07819197
28570, 0.07819214
28571, 0.07819230
28572, 0.07819247
28573, 0.07819264
28574, 0.07819281
28575, 0.07819297
28576, 0.07819314
28577, 0.07819331
28578, 0.07819354
28579, 0.07819371
28580, 0.07819388
28581, 0.07819404
28582, 0.07819421
28583, 0.07819438
28584, 0.07819455
28585, 0.07819471
28586, 0.07819488
28587, 0.07819505
28588, 0.07819522
28589, 0.07819539
28590, 0.07819556
28591, 0.07819573
28592, 0.07819590
28593, 0.07819607
28594, 0.07819624
28595, 0.07819640
28596, 0.07819657
28597, 0.07819674
28598, 0.07819698
28599, 0.07819715
28600, 0.07819738
28601, 0.07819755
28602, 0.07819772
28603, 0.07819789
28604, 0.07819806
28605, 0.07819823
28606, 0.07819841
28607, 0.07820077
28608, 0.07820097
28609, 0.07820115
28610, 0.07820132
28611, 0.07820149
28612, 0.07820166
28613, 0.07820183
28614, 0.07820200
28615, 0.07820217
28616, 0.07820234
28617, 0.07820250
28618, 0.07820267
28619, 0.07820284
28620, 0.07820302
28621, 0.07820319
28622, 0.07820336
28623, 0.07820353
28624, 0.07820370
28625, 0.07820387
28626, 0.07820404
28627, 0.07820420
28628, 0.07820437
28629, 0.07820454
28630, 0.07820470
28631, 0.07820487
28632, 0.07820504
28633, 0.07820521
28634, 0.07820538
28635, 0.07820555
28636, 0.07820572
28637, 0.07820589
28638, 0.07820606
28639, 0.07820623
28640, 0.07820640
28641, 0.07820657
28642, 0.07820674
28643, 0.07820691
28644, 0.07820708
28645, 0.07820725
28646, 0.07820742
28647, 0.07820759
28648, 0.07820776
28649, 0.07820793
28650, 0.07820809
28651, 0.07820826
28652, 0.07820845
28653, 0.07820862
28654, 0.07820879
28655, 0.07820896
28656, 0.07820912
28657, 0.07820929
28658, 0.07820946
28659, 0.07820969
28660, 0.07820986
28661, 0.07821003
28662, 0.07821020
28663, 0.07821037
28664, 0.07821053
28665, 0.07821071
28666, 0.07821087
28667, 0.07821106
28668, 0.07821123
28669, 0.07821140
28670, 0.07821157
28671, 0.07821181
28672, 0.07821198
28673, 0.07821215
28674, 0.07821232
28675, 0.07821249
28676, 0.07821266
28677, 0.07821282
28678, 0.07821299
28679, 0.07821324
28680, 0.07821340
28681, 0.07821358
28682, 0.07821374
28683, 0.07821391
28684, 0.07821408
28685, 0.07821425
28686, 0.07821442
28687, 0.07821466
28688, 0.07821483
28689, 0.07821500
28690, 0.07821517
28691, 0.07821534
28692, 0.07821551
28693, 0.07821568
28694, 0.07821585
28695, 0.07821616
28696, 0.07821633
28697, 0.07821651
28698, 0.07821670
28699, 0.07821690
28700, 0.07821707
28701, 0.07821724
28702, 0.07821741
28703, 0.07821768
28704, 0.07821784
28705, 0.07821801
28706, 0.07821818
28707, 0.07821837
28708, 0.07821854
28709, 0.07821871
28710, 0.07821888
28711, 0.07821914
28712, 0.07821930
28713, 0.07821947
28714, 0.07821964
28715, 0.07821981
28716, 0.07821998
28717, 0.07822017
28718, 0.07822034
28719, 0.07822057
28720, 0.07822074
28721, 0.07822091
28722, 0.07822107
28723, 0.07822124
28724, 0.07822141
28725, 0.07822158
28726, 0.07822175
28727, 0.07822199
28728, 0.07822215
28729, 0.07822232
28730, 0.07822249
28731, 0.07822266
28732, 0.07822284
28733, 0.07822510
28734, 0.07822529
28735, 0.07822554
28736, 0.07822572
28737, 0.07822589
28738, 0.07822606
28739, 0.07822623
28740, 0.07822639
28741, 0.07822656
28742, 0.07822673
28743, 0.07822722
28744, 0.07822739
28745, 0.07822756
28746, 0.07822773
28747, 0.07822790
28748, 0.07822806
28749, 0.07822823
28750, 0.07822840
28751, 0.07822856
28752, 0.07822873
28753, 0.07822890
28754, 0.07822906
28755, 0.07822923
28756, 0.07822940
28757, 0.07822957
28758, 0.07822973
28759, 0.07822990
28760, 0.07823007
28761, 0.07823023
28762, 0.07823040
28763, 0.07823057
28764, 0.07823074
28765, 0.07823091
28766, 0.07823107
28767, 0.07823124
28768, 0.07823141
28769, 0.07823158
28770, 0.07823175
28771, 0.07823191
28772, 0.07823208
28773, 0.07823225
28774, 0.07823242
28775, 0.07823259
28776, 0.07823275
28777, 0.07823292
28778, 0.07823309
28779, 0.07823326
28780, 0.07823342
28781, 0.07823359
28782, 0.07823376
28783, 0.07823393
28784, 0.07823409
28785, 0.07823426
28786, 0.07823443
28787, 0.07823460
28788, 0.07823477
28789, 0.07823494
28790, 0.07823511
28791, 0.07823528
28792, 0.07823545
28793, 0.07823562
28794, 0.07823579
28795, 0.07823595
28796, 0.07823612
28797, 0.07823629
28798, 0.07823645
28799, 0.07823662
28800, 0.07823679
28801, 0.07823696
28802, 0.07823713
28803, 0.07823730
28804, 0.07823747
28805, 0.07823765
28806, 0.07823782
28807, 0.07823799
28808, 0.07823816
28809, 0.07823833
28810, 0.07823850
28811, 0.07823866
28812, 0.07823889
28813, 0.07823915
28814, 0.07823932
28815, 0.07823949
28816, 0.07823966
28817, 0.07823983
28818, 0.07824000
28819, 0.07824017
28820, 0.07824033
28821, 0.07824050
28822, 0.07824067
28823, 0.07824084
28824, 0.07824101
28825, 0.07824118
28826, 0.07824135
28827, 0.07824153
28828, 0.07824170
28829, 0.07824187
28830, 0.07824210
28831, 0.07824227
28832, 0.07824244
28833, 0.07824261
28834, 0.07824277
28835, 0.07824294
28836, 0.07824311
28837, 0.07824328
28838, 0.07824344
28839, 0.07824372
28840, 0.07824389
28841, 0.07824405
28842, 0.07824422
28843, 0.07824441
28844, 0.07824457
28845, 0.07824474
28846, 0.07824491
28847, 0.07824507
28848, 0.07824524
28849, 0.07824541
28850, 0.07824558
28851, 0.07824574
28852, 0.07824592
28853, 0.07824610
28854, 0.07824627
28855, 0.07824645
28856, 0.07824663
28857, 0.07824680
28858, 0.07824699
28859, 0.07824930
28860, 0.07824956
28861, 0.07824975
28862, 0.07824992
28863, 0.07825011
28864, 0.07825029
28865, 0.07825046
28866, 0.07825063
28867, 0.07825081
28868, 0.07825097
28869, 0.07825114
28870, 0.07825131
28871, 0.07825148
28872, 0.07825165
28873, 0.07825182
28874, 0.07825199
28875, 0.07825216
28876, 0.07825233
28877, 0.07825250
28878, 0.07825267
28879, 0.07825284
28880, 0.07825301
28881, 0.07825318
28882, 0.07825335
28883, 0.07825352
28884, 0.07825369
28885, 0.07825386
28886, 0.07825403
28887, 0.07825419
28888, 0.07825437
28889, 0.07825454
28890, 0.07825471
28891, 0.07825488
28892, 0.07825505
28893, 0.07825522
28894, 0.07825539
28895, 0.07825555
28896, 0.07825572
28897, 0.07825589
28898, 0.07825612
28899, 0.07825629
28900, 0.07825647
28901, 0.07825663
28902, 0.07825680
28903, 0.07825697
28904, 0.07825714
28905, 0.07825731
28906, 0.07825748
28907, 0.07825765
28908, 0.07825782
28909, 0.07825799
28910, 0.07825816
28911, 0.07825833
28912, 0.07825850
28913, 0.07825867
28914, 0.07825884
28915, 0.07825901
28916, 0.07825917
28917, 0.07825934
28918, 0.07825951
28919, 0.07825968
28920, 0.07825985
28921, 0.07826002
28922, 0.07826019
28923, 0.07826036
28924, 0.07826053
28925, 0.07826070
28926, 0.07826087
28927, 0.07826112
28928, 0.07826129
28929, 0.07826146
28930, 0.07826163
28931, 0.07826180
28932, 0.07826197
28933, 0.07826214
28934, 0.07826231
28935, 0.07826248
28936, 0.07826265
28937, 0.07826282
28938, 0.07826299
28939, 0.07826316
28940, 0.07826333
28941, 0.07826350
28942, 0.07826367
28943, 0.07826392
28944, 0.07826409
28945, 0.07826426
28946, 0.07826443
28947, 0.07826460
28948, 0.07826477
28949, 0.07826494
28950, 0.07826511
28951, 0.07826528
28952, 0.07826545
28953, 0.07826562
28954, 0.07826579
28955, 0.07826596
28956, 0.07826613
28957, 0.07826630
28958, 0.07826647
28959, 0.07826664
28960, 0.07826681
28961, 0.07826697
28962, 0.07826715
28963, 0.07826732
28964, 0.07826749
28965, 0.07826765
28966, 0.07826782
28967, 0.07826799
28968, 0.07826816
28969, 0.07826833
28970, 0.07826850
28971, 0.07826867
28972, 0.07826884
28973, 0.07826900
28974, 0.07826917
28975, 0.07826934
28976, 0.07826951
28977, 0.07826969
28978, 0.07826993
28979, 0.07827010
28980, 0.07827027
28981, 0.07827043
28982, 0.07827060
28983, 0.07827077
28984, 0.07827095
28985, 0.07827328
28986, 0.07827348
28987, 0.07827366
28988, 0.07827390
28989, 0.07827408
28990, 0.07827426
28991, 0.07827443
28992, 0.07827460
28993, 0.07827477
28994, 0.07827494
28995, 0.07827511
28996, 0.07827529
28997, 0.07827545
28998, 0.07827562
28999, 0.07827579
29000, 0.07827596
29001, 0.07827613
29002, 0.07827631
29003, 0.07827648
29004, 0.07827665
29005, 0.07827682
29006, 0.07827699
29007, 0.07827715
29008, 0.07827732
29009, 0.07827750
29010, 0.07827767
29011, 0.07827785
29012, 0.07827803
29013, 0.07827820
29014, 0.07827838
29015, 0.07827855
29016, 0.07827872
29017, 0.07827889
29018, 0.07827905
29019, 0.07827922
29020, 0.07827940
29021, 0.07827957
29022, 0.07827973
29023, 0.07827990
29024, 0.07828007
29025, 0.07828024
29026, 0.07828041
29027, 0.07828058
29028, 0.07828074
29029, 0.07828091
29030, 0.07828108
29031, 0.07828124
29032, 0.07828141
29033, 0.07828158
29034, 0.07828175
29035, 0.07828192
29036, 0.07828209
29037, 0.07828226
29038, 0.07828243
29039, 0.07828260
29040, 0.07828277
29041, 0.07828300
29042, 0.07828317
29043, 0.07828334
29044, 0.07828351
29045, 0.07828368
29046, 0.07828386
29047, 0.07828403
29048, 0.07828421
29049, 0.07828438
29050, 0.07828455
29051, 0.07828473
29052, 0.07828490
29053, 0.07828507
29054, 0.07828524
29055, 0.07828541
29056, 0.07828558
29057, 0.07828575
29058, 0.07828592
29059, 0.07828609
29060, 0.07828626
29061, 0.07828644
29062, 0.07828660
29063, 0.07828678
29064, 0.07828694
29065, 0.07828712
29066, 0.07828729
29067, 0.07828746
29068, 0.07828763
29069, 0.07828780
29070, 0.07828797
29071, 0.07828814
29072, 0.07828831
29073, 0.07828848
29074, 0.07828865
29075, 0.07828882
29076, 0.07828899
29077, 0.07828916
29078, 0.07828933
29079, 0.07828950
29080, 0.07828968
29081, 0.07828985
29082, 0.07829002
29083, 0.07829019
29084, 0.07829036
29085, 0.07829053
29086, 0.07829070
29087, 0.07829087
29088, 0.07829105
29089, 0.07829122
29090, 0.07829139
29091, 0.07829156
29092, 0.07829173
29093, 0.07829190
29094, 0.07829207
29095, 0.07829224
29096, 0.07829241
29097, 0.07829258
29098, 0.07829275
29099, 0.07829292
29100, 0.07829309
29101, 0.07829326
29102, 0.07829342
29103, 0.07829359
29104, 0.07829376
29105, 0.07829393
29106, 0.07829410
29107, 0.07829427
29108, 0.07829444
29109, 0.07829462
29110, 0.07829480
29111, 0.07829732
29112, 0.07829751
29113, 0.07829769
29114, 0.07829787
29115, 0.07829805
29116, 0.07829823
29117, 0.07829841
29118, 0.07829859
29119, 0.07829876
29120, 0.07829893
29121, 0.07829909
29122, 0.07829926
29123, 0.07829943
29124, 0.07829960
29125, 0.07829977
29126, 0.07829993
29127, 0.07830010
29128, 0.07830027
29129, 0.07830043
29130, 0.07830060
29131, 0.07830077
29132, 0.07830093
29133, 0.07830110
29134, 0.07830126
29135, 0.07830143
29136, 0.07830160
29137, 0.07830176
29138, 0.07830193
29139, 0.07830210
29140, 0.07830226
29141, 0.07830243
29142, 0.07830260
29143, 0.07830277
29144, 0.07830294
29145, 0.07830311
29146, 0.07830328
29147, 0.07830344
29148, 0.07830361
29149, 0.07830378
29150, 0.07830395
29151, 0.07830412
29152, 0.07830429
29153, 0.07830445
29154, 0.07830462
29155, 0.07830479
29156, 0.07830496
29157, 0.07830513
29158, 0.07830530
29159, 0.07830546
29160, 0.07830563
29161, 0.07830580
29162, 0.07830597
29163, 0.07830620
29164, 0.07830636
29165, 0.07830653
29166, 0.07830670
29167, 0.07830686
29168, 0.07830703
29169, 0.07830720
29170, 0.07830736
29171, 0.07830753
29172, 0.07830770
29173, 0.07830786
29174, 0.07830803
29175, 0.07830820
29176, 0.07830837
29177, 0.07830853
29178, 0.07830870
29179, 0.07830887
29180, 0.07830903
29181, 0.07830920
29182, 0.07830937
29183, 0.07830954
29184, 0.07830970
29185, 0.07830987
29186, 0.07831004
29187, 0.07831021
29188, 0.07831037
29189, 0.07831054
29190, 0.07831071
29191, 0.07831095
29192, 0.07831112
29193, 0.07831129
29194, 0.07831145
29195, 0.07831162
29196, 0.07831179
29197, 0.07831196
29198, 0.07831212
29199, 0.07831261
29200, 0.07831278
29201, 0.07831295
29202, 0.07831311
29203, 0.07831328
29204, 0.07831345
29205, 0.07831362
29206, 0.07831379
29207, 0.07831403
29208, 0.07831419
29209, 0.07831436
29210, 0.07831453
29211, 0.07831470
29212, 0.07831486
29213, 0.07831503
29214, 0.07831520
29215, 0.07831544
29216, 0.07831561
29217, 0.07831577
29218, 0.07831594
29219, 0.07831610
29220, 0.07831627
29221, 0.07831653
29222, 0.07831670
29223, 0.07831693
29224, 0.07831710
29225, 0.07831727
29226, 0.07831743
29227, 0.07831760
29228, 0.07831777
29229, 0.07831794
29230, 0.07831810
29231, 0.07831835
29232, 0.07831852
29233, 0.07831868
29234, 0.07831885
29235, 0.07831902
29236, 0.07831920
29237, 0.07832163
29238, 0.07832182
29239, 0.07832206
29240, 0.07832224
29241, 0.07832241
29242, 0.07832258
29243, 0.07832275
29244, 0.07832292
29245, 0.07832309
29246, 0.07832326
29247, 0.07832349
29248, 0.07832366
29249, 0.07832383
29250, 0.07832400
29251, 0.07832417
29252, 0.07832434
29253, 0.07832450
29254, 0.07832467
29255, 0.07832484
29256, 0.07832501
29257, 0.07832517
29258, 0.07832534
29259, 0.07832551
29260, 0.07832568
29261, 0.07832584
29262, 0.07832601
29263, 0.07832618
29264, 0.07832635
29265, 0.07832651
29266, 0.07832668
29267, 0.07832685
29268, 0.07832702
29269, 0.07832719
29270, 0.07832736
29271, 0.07832753
29272, 0.07832769
29273, 0.07832786
29274, 0.07832803
29275, 0.07832820
29276, 0.07832837
29277, 0.07832854
29278, 0.07832871
29279, 0.07832887
29280, 0.07832904
29281, 0.07832921
29282, 0.07832938
29283, 0.07832955
29284, 0.07832972
29285, 0.07832990
29286, 0.07833007
29287, 0.07833025
29288, 0.07833043
29289, 0.07833061
29290, 0.07833078
29291, 0.07833096
29292, 0.07833114
29293, 0.07833132
29294, 0.07833150
29295, 0.07833168
29296, 0.07833185
29297, 0.07833203
29298, 0.07833221
29299, 0.07833239
29300, 0.07833257
29301, 0.07833274
29302, 0.07833292
29303, 0.07833310
29304, 0.07833328
29305, 0.07833346
29306, 0.07833363
29307, 0.07833381
29308, 0.07833399
29309, 0.07833417
29310, 0.07833435
29311, 0.07833453
29312, 0.07833470
29313, 0.07833488
29314, 0.07833506
29315, 0.07833524
29316, 0.07833550
29317, 0.07833567
29318, 0.07833585
29319, 0.07833601
29320, 0.07833618
29321, 0.07833635
29322, 0.07833652
29323, 0.07833669
29324, 0.07833686
29325, 0.07833703
29326, 0.07833720
29327, 0.07833737
29328, 0.07833754
29329, 0.07833772
29330, 0.07833789
29331, 0.07833806
29332, 0.07833823
29333, 0.07833840
29334, 0.07833857
29335, 0.07833875
29336, 0.07833893
29337, 0.07833911
29338, 0.07833928
29339, 0.07833945
29340, 0.07833962
29341, 0.07833978
29342, 0.07833995
29343, 0.07834013
29344, 0.07834030
29345, 0.07834046
29346, 0.07834064
29347, 0.07834080
29348, 0.07834098
29349, 0.07834115
29350, 0.07834131
29351, 0.07834148
29352, 0.07834165
29353, 0.07834182
29354, 0.07834212
29355, 0.07834229
29356, 0.07834246
29357, 0.07834262
29358, 0.07834280
29359, 0.07834298
29360, 0.07834315
29361, 0.07834333
29362, 0.07834352
29363, 0.07834573
29364, 0.07834593
29365, 0.07834617
29366, 0.07834635
29367, 0.07834652
29368, 0.07834668
29369, 0.07834685
29370, 0.07834702
29371, 0.07834719
29372, 0.07834736
29373, 0.07834752
29374, 0.07834769
29375, 0.07834785
29376, 0.07834802
29377, 0.07834819
29378, 0.07834836
29379, 0.07834852
29380, 0.07834869
29381, 0.07834886
29382, 0.07834902
29383, 0.07834919
29384, 0.07834936
29385, 0.07834953
29386, 0.07834969
29387, 0.07834986
29388, 0.07835003
29389, 0.07835020
29390, 0.07835036
29391, 0.07835053
29392, 0.07835069
29393, 0.07835086
29394, 0.07835103
29395, 0.07835126
29396, 0.07835142
29397, 0.07835159
29398, 0.07835176
29399, 0.07835192
29400, 0.07835209
29401, 0.07835232
29402, 0.07835248
29403, 0.07835265
29404, 0.07835281
29405, 0.07835298
29406, 0.07835315
29407, 0.07835331
29408, 0.07835348
29409, 0.07835364
29410, 0.07835381
29411, 0.07835398
29412, 0.07835414
29413, 0.07835431
29414, 0.07835447
29415, 0.07835464
29416, 0.07835481
29417, 0.07835498
29418, 0.07835514
29419, 0.07835531
29420, 0.07835547
29421, 0.07835564
29422, 0.07835580
29423, 0.07835598
29424, 0.07835615
29425, 0.07835632
29426, 0.07835648
29427, 0.07835665
29428, 0.07835682
29429, 0.07835698
29430, 0.07835715
29431, 0.07835732
29432, 0.07835748
29433, 0.07835765
29434, 0.07835782
29435, 0.07835798
29436, 0.07835815
29437, 0.07835832
29438, 0.07835848
29439, 0.07835865
29440, 0.07835882
29441, 0.07835898
29442, 0.07835915
29443, 0.07835932
29444, 0.07835950
29445, 0.07835967
29446, 0.07835984
29447, 0.07836001
29448, 0.07836018
29449, 0.07836034
29450, 0.07836051
29451, 0.07836068
29452, 0.07836085
29453, 0.07836104
29454, 0.07836121
29455, 0.07836139
29456, 0.07836156
29457, 0.07836180
29458, 0.07836197
29459, 0.07836214
29460, 0.07836231
29461, 0.07836248
29462, 0.07836265
29463, 0.07836282
29464, 0.07836299
29465, 0.07836316
29466, 0.07836333
29467, 0.07836350
29468, 0.07836373
29469, 0.07836390
29470, 0.07836406
29471, 0.07836423
29472, 0.07836440
29473, 0.07836456
29474, 0.07836473
29475, 0.07836490
29476, 0.07836507
29477, 0.07836523
29478, 0.07836540
29479, 0.07836557
29480, 0.07836574
29481, 0.07836591
29482, 0.07836607
29483, 0.07836624
29484, 0.07836641
29485, 0.07836658
29486, 0.07836674
29487, 0.07836698
29488, 0.07836716
29489, 0.07836984
29490, 0.07837003
29491, 0.07837020
29492, 0.07837037
29493, 0.07837053
29494, 0.07837070
29495, 0.07837087
29496, 0.07837104
29497, 0.07837121
29498, 0.07837138
29499, 0.07837154
29500, 0.07837171
29501, 0.07837188
29502, 0.07837205
29503, 0.07837222
29504, 0.07837239
29505, 0.07837255
29506, 0.07837272
29507, 0.07837289
29508, 0.07837306
29509, 0.07837323
29510, 0.07837340
29511, 0.07837357
29512, 0.07837373
29513, 0.07837390
29514, 0.07837407
29515, 0.07837424
29516, 0.07837441
29517, 0.07837458
29518, 0.07837474
29519, 0.07837497
29520, 0.07837514
29521, 0.07837531
29522, 0.07837548
29523, 0.07837565
29524, 0.07837581
29525, 0.07837598
29526, 0.07837615
29527, 0.07837632
29528, 0.07837649
29529, 0.07837666
29530, 0.07837683
29531, 0.07837699
29532, 0.07837716
29533, 0.07837733
29534, 0.07837750
29535, 0.07837767
29536, 0.07837784
29537, 0.07837801
29538, 0.07837818
29539, 0.07837835
29540, 0.07837852
29541, 0.07837869
29542, 0.07837886
29543, 0.07837903
29544, 0.07837920
29545, 0.07837937
29546, 0.07837954
29547, 0.07837971
29548, 0.07837988
29549, 0.07838005
29550, 0.07838022
29551, 0.07838039
29552, 0.07838056
29553, 0.07838073
29554, 0.07838090
29555, 0.07838107
29556, 0.07838124
29557, 0.07838141
29558, 0.07838158
29559, 0.07838175
29560, 0.07838192
29561, 0.07838210
29562, 0.07838227
29563, 0.07838243
29564, 0.07838260
29565, 0.07838277
29566, 0.07838294
29567, 0.07838311
29568, 0.07838328
29569, 0.07838344
29570, 0.07838361
29571, 0.07838378
29572, 0.07838395
29573, 0.07838412
29574, 0.07838429
29575, 0.07838445
29576, 0.07838462
29577, 0.07838479
29578, 0.07838496
29579, 0.07838513
29580, 0.07838530
29581, 0.07838547
29582, 0.07838564
29583, 0.07838580
29584, 0.07838597
29585, 0.07838614
29586, 0.07838631
29587, 0.07838648
29588, 0.07838665
29589, 0.07838681
29590, 0.07838699
29591, 0.07838716
29592, 0.07838733
29593, 0.07838749
29594, 0.07838766
29595, 0.07838783
29596, 0.07838800
29597, 0.07838817
29598, 0.07838834
29599, 0.07838850
29600, 0.07838867
29601, 0.07838884
29602, 0.07838901
29603, 0.07838918
29604, 0.07838935
29605, 0.07838952
29606, 0.07838968
29607, 0.07838985
29608, 0.07839002
29609, 0.07839019
29610, 0.07839036
29611, 0.07839053
29612, 0.07839071
29613, 0.07839087
29614, 0.07839105
29615, 0.07839350
29616, 0.07839369
29617, 0.07839386
29618, 0.07839403
29619, 0.07839420
29620, 0.07839437
29621, 0.07839454
29622, 0.07839471
29623, 0.07839488
29624, 0.07839505
29625, 0.07839522
29626, 0.07839539
29627, 0.07839569
29628, 0.07839586
29629, 0.07839603
29630, 0.07839620
29631, 0.07839637
29632, 0.07839654
29633, 0.07839671
29634, 0.07839688
29635, 0.07839704
29636, 0.07839721
29637, 0.07839737
29638, 0.07839754
29639, 0.07839771
29640, 0.07839788
29641, 0.07839805
29642, 0.07839822
29643, 0.07839838
29644, 0.07839855
29645, 0.07839872
29646, 0.07839889
29647, 0.07839906
29648, 0.07839922
29649, 0.07839939
29650, 0.07839956
29651, 0.07839973
29652, 0.07839990
29653, 0.07840008
29654, 0.07840026
29655, 0.07840050
29656, 0.07840068
29657, 0.07840085
29658, 0.07840102
29659, 0.07840119
29660, 0.07840135
29661, 0.07840152
29662, 0.07840176
29663, 0.07840192
29664, 0.07840209
29665, 0.07840226
29666, 0.07840243
29667, 0.07840259
29668, 0.07840276
29669, 0.07840293
29670, 0.07840310
29671, 0.07840326
29672, 0.07840343
29673, 0.07840359
29674, 0.07840376
29675, 0.07840402
29676, 0.07840419
29677, 0.07840436
29678, 0.07840452
29679, 0.07840469
29680, 0.07840486
29681, 0.07840503
29682, 0.07840519
29683, 0.07840536
29684, 0.07840553
29685, 0.07840570
29686, 0.07840586
29687, 0.07840603
29688, 0.07840626
29689, 0.07840642
29690, 0.07840659
29691, 0.07840676
29692, 0.07840693
29693, 0.07840709
29694, 0.07840726
29695, 0.07840743
29696, 0.07840760
29697, 0.07840776
29698, 0.07840793
29699, 0.07840812
29700, 0.07840829
29701, 0.07840846
29702, 0.07840863
29703, 0.07840886
29704, 0.07840904
29705, 0.07840923
29706, 0.07840942
29707, 0.07840961
29708, 0.07840980
29709, 0.07840999
29710, 0.07841016
29711, 0.07841043
29712, 0.07841059
29713, 0.07841076
29714, 0.07841093
29715, 0.07841110
29716, 0.07841127
29717, 0.07841144
29718, 0.07841161
29719, 0.07841185
29720, 0.07841202
29721, 0.07841219
29722, 0.07841236
29723, 0.07841253
29724, 0.07841270
29725, 0.07841286
29726, 0.07841303
29727, 0.07841327
29728, 0.07841344
29729, 0.07841360
29730, 0.07841378
29731, 0.07841394
29732, 0.07841412
29733, 0.07841429
29734, 0.07841447
29735, 0.07841472
29736, 0.07841489
29737, 0.07841507
29738, 0.07841524
29739, 0.07841542
29740, 0.07841560
29741, 0.07841783
29742, 0.07841803
29743, 0.07841827
29744, 0.07841844
29745, 0.07841860
29746, 0.07841877
29747, 0.07841894
29748, 0.07841910
29749, 0.07841927
29750, 0.07841944
29751, 0.07841968
29752, 0.07841985
29753, 0.07842002
29754, 0.07842019
29755, 0.07842036
29756, 0.07842054
29757, 0.07842071
29758, 0.07842089
29759, 0.07842113
29760, 0.07842130
29761, 0.07842147
29762, 0.07842164
29763, 0.07842180
29764, 0.07842197
29765, 0.07842214
29766, 0.07842231
29767, 0.07842248
29768, 0.07842264
29769, 0.07842281
29770, 0.07842297
29771, 0.07842314
29772, 0.07842330
29773, 0.07842347
29774, 0.07842364
29775, 0.07842381
29776, 0.07842397
29777, 0.07842414
29778, 0.07842431
29779, 0.07842447
29780, 0.07842464
29781, 0.07842481
29782, 0.07842497
29783, 0.07842514
29784, 0.07842530
29785, 0.07842547
29786, 0.07842564
29787, 0.07842581
29788, 0.07842597
29789, 0.07842614
29790, 0.07842631
29791, 0.07842648
29792, 0.07842664
29793, 0.07842681
29794, 0.07842698
29795, 0.07842714
29796, 0.07842731
29797, 0.07842748
29798, 0.07842765
29799, 0.07842781
29800, 0.07842798
29801, 0.07842815
29802, 0.07842831
29803, 0.07842848
29804, 0.07842865
29805, 0.07842882
29806, 0.07842898
29807, 0.07842915
29808, 0.07842932
29809, 0.07842948
29810, 0.07842965
29811, 0.07842982
29812, 0.07842998
29813, 0.07843015
29814, 0.07843032
29815, 0.07843049
29816, 0.07843065
29817, 0.07843082
29818, 0.07843099
29819, 0.07843115
29820, 0.07843132
29821, 0.07843148
29822, 0.07843165
29823, 0.07843182
29824, 0.07843199
29825, 0.07843215
29826, 0.07843232
29827, 0.07843249
29828, 0.07843266
29829, 0.07843283
29830, 0.07843299
29831, 0.07843316
29832, 0.07843332
29833, 0.07843349
29834, 0.07843366
29835, 0.07843383
29836, 0.07843400
29837, 0.07843417
29838, 0.07843434
29839, 0.07843451
29840, 0.07843467
29841, 0.07843484
29842, 0.07843501
29843, 0.07843517
29844, 0.07843534
29845, 0.07843551
29846, 0.07843567
29847, 0.07843584
29848, 0.07843601
29849, 0.07843618
29850, 0.07843634
29851, 0.07843651
29852, 0.07843668
29853, 0.07843684
29854, 0.07843701
29855, 0.07843718
29856, 0.07843735
29857, 0.07843751
29858, 0.07843768
29859, 0.07843785
29860, 0.07843801
29861, 0.07843818
29862, 0.07843835
29863, 0.07843851
29864, 0.07843868
29865, 0.07843885
29866, 0.07843902
29867, 0.07844134
29868, 0.07844153
29869, 0.07844170
29870, 0.07844188
29871, 0.07844206
29872, 0.07844223
29873, 0.07844239
29874, 0.07844256
29875, 0.07844272
29876, 0.07844289
29877, 0.07844306
29878, 0.07844323
29879, 0.07844339
29880, 0.07844356
29881, 0.07844373
29882, 0.07844389
29883, 0.07844406
29884, 0.07844423
29885, 0.07844439
29886, 0.07844456
29887, 0.07844473
29888, 0.07844490
29889, 0.07844506
29890, 0.07844523
29891, 0.07844540
29892, 0.07844556
29893, 0.07844573
29894, 0.07844590
29895, 0.07844607
29896, 0.07844623
29897, 0.07844640
29898, 0.07844657
29899, 0.07844674
29900, 0.07844691
29901, 0.07844707
29902, 0.07844724
29903, 0.07844741
29904, 0.07844767
29905, 0.07844784
29906, 0.07844801
29907, 0.07844817
29908, 0.07844834
29909, 0.07844851
29910, 0.07844867
29911, 0.07844884
29912, 0.07844901
29913, 0.07844917
29914, 0.07844934
29915, 0.07844951
29916, 0.07844968
29917, 0.07844984
29918, 0.07845001
29919, 0.07845018
29920, 0.07845034
29921, 0.07845051
29922, 0.07845068
29923, 0.07845084
29924, 0.07845101
29925, 0.07845118
29926, 0.07845135
29927, 0.07845151
29928, 0.07845168
29929, 0.07845185
29930, 0.07845201
29931, 0.07845218
29932, 0.07845235
29933, 0.07845251
29934, 0.07845268
29935, 0.07845284
29936, 0.07845301
29937, 0.07845318
29938, 0.07845335
29939, 0.07845351
29940, 0.07845368
29941, 0.07845385
29942, 0.07845401
29943, 0.07845418
29944, 0.07845435
29945, 0.07845451
29946, 0.07845468
29947, 0.07845485
29948, 0.07845501
29949, 0.07845518
29950, 0.07845535
29951, 0.07845551
29952, 0.07845568
29953, 0.07845585
29954, 0.07845601
29955, 0.07845618
29956, 0.07845635
29957, 0.07845663
29958, 0.07845680
29959, 0.07845697
29960, 0.07845714
29961, 0.07845730
29962, 0.07845747
29963, 0.07845764
29964, 0.07845780
29965, 0.07845797
29966, 0.07845814
29967, 0.07845831
29968, 0.07845847
29969, 0.07845864
29970, 0.07845881
29971, 0.07845898
29972, 0.07845914
29973, 0.07845931
29974, 0.07845948
29975, 0.07845965
29976, 0.07845981
29977, 0.07845998
29978, 0.07846015
29979, 0.07846032
29980, 0.07846048
29981, 0.07846065
29982, 0.07846082
29983, 0.07846099
29984, 0.07846115
29985, 0.07846132
29986, 0.07846149
29987, 0.07846166
29988, 0.07846182
29989, 0.07846199
29990, 0.07846216
29991, 0.07846233
29992, 0.07846251
29993, 0.07846510
29994, 0.07846528
29995, 0.07846546
29996, 0.07846564
29997, 0.07846581
29998, 0.07846598
29999, 0.07846615
30000, 0.07846632
30001, 0.07846649
30002, 0.07846666
30003, 0.07846683
30004, 0.07846700
30005, 0.07846717
30006, 0.07846733
30007, 0.07846750
30008, 0.07846767
30009, 0.07846784
30010, 0.07846801
30011, 0.07846817
30012, 0.07846834
30013, 0.07846851
30014, 0.07846867
30015, 0.07846884
30016, 0.07846901
30017, 0.07846917
30018, 0.07846934
30019, 0.07846951
30020, 0.07846968
30021, 0.07846984
30022, 0.07847001
30023, 0.07847018
30024, 0.07847034
30025, 0.07847051
30026, 0.07847074
30027, 0.07847091
30028, 0.07847107
30029, 0.07847124
30030, 0.07847141
30031, 0.07847157
30032, 0.07847174
30033, 0.07847191
30034, 0.07847208
30035, 0.07847224
30036, 0.07847241
30037, 0.07847270
30038, 0.07847287
30039, 0.07847304
30040, 0.07847320
30041, 0.07847337
30042, 0.07847354
30043, 0.07847370
30044, 0.07847387
30045, 0.07847404
30046, 0.07847420
30047, 0.07847444
30048, 0.07847461
30049, 0.07847478
30050, 0.07847494
30051, 0.07847511
30052, 0.07847528
30053, 0.07847545
30054, 0.07847561
30055, 0.07847578
30056, 0.07847594
30057, 0.07847611
30058, 0.07847628
30059, 0.07847645
30060, 0.07847664
30061, 0.07847681
30062, 0.07847700
30063, 0.07847717
30064, 0.07847735
30065, 0.07847752
30066, 0.07847769
30067, 0.07847785
30068, 0.07847804
30069, 0.07847821
30070, 0.07847837
30071, 0.07847854
30072, 0.07847871
30073, 0.07847888
30074, 0.07847906
30075, 0.07847923
30076, 0.07847940
30077, 0.07847956
30078, 0.07847974
30079, 0.07847991
30080, 0.07848008
30081, 0.07848025
30082, 0.07848042
30083, 0.07848059
30084, 0.07848075
30085, 0.07848093
30086, 0.07848109
30087, 0.07848126
30088, 0.07848143
30089, 0.07848160
30090, 0.07848176
30091, 0.07848193
30092, 0.07848210
30093, 0.07848227
30094, 0.07848243
30095, 0.07848260
30096, 0.07848277
30097, 0.07848294
30098, 0.07848317
30099, 0.07848333
30100, 0.07848350
30101, 0.07848367
30102, 0.07848383
30103, 0.07848400
30104, 0.07848416
30105, 0.07848433
30106, 0.07848450
30107, 0.07848466
30108, 0.07848483
30109, 0.07848500
30110, 0.07848516
30111, 0.07848533
30112, 0.07848549
30113, 0.07848566
30114, 0.07848583
30115, 0.07848599
30116, 0.07848616
30117, 0.07848633
30118, 0.07848651
30119, 0.07848897
30120, 0.07848915
30121, 0.07848933
30122, 0.07848950
30123, 0.07848967
30124, 0.07848983
30125, 0.07849000
30126, 0.07849017
30127, 0.07849033
30128, 0.07849050
30129, 0.07849066
30130, 0.07849083
30131, 0.07849100
30132, 0.07849117
30133, 0.07849133
30134, 0.07849150
30135, 0.07849167
30136, 0.07849184
30137, 0.07849200
30138, 0.07849217
30139, 0.07849234
30140, 0.07849251
30141, 0.07849267
30142, 0.07849284
30143, 0.07849307
30144, 0.07849324
30145, 0.07849340
30146, 0.07849358
30147, 0.07849375
30148, 0.07849393
30149, 0.07849410
30150, 0.07849428
30151, 0.07849445
30152, 0.07849463
30153, 0.07849481
30154, 0.07849498
30155, 0.07849516
30156, 0.07849534
30157, 0.07849551
30158, 0.07849569
30159, 0.07849586
30160, 0.07849604
30161, 0.07849622
30162, 0.07849639
30163, 0.07849657
30164, 0.07849674
30165, 0.07849692
30166, 0.07849709
30167, 0.07849727
30168, 0.07849745
30169, 0.07849762
30170, 0.07849780
30171, 0.07849797
30172, 0.07849815
30173, 0.07849832
30174, 0.07849850
30175, 0.07849868
30176, 0.07849885
30177, 0.07849903
30178, 0.07849920
30179, 0.07849938
30180, 0.07849955
30181, 0.07849973
30182, 0.07849991
30183, 0.07850008
30184, 0.07850026
30185, 0.07850043
30186, 0.07850061
30187, 0.07850079
30188, 0.07850096
30189, 0.07850114
30190, 0.07850131
30191, 0.07850149
30192, 0.07850166
30193, 0.07850184
30194, 0.07850202
30195, 0.07850219
30196, 0.07850237
30197, 0.07850254
30198, 0.07850272
30199, 0.07850289
30200, 0.07850307
30201, 0.07850325
30202, 0.07850342
30203, 0.07850360
30204, 0.07850377
30205, 0.07850395
30206, 0.07850412
30207, 0.07850440
30208, 0.07850457
30209, 0.07850475
30210, 0.07850492
30211, 0.07850510
30212, 0.07850527
30213, 0.07850545
30214, 0.07850563
30215, 0.07850588
30216, 0.07850606
30217, 0.07850623
30218, 0.07850641
30219, 0.07850658
30220, 0.07850676
30221, 0.07850694
30222, 0.07850711
30223, 0.07850736
30224, 0.07850754
30225, 0.07850772
30226, 0.07850789
30227, 0.07850807
30228, 0.07850824
30229, 0.07850842
30230, 0.07850860
30231, 0.07850885
30232, 0.07850903
30233, 0.07850920
30234, 0.07850938
30235, 0.07850955
30236, 0.07850973
30237, 0.07850991
30238, 0.07851008
30239, 0.07851034
30240, 0.07851051
30241, 0.07851068
30242, 0.07851085
30243, 0.07851102
30244, 0.07851120
30245, 0.07851337
30246, 0.07851355
30247, 0.07851379
30248, 0.07851396
30249, 0.07851412
30250, 0.07851429
30251, 0.07851446
30252, 0.07851463
30253, 0.07851480
30254, 0.07851497
30255, 0.07851521
30256, 0.07851537
30257, 0.07851554
30258, 0.07851571
30259, 0.07851587
30260, 0.07851604
30261, 0.07851620
30262, 0.07851637
30263, 0.07851662
30264, 0.07851678
30265, 0.07851695
30266, 0.07851711
30267, 0.07851728
30268, 0.07851745
30269, 0.07851762
30270, 0.07851779
30271, 0.07851803
30272, 0.07851820
30273, 0.07851836
30274, 0.07851853
30275, 0.07851870
30276, 0.07851886
30277, 0.07851903
30278, 0.07851920
30279, 0.07851944
30280, 0.07851961
30281, 0.07851978
30282, 0.07851994
30283, 0.07852011
30284, 0.07852028
30285, 0.07852044
30286, 0.07852061
30287, 0.07852078
30288, 0.07852095
30289, 0.07852112
30290, 0.07852128
30291, 0.07852145
30292, 0.07852162
30293, 0.07852178
30294, 0.07852196
30295, 0.07852212
30296, 0.07852229
30297, 0.07852246
30298, 0.07852262
30299, 0.07852279
30300, 0.07852296
30301, 0.07852313
30302, 0.07852329
30303, 0.07852346
30304, 0.07852363
30305, 0.07852380
30306, 0.07852397
30307, 0.07852413
30308, 0.07852430
30309, 0.07852447
30310, 0.07852463
30311, 0.07852480
30312, 0.07852497
30313, 0.07852513
30314, 0.07852530
30315, 0.07852547
30316, 0.07852564
30317, 0.07852581
30318, 0.07852598
30319, 0.07852614
30320, 0.07852631
30321, 0.07852647
30322, 0.07852664
30323, 0.07852681
30324, 0.07852697
30325, 0.07852714
30326, 0.07852730
30327, 0.07852747
30328, 0.07852763
30329, 0.07852780
30330, 0.07852796
30331, 0.07852813
30332, 0.07852830
30333, 0.07852846
30334, 0.07852863
30335, 0.07852880
30336, 0.07852897
30337, 0.07852914
30338, 0.07852931
30339, 0.07852948
30340, 0.07852965
30341, 0.07852982
30342, 0.07852998
30343, 0.07853015
30344, 0.07853032
30345, 0.07853049
30346, 0.07853066
30347, 0.07853082
30348, 0.07853099
30349, 0.07853116
30350, 0.07853133
30351, 0.07853149
30352, 0.07853166
30353, 0.07853189
30354, 0.07853212
30355, 0.07853229
30356, 0.07853246
30357, 0.07853263
30358, 0.07853280
30359, 0.07853296
30360, 0.07853313
30361, 0.07853330
30362, 0.07853347
30363, 0.07853363
30364, 0.07853380
30365, 0.07853397
30366, 0.07853414
30367, 0.07853431
30368, 0.07853448
30369, 0.07853465
30370, 0.07853482
30371, 0.07853705
30372, 0.07853725
30373, 0.07853742
30374, 0.07853760
30375, 0.07853777
30376, 0.07853794
30377, 0.07853811
30378, 0.07853827
30379, 0.07853844
30380, 0.07853861
30381, 0.07853877
30382, 0.07853894
30383, 0.07853911
30384, 0.07853928
30385, 0.07853945
30386, 0.07853961
30387, 0.07853978
30388, 0.07853995
30389, 0.07854012
30390, 0.07854029
30391, 0.07854045
30392, 0.07854062
30393, 0.07854079
30394, 0.07854096
30395, 0.07854113
30396, 0.07854129
30397, 0.07854146
30398, 0.07854163
30399, 0.07854180
30400, 0.07854196
30401, 0.07854213
30402, 0.07854230
30403, 0.07854246
30404, 0.07854263
30405, 0.07854280
30406, 0.07854297
30407, 0.07854314
30408, 0.07854331
30409, 0.07854347
30410, 0.07854364
30411, 0.07854381
30412, 0.07854398
30413, 0.07854414
30414, 0.07854431
30415, 0.07854448
30416, 0.07854465
30417, 0.07854482
30418, 0.07854499
30419, 0.07854516
30420, 0.07854532
30421, 0.07854549
30422, 0.07854566
30423, 0.07854583
30424, 0.07854600
30425, 0.07854616
30426, 0.07854633
30427, 0.07854650
30428, 0.07854667
30429, 0.07854683
30430, 0.07854700
30431, 0.07854717
30432, 0.07854734
30433, 0.07854750
30434, 0.07854767
30435, 0.07854784
30436, 0.07854800
30437, 0.07854817
30438, 0.07854834
30439, 0.07854851
30440, 0.07854867
30441, 0.07854884
30442, 0.07854901
30443, 0.07854917
30444, 0.07854934
30445, 0.07854951
30446, 0.07854967
30447, 0.07854984
30448, 0.07855001
30449, 0.07855018
30450, 0.07855035
30451, 0.07855052
30452, 0.07855068
30453, 0.07855085
30454, 0.07855102
30455, 0.07855119
30456, 0.07855136
30457, 0.07855153
30458, 0.07855170
30459, 0.07855186
30460, 0.07855203
30461, 0.07855220
30462, 0.07855236
30463, 0.07855253
30464, 0.07855270
30465, 0.07855287
30466, 0.07855303
30467, 0.07855320
30468, 0.07855336
30469, 0.07855353
30470, 0.07855370
30471, 0.07855387
30472, 0.07855404
30473, 0.07855421
30474, 0.07855438
30475, 0.07855454
30476, 0.07855471
30477, 0.07855488
30478, 0.07855505
30479, 0.07855521
30480, 0.07855538
30481, 0.07855555
30482, 0.07855571
30483, 0.07855588
30484, 0.07855605
30485, 0.07855622
30486, 0.07855639
30487, 0.07855655
30488, 0.07855672
30489, 0.07855689
30490, 0.07855705
30491, 0.07855722
30492, 0.07855739
30493, 0.07855755
30494, 0.07855772
30495, 0.07855789
30496, 0.07855807
30497, 0.07856018
30498, 0.07856037
30499, 0.07856055
30500, 0.07856073
30501, 0.07856090
30502, 0.07856107
30503, 0.07856124
30504, 0.07856141
30505, 0.07856158
30506, 0.07856175
30507, 0.07856191
30508, 0.07856208
30509, 0.07856225
30510, 0.07856242
30511, 0.07856259
30512, 0.07856275
30513, 0.07856293
30514, 0.07856309
30515, 0.07856326
30516, 0.07856343
30517, 0.07856360
30518, 0.07856377
30519, 0.07856394
30520, 0.07856411
30521, 0.07856428
30522, 0.07856445
30523, 0.07856462
30524, 0.07856478
30525, 0.07856495
30526, 0.07856512
30527, 0.07856529
30528, 0.07856546
30529, 0.07856563
30530, 0.07856579
30531, 0.07856596
30532, 0.07856613
30533, 0.07856630
30534, 0.07856646
30535, 0.07856663
30536, 0.07856680
30537, 0.07856696
30538, 0.07856713
30539, 0.07856730
30540, 0.07856747
30541, 0.07856764
30542, 0.07856780
30543, 0.07856797
30544, 0.07856814
30545, 0.07856831
30546, 0.07856848
30547, 0.07856865
30548, 0.07856882
30549, 0.07856898
30550, 0.07856915
30551, 0.07856932
30552, 0.07856949
30553, 0.07856966
30554, 0.07856983
30555, 0.07857000
30556, 0.07857016
30557, 0.07857033
30558, 0.07857050
30559, 0.07857067
30560, 0.07857084
30561, 0.07857100
30562, 0.07857117
30563, 0.07857134
30564, 0.07857151
30565, 0.07857168
30566, 0.07857185
30567, 0.07857202
30568, 0.07857218
30569, 0.07857235
30570, 0.07857252
30571, 0.07857268
30572, 0.07857285
30573, 0.07857302
30574, 0.07857319
30575, 0.07857336
30576, 0.07857353
30577, 0.07857369
30578, 0.07857386
30579, 0.07857403
30580, 0.07857420
30581, 0.07857437
30582, 0.07857454
30583, 0.07857471
30584, 0.07857488
30585, 0.07857505
30586, 0.07857522
30587, 0.07857539
30588, 0.07857556
30589, 0.07857573
30590, 0.07857590
30591, 0.07857607
30592, 0.07857624
30593, 0.07857641
30594, 0.07857658
30595, 0.07857674
30596, 0.07857691
30597, 0.07857708
30598, 0.07857724
30599, 0.07857741
30600, 0.07857758
30601, 0.07857775
30602, 0.07857791
30603, 0.07857808
30604, 0.07857825
30605, 0.07857842
30606, 0.07857859
30607, 0.07857875
30608, 0.07857892
30609, 0.07857909
30610, 0.07857926
30611, 0.07857943
30612, 0.07857960
30613, 0.07857976
30614, 0.07857993
30615, 0.07858010
30616, 0.07858026
30617, 0.07858043
30618, 0.07858060
30619, 0.07858077
30620, 0.07858094
30621, 0.07858110
30622, 0.07858129
30623, 0.07858348
30624, 0.07858368
30625, 0.07858385
30626, 0.07858402
30627, 0.07858419
30628, 0.07858436
30629, 0.07858454
30630, 0.07858472
30631, 0.07858490
30632, 0.07858507
30633, 0.07858524
30634, 0.07858541
30635, 0.07858558
30636, 0.07858575
30637, 0.07858593
30638, 0.07858609
30639, 0.07858626
30640, 0.07858643
30641, 0.07858660
30642, 0.07858677
30643, 0.07858694
30644, 0.07858711
30645, 0.07858728
30646, 0.07858745
30647, 0.07858762
30648, 0.07858779
30649, 0.07858795
30650, 0.07858812
30651, 0.07858829
30652, 0.07858846
30653, 0.07858863
30654, 0.07858880
30655, 0.07858896
30656, 0.07858913
30657, 0.07858930
30658, 0.07858947
30659, 0.07858966
30660, 0.07858983
30661, 0.07858999
30662, 0.07859018
30663, 0.07859035
30664, 0.07859052
30665, 0.07859069
30666, 0.07859086
30667, 0.07859103
30668, 0.07859120
30669, 0.07859136
30670, 0.07859153
30671, 0.07859170
30672, 0.07859187
30673, 0.07859203
30674, 0.07859220
30675, 0.07859237
30676, 0.07859254
30677, 0.07859271
30678, 0.07859288
30679, 0.07859305
30680, 0.07859322
30681, 0.07859338
30682, 0.07859357
30683, 0.07859374
30684, 0.07859391
30685, 0.07859408
30686, 0.07859425
30687, 0.07859442
30688, 0.07859458
30689, 0.07859475
30690, 0.07859492
30691, 0.07859509
30692, 0.07859526
30693, 0.07859542
30694, 0.07859559
30695, 0.07859576
30696, 0.07859593
30697, 0.07859610
30698, 0.07859627
30699, 0.07859644
30700, 0.07859662
30701, 0.07859679
30702, 0.07859696
30703, 0.07859713
30704, 0.07859730
30705, 0.07859747
30706, 0.07859764
30707, 0.07859781
30708, 0.07859798
30709, 0.07859814
30710, 0.07859831
30711, 0.07859848
30712, 0.07859873
30713, 0.07859889
30714, 0.07859906
30715, 0.07859923
30716, 0.07859940
30717, 0.07859956
30718, 0.07859974
30719, 0.07860030
30720, 0.07860046
30721, 0.07860064
30722, 0.07860080
30723, 0.07860099
30724, 0.07860116
30725, 0.07860133
30726, 0.07860149
30727, 0.07860173
30728, 0.07860192
30729, 0.07860209
30730, 0.07860226
30731, 0.07860243
30732, 0.07860260
30733, 0.07860277
30734, 0.07860293
30735, 0.07860318
30736, 0.07860335
30737, 0.07860352
30738, 0.07860368
30739, 0.07860385
30740, 0.07860402
30741, 0.07860420
30742, 0.07860437
30743, 0.07860461
30744, 0.07860478
30745, 0.07860495
30746, 0.07860512
30747, 0.07860529
30748, 0.07860547
30749, 0.07860762
30750, 0.07860780
30751, 0.07860804
30752, 0.07860821
30753, 0.07860838
30754, 0.07860855
30755, 0.07860873
30756, 0.07860889
30757, 0.07860906
30758, 0.07860923
30759, 0.07860947
30760, 0.07860963
30761, 0.07860980
30762, 0.07860997
30763, 0.07861014
30764, 0.07861031
30765, 0.07861047
30766, 0.07861064
30767, 0.07861094
30768, 0.07861111
30769, 0.07861127
30770, 0.07861144
30771, 0.07861161
30772, 0.07861177
30773, 0.07861194
30774, 0.07861211
30775, 0.07861236
30776, 0.07861252
30777, 0.07861269
30778, 0.07861286
30779, 0.07861302
30780, 0.07861319
30781, 0.07861336
30782, 0.07861353
30783, 0.07861377
30784, 0.07861394
30785, 0.07861411
30786, 0.07861427
30787, 0.07861444
30788, 0.07861461
30789, 0.07861477
30790, 0.07861494
30791, 0.07861529
30792, 0.07861546
30793, 0.07861563
30794, 0.07861580
30795, 0.07861596
30796, 0.07861613
30797, 0.07861630
30798, 0.07861646
30799, 0.07861663
30800, 0.07861680
30801, 0.07861696
30802, 0.07861713
30803, 0.07861730
30804, 0.07861747
30805, 0.07861763
30806, 0.07861780
30807, 0.07861797
30808, 0.07861814
30809, 0.07861830
30810, 0.07861847
30811, 0.07861864
30812, 0.07861880
30813, 0.07861897
30814, 0.07861914
30815, 0.07861931
30816, 0.07861947
30817, 0.07861964
30818, 0.07861981
30819, 0.07861998
30820, 0.07862015
30821, 0.07862032
30822, 0.07862048
30823, 0.07862065
30824, 0.07862082
30825, 0.07862098
30826, 0.07862115
30827, 0.07862137
30828, 0.07862154
30829, 0.07862171
30830, 0.07862187
30831, 0.07862204
30832, 0.07862221
30833, 0.07862238
30834, 0.07862254
30835, 0.07862271
30836, 0.07862288
30837, 0.07862305
30838, 0.07862321
30839, 0.07862338
30840, 0.07862355
30841, 0.07862372
30842, 0.07862389
30843, 0.07862406
30844, 0.07862423
30845, 0.07862440
30846, 0.07862457
30847, 0.07862474
30848, 0.07862491
30849, 0.07862509
30850, 0.07862526
30851, 0.07862543
30852, 0.07862560
30853, 0.07862577
30854, 0.07862594
30855, 0.07862611
30856, 0.07862628
30857, 0.07862645
30858, 0.07862662
30859, 0.07862679
30860, 0.07862696
30861, 0.07862713
30862, 0.07862730
30863, 0.07862747
30864, 0.07862764
30865, 0.07862781
30866, 0.07862798
30867, 0.07862815
30868, 0.07862832
30869, 0.07862849
30870, 0.07862867
30871, 0.07862883
30872, 0.07862900
30873, 0.07862917
30874, 0.07862935
30875, 0.07863165
30876, 0.07863183
30877, 0.07863200
30878, 0.07863218
30879, 0.07863235
30880, 0.07863252
30881, 0.07863269
30882, 0.07863286
30883, 0.07863303
30884, 0.07863320
30885, 0.07863337
30886, 0.07863355
30887, 0.07863372
30888, 0.07863389
30889, 0.07863406
30890, 0.07863423
30891, 0.07863441
30892, 0.07863458
30893, 0.07863475
30894, 0.07863493
30895, 0.07863510
30896, 0.07863527
30897, 0.07863544
30898, 0.07863561
30899, 0.07863579
30900, 0.07863596
30901, 0.07863613
30902, 0.07863631
30903, 0.07863648
30904, 0.07863665
30905, 0.07863682
30906, 0.07863699
30907, 0.07863716
30908, 0.07863733
30909, 0.07863750
30910, 0.07863767
30911, 0.07863785
30912, 0.07863802
30913, 0.07863819
30914, 0.07863836
30915, 0.07863853
30916, 0.07863870
30917, 0.07863889
30918, 0.07863906
30919, 0.07863924
30920, 0.07863941
30921, 0.07863958
30922, 0.07863975
30923, 0.07863992
30924, 0.07864009
30925, 0.07864026
30926, 0.07864042
30927, 0.07864059
30928, 0.07864076
30929, 0.07864093
30930, 0.07864110
30931, 0.07864127
30932, 0.07864144
30933, 0.07864161
30934, 0.07864178
30935, 0.07864195
30936, 0.07864212
30937, 0.07864229
30938, 0.07864245
30939, 0.07864262
30940, 0.07864279
30941, 0.07864296
30942, 0.07864313
30943, 0.07864330
30944, 0.07864347
30945, 0.07864364
30946, 0.07864381
30947, 0.07864398
30948, 0.07864414
30949, 0.07864431
30950, 0.07864448
30951, 0.07864465
30952, 0.07864482
30953, 0.07864499
30954, 0.07864516
30955, 0.07864533
30956, 0.07864550
30957, 0.07864567
30958, 0.07864583
30959, 0.07864600
30960, 0.07864617
30961, 0.07864634
30962, 0.07864651
30963, 0.07864668
30964, 0.07864685
30965, 0.07864702
30966, 0.07864719
30967, 0.07864736
30968, 0.07864753
30969, 0.07864770
30970, 0.07864786
30971, 0.07864803
30972, 0.07864820
30973, 0.07864837
30974, 0.07864854
30975, 0.07864872
30976, 0.07864889
30977, 0.07864908
30978, 0.07864925
30979, 0.07864941
30980, 0.07864959
30981, 0.07864977
30982, 0.07864994
30983, 0.07865011
30984, 0.07865028
30985, 0.07865045
30986, 0.07865062
30987, 0.07865079
30988, 0.07865095
30989, 0.07865112
30990, 0.07865129
30991, 0.07865146
30992, 0.07865163
30993, 0.07865180
30994, 0.07865197
30995, 0.07865214
30996, 0.07865231
30997, 0.07865248
30998, 0.07865265
30999, 0.07865282
31000, 0.07865300
31001, 0.07865524
31002, 0.07865543
31003, 0.07865560
31004, 0.07865578
31005, 0.07865595
31006, 0.07865613
31007, 0.07865630
31008, 0.07865647
31009, 0.07865665
31010, 0.07865682
31011, 0.07865700
31012, 0.07865717
31013, 0.07865740
31014, 0.07865758
31015, 0.07865775
31016, 0.07865793
31017, 0.07865810
31018, 0.07865827
31019, 0.07865844
31020, 0.07865862
31021, 0.07865879
31022, 0.07865896
31023, 0.07865914
31024, 0.07865931
31025, 0.07865948
31026, 0.07865966
31027, 0.07865983
31028, 0.07866000
31029, 0.07866018
31030, 0.07866035
31031, 0.07866053
31032, 0.07866069
31033, 0.07866087
31034, 0.07866104
31035, 0.07866121
31036, 0.07866138
31037, 0.07866154
31038, 0.07866172
31039, 0.07866189
31040, 0.07866205
31041, 0.07866223
31042, 0.07866239
31043, 0.07866256
31044, 0.07866273
31045, 0.07866290
31046, 0.07866307
31047, 0.07866324
31048, 0.07866340
31049, 0.07866357
31050, 0.07866374
31051, 0.07866391
31052, 0.07866408
31053, 0.07866425
31054, 0.07866442
31055, 0.07866459
31056, 0.07866476
31057, 0.07866493
31058, 0.07866510
31059, 0.07866527
31060, 0.07866544
31061, 0.07866561
31062, 0.07866578
31063, 0.07866595
31064, 0.07866612
31065, 0.07866629
31066, 0.07866646
31067, 0.07866663
31068, 0.07866680
31069, 0.07866696
31070, 0.07866713
31071, 0.07866730
31072, 0.07866747
31073, 0.07866763
31074, 0.07866780
31075, 0.07866797
31076, 0.07866814
31077, 0.07866831
31078, 0.07866848
31079, 0.07866865
31080, 0.07866882
31081, 0.07866899
31082, 0.07866916
31083, 0.07866939
31084, 0.07866956
31085, 0.07866973
31086, 0.07866990
31087, 0.07867007
31088, 0.07867024
31089, 0.07867042
31090, 0.07867059
31091, 0.07867076
31092, 0.07867093
31093, 0.07867110
31094, 0.07867127
31095, 0.07867144
31096, 0.07867161
31097, 0.07867178
31098, 0.07867195
31099, 0.07867212
31100, 0.07867229
31101, 0.07867247
31102, 0.07867264
31103, 0.07867280
31104, 0.07867298
31105, 0.07867315
31106, 0.07867332
31107, 0.07867349
31108, 0.07867366
31109, 0.07867383
31110, 0.07867400
31111, 0.07867417
31112, 0.07867434
31113, 0.07867451
31114, 0.07867468
31115, 0.07867485
31116, 0.07867502
31117, 0.07867520
31118, 0.07867537
31119, 0.07867554
31120, 0.07867571
31121, 0.07867588
31122, 0.07867605
31123, 0.07867622
31124, 0.07867639
31125, 0.07867656
31126, 0.07867675
31127, 0.07867905
31128, 0.07867925
31129, 0.07867943
31130, 0.07867960
31131, 0.07867978
31132, 0.07867995
31133, 0.07868012
31134, 0.07868030
31135, 0.07868047
31136, 0.07868064
31137, 0.07868081
31138, 0.07868099
31139, 0.07868116
31140, 0.07868133
31141, 0.07868150
31142, 0.07868167
31143, 0.07868185
31144, 0.07868202
31145, 0.07868219
31146, 0.07868236
31147, 0.07868253
31148, 0.07868270
31149, 0.07868286
31150, 0.07868303
31151, 0.07868320
31152, 0.07868337
31153, 0.07868354
31154, 0.07868371
31155, 0.07868388
31156, 0.07868404
31157, 0.07868421
31158, 0.07868438
31159, 0.07868455
31160, 0.07868472
31161, 0.07868488
31162, 0.07868505
31163, 0.07868522
31164, 0.07868539
31165, 0.07868556
31166, 0.07868572
31167, 0.07868589
31168, 0.07868606
31169, 0.07868623
31170, 0.07868640
31171, 0.07868657
31172, 0.07868673
31173, 0.07868690
31174, 0.07868707
31175, 0.07868724
31176, 0.07868740
31177, 0.07868757
31178, 0.07868774
31179, 0.07868791
31180, 0.07868807
31181, 0.07868824
31182, 0.07868841
31183, 0.07868858
31184, 0.07868875
31185, 0.07868892
31186, 0.07868908
31187, 0.07868925
31188, 0.07868942
31189, 0.07868959
31190, 0.07868976
31191, 0.07868993
31192, 0.07869009
31193, 0.07869026
31194, 0.07869043
31195, 0.07869060
31196, 0.07869077
31197, 0.07869093
31198, 0.07869110
31199, 0.07869127
31200, 0.07869144
31201, 0.07869160
31202, 0.07869177
31203, 0.07869194
31204, 0.07869211
31205, 0.07869228
31206, 0.07869244
31207, 0.07869261
31208, 0.07869278
31209, 0.07869295
31210, 0.07869311
31211, 0.07869328
31212, 0.07869345
31213, 0.07869362
31214, 0.07869378
31215, 0.07869395
31216, 0.07869412
31217, 0.07869428
31218, 0.07869445
31219, 0.07869462
31220, 0.07869479
31221, 0.07869496
31222, 0.07869513
31223, 0.07869530
31224, 0.07869548
31225, 0.07869565
31226, 0.07869582
31227, 0.07869600
31228, 0.07869617
31229, 0.07869634
31230, 0.07869651
31231, 0.07869668
31232, 0.07869685
31233, 0.07869702
31234, 0.07869719
31235, 0.07869736
31236, 0.07869752
31237, 0.07869769
31238, 0.07869786
31239, 0.07869810
31240, 0.07869827
31241, 0.07869844
31242, 0.07869861
31243, 0.07869878
31244, 0.07869894
31245, 0.07869911
31246, 0.07869928
31247, 0.07869952
31248, 0.07869975
31249, 0.07869992
31250, 0.07870009
31251, 0.07870025
31252, 0.07870043
31253, 0.07870289
31254, 0.07870307
31255, 0.07870331
31256, 0.07870348
31257, 0.07870366
31258, 0.07870383
31259, 0.07870401
31260, 0.07870418
31261, 0.07870434
31262, 0.07870451
31263, 0.07870476
31264, 0.07870492
31265, 0.07870509
31266, 0.07870526
31267, 0.07870543
31268, 0.07870559
31269, 0.07870576
31270, 0.07870593
31271, 0.07870616
31272, 0.07870633
31273, 0.07870650
31274, 0.07870667
31275, 0.07870683
31276, 0.07870700
31277, 0.07870717
31278, 0.07870740
31279, 0.07870797
31280, 0.07870814
31281, 0.07870831
31282, 0.07870847
31283, 0.07870864
31284, 0.07870881
31285, 0.07870898
31286, 0.07870914
31287, 0.07870938
31288, 0.07870955
31289, 0.07870972
31290, 0.07870998
31291, 0.07871015
31292, 0.07871032
31293, 0.07871049
31294, 0.07871065
31295, 0.07871089
31296, 0.07871106
31297, 0.07871123
31298, 0.07871139
31299, 0.07871156
31300, 0.07871173
31301, 0.07871189
31302, 0.07871206
31303, 0.07871231
31304, 0.07871247
31305, 0.07871264
31306, 0.07871281
31307, 0.07871297
31308, 0.07871314
31309, 0.07871331
31310, 0.07871347
31311, 0.07871364
31312, 0.07871381
31313, 0.07871398
31314, 0.07871414
31315, 0.07871431
31316, 0.07871448
31317, 0.07871465
31318, 0.07871482
31319, 0.07871498
31320, 0.07871515
31321, 0.07871531
31322, 0.07871548
31323, 0.07871565
31324, 0.07871581
31325, 0.07871598
31326, 0.07871615
31327, 0.07871631
31328, 0.07871648
31329, 0.07871665
31330, 0.07871681
31331, 0.07871698
31332, 0.07871715
31333, 0.07871731
31334, 0.07871748
31335, 0.07871764
31336, 0.07871781
31337, 0.07871798
31338, 0.07871814
31339, 0.07871831
31340, 0.07871848
31341, 0.07871864
31342, 0.07871881
31343, 0.07871898
31344, 0.07871915
31345, 0.07871932
31346, 0.07871954
31347, 0.07871971
31348, 0.07871987
31349, 0.07872004
31350, 0.07872021
31351, 0.07872037
31352, 0.07872054
31353, 0.07872071
31354, 0.07872087
31355, 0.07872104
31356, 0.07872121
31357, 0.07872138
31358, 0.07872155
31359, 0.07872171
31360, 0.07872188
31361, 0.07872204
31362, 0.07872221
31363, 0.07872238
31364, 0.07872269
31365, 0.07872285
31366, 0.07872302
31367, 0.07872319
31368, 0.07872335
31369, 0.07872352
31370, 0.07872368
31371, 0.07872385
31372, 0.07872402
31373, 0.07872419
31374, 0.07872435
31375, 0.07872452
31376, 0.07872469
31377, 0.07872485
31378, 0.07872503
31379, 0.07872726
31380, 0.07872745
31381, 0.07872762
31382, 0.07872779
31383, 0.07872796
31384, 0.07872814
31385, 0.07872831
31386, 0.07872848
31387, 0.07872865
31388, 0.07872882
31389, 0.07872898
31390, 0.07872915
31391, 0.07872932
31392, 0.07872949
31393, 0.07872965
31394, 0.07872982
31395, 0.07872999
31396, 0.07873016
31397, 0.07873033
31398, 0.07873050
31399, 0.07873066
31400, 0.07873083
31401, 0.07873100
31402, 0.07873117
31403, 0.07873134
31404, 0.07873151
31405, 0.07873167
31406, 0.07873184
31407, 0.07873201
31408, 0.07873218
31409, 0.07873235
31410, 0.07873251
31411, 0.07873268
31412, 0.07873285
31413, 0.07873302
31414, 0.07873318
31415, 0.07873335
31416, 0.07873352
31417, 0.07873369
31418, 0.07873385
31419, 0.07873402
31420, 0.07873419
31421, 0.07873436
31422, 0.07873452
31423, 0.07873469
31424, 0.07873486
31425, 0.07873503
31426, 0.07873519
31427, 0.07873536
31428, 0.07873553
31429, 0.07873570
31430, 0.07873586
31431, 0.07873603
31432, 0.07873620
31433, 0.07873637
31434, 0.07873654
31435, 0.07873671
31436, 0.07873688
31437, 0.07873704
31438, 0.07873721
31439, 0.07873738
31440, 0.07873755
31441, 0.07873771
31442, 0.07873788
31443, 0.07873805
31444, 0.07873822
31445, 0.07873838
31446, 0.07873855
31447, 0.07873872
31448, 0.07873889
31449, 0.07873906
31450, 0.07873922
31451, 0.07873939
31452, 0.07873956
31453, 0.07873973
31454, 0.07873989
31455, 0.07874006
31456, 0.07874023
31457, 0.07874039
31458, 0.07874056
31459, 0.07874073
31460, 0.07874090
31461, 0.07874107
31462, 0.07874123
31463, 0.07874140
31464, 0.07874157
31465, 0.07874173
31466, 0.07874190
31467, 0.07874207
31468, 0.07874224
31469, 0.07874240
31470, 0.07874257
31471, 0.07874274
31472, 0.07874291
31473, 0.07874308
31474, 0.07874325
31475, 0.07874342
31476, 0.07874359
31477, 0.07874385
31478, 0.07874402
31479, 0.07874419
31480, 0.07874435
31481, 0.07874452
31482, 0.07874469
31483, 0.07874486
31484, 0.07874503
31485, 0.07874519
31486, 0.07874536
31487, 0.07874553
31488, 0.07874570
31489, 0.07874587
31490, 0.07874604
31491, 0.07874621
31492, 0.07874638
31493, 0.07874654
31494, 0.07874671
31495, 0.07874688
31496, 0.07874705
31497, 0.07874722
31498, 0.07874739
31499, 0.07874756
31500, 0.07874772
31501, 0.07874789
31502, 0.07874806
31503, 0.07874823
31504, 0.07874841
31505, 0.07875080
31506, 0.07875099
31507, 0.07875116
31508, 0.07875133
31509, 0.07875150
31510, 0.07875167
31511, 0.07875183
31512, 0.07875200
31513, 0.07875217
31514, 0.07875234
31515, 0.07875250
31516, 0.07875267
31517, 0.07875284
31518, 0.07875301
31519, 0.07875317
31520, 0.07875334
31521, 0.07875351
31522, 0.07875368
31523, 0.07875384
31524, 0.07875401
31525, 0.07875418
31526, 0.07875435
31527, 0.07875451
31528, 0.07875468
31529, 0.07875485
31530, 0.07875501
31531, 0.07875518
31532, 0.07875535
31533, 0.07875551
31534, 0.07875568
31535, 0.07875585
31536, 0.07875602
31537, 0.07875619
31538, 0.07875636
31539, 0.07875653
31540, 0.07875669
31541, 0.07875686
31542, 0.07875703
31543, 0.07875720
31544, 0.07875736
31545, 0.07875753
31546, 0.07875770
31547, 0.07875787
31548, 0.07875803
31549, 0.07875820
31550, 0.07875837
31551, 0.07875853
31552, 0.07875870
31553, 0.07875887
31554, 0.07875903
31555, 0.07875920
31556, 0.07875937
31557, 0.07875954
31558, 0.07875970
31559, 0.07875987
31560, 0.07876004
31561, 0.07876021
31562, 0.07876038
31563, 0.07876054
31564, 0.07876071
31565, 0.07876088
31566, 0.07876104
31567, 0.07876121
31568, 0.07876138
31569, 0.07876154
31570, 0.07876171
31571, 0.07876188
31572, 0.07876204
31573, 0.07876221
31574, 0.07876238
31575, 0.07876255
31576, 0.07876272
31577, 0.07876288
31578, 0.07876305
31579, 0.07876322
31580, 0.07876339
31581, 0.07876355
31582, 0.07876372
31583, 0.07876389
31584, 0.07876406
31585, 0.07876422
31586, 0.07876439
31587, 0.07876456
31588, 0.07876473
31589, 0.07876489
31590, 0.07876506
31591, 0.07876523
31592, 0.07876540
31593, 0.07876557
31594, 0.07876574
31595, 0.07876591
31596, 0.07876607
31597, 0.07876624
31598, 0.07876641
31599, 0.07876658
31600, 0.07876674
31601, 0.07876691
31602, 0.07876708
31603, 0.07876725
31604, 0.07876742
31605, 0.07876759
31606, 0.07876776
31607, 0.07876792
31608, 0.07876809
31609, 0.07876826
31610, 0.07876843
31611, 0.07876860
31612, 0.07876876
31613, 0.07876893
31614, 0.07876910
31615, 0.07876927
31616, 0.07876943
31617, 0.07876960
31618, 0.07876977
31619, 0.07876994
31620, 0.07877011
31621, 0.07877027
31622, 0.07877044
31623, 0.07877061
31624, 0.07877078
31625, 0.07877095
31626, 0.07877111
31627, 0.07877134
31628, 0.07877151
31629, 0.07877168
31630, 0.07877186
31631, 0.07877398
31632, 0.07877416
31633, 0.07877433
31634, 0.07877450
31635, 0.07877468
31636, 0.07877485
31637, 0.07877502
31638, 0.07877519
31639, 0.07877536
31640, 0.07877552
31641, 0.07877569
31642, 0.07877586
31643, 0.07877603
31644, 0.07877620
31645, 0.07877637
31646, 0.07877654
31647, 0.07877670
31648, 0.07877687
31649, 0.07877704
31650, 0.07877721
31651, 0.07877738
31652, 0.07877754
31653, 0.07877771
31654, 0.07877788
31655, 0.07877805
31656, 0.07877822
31657, 0.07877839
31658, 0.07877856
31659, 0.07877878
31660, 0.07877895
31661, 0.07877912
31662, 0.07877929
31663, 0.07877946
31664, 0.07877963
31665, 0.07877979
31666, 0.07877996
31667, 0.07878013
31668, 0.07878030
31669, 0.07878047
31670, 0.07878064
31671, 0.07878082
31672, 0.07878099
31673, 0.07878116
31674, 0.07878133
31675, 0.07878150
31676, 0.07878167
31677, 0.07878184
31678, 0.07878201
31679, 0.07878218
31680, 0.07878235
31681, 0.07878252
31682, 0.07878269
31683, 0.07878286
31684, 0.07878304
31685, 0.07878322
31686, 0.07878339
31687, 0.07878356
31688, 0.07878372
31689, 0.07878389
31690, 0.07878406
31691, 0.07878423
31692, 0.07878440
31693, 0.07878457
31694, 0.07878473
31695, 0.07878490
31696, 0.07878507
31697, 0.07878523
31698, 0.07878540
31699, 0.07878557
31700, 0.07878574
31701, 0.07878590
31702, 0.07878607
31703, 0.07878624
31704, 0.07878641
31705, 0.07878658
31706, 0.07878675
31707, 0.07878691
31708, 0.07878708
31709, 0.07878725
31710, 0.07878741
31711, 0.07878758
31712, 0.07878775
31713, 0.07878792
31714, 0.07878808
31715, 0.07878825
31716, 0.07878842
31717, 0.07878859
31718, 0.07878875
31719, 0.07878892
31720, 0.07878909
31721, 0.07878927
31722, 0.07878946
31723, 0.07878963
31724, 0.07878980
31725, 0.07878996
31726, 0.07879013
31727, 0.07879030
31728, 0.07879046
31729, 0.07879063
31730, 0.07879080
31731, 0.07879097
31732, 0.07879113
31733, 0.07879130
31734, 0.07879147
31735, 0.07879163
31736, 0.07879180
31737, 0.07879197
31738, 0.07879213
31739, 0.07879230
31740, 0.07879247
31741, 0.07879263
31742, 0.07879280
31743, 0.07879308
31744, 0.07879325
31745, 0.07879341
31746, 0.07879358
31747, 0.07879375
31748, 0.07879392
31749, 0.07879409
31750, 0.07879426
31751, 0.07879451
31752, 0.07879467
31753, 0.07879484
31754, 0.07879501
31755, 0.07879518
31756, 0.07879536
31757, 0.07879766
31758, 0.07879784
31759, 0.07879809
31760, 0.07879827
31761, 0.07879843
31762, 0.07879861
31763, 0.07879878
31764, 0.07879895
31765, 0.07879911
31766, 0.07879928
31767, 0.07879952
31768, 0.07879969
31769, 0.07879986
31770, 0.07880002
31771, 0.07880019
31772, 0.07880036
31773, 0.07880052
31774, 0.07880069
31775, 0.07880095
31776, 0.07880112
31777, 0.07880129
31778, 0.07880146
31779, 0.07880162
31780, 0.07880179
31781, 0.07880196
31782, 0.07880213
31783, 0.07880236
31784, 0.07880253
31785, 0.07880270
31786, 0.07880287
31787, 0.07880304
31788, 0.07880321
31789, 0.07880338
31790, 0.07880355
31791, 0.07880379
31792, 0.07880396
31793, 0.07880413
31794, 0.07880429
31795, 0.07880446
31796, 0.07880463
31797, 0.07880480
31798, 0.07880497
31799, 0.07880522
31800, 0.07880539
31801, 0.07880555
31802, 0.07880572
31803, 0.07880589
31804, 0.07880606
31805, 0.07880623
31806, 0.07880639
31807, 0.07880664
31808, 0.07880681
31809, 0.07880698
31810, 0.07880715
31811, 0.07880732
31812, 0.07880749
31813, 0.07880765
31814, 0.07880782
31815, 0.07880799
31816, 0.07880816
31817, 0.07880833
31818, 0.07880850
31819, 0.07880867
31820, 0.07880884
31821, 0.07880900
31822, 0.07880917
31823, 0.07880934
31824, 0.07880951
31825, 0.07880968
31826, 0.07880985
31827, 0.07881001
31828, 0.07881018
31829, 0.07881037
31830, 0.07881054
31831, 0.07881071
31832, 0.07881088
31833, 0.07881105
31834, 0.07881122
31835, 0.07881139
31836, 0.07881156
31837, 0.07881172
31838, 0.07881189
31839, 0.07881206
31840, 0.07881223
31841, 0.07881239
31842, 0.07881256
31843, 0.07881273
31844, 0.07881290
31845, 0.07881307
31846, 0.07881326
31847, 0.07881343
31848, 0.07881360
31849, 0.07881377
31850, 0.07881394
31851, 0.07881412
31852, 0.07881429
31853, 0.07881446
31854, 0.07881463
31855, 0.07881480
31856, 0.07881497
31857, 0.07881514
31858, 0.07881531
31859, 0.07881548
31860, 0.07881565
31861, 0.07881582
31862, 0.07881599
31863, 0.07881616
31864, 0.07881634
31865, 0.07881651
31866, 0.07881668
31867, 0.07881684
31868, 0.07881702
31869, 0.07881719
31870, 0.07881736
31871, 0.07881753
31872, 0.07881770
31873, 0.07881787
31874, 0.07881804
31875, 0.07881821
31876, 0.07881839
31877, 0.07881856
31878, 0.07881873
31879, 0.07881890
31880, 0.07881906
31881, 0.07881923
31882, 0.07881941
31883, 0.07882165
31884, 0.07882183
31885, 0.07882200
31886, 0.07882217
31887, 0.07882234
31888, 0.07882251
31889, 0.07882268
31890, 0.07882285
31891, 0.07882302
31892, 0.07882319
31893, 0.07882336
31894, 0.07882352
31895, 0.07882370
31896, 0.07882388
31897, 0.07882405
31898, 0.07882423
31899, 0.07882441
31900, 0.07882458
31901, 0.07882476
31902, 0.07882494
31903, 0.07882511
31904, 0.07882529
31905, 0.07882545
31906, 0.07882562
31907, 0.07882579
31908, 0.07882596
31909, 0.07882613
31910, 0.07882630
31911, 0.07882646
31912, 0.07882663
31913, 0.07882680
31914, 0.07882697
31915, 0.07882714
31916, 0.07882731
31917, 0.07882747
31918, 0.07882764
31919, 0.07882781
31920, 0.07882798
31921, 0.07882815
31922, 0.07882831
31923, 0.07882848
31924, 0.07882865
31925, 0.07882881
31926, 0.07882898
31927, 0.07882915
31928, 0.07882931
31929, 0.07882948
31930, 0.07882965
31931, 0.07882982
31932, 0.07882998
31933, 0.07883015
31934, 0.07883032
31935, 0.07883049
31936, 0.07883066
31937, 0.07883083
31938, 0.07883099
31939, 0.07883116
31940, 0.07883133
31941, 0.07883149
31942, 0.07883166
31943, 0.07883183
31944, 0.07883200
31945, 0.07883216
31946, 0.07883233
31947, 0.07883250
31948, 0.07883267
31949, 0.07883284
31950, 0.07883301
31951, 0.07883317
31952, 0.07883334
31953, 0.07883351
31954, 0.07883368
31955, 0.07883385
31956, 0.07883402
31957, 0.07883418
31958, 0.07883435
31959, 0.07883452
31960, 0.07883469
31961, 0.07883486
31962, 0.07883503
31963, 0.07883519
31964, 0.07883536
31965, 0.07883553
31966, 0.07883570
31967, 0.07883587
31968, 0.07883603
31969, 0.07883620
31970, 0.07883637
31971, 0.07883654
31972, 0.07883671
31973, 0.07883688
31974, 0.07883705
31975, 0.07883722
31976, 0.07883740
31977, 0.07883756
31978, 0.07883773
31979, 0.07883791
31980, 0.07883808
31981, 0.07883825
31982, 0.07883842
31983, 0.07883859
31984, 0.07883876
31985, 0.07883893
31986, 0.07883911
31987, 0.07883928
31988, 0.07883945
31989, 0.07883962
31990, 0.07883979
31991, 0.07883996
31992, 0.07884013
31993, 0.07884030
31994, 0.07884047
31995, 0.07884064
31996, 0.07884082
31997, 0.07884099
31998, 0.07884116
31999, 0.07884133
32000, 0.07884150
32001, 0.07884167
32002, 0.07884184
32003, 0.07884201
32004, 0.07884218
32005, 0.07884236
32006, 0.07884253
32007, 0.07884270
32008, 0.07884288
32009, 0.07884744
32010, 0.07884763
32011, 0.07884780
32012, 0.07884797
32013, 0.07884814
32014, 0.07884831
32015, 0.07884848
32016, 0.07884865
32017, 0.07884882
32018, 0.07884898
32019, 0.07884915
32020, 0.07884932
32021, 0.07884949
32022, 0.07884966
32023, 0.07884982
32024, 0.07884999
32025, 0.07885016
32026, 0.07885032
32027, 0.07885049
32028, 0.07885066
32029, 0.07885082
32030, 0.07885099
32031, 0.07885116
32032, 0.07885133
32033, 0.07885149
32034, 0.07885166
32035, 0.07885182
32036, 0.07885199
32037, 0.07885216
32038, 0.07885232
32039, 0.07885249
32040, 0.07885266
32041, 0.07885283
32042, 0.07885300
32043, 0.07885316
32044, 0.07885333
32045, 0.07885350
32046, 0.07885366
32047, 0.07885383
32048, 0.07885400
32049, 0.07885417
32050, 0.07885434
32051, 0.07885450
32052, 0.07885467
32053, 0.07885484
32054, 0.07885501
32055, 0.07885517
32056, 0.07885534
32057, 0.07885551
32058, 0.07885568
32059, 0.07885585
32060, 0.07885601
32061, 0.07885618
32062, 0.07885635
32063, 0.07885652
32064, 0.07885669
32065, 0.07885686
32066, 0.07885704
32067, 0.07885721
32068, 0.07885738
32069, 0.07885755
32070, 0.07885771
32071, 0.07885788
32072, 0.07885805
32073, 0.07885822
32074, 0.07885839
32075, 0.07885856
32076, 0.07885873
32077, 0.07885889
32078, 0.07885906
32079, 0.07885923
32080, 0.07885940
32081, 0.07885957
32082, 0.07885973
32083, 0.07885990
32084, 0.07886007
32085, 0.07886024
32086, 0.07886040
32087, 0.07886057
32088, 0.07886074
32089, 0.07886091
32090, 0.07886107
32091, 0.07886124
32092, 0.07886141
32093, 0.07886158
32094, 0.07886174
32095, 0.07886191
32096, 0.07886208
32097, 0.07886225
32098, 0.07886242
32099, 0.07886259
32100, 0.07886276
32101, 0.07886293
32102, 0.07886310
32103, 0.07886326
32104, 0.07886343
32105, 0.07886360
32106, 0.07886377
32107, 0.07886394
32108, 0.07886411
32109, 0.07886428
32110, 0.07886445
32111, 0.07886461
32112, 0.07886478
32113, 0.07886495
32114, 0.07886512
32115, 0.07886529
32116, 0.07886546
32117, 0.07886563
32118, 0.07886579
32119, 0.07886596
32120, 0.07886613
32121, 0.07886630
32122, 0.07886647
32123, 0.07886663
32124, 0.07886680
32125, 0.07886697
32126, 0.07886714
32127, 0.07886731
32128, 0.07886747
32129, 0.07886764
32130, 0.07886781
32131, 0.07886798
32132, 0.07886815
32133, 0.07886831
32134, 0.07886849
32135, 0.07887067
32136, 0.07887086
32137, 0.07887103
32138, 0.07887120
32139, 0.07887136
32140, 0.07887154
32141, 0.07887171
32142, 0.07887189
32143, 0.07887206
32144, 0.07887223
32145, 0.07887243
32146, 0.07887260
32147, 0.07887277
32148, 0.07887293
32149, 0.07887310
32150, 0.07887327
32151, 0.07887343
32152, 0.07887360
32153, 0.07887377
32154, 0.07887394
32155, 0.07887416
32156, 0.07887433
32157, 0.07887450
32158, 0.07887466
32159, 0.07887483
32160, 0.07887500
32161, 0.07887517
32162, 0.07887533
32163, 0.07887550
32164, 0.07887567
32165, 0.07887584
32166, 0.07887600
32167, 0.07887617
32168, 0.07887634
32169, 0.07887651
32170, 0.07887668
32171, 0.07887684
32172, 0.07887701
32173, 0.07887718
32174, 0.07887735
32175, 0.07887752
32176, 0.07887768
32177, 0.07887785
32178, 0.07887802
32179, 0.07887819
32180, 0.07887836
32181, 0.07887852
32182, 0.07887869
32183, 0.07887886
32184, 0.07887903
32185, 0.07887920
32186, 0.07887937
32187, 0.07887954
32188, 0.07887971
32189, 0.07887987
32190, 0.07888004
32191, 0.07888021
32192, 0.07888038
32193, 0.07888055
32194, 0.07888072
32195, 0.07888088
32196, 0.07888105
32197, 0.07888122
32198, 0.07888139
32199, 0.07888155
32200, 0.07888172
32201, 0.07888195
32202, 0.07888212
32203, 0.07888229
32204, 0.07888246
32205, 0.07888262
32206, 0.07888279
32207, 0.07888298
32208, 0.07888317
32209, 0.07888334
32210, 0.07888351
32211, 0.07888367
32212, 0.07888384
32213, 0.07888401
32214, 0.07888418
32215, 0.07888435
32216, 0.07888452
32217, 0.07888468
32218, 0.07888485
32219, 0.07888502
32220, 0.07888519
32221, 0.07888536
32222, 0.07888552
32223, 0.07888570
32224, 0.07888586
32225, 0.07888604
32226, 0.07888621
32227, 0.07888638
32228, 0.07888655
32229, 0.07888672
32230, 0.07888688
32231, 0.07888705
32232, 0.07888722
32233, 0.07888739
32234, 0.07888756
32235, 0.07888773
32236, 0.07888789
32237, 0.07888806
32238, 0.07888823
32239, 0.07888840
32240, 0.07888857
32241, 0.07888874
32242, 0.07888891
32243, 0.07888908
32244, 0.07888925
32245, 0.07888942
32246, 0.07888959
32247, 0.07888976
32248, 0.07888992
32249, 0.07889009
32250, 0.07889026
32251, 0.07889043
32252, 0.07889060
32253, 0.07889076
32254, 0.07889093
32255, 0.07889111
32256, 0.07889130
32257, 0.07889153
32258, 0.07889170
32259, 0.07889187
32260, 0.07889206
32261, 0.07889429
32262, 0.07889448
32263, 0.07889473
32264, 0.07889491
32265, 0.07889508
32266, 0.07889525
32267, 0.07889543
32268, 0.07889560
32269, 0.07889577
32270, 0.07889594
32271, 0.07889619
32272, 0.07889636
32273, 0.07889653
32274, 0.07889670
32275, 0.07889689
32276, 0.07889706
32277, 0.07889723
32278, 0.07889741
32279, 0.07889776
32280, 0.07889793
32281, 0.07889810
32282, 0.07889828
32283, 0.07889844
32284, 0.07889861
32285, 0.07889878
32286, 0.07889895
32287, 0.07889920
32288, 0.07889937
32289, 0.07889954
32290, 0.07889971
32291, 0.07889990
32292, 0.07890007
32293, 0.07890023
32294, 0.07890042
32295, 0.07890067
32296, 0.07890084
32297, 0.07890101
32298, 0.07890118
32299, 0.07890135
32300, 0.07890153
32301, 0.07890170
32302, 0.07890187
32303, 0.07890212
32304, 0.07890229
32305, 0.07890246
32306, 0.07890263
32307, 0.07890281
32308, 0.07890298
32309, 0.07890315
32310, 0.07890332
32311, 0.07890363
32312, 0.07890381
32313, 0.07890398
32314, 0.07890415
32315, 0.07890432
32316, 0.07890449
32317, 0.07890466
32318, 0.07890484
32319, 0.07890508
32320, 0.07890525
32321, 0.07890542
32322, 0.07890559
32323, 0.07890577
32324, 0.07890595
32325, 0.07890622
32326, 0.07890639
32327, 0.07890656
32328, 0.07890674
32329, 0.07890691
32330, 0.07890708
32331, 0.07890725
32332, 0.07890742
32333, 0.07890760
32334, 0.07890777
32335, 0.07890794
32336, 0.07890811
32337, 0.07890829
32338, 0.07890846
32339, 0.07890865
32340, 0.07890882
32341, 0.07890899
32342, 0.07890916
32343, 0.07890933
32344, 0.07890950
32345, 0.07890967
32346, 0.07890984
32347, 0.07891002
32348, 0.07891019
32349, 0.07891038
32350, 0.07891055
32351, 0.07891073
32352, 0.07891090
32353, 0.07891107
32354, 0.07891124
32355, 0.07891141
32356, 0.07891158
32357, 0.07891175
32358, 0.07891192
32359, 0.07891209
32360, 0.07891226
32361, 0.07891242
32362, 0.07891259
32363, 0.07891278
32364, 0.07891296
32365, 0.07891313
32366, 0.07891330
32367, 0.07891347
32368, 0.07891363
32369, 0.07891381
32370, 0.07891398
32371, 0.07891415
32372, 0.07891433
32373, 0.07891450
32374, 0.07891467
32375, 0.07891484
32376, 0.07891501
32377, 0.07891518
32378, 0.07891535
32379, 0.07891552
32380, 0.07891569
32381, 0.07891586
32382, 0.07891603
32383, 0.07891620
32384, 0.07891637
32385, 0.07891654
32386, 0.07891672
32387, 0.07891883
32388, 0.07891902
32389, 0.07891919
32390, 0.07891937
32391, 0.07891953
32392, 0.07891971
32393, 0.07891988
32394, 0.07892005
32395, 0.07892022
32396, 0.07892039
32397, 0.07892056
32398, 0.07892073
32399, 0.07892090
32400, 0.07892107
32401, 0.07892124
32402, 0.07892143
32403, 0.07892161
32404, 0.07892178
32405, 0.07892195
32406, 0.07892212
32407, 0.07892229
32408, 0.07892246
32409, 0.07892263
32410, 0.07892280
32411, 0.07892298
32412, 0.07892315
32413, 0.07892332
32414, 0.07892349
32415, 0.07892366
32416, 0.07892383
32417, 0.07892400
32418, 0.07892417
32419, 0.07892434
32420, 0.07892451
32421, 0.07892468
32422, 0.07892485
32423, 0.07892502
32424, 0.07892519
32425, 0.07892535
32426, 0.07892552
32427, 0.07892569
32428, 0.07892586
32429, 0.07892603
32430, 0.07892620
32431, 0.07892638
32432, 0.07892655
32433, 0.07892671
32434, 0.07892688
32435, 0.07892705
32436, 0.07892722
32437, 0.07892738
32438, 0.07892755
32439, 0.07892772
32440, 0.07892789
32441, 0.07892806
32442, 0.07892822
32443, 0.07892841
32444, 0.07892858
32445, 0.07892875
32446, 0.07892892
32447, 0.07892909
32448, 0.07892926
32449, 0.07892943
32450, 0.07892960
32451, 0.07892977
32452, 0.07892994
32453, 0.07893011
32454, 0.07893027
32455, 0.07893044
32456, 0.07893061
32457, 0.07893078
32458, 0.07893097
32459, 0.07893114
32460, 0.07893132
32461, 0.07893149
32462, 0.07893166
32463, 0.07893183
32464, 0.07893200
32465, 0.07893217
32466, 0.07893234
32467, 0.07893251
32468, 0.07893268
32469, 0.07893285
32470, 0.07893303
32471, 0.07893319
32472, 0.07893336
32473, 0.07893355
32474, 0.07893372
32475, 0.07893389
32476, 0.07893406
32477, 0.07893423
32478, 0.07893440
32479, 0.07893457
32480, 0.07893475
32481, 0.07893492
32482, 0.07893509
32483, 0.07893526
32484, 0.07893543
32485, 0.07893559
32486, 0.07893576
32487, 0.07893593
32488, 0.07893610
32489, 0.07893627
32490, 0.07893643
32491, 0.07893664
32492, 0.07893683
32493, 0.07893700
32494, 0.07893717
32495, 0.07893734
32496, 0.07893751
32497, 0.07893768
32498, 0.07893785
32499, 0.07893802
32500, 0.07893819
32501, 0.07893836
32502, 0.07893853
32503, 0.07893870
32504, 0.07893887
32505, 0.07893904
32506, 0.07893921
32507, 0.07893941
32508, 0.07893958
32509, 0.07893976
32510, 0.07893993
32511, 0.07894010
32512, 0.07894028
32513, 0.07894250
32514, 0.07894270
32515, 0.07894288
32516, 0.07894305
32517, 0.07894323
32518, 0.07894340
32519, 0.07894357
32520, 0.07894374
32521, 0.07894392
32522, 0.07894409
32523, 0.07894433
32524, 0.07894450
32525, 0.07894468
32526, 0.07894485
32527, 0.07894503
32528, 0.07894520
32529, 0.07894537
32530, 0.07894556
32531, 0.07894573
32532, 0.07894590
32533, 0.07894607
32534, 0.07894624
32535, 0.07894641
32536, 0.07894658
32537, 0.07894676
32538, 0.07894692
32539, 0.07894710
32540, 0.07894727
32541, 0.07894744
32542, 0.07894763
32543, 0.07894780
32544, 0.07894797
32545, 0.07894814
32546, 0.07894832
32547, 0.07894849
32548, 0.07894866
32549, 0.07894885
32550, 0.07894902
32551, 0.07894919
32552, 0.07894937
32553, 0.07894954
32554, 0.07894971
32555, 0.07894988
32556, 0.07895006
32557, 0.07895023
32558, 0.07895040
32559, 0.07895057
32560, 0.07895074
32561, 0.07895091
32562, 0.07895108
32563, 0.07895125
32564, 0.07895142
32565, 0.07895159
32566, 0.07895177
32567, 0.07895194
32568, 0.07895211
32569, 0.07895228
32570, 0.07895245
32571, 0.07895263
32572, 0.07895280
32573, 0.07895297
32574, 0.07895317
32575, 0.07895335
32576, 0.07895352
32577, 0.07895371
32578, 0.07895388
32579, 0.07895405
32580, 0.07895422
32581, 0.07895440
32582, 0.07895457
32583, 0.07895474
32584, 0.07895491
32585, 0.07895508
32586, 0.07895525
32587, 0.07895543
32588, 0.07895560
32589, 0.07895577
32590, 0.07895597
32591, 0.07895615
32592, 0.07895632
32593, 0.07895649
32594, 0.07895668
32595, 0.07895685
32596, 0.07895702
32597, 0.07895719
32598, 0.07895736
32599, 0.07895754
32600, 0.07895771
32601, 0.07895790
32602, 0.07895807
32603, 0.07895824
32604, 0.07895841
32605, 0.07895858
32606, 0.07895876
32607, 0.07895893
32608, 0.07895910
32609, 0.07895927
32610, 0.07895944
32611, 0.07895962
32612, 0.07895979
32613, 0.07895996
32614, 0.07896013
32615, 0.07896033
32616, 0.07896050
32617, 0.07896069
32618, 0.07896087
32619, 0.07896104
32620, 0.07896127
32621, 0.07896144
32622, 0.07896161
32623, 0.07896179
32624, 0.07896196
32625, 0.07896213
32626, 0.07896230
32627, 0.07896247
32628, 0.07896264
32629, 0.07896282
32630, 0.07896299
32631, 0.07896316
32632, 0.07896334
32633, 0.07896360
32634, 0.07896377
32635, 0.07896394
32636, 0.07896411
32637, 0.07896429
32638, 0.07896447
32639, 0.07896669
32640, 0.07896689
32641, 0.07896706
32642, 0.07896724
32643, 0.07896742
32644, 0.07896759
32645, 0.07896776
32646, 0.07896793
32647, 0.07896810
32648, 0.07896827
32649, 0.07896844
32650, 0.07896861
32651, 0.07896878
32652, 0.07896895
32653, 0.07896912
32654, 0.07896930
32655, 0.07896947
32656, 0.07896964
32657, 0.07896981
32658, 0.07896999
32659, 0.07897016
32660, 0.07897033
32661, 0.07897050
32662, 0.07897067
32663, 0.07897084
32664, 0.07897101
32665, 0.07897118
32666, 0.07897135
32667, 0.07897152
32668, 0.07897169
32669, 0.07897190
32670, 0.07897207
32671, 0.07897224
32672, 0.07897241
32673, 0.07897258
32674, 0.07897275
32675, 0.07897292
32676, 0.07897309
32677, 0.07897326
32678, 0.07897343
32679, 0.07897360
32680, 0.07897377
32681, 0.07897394
32682, 0.07897412
32683, 0.07897429
32684, 0.07897446
32685, 0.07897463
32686, 0.07897480
32687, 0.07897497
32688, 0.07897514
32689, 0.07897534
32690, 0.07897551
32691, 0.07897569
32692, 0.07897586
32693, 0.07897603
32694, 0.07897620
32695, 0.07897637
32696, 0.07897654
32697, 0.07897671
32698, 0.07897688
32699, 0.07897705
32700, 0.07897722
32701, 0.07897739
32702, 0.07897756
32703, 0.07897776
32704, 0.07897793
32705, 0.07897810
32706, 0.07897827
32707, 0.07897845
32708, 0.07897862
32709, 0.07897879
32710, 0.07897896
32711, 0.07897914
32712, 0.07897931
32713, 0.07897948
32714, 0.07897965
32715, 0.07897982
32716, 0.07897999
32717, 0.07898017
32718, 0.07898037
32719, 0.07898053
32720, 0.07898070
32721, 0.07898088
32722, 0.07898105
32723, 0.07898122
32724, 0.07898139
32725, 0.07898156
32726, 0.07898173
32727, 0.07898190
32728, 0.07898209
32729, 0.07898226
32730, 0.07898243
32731, 0.07898260
32732, 0.07898277
32733, 0.07898294
32734, 0.07898311
32735, 0.07898328
32736, 0.07898344
32737, 0.07898362
32738, 0.07898379
32739, 0.07898396
32740, 0.07898413
32741, 0.07898431
32742, 0.07898448
32743, 0.07898466
32744, 0.07898484
32745, 0.07898502
32746, 0.07898519
32747, 0.07898537
32748, 0.07898555
32749, 0.07898573
32750, 0.07898591
32751, 0.07898608
32752, 0.07898629
32753, 0.07898646
32754, 0.07898663
32755, 0.07898680
32756, 0.07898697
32757, 0.07898715
32758, 0.07898738
32759, 0.07898755
32760, 0.07898773
32761, 0.07898790
32762, 0.07898807
32763, 0.07898825
32764, 0.07898843
32765, 0.07899065
32766, 0.07899084
32767, 0.07899110
32768, 0.07899128
32769, 0.07899145
32770, 0.07899162
32771, 0.07899179
32772, 0.07899197
32773, 0.07899214
32774, 0.07899230
32775, 0.07899255
32776, 0.07899272
32777, 0.07899289
32778, 0.07899306
32779, 0.07899323
32780, 0.07899340
32781, 0.07899357
32782, 0.07899374
32783, 0.07899399
32784, 0.07899416
32785, 0.07899433
32786, 0.07899450
32787, 0.07899467
32788, 0.07899485
32789, 0.07899502
32790, 0.07899519
32791, 0.07899543
32792, 0.07899560
32793, 0.07899578
32794, 0.07899595
32795, 0.07899612
32796, 0.07899629
32797, 0.07899646
32798, 0.07899663
32799, 0.07899690
32800, 0.07899707
32801, 0.07899725
32802, 0.07899741
32803, 0.07899759
32804, 0.07899776
32805, 0.07899793
32806, 0.07899810
32807, 0.07899835
32808, 0.07899852
32809, 0.07899869
32810, 0.07899886
32811, 0.07899903
32812, 0.07899920
32813, 0.07899937
32814, 0.07899954
32815, 0.07899979
32816, 0.07899996
32817, 0.07900013
32818, 0.07900030
32819, 0.07900047
32820, 0.07900064
32821, 0.07900081
32822, 0.07900098
32823, 0.07900123
32824, 0.07900139
32825, 0.07900157
32826, 0.07900174
32827, 0.07900191
32828, 0.07900208
32829, 0.07900224
32830, 0.07900242
32831, 0.07900267
32832, 0.07900284
32833, 0.07900301
32834, 0.07900318
32835, 0.07900335
32836, 0.07900352
32837, 0.07900369
32838, 0.07900386
32839, 0.07900411
32840, 0.07900428
32841, 0.07900445
32842, 0.07900462
32843, 0.07900479
32844, 0.07900496
32845, 0.07900513
32846, 0.07900530
32847, 0.07900547
32848, 0.07900564
32849, 0.07900581
32850, 0.07900598
32851, 0.07900615
32852, 0.07900632
32853, 0.07900649
32854, 0.07900667
32855, 0.07900684
32856, 0.07900701
32857, 0.07900725
32858, 0.07900742
32859, 0.07900759
32860, 0.07900777
32861, 0.07900794
32862, 0.07900811
32863, 0.07900829
32864, 0.07900846
32865, 0.07900863
32866, 0.07900880
32867, 0.07900898
32868, 0.07900915
32869, 0.07900932
32870, 0.07900949
32871, 0.07900967
32872, 0.07900984
32873, 0.07901001
32874, 0.07901019
32875, 0.07901036
32876, 0.07901053
32877, 0.07901071
32878, 0.07901088
32879, 0.07901105
32880, 0.07901122
32881, 0.07901140
32882, 0.07901157
32883, 0.07901174
32884, 0.07901191
32885, 0.07901209
32886, 0.07901226
32887, 0.07901243
32888, 0.07901261
32889, 0.07901278
32890, 0.07901297
32891, 0.07901560
32892, 0.07901581
32893, 0.07901598
32894, 0.07901616
32895, 0.07901633
32896, 0.07901650
32897, 0.07901667
32898, 0.07901685
32899, 0.07901702
32900, 0.07901719
32901, 0.07901736
32902, 0.07901753
32903, 0.07901770
32904, 0.07901787
32905, 0.07901804
32906, 0.07901821
32907, 0.07901837
32908, 0.07901855
32909, 0.07901872
32910, 0.07901889
32911, 0.07901906
32912, 0.07901923
32913, 0.07901940
32914, 0.07901956
32915, 0.07901973
32916, 0.07901990
32917, 0.07902007
32918, 0.07902024
32919, 0.07902041
32920, 0.07902058
32921, 0.07902075
32922, 0.07902092
32923, 0.07902109
32924, 0.07902126
32925, 0.07902143
32926, 0.07902160
32927, 0.07902177
32928, 0.07902194
32929, 0.07902211
32930, 0.07902228
32931, 0.07902245
32932, 0.07902262
32933, 0.07902279
32934, 0.07902296
32935, 0.07902313
32936, 0.07902330
32937, 0.07902347
32938, 0.07902364
32939, 0.07902381
32940, 0.07902398
32941, 0.07902415
32942, 0.07902432
32943, 0.07902449
32944, 0.07902466
32945, 0.07902483
32946, 0.07902500
32947, 0.07902517
32948, 0.07902534
32949, 0.07902551
32950, 0.07902568
32951, 0.07902585
32952, 0.07902602
32953, 0.07902619
32954, 0.07902636
32955, 0.07902653
32956, 0.07902670
32957, 0.07902687
32958, 0.07902704
32959, 0.07902721
32960, 0.07902738
32961, 0.07902755
32962, 0.07902772
32963, 0.07902789
32964, 0.07902806
32965, 0.07902823
32966, 0.07902840
32967, 0.07902857
32968, 0.07902875
32969, 0.07902892
32970, 0.07902908
32971, 0.07902925
32972, 0.07902942
32973, 0.07902959
32974, 0.07902976
32975, 0.07902993
32976, 0.07903010
32977, 0.07903027
32978, 0.07903044
32979, 0.07903061
32980, 0.07903078
32981, 0.07903095
32982, 0.07903112
32983, 0.07903130
32984, 0.07903147
32985, 0.07903164
32986, 0.07903182
32987, 0.07903199
32988, 0.07903216
32989, 0.07903233
32990, 0.07903250
32991, 0.07903267
32992, 0.07903284
32993, 0.07903301
32994, 0.07903319
32995, 0.07903336
32996, 0.07903353
32997, 0.07903370
32998, 0.07903387
32999, 0.07903404
33000, 0.07903425
33001, 0.07903442
33002, 0.07903459
33003, 0.07903476
33004, 0.07903493
33005, 0.07903510
33006, 0.07903528
33007, 0.07903545
33008, 0.07903562
33009, 0.07903579
33010, 0.07903596
33011, 0.07903613
33012, 0.07903630
33013, 0.07903648
33014, 0.07903665
33015, 0.07903682
33016, 0.07903701
33017, 0.07903916
33018, 0.07903936
33019, 0.07903953
33020, 0.07903971
33021, 0.07903989
33022, 0.07904007
33023, 0.07904024
33024, 0.07904042
33025, 0.07904059
33026, 0.07904076
33027, 0.07904094
33028, 0.07904112
33029, 0.07904129
33030, 0.07904146
33031, 0.07904163
33032, 0.07904181
33033, 0.07904198
33034, 0.07904215
33035, 0.07904232
33036, 0.07904249
33037, 0.07904266
33038, 0.07904283
33039, 0.07904310
33040, 0.07904327
33041, 0.07904344
33042, 0.07904360
33043, 0.07904377
33044, 0.07904394
33045, 0.07904411
33046, 0.07904428
33047, 0.07904445
33048, 0.07904463
33049, 0.07904480
33050, 0.07904497
33051, 0.07904514
33052, 0.07904531
33053, 0.07904548
33054, 0.07904565
33055, 0.07904582
33056, 0.07904600
33057, 0.07904617
33058, 0.07904634
33059, 0.07904651
33060, 0.07904668
33061, 0.07904685
33062, 0.07904702
33063, 0.07904719
33064, 0.07904736
33065, 0.07904753
33066, 0.07904770
33067, 0.07904788
33068, 0.07904805
33069, 0.07904822
33070, 0.07904838
33071, 0.07904855
33072, 0.07904873
33073, 0.07904890
33074, 0.07904907
33075, 0.07904924
33076, 0.07904941
33077, 0.07904958
33078, 0.07904975
33079, 0.07904992
33080, 0.07905009
33081, 0.07905026
33082, 0.07905044
33083, 0.07905061
33084, 0.07905078
33085, 0.07905095
33086, 0.07905112
33087, 0.07905129
33088, 0.07905146
33089, 0.07905165
33090, 0.07905182
33091, 0.07905199
33092, 0.07905217
33093, 0.07905235
33094, 0.07905252
33095, 0.07905270
33096, 0.07905288
33097, 0.07905305
33098, 0.07905323
33099, 0.07905340
33100, 0.07905358
33101, 0.07905376
33102, 0.07905393
33103, 0.07905411
33104, 0.07905428
33105, 0.07905446
33106, 0.07905463
33107, 0.07905481
33108, 0.07905499
33109, 0.07905516
33110, 0.07905534
33111, 0.07905552
33112, 0.07905569
33113, 0.07905587
33114, 0.07905605
33115, 0.07905622
33116, 0.07905640
33117, 0.07905657
33118, 0.07905675
33119, 0.07905692
33120, 0.07905710
33121, 0.07905728
33122, 0.07905745
33123, 0.07905763
33124, 0.07905780
33125, 0.07905798
33126, 0.07905816
33127, 0.07905834
33128, 0.07905851
33129, 0.07905868
33130, 0.07905886
33131, 0.07905903
33132, 0.07905919
33133, 0.07905937
33134, 0.07905953
33135, 0.07905970
33136, 0.07905988
33137, 0.07906005
33138, 0.07906022
33139, 0.07906039
33140, 0.07906056
33141, 0.07906074
33142, 0.07906092
33143, 0.07906316
33144, 0.07906335
33145, 0.07906352
33146, 0.07906370
33147, 0.07906387
33148, 0.07906404
33149, 0.07906420
33150, 0.07906438
33151, 0.07906454
33152, 0.07906472
33153, 0.07906488
33154, 0.07906505
33155, 0.07906522
33156, 0.07906539
33157, 0.07906556
33158, 0.07906573
33159, 0.07906590
33160, 0.07906607
33161, 0.07906624
33162, 0.07906641
33163, 0.07906658
33164, 0.07906674
33165, 0.07906691
33166, 0.07906708
33167, 0.07906725
33168, 0.07906742
33169, 0.07906759
33170, 0.07906776
33171, 0.07906793
33172, 0.07906810
33173, 0.07906827
33174, 0.07906844
33175, 0.07906861
33176, 0.07906878
33177, 0.07906895
33178, 0.07906912
33179, 0.07906929
33180, 0.07906946
33181, 0.07906963
33182, 0.07906980
33183, 0.07906997
33184, 0.07907014
33185, 0.07907031
33186, 0.07907048
33187, 0.07907065
33188, 0.07907082
33189, 0.07907099
33190, 0.07907116
33191, 0.07907133
33192, 0.07907150
33193, 0.07907167
33194, 0.07907184
33195, 0.07907201
33196, 0.07907224
33197, 0.07907241
33198, 0.07907258
33199, 0.07907275
33200, 0.07907293
33201, 0.07907310
33202, 0.07907327
33203, 0.07907344
33204, 0.07907361
33205, 0.07907377
33206, 0.07907395
33207, 0.07907411
33208, 0.07907429
33209, 0.07907446
33210, 0.07907463
33211, 0.07907479
33212, 0.07907496
33213, 0.07907513
33214, 0.07907530
33215, 0.07907547
33216, 0.07907564
33217, 0.07907581
33218, 0.07907598
33219, 0.07907615
33220, 0.07907632
33221, 0.07907650
33222, 0.07907667
33223, 0.07907684
33224, 0.07907701
33225, 0.07907718
33226, 0.07907735
33227, 0.07907752
33228, 0.07907769
33229, 0.07907786
33230, 0.07907802
33231, 0.07907819
33232, 0.07907836
33233, 0.07907853
33234, 0.07907870
33235, 0.07907887
33236, 0.07907904
33237, 0.07907921
33238, 0.07907938
33239, 0.07907955
33240, 0.07907972
33241, 0.07907989
33242, 0.07908005
33243, 0.07908022
33244, 0.07908039
33245, 0.07908056
33246, 0.07908073
33247, 0.07908089
33248, 0.07908106
33249, 0.07908123
33250, 0.07908140
33251, 0.07908157
33252, 0.07908174
33253, 0.07908191
33254, 0.07908208
33255, 0.07908225
33256, 0.07908242
33257, 0.07908258
33258, 0.07908275
33259, 0.07908292
33260, 0.07908309
33261, 0.07908326
33262, 0.07908343
33263, 0.07908359
33264, 0.07908376
33265, 0.07908393
33266, 0.07908410
33267, 0.07908427
33268, 0.07908445
33269, 0.07908668
33270, 0.07908687
33271, 0.07908705
33272, 0.07908723
33273, 0.07908740
33274, 0.07908757
33275, 0.07908774
33276, 0.07908791
33277, 0.07908808
33278, 0.07908825
33279, 0.07908842
33280, 0.07908859
33281, 0.07908876
33282, 0.07908893
33283, 0.07908909
33284, 0.07908927
33285, 0.07908944
33286, 0.07908961
33287, 0.07908985
33288, 0.07909002
33289, 0.07909019
33290, 0.07909036
33291, 0.07909053
33292, 0.07909069
33293, 0.07909086
33294, 0.07909103
33295, 0.07909120
33296, 0.07909137
33297, 0.07909154
33298, 0.07909171
33299, 0.07909188
33300, 0.07909207
33301, 0.07909223
33302, 0.07909240
33303, 0.07909257
33304, 0.07909273
33305, 0.07909290
33306, 0.07909307
33307, 0.07909324
33308, 0.07909341
33309, 0.07909357
33310, 0.07909374
33311, 0.07909391
33312, 0.07909408
33313, 0.07909425
33314, 0.07909442
33315, 0.07909458
33316, 0.07909475
33317, 0.07909492
33318, 0.07909508
33319, 0.07909525
33320, 0.07909542
33321, 0.07909559
33322, 0.07909576
33323, 0.07909593
33324, 0.07909609
33325, 0.07909626
33326, 0.07909643
33327, 0.07909659
33328, 0.07909676
33329, 0.07909693
33330, 0.07909710
33331, 0.07909726
33332, 0.07909743
33333, 0.07909760
33334, 0.07909776
33335, 0.07909793
33336, 0.07909810
33337, 0.07909827
33338, 0.07909843
33339, 0.07909860
33340, 0.07909877
33341, 0.07909893
33342, 0.07909910
33343, 0.07909926
33344, 0.07909943
33345, 0.07909959
33346, 0.07909976
33347, 0.07909993
33348, 0.07910009
33349, 0.07910026
33350, 0.07910043
33351, 0.07910059
33352, 0.07910076
33353, 0.07910092
33354, 0.07910109
33355, 0.07910126
33356, 0.07910143
33357, 0.07910159
33358, 0.07910177
33359, 0.07910194
33360, 0.07910211
33361, 0.07910227
33362, 0.07910244
33363, 0.07910261
33364, 0.07910277
33365, 0.07910294
33366, 0.07910311
33367, 0.07910327
33368, 0.07910344
33369, 0.07910361
33370, 0.07910377
33371, 0.07910394
33372, 0.07910411
33373, 0.07910427
33374, 0.07910444
33375, 0.07910461
33376, 0.07910477
33377, 0.07910494
33378, 0.07910510
33379, 0.07910527
33380, 0.07910544
33381, 0.07910560
33382, 0.07910577
33383, 0.07910594
33384, 0.07910610
33385, 0.07910627
33386, 0.07910644
33387, 0.07910661
33388, 0.07910677
33389, 0.07910694
33390, 0.07910711
33391, 0.07910727
33392, 0.07910744
33393, 0.07910760
33394, 0.07910778
33395, 0.07910999
33396, 0.07911018
33397, 0.07911036
33398, 0.07911053
33399, 0.07911070
33400, 0.07911087
33401, 0.07911104
33402, 0.07911122
33403, 0.07911139
33404, 0.07911155
33405, 0.07911172
33406, 0.07911189
33407, 0.07911205
33408, 0.07911221
33409, 0.07911238
33410, 0.07911255
33411, 0.07911271
33412, 0.07911288
33413, 0.07911305
33414, 0.07911321
33415, 0.07911337
33416, 0.07911353
33417, 0.07911370
33418, 0.07911386
33419, 0.07911403
33420, 0.07911419
33421, 0.07911435
33422, 0.07911452
33423, 0.07911468
33424, 0.07911484
33425, 0.07911501
33426, 0.07911517
33427, 0.07911533
33428, 0.07911550
33429, 0.07911566
33430, 0.07911583
33431, 0.07911599
33432, 0.07911615
33433, 0.07911632
33434, 0.07911648
33435, 0.07911664
33436, 0.07911681
33437, 0.07911697
33438, 0.07911714
33439, 0.07911730
33440, 0.07911746
33441, 0.07911762
33442, 0.07911779
33443, 0.07911795
33444, 0.07911811
33445, 0.07911828
33446, 0.07911844
33447, 0.07911860
33448, 0.07911876
33449, 0.07911893
33450, 0.07911909
33451, 0.07911925
33452, 0.07911941
33453, 0.07911958
33454, 0.07911974
33455, 0.07911991
33456, 0.07912007
33457, 0.07912023
33458, 0.07912040
33459, 0.07912056
33460, 0.07912072
33461, 0.07912088
33462, 0.07912105
33463, 0.07912127
33464, 0.07912144
33465, 0.07912160
33466, 0.07912177
33467, 0.07912195
33468, 0.07912212
33469, 0.07912228
33470, 0.07912245
33471, 0.07912261
33472, 0.07912278
33473, 0.07912294
33474, 0.07912311
33475, 0.07912328
33476, 0.07912344
33477, 0.07912361
33478, 0.07912378
33479, 0.07912394
33480, 0.07912411
33481, 0.07912428
33482, 0.07912444
33483, 0.07912461
33484, 0.07912478
33485, 0.07912496
33486, 0.07912512
33487, 0.07912529
33488, 0.07912546
33489, 0.07912562
33490, 0.07912579
33491, 0.07912596
33492, 0.07912612
33493, 0.07912629
33494, 0.07912645
33495, 0.07912662
33496, 0.07912679
33497, 0.07912695
33498, 0.07912712
33499, 0.07912728
33500, 0.07912745
33501, 0.07912761
33502, 0.07912778
33503, 0.07912795
33504, 0.07912811
33505, 0.07912830
33506, 0.07912846
33507, 0.07912863
33508, 0.07912879
33509, 0.07912896
33510, 0.07912912
33511, 0.07912929
33512, 0.07912945
33513, 0.07912961
33514, 0.07912978
33515, 0.07912994
33516, 0.07913011
33517, 0.07913027
33518, 0.07913044
33519, 0.07913061
33520, 0.07913079
33521, 0.07913291
33522, 0.07913308
33523, 0.07913325
33524, 0.07913342
33525, 0.07913359
33526, 0.07913376
33527, 0.07913393
33528, 0.07913410
33529, 0.07913427
33530, 0.07913444
33531, 0.07913465
33532, 0.07913482
33533, 0.07913499
33534, 0.07913517
33535, 0.07913534
33536, 0.07913552
33537, 0.07913570
33538, 0.07913587
33539, 0.07913605
33540, 0.07913622
33541, 0.07913639
33542, 0.07913656
33543, 0.07913672
33544, 0.07913689
33545, 0.07913706
33546, 0.07913722
33547, 0.07913739
33548, 0.07913756
33549, 0.07913772
33550, 0.07913789
33551, 0.07913805
33552, 0.07913822
33553, 0.07913839
33554, 0.07913856
33555, 0.07913873
33556, 0.07913889
33557, 0.07913906
33558, 0.07913923
33559, 0.07913940
33560, 0.07913956
33561, 0.07913973
33562, 0.07913990
33563, 0.07914007
33564, 0.07914023
33565, 0.07914040
33566, 0.07914057
33567, 0.07914074
33568, 0.07914090
33569, 0.07914107
33570, 0.07914124
33571, 0.07914141
33572, 0.07914157
33573, 0.07914174
33574, 0.07914191
33575, 0.07914208
33576, 0.07914224
33577, 0.07914241
33578, 0.07914258
33579, 0.07914275
33580, 0.07914291
33581, 0.07914308
33582, 0.07914325
33583, 0.07914342
33584, 0.07914359
33585, 0.07914375
33586, 0.07914392
33587, 0.07914408
33588, 0.07914425
33589, 0.07914442
33590, 0.07914459
33591, 0.07914475
33592, 0.07914492
33593, 0.07914510
33594, 0.07914530
33595, 0.07914546
33596, 0.07914563
33597, 0.07914579
33598, 0.07914596
33599, 0.07914614
33600, 0.07914630
33601, 0.07914647
33602, 0.07914664
33603, 0.07914681
33604, 0.07914698
33605, 0.07914714
33606, 0.07914731
33607, 0.07914748
33608, 0.07914765
33609, 0.07914781
33610, 0.07914798
33611, 0.07914819
33612, 0.07914836
33613, 0.07914853
33614, 0.07914870
33615, 0.07914887
33616, 0.07914904
33617, 0.07914921
33618, 0.07914938
33619, 0.07914955
33620, 0.07914972
33621, 0.07914989
33622, 0.07915006
33623, 0.07915023
33624, 0.07915040
33625, 0.07915057
33626, 0.07915074
33627, 0.07915091
33628, 0.07915108
33629, 0.07915124
33630, 0.07915141
33631, 0.07915158
33632, 0.07915175
33633, 0.07915192
33634, 0.07915209
33635, 0.07915226
33636, 0.07915243
33637, 0.07915260
33638, 0.07915277
33639, 0.07915294
33640, 0.07915311
33641, 0.07915328
33642, 0.07915345
33643, 0.07915362
33644, 0.07915379
33645, 0.07915396
33646, 0.07915414
33647, 0.07915623
33648, 0.07915641
33649, 0.07915659
33650, 0.07915676
33651, 0.07915692
33652, 0.07915709
33653, 0.07915726
33654, 0.07915743
33655, 0.07915760
33656, 0.07915777
33657, 0.07915794
33658, 0.07915812
33659, 0.07915829
33660, 0.07915847
33661, 0.07915864
33662, 0.07915882
33663, 0.07915898
33664, 0.07915917
33665, 0.07915933
33666, 0.07915950
33667, 0.07915967
33668, 0.07915983
33669, 0.07916000
33670, 0.07916017
33671, 0.07916033
33672, 0.07916050
33673, 0.07916067
33674, 0.07916084
33675, 0.07916100
33676, 0.07916117
33677, 0.07916134
33678, 0.07916150
33679, 0.07916167
33680, 0.07916184
33681, 0.07916201
33682, 0.07916218
33683, 0.07916234
33684, 0.07916251
33685, 0.07916268
33686, 0.07916285
33687, 0.07916301
33688, 0.07916318
33689, 0.07916335
33690, 0.07916351
33691, 0.07916368
33692, 0.07916387
33693, 0.07916404
33694, 0.07916421
33695, 0.07916438
33696, 0.07916455
33697, 0.07916471
33698, 0.07916488
33699, 0.07916505
33700, 0.07916522
33701, 0.07916538
33702, 0.07916555
33703, 0.07916572
33704, 0.07916589
33705, 0.07916606
33706, 0.07916623
33707, 0.07916640
33708, 0.07916657
33709, 0.07916674
33710, 0.07916691
33711, 0.07916708
33712, 0.07916725
33713, 0.07916742
33714, 0.07916760
33715, 0.07916777
33716, 0.07916794
33717, 0.07916811
33718, 0.07916828
33719, 0.07916845
33720, 0.07916862
33721, 0.07916879
33722, 0.07916897
33723, 0.07916914
33724, 0.07916931
33725, 0.07916948
33726, 0.07916965
33727, 0.07916982
33728, 0.07916999
33729, 0.07917016
33730, 0.07917034
33731, 0.07917051
33732, 0.07917068
33733, 0.07917085
33734, 0.07917102
33735, 0.07917119
33736, 0.07917137
33737, 0.07917154
33738, 0.07917172
33739, 0.07917189
33740, 0.07917206
33741, 0.07917223
33742, 0.07917240
33743, 0.07917257
33744, 0.07917275
33745, 0.07917292
33746, 0.07917309
33747, 0.07917326
33748, 0.07917343
33749, 0.07917361
33750, 0.07917378
33751, 0.07917395
33752, 0.07917412
33753, 0.07917429
33754, 0.07917446
33755, 0.07917464
33756, 0.07917481
33757, 0.07917498
33758, 0.07917515
33759, 0.07917532
33760, 0.07917549
33761, 0.07917567
33762, 0.07917584
33763, 0.07917601
33764, 0.07917618
33765, 0.07917635
33766, 0.07917652
33767, 0.07917669
33768, 0.07917686
33769, 0.07917704
33770, 0.07917721
33771, 0.07917738
33772, 0.07917756
33773, 0.07917974
33774, 0.07917993
33775, 0.07918010
33776, 0.07918027
33777, 0.07918045
33778, 0.07918062
33779, 0.07918079
33780, 0.07918096
33781, 0.07918113
33782, 0.07918131
33783, 0.07918148
33784, 0.07918165
33785, 0.07918182
33786, 0.07918200
33787, 0.07918217
33788, 0.07918235
33789, 0.07918252
33790, 0.07918269
33791, 0.07918286
33792, 0.07918303
33793, 0.07918319
33794, 0.07918336
33795, 0.07918353
33796, 0.07918371
33797, 0.07918388
33798, 0.07918405
33799, 0.07918422
33800, 0.07918439
33801, 0.07918456
33802, 0.07918473
33803, 0.07918490
33804, 0.07918507
33805, 0.07918524
33806, 0.07918541
33807, 0.07918558
33808, 0.07918576
33809, 0.07918593
33810, 0.07918610
33811, 0.07918627
33812, 0.07918645
33813, 0.07918661
33814, 0.07918679
33815, 0.07918696
33816, 0.07918713
33817, 0.07918730
33818, 0.07918747
33819, 0.07918765
33820, 0.07918782
33821, 0.07918799
33822, 0.07918816
33823, 0.07918833
33824, 0.07918850
33825, 0.07918867
33826, 0.07918884
33827, 0.07918909
33828, 0.07918926
33829, 0.07918943
33830, 0.07918960
33831, 0.07918977
33832, 0.07918994
33833, 0.07919011
33834, 0.07919028
33835, 0.07919045
33836, 0.07919062
33837, 0.07919079
33838, 0.07919096
33839, 0.07919113
33840, 0.07919130
33841, 0.07919147
33842, 0.07919164
33843, 0.07919181
33844, 0.07919199
33845, 0.07919216
33846, 0.07919233
33847, 0.07919250
33848, 0.07919267
33849, 0.07919283
33850, 0.07919300
33851, 0.07919317
33852, 0.07919334
33853, 0.07919351
33854, 0.07919368
33855, 0.07919386
33856, 0.07919402
33857, 0.07919419
33858, 0.07919436
33859, 0.07919453
33860, 0.07919470
33861, 0.07919487
33862, 0.07919505
33863, 0.07919523
33864, 0.07919540
33865, 0.07919557
33866, 0.07919575
33867, 0.07919592
33868, 0.07919610
33869, 0.07919627
33870, 0.07919648
33871, 0.07919665
33872, 0.07919682
33873, 0.07919700
33874, 0.07919717
33875, 0.07919735
33876, 0.07919752
33877, 0.07919769
33878, 0.07919787
33879, 0.07919805
33880, 0.07919822
33881, 0.07919839
33882, 0.07919857
33883, 0.07919874
33884, 0.07919892
33885, 0.07919909
33886, 0.07919926
33887, 0.07919944
33888, 0.07919961
33889, 0.07919979
33890, 0.07919996
33891, 0.07920013
33892, 0.07920031
33893, 0.07920048
33894, 0.07920066
33895, 0.07920083
33896, 0.07920101
33897, 0.07920118
33898, 0.07920137
33899, 0.07920358
33900, 0.07920377
33901, 0.07920395
33902, 0.07920412
33903, 0.07920429
33904, 0.07920446
33905, 0.07920463
33906, 0.07920480
33907, 0.07920497
33908, 0.07920514
33909, 0.07920531
33910, 0.07920548
33911, 0.07920565
33912, 0.07920582
33913, 0.07920599
33914, 0.07920616
33915, 0.07920632
33916, 0.07920649
33917, 0.07920666
33918, 0.07920683
33919, 0.07920700
33920, 0.07920717
33921, 0.07920734
33922, 0.07920750
33923, 0.07920767
33924, 0.07920784
33925, 0.07920801
33926, 0.07920818
33927, 0.07920835
33928, 0.07920852
33929, 0.07920875
33930, 0.07920891
33931, 0.07920908
33932, 0.07920925
33933, 0.07920942
33934, 0.07920959
33935, 0.07920976
33936, 0.07920993
33937, 0.07921010
33938, 0.07921027
33939, 0.07921044
33940, 0.07921062
33941, 0.07921079
33942, 0.07921095
33943, 0.07921113
33944, 0.07921129
33945, 0.07921146
33946, 0.07921163
33947, 0.07921180
33948, 0.07921197
33949, 0.07921215
33950, 0.07921232
33951, 0.07921248
33952, 0.07921266
33953, 0.07921283
33954, 0.07921300
33955, 0.07921317
33956, 0.07921334
33957, 0.07921351
33958, 0.07921367
33959, 0.07921385
33960, 0.07921401
33961, 0.07921418
33962, 0.07921435
33963, 0.07921452
33964, 0.07921469
33965, 0.07921486
33966, 0.07921503
33967, 0.07921520
33968, 0.07921537
33969, 0.07921554
33970, 0.07921571
33971, 0.07921588
33972, 0.07921606
33973, 0.07921625
33974, 0.07921642
33975, 0.07921659
33976, 0.07921676
33977, 0.07921694
33978, 0.07921711
33979, 0.07921728
33980, 0.07921746
33981, 0.07921764
33982, 0.07921782
33983, 0.07921799
33984, 0.07921817
33985, 0.07921835
33986, 0.07921852
33987, 0.07921870
33988, 0.07921888
33989, 0.07921906
33990, 0.07921924
33991, 0.07921942
33992, 0.07921960
33993, 0.07921977
33994, 0.07921995
33995, 0.07922013
33996, 0.07922031
33997, 0.07922048
33998, 0.07922066
33999, 0.07922083
34000, 0.07922100
34001, 0.07922118
34002, 0.07922135
34003, 0.07922152
34004, 0.07922169
34005, 0.07922186
34006, 0.07922203
34007, 0.07922220
34008, 0.07922237
34009, 0.07922254
34010, 0.07922272
34011, 0.07922289
34012, 0.07922306
34013, 0.07922323
34014, 0.07922340
34015, 0.07922357
34016, 0.07922374
34017, 0.07922391
34018, 0.07922408
34019, 0.07922426
34020, 0.07922442
34021, 0.07922459
34022, 0.07922476
34023, 0.07922494
34024, 0.07922512
34025, 0.07922731
34026, 0.07922749
34027, 0.07922766
34028, 0.07922783
34029, 0.07922800
34030, 0.07922817
34031, 0.07922834
34032, 0.07922851
34033, 0.07922868
34034, 0.07922885
34035, 0.07922902
34036, 0.07922919
34037, 0.07922936
34038, 0.07922953
34039, 0.07922970
34040, 0.07922988
34041, 0.07923005
34042, 0.07923028
34043, 0.07923045
34044, 0.07923062
34045, 0.07923079
34046, 0.07923096
34047, 0.07923113
34048, 0.07923131
34049, 0.07923148
34050, 0.07923164
34051, 0.07923182
34052, 0.07923199
34053, 0.07923216
34054, 0.07923233
34055, 0.07923250
34056, 0.07923267
34057, 0.07923284
34058, 0.07923302
34059, 0.07923319
34060, 0.07923336
34061, 0.07923353
34062, 0.07923370
34063, 0.07923387
34064, 0.07923404
34065, 0.07923421
34066, 0.07923438
34067, 0.07923455
34068, 0.07923472
34069, 0.07923489
34070, 0.07923506
34071, 0.07923523
34072, 0.07923540
34073, 0.07923557
34074, 0.07923574
34075, 0.07923591
34076, 0.07923608
34077, 0.07923625
34078, 0.07923642
34079, 0.07923659
34080, 0.07923676
34081, 0.07923693
34082, 0.07923710
34083, 0.07923727
34084, 0.07923744
34085, 0.07923761
34086, 0.07923778
34087, 0.07923795
34088, 0.07923812
34089, 0.07923829
34090, 0.07923847
34091, 0.07923863
34092, 0.07923880
34093, 0.07923897
34094, 0.07923914
34095, 0.07923931
34096, 0.07923948
34097, 0.07923965
34098, 0.07923981
34099, 0.07923999
34100, 0.07924015
34101, 0.07924032
34102, 0.07924049
34103, 0.07924066
34104, 0.07924083
34105, 0.07924100
34106, 0.07924117
34107, 0.07924134
34108, 0.07924151
34109, 0.07924168
34110, 0.07924185
34111, 0.07924202
34112, 0.07924219
34113, 0.07924237
34114, 0.07924254
34115, 0.07924270
34116, 0.07924287
34117, 0.07924304
34118, 0.07924321
34119, 0.07924338
34120, 0.07924355
34121, 0.07924373
34122, 0.07924389
34123, 0.07924406
34124, 0.07924423
34125, 0.07924440
34126, 0.07924457
34127, 0.07924474
34128, 0.07924490
34129, 0.07924508
34130, 0.07924524
34131, 0.07924542
34132, 0.07924559
34133, 0.07924576
34134, 0.07924592
34135, 0.07924610
34136, 0.07924627
34137, 0.07924644
34138, 0.07924661
34139, 0.07924677
34140, 0.07924694
34141, 0.07924712
34142, 0.07924729
34143, 0.07924746
34144, 0.07924763
34145, 0.07924780
34146, 0.07924797
34147, 0.07924814
34148, 0.07924831
34149, 0.07924848
34150, 0.07924866
34151, 0.07925113
34152, 0.07925132
34153, 0.07925150
34154, 0.07925167
34155, 0.07925184
34156, 0.07925201
34157, 0.07925218
34158, 0.07925236
34159, 0.07925253
34160, 0.07925271
34161, 0.07925289
34162, 0.07925306
34163, 0.07925323
34164, 0.07925340
34165, 0.07925357
34166, 0.07925375
34167, 0.07925392
34168, 0.07925410
34169, 0.07925427
34170, 0.07925444
34171, 0.07925461
34172, 0.07925478
34173, 0.07925495
34174, 0.07925513
34175, 0.07925530
34176, 0.07925548
34177, 0.07925564
34178, 0.07925582
34179, 0.07925600
34180, 0.07925617
34181, 0.07925635
34182, 0.07925653
34183, 0.07925670
34184, 0.07925687
34185, 0.07925704
34186, 0.07925722
34187, 0.07925739
34188, 0.07925756
34189, 0.07925774
34190, 0.07925791
34191, 0.07925808
34192, 0.07925825
34193, 0.07925843
34194, 0.07925860
34195, 0.07925877
34196, 0.07925895
34197, 0.07925912
34198, 0.07925928
34199, 0.07925946
34200, 0.07925963
34201, 0.07925980
34202, 0.07925997
34203, 0.07926015
34204, 0.07926031
34205, 0.07926048
34206, 0.07926066
34207, 0.07926083
34208, 0.07926100
34209, 0.07926120
34210, 0.07926138
34211, 0.07926155
34212, 0.07926172
34213, 0.07926189
34214, 0.07926207
34215, 0.07926224
34216, 0.07926241
34217, 0.07926259
34218, 0.07926276
34219, 0.07926293
34220, 0.07926310
34221, 0.07926328
34222, 0.07926345
34223, 0.07926362
34224, 0.07926379
34225, 0.07926396
34226, 0.07926414
34227, 0.07926431
34228, 0.07926448
34229, 0.07926465
34230, 0.07926482
34231, 0.07926499
34232, 0.07926516
34233, 0.07926534
34234, 0.07926551
34235, 0.07926569
34236, 0.07926586
34237, 0.07926603
34238, 0.07926620
34239, 0.07926638
34240, 0.07926655
34241, 0.07926672
34242, 0.07926689
34243, 0.07926707
34244, 0.07926724
34245, 0.07926741
34246, 0.07926759
34247, 0.07926776
34248, 0.07926793
34249, 0.07926810
34250, 0.07926828
34251, 0.07926845
34252, 0.07926862
34253, 0.07926879
34254, 0.07926897
34255, 0.07926914
34256, 0.07926931
34257, 0.07926948
34258, 0.07926965
34259, 0.07926983
34260, 0.07927000
34261, 0.07927017
34262, 0.07927034
34263, 0.07927052
34264, 0.07927069
34265, 0.07927086
34266, 0.07927103
34267, 0.07927121
34268, 0.07927138
34269, 0.07927155
34270, 0.07927172
34271, 0.07927189
34272, 0.07927207
34273, 0.07927224
34274, 0.07927241
34275, 0.07927258
34276, 0.07927277
34277, 0.07927491
34278, 0.07927509
34279, 0.07927526
34280, 0.07927543
34281, 0.07927560
34282, 0.07927577
34283, 0.07927594
34284, 0.07927611
34285, 0.07927628
34286, 0.07927645
34287, 0.07927662
34288, 0.07927679
34289, 0.07927696
34290, 0.07927713
34291, 0.07927729
34292, 0.07927746
34293, 0.07927763
34294, 0.07927780
34295, 0.07927797
34296, 0.07927814
34297, 0.07927831
34298, 0.07927848
34299, 0.07927865
34300, 0.07927882
34301, 0.07927899
34302, 0.07927916
34303, 0.07927942
34304, 0.07927959
34305, 0.07927976
34306, 0.07927993
34307, 0.07928010
34308, 0.07928027
34309, 0.07928044
34310, 0.07928061
34311, 0.07928086
34312, 0.07928103
34313, 0.07928120
34314, 0.07928137
34315, 0.07928154
34316, 0.07928171
34317, 0.07928188
34318, 0.07928205
34319, 0.07928230
34320, 0.07928247
34321, 0.07928264
34322, 0.07928281
34323, 0.07928297
34324, 0.07928314
34325, 0.07928331
34326, 0.07928348
34327, 0.07928375
34328, 0.07928392
34329, 0.07928409
34330, 0.07928426
34331, 0.07928443
34332, 0.07928461
34333, 0.07928478
34334, 0.07928495
34335, 0.07928519
34336, 0.07928536
34337, 0.07928553
34338, 0.07928570
34339, 0.07928588
34340, 0.07928604
34341, 0.07928622
34342, 0.07928639
34343, 0.07928663
34344, 0.07928680
34345, 0.07928697
34346, 0.07928714
34347, 0.07928731
34348, 0.07928748
34349, 0.07928765
34350, 0.07928782
34351, 0.07928812
34352, 0.07928829
34353, 0.07928847
34354, 0.07928863
34355, 0.07928880
34356, 0.07928897
34357, 0.07928915
34358, 0.07928931
34359, 0.07928956
34360, 0.07928972
34361, 0.07928990
34362, 0.07929007
34363, 0.07929023
34364, 0.07929040
34365, 0.07929057
34366, 0.07929075
34367, 0.07929103
34368, 0.07929121
34369, 0.07929138
34370, 0.07929156
34371, 0.07929173
34372, 0.07929190
34373, 0.07929208
34374, 0.07929225
34375, 0.07929250
34376, 0.07929268
34377, 0.07929285
34378, 0.07929303
34379, 0.07929320
34380, 0.07929337
34381, 0.07929355
34382, 0.07929372
34383, 0.07929390
34384, 0.07929407
34385, 0.07929424
34386, 0.07929442
34387, 0.07929459
34388, 0.07929477
34389, 0.07929494
34390, 0.07929512
34391, 0.07929529
34392, 0.07929547
34393, 0.07929564
34394, 0.07929581
34395, 0.07929599
34396, 0.07929616
34397, 0.07929634
34398, 0.07929651
34399, 0.07929669
34400, 0.07929686
34401, 0.07929704
34402, 0.07929722
34403, 0.07929949
34404, 0.07929968
34405, 0.07929985
34406, 0.07930003
34407, 0.07930020
34408, 0.07930036
34409, 0.07930053
34410, 0.07930069
34411, 0.07930086
34412, 0.07930102
34413, 0.07930119
34414, 0.07930136
34415, 0.07930152
34416, 0.07930169
34417, 0.07930186
34418, 0.07930202
34419, 0.07930219
34420, 0.07930235
34421, 0.07930252
34422, 0.07930269
34423, 0.07930285
34424, 0.07930302
34425, 0.07930319
34426, 0.07930335
34427, 0.07930352
34428, 0.07930368
34429, 0.07930385
34430, 0.07930402
34431, 0.07930418
34432, 0.07930435
34433, 0.07930452
34434, 0.07930468
34435, 0.07930485
34436, 0.07930501
34437, 0.07930518
34438, 0.07930541
34439, 0.07930558
34440, 0.07930574
34441, 0.07930591
34442, 0.07930607
34443, 0.07930624
34444, 0.07930640
34445, 0.07930657
34446, 0.07930674
34447, 0.07930690
34448, 0.07930707
34449, 0.07930724
34450, 0.07930740
34451, 0.07930757
34452, 0.07930774
34453, 0.07930790
34454, 0.07930807
34455, 0.07930824
34456, 0.07930840
34457, 0.07930857
34458, 0.07930873
34459, 0.07930890
34460, 0.07930907
34461, 0.07930923
34462, 0.07930940
34463, 0.07930957
34464, 0.07930973
34465, 0.07930990
34466, 0.07931007
34467, 0.07931023
34468, 0.07931040
34469, 0.07931056
34470, 0.07931073
34471, 0.07931090
34472, 0.07931106
34473, 0.07931123
34474, 0.07931140
34475, 0.07931156
34476, 0.07931173
34477, 0.07931190
34478, 0.07931207
34479, 0.07931223
34480, 0.07931240
34481, 0.07931257
34482, 0.07931273
34483, 0.07931290
34484, 0.07931307
34485, 0.07931323
34486, 0.07931340
34487, 0.07931357
34488, 0.07931373
34489, 0.07931390
34490, 0.07931407
34491, 0.07931423
34492, 0.07931440
34493, 0.07931457
34494, 0.07931473
34495, 0.07931497
34496, 0.07931514
34497, 0.07931530
34498, 0.07931547
34499, 0.07931564
34500, 0.07931580
34501, 0.07931597
34502, 0.07931614
34503, 0.07931631
34504, 0.07931647
34505, 0.07931664
34506, 0.07931681
34507, 0.07931698
34508, 0.07931715
34509, 0.07931731
34510, 0.07931748
34511, 0.07931765
34512, 0.07931781
34513, 0.07931798
34514, 0.07931815
34515, 0.07931832
34516, 0.07931848
34517, 0.07931865
34518, 0.07931882
34519, 0.07931898
34520, 0.07931915
34521, 0.07931932
34522, 0.07931949
34523, 0.07931965
34524, 0.07931982
34525, 0.07931999
34526, 0.07932016
34527, 0.07932032
34528, 0.07932050
34529, 0.07932276
34530, 0.07932294
34531, 0.07932311
34532, 0.07932328
34533, 0.07932345
34534, 0.07932362
34535, 0.07932378
34536, 0.07932395
34537, 0.07932412
34538, 0.07932428
34539, 0.07932445
34540, 0.07932462
34541, 0.07932479
34542, 0.07932496
34543, 0.07932512
34544, 0.07932529
34545, 0.07932546
34546, 0.07932562
34547, 0.07932579
34548, 0.07932596
34549, 0.07932613
34550, 0.07932629
34551, 0.07932646
34552, 0.07932663
34553, 0.07932680
34554, 0.07932696
34555, 0.07932713
34556, 0.07932730
34557, 0.07932747
34558, 0.07932764
34559, 0.07932780
34560, 0.07932805
34561, 0.07932821
34562, 0.07932838
34563, 0.07932855
34564, 0.07932872
34565, 0.07932889
34566, 0.07932905
34567, 0.07932922
34568, 0.07932939
34569, 0.07932955
34570, 0.07932972
34571, 0.07932989
34572, 0.07933006
34573, 0.07933023
34574, 0.07933040
34575, 0.07933057
34576, 0.07933080
34577, 0.07933096
34578, 0.07933113
34579, 0.07933130
34580, 0.07933147
34581, 0.07933164
34582, 0.07933181
34583, 0.07933198
34584, 0.07933215
34585, 0.07933232
34586, 0.07933248
34587, 0.07933265
34588, 0.07933282
34589, 0.07933299
34590, 0.07933315
34591, 0.07933332
34592, 0.07933350
34593, 0.07933367
34594, 0.07933384
34595, 0.07933401
34596, 0.07933417
34597, 0.07933434
34598, 0.07933451
34599, 0.07933468
34600, 0.07933485
34601, 0.07933501
34602, 0.07933518
34603, 0.07933537
34604, 0.07933554
34605, 0.07933570
34606, 0.07933587
34607, 0.07933604
34608, 0.07933621
34609, 0.07933638
34610, 0.07933654
34611, 0.07933671
34612, 0.07933688
34613, 0.07933705
34614, 0.07933722
34615, 0.07933738
34616, 0.07933755
34617, 0.07933772
34618, 0.07933788
34619, 0.07933805
34620, 0.07933822
34621, 0.07933839
34622, 0.07933856
34623, 0.07933873
34624, 0.07933890
34625, 0.07933907
34626, 0.07933924
34627, 0.07933940
34628, 0.07933957
34629, 0.07933974
34630, 0.07933990
34631, 0.07934007
34632, 0.07934024
34633, 0.07934041
34634, 0.07934058
34635, 0.07934078
34636, 0.07934095
34637, 0.07934112
34638, 0.07934128
34639, 0.07934145
34640, 0.07934162
34641, 0.07934179
34642, 0.07934196
34643, 0.07934212
34644, 0.07934229
34645, 0.07934246
34646, 0.07934263
34647, 0.07934279
34648, 0.07934296
34649, 0.07934313
34650, 0.07934330
34651, 0.07934346
34652, 0.07934363
34653, 0.07934380
34654, 0.07934398
34655, 0.07934620
34656, 0.07934639
34657, 0.07934656
34658, 0.07934673
34659, 0.07934690
34660, 0.07934707
34661, 0.07934724
34662, 0.07934741
34663, 0.07934758
34664, 0.07934775
34665, 0.07934792
34666, 0.07934809
34667, 0.07934826
34668, 0.07934843
34669, 0.07934860
34670, 0.07934878
34671, 0.07934895
34672, 0.07934912
34673, 0.07934929
34674, 0.07934945
34675, 0.07934964
34676, 0.07934981
34677, 0.07934998
34678, 0.07935014
34679, 0.07935032
34680, 0.07935049
34681, 0.07935066
34682, 0.07935083
34683, 0.07935100
34684, 0.07935119
34685, 0.07935135
34686, 0.07935152
34687, 0.07935169
34688, 0.07935186
34689, 0.07935203
34690, 0.07935220
34691, 0.07935237
34692, 0.07935254
34693, 0.07935271
34694, 0.07935287
34695, 0.07935304
34696, 0.07935321
34697, 0.07935338
34698, 0.07935355
34699, 0.07935372
34700, 0.07935392
34701, 0.07935409
34702, 0.07935425
34703, 0.07935442
34704, 0.07935459
34705, 0.07935476
34706, 0.07935493
34707, 0.07935509
34708, 0.07935526
34709, 0.07935544
34710, 0.07935561
34711, 0.07935583
34712, 0.07935602
34713, 0.07935619
34714, 0.07935636
34715, 0.07935652
34716, 0.07935670
34717, 0.07935687
34718, 0.07935704
34719, 0.07935721
34720, 0.07935738
34721, 0.07935755
34722, 0.07935771
34723, 0.07935788
34724, 0.07935805
34725, 0.07935822
34726, 0.07935839
34727, 0.07935856
34728, 0.07935873
34729, 0.07935890
34730, 0.07935907
34731, 0.07935927
34732, 0.07935944
34733, 0.07935961
34734, 0.07935978
34735, 0.07936005
34736, 0.07936021
34737, 0.07936038
34738, 0.07936055
34739, 0.07936072
34740, 0.07936089
34741, 0.07936106
34742, 0.07936125
34743, 0.07936142
34744, 0.07936158
34745, 0.07936175
34746, 0.07936192
34747, 0.07936209
34748, 0.07936226
34749, 0.07936243
34750, 0.07936260
34751, 0.07936276
34752, 0.07936293
34753, 0.07936310
34754, 0.07936327
34755, 0.07936344
34756, 0.07936360
34757, 0.07936377
34758, 0.07936394
34759, 0.07936411
34760, 0.07936428
34761, 0.07936445
34762, 0.07936461
34763, 0.07936479
34764, 0.07936496
34765, 0.07936513
34766, 0.07936529
34767, 0.07936547
34768, 0.07936564
34769, 0.07936580
34770, 0.07936597
34771, 0.07936614
34772, 0.07936631
34773, 0.07936648
34774, 0.07936665
34775, 0.07936682
34776, 0.07936699
34777, 0.07936716
34778, 0.07936733
34779, 0.07936750
34780, 0.07936768
34781, 0.07936986
34782, 0.07937006
34783, 0.07937024
34784, 0.07937041
34785, 0.07937058
34786, 0.07937076
34787, 0.07937093
34788, 0.07937110
34789, 0.07937126
34790, 0.07937143
34791, 0.07937160
34792, 0.07937177
34793, 0.07937194
34794, 0.07937211
34795, 0.07937227
34796, 0.07937244
34797, 0.07937261
34798, 0.07937278
34799, 0.07937295
34800, 0.07937311
34801, 0.07937328
34802, 0.07937345
34803, 0.07937362
34804, 0.07937378
34805, 0.07937395
34806, 0.07937412
34807, 0.07937428
34808, 0.07937445
34809, 0.07937462
34810, 0.07937478
34811, 0.07937495
34812, 0.07937512
34813, 0.07937529
34814, 0.07937545
34815, 0.07937562
34816, 0.07937579
34817, 0.07937596
34818, 0.07937613
34819, 0.07937630
34820, 0.07937647
34821, 0.07937664
34822, 0.07937680
34823, 0.07937697
34824, 0.07937714
34825, 0.07937731
34826, 0.07937748
34827, 0.07937764
34828, 0.07937781
34829, 0.07937798
34830, 0.07937815
34831, 0.07937832
34832, 0.07937849
34833, 0.07937865
34834, 0.07937882
34835, 0.07937899
34836, 0.07937916
34837, 0.07937933
34838, 0.07937950
34839, 0.07937967
34840, 0.07937983
34841, 0.07938000
34842, 0.07938017
34843, 0.07938034
34844, 0.07938051
34845, 0.07938067
34846, 0.07938084
34847, 0.07938101
34848, 0.07938118
34849, 0.07938135
34850, 0.07938151
34851, 0.07938168
34852, 0.07938185
34853, 0.07938202
34854, 0.07938219
34855, 0.07938235
34856, 0.07938259
34857, 0.07938275
34858, 0.07938292
34859, 0.07938309
34860, 0.07938326
34861, 0.07938343
34862, 0.07938360
34863, 0.07938377
34864, 0.07938394
34865, 0.07938411
34866, 0.07938427
34867, 0.07938444
34868, 0.07938461
34869, 0.07938478
34870, 0.07938495
34871, 0.07938512
34872, 0.07938529
34873, 0.07938545
34874, 0.07938562
34875, 0.07938579
34876, 0.07938596
34877, 0.07938613
34878, 0.07938630
34879, 0.07938647
34880, 0.07938664
34881, 0.07938681
34882, 0.07938697
34883, 0.07938714
34884, 0.07938731
34885, 0.07938748
34886, 0.07938765
34887, 0.07938782
34888, 0.07938799
34889, 0.07938815
34890, 0.07938832
34891, 0.07938849
34892, 0.07938866
34893, 0.07938883
34894, 0.07938900
34895, 0.07938916
34896, 0.07938933
34897, 0.07938950
34898, 0.07938967
34899, 0.07938984
34900, 0.07939001
34901, 0.07939018
34902, 0.07939034
34903, 0.07939061
34904, 0.07939084
34905, 0.07939101
34906, 0.07939119
34907, 0.07939335
34908, 0.07939360
34909, 0.07939377
34910, 0.07939395
34911, 0.07939413
34912, 0.07939430
34913, 0.07939447
34914, 0.07939464
34915, 0.07939481
34916, 0.07939498
34917, 0.07939515
34918, 0.07939533
34919, 0.07939550
34920, 0.07939567
34921, 0.07939584
34922, 0.07939602
34923, 0.07939619
34924, 0.07939636
34925, 0.07939653
34926, 0.07939670
34927, 0.07939687
34928, 0.07939705
34929, 0.07939722
34930, 0.07939739
34931, 0.07939757
34932, 0.07939774
34933, 0.07939791
34934, 0.07939808
34935, 0.07939826
34936, 0.07939843
34937, 0.07939860
34938, 0.07939877
34939, 0.07939895
34940, 0.07939915
34941, 0.07939932
34942, 0.07939963
34943, 0.07939980
34944, 0.07939997
34945, 0.07940014
34946, 0.07940031
34947, 0.07940048
34948, 0.07940065
34949, 0.07940082
34950, 0.07940099
34951, 0.07940116
34952, 0.07940133
34953, 0.07940150
34954, 0.07940167
34955, 0.07940184
34956, 0.07940202
34957, 0.07940218
34958, 0.07940236
34959, 0.07940253
34960, 0.07940270
34961, 0.07940290
34962, 0.07940307
34963, 0.07940324
34964, 0.07940341
34965, 0.07940358
34966, 0.07940375
34967, 0.07940393
34968, 0.07940410
34969, 0.07940427
34970, 0.07940444
34971, 0.07940461
34972, 0.07940478
34973, 0.07940495
34974, 0.07940513
34975, 0.07940529
34976, 0.07940547
34977, 0.07940564
34978, 0.07940580
34979, 0.07940599
34980, 0.07940616
34981, 0.07940634
34982, 0.07940651
34983, 0.07940668
34984, 0.07940685
34985, 0.07940702
34986, 0.07940719
34987, 0.07940736
34988, 0.07940753
34989, 0.07940770
34990, 0.07940788
34991, 0.07940805
34992, 0.07940822
34993, 0.07940839
34994, 0.07940857
34995, 0.07940874
34996, 0.07940891
34997, 0.07940908
34998, 0.07940925
34999, 0.07940942
35000, 0.07940959
35001, 0.07940976
35002, 0.07940993
35003, 0.07941011
35004, 0.07941028
35005, 0.07941045
35006, 0.07941062
35007, 0.07941079
35008, 0.07941099
35009, 0.07941116
35010, 0.07941134
35011, 0.07941151
35012, 0.07941168
35013, 0.07941185
35014, 0.07941202
35015, 0.07941220
35016, 0.07941237
35017, 0.07941256
35018, 0.07941273
35019, 0.07941291
35020, 0.07941309
35021, 0.07941326
35022, 0.07941344
35023, 0.07941361
35024, 0.07941378
35025, 0.07941396
35026, 0.07941414
35027, 0.07941431
35028, 0.07941448
35029, 0.07941465
35030, 0.07941482
35031, 0.07941499
35032, 0.07941517
35033, 0.07941728
35034, 0.07941747
35035, 0.07941765
35036, 0.07941782
35037, 0.07941800
35038, 0.07941817
35039, 0.07941835
35040, 0.07941852
35041, 0.07941869
35042, 0.07941886
35043, 0.07941904
35044, 0.07941921
35045, 0.07941939
35046, 0.07941957
35047, 0.07941974
35048, 0.07941992
35049, 0.07942008
35050, 0.07942025
35051, 0.07942042
35052, 0.07942060
35053, 0.07942077
35054, 0.07942094
35055, 0.07942112
35056, 0.07942129
35057, 0.07942147
35058, 0.07942164
35059, 0.07942182
35060, 0.07942200
35061, 0.07942217
35062, 0.07942234
35063, 0.07942251
35064, 0.07942268
35065, 0.07942285
35066, 0.07942302
35067, 0.07942319
35068, 0.07942336
35069, 0.07942354
35070, 0.07942371
35071, 0.07942387
35072, 0.07942404
35073, 0.07942422
35074, 0.07942439
35075, 0.07942456
35076, 0.07942473
35077, 0.07942490
35078, 0.07942507
35079, 0.07942524
35080, 0.07942542
35081, 0.07942559
35082, 0.07942576
35083, 0.07942593
35084, 0.07942610
35085, 0.07942627
35086, 0.07942644
35087, 0.07942661
35088, 0.07942684
35089, 0.07942701
35090, 0.07942718
35091, 0.07942736
35092, 0.07942753
35093, 0.07942770
35094, 0.07942787
35095, 0.07942804
35096, 0.07942821
35097, 0.07942838
35098, 0.07942856
35099, 0.07942873
35100, 0.07942890
35101, 0.07942907
35102, 0.07942924
35103, 0.07942941
35104, 0.07942959
35105, 0.07942976
35106, 0.07942993
35107, 0.07943010
35108, 0.07943027
35109, 0.07943044
35110, 0.07943061
35111, 0.07943078
35112, 0.07943095
35113, 0.07943112
35114, 0.07943129
35115, 0.07943147
35116, 0.07943164
35117, 0.07943181
35118, 0.07943198
35119, 0.07943215
35120, 0.07943232
35121, 0.07943249
35122, 0.07943267
35123, 0.07943286
35124, 0.07943303
35125, 0.07943320
35126, 0.07943337
35127, 0.07943354
35128, 0.07943371
35129, 0.07943388
35130, 0.07943405
35131, 0.07943423
35132, 0.07943440
35133, 0.07943457
35134, 0.07943474
35135, 0.07943491
35136, 0.07943508
35137, 0.07943526
35138, 0.07943543
35139, 0.07943560
35140, 0.07943578
35141, 0.07943595
35142, 0.07943612
35143, 0.07943629
35144, 0.07943646
35145, 0.07943663
35146, 0.07943681
35147, 0.07943698
35148, 0.07943715
35149, 0.07943732
35150, 0.07943750
35151, 0.07943767
35152, 0.07943784
35153, 0.07943802
35154, 0.07943819
35155, 0.07943836
35156, 0.07943853
35157, 0.07943870
35158, 0.07943889
35159, 0.07944107
35160, 0.07944127
35161, 0.07944144
35162, 0.07944162
35163, 0.07944179
35164, 0.07944196
35165, 0.07944212
35166, 0.07944230
35167, 0.07944246
35168, 0.07944263
35169, 0.07944280
35170, 0.07944296
35171, 0.07944313
35172, 0.07944330
35173, 0.07944347
35174, 0.07944363
35175, 0.07944380
35176, 0.07944397
35177, 0.07944413
35178, 0.07944430
35179, 0.07944447
35180, 0.07944464
35181, 0.07944481
35182, 0.07944498
35183, 0.07944514
35184, 0.07944531
35185, 0.07944548
35186, 0.07944565
35187, 0.07944581
35188, 0.07944598
35189, 0.07944616
35190, 0.07944633
35191, 0.07944650
35192, 0.07944666
35193, 0.07944683
35194, 0.07944700
35195, 0.07944717
35196, 0.07944734
35197, 0.07944751
35198, 0.07944767
35199, 0.07944784
35200, 0.07944801
35201, 0.07944818
35202, 0.07944835
35203, 0.07944852
35204, 0.07944869
35205, 0.07944885
35206, 0.07944903
35207, 0.07944919
35208, 0.07944936
35209, 0.07944953
35210, 0.07944970
35211, 0.07944987
35212, 0.07945004
35213, 0.07945021
35214, 0.07945038
35215, 0.07945055
35216, 0.07945072
35217, 0.07945088
35218, 0.07945105
35219, 0.07945122
35220, 0.07945139
35221, 0.07945156
35222, 0.07945173
35223, 0.07945189
35224, 0.07945206
35225, 0.07945223
35226, 0.07945240
35227, 0.07945257
35228, 0.07945274
35229, 0.07945290
35230, 0.07945307
35231, 0.07945324
35232, 0.07945341
35233, 0.07945358
35234, 0.07945375
35235, 0.07945391
35236, 0.07945412
35237, 0.07945429
35238, 0.07945446
35239, 0.07945463
35240, 0.07945479
35241, 0.07945496
35242, 0.07945513
35243, 0.07945530
35244, 0.07945547
35245, 0.07945564
35246, 0.07945580
35247, 0.07945597
35248, 0.07945614
35249, 0.07945635
35250, 0.07945651
35251, 0.07945669
35252, 0.07945686
35253, 0.07945704
35254, 0.07945722
35255, 0.07945739
35256, 0.07945757
35257, 0.07945775
35258, 0.07945792
35259, 0.07945810
35260, 0.07945828
35261, 0.07945845
35262, 0.07945863
35263, 0.07945881
35264, 0.07945898
35265, 0.07945916
35266, 0.07945933
35267, 0.07945951
35268, 0.07945969
35269, 0.07945986
35270, 0.07946004
35271, 0.07946022
35272, 0.07946039
35273, 0.07946057
35274, 0.07946074
35275, 0.07946092
35276, 0.07946110
35277, 0.07946128
35278, 0.07946145
35279, 0.07946164
35280, 0.07946181
35281, 0.07946199
35282, 0.07946217
35283, 0.07946234
35284, 0.07946253
35285, 0.07946471
35286, 0.07946490
35287, 0.07946508
35288, 0.07946525
35289, 0.07946542
35290, 0.07946558
35291, 0.07946575
35292, 0.07946592
35293, 0.07946609
35294, 0.07946625
35295, 0.07946642
35296, 0.07946659
35297, 0.07946676
35298, 0.07946693
35299, 0.07946709
35300, 0.07946726
35301, 0.07946743
35302, 0.07946759
35303, 0.07946776
35304, 0.07946792
35305, 0.07946809
35306, 0.07946826
35307, 0.07946842
35308, 0.07946859
35309, 0.07946876
35310, 0.07946893
35311, 0.07946909
35312, 0.07946926
35313, 0.07946943
35314, 0.07946959
35315, 0.07946976
35316, 0.07946993
35317, 0.07947009
35318, 0.07947026
35319, 0.07947043
35320, 0.07947059
35321, 0.07947076
35322, 0.07947093
35323, 0.07947109
35324, 0.07947126
35325, 0.07947143
35326, 0.07947160
35327, 0.07947176
35328, 0.07947193
35329, 0.07947210
35330, 0.07947226
35331, 0.07947243
35332, 0.07947259
35333, 0.07947276
35334, 0.07947293
35335, 0.07947317
35336, 0.07947334
35337, 0.07947350
35338, 0.07947367
35339, 0.07947384
35340, 0.07947400
35341, 0.07947417
35342, 0.07947434
35343, 0.07947458
35344, 0.07947475
35345, 0.07947492
35346, 0.07947508
35347, 0.07947525
35348, 0.07947542
35349, 0.07947558
35350, 0.07947575
35351, 0.07947599
35352, 0.07947616
35353, 0.07947632
35354, 0.07947649
35355, 0.07947666
35356, 0.07947683
35357, 0.07947699
35358, 0.07947716
35359, 0.07947754
35360, 0.07947771
35361, 0.07947788
35362, 0.07947805
35363, 0.07947821
35364, 0.07947838
35365, 0.07947855
35366, 0.07947871
35367, 0.07947895
35368, 0.07947911
35369, 0.07947928
35370, 0.07947945
35371, 0.07947961
35372, 0.07947978
35373, 0.07947995
35374, 0.07948012
35375, 0.07948037
35376, 0.07948054
35377, 0.07948070
35378, 0.07948087
35379, 0.07948105
35380, 0.07948122
35381, 0.07948139
35382, 0.07948156
35383, 0.07948180
35384, 0.07948197
35385, 0.07948214
35386, 0.07948231
35387, 0.07948248
35388, 0.07948265
35389, 0.07948282
35390, 0.07948299
35391, 0.07948323
35392, 0.07948340
35393, 0.07948357
35394, 0.07948373
35395, 0.07948391
35396, 0.07948408
35397, 0.07948425
35398, 0.07948442
35399, 0.07948458
35400, 0.07948475
35401, 0.07948492
35402, 0.07948509
35403, 0.07948526
35404, 0.07948543
35405, 0.07948560
35406, 0.07948577
35407, 0.07948594
35408, 0.07948611
35409, 0.07948628
35410, 0.07948647
35411, 0.07948886
35412, 0.07948905
35413, 0.07948923
35414, 0.07948940
35415, 0.07948958
35416, 0.07948975
35417, 0.07948992
35418, 0.07949009
35419, 0.07949026
35420, 0.07949043
35421, 0.07949059
35422, 0.07949076
35423, 0.07949093
35424, 0.07949110
35425, 0.07949127
35426, 0.07949143
35427, 0.07949160
35428, 0.07949177
35429, 0.07949193
35430, 0.07949210
35431, 0.07949227
35432, 0.07949244
35433, 0.07949261
35434, 0.07949277
35435, 0.07949294
35436, 0.07949311
35437, 0.07949328
35438, 0.07949345
35439, 0.07949361
35440, 0.07949378
35441, 0.07949395
35442, 0.07949412
35443, 0.07949429
35444, 0.07949445
35445, 0.07949462
35446, 0.07949478
35447, 0.07949495
35448, 0.07949512
35449, 0.07949529
35450, 0.07949546
35451, 0.07949563
35452, 0.07949579
35453, 0.07949596
35454, 0.07949613
35455, 0.07949629
35456, 0.07949646
35457, 0.07949663
35458, 0.07949680
35459, 0.07949696
35460, 0.07949713
35461, 0.07949730
35462, 0.07949747
35463, 0.07949763
35464, 0.07949780
35465, 0.07949797
35466, 0.07949814
35467, 0.07949830
35468, 0.07949847
35469, 0.07949864
35470, 0.07949881
35471, 0.07949897
35472, 0.07949914
35473, 0.07949931
35474, 0.07949948
35475, 0.07949964
35476, 0.07949981
35477, 0.07949998
35478, 0.07950015
35479, 0.07950031
35480, 0.07950048
35481, 0.07950065
35482, 0.07950082
35483, 0.07950098
35484, 0.07950115
35485, 0.07950132
35486, 0.07950148
35487, 0.07950165
35488, 0.07950182
35489, 0.07950199
35490, 0.07950215
35491, 0.07950232
35492, 0.07950249
35493, 0.07950266
35494, 0.07950282
35495, 0.07950299
35496, 0.07950316
35497, 0.07950332
35498, 0.07950349
35499, 0.07950366
35500, 0.07950383
35501, 0.07950400
35502, 0.07950417
35503, 0.07950434
35504, 0.07950451
35505, 0.07950468
35506, 0.07950485
35507, 0.07950502
35508, 0.07950519
35509, 0.07950536
35510, 0.07950553
35511, 0.07950570
35512, 0.07950587
35513, 0.07950603
35514, 0.07950620
35515, 0.07950637
35516, 0.07950655
35517, 0.07950671
35518, 0.07950688
35519, 0.07950705
35520, 0.07950722
35521, 0.07950740
35522, 0.07950756
35523, 0.07950774
35524, 0.07950790
35525, 0.07950808
35526, 0.07950824
35527, 0.07950841
35528, 0.07950859
35529, 0.07950875
35530, 0.07950892
35531, 0.07950909
35532, 0.07950926
35533, 0.07950943
35534, 0.07950960
35535, 0.07950977
35536, 0.07950996
35537, 0.07951208
35538, 0.07951226
35539, 0.07951245
35540, 0.07951262
35541, 0.07951279
35542, 0.07951295
35543, 0.07951312
35544, 0.07951329
35545, 0.07951346
35546, 0.07951363
35547, 0.07951380
35548, 0.07951397
35549, 0.07951413
35550, 0.07951430
35551, 0.07951447
35552, 0.07951464
35553, 0.07951481
35554, 0.07951498
35555, 0.07951514
35556, 0.07951531
35557, 0.07951548
35558, 0.07951565
35559, 0.07951582
35560, 0.07951599
35561, 0.07951616
35562, 0.07951632
35563, 0.07951649
35564, 0.07951666
35565, 0.07951683
35566, 0.07951700
35567, 0.07951716
35568, 0.07951733
35569, 0.07951750
35570, 0.07951766
35571, 0.07951783
35572, 0.07951800
35573, 0.07951816
35574, 0.07951833
35575, 0.07951850
35576, 0.07951866
35577, 0.07951883
35578, 0.07951900
35579, 0.07951916
35580, 0.07951933
35581, 0.07951950
35582, 0.07951967
35583, 0.07951983
35584, 0.07952000
35585, 0.07952017
35586, 0.07952034
35587, 0.07952050
35588, 0.07952067
35589, 0.07952084
35590, 0.07952101
35591, 0.07952117
35592, 0.07952134
35593, 0.07952151
35594, 0.07952168
35595, 0.07952185
35596, 0.07952201
35597, 0.07952218
35598, 0.07952235
35599, 0.07952251
35600, 0.07952268
35601, 0.07952285
35602, 0.07952301
35603, 0.07952318
35604, 0.07952335
35605, 0.07952352
35606, 0.07952368
35607, 0.07952385
35608, 0.07952402
35609, 0.07952418
35610, 0.07952435
35611, 0.07952452
35612, 0.07952468
35613, 0.07952485
35614, 0.07952502
35615, 0.07952518
35616, 0.07952535
35617, 0.07952552
35618, 0.07952569
35619, 0.07952585
35620, 0.07952602
35621, 0.07952619
35622, 0.07952635
35623, 0.07952652
35624, 0.07952669
35625, 0.07952686
35626, 0.07952703
35627, 0.07952720
35628, 0.07952737
35629, 0.07952754
35630, 0.07952771
35631, 0.07952788
35632, 0.07952804
35633, 0.07952821
35634, 0.07952838
35635, 0.07952855
35636, 0.07952872
35637, 0.07952889
35638, 0.07952906
35639, 0.07952923
35640, 0.07952940
35641, 0.07952957
35642, 0.07952974
35643, 0.07952991
35644, 0.07953008
35645, 0.07953025
35646, 0.07953042
35647, 0.07953059
35648, 0.07953076
35649, 0.07953093
35650, 0.07953110
35651, 0.07953127
35652, 0.07953144
35653, 0.07953160
35654, 0.07953177
35655, 0.07953195
35656, 0.07953211
35657, 0.07953228
35658, 0.07953245
35659, 0.07953262
35660, 0.07953279
35661, 0.07953296
35662, 0.07953314
35663, 0.07953531
35664, 0.07953548
35665, 0.07953565
35666, 0.07953582
35667, 0.07953599
35668, 0.07953616
35669, 0.07953633
35670, 0.07953649
35671, 0.07953666
35672, 0.07953683
35673, 0.07953700
35674, 0.07953717
35675, 0.07953734
35676, 0.07953750
35677, 0.07953767
35678, 0.07953784
35679, 0.07953800
35680, 0.07953817
35681, 0.07953834
35682, 0.07953850
35683, 0.07953867
35684, 0.07953884
35685, 0.07953901
35686, 0.07953917
35687, 0.07953934
35688, 0.07953950
35689, 0.07953966
35690, 0.07953983
35691, 0.07953999
35692, 0.07954016
35693, 0.07954032
35694, 0.07954049
35695, 0.07954065
35696, 0.07954082
35697, 0.07954099
35698, 0.07954115
35699, 0.07954132
35700, 0.07954148
35701, 0.07954165
35702, 0.07954181
35703, 0.07954198
35704, 0.07954215
35705, 0.07954231
35706, 0.07954248
35707, 0.07954265
35708, 0.07954281
35709, 0.07954298
35710, 0.07954314
35711, 0.07954331
35712, 0.07954347
35713, 0.07954364
35714, 0.07954380
35715, 0.07954397
35716, 0.07954413
35717, 0.07954429
35718, 0.07954446
35719, 0.07954462
35720, 0.07954479
35721, 0.07954495
35722, 0.07954512
35723, 0.07954528
35724, 0.07954545
35725, 0.07954561
35726, 0.07954578
35727, 0.07954595
35728, 0.07954611
35729, 0.07954628
35730, 0.07954645
35731, 0.07954661
35732, 0.07954678
35733, 0.07954694
35734, 0.07954711
35735, 0.07954727
35736, 0.07954744
35737, 0.07954761
35738, 0.07954777
35739, 0.07954794
35740, 0.07954810
35741, 0.07954827
35742, 0.07954843
35743, 0.07954860
35744, 0.07954877
35745, 0.07954893
35746, 0.07954910
35747, 0.07954926
35748, 0.07954943
35749, 0.07954960
35750, 0.07954976
35751, 0.07954993
35752, 0.07955010
35753, 0.07955026
35754, 0.07955043
35755, 0.07955059
35756, 0.07955076
35757, 0.07955093
35758, 0.07955109
35759, 0.07955126
35760, 0.07955142
35761, 0.07955159
35762, 0.07955175
35763, 0.07955192
35764, 0.07955208
35765, 0.07955225
35766, 0.07955242
35767, 0.07955258
35768, 0.07955275
35769, 0.07955291
35770, 0.07955307
35771, 0.07955324
35772, 0.07955340
35773, 0.07955357
35774, 0.07955373
35775, 0.07955390
35776, 0.07955406
35777, 0.07955423
35778, 0.07955440
35779, 0.07955456
35780, 0.07955473
35781, 0.07955489
35782, 0.07955506
35783, 0.07955522
35784, 0.07955539
35785, 0.07955556
35786, 0.07955572
35787, 0.07955589
35788, 0.07955607
35789, 0.07955836
35790, 0.07955854
35791, 0.07955871
35792, 0.07955888
35793, 0.07955904
35794, 0.07955921
35795, 0.07955937
35796, 0.07955954
35797, 0.07955971
35798, 0.07955987
35799, 0.07956004
35800, 0.07956021
35801, 0.07956037
35802, 0.07956054
35803, 0.07956071
35804, 0.07956087
35805, 0.07956104
35806, 0.07956121
35807, 0.07956138
35808, 0.07956154
35809, 0.07956171
35810, 0.07956188
35811, 0.07956205
35812, 0.07956221
35813, 0.07956238
35814, 0.07956255
35815, 0.07956272
35816, 0.07956290
35817, 0.07956307
35818, 0.07956323
35819, 0.07956340
35820, 0.07956357
35821, 0.07956374
35822, 0.07956391
35823, 0.07956408
35824, 0.07956424
35825, 0.07956441
35826, 0.07956458
35827, 0.07956475
35828, 0.07956491
35829, 0.07956508
35830, 0.07956525
35831, 0.07956543
35832, 0.07956560
35833, 0.07956577
35834, 0.07956593
35835, 0.07956610
35836, 0.07956627
35837, 0.07956643
35838, 0.07956660
35839, 0.07956686
35840, 0.07956703
35841, 0.07956720
35842, 0.07956736
35843, 0.07956753
35844, 0.07956770
35845, 0.07956787
35846, 0.07956803
35847, 0.07956827
35848, 0.07956844
35849, 0.07956861
35850, 0.07956878
35851, 0.07956895
35852, 0.07956911
35853, 0.07956928
35854, 0.07956945
35855, 0.07956969
35856, 0.07956986
35857, 0.07957002
35858, 0.07957019
35859, 0.07957036
35860, 0.07957052
35861, 0.07957069
35862, 0.07957086
35863, 0.07957110
35864, 0.07957127
35865, 0.07957143
35866, 0.07957160
35867, 0.07957177
35868, 0.07957194
35869, 0.07957210
35870, 0.07957227
35871, 0.07957251
35872, 0.07957267
35873, 0.07957284
35874, 0.07957301
35875, 0.07957317
35876, 0.07957334
35877, 0.07957351
35878, 0.07957367
35879, 0.07957393
35880, 0.07957409
35881, 0.07957426
35882, 0.07957443
35883, 0.07957460
35884, 0.07957476
35885, 0.07957493
35886, 0.07957510
35887, 0.07957533
35888, 0.07957550
35889, 0.07957567
35890, 0.07957583
35891, 0.07957600
35892, 0.07957617
35893, 0.07957633
35894, 0.07957650
35895, 0.07957675
35896, 0.07957692
35897, 0.07957709
35898, 0.07957726
35899, 0.07957743
35900, 0.07957760
35901, 0.07957777
35902, 0.07957794
35903, 0.07957819
35904, 0.07957836
35905, 0.07957853
35906, 0.07957870
35907, 0.07957887
35908, 0.07957904
35909, 0.07957921
35910, 0.07957938
35911, 0.07957963
35912, 0.07957980
35913, 0.07957997
35914, 0.07958015
35915, 0.07958434
35916, 0.07958452
35917, 0.07958470
35918, 0.07958488
35919, 0.07958505
35920, 0.07958522
35921, 0.07958539
35922, 0.07958556
35923, 0.07958572
35924, 0.07958589
35925, 0.07958606
35926, 0.07958623
35927, 0.07958639
35928, 0.07958656
35929, 0.07958672
35930, 0.07958689
35931, 0.07958706
35932, 0.07958723
35933, 0.07958740
35934, 0.07958757
35935, 0.07958774
35936, 0.07958790
35937, 0.07958807
35938, 0.07958824
35939, 0.07958841
35940, 0.07958858
35941, 0.07958875
35942, 0.07958891
35943, 0.07958908
35944, 0.07958925
35945, 0.07958942
35946, 0.07958960
35947, 0.07958977
35948, 0.07958994
35949, 0.07959011
35950, 0.07959027
35951, 0.07959044
35952, 0.07959061
35953, 0.07959078
35954, 0.07959095
35955, 0.07959112
35956, 0.07959128
35957, 0.07959145
35958, 0.07959162
35959, 0.07959179
35960, 0.07959196
35961, 0.07959212
35962, 0.07959229
35963, 0.07959246
35964, 0.07959263
35965, 0.07959279
35966, 0.07959296
35967, 0.07959313
35968, 0.07959330
35969, 0.07959347
35970, 0.07959364
35971, 0.07959381
35972, 0.07959397
35973, 0.07959420
35974, 0.07959437
35975, 0.07959454
35976, 0.07959471
35977, 0.07959488
35978, 0.07959504
35979, 0.07959521
35980, 0.07959538
35981, 0.07959555
35982, 0.07959571
35983, 0.07959588
35984, 0.07959605
35985, 0.07959622
35986, 0.07959639
35987, 0.07959656
35988, 0.07959672
35989, 0.07959689
35990, 0.07959706
35991, 0.07959723
35992, 0.07959740
35993, 0.07959756
35994, 0.07959773
35995, 0.07959790
35996, 0.07959807
35997, 0.07959824
35998, 0.07959841
35999, 0.07959858
36000, 0.07959874
36001, 0.07959891
36002, 0.07959908
36003, 0.07959924
36004, 0.07959941
36005, 0.07959962
36006, 0.07959979
36007, 0.07959996
36008, 0.07960013
36009, 0.07960030
36010, 0.07960046
36011, 0.07960063
36012, 0.07960080
36013, 0.07960097
36014, 0.07960114
36015, 0.07960130
36016, 0.07960147
36017, 0.07960164
36018, 0.07960180
36019, 0.07960197
36020, 0.07960214
36021, 0.07960231
36022, 0.07960248
36023, 0.07960265
36024, 0.07960282
36025, 0.07960299
36026, 0.07960316
36027, 0.07960332
36028, 0.07960349
36029, 0.07960366
36030, 0.07960383
36031, 0.07960400
36032, 0.07960417
36033, 0.07960433
36034, 0.07960450
36035, 0.07960467
36036, 0.07960484
36037, 0.07960501
36038, 0.07960518
36039, 0.07960535
36040, 0.07960553
36041, 0.07960775
36042, 0.07960793
36043, 0.07960810
36044, 0.07960827
36045, 0.07960844
36046, 0.07960860
36047, 0.07960877
36048, 0.07960894
36049, 0.07960911
36050, 0.07960927
36051, 0.07960944
36052, 0.07960961
36053, 0.07960978
36054, 0.07960994
36055, 0.07961011
36056, 0.07961028
36057, 0.07961044
36058, 0.07961061
36059, 0.07961078
36060, 0.07961095
36061, 0.07961111
36062, 0.07961128
36063, 0.07961145
36064, 0.07961161
36065, 0.07961178
36066, 0.07961195
36067, 0.07961212
36068, 0.07961228
36069, 0.07961245
36070, 0.07961262
36071, 0.07961278
36072, 0.07961295
36073, 0.07961312
36074, 0.07961329
36075, 0.07961345
36076, 0.07961362
36077, 0.07961379
36078, 0.07961396
36079, 0.07961412
36080, 0.07961466
36081, 0.07961483
36082, 0.07961499
36083, 0.07961516
36084, 0.07961533
36085, 0.07961550
36086, 0.07961566
36087, 0.07961583
36088, 0.07961600
36089, 0.07961617
36090, 0.07961634
36091, 0.07961650
36092, 0.07961668
36093, 0.07961685
36094, 0.07961702
36095, 0.07961718
36096, 0.07961735
36097, 0.07961752
36098, 0.07961768
36099, 0.07961785
36100, 0.07961802
36101, 0.07961819
36102, 0.07961835
36103, 0.07961852
36104, 0.07961869
36105, 0.07961886
36106, 0.07961902
36107, 0.07961919
36108, 0.07961936
36109, 0.07961953
36110, 0.07961969
36111, 0.07961986
36112, 0.07962003
36113, 0.07962020
36114, 0.07962036
36115, 0.07962053
36116, 0.07962070
36117, 0.07962087
36118, 0.07962104
36119, 0.07962120
36120, 0.07962137
36121, 0.07962154
36122, 0.07962171
36123, 0.07962187
36124, 0.07962204
36125, 0.07962221
36126, 0.07962238
36127, 0.07962254
36128, 0.07962271
36129, 0.07962288
36130, 0.07962305
36131, 0.07962322
36132, 0.07962339
36133, 0.07962356
36134, 0.07962373
36135, 0.07962390
36136, 0.07962407
36137, 0.07962424
36138, 0.07962441
36139, 0.07962458
36140, 0.07962475
36141, 0.07962492
36142, 0.07962509
36143, 0.07962526
36144, 0.07962543
36145, 0.07962561
36146, 0.07962578
36147, 0.07962595
36148, 0.07962612
36149, 0.07962629
36150, 0.07962646
36151, 0.07962663
36152, 0.07962680
36153, 0.07962697
36154, 0.07962714
36155, 0.07962731
36156, 0.07962748
36157, 0.07962765
36158, 0.07962782
36159, 0.07962800
36160, 0.07962817
36161, 0.07962834
36162, 0.07962851
36163, 0.07962868
36164, 0.07962885
36165, 0.07962902
36166, 0.07962920
36167, 0.07963137
36168, 0.07963156
36169, 0.07963173
36170, 0.07963191
36171, 0.07963208
36172, 0.07963225
36173, 0.07963241
36174, 0.07963258
36175, 0.07963275
36176, 0.07963291
36177, 0.07963308
36178, 0.07963325
36179, 0.07963341
36180, 0.07963358
36181, 0.07963375
36182, 0.07963391
36183, 0.07963408
36184, 0.07963425
36185, 0.07963442
36186, 0.07963459
36187, 0.07963475
36188, 0.07963492
36189, 0.07963509
36190, 0.07963526
36191, 0.07963543
36192, 0.07963560
36193, 0.07963576
36194, 0.07963593
36195, 0.07963610
36196, 0.07963627
36197, 0.07963644
36198, 0.07963661
36199, 0.07963677
36200, 0.07963694
36201, 0.07963711
36202, 0.07963727
36203, 0.07963744
36204, 0.07963763
36205, 0.07963780
36206, 0.07963799
36207, 0.07963818
36208, 0.07963837
36209, 0.07963856
36210, 0.07963873
36211, 0.07963890
36212, 0.07963907
36213, 0.07963924
36214, 0.07963940
36215, 0.07963958
36216, 0.07963974
36217, 0.07963991
36218, 0.07964008
36219, 0.07964024
36220, 0.07964041
36221, 0.07964058
36222, 0.07964075
36223, 0.07964092
36224, 0.07964109
36225, 0.07964126
36226, 0.07964143
36227, 0.07964159
36228, 0.07964176
36229, 0.07964193
36230, 0.07964210
36231, 0.07964227
36232, 0.07964244
36233, 0.07964260
36234, 0.07964277
36235, 0.07964294
36236, 0.07964311
36237, 0.07964327
36238, 0.07964344
36239, 0.07964361
36240, 0.07964377
36241, 0.07964394
36242, 0.07964411
36243, 0.07964427
36244, 0.07964444
36245, 0.07964461
36246, 0.07964478
36247, 0.07964495
36248, 0.07964511
36249, 0.07964528
36250, 0.07964545
36251, 0.07964562
36252, 0.07964578
36253, 0.07964595
36254, 0.07964612
36255, 0.07964628
36256, 0.07964645
36257, 0.07964662
36258, 0.07964679
36259, 0.07964696
36260, 0.07964713
36261, 0.07964729
36262, 0.07964746
36263, 0.07964763
36264, 0.07964780
36265, 0.07964797
36266, 0.07964813
36267, 0.07964830
36268, 0.07964847
36269, 0.07964864
36270, 0.07964880
36271, 0.07964897
36272, 0.07964914
36273, 0.07964930
36274, 0.07964947
36275, 0.07964964
36276, 0.07964981
36277, 0.07964997
36278, 0.07965014
36279, 0.07965031
36280, 0.07965047
36281, 0.07965064
36282, 0.07965081
36283, 0.07965097
36284, 0.07965114
36285, 0.07965131
36286, 0.07965148
36287, 0.07965164
36288, 0.07965181
36289, 0.07965198
36290, 0.07965215
36291, 0.07965231
36292, 0.07965249
36293, 0.07965852
36294, 0.07965872
36295, 0.07965890
36296, 0.07965908
36297, 0.07965926
36298, 0.07965943
36299, 0.07965959
36300, 0.07965976
36301, 0.07965993
36302, 0.07966010
36303, 0.07966026
36304, 0.07966043
36305, 0.07966060
36306, 0.07966077
36307, 0.07966093
36308, 0.07966110
36309, 0.07966126
36310, 0.07966143
36311, 0.07966159
36312, 0.07966176
36313, 0.07966193
36314, 0.07966209
36315, 0.07966226
36316, 0.07966243
36317, 0.07966259
36318, 0.07966276
36319, 0.07966293
36320, 0.07966309
36321, 0.07966326
36322, 0.07966342
36323, 0.07966359
36324, 0.07966376
36325, 0.07966392
36326, 0.07966409
36327, 0.07966425
36328, 0.07966442
36329, 0.07966459
36330, 0.07966475
36331, 0.07966492
36332, 0.07966509
36333, 0.07966525
36334, 0.07966542
36335, 0.07966559
36336, 0.07966576
36337, 0.07966592
36338, 0.07966609
36339, 0.07966625
36340, 0.07966642
36341, 0.07966659
36342, 0.07966675
36343, 0.07966692
36344, 0.07966709
36345, 0.07966725
36346, 0.07966742
36347, 0.07966758
36348, 0.07966775
36349, 0.07966792
36350, 0.07966809
36351, 0.07966825
36352, 0.07966842
36353, 0.07966859
36354, 0.07966875
36355, 0.07966892
36356, 0.07966908
36357, 0.07966925
36358, 0.07966942
36359, 0.07966966
36360, 0.07966983
36361, 0.07967001
36362, 0.07967018
36363, 0.07967036
36364, 0.07967054
36365, 0.07967071
36366, 0.07967087
36367, 0.07967104
36368, 0.07967121
36369, 0.07967138
36370, 0.07967155
36371, 0.07967171
36372, 0.07967188
36373, 0.07967205
36374, 0.07967221
36375, 0.07967238
36376, 0.07967255
36377, 0.07967271
36378, 0.07967288
36379, 0.07967305
36380, 0.07967321
36381, 0.07967338
36382, 0.07967355
36383, 0.07967373
36384, 0.07967389
36385, 0.07967406
36386, 0.07967423
36387, 0.07967440
36388, 0.07967456
36389, 0.07967473
36390, 0.07967490
36391, 0.07967507
36392, 0.07967523
36393, 0.07967540
36394, 0.07967557
36395, 0.07967574
36396, 0.07967590
36397, 0.07967607
36398, 0.07967624
36399, 0.07967640
36400, 0.07967657
36401, 0.07967674
36402, 0.07967691
36403, 0.07967707
36404, 0.07967724
36405, 0.07967741
36406, 0.07967757
36407, 0.07967774
36408, 0.07967791
36409, 0.07967808
36410, 0.07967824
36411, 0.07967841
36412, 0.07967858
36413, 0.07967874
36414, 0.07967891
36415, 0.07967908
36416, 0.07967925
36417, 0.07967941
36418, 0.07967959
36419, 0.07968184
36420, 0.07968203
36421, 0.07968221
36422, 0.07968238
36423, 0.07968256
36424, 0.07968273
36425, 0.07968290
36426, 0.07968307
36427, 0.07968324
36428, 0.07968341
36429, 0.07968358
36430, 0.07968375
36431, 0.07968392
36432, 0.07968409
36433, 0.07968426
36434, 0.07968443
36435, 0.07968459
36436, 0.07968476
36437, 0.07968493
36438, 0.07968510
36439, 0.07968527
36440, 0.07968544
36441, 0.07968561
36442, 0.07968578
36443, 0.07968595
36444, 0.07968612
36445, 0.07968628
36446, 0.07968645
36447, 0.07968662
36448, 0.07968679
36449, 0.07968696
36450, 0.07968713
36451, 0.07968730
36452, 0.07968746
36453, 0.07968763
36454, 0.07968780
36455, 0.07968797
36456, 0.07968814
36457, 0.07968830
36458, 0.07968847
36459, 0.07968864
36460, 0.07968880
36461, 0.07968897
36462, 0.07968914
36463, 0.07968931
36464, 0.07968947
36465, 0.07968964
36466, 0.07968981
36467, 0.07968997
36468, 0.07969014
36469, 0.07969031
36470, 0.07969048
36471, 0.07969064
36472, 0.07969081
36473, 0.07969098
36474, 0.07969114
36475, 0.07969131
36476, 0.07969148
36477, 0.07969164
36478, 0.07969181
36479, 0.07969198
36480, 0.07969215
36481, 0.07969231
36482, 0.07969248
36483, 0.07969265
36484, 0.07969281
36485, 0.07969298
36486, 0.07969315
36487, 0.07969332
36488, 0.07969348
36489, 0.07969365
36490, 0.07969382
36491, 0.07969399
36492, 0.07969416
36493, 0.07969433
36494, 0.07969450
36495, 0.07969466
36496, 0.07969483
36497, 0.07969500
36498, 0.07969516
36499, 0.07969533
36500, 0.07969550
36501, 0.07969567
36502, 0.07969584
36503, 0.07969600
36504, 0.07969617
36505, 0.07969634
36506, 0.07969651
36507, 0.07969667
36508, 0.07969684
36509, 0.07969702
36510, 0.07969719
36511, 0.07969735
36512, 0.07969752
36513, 0.07969769
36514, 0.07969786
36515, 0.07969803
36516, 0.07969820
36517, 0.07969837
36518, 0.07969854
36519, 0.07969870
36520, 0.07969887
36521, 0.07969904
36522, 0.07969921
36523, 0.07969938
36524, 0.07969954
36525, 0.07969971
36526, 0.07969988
36527, 0.07970004
36528, 0.07970021
36529, 0.07970038
36530, 0.07970054
36531, 0.07970071
36532, 0.07970088
36533, 0.07970104
36534, 0.07970121
36535, 0.07970138
36536, 0.07970155
36537, 0.07970172
36538, 0.07970188
36539, 0.07970205
36540, 0.07970222
36541, 0.07970238
36542, 0.07970255
36543, 0.07970272
36544, 0.07970290
36545, 0.07970513
36546, 0.07970535
36547, 0.07970552
36548, 0.07970569
36549, 0.07970586
36550, 0.07970602
36551, 0.07970619
36552, 0.07970636
36553, 0.07970653
36554, 0.07970670
36555, 0.07970690
36556, 0.07970707
36557, 0.07970724
36558, 0.07970741
36559, 0.07970758
36560, 0.07970774
36561, 0.07970791
36562, 0.07970808
36563, 0.07970825
36564, 0.07970842
36565, 0.07970858
36566, 0.07970875
36567, 0.07970892
36568, 0.07970909
36569, 0.07970926
36570, 0.07970942
36571, 0.07970959
36572, 0.07970976
36573, 0.07970993
36574, 0.07971010
36575, 0.07971027
36576, 0.07971043
36577, 0.07971060
36578, 0.07971077
36579, 0.07971093
36580, 0.07971110
36581, 0.07971127
36582, 0.07971144
36583, 0.07971160
36584, 0.07971177
36585, 0.07971194
36586, 0.07971211
36587, 0.07971227
36588, 0.07971244
36589, 0.07971261
36590, 0.07971278
36591, 0.07971294
36592, 0.07971311
36593, 0.07971328
36594, 0.07971345
36595, 0.07971362
36596, 0.07971379
36597, 0.07971395
36598, 0.07971412
36599, 0.07971429
36600, 0.07971446
36601, 0.07971463
36602, 0.07971479
36603, 0.07971496
36604, 0.07971512
36605, 0.07971529
36606, 0.07971546
36607, 0.07971562
36608, 0.07971579
36609, 0.07971596
36610, 0.07971613
36611, 0.07971630
36612, 0.07971647
36613, 0.07971664
36614, 0.07971680
36615, 0.07971697
36616, 0.07971714
36617, 0.07971733
36618, 0.07971752
36619, 0.07971769
36620, 0.07971785
36621, 0.07971802
36622, 0.07971819
36623, 0.07971835
36624, 0.07971852
36625, 0.07971869
36626, 0.07971885
36627, 0.07971902
36628, 0.07971919
36629, 0.07971936
36630, 0.07971952
36631, 0.07971969
36632, 0.07971986
36633, 0.07972002
36634, 0.07972019
36635, 0.07972035
36636, 0.07972054
36637, 0.07972071
36638, 0.07972088
36639, 0.07972105
36640, 0.07972121
36641, 0.07972138
36642, 0.07972154
36643, 0.07972171
36644, 0.07972188
36645, 0.07972204
36646, 0.07972220
36647, 0.07972237
36648, 0.07972254
36649, 0.07972270
36650, 0.07972287
36651, 0.07972303
36652, 0.07972320
36653, 0.07972336
36654, 0.07972353
36655, 0.07972370
36656, 0.07972386
36657, 0.07972403
36658, 0.07972419
36659, 0.07972436
36660, 0.07972453
36661, 0.07972470
36662, 0.07972487
36663, 0.07972504
36664, 0.07972521
36665, 0.07972537
36666, 0.07972554
36667, 0.07972571
36668, 0.07972588
36669, 0.07972605
36670, 0.07972623
36671, 0.07972833
36672, 0.07972853
36673, 0.07972871
36674, 0.07972887
36675, 0.07972904
36676, 0.07972921
36677, 0.07972938
36678, 0.07972955
36679, 0.07972972
36680, 0.07972989
36681, 0.07973006
36682, 0.07973023
36683, 0.07973040
36684, 0.07973057
36685, 0.07973074
36686, 0.07973091
36687, 0.07973108
36688, 0.07973124
36689, 0.07973143
36690, 0.07973160
36691, 0.07973176
36692, 0.07973193
36693, 0.07973210
36694, 0.07973227
36695, 0.07973244
36696, 0.07973261
36697, 0.07973277
36698, 0.07973294
36699, 0.07973311
36700, 0.07973327
36701, 0.07973344
36702, 0.07973361
36703, 0.07973377
36704, 0.07973394
36705, 0.07973411
36706, 0.07973427
36707, 0.07973444
36708, 0.07973461
36709, 0.07973478
36710, 0.07973495
36711, 0.07973512
36712, 0.07973528
36713, 0.07973545
36714, 0.07973562
36715, 0.07973582
36716, 0.07973599
36717, 0.07973616
36718, 0.07973632
36719, 0.07973649
36720, 0.07973666
36721, 0.07973683
36722, 0.07973700
36723, 0.07973716
36724, 0.07973733
36725, 0.07973750
36726, 0.07973767
36727, 0.07973783
36728, 0.07973801
36729, 0.07973818
36730, 0.07973835
36731, 0.07973852
36732, 0.07973872
36733, 0.07973888
36734, 0.07973905
36735, 0.07973922
36736, 0.07973939
36737, 0.07973956
36738, 0.07973973
36739, 0.07973990
36740, 0.07974006
36741, 0.07974023
36742, 0.07974040
36743, 0.07974056
36744, 0.07974073
36745, 0.07974090
36746, 0.07974107
36747, 0.07974124
36748, 0.07974141
36749, 0.07974158
36750, 0.07974175
36751, 0.07974191
36752, 0.07974208
36753, 0.07974225
36754, 0.07974242
36755, 0.07974259
36756, 0.07974276
36757, 0.07974292
36758, 0.07974309
36759, 0.07974326
36760, 0.07974343
36761, 0.07974360
36762, 0.07974377
36763, 0.07974398
36764, 0.07974415
36765, 0.07974432
36766, 0.07974449
36767, 0.07974466
36768, 0.07974482
36769, 0.07974499
36770, 0.07974516
36771, 0.07974536
36772, 0.07974553
36773, 0.07974569
36774, 0.07974586
36775, 0.07974603
36776, 0.07974620
36777, 0.07974637
36778, 0.07974654
36779, 0.07974671
36780, 0.07974688
36781, 0.07974705
36782, 0.07974722
36783, 0.07974738
36784, 0.07974755
36785, 0.07974772
36786, 0.07974789
36787, 0.07974806
36788, 0.07974823
36789, 0.07974840
36790, 0.07974857
36791, 0.07974873
36792, 0.07974890
36793, 0.07974907
36794, 0.07974924
36795, 0.07974941
36796, 0.07974959
36797, 0.07975167
36798, 0.07975185
36799, 0.07975203
36800, 0.07975221
36801, 0.07975238
36802, 0.07975255
36803, 0.07975272
36804, 0.07975289
36805, 0.07975306
36806, 0.07975323
36807, 0.07975339
36808, 0.07975356
36809, 0.07975373
36810, 0.07975390
36811, 0.07975407
36812, 0.07975424
36813, 0.07975440
36814, 0.07975457
36815, 0.07975474
36816, 0.07975491
36817, 0.07975507
36818, 0.07975524
36819, 0.07975541
36820, 0.07975557
36821, 0.07975574
36822, 0.07975591
36823, 0.07975608
36824, 0.07975624
36825, 0.07975641
36826, 0.07975658
36827, 0.07975675
36828, 0.07975691
36829, 0.07975708
36830, 0.07975725
36831, 0.07975742
36832, 0.07975758
36833, 0.07975775
36834, 0.07975792
36835, 0.07975809
36836, 0.07975826
36837, 0.07975842
36838, 0.07975859
36839, 0.07975876
36840, 0.07975893
36841, 0.07975910
36842, 0.07975926
36843, 0.07975943
36844, 0.07975960
36845, 0.07975977
36846, 0.07975993
36847, 0.07976010
36848, 0.07976027
36849, 0.07976043
36850, 0.07976060
36851, 0.07976077
36852, 0.07976093
36853, 0.07976110
36854, 0.07976127
36855, 0.07976143
36856, 0.07976160
36857, 0.07976177
36858, 0.07976194
36859, 0.07976211
36860, 0.07976227
36861, 0.07976244
36862, 0.07976261
36863, 0.07976287
36864, 0.07976303
36865, 0.07976320
36866, 0.07976337
36867, 0.07976354
36868, 0.07976370
36869, 0.07976387
36870, 0.07976404
36871, 0.07976421
36872, 0.07976438
36873, 0.07976454
36874, 0.07976471
36875, 0.07976488
36876, 0.07976505
36877, 0.07976521
36878, 0.07976538
36879, 0.07976555
36880, 0.07976572
36881, 0.07976588
36882, 0.07976605
36883, 0.07976622
36884, 0.07976639
36885, 0.07976655
36886, 0.07976672
36887, 0.07976689
36888, 0.07976706
36889, 0.07976723
36890, 0.07976740
36891, 0.07976756
36892, 0.07976773
36893, 0.07976790
36894, 0.07976806
36895, 0.07976823
36896, 0.07976840
36897, 0.07976857
36898, 0.07976873
36899, 0.07976890
36900, 0.07976907
36901, 0.07976923
36902, 0.07976940
36903, 0.07976957
36904, 0.07976973
36905, 0.07976990
36906, 0.07977007
36907, 0.07977024
36908, 0.07977040
36909, 0.07977057
36910, 0.07977074
36911, 0.07977091
36912, 0.07977108
36913, 0.07977124
36914, 0.07977141
36915, 0.07977158
36916, 0.07977175
36917, 0.07977191
36918, 0.07977208
36919, 0.07977225
36920, 0.07977241
36921, 0.07977258
36922, 0.07977276
36923, 0.07977489
36924, 0.07977509
36925, 0.07977526
36926, 0.07977544
36927, 0.07977561
36928, 0.07977578
36929, 0.07977594
36930, 0.07977611
36931, 0.07977628
36932, 0.07977646
36933, 0.07977663
36934, 0.07977681
36935, 0.07977699
36936, 0.07977716
36937, 0.07977734
36938, 0.07977751
36939, 0.07977768
36940, 0.07977785
36941, 0.07977802
36942, 0.07977820
36943, 0.07977837
36944, 0.07977854
36945, 0.07977871
36946, 0.07977887
36947, 0.07977905
36948, 0.07977921
36949, 0.07977938
36950, 0.07977955
36951, 0.07977972
36952, 0.07977989
36953, 0.07978006
36954, 0.07978023
36955, 0.07978040
36956, 0.07978057
36957, 0.07978074
36958, 0.07978091
36959, 0.07978108
36960, 0.07978126
36961, 0.07978143
36962, 0.07978160
36963, 0.07978177
36964, 0.07978193
36965, 0.07978211
36966, 0.07978228
36967, 0.07978245
36968, 0.07978262
36969, 0.07978279
36970, 0.07978296
36971, 0.07978313
36972, 0.07978330
36973, 0.07978347
36974, 0.07978367
36975, 0.07978384
36976, 0.07978401
36977, 0.07978418
36978, 0.07978435
36979, 0.07978452
36980, 0.07978468
36981, 0.07978486
36982, 0.07978502
36983, 0.07978519
36984, 0.07978536
36985, 0.07978554
36986, 0.07978570
36987, 0.07978588
36988, 0.07978604
36989, 0.07978621
36990, 0.07978638
36991, 0.07978656
36992, 0.07978672
36993, 0.07978690
36994, 0.07978707
36995, 0.07978724
36996, 0.07978741
36997, 0.07978761
36998, 0.07978778
36999, 0.07978795
37000, 0.07978812
37001, 0.07978829
37002, 0.07978846
37003, 0.07978863
37004, 0.07978880
37005, 0.07978897
37006, 0.07978914
37007, 0.07978931
37008, 0.07978948
37009, 0.07978965
37010, 0.07978982
37011, 0.07978999
37012, 0.07979017
37013, 0.07979034
37014, 0.07979052
37015, 0.07979069
37016, 0.07979086
37017, 0.07979103
37018, 0.07979123
37019, 0.07979140
37020, 0.07979157
37021, 0.07979174
37022, 0.07979192
37023, 0.07979209
37024, 0.07979226
37025, 0.07979243
37026, 0.07979260
37027, 0.07979277
37028, 0.07979294
37029, 0.07979311
37030, 0.07979328
37031, 0.07979345
37032, 0.07979362
37033, 0.07979379
37034, 0.07979396
37035, 0.07979413
37036, 0.07979430
37037, 0.07979447
37038, 0.07979464
37039, 0.07979481
37040, 0.07979498
37041, 0.07979515
37042, 0.07979532
37043, 0.07979549
37044, 0.07979566
37045, 0.07979583
37046, 0.07979600
37047, 0.07979617
37048, 0.07979635
37049, 0.07979854
37050, 0.07979874
37051, 0.07979891
37052, 0.07979909
37053, 0.07979926
37054, 0.07979944
37055, 0.07979961
37056, 0.07979979
37057, 0.07979996
37058, 0.07980014
37059, 0.07980032
37060, 0.07980049
37061, 0.07980067
37062, 0.07980084
37063, 0.07980102
37064, 0.07980119
37065, 0.07980136
37066, 0.07980154
37067, 0.07980171
37068, 0.07980188
37069, 0.07980206
37070, 0.07980223
37071, 0.07980240
37072, 0.07980258
37073, 0.07980275
37074, 0.07980292
37075, 0.07980310
37076, 0.07980327
37077, 0.07980344
37078, 0.07980368
37079, 0.07980385
37080, 0.07980402
37081, 0.07980420
37082, 0.07980437
37083, 0.07980454
37084, 0.07980471
37085, 0.07980488
37086, 0.07980505
37087, 0.07980522
37088, 0.07980539
37089, 0.07980556
37090, 0.07980573
37091, 0.07980590
37092, 0.07980607
37093, 0.07980624
37094, 0.07980642
37095, 0.07980659
37096, 0.07980676
37097, 0.07980693
37098, 0.07980710
37099, 0.07980727
37100, 0.07980744
37101, 0.07980761
37102, 0.07980778
37103, 0.07980795
37104, 0.07980811
37105, 0.07980828
37106, 0.07980846
37107, 0.07980863
37108, 0.07980880
37109, 0.07980897
37110, 0.07980914
37111, 0.07980931
37112, 0.07980948
37113, 0.07980965
37114, 0.07980982
37115, 0.07980999
37116, 0.07981016
37117, 0.07981033
37118, 0.07981050
37119, 0.07981067
37120, 0.07981084
37121, 0.07981101
37122, 0.07981118
37123, 0.07981135
37124, 0.07981152
37125, 0.07981169
37126, 0.07981186
37127, 0.07981204
37128, 0.07981221
37129, 0.07981238
37130, 0.07981255
37131, 0.07981272
37132, 0.07981289
37133, 0.07981306
37134, 0.07981324
37135, 0.07981340
37136, 0.07981357
37137, 0.07981374
37138, 0.07981392
37139, 0.07981409
37140, 0.07981426
37141, 0.07981443
37142, 0.07981460
37143, 0.07981477
37144, 0.07981494
37145, 0.07981511
37146, 0.07981528
37147, 0.07981545
37148, 0.07981562
37149, 0.07981579
37150, 0.07981596
37151, 0.07981614
37152, 0.07981631
37153, 0.07981648
37154, 0.07981665
37155, 0.07981682
37156, 0.07981700
37157, 0.07981717
37158, 0.07981734
37159, 0.07981751
37160, 0.07981768
37161, 0.07981785
37162, 0.07981802
37163, 0.07981819
37164, 0.07981836
37165, 0.07981853
37166, 0.07981870
37167, 0.07981887
37168, 0.07981904
37169, 0.07981921
37170, 0.07981938
37171, 0.07981955
37172, 0.07981972
37173, 0.07981989
37174, 0.07982008
37175, 0.07982235
37176, 0.07982254
37177, 0.07982271
37178, 0.07982288
37179, 0.07982305
37180, 0.07982322
37181, 0.07982339
37182, 0.07982356
37183, 0.07982373
37184, 0.07982390
37185, 0.07982407
37186, 0.07982424
37187, 0.07982441
37188, 0.07982458
37189, 0.07982475
37190, 0.07982492
37191, 0.07982509
37192, 0.07982527
37193, 0.07982544
37194, 0.07982561
37195, 0.07982578
37196, 0.07982595
37197, 0.07982611
37198, 0.07982629
37199, 0.07982646
37200, 0.07982663
37201, 0.07982680
37202, 0.07982697
37203, 0.07982714
37204, 0.07982731
37205, 0.07982749
37206, 0.07982766
37207, 0.07982783
37208, 0.07982799
37209, 0.07982816
37210, 0.07982833
37211, 0.07982850
37212, 0.07982868
37213, 0.07982885
37214, 0.07982902
37215, 0.07982919
37216, 0.07982936
37217, 0.07982953
37218, 0.07982971
37219, 0.07982988
37220, 0.07983005
37221, 0.07983022
37222, 0.07983039
37223, 0.07983056
37224, 0.07983073
37225, 0.07983089
37226, 0.07983107
37227, 0.07983124
37228, 0.07983141
37229, 0.07983158
37230, 0.07983175
37231, 0.07983192
37232, 0.07983209
37233, 0.07983226
37234, 0.07983243
37235, 0.07983261
37236, 0.07983278
37237, 0.07983295
37238, 0.07983312
37239, 0.07983329
37240, 0.07983346
37241, 0.07983364
37242, 0.07983381
37243, 0.07983398
37244, 0.07983416
37245, 0.07983433
37246, 0.07983450
37247, 0.07983467
37248, 0.07983485
37249, 0.07983502
37250, 0.07983519
37251, 0.07983536
37252, 0.07983554
37253, 0.07983571
37254, 0.07983588
37255, 0.07983606
37256, 0.07983623
37257, 0.07983640
37258, 0.07983657
37259, 0.07983675
37260, 0.07983692
37261, 0.07983709
37262, 0.07983732
37263, 0.07983757
37264, 0.07983775
37265, 0.07983792
37266, 0.07983809
37267, 0.07983826
37268, 0.07983844
37269, 0.07983861
37270, 0.07983878
37271, 0.07983896
37272, 0.07983913
37273, 0.07983930
37274, 0.07983948
37275, 0.07983965
37276, 0.07983982
37277, 0.07983999
37278, 0.07984017
37279, 0.07984034
37280, 0.07984051
37281, 0.07984069
37282, 0.07984086
37283, 0.07984103
37284, 0.07984120
37285, 0.07984138
37286, 0.07984155
37287, 0.07984172
37288, 0.07984189
37289, 0.07984207
37290, 0.07984224
37291, 0.07984241
37292, 0.07984258
37293, 0.07984276
37294, 0.07984293
37295, 0.07984310
37296, 0.07984328
37297, 0.07984344
37298, 0.07984362
37299, 0.07984379
37300, 0.07984397
37301, 0.07984614
37302, 0.07984634
37303, 0.07984651
37304, 0.07984668
37305, 0.07984684
37306, 0.07984701
37307, 0.07984718
37308, 0.07984734
37309, 0.07984751
37310, 0.07984768
37311, 0.07984785
37312, 0.07984801
37313, 0.07984818
37314, 0.07984835
37315, 0.07984851
37316, 0.07984868
37317, 0.07984885
37318, 0.07984902
37319, 0.07984918
37320, 0.07984935
37321, 0.07984952
37322, 0.07984969
37323, 0.07984985
37324, 0.07985002
37325, 0.07985018
37326, 0.07985035
37327, 0.07985052
37328, 0.07985068
37329, 0.07985085
37330, 0.07985101
37331, 0.07985118
37332, 0.07985135
37333, 0.07985151
37334, 0.07985168
37335, 0.07985185
37336, 0.07985201
37337, 0.07985218
37338, 0.07985235
37339, 0.07985251
37340, 0.07985268
37341, 0.07985285
37342, 0.07985301
37343, 0.07985318
37344, 0.07985335
37345, 0.07985351
37346, 0.07985368
37347, 0.07985385
37348, 0.07985401
37349, 0.07985418
37350, 0.07985435
37351, 0.07985451
37352, 0.07985468
37353, 0.07985485
37354, 0.07985501
37355, 0.07985518
37356, 0.07985535
37357, 0.07985552
37358, 0.07985568
37359, 0.07985585
37360, 0.07985602
37361, 0.07985618
37362, 0.07985635
37363, 0.07985652
37364, 0.07985669
37365, 0.07985685
37366, 0.07985702
37367, 0.07985718
37368, 0.07985735
37369, 0.07985752
37370, 0.07985768
37371, 0.07985785
37372, 0.07985802
37373, 0.07985818
37374, 0.07985835
37375, 0.07985852
37376, 0.07985869
37377, 0.07985886
37378, 0.07985912
37379, 0.07985928
37380, 0.07985945
37381, 0.07985961
37382, 0.07985978
37383, 0.07986002
37384, 0.07986019
37385, 0.07986036
37386, 0.07986052
37387, 0.07986069
37388, 0.07986086
37389, 0.07986102
37390, 0.07986119
37391, 0.07986144
37392, 0.07986161
37393, 0.07986177
37394, 0.07986194
37395, 0.07986211
37396, 0.07986228
37397, 0.07986245
37398, 0.07986262
37399, 0.07986286
37400, 0.07986303
37401, 0.07986320
37402, 0.07986337
37403, 0.07986353
37404, 0.07986370
37405, 0.07986387
37406, 0.07986404
37407, 0.07986428
37408, 0.07986445
37409, 0.07986461
37410, 0.07986478
37411, 0.07986495
37412, 0.07986512
37413, 0.07986529
37414, 0.07986545
37415, 0.07986570
37416, 0.07986587
37417, 0.07986603
37418, 0.07986626
37419, 0.07986643
37420, 0.07986660
37421, 0.07986677
37422, 0.07986693
37423, 0.07986717
37424, 0.07986734
37425, 0.07986751
37426, 0.07986769
37427, 0.07986982
37428, 0.07987002
37429, 0.07987020
37430, 0.07987038
37431, 0.07987062
37432, 0.07987080
37433, 0.07987098
37434, 0.07987115
37435, 0.07987132
37436, 0.07987148
37437, 0.07987168
37438, 0.07987185
37439, 0.07987216
37440, 0.07987233
37441, 0.07987250
37442, 0.07987267
37443, 0.07987284
37444, 0.07987300
37445, 0.07987317
37446, 0.07987334
37447, 0.07987351
37448, 0.07987367
37449, 0.07987384
37450, 0.07987401
37451, 0.07987418
37452, 0.07987434
37453, 0.07987451
37454, 0.07987468
37455, 0.07987485
37456, 0.07987501
37457, 0.07987518
37458, 0.07987535
37459, 0.07987552
37460, 0.07987569
37461, 0.07987585
37462, 0.07987602
37463, 0.07987619
37464, 0.07987636
37465, 0.07987653
37466, 0.07987670
37467, 0.07987686
37468, 0.07987703
37469, 0.07987720
37470, 0.07987737
37471, 0.07987753
37472, 0.07987770
37473, 0.07987787
37474, 0.07987804
37475, 0.07987821
37476, 0.07987837
37477, 0.07987854
37478, 0.07987871
37479, 0.07987888
37480, 0.07987904
37481, 0.07987921
37482, 0.07987938
37483, 0.07987954
37484, 0.07987971
37485, 0.07987988
37486, 0.07988005
37487, 0.07988021
37488, 0.07988038
37489, 0.07988055
37490, 0.07988072
37491, 0.07988089
37492, 0.07988105
37493, 0.07988122
37494, 0.07988139
37495, 0.07988156
37496, 0.07988172
37497, 0.07988189
37498, 0.07988206
37499, 0.07988223
37500, 0.07988240
37501, 0.07988256
37502, 0.07988273
37503, 0.07988290
37504, 0.07988306
37505, 0.07988323
37506, 0.07988340
37507, 0.07988357
37508, 0.07988373
37509, 0.07988390
37510, 0.07988407
37511, 0.07988424
37512, 0.07988440
37513, 0.07988457
37514, 0.07988473
37515, 0.07988490
37516, 0.07988507
37517, 0.07988524
37518, 0.07988541
37519, 0.07988558
37520, 0.07988576
37521, 0.07988592
37522, 0.07988610
37523, 0.07988627
37524, 0.07988643
37525, 0.07988660
37526, 0.07988677
37527, 0.07988694
37528, 0.07988710
37529, 0.07988727
37530, 0.07988744
37531, 0.07988761
37532, 0.07988778
37533, 0.07988794
37534, 0.07988811
37535, 0.07988828
37536, 0.07988844
37537, 0.07988861
37538, 0.07988878
37539, 0.07988895
37540, 0.07988911
37541, 0.07988928
37542, 0.07988945
37543, 0.07988962
37544, 0.07988978
37545, 0.07988995
37546, 0.07989012
37547, 0.07989029
37548, 0.07989045
37549, 0.07989062
37550, 0.07989079
37551, 0.07989095
37552, 0.07989114
37553, 0.07989342
37554, 0.07989362
37555, 0.07989379
37556, 0.07989396
37557, 0.07989412
37558, 0.07989429
37559, 0.07989447
37560, 0.07989465
37561, 0.07989483
37562, 0.07989501
37563, 0.07989518
37564, 0.07989536
37565, 0.07989554
37566, 0.07989571
37567, 0.07989588
37568, 0.07989605
37569, 0.07989622
37570, 0.07989639
37571, 0.07989656
37572, 0.07989673
37573, 0.07989690
37574, 0.07989706
37575, 0.07989723
37576, 0.07989740
37577, 0.07989757
37578, 0.07989774
37579, 0.07989791
37580, 0.07989808
37581, 0.07989825
37582, 0.07989841
37583, 0.07989858
37584, 0.07989875
37585, 0.07989892
37586, 0.07989909
37587, 0.07989926
37588, 0.07989942
37589, 0.07989973
37590, 0.07989990
37591, 0.07990007
37592, 0.07990024
37593, 0.07990041
37594, 0.07990058
37595, 0.07990075
37596, 0.07990092
37597, 0.07990108
37598, 0.07990125
37599, 0.07990142
37600, 0.07990159
37601, 0.07990176
37602, 0.07990193
37603, 0.07990210
37604, 0.07990227
37605, 0.07990244
37606, 0.07990260
37607, 0.07990277
37608, 0.07990294
37609, 0.07990311
37610, 0.07990328
37611, 0.07990345
37612, 0.07990362
37613, 0.07990379
37614, 0.07990395
37615, 0.07990413
37616, 0.07990429
37617, 0.07990446
37618, 0.07990463
37619, 0.07990480
37620, 0.07990497
37621, 0.07990514
37622, 0.07990530
37623, 0.07990547
37624, 0.07990564
37625, 0.07990581
37626, 0.07990598
37627, 0.07990615
37628, 0.07990632
37629, 0.07990648
37630, 0.07990665
37631, 0.07990682
37632, 0.07990699
37633, 0.07990716
37634, 0.07990733
37635, 0.07990749
37636, 0.07990766
37637, 0.07990783
37638, 0.07990800
37639, 0.07990817
37640, 0.07990834
37641, 0.07990851
37642, 0.07990868
37643, 0.07990884
37644, 0.07990901
37645, 0.07990918
37646, 0.07990935
37647, 0.07990952
37648, 0.07990969
37649, 0.07990986
37650, 0.07991003
37651, 0.07991020
37652, 0.07991036
37653, 0.07991053
37654, 0.07991070
37655, 0.07991087
37656, 0.07991104
37657, 0.07991121
37658, 0.07991138
37659, 0.07991155
37660, 0.07991172
37661, 0.07991189
37662, 0.07991205
37663, 0.07991222
37664, 0.07991239
37665, 0.07991256
37666, 0.07991273
37667, 0.07991290
37668, 0.07991307
37669, 0.07991324
37670, 0.07991341
37671, 0.07991357
37672, 0.07991374
37673, 0.07991391
37674, 0.07991408
37675, 0.07991425
37676, 0.07991442
37677, 0.07991459
37678, 0.07991477
37679, 0.07991700
37680, 0.07991719
37681, 0.07991736
37682, 0.07991753
37683, 0.07991770
37684, 0.07991787
37685, 0.07991803
37686, 0.07991820
37687, 0.07991836
37688, 0.07991853
37689, 0.07991870
37690, 0.07991887
37691, 0.07991903
37692, 0.07991920
37693, 0.07991936
37694, 0.07991953
37695, 0.07991970
37696, 0.07991986
37697, 0.07992003
37698, 0.07992020
37699, 0.07992037
37700, 0.07992054
37701, 0.07992072
37702, 0.07992089
37703, 0.07992106
37704, 0.07992122
37705, 0.07992139
37706, 0.07992156
37707, 0.07992172
37708, 0.07992189
37709, 0.07992206
37710, 0.07992222
37711, 0.07992239
37712, 0.07992256
37713, 0.07992272
37714, 0.07992289
37715, 0.07992306
37716, 0.07992322
37717, 0.07992339
37718, 0.07992356
37719, 0.07992372
37720, 0.07992389
37721, 0.07992406
37722, 0.07992423
37723, 0.07992439
37724, 0.07992456
37725, 0.07992473
37726, 0.07992489
37727, 0.07992506
37728, 0.07992523
37729, 0.07992540
37730, 0.07992556
37731, 0.07992573
37732, 0.07992590
37733, 0.07992606
37734, 0.07992623
37735, 0.07992640
37736, 0.07992656
37737, 0.07992673
37738, 0.07992690
37739, 0.07992706
37740, 0.07992723
37741, 0.07992739
37742, 0.07992756
37743, 0.07992773
37744, 0.07992790
37745, 0.07992806
37746, 0.07992823
37747, 0.07992840
37748, 0.07992856
37749, 0.07992873
37750, 0.07992890
37751, 0.07992907
37752, 0.07992924
37753, 0.07992944
37754, 0.07992961
37755, 0.07992978
37756, 0.07992995
37757, 0.07993012
37758, 0.07993029
37759, 0.07993046
37760, 0.07993063
37761, 0.07993080
37762, 0.07993097
37763, 0.07993114
37764, 0.07993131
37765, 0.07993148
37766, 0.07993166
37767, 0.07993183
37768, 0.07993200
37769, 0.07993217
37770, 0.07993234
37771, 0.07993251
37772, 0.07993268
37773, 0.07993285
37774, 0.07993302
37775, 0.07993319
37776, 0.07993336
37777, 0.07993353
37778, 0.07993370
37779, 0.07993387
37780, 0.07993404
37781, 0.07993421
37782, 0.07993438
37783, 0.07993455
37784, 0.07993472
37785, 0.07993489
37786, 0.07993506
37787, 0.07993523
37788, 0.07993540
37789, 0.07993560
37790, 0.07993577
37791, 0.07993593
37792, 0.07993610
37793, 0.07993627
37794, 0.07993643
37795, 0.07993660
37796, 0.07993677
37797, 0.07993694
37798, 0.07993710
37799, 0.07993727
37800, 0.07993744
37801, 0.07993760
37802, 0.07993778
37803, 0.07993795
37804, 0.07993813
37805, 0.07994032
37806, 0.07994050
37807, 0.07994068
37808, 0.07994085
37809, 0.07994101
37810, 0.07994118
37811, 0.07994135
37812, 0.07994151
37813, 0.07994168
37814, 0.07994185
37815, 0.07994201
37816, 0.07994218
37817, 0.07994235
37818, 0.07994251
37819, 0.07994268
37820, 0.07994284
37821, 0.07994301
37822, 0.07994317
37823, 0.07994334
37824, 0.07994350
37825, 0.07994367
37826, 0.07994384
37827, 0.07994400
37828, 0.07994417
37829, 0.07994433
37830, 0.07994450
37831, 0.07994468
37832, 0.07994485
37833, 0.07994502
37834, 0.07994519
37835, 0.07994536
37836, 0.07994552
37837, 0.07994569
37838, 0.07994586
37839, 0.07994603
37840, 0.07994619
37841, 0.07994636
37842, 0.07994653
37843, 0.07994670
37844, 0.07994686
37845, 0.07994703
37846, 0.07994720
37847, 0.07994736
37848, 0.07994753
37849, 0.07994770
37850, 0.07994787
37851, 0.07994803
37852, 0.07994820
37853, 0.07994837
37854, 0.07994854
37855, 0.07994870
37856, 0.07994887
37857, 0.07994904
37858, 0.07994935
37859, 0.07994951
37860, 0.07994968
37861, 0.07994985
37862, 0.07995001
37863, 0.07995018
37864, 0.07995035
37865, 0.07995052
37866, 0.07995069
37867, 0.07995085
37868, 0.07995102
37869, 0.07995119
37870, 0.07995136
37871, 0.07995153
37872, 0.07995170
37873, 0.07995187
37874, 0.07995203
37875, 0.07995220
37876, 0.07995237
37877, 0.07995253
37878, 0.07995270
37879, 0.07995287
37880, 0.07995304
37881, 0.07995321
37882, 0.07995337
37883, 0.07995354
37884, 0.07995371
37885, 0.07995388
37886, 0.07995405
37887, 0.07995421
37888, 0.07995438
37889, 0.07995455
37890, 0.07995472
37891, 0.07995489
37892, 0.07995505
37893, 0.07995522
37894, 0.07995539
37895, 0.07995563
37896, 0.07995586
37897, 0.07995603
37898, 0.07995620
37899, 0.07995637
37900, 0.07995654
37901, 0.07995671
37902, 0.07995687
37903, 0.07995711
37904, 0.07995728
37905, 0.07995745
37906, 0.07995762
37907, 0.07995779
37908, 0.07995796
37909, 0.07995813
37910, 0.07995829
37911, 0.07995854
37912, 0.07995870
37913, 0.07995887
37914, 0.07995904
37915, 0.07995921
37916, 0.07995938
37917, 0.07995954
37918, 0.07995971
37919, 0.07995995
37920, 0.07996012
37921, 0.07996028
37922, 0.07996045
37923, 0.07996062
37924, 0.07996079
37925, 0.07996096
37926, 0.07996112
37927, 0.07996137
37928, 0.07996154
37929, 0.07996170
37930, 0.07996188
37931, 0.07996420
37932, 0.07996438
37933, 0.07996455
37934, 0.07996472
37935, 0.07996498
37936, 0.07996515
37937, 0.07996532
37938, 0.07996549
37939, 0.07996566
37940, 0.07996582
37941, 0.07996599
37942, 0.07996616
37943, 0.07996639
37944, 0.07996655
37945, 0.07996672
37946, 0.07996689
37947, 0.07996706
37948, 0.07996722
37949, 0.07996739
37950, 0.07996756
37951, 0.07996780
37952, 0.07996797
37953, 0.07996814
37954, 0.07996831
37955, 0.07996848
37956, 0.07996865
37957, 0.07996882
37958, 0.07996898
37959, 0.07996915
37960, 0.07996932
37961, 0.07996949
37962, 0.07996965
37963, 0.07996982
37964, 0.07996999
37965, 0.07997016
37966, 0.07997033
37967, 0.07997050
37968, 0.07997067
37969, 0.07997084
37970, 0.07997101
37971, 0.07997118
37972, 0.07997135
37973, 0.07997152
37974, 0.07997169
37975, 0.07997186
37976, 0.07997203
37977, 0.07997220
37978, 0.07997237
37979, 0.07997254
37980, 0.07997271
37981, 0.07997287
37982, 0.07997305
37983, 0.07997322
37984, 0.07997339
37985, 0.07997356
37986, 0.07997373
37987, 0.07997390
37988, 0.07997406
37989, 0.07997423
37990, 0.07997440
37991, 0.07997457
37992, 0.07997473
37993, 0.07997490
37994, 0.07997507
37995, 0.07997524
37996, 0.07997541
37997, 0.07997557
37998, 0.07997574
37999, 0.07997591
38000, 0.07997608
38001, 0.07997625
38002, 0.07997642
38003, 0.07997659
38004, 0.07997676
38005, 0.07997693
38006, 0.07997709
38007, 0.07997726
38008, 0.07997743
38009, 0.07997760
38010, 0.07997777
38011, 0.07997794
38012, 0.07997811
38013, 0.07997828
38014, 0.07997844
38015, 0.07997862
38016, 0.07997879
38017, 0.07997896
38018, 0.07997912
38019, 0.07997929
38020, 0.07997946
38021, 0.07997963
38022, 0.07997979
38023, 0.07997997
38024, 0.07998014
38025, 0.07998030
38026, 0.07998047
38027, 0.07998064
38028, 0.07998081
38029, 0.07998098
38030, 0.07998115
38031, 0.07998132
38032, 0.07998148
38033, 0.07998165
38034, 0.07998182
38035, 0.07998199
38036, 0.07998216
38037, 0.07998233
38038, 0.07998250
38039, 0.07998267
38040, 0.07998284
38041, 0.07998301
38042, 0.07998318
38043, 0.07998335
38044, 0.07998352
38045, 0.07998369
38046, 0.07998386
38047, 0.07998402
38048, 0.07998419
38049, 0.07998436
38050, 0.07998453
38051, 0.07998470
38052, 0.07998487
38053, 0.07998504
38054, 0.07998521
38055, 0.07998538
38056, 0.07998556
38057, 0.07998773
38058, 0.07998790
38059, 0.07998808
38060, 0.07998826
38061, 0.07998844
38062, 0.07998861
38063, 0.07998878
38064, 0.07998895
38065, 0.07998912
38066, 0.07998929
38067, 0.07998948
38068, 0.07998966
38069, 0.07998984
38070, 0.07999001
38071, 0.07999018
38072, 0.07999035
38073, 0.07999052
38074, 0.07999069
38075, 0.07999085
38076, 0.07999103
38077, 0.07999119
38078, 0.07999136
38079, 0.07999153
38080, 0.07999170
38081, 0.07999187
38082, 0.07999204
38083, 0.07999221
38084, 0.07999238
38085, 0.07999255
38086, 0.07999271
38087, 0.07999288
38088, 0.07999305
38089, 0.07999322
38090, 0.07999339
38091, 0.07999356
38092, 0.07999373
38093, 0.07999390
38094, 0.07999406
38095, 0.07999423
38096, 0.07999440
38097, 0.07999457
38098, 0.07999474
38099, 0.07999491
38100, 0.07999508
38101, 0.07999525
38102, 0.07999542
38103, 0.07999559
38104, 0.07999576
38105, 0.07999593
38106, 0.07999610
38107, 0.07999627
38108, 0.07999644
38109, 0.07999661
38110, 0.07999678
38111, 0.07999695
38112, 0.07999712
38113, 0.07999728
38114, 0.07999745
38115, 0.07999762
38116, 0.07999779
38117, 0.07999796
38118, 0.07999813
38119, 0.07999830
38120, 0.07999847
38121, 0.07999864
38122, 0.07999881
38123, 0.07999898
38124, 0.07999915
38125, 0.07999931
38126, 0.07999948
38127, 0.07999965
38128, 0.07999982
38129, 0.07999999
38130, 0.08000016
38131, 0.08000033
38132, 0.08000050
38133, 0.08000066
38134, 0.08000083
38135, 0.08000100
38136, 0.08000117
38137, 0.08000134
38138, 0.08000150
38139, 0.08000167
38140, 0.08000184
38141, 0.08000200
38142, 0.08000217
38143, 0.08000234
38144, 0.08000251
38145, 0.08000268
38146, 0.08000285
38147, 0.08000302
38148, 0.08000318
38149, 0.08000335
38150, 0.08000352
38151, 0.08000369
38152, 0.08000386
38153, 0.08000403
38154, 0.08000420
38155, 0.08000437
38156, 0.08000453
38157, 0.08000470
38158, 0.08000487
38159, 0.08000504
38160, 0.08000521
38161, 0.08000538
38162, 0.08000555
38163, 0.08000572
38164, 0.08000589
38165, 0.08000605
38166, 0.08000622
38167, 0.08000639
38168, 0.08000656
38169, 0.08000673
38170, 0.08000690
38171, 0.08000707
38172, 0.08000724
38173, 0.08000741
38174, 0.08000757
38175, 0.08000774
38176, 0.08000791
38177, 0.08000808
38178, 0.08000825
38179, 0.08000842
38180, 0.08000865
38181, 0.08000882
38182, 0.08000900
38183, 0.08001120
38184, 0.08001140
38185, 0.08001158
38186, 0.08001175
38187, 0.08001192
38188, 0.08001209
38189, 0.08001225
38190, 0.08001242
38191, 0.08001258
38192, 0.08001275
38193, 0.08001292
38194, 0.08001309
38195, 0.08001326
38196, 0.08001342
38197, 0.08001360
38198, 0.08001377
38199, 0.08001394
38200, 0.08001410
38201, 0.08001427
38202, 0.08001443
38203, 0.08001460
38204, 0.08001477
38205, 0.08001494
38206, 0.08001510
38207, 0.08001527
38208, 0.08001544
38209, 0.08001560
38210, 0.08001577
38211, 0.08001594
38212, 0.08001610
38213, 0.08001627
38214, 0.08001644
38215, 0.08001660
38216, 0.08001677
38217, 0.08001694
38218, 0.08001711
38219, 0.08001728
38220, 0.08001745
38221, 0.08001761
38222, 0.08001778
38223, 0.08001795
38224, 0.08001812
38225, 0.08001828
38226, 0.08001845
38227, 0.08001861
38228, 0.08001878
38229, 0.08001895
38230, 0.08001912
38231, 0.08001928
38232, 0.08001945
38233, 0.08001962
38234, 0.08001979
38235, 0.08001996
38236, 0.08002012
38237, 0.08002029
38238, 0.08002046
38239, 0.08002063
38240, 0.08002079
38241, 0.08002096
38242, 0.08002112
38243, 0.08002129
38244, 0.08002146
38245, 0.08002162
38246, 0.08002179
38247, 0.08002196
38248, 0.08002213
38249, 0.08002229
38250, 0.08002246
38251, 0.08002262
38252, 0.08002279
38253, 0.08002296
38254, 0.08002313
38255, 0.08002329
38256, 0.08002346
38257, 0.08002362
38258, 0.08002379
38259, 0.08002402
38260, 0.08002418
38261, 0.08002435
38262, 0.08002452
38263, 0.08002468
38264, 0.08002485
38265, 0.08002502
38266, 0.08002519
38267, 0.08002536
38268, 0.08002553
38269, 0.08002570
38270, 0.08002587
38271, 0.08002604
38272, 0.08002621
38273, 0.08002638
38274, 0.08002655
38275, 0.08002672
38276, 0.08002689
38277, 0.08002706
38278, 0.08002723
38279, 0.08002740
38280, 0.08002756
38281, 0.08002773
38282, 0.08002790
38283, 0.08002807
38284, 0.08002824
38285, 0.08002841
38286, 0.08002858
38287, 0.08002875
38288, 0.08002892
38289, 0.08002909
38290, 0.08002926
38291, 0.08002943
38292, 0.08002959
38293, 0.08002976
38294, 0.08002993
38295, 0.08003011
38296, 0.08003027
38297, 0.08003045
38298, 0.08003061
38299, 0.08003078
38300, 0.08003095
38301, 0.08003112
38302, 0.08003129
38303, 0.08003146
38304, 0.08003163
38305, 0.08003180
38306, 0.08003197
38307, 0.08003214
38308, 0.08003232
38309, 0.08003449
38310, 0.08003468
38311, 0.08003486
38312, 0.08003503
38313, 0.08003521
38314, 0.08003538
38315, 0.08003554
38316, 0.08003571
38317, 0.08003588
38318, 0.08003604
38319, 0.08003621
38320, 0.08003638
38321, 0.08003654
38322, 0.08003671
38323, 0.08003687
38324, 0.08003704
38325, 0.08003721
38326, 0.08003737
38327, 0.08003754
38328, 0.08003771
38329, 0.08003787
38330, 0.08003804
38331, 0.08003820
38332, 0.08003837
38333, 0.08003854
38334, 0.08003870
38335, 0.08003887
38336, 0.08003904
38337, 0.08003920
38338, 0.08003937
38339, 0.08003954
38340, 0.08003971
38341, 0.08003987
38342, 0.08004004
38343, 0.08004020
38344, 0.08004037
38345, 0.08004054
38346, 0.08004070
38347, 0.08004087
38348, 0.08004104
38349, 0.08004120
38350, 0.08004137
38351, 0.08004154
38352, 0.08004170
38353, 0.08004187
38354, 0.08004203
38355, 0.08004220
38356, 0.08004237
38357, 0.08004253
38358, 0.08004270
38359, 0.08004287
38360, 0.08004303
38361, 0.08004320
38362, 0.08004337
38363, 0.08004353
38364, 0.08004370
38365, 0.08004387
38366, 0.08004403
38367, 0.08004420
38368, 0.08004437
38369, 0.08004453
38370, 0.08004470
38371, 0.08004487
38372, 0.08004503
38373, 0.08004520
38374, 0.08004537
38375, 0.08004553
38376, 0.08004570
38377, 0.08004587
38378, 0.08004603
38379, 0.08004620
38380, 0.08004637
38381, 0.08004653
38382, 0.08004670
38383, 0.08004687
38384, 0.08004703
38385, 0.08004720
38386, 0.08004737
38387, 0.08004753
38388, 0.08004770
38389, 0.08004786
38390, 0.08004803
38391, 0.08004820
38392, 0.08004837
38393, 0.08004853
38394, 0.08004870
38395, 0.08004886
38396, 0.08004903
38397, 0.08004920
38398, 0.08004937
38399, 0.08004953
38400, 0.08004970
38401, 0.08004987
38402, 0.08005003
38403, 0.08005020
38404, 0.08005036
38405, 0.08005053
38406, 0.08005070
38407, 0.08005094
38408, 0.08005117
38409, 0.08005134
38410, 0.08005151
38411, 0.08005167
38412, 0.08005184
38413, 0.08005201
38414, 0.08005218
38415, 0.08005242
38416, 0.08005259
38417, 0.08005275
38418, 0.08005292
38419, 0.08005309
38420, 0.08005325
38421, 0.08005342
38422, 0.08005359
38423, 0.08005384
38424, 0.08005400
38425, 0.08005417
38426, 0.08005434
38427, 0.08005451
38428, 0.08005467
38429, 0.08005484
38430, 0.08005501
38431, 0.08005524
38432, 0.08005541
38433, 0.08005558
38434, 0.08005576
38435, 0.08005795
38436, 0.08005814
38437, 0.08005832
38438, 0.08005850
38439, 0.08005874
38440, 0.08005891
38441, 0.08005908
38442, 0.08005925
38443, 0.08005942
38444, 0.08005958
38445, 0.08005975
38446, 0.08005992
38447, 0.08006015
38448, 0.08006033
38449, 0.08006050
38450, 0.08006066
38451, 0.08006084
38452, 0.08006101
38453, 0.08006118
38454, 0.08006135
38455, 0.08006159
38456, 0.08006175
38457, 0.08006192
38458, 0.08006209
38459, 0.08006225
38460, 0.08006242
38461, 0.08006258
38462, 0.08006275
38463, 0.08006299
38464, 0.08006316
38465, 0.08006332
38466, 0.08006349
38467, 0.08006365
38468, 0.08006382
38469, 0.08006399
38470, 0.08006416
38471, 0.08006440
38472, 0.08006457
38473, 0.08006474
38474, 0.08006490
38475, 0.08006507
38476, 0.08006524
38477, 0.08006541
38478, 0.08006557
38479, 0.08006574
38480, 0.08006591
38481, 0.08006608
38482, 0.08006624
38483, 0.08006641
38484, 0.08006657
38485, 0.08006674
38486, 0.08006690
38487, 0.08006707
38488, 0.08006724
38489, 0.08006740
38490, 0.08006757
38491, 0.08006773
38492, 0.08006790
38493, 0.08006806
38494, 0.08006823
38495, 0.08006840
38496, 0.08006856
38497, 0.08006873
38498, 0.08006890
38499, 0.08006907
38500, 0.08006923
38501, 0.08006940
38502, 0.08006957
38503, 0.08006974
38504, 0.08006990
38505, 0.08007007
38506, 0.08007024
38507, 0.08007041
38508, 0.08007057
38509, 0.08007074
38510, 0.08007091
38511, 0.08007108
38512, 0.08007124
38513, 0.08007141
38514, 0.08007158
38515, 0.08007174
38516, 0.08007191
38517, 0.08007208
38518, 0.08007224
38519, 0.08007241
38520, 0.08007258
38521, 0.08007274
38522, 0.08007291
38523, 0.08007308
38524, 0.08007324
38525, 0.08007341
38526, 0.08007358
38527, 0.08007375
38528, 0.08007392
38529, 0.08007408
38530, 0.08007425
38531, 0.08007442
38532, 0.08007459
38533, 0.08007476
38534, 0.08007493
38535, 0.08007510
38536, 0.08007527
38537, 0.08007544
38538, 0.08007561
38539, 0.08007577
38540, 0.08007594
38541, 0.08007611
38542, 0.08007627
38543, 0.08007644
38544, 0.08007660
38545, 0.08007677
38546, 0.08007694
38547, 0.08007711
38548, 0.08007727
38549, 0.08007744
38550, 0.08007761
38551, 0.08007777
38552, 0.08007794
38553, 0.08007811
38554, 0.08007827
38555, 0.08007844
38556, 0.08007861
38557, 0.08007877
38558, 0.08007894
38559, 0.08007911
38560, 0.08007928
38561, 0.08008144
38562, 0.08008163
38563, 0.08008181
38564, 0.08008197
38565, 0.08008215
38566, 0.08008232
38567, 0.08008248
38568, 0.08008265
38569, 0.08008282
38570, 0.08008299
38571, 0.08008316
38572, 0.08008333
38573, 0.08008349
38574, 0.08008366
38575, 0.08008383
38576, 0.08008400
38577, 0.08008417
38578, 0.08008434
38579, 0.08008451
38580, 0.08008468
38581, 0.08008484
38582, 0.08008501
38583, 0.08008518
38584, 0.08008535
38585, 0.08008552
38586, 0.08008569
38587, 0.08008585
38588, 0.08008602
38589, 0.08008619
38590, 0.08008636
38591, 0.08008653
38592, 0.08008670
38593, 0.08008686
38594, 0.08008703
38595, 0.08008720
38596, 0.08008737
38597, 0.08008755
38598, 0.08008772
38599, 0.08008789
38600, 0.08008805
38601, 0.08008822
38602, 0.08008839
38603, 0.08008855
38604, 0.08008872
38605, 0.08008889
38606, 0.08008905
38607, 0.08008922
38608, 0.08008939
38609, 0.08008955
38610, 0.08008972
38611, 0.08008989
38612, 0.08009006
38613, 0.08009022
38614, 0.08009039
38615, 0.08009056
38616, 0.08009073
38617, 0.08009089
38618, 0.08009106
38619, 0.08009123
38620, 0.08009139
38621, 0.08009156
38622, 0.08009173
38623, 0.08009190
38624, 0.08009207
38625, 0.08009224
38626, 0.08009240
38627, 0.08009257
38628, 0.08009274
38629, 0.08009291
38630, 0.08009307
38631, 0.08009324
38632, 0.08009341
38633, 0.08009358
38634, 0.08009375
38635, 0.08009392
38636, 0.08009408
38637, 0.08009425
38638, 0.08009442
38639, 0.08009459
38640, 0.08009476
38641, 0.08009492
38642, 0.08009509
38643, 0.08009526
38644, 0.08009543
38645, 0.08009559
38646, 0.08009576
38647, 0.08009593
38648, 0.08009610
38649, 0.08009627
38650, 0.08009644
38651, 0.08009661
38652, 0.08009678
38653, 0.08009695
38654, 0.08009711
38655, 0.08009728
38656, 0.08009745
38657, 0.08009762
38658, 0.08009779
38659, 0.08009795
38660, 0.08009812
38661, 0.08009829
38662, 0.08009846
38663, 0.08009863
38664, 0.08009879
38665, 0.08009896
38666, 0.08009913
38667, 0.08009930
38668, 0.08009950
38669, 0.08009967
38670, 0.08009984
38671, 0.08010001
38672, 0.08010017
38673, 0.08010034
38674, 0.08010050
38675, 0.08010067
38676, 0.08010084
38677, 0.08010101
38678, 0.08010117
38679, 0.08010134
38680, 0.08010151
38681, 0.08010167
38682, 0.08010184
38683, 0.08010201
38684, 0.08010218
38685, 0.08010234
38686, 0.08010253
38687, 0.08010500
38688, 0.08010518
38689, 0.08010536
38690, 0.08010554
38691, 0.08010570
38692, 0.08010587
38693, 0.08010604
38694, 0.08010620
38695, 0.08010637
38696, 0.08010654
38697, 0.08010671
38698, 0.08010687
38699, 0.08010705
38700, 0.08010721
38701, 0.08010738
38702, 0.08010755
38703, 0.08010772
38704, 0.08010789
38705, 0.08010806
38706, 0.08010823
38707, 0.08010839
38708, 0.08010856
38709, 0.08010873
38710, 0.08010890
38711, 0.08010907
38712, 0.08010924
38713, 0.08010940
38714, 0.08010957
38715, 0.08010974
38716, 0.08010991
38717, 0.08011008
38718, 0.08011025
38719, 0.08011041
38720, 0.08011058
38721, 0.08011075
38722, 0.08011092
38723, 0.08011109
38724, 0.08011126
38725, 0.08011142
38726, 0.08011159
38727, 0.08011176
38728, 0.08011193
38729, 0.08011210
38730, 0.08011227
38731, 0.08011243
38732, 0.08011260
38733, 0.08011277
38734, 0.08011295
38735, 0.08011312
38736, 0.08011329
38737, 0.08011346
38738, 0.08011362
38739, 0.08011379
38740, 0.08011396
38741, 0.08011413
38742, 0.08011429
38743, 0.08011446
38744, 0.08011463
38745, 0.08011480
38746, 0.08011497
38747, 0.08011513
38748, 0.08011530
38749, 0.08011547
38750, 0.08011564
38751, 0.08011581
38752, 0.08011598
38753, 0.08011614
38754, 0.08011631
38755, 0.08011648
38756, 0.08011665
38757, 0.08011685
38758, 0.08011701
38759, 0.08011718
38760, 0.08011735
38761, 0.08011752
38762, 0.08011768
38763, 0.08011785
38764, 0.08011802
38765, 0.08011818
38766, 0.08011835
38767, 0.08011852
38768, 0.08011869
38769, 0.08011885
38770, 0.08011902
38771, 0.08011919
38772, 0.08011936
38773, 0.08011953
38774, 0.08011969
38775, 0.08011990
38776, 0.08012007
38777, 0.08012024
38778, 0.08012041
38779, 0.08012057
38780, 0.08012075
38781, 0.08012092
38782, 0.08012108
38783, 0.08012125
38784, 0.08012142
38785, 0.08012159
38786, 0.08012175
38787, 0.08012192
38788, 0.08012209
38789, 0.08012226
38790, 0.08012243
38791, 0.08012259
38792, 0.08012276
38793, 0.08012293
38794, 0.08012310
38795, 0.08012327
38796, 0.08012345
38797, 0.08012362
38798, 0.08012379
38799, 0.08012396
38800, 0.08012413
38801, 0.08012430
38802, 0.08012447
38803, 0.08012463
38804, 0.08012480
38805, 0.08012497
38806, 0.08012514
38807, 0.08012531
38808, 0.08012548
38809, 0.08012565
38810, 0.08012588
38811, 0.08012605
38812, 0.08012623
38813, 0.08012845
38814, 0.08012863
38815, 0.08012881
38816, 0.08012898
38817, 0.08012915
38818, 0.08012932
38819, 0.08012948
38820, 0.08012965
38821, 0.08012982
38822, 0.08012999
38823, 0.08013016
38824, 0.08013033
38825, 0.08013050
38826, 0.08013066
38827, 0.08013083
38828, 0.08013100
38829, 0.08013117
38830, 0.08013133
38831, 0.08013150
38832, 0.08013168
38833, 0.08013185
38834, 0.08013203
38835, 0.08013221
38836, 0.08013238
38837, 0.08013256
38838, 0.08013272
38839, 0.08013289
38840, 0.08013305
38841, 0.08013322
38842, 0.08013339
38843, 0.08013356
38844, 0.08013373
38845, 0.08013389
38846, 0.08013406
38847, 0.08013423
38848, 0.08013440
38849, 0.08013457
38850, 0.08013473
38851, 0.08013490
38852, 0.08013507
38853, 0.08013523
38854, 0.08013540
38855, 0.08013557
38856, 0.08013573
38857, 0.08013590
38858, 0.08013607
38859, 0.08013623
38860, 0.08013640
38861, 0.08013657
38862, 0.08013674
38863, 0.08013690
38864, 0.08013707
38865, 0.08013724
38866, 0.08013740
38867, 0.08013757
38868, 0.08013774
38869, 0.08013791
38870, 0.08013807
38871, 0.08013824
38872, 0.08013841
38873, 0.08013857
38874, 0.08013874
38875, 0.08013891
38876, 0.08013908
38877, 0.08013924
38878, 0.08013941
38879, 0.08013958
38880, 0.08013974
38881, 0.08013991
38882, 0.08014008
38883, 0.08014024
38884, 0.08014041
38885, 0.08014058
38886, 0.08014074
38887, 0.08014091
38888, 0.08014108
38889, 0.08014124
38890, 0.08014141
38891, 0.08014158
38892, 0.08014174
38893, 0.08014191
38894, 0.08014207
38895, 0.08014224
38896, 0.08014241
38897, 0.08014257
38898, 0.08014274
38899, 0.08014291
38900, 0.08014307
38901, 0.08014324
38902, 0.08014341
38903, 0.08014358
38904, 0.08014374
38905, 0.08014391
38906, 0.08014408
38907, 0.08014425
38908, 0.08014442
38909, 0.08014459
38910, 0.08014476
38911, 0.08014493
38912, 0.08014510
38913, 0.08014527
38914, 0.08014544
38915, 0.08014561
38916, 0.08014578
38917, 0.08014595
38918, 0.08014611
38919, 0.08014636
38920, 0.08014652
38921, 0.08014669
38922, 0.08014686
38923, 0.08014702
38924, 0.08014719
38925, 0.08014736
38926, 0.08014753
38927, 0.08014777
38928, 0.08014793
38929, 0.08014810
38930, 0.08014827
38931, 0.08014844
38932, 0.08014860
38933, 0.08014877
38934, 0.08014894
38935, 0.08014919
38936, 0.08014936
38937, 0.08014952
38938, 0.08014970
38939, 0.08015208
38940, 0.08015226
38941, 0.08015244
38942, 0.08015261
38943, 0.08015285
38944, 0.08015302
38945, 0.08015319
38946, 0.08015336
38947, 0.08015354
38948, 0.08015370
38949, 0.08015388
38950, 0.08015404
38951, 0.08015429
38952, 0.08015445
38953, 0.08015462
38954, 0.08015479
38955, 0.08015496
38956, 0.08015514
38957, 0.08015531
38958, 0.08015548
38959, 0.08015574
38960, 0.08015591
38961, 0.08015608
38962, 0.08015624
38963, 0.08015642
38964, 0.08015659
38965, 0.08015676
38966, 0.08015692
38967, 0.08015717
38968, 0.08015733
38969, 0.08015750
38970, 0.08015767
38971, 0.08015784
38972, 0.08015801
38973, 0.08015818
38974, 0.08015835
38975, 0.08015861
38976, 0.08015878
38977, 0.08015895
38978, 0.08015912
38979, 0.08015928
38980, 0.08015946
38981, 0.08015962
38982, 0.08015979
38983, 0.08016004
38984, 0.08016021
38985, 0.08016038
38986, 0.08016055
38987, 0.08016072
38988, 0.08016089
38989, 0.08016106
38990, 0.08016123
38991, 0.08016140
38992, 0.08016156
38993, 0.08016174
38994, 0.08016190
38995, 0.08016207
38996, 0.08016224
38997, 0.08016241
38998, 0.08016258
38999, 0.08016275
39000, 0.08016292
39001, 0.08016309
39002, 0.08016326
39003, 0.08016343
39004, 0.08016360
39005, 0.08016378
39006, 0.08016395
39007, 0.08016412
39008, 0.08016429
39009, 0.08016446
39010, 0.08016463
39011, 0.08016480
39012, 0.08016497
39013, 0.08016514
39014, 0.08016531
39015, 0.08016548
39016, 0.08016565
39017, 0.08016582
39018, 0.08016599
39019, 0.08016616
39020, 0.08016633
39021, 0.08016650
39022, 0.08016667
39023, 0.08016684
39024, 0.08016702
39025, 0.08016719
39026, 0.08016736
39027, 0.08016753
39028, 0.08016770
39029, 0.08016787
39030, 0.08016804
39031, 0.08016821
39032, 0.08016838
39033, 0.08016856
39034, 0.08016873
39035, 0.08016890
39036, 0.08016907
39037, 0.08016925
39038, 0.08016942
39039, 0.08016959
39040, 0.08016976
39041, 0.08016993
39042, 0.08017010
39043, 0.08017027
39044, 0.08017044
39045, 0.08017061
39046, 0.08017078
39047, 0.08017095
39048, 0.08017112
39049, 0.08017130
39050, 0.08017147
39051, 0.08017164
39052, 0.08017180
39053, 0.08017198
39054, 0.08017215
39055, 0.08017232
39056, 0.08017249
39057, 0.08017266
39058, 0.08017283
39059, 0.08017300
39060, 0.08017317
39061, 0.08017334
39062, 0.08017351
39063, 0.08017368
39064, 0.08017387
39065, 0.08017603
39066, 0.08017623
39067, 0.08017640
39068, 0.08017658
39069, 0.08017675
39070, 0.08017693
39071, 0.08017710
39072, 0.08017728
39073, 0.08017746
39074, 0.08017763
39075, 0.08017781
39076, 0.08017798
39077, 0.08017815
39078, 0.08017833
39079, 0.08017850
39080, 0.08017868
39081, 0.08017885
39082, 0.08017902
39083, 0.08017920
39084, 0.08017937
39085, 0.08017955
39086, 0.08017972
39087, 0.08017990
39088, 0.08018007
39089, 0.08018024
39090, 0.08018042
39091, 0.08018059
39092, 0.08018076
39093, 0.08018093
39094, 0.08018111
39095, 0.08018128
39096, 0.08018145
39097, 0.08018162
39098, 0.08018178
39099, 0.08018195
39100, 0.08018213
39101, 0.08018230
39102, 0.08018246
39103, 0.08018263
39104, 0.08018280
39105, 0.08018297
39106, 0.08018314
39107, 0.08018331
39108, 0.08018348
39109, 0.08018365
39110, 0.08018382
39111, 0.08018399
39112, 0.08018416
39113, 0.08018433
39114, 0.08018450
39115, 0.08018466
39116, 0.08018483
39117, 0.08018500
39118, 0.08018517
39119, 0.08018534
39120, 0.08018551
39121, 0.08018568
39122, 0.08018585
39123, 0.08018602
39124, 0.08018619
39125, 0.08018636
39126, 0.08018653
39127, 0.08018670
39128, 0.08018687
39129, 0.08018704
39130, 0.08018722
39131, 0.08018738
39132, 0.08018755
39133, 0.08018772
39134, 0.08018789
39135, 0.08018806
39136, 0.08018823
39137, 0.08018840
39138, 0.08018857
39139, 0.08018874
39140, 0.08018891
39141, 0.08018908
39142, 0.08018925
39143, 0.08018942
39144, 0.08018959
39145, 0.08018976
39146, 0.08018992
39147, 0.08019010
39148, 0.08019027
39149, 0.08019044
39150, 0.08019061
39151, 0.08019078
39152, 0.08019095
39153, 0.08019112
39154, 0.08019129
39155, 0.08019146
39156, 0.08019162
39157, 0.08019180
39158, 0.08019197
39159, 0.08019213
39160, 0.08019230
39161, 0.08019247
39162, 0.08019265
39163, 0.08019282
39164, 0.08019299
39165, 0.08019316
39166, 0.08019333
39167, 0.08019350
39168, 0.08019367
39169, 0.08019384
39170, 0.08019401
39171, 0.08019418
39172, 0.08019435
39173, 0.08019452
39174, 0.08019469
39175, 0.08019486
39176, 0.08019502
39177, 0.08019519
39178, 0.08019537
39179, 0.08019554
39180, 0.08019571
39181, 0.08019588
39182, 0.08019605
39183, 0.08019622
39184, 0.08019638
39185, 0.08019655
39186, 0.08019672
39187, 0.08019689
39188, 0.08019706
39189, 0.08019723
39190, 0.08019742
39191, 0.08019991
39192, 0.08020010
39193, 0.08020027
39194, 0.08020044
39195, 0.08020061
39196, 0.08020078
39197, 0.08020095
39198, 0.08020111
39199, 0.08020128
39200, 0.08020145
39201, 0.08020162
39202, 0.08020179
39203, 0.08020195
39204, 0.08020212
39205, 0.08020228
39206, 0.08020245
39207, 0.08020262
39208, 0.08020279
39209, 0.08020295
39210, 0.08020312
39211, 0.08020329
39212, 0.08020346
39213, 0.08020362
39214, 0.08020379
39215, 0.08020395
39216, 0.08020412
39217, 0.08020429
39218, 0.08020445
39219, 0.08020462
39220, 0.08020479
39221, 0.08020496
39222, 0.08020512
39223, 0.08020529
39224, 0.08020546
39225, 0.08020562
39226, 0.08020579
39227, 0.08020595
39228, 0.08020613
39229, 0.08020629
39230, 0.08020646
39231, 0.08020663
39232, 0.08020679
39233, 0.08020696
39234, 0.08020713
39235, 0.08020729
39236, 0.08020746
39237, 0.08020762
39238, 0.08020779
39239, 0.08020796
39240, 0.08020812
39241, 0.08020829
39242, 0.08020846
39243, 0.08020862
39244, 0.08020879
39245, 0.08020896
39246, 0.08020913
39247, 0.08020929
39248, 0.08020946
39249, 0.08020963
39250, 0.08020980
39251, 0.08020996
39252, 0.08021013
39253, 0.08021030
39254, 0.08021046
39255, 0.08021063
39256, 0.08021080
39257, 0.08021097
39258, 0.08021113
39259, 0.08021130
39260, 0.08021147
39261, 0.08021164
39262, 0.08021180
39263, 0.08021197
39264, 0.08021214
39265, 0.08021230
39266, 0.08021247
39267, 0.08021264
39268, 0.08021280
39269, 0.08021298
39270, 0.08021314
39271, 0.08021331
39272, 0.08021348
39273, 0.08021365
39274, 0.08021381
39275, 0.08021398
39276, 0.08021417
39277, 0.08021434
39278, 0.08021453
39279, 0.08021470
39280, 0.08021489
39281, 0.08021508
39282, 0.08021528
39283, 0.08021545
39284, 0.08021561
39285, 0.08021578
39286, 0.08021595
39287, 0.08021612
39288, 0.08021629
39289, 0.08021646
39290, 0.08021662
39291, 0.08021679
39292, 0.08021696
39293, 0.08021713
39294, 0.08021729
39295, 0.08021746
39296, 0.08021763
39297, 0.08021779
39298, 0.08021796
39299, 0.08021813
39300, 0.08021829
39301, 0.08021846
39302, 0.08021863
39303, 0.08021880
39304, 0.08021896
39305, 0.08021913
39306, 0.08021930
39307, 0.08021947
39308, 0.08021963
39309, 0.08021980
39310, 0.08021997
39311, 0.08022014
39312, 0.08022031
39313, 0.08022047
39314, 0.08022064
39315, 0.08022081
39316, 0.08022099
39317, 0.08022338
39318, 0.08022357
39319, 0.08022374
39320, 0.08022392
39321, 0.08022409
39322, 0.08022425
39323, 0.08022442
39324, 0.08022459
39325, 0.08022476
39326, 0.08022493
39327, 0.08022509
39328, 0.08022526
39329, 0.08022543
39330, 0.08022559
39331, 0.08022576
39332, 0.08022593
39333, 0.08022609
39334, 0.08022626
39335, 0.08022643
39336, 0.08022660
39337, 0.08022676
39338, 0.08022693
39339, 0.08022710
39340, 0.08022727
39341, 0.08022744
39342, 0.08022760
39343, 0.08022777
39344, 0.08022794
39345, 0.08022811
39346, 0.08022828
39347, 0.08022844
39348, 0.08022861
39349, 0.08022878
39350, 0.08022894
39351, 0.08022911
39352, 0.08022928
39353, 0.08022944
39354, 0.08022961
39355, 0.08022978
39356, 0.08022995
39357, 0.08023011
39358, 0.08023028
39359, 0.08023045
39360, 0.08023061
39361, 0.08023078
39362, 0.08023094
39363, 0.08023111
39364, 0.08023128
39365, 0.08023144
39366, 0.08023161
39367, 0.08023177
39368, 0.08023194
39369, 0.08023211
39370, 0.08023227
39371, 0.08023244
39372, 0.08023261
39373, 0.08023277
39374, 0.08023294
39375, 0.08023310
39376, 0.08023327
39377, 0.08023344
39378, 0.08023361
39379, 0.08023377
39380, 0.08023394
39381, 0.08023411
39382, 0.08023428
39383, 0.08023445
39384, 0.08023461
39385, 0.08023479
39386, 0.08023495
39387, 0.08023512
39388, 0.08023529
39389, 0.08023545
39390, 0.08023562
39391, 0.08023579
39392, 0.08023595
39393, 0.08023612
39394, 0.08023629
39395, 0.08023645
39396, 0.08023662
39397, 0.08023679
39398, 0.08023696
39399, 0.08023713
39400, 0.08023730
39401, 0.08023747
39402, 0.08023763
39403, 0.08023780
39404, 0.08023797
39405, 0.08023814
39406, 0.08023830
39407, 0.08023847
39408, 0.08023864
39409, 0.08023881
39410, 0.08023898
39411, 0.08023915
39412, 0.08023931
39413, 0.08023948
39414, 0.08023965
39415, 0.08023982
39416, 0.08023998
39417, 0.08024015
39418, 0.08024031
39419, 0.08024048
39420, 0.08024065
39421, 0.08024082
39422, 0.08024099
39423, 0.08024116
39424, 0.08024132
39425, 0.08024149
39426, 0.08024166
39427, 0.08024182
39428, 0.08024199
39429, 0.08024216
39430, 0.08024233
39431, 0.08024257
39432, 0.08024274
39433, 0.08024290
39434, 0.08024307
39435, 0.08024324
39436, 0.08024341
39437, 0.08024357
39438, 0.08024374
39439, 0.08024398
39440, 0.08024415
39441, 0.08024431
39442, 0.08024449
39443, 0.08024667
39444, 0.08024687
39445, 0.08024705
39446, 0.08024722
39447, 0.08024747
39448, 0.08024764
39449, 0.08024780
39450, 0.08024797
39451, 0.08024814
39452, 0.08024830
39453, 0.08024848
39454, 0.08024864
39455, 0.08024917
39456, 0.08024934
39457, 0.08024951
39458, 0.08024968
39459, 0.08024985
39460, 0.08025002
39461, 0.08025018
39462, 0.08025035
39463, 0.08025059
39464, 0.08025076
39465, 0.08025094
39466, 0.08025110
39467, 0.08025127
39468, 0.08025144
39469, 0.08025161
39470, 0.08025178
39471, 0.08025201
39472, 0.08025218
39473, 0.08025235
39474, 0.08025252
39475, 0.08025269
39476, 0.08025286
39477, 0.08025304
39478, 0.08025321
39479, 0.08025345
39480, 0.08025362
39481, 0.08025379
39482, 0.08025396
39483, 0.08025413
39484, 0.08025430
39485, 0.08025446
39486, 0.08025463
39487, 0.08025488
39488, 0.08025505
39489, 0.08025521
39490, 0.08025538
39491, 0.08025555
39492, 0.08025572
39493, 0.08025588
39494, 0.08025605
39495, 0.08025667
39496, 0.08025684
39497, 0.08025701
39498, 0.08025718
39499, 0.08025735
39500, 0.08025752
39501, 0.08025769
39502, 0.08025786
39503, 0.08025803
39504, 0.08025820
39505, 0.08025837
39506, 0.08025853
39507, 0.08025870
39508, 0.08025887
39509, 0.08025903
39510, 0.08025920
39511, 0.08025937
39512, 0.08025953
39513, 0.08025970
39514, 0.08025987
39515, 0.08026004
39516, 0.08026020
39517, 0.08026038
39518, 0.08026054
39519, 0.08026071
39520, 0.08026088
39521, 0.08026105
39522, 0.08026122
39523, 0.08026139
39524, 0.08026156
39525, 0.08026172
39526, 0.08026189
39527, 0.08026206
39528, 0.08026223
39529, 0.08026240
39530, 0.08026257
39531, 0.08026273
39532, 0.08026290
39533, 0.08026307
39534, 0.08026324
39535, 0.08026341
39536, 0.08026357
39537, 0.08026374
39538, 0.08026391
39539, 0.08026408
39540, 0.08026424
39541, 0.08026441
39542, 0.08026458
39543, 0.08026475
39544, 0.08026492
39545, 0.08026508
39546, 0.08026525
39547, 0.08026542
39548, 0.08026559
39549, 0.08026576
39550, 0.08026593
39551, 0.08026610
39552, 0.08026627
39553, 0.08026643
39554, 0.08026660
39555, 0.08026677
39556, 0.08026694
39557, 0.08026711
39558, 0.08026727
39559, 0.08026744
39560, 0.08026761
39561, 0.08026778
39562, 0.08026795
39563, 0.08026811
39564, 0.08026828
39565, 0.08026845
39566, 0.08026862
39567, 0.08026878
39568, 0.08026896
39569, 0.08027113
39570, 0.08027131
39571, 0.08027148
39572, 0.08027165
39573, 0.08027182
39574, 0.08027198
39575, 0.08027215
39576, 0.08027232
39577, 0.08027248
39578, 0.08027265
39579, 0.08027282
39580, 0.08027299
39581, 0.08027315
39582, 0.08027332
39583, 0.08027349
39584, 0.08027365
39585, 0.08027382
39586, 0.08027399
39587, 0.08027415
39588, 0.08027432
39589, 0.08027449
39590, 0.08027466
39591, 0.08027482
39592, 0.08027499
39593, 0.08027516
39594, 0.08027533
39595, 0.08027549
39596, 0.08027566
39597, 0.08027583
39598, 0.08027600
39599, 0.08027617
39600, 0.08027634
39601, 0.08027650
39602, 0.08027667
39603, 0.08027684
39604, 0.08027701
39605, 0.08027718
39606, 0.08027735
39607, 0.08027752
39608, 0.08027768
39609, 0.08027785
39610, 0.08027802
39611, 0.08027819
39612, 0.08027836
39613, 0.08027853
39614, 0.08027869
39615, 0.08027886
39616, 0.08027903
39617, 0.08027920
39618, 0.08027937
39619, 0.08027954
39620, 0.08027971
39621, 0.08027988
39622, 0.08028005
39623, 0.08028021
39624, 0.08028038
39625, 0.08028055
39626, 0.08028072
39627, 0.08028089
39628, 0.08028106
39629, 0.08028123
39630, 0.08028140
39631, 0.08028156
39632, 0.08028174
39633, 0.08028190
39634, 0.08028207
39635, 0.08028224
39636, 0.08028241
39637, 0.08028258
39638, 0.08028275
39639, 0.08028291
39640, 0.08028308
39641, 0.08028325
39642, 0.08028342
39643, 0.08028359
39644, 0.08028376
39645, 0.08028393
39646, 0.08028411
39647, 0.08028427
39648, 0.08028444
39649, 0.08028461
39650, 0.08028478
39651, 0.08028495
39652, 0.08028511
39653, 0.08028528
39654, 0.08028545
39655, 0.08028562
39656, 0.08028578
39657, 0.08028596
39658, 0.08028613
39659, 0.08028630
39660, 0.08028647
39661, 0.08028664
39662, 0.08028682
39663, 0.08028699
39664, 0.08028716
39665, 0.08028733
39666, 0.08028751
39667, 0.08028768
39668, 0.08028784
39669, 0.08028801
39670, 0.08028818
39671, 0.08028835
39672, 0.08028851
39673, 0.08028868
39674, 0.08028885
39675, 0.08028902
39676, 0.08028918
39677, 0.08028934
39678, 0.08028951
39679, 0.08028968
39680, 0.08028984
39681, 0.08029001
39682, 0.08029018
39683, 0.08029034
39684, 0.08029051
39685, 0.08029068
39686, 0.08029084
39687, 0.08029101
39688, 0.08029118
39689, 0.08029134
39690, 0.08029151
39691, 0.08029168
39692, 0.08029184
39693, 0.08029202
39694, 0.08029220
39695, 0.08029431
39696, 0.08029449
39697, 0.08029466
39698, 0.08029482
39699, 0.08029499
39700, 0.08029516
39701, 0.08029533
39702, 0.08029550
39703, 0.08029567
39704, 0.08029584
39705, 0.08029600
39706, 0.08029617
39707, 0.08029634
39708, 0.08029651
39709, 0.08029667
39710, 0.08029684
39711, 0.08029700
39712, 0.08029717
39713, 0.08029740
39714, 0.08029756
39715, 0.08029773
39716, 0.08029789
39717, 0.08029806
39718, 0.08029823
39719, 0.08029839
39720, 0.08029856
39721, 0.08029873
39722, 0.08029889
39723, 0.08029906
39724, 0.08029923
39725, 0.08029939
39726, 0.08029956
39727, 0.08029973
39728, 0.08029989
39729, 0.08030006
39730, 0.08030023
39731, 0.08030039
39732, 0.08030056
39733, 0.08030073
39734, 0.08030089
39735, 0.08030106
39736, 0.08030123
39737, 0.08030139
39738, 0.08030156
39739, 0.08030173
39740, 0.08030189
39741, 0.08030206
39742, 0.08030223
39743, 0.08030240
39744, 0.08030256
39745, 0.08030273
39746, 0.08030289
39747, 0.08030306
39748, 0.08030323
39749, 0.08030339
39750, 0.08030356
39751, 0.08030373
39752, 0.08030390
39753, 0.08030406
39754, 0.08030423
39755, 0.08030440
39756, 0.08030456
39757, 0.08030473
39758, 0.08030489
39759, 0.08030506
39760, 0.08030523
39761, 0.08030539
39762, 0.08030556
39763, 0.08030572
39764, 0.08030589
39765, 0.08030606
39766, 0.08030623
39767, 0.08030645
39768, 0.08030662
39769, 0.08030678
39770, 0.08030695
39771, 0.08030712
39772, 0.08030728
39773, 0.08030745
39774, 0.08030761
39775, 0.08030778
39776, 0.08030795
39777, 0.08030811
39778, 0.08030828
39779, 0.08030845
39780, 0.08030861
39781, 0.08030878
39782, 0.08030895
39783, 0.08030911
39784, 0.08030928
39785, 0.08030945
39786, 0.08030962
39787, 0.08030979
39788, 0.08030996
39789, 0.08031013
39790, 0.08031030
39791, 0.08031046
39792, 0.08031063
39793, 0.08031080
39794, 0.08031096
39795, 0.08031113
39796, 0.08031130
39797, 0.08031146
39798, 0.08031163
39799, 0.08031180
39800, 0.08031196
39801, 0.08031213
39802, 0.08031230
39803, 0.08031246
39804, 0.08031263
39805, 0.08031280
39806, 0.08031297
39807, 0.08031313
39808, 0.08031330
39809, 0.08031347
39810, 0.08031363
39811, 0.08031380
39812, 0.08031397
39813, 0.08031413
39814, 0.08031430
39815, 0.08031447
39816, 0.08031464
39817, 0.08031480
39818, 0.08031497
39819, 0.08031513
39820, 0.08031531
39821, 0.08031950
39822, 0.08031968
39823, 0.08031988
39824, 0.08032005
39825, 0.08032022
39826, 0.08032039
39827, 0.08032056
39828, 0.08032073
39829, 0.08032091
39830, 0.08032109
39831, 0.08032126
39832, 0.08032143
39833, 0.08032160
39834, 0.08032177
39835, 0.08032193
39836, 0.08032210
39837, 0.08032227
39838, 0.08032244
39839, 0.08032260
39840, 0.08032277
39841, 0.08032294
39842, 0.08032311
39843, 0.08032328
39844, 0.08032345
39845, 0.08032362
39846, 0.08032378
39847, 0.08032395
39848, 0.08032412
39849, 0.08032429
39850, 0.08032445
39851, 0.08032462
39852, 0.08032479
39853, 0.08032496
39854, 0.08032513
39855, 0.08032530
39856, 0.08032547
39857, 0.08032563
39858, 0.08032580
39859, 0.08032597
39860, 0.08032614
39861, 0.08032630
39862, 0.08032647
39863, 0.08032663
39864, 0.08032680
39865, 0.08032697
39866, 0.08032713
39867, 0.08032730
39868, 0.08032747
39869, 0.08032764
39870, 0.08032781
39871, 0.08032797
39872, 0.08032814
39873, 0.08032831
39874, 0.08032847
39875, 0.08032864
39876, 0.08032881
39877, 0.08032898
39878, 0.08032914
39879, 0.08032931
39880, 0.08032948
39881, 0.08032964
39882, 0.08032981
39883, 0.08032998
39884, 0.08033015
39885, 0.08033031
39886, 0.08033048
39887, 0.08033065
39888, 0.08033081
39889, 0.08033098
39890, 0.08033115
39891, 0.08033132
39892, 0.08033148
39893, 0.08033165
39894, 0.08033182
39895, 0.08033198
39896, 0.08033215
39897, 0.08033232
39898, 0.08033248
39899, 0.08033265
39900, 0.08033282
39901, 0.08033298
39902, 0.08033315
39903, 0.08033332
39904, 0.08033349
39905, 0.08033365
39906, 0.08033382
39907, 0.08033399
39908, 0.08033416
39909, 0.08033432
39910, 0.08033449
39911, 0.08033467
39912, 0.08033484
39913, 0.08033501
39914, 0.08033519
39915, 0.08033536
39916, 0.08033552
39917, 0.08033569
39918, 0.08033586
39919, 0.08033603
39920, 0.08033619
39921, 0.08033636
39922, 0.08033653
39923, 0.08033669
39924, 0.08033686
39925, 0.08033703
39926, 0.08033720
39927, 0.08033736
39928, 0.08033753
39929, 0.08033770
39930, 0.08033787
39931, 0.08033803
39932, 0.08033820
39933, 0.08033837
39934, 0.08033854
39935, 0.08033878
39936, 0.08033895
39937, 0.08033912
39938, 0.08033928
39939, 0.08033945
39940, 0.08033962
39941, 0.08033979
39942, 0.08033995
39943, 0.08034020
39944, 0.08034040
39945, 0.08034057
39946, 0.08034075
39947, 0.08034307
39948, 0.08034324
39949, 0.08034341
39950, 0.08034358
39951, 0.08034383
39952, 0.08034400
39953, 0.08034417
39954, 0.08034434
39955, 0.08034451
39956, 0.08034468
39957, 0.08034485
39958, 0.08034501
39959, 0.08034526
39960, 0.08034543
39961, 0.08034560
39962, 0.08034577
39963, 0.08034594
39964, 0.08034611
39965, 0.08034628
39966, 0.08034644
39967, 0.08034669
39968, 0.08034686
39969, 0.08034703
39970, 0.08034720
39971, 0.08034737
39972, 0.08034754
39973, 0.08034771
39974, 0.08034787
39975, 0.08034811
39976, 0.08034828
39977, 0.08034845
39978, 0.08034862
39979, 0.08034879
39980, 0.08034896
39981, 0.08034912
39982, 0.08034929
39983, 0.08034954
39984, 0.08034971
39985, 0.08034988
39986, 0.08035005
39987, 0.08035022
39988, 0.08035039
39989, 0.08035055
39990, 0.08035074
39991, 0.08035098
39992, 0.08035115
39993, 0.08035132
39994, 0.08035149
39995, 0.08035166
39996, 0.08035183
39997, 0.08035200
39998, 0.08035216
39999, 0.08035241
40000, 0.08035258
40001, 0.08035275
40002, 0.08035291
40003, 0.08035308
40004, 0.08035325
40005, 0.08035342
40006, 0.08035359
40007, 0.08035376
40008, 0.08035393
40009, 0.08035409
40010, 0.08035426
40011, 0.08035443
40012, 0.08035460
40013, 0.08035477
40014, 0.08035494
40015, 0.08035510
40016, 0.08035527
40017, 0.08035544
40018, 0.08035561
40019, 0.08035578
40020, 0.08035595
40021, 0.08035612
40022, 0.08035628
40023, 0.08035645
40024, 0.08035662
40025, 0.08035679
40026, 0.08035702
40027, 0.08035719
40028, 0.08035736
40029, 0.08035753
40030, 0.08035770
40031, 0.08035787
40032, 0.08035804
40033, 0.08035821
40034, 0.08035838
40035, 0.08035855
40036, 0.08035871
40037, 0.08035888
40038, 0.08035905
40039, 0.08035922
40040, 0.08035939
40041, 0.08035956
40042, 0.08035973
40043, 0.08035990
40044, 0.08036007
40045, 0.08036024
40046, 0.08036041
40047, 0.08036058
40048, 0.08036075
40049, 0.08036092
40050, 0.08036109
40051, 0.08036126
40052, 0.08036142
40053, 0.08036159
40054, 0.08036176
40055, 0.08036193
40056, 0.08036210
40057, 0.08036226
40058, 0.08036243
40059, 0.08036260
40060, 0.08036277
40061, 0.08036294
40062, 0.08036311
40063, 0.08036327
40064, 0.08036344
40065, 0.08036361
40066, 0.08036378
40067, 0.08036395
40068, 0.08036412
40069, 0.08036428
40070, 0.08036445
40071, 0.08036462
40072, 0.08036480
40073, 0.08036700
40074, 0.08036717
40075, 0.08036734
40076, 0.08036751
40077, 0.08036768
40078, 0.08036785
40079, 0.08036802
40080, 0.08036818
40081, 0.08036835
40082, 0.08036852
40083, 0.08036869
40084, 0.08036885
40085, 0.08036902
40086, 0.08036919
40087, 0.08036936
40088, 0.08036953
40089, 0.08036970
40090, 0.08036986
40091, 0.08037003
40092, 0.08037019
40093, 0.08037036
40094, 0.08037054
40095, 0.08037070
40096, 0.08037087
40097, 0.08037104
40098, 0.08037121
40099, 0.08037138
40100, 0.08037154
40101, 0.08037171
40102, 0.08037188
40103, 0.08037205
40104, 0.08037221
40105, 0.08037238
40106, 0.08037255
40107, 0.08037273
40108, 0.08037290
40109, 0.08037307
40110, 0.08037324
40111, 0.08037341
40112, 0.08037358
40113, 0.08037375
40114, 0.08037392
40115, 0.08037410
40116, 0.08037428
40117, 0.08037445
40118, 0.08037463
40119, 0.08037480
40120, 0.08037498
40121, 0.08037516
40122, 0.08037533
40123, 0.08037551
40124, 0.08037569
40125, 0.08037586
40126, 0.08037604
40127, 0.08037622
40128, 0.08037639
40129, 0.08037657
40130, 0.08037674
40131, 0.08037691
40132, 0.08037708
40133, 0.08037725
40134, 0.08037742
40135, 0.08037759
40136, 0.08037776
40137, 0.08037793
40138, 0.08037810
40139, 0.08037826
40140, 0.08037843
40141, 0.08037860
40142, 0.08037877
40143, 0.08037894
40144, 0.08037911
40145, 0.08037927
40146, 0.08037944
40147, 0.08037961
40148, 0.08037978
40149, 0.08037995
40150, 0.08038011
40151, 0.08038028
40152, 0.08038045
40153, 0.08038062
40154, 0.08038079
40155, 0.08038095
40156, 0.08038112
40157, 0.08038129
40158, 0.08038146
40159, 0.08038162
40160, 0.08038179
40161, 0.08038196
40162, 0.08038213
40163, 0.08038234
40164, 0.08038251
40165, 0.08038268
40166, 0.08038285
40167, 0.08038302
40168, 0.08038319
40169, 0.08038336
40170, 0.08038353
40171, 0.08038370
40172, 0.08038388
40173, 0.08038405
40174, 0.08038422
40175, 0.08038439
40176, 0.08038456
40177, 0.08038473
40178, 0.08038490
40179, 0.08038507
40180, 0.08038524
40181, 0.08038541
40182, 0.08038559
40183, 0.08038576
40184, 0.08038593
40185, 0.08038610
40186, 0.08038628
40187, 0.08038644
40188, 0.08038661
40189, 0.08038678
40190, 0.08038695
40191, 0.08038712
40192, 0.08038729
40193, 0.08038746
40194, 0.08038762
40195, 0.08038779
40196, 0.08038796
40197, 0.08038813
40198, 0.08038831
40199, 0.08039051
40200, 0.08039069
40201, 0.08039087
40202, 0.08039105
40203, 0.08039122
40204, 0.08039140
40205, 0.08039157
40206, 0.08039174
40207, 0.08039190
40208, 0.08039207
40209, 0.08039224
40210, 0.08039240
40211, 0.08039257
40212, 0.08039274
40213, 0.08039290
40214, 0.08039307
40215, 0.08039324
40216, 0.08039340
40217, 0.08039357
40218, 0.08039373
40219, 0.08039390
40220, 0.08039407
40221, 0.08039423
40222, 0.08039440
40223, 0.08039456
40224, 0.08039473
40225, 0.08039490
40226, 0.08039507
40227, 0.08039523
40228, 0.08039541
40229, 0.08039558
40230, 0.08039575
40231, 0.08039591
40232, 0.08039608
40233, 0.08039625
40234, 0.08039642
40235, 0.08039658
40236, 0.08039675
40237, 0.08039692
40238, 0.08039709
40239, 0.08039725
40240, 0.08039742
40241, 0.08039759
40242, 0.08039776
40243, 0.08039793
40244, 0.08039810
40245, 0.08039826
40246, 0.08039843
40247, 0.08039860
40248, 0.08039877
40249, 0.08039894
40250, 0.08039910
40251, 0.08039927
40252, 0.08039944
40253, 0.08039961
40254, 0.08039978
40255, 0.08039995
40256, 0.08040012
40257, 0.08040029
40258, 0.08040045
40259, 0.08040062
40260, 0.08040079
40261, 0.08040095
40262, 0.08040112
40263, 0.08040129
40264, 0.08040146
40265, 0.08040163
40266, 0.08040179
40267, 0.08040196
40268, 0.08040213
40269, 0.08040230
40270, 0.08040247
40271, 0.08040266
40272, 0.08040282
40273, 0.08040299
40274, 0.08040316
40275, 0.08040333
40276, 0.08040349
40277, 0.08040366
40278, 0.08040383
40279, 0.08040400
40280, 0.08040416
40281, 0.08040433
40282, 0.08040450
40283, 0.08040467
40284, 0.08040484
40285, 0.08040501
40286, 0.08040518
40287, 0.08040534
40288, 0.08040551
40289, 0.08040569
40290, 0.08040585
40291, 0.08040602
40292, 0.08040619
40293, 0.08040636
40294, 0.08040653
40295, 0.08040670
40296, 0.08040687
40297, 0.08040704
40298, 0.08040721
40299, 0.08040739
40300, 0.08040756
40301, 0.08040773
40302, 0.08040790
40303, 0.08040807
40304, 0.08040823
40305, 0.08040840
40306, 0.08040857
40307, 0.08040874
40308, 0.08040891
40309, 0.08040908
40310, 0.08040925
40311, 0.08040942
40312, 0.08040959
40313, 0.08040976
40314, 0.08040993
40315, 0.08041009
40316, 0.08041026
40317, 0.08041043
40318, 0.08041060
40319, 0.08041077
40320, 0.08041094
40321, 0.08041111
40322, 0.08041128
40323, 0.08041145
40324, 0.08041163
40325, 0.08041381
40326, 0.08041399
40327, 0.08041416
40328, 0.08041433
40329, 0.08041451
40330, 0.08041468
40331, 0.08041485
40332, 0.08041501
40333, 0.08041518
40334, 0.08041536
40335, 0.08041554
40336, 0.08041571
40337, 0.08041587
40338, 0.08041605
40339, 0.08041621
40340, 0.08041638
40341, 0.08041655
40342, 0.08041672
40343, 0.08041689
40344, 0.08041707
40345, 0.08041723
40346, 0.08041741
40347, 0.08041758
40348, 0.08041775
40349, 0.08041792
40350, 0.08041809
40351, 0.08041826
40352, 0.08041842
40353, 0.08041859
40354, 0.08041876
40355, 0.08041893
40356, 0.08041910
40357, 0.08041926
40358, 0.08041943
40359, 0.08041960
40360, 0.08041977
40361, 0.08041994
40362, 0.08042010
40363, 0.08042027
40364, 0.08042044
40365, 0.08042061
40366, 0.08042077
40367, 0.08042094
40368, 0.08042111
40369, 0.08042128
40370, 0.08042145
40371, 0.08042162
40372, 0.08042178
40373, 0.08042195
40374, 0.08042212
40375, 0.08042229
40376, 0.08042245
40377, 0.08042262
40378, 0.08042279
40379, 0.08042296
40380, 0.08042312
40381, 0.08042329
40382, 0.08042346
40383, 0.08042363
40384, 0.08042380
40385, 0.08042396
40386, 0.08042413
40387, 0.08042430
40388, 0.08042447
40389, 0.08042464
40390, 0.08042480
40391, 0.08042497
40392, 0.08042514
40393, 0.08042531
40394, 0.08042547
40395, 0.08042564
40396, 0.08042581
40397, 0.08042598
40398, 0.08042615
40399, 0.08042631
40400, 0.08042649
40401, 0.08042665
40402, 0.08042682
40403, 0.08042699
40404, 0.08042716
40405, 0.08042733
40406, 0.08042750
40407, 0.08042767
40408, 0.08042783
40409, 0.08042801
40410, 0.08042817
40411, 0.08042834
40412, 0.08042851
40413, 0.08042868
40414, 0.08042885
40415, 0.08042903
40416, 0.08042921
40417, 0.08042938
40418, 0.08042956
40419, 0.08042973
40420, 0.08042991
40421, 0.08043009
40422, 0.08043027
40423, 0.08043044
40424, 0.08043062
40425, 0.08043080
40426, 0.08043097
40427, 0.08043115
40428, 0.08043133
40429, 0.08043150
40430, 0.08043168
40431, 0.08043185
40432, 0.08043202
40433, 0.08043218
40434, 0.08043235
40435, 0.08043252
40436, 0.08043269
40437, 0.08043286
40438, 0.08043303
40439, 0.08043320
40440, 0.08043337
40441, 0.08043354
40442, 0.08043371
40443, 0.08043388
40444, 0.08043405
40445, 0.08043421
40446, 0.08043438
40447, 0.08043455
40448, 0.08043473
40449, 0.08043490
40450, 0.08043508
40451, 0.08043724
40452, 0.08043741
40453, 0.08043759
40454, 0.08043777
40455, 0.08043801
40456, 0.08043819
40457, 0.08043836
40458, 0.08043853
40459, 0.08043870
40460, 0.08043887
40461, 0.08043904
40462, 0.08043921
40463, 0.08043946
40464, 0.08043963
40465, 0.08043982
40466, 0.08043999
40467, 0.08044016
40468, 0.08044033
40469, 0.08044050
40470, 0.08044067
40471, 0.08044092
40472, 0.08044109
40473, 0.08044125
40474, 0.08044142
40475, 0.08044160
40476, 0.08044177
40477, 0.08044194
40478, 0.08044211
40479, 0.08044235
40480, 0.08044252
40481, 0.08044269
40482, 0.08044286
40483, 0.08044303
40484, 0.08044320
40485, 0.08044340
40486, 0.08044357
40487, 0.08044384
40488, 0.08044401
40489, 0.08044418
40490, 0.08044435
40491, 0.08044452
40492, 0.08044468
40493, 0.08044485
40494, 0.08044502
40495, 0.08044526
40496, 0.08044543
40497, 0.08044560
40498, 0.08044577
40499, 0.08044594
40500, 0.08044611
40501, 0.08044628
40502, 0.08044645
40503, 0.08044669
40504, 0.08044686
40505, 0.08044703
40506, 0.08044720
40507, 0.08044740
40508, 0.08044757
40509, 0.08044774
40510, 0.08044791
40511, 0.08044817
40512, 0.08044834
40513, 0.08044851
40514, 0.08044868
40515, 0.08044885
40516, 0.08044901
40517, 0.08044919
40518, 0.08044936
40519, 0.08044952
40520, 0.08044970
40521, 0.08044987
40522, 0.08045003
40523, 0.08045024
40524, 0.08045041
40525, 0.08045058
40526, 0.08045075
40527, 0.08045092
40528, 0.08045109
40529, 0.08045126
40530, 0.08045143
40531, 0.08045160
40532, 0.08045177
40533, 0.08045194
40534, 0.08045211
40535, 0.08045228
40536, 0.08045245
40537, 0.08045262
40538, 0.08045279
40539, 0.08045296
40540, 0.08045313
40541, 0.08045330
40542, 0.08045347
40543, 0.08045364
40544, 0.08045381
40545, 0.08045398
40546, 0.08045415
40547, 0.08045432
40548, 0.08045450
40549, 0.08045467
40550, 0.08045484
40551, 0.08045500
40552, 0.08045517
40553, 0.08045535
40554, 0.08045552
40555, 0.08045569
40556, 0.08045586
40557, 0.08045603
40558, 0.08045620
40559, 0.08045636
40560, 0.08045654
40561, 0.08045671
40562, 0.08045688
40563, 0.08045705
40564, 0.08045722
40565, 0.08045739
40566, 0.08045756
40567, 0.08045773
40568, 0.08045790
40569, 0.08045807
40570, 0.08045825
40571, 0.08045842
40572, 0.08045859
40573, 0.08045876
40574, 0.08045893
40575, 0.08045910
40576, 0.08045929
40577, 0.08046152
40578, 0.08046169
40579, 0.08046187
40580, 0.08046205
40581, 0.08046222
40582, 0.08046239
40583, 0.08046257
40584, 0.08046274
40585, 0.08046291
40586, 0.08046308
40587, 0.08046326
40588, 0.08046343
40589, 0.08046360
40590, 0.08046377
40591, 0.08046394
40592, 0.08046411
40593, 0.08046428
40594, 0.08046448
40595, 0.08046465
40596, 0.08046483
40597, 0.08046500
40598, 0.08046517
40599, 0.08046535
40600, 0.08046552
40601, 0.08046569
40602, 0.08046586
40603, 0.08046605
40604, 0.08046622
40605, 0.08046639
40606, 0.08046656
40607, 0.08046674
40608, 0.08046691
40609, 0.08046708
40610, 0.08046726
40611, 0.08046743
40612, 0.08046761
40613, 0.08046778
40614, 0.08046795
40615, 0.08046813
40616, 0.08046830
40617, 0.08046847
40618, 0.08046864
40619, 0.08046881
40620, 0.08046898
40621, 0.08046916
40622, 0.08046933
40623, 0.08046950
40624, 0.08046967
40625, 0.08046986
40626, 0.08047003
40627, 0.08047020
40628, 0.08047038
40629, 0.08047055
40630, 0.08047072
40631, 0.08047089
40632, 0.08047106
40633, 0.08047123
40634, 0.08047141
40635, 0.08047158
40636, 0.08047175
40637, 0.08047192
40638, 0.08047212
40639, 0.08047229
40640, 0.08047247
40641, 0.08047264
40642, 0.08047281
40643, 0.08047300
40644, 0.08047317
40645, 0.08047334
40646, 0.08047352
40647, 0.08047369
40648, 0.08047386
40649, 0.08047403
40650, 0.08047420
40651, 0.08047437
40652, 0.08047454
40653, 0.08047471
40654, 0.08047488
40655, 0.08047505
40656, 0.08047522
40657, 0.08047540
40658, 0.08047557
40659, 0.08047574
40660, 0.08047591
40661, 0.08047609
40662, 0.08047626
40663, 0.08047643
40664, 0.08047660
40665, 0.08047678
40666, 0.08047695
40667, 0.08047712
40668, 0.08047730
40669, 0.08047747
40670, 0.08047765
40671, 0.08047782
40672, 0.08047801
40673, 0.08047818
40674, 0.08047835
40675, 0.08047852
40676, 0.08047869
40677, 0.08047886
40678, 0.08047904
40679, 0.08047920
40680, 0.08047938
40681, 0.08047955
40682, 0.08047972
40683, 0.08047989
40684, 0.08048006
40685, 0.08048026
40686, 0.08048043
40687, 0.08048061
40688, 0.08048078
40689, 0.08048095
40690, 0.08048112
40691, 0.08048130
40692, 0.08048147
40693, 0.08048164
40694, 0.08048181
40695, 0.08048199
40696, 0.08048216
40697, 0.08048233
40698, 0.08048253
40699, 0.08048270
40700, 0.08048288
40701, 0.08048305
40702, 0.08048324
40703, 0.08048536
40704, 0.08048554
40705, 0.08048571
40706, 0.08048589
40707, 0.08048608
40708, 0.08048625
40709, 0.08048643
40710, 0.08048660
40711, 0.08048677
40712, 0.08048694
40713, 0.08048715
40714, 0.08048732
40715, 0.08048749
40716, 0.08048766
40717, 0.08048783
40718, 0.08048800
40719, 0.08048817
40720, 0.08048835
40721, 0.08048852
40722, 0.08048869
40723, 0.08048887
40724, 0.08048904
40725, 0.08048921
40726, 0.08048939
40727, 0.08048956
40728, 0.08048974
40729, 0.08048992
40730, 0.08049010
40731, 0.08049027
40732, 0.08049045
40733, 0.08049066
40734, 0.08049083
40735, 0.08049100
40736, 0.08049117
40737, 0.08049134
40738, 0.08049151
40739, 0.08049168
40740, 0.08049185
40741, 0.08049203
40742, 0.08049219
40743, 0.08049236
40744, 0.08049253
40745, 0.08049271
40746, 0.08049288
40747, 0.08049308
40748, 0.08049325
40749, 0.08049342
40750, 0.08049359
40751, 0.08049376
40752, 0.08049393
40753, 0.08049411
40754, 0.08049428
40755, 0.08049445
40756, 0.08049462
40757, 0.08049479
40758, 0.08049496
40759, 0.08049513
40760, 0.08049530
40761, 0.08049547
40762, 0.08049564
40763, 0.08049581
40764, 0.08049598
40765, 0.08049615
40766, 0.08049633
40767, 0.08049650
40768, 0.08049667
40769, 0.08049684
40770, 0.08049701
40771, 0.08049722
40772, 0.08049739
40773, 0.08049757
40774, 0.08049774
40775, 0.08049793
40776, 0.08049813
40777, 0.08049830
40778, 0.08049847
40779, 0.08049864
40780, 0.08049881
40781, 0.08049898
40782, 0.08049915
40783, 0.08049932
40784, 0.08049949
40785, 0.08049967
40786, 0.08049983
40787, 0.08050000
40788, 0.08050018
40789, 0.08050034
40790, 0.08050052
40791, 0.08050069
40792, 0.08050086
40793, 0.08050104
40794, 0.08050121
40795, 0.08050138
40796, 0.08050159
40797, 0.08050176
40798, 0.08050193
40799, 0.08050210
40800, 0.08050229
40801, 0.08050247
40802, 0.08050264
40803, 0.08050281
40804, 0.08050298
40805, 0.08050315
40806, 0.08050332
40807, 0.08050349
40808, 0.08050366
40809, 0.08050383
40810, 0.08050400
40811, 0.08050418
40812, 0.08050435
40813, 0.08050451
40814, 0.08050468
40815, 0.08050485
40816, 0.08050503
40817, 0.08050520
40818, 0.08050537
40819, 0.08050555
40820, 0.08050572
40821, 0.08050589
40822, 0.08050609
40823, 0.08050626
40824, 0.08050644
40825, 0.08050661
40826, 0.08050679
40827, 0.08050696
40828, 0.08050717
40829, 0.08050931
40830, 0.08050949
40831, 0.08050967
40832, 0.08050984
40833, 0.08051001
40834, 0.08051019
40835, 0.08051037
40836, 0.08051054
40837, 0.08051071
40838, 0.08051089
40839, 0.08051109
40840, 0.08051126
40841, 0.08051143
40842, 0.08051160
40843, 0.08051177
40844, 0.08051194
40845, 0.08051211
40846, 0.08051228
40847, 0.08051245
40848, 0.08051262
40849, 0.08051279
40850, 0.08051296
40851, 0.08051313
40852, 0.08051331
40853, 0.08051348
40854, 0.08051365
40855, 0.08051382
40856, 0.08051399
40857, 0.08051416
40858, 0.08051433
40859, 0.08051450
40860, 0.08051467
40861, 0.08051484
40862, 0.08051502
40863, 0.08051519
40864, 0.08051539
40865, 0.08051556
40866, 0.08051573
40867, 0.08051590
40868, 0.08051607
40869, 0.08051624
40870, 0.08051642
40871, 0.08051659
40872, 0.08051676
40873, 0.08051693
40874, 0.08051710
40875, 0.08051727
40876, 0.08051744
40877, 0.08051762
40878, 0.08051782
40879, 0.08051798
40880, 0.08051816
40881, 0.08051832
40882, 0.08051850
40883, 0.08051866
40884, 0.08051883
40885, 0.08051900
40886, 0.08051917
40887, 0.08051934
40888, 0.08051951
40889, 0.08051968
40890, 0.08051986
40891, 0.08052003
40892, 0.08052020
40893, 0.08052037
40894, 0.08052054
40895, 0.08052071
40896, 0.08052088
40897, 0.08052109
40898, 0.08052128
40899, 0.08052145
40900, 0.08052162
40901, 0.08052182
40902, 0.08052201
40903, 0.08052218
40904, 0.08052236
40905, 0.08052252
40906, 0.08052269
40907, 0.08052287
40908, 0.08052304
40909, 0.08052321
40910, 0.08052338
40911, 0.08052355
40912, 0.08052372
40913, 0.08052390
40914, 0.08052407
40915, 0.08052425
40916, 0.08052442
40917, 0.08052459
40918, 0.08052479
40919, 0.08052497
40920, 0.08052514
40921, 0.08052531
40922, 0.08052548
40923, 0.08052564
40924, 0.08052583
40925, 0.08052600
40926, 0.08052618
40927, 0.08052634
40928, 0.08052652
40929, 0.08052669
40930, 0.08052686
40931, 0.08052703
40932, 0.08052721
40933, 0.08052738
40934, 0.08052755
40935, 0.08052772
40936, 0.08052789
40937, 0.08052806
40938, 0.08052824
40939, 0.08052844
40940, 0.08052861
40941, 0.08052878
40942, 0.08052895
40943, 0.08052912
40944, 0.08052930
40945, 0.08052946
40946, 0.08052963
40947, 0.08052980
40948, 0.08052997
40949, 0.08053014
40950, 0.08053031
40951, 0.08053048
40952, 0.08053065
40953, 0.08053085
40954, 0.08053104
40955, 0.08053320
40956, 0.08053338
40957, 0.08053356
40958, 0.08053374
40959, 0.08053391
40960, 0.08053408
40961, 0.08053426
40962, 0.08053443
40963, 0.08053460
40964, 0.08053477
40965, 0.08053494
40966, 0.08053511
40967, 0.08053528
40968, 0.08053545
40969, 0.08053562
40970, 0.08053579
40971, 0.08053597
40972, 0.08053614
40973, 0.08053631
40974, 0.08053648
40975, 0.08053665
40976, 0.08053682
40977, 0.08053699
40978, 0.08053716
40979, 0.08053733
40980, 0.08053750
40981, 0.08053767
40982, 0.08053784
40983, 0.08053801
40984, 0.08053818
40985, 0.08053835
40986, 0.08053853
40987, 0.08053870
40988, 0.08053887
40989, 0.08053904
40990, 0.08053921
40991, 0.08053938
40992, 0.08053955
40993, 0.08053973
40994, 0.08053990
40995, 0.08054007
40996, 0.08054024
40997, 0.08054041
40998, 0.08054059
40999, 0.08054076
41000, 0.08054093
41001, 0.08054110
41002, 0.08054128
41003, 0.08054145
41004, 0.08054162
41005, 0.08054179
41006, 0.08054196
41007, 0.08054213
41008, 0.08054231
41009, 0.08054248
41010, 0.08054265
41011, 0.08054282
41012, 0.08054299
41013, 0.08054316
41014, 0.08054333
41015, 0.08054350
41016, 0.08054367
41017, 0.08054384
41018, 0.08054401
41019, 0.08054418
41020, 0.08054436
41021, 0.08054453
41022, 0.08054470
41023, 0.08054487
41024, 0.08054504
41025, 0.08054522
41026, 0.08054539
41027, 0.08054556
41028, 0.08054573
41029, 0.08054596
41030, 0.08054613
41031, 0.08054630
41032, 0.08054647
41033, 0.08054664
41034, 0.08054681
41035, 0.08054698
41036, 0.08054716
41037, 0.08054732
41038, 0.08054750
41039, 0.08054767
41040, 0.08054784
41041, 0.08054801
41042, 0.08054818
41043, 0.08054835
41044, 0.08054853
41045, 0.08054872
41046, 0.08054889
41047, 0.08054906
41048, 0.08054923
41049, 0.08054940
41050, 0.08054957
41051, 0.08054974
41052, 0.08054991
41053, 0.08055008
41054, 0.08055026
41055, 0.08055043
41056, 0.08055060
41057, 0.08055077
41058, 0.08055094
41059, 0.08055111
41060, 0.08055128
41061, 0.08055145
41062, 0.08055162
41063, 0.08055180
41064, 0.08055196
41065, 0.08055214
41066, 0.08055231
41067, 0.08055248
41068, 0.08055265
41069, 0.08055282
41070, 0.08055299
41071, 0.08055316
41072, 0.08055333
41073, 0.08055351
41074, 0.08055368
41075, 0.08055385
41076, 0.08055402
41077, 0.08055419
41078, 0.08055436
41079, 0.08055454
41080, 0.08055472
41081, 0.08055688
41082, 0.08055707
41083, 0.08055724
41084, 0.08055742
41085, 0.08055760
41086, 0.08055778
41087, 0.08055795
41088, 0.08055812
41089, 0.08055830
41090, 0.08055847
41091, 0.08055865
41092, 0.08055883
41093, 0.08055901
41094, 0.08055919
41095, 0.08055937
41096, 0.08055954
41097, 0.08055971
41098, 0.08055988
41099, 0.08056005
41100, 0.08056022
41101, 0.08056039
41102, 0.08056057
41103, 0.08056074
41104, 0.08056091
41105, 0.08056108
41106, 0.08056126
41107, 0.08056143
41108, 0.08056160
41109, 0.08056178
41110, 0.08056195
41111, 0.08056212
41112, 0.08056229
41113, 0.08056246
41114, 0.08056263
41115, 0.08056280
41116, 0.08056297
41117, 0.08056314
41118, 0.08056331
41119, 0.08056349
41120, 0.08056366
41121, 0.08056383
41122, 0.08056400
41123, 0.08056417
41124, 0.08056434
41125, 0.08056451
41126, 0.08056469
41127, 0.08056486
41128, 0.08056502
41129, 0.08056520
41130, 0.08056537
41131, 0.08056554
41132, 0.08056571
41133, 0.08056589
41134, 0.08056606
41135, 0.08056623
41136, 0.08056639
41137, 0.08056656
41138, 0.08056673
41139, 0.08056690
41140, 0.08056707
41141, 0.08056724
41142, 0.08056741
41143, 0.08056758
41144, 0.08056775
41145, 0.08056792
41146, 0.08056809
41147, 0.08056837
41148, 0.08056854
41149, 0.08056871
41150, 0.08056888
41151, 0.08056905
41152, 0.08056922
41153, 0.08056939
41154, 0.08056956
41155, 0.08056973
41156, 0.08056990
41157, 0.08057007
41158, 0.08057024
41159, 0.08057041
41160, 0.08057058
41161, 0.08057075
41162, 0.08057092
41163, 0.08057109
41164, 0.08057127
41165, 0.08057144
41166, 0.08057161
41167, 0.08057177
41168, 0.08057194
41169, 0.08057211
41170, 0.08057229
41171, 0.08057246
41172, 0.08057263
41173, 0.08057280
41174, 0.08057298
41175, 0.08057315
41176, 0.08057332
41177, 0.08057349
41178, 0.08057366
41179, 0.08057383
41180, 0.08057400
41181, 0.08057417
41182, 0.08057434
41183, 0.08057451
41184, 0.08057468
41185, 0.08057485
41186, 0.08057502
41187, 0.08057519
41188, 0.08057536
41189, 0.08057553
41190, 0.08057570
41191, 0.08057587
41192, 0.08057604
41193, 0.08057622
41194, 0.08057638
41195, 0.08057656
41196, 0.08057673
41197, 0.08057690
41198, 0.08057707
41199, 0.08057724
41200, 0.08057741
41201, 0.08057758
41202, 0.08057775
41203, 0.08057791
41204, 0.08057809
41205, 0.08057825
41206, 0.08057844
41207, 0.08058056
41208, 0.08058075
41209, 0.08058093
41210, 0.08058110
41211, 0.08058127
41212, 0.08058144
41213, 0.08058161
41214, 0.08058178
41215, 0.08058195
41216, 0.08058212
41217, 0.08058229
41218, 0.08058246
41219, 0.08058262
41220, 0.08058279
41221, 0.08058297
41222, 0.08058313
41223, 0.08058331
41224, 0.08058347
41225, 0.08058364
41226, 0.08058381
41227, 0.08058399
41228, 0.08058415
41229, 0.08058432
41230, 0.08058449
41231, 0.08058466
41232, 0.08058484
41233, 0.08058501
41234, 0.08058518
41235, 0.08058535
41236, 0.08058552
41237, 0.08058569
41238, 0.08058587
41239, 0.08058604
41240, 0.08058621
41241, 0.08058639
41242, 0.08058656
41243, 0.08058673
41244, 0.08058690
41245, 0.08058707
41246, 0.08058724
41247, 0.08058741
41248, 0.08058759
41249, 0.08058776
41250, 0.08058793
41251, 0.08058810
41252, 0.08058827
41253, 0.08058844
41254, 0.08058862
41255, 0.08058879
41256, 0.08058896
41257, 0.08058913
41258, 0.08058930
41259, 0.08058947
41260, 0.08058964
41261, 0.08058981
41262, 0.08058998
41263, 0.08059016
41264, 0.08059033
41265, 0.08059050
41266, 0.08059067
41267, 0.08059084
41268, 0.08059101
41269, 0.08059118
41270, 0.08059135
41271, 0.08059151
41272, 0.08059169
41273, 0.08059186
41274, 0.08059203
41275, 0.08059220
41276, 0.08059237
41277, 0.08059254
41278, 0.08059272
41279, 0.08059289
41280, 0.08059306
41281, 0.08059323
41282, 0.08059340
41283, 0.08059357
41284, 0.08059374
41285, 0.08059391
41286, 0.08059408
41287, 0.08059426
41288, 0.08059443
41289, 0.08059460
41290, 0.08059476
41291, 0.08059494
41292, 0.08059511
41293, 0.08059528
41294, 0.08059545
41295, 0.08059562
41296, 0.08059579
41297, 0.08059597
41298, 0.08059614
41299, 0.08059631
41300, 0.08059649
41301, 0.08059666
41302, 0.08059684
41303, 0.08059701
41304, 0.08059719
41305, 0.08059736
41306, 0.08059754
41307, 0.08059771
41308, 0.08059789
41309, 0.08059806
41310, 0.08059823
41311, 0.08059841
41312, 0.08059858
41313, 0.08059876
41314, 0.08059893
41315, 0.08059911
41316, 0.08059928
41317, 0.08059945
41318, 0.08059963
41319, 0.08059980
41320, 0.08059997
41321, 0.08060015
41322, 0.08060032
41323, 0.08060049
41324, 0.08060069
41325, 0.08060087
41326, 0.08060106
41327, 0.08060126
41328, 0.08060144
41329, 0.08060164
41330, 0.08060181
41331, 0.08060199
41332, 0.08060218
41333, 0.08060437
41334, 0.08060456
41335, 0.08060474
41336, 0.08060491
41337, 0.08060508
41338, 0.08060525
41339, 0.08060542
41340, 0.08060559
41341, 0.08060576
41342, 0.08060593
41343, 0.08060610
41344, 0.08060627
41345, 0.08060643
41346, 0.08060660
41347, 0.08060677
41348, 0.08060694
41349, 0.08060711
41350, 0.08060728
41351, 0.08060745
41352, 0.08060762
41353, 0.08060779
41354, 0.08060795
41355, 0.08060812
41356, 0.08060829
41357, 0.08060845
41358, 0.08060862
41359, 0.08060879
41360, 0.08060896
41361, 0.08060912
41362, 0.08060929
41363, 0.08060946
41364, 0.08060963
41365, 0.08060979
41366, 0.08060996
41367, 0.08061013
41368, 0.08061029
41369, 0.08061046
41370, 0.08061063
41371, 0.08061079
41372, 0.08061096
41373, 0.08061113
41374, 0.08061130
41375, 0.08061147
41376, 0.08061164
41377, 0.08061180
41378, 0.08061197
41379, 0.08061214
41380, 0.08061231
41381, 0.08061248
41382, 0.08061264
41383, 0.08061281
41384, 0.08061298
41385, 0.08061315
41386, 0.08061331
41387, 0.08061348
41388, 0.08061365
41389, 0.08061382
41390, 0.08061398
41391, 0.08061415
41392, 0.08061432
41393, 0.08061449
41394, 0.08061466
41395, 0.08061482
41396, 0.08061499
41397, 0.08061516
41398, 0.08061532
41399, 0.08061549
41400, 0.08061566
41401, 0.08061583
41402, 0.08061599
41403, 0.08061616
41404, 0.08061633
41405, 0.08061649
41406, 0.08061666
41407, 0.08061682
41408, 0.08061699
41409, 0.08061716
41410, 0.08061733
41411, 0.08061750
41412, 0.08061767
41413, 0.08061783
41414, 0.08061800
41415, 0.08061817
41416, 0.08061833
41417, 0.08061850
41418, 0.08061867
41419, 0.08061884
41420, 0.08061900
41421, 0.08061917
41422, 0.08061934
41423, 0.08061951
41424, 0.08061968
41425, 0.08061985
41426, 0.08062002
41427, 0.08062018
41428, 0.08062036
41429, 0.08062052
41430, 0.08062070
41431, 0.08062086
41432, 0.08062104
41433, 0.08062121
41434, 0.08062138
41435, 0.08062155
41436, 0.08062172
41437, 0.08062188
41438, 0.08062205
41439, 0.08062222
41440, 0.08062238
41441, 0.08062255
41442, 0.08062272
41443, 0.08062289
41444, 0.08062305
41445, 0.08062322
41446, 0.08062339
41447, 0.08062355
41448, 0.08062372
41449, 0.08062389
41450, 0.08062406
41451, 0.08062422
41452, 0.08062439
41453, 0.08062456
41454, 0.08062473
41455, 0.08062489
41456, 0.08062506
41457, 0.08062522
41458, 0.08062540
41459, 0.08062756
41460, 0.08062776
41461, 0.08062793
41462, 0.08062810
41463, 0.08062827
41464, 0.08062843
41465, 0.08062860
41466, 0.08062877
41467, 0.08062893
41468, 0.08062910
41469, 0.08062927
41470, 0.08062944
41471, 0.08062961
41472, 0.08062978
41473, 0.08062995
41474, 0.08063012
41475, 0.08063029
41476, 0.08063046
41477, 0.08063062
41478, 0.08063079
41479, 0.08063104
41480, 0.08063121
41481, 0.08063138
41482, 0.08063155
41483, 0.08063172
41484, 0.08063190
41485, 0.08063206
41486, 0.08063223
41487, 0.08063248
41488, 0.08063265
41489, 0.08063282
41490, 0.08063299
41491, 0.08063316
41492, 0.08063333
41493, 0.08063349
41494, 0.08063366
41495, 0.08063391
41496, 0.08063409
41497, 0.08063426
41498, 0.08063443
41499, 0.08063459
41500, 0.08063476
41501, 0.08063494
41502, 0.08063510
41503, 0.08063536
41504, 0.08063552
41505, 0.08063569
41506, 0.08063586
41507, 0.08063603
41508, 0.08063624
41509, 0.08063641
41510, 0.08063658
41511, 0.08063683
41512, 0.08063700
41513, 0.08063716
41514, 0.08063733
41515, 0.08063750
41516, 0.08063767
41517, 0.08063784
41518, 0.08063801
41519, 0.08063825
41520, 0.08063842
41521, 0.08063859
41522, 0.08063876
41523, 0.08063893
41524, 0.08063910
41525, 0.08063927
41526, 0.08063944
41527, 0.08063968
41528, 0.08063985
41529, 0.08064003
41530, 0.08064019
41531, 0.08064036
41532, 0.08064053
41533, 0.08064069
41534, 0.08064086
41535, 0.08064110
41536, 0.08064127
41537, 0.08064145
41538, 0.08064162
41539, 0.08064179
41540, 0.08064196
41541, 0.08064213
41542, 0.08064230
41543, 0.08064246
41544, 0.08064264
41545, 0.08064280
41546, 0.08064298
41547, 0.08064314
41548, 0.08064331
41549, 0.08064348
41550, 0.08064365
41551, 0.08064382
41552, 0.08064399
41553, 0.08064416
41554, 0.08064433
41555, 0.08064449
41556, 0.08064466
41557, 0.08064483
41558, 0.08064500
41559, 0.08064517
41560, 0.08064534
41561, 0.08064551
41562, 0.08064567
41563, 0.08064584
41564, 0.08064601
41565, 0.08064618
41566, 0.08064635
41567, 0.08064652
41568, 0.08064669
41569, 0.08064686
41570, 0.08064703
41571, 0.08064720
41572, 0.08064736
41573, 0.08064753
41574, 0.08064770
41575, 0.08064788
41576, 0.08064805
41577, 0.08064821
41578, 0.08064838
41579, 0.08064855
41580, 0.08064872
41581, 0.08064889
41582, 0.08064906
41583, 0.08064922
41584, 0.08064940
41585, 0.08065162
41586, 0.08065181
41587, 0.08065198
41588, 0.08065215
41589, 0.08065233
41590, 0.08065250
41591, 0.08065267
41592, 0.08065284
41593, 0.08065301
41594, 0.08065318
41595, 0.08065335
41596, 0.08065352
41597, 0.08065369
41598, 0.08065386
41599, 0.08065403
41600, 0.08065420
41601, 0.08065437
41602, 0.08065455
41603, 0.08065472
41604, 0.08065489
41605, 0.08065506
41606, 0.08065523
41607, 0.08065540
41608, 0.08065557
41609, 0.08065574
41610, 0.08065591
41611, 0.08065608
41612, 0.08065625
41613, 0.08065642
41614, 0.08065659
41615, 0.08065676
41616, 0.08065693
41617, 0.08065710
41618, 0.08065727
41619, 0.08065743
41620, 0.08065760
41621, 0.08065777
41622, 0.08065794
41623, 0.08065811
41624, 0.08065828
41625, 0.08065845
41626, 0.08065862
41627, 0.08065879
41628, 0.08065895
41629, 0.08065912
41630, 0.08065929
41631, 0.08065946
41632, 0.08065962
41633, 0.08065980
41634, 0.08065997
41635, 0.08066014
41636, 0.08066031
41637, 0.08066048
41638, 0.08066065
41639, 0.08066081
41640, 0.08066098
41641, 0.08066115
41642, 0.08066132
41643, 0.08066149
41644, 0.08066165
41645, 0.08066183
41646, 0.08066199
41647, 0.08066216
41648, 0.08066233
41649, 0.08066250
41650, 0.08066267
41651, 0.08066283
41652, 0.08066300
41653, 0.08066317
41654, 0.08066334
41655, 0.08066351
41656, 0.08066367
41657, 0.08066384
41658, 0.08066401
41659, 0.08066418
41660, 0.08066434
41661, 0.08066451
41662, 0.08066468
41663, 0.08066484
41664, 0.08066501
41665, 0.08066518
41666, 0.08066535
41667, 0.08066552
41668, 0.08066569
41669, 0.08066585
41670, 0.08066602
41671, 0.08066619
41672, 0.08066636
41673, 0.08066653
41674, 0.08066670
41675, 0.08066687
41676, 0.08066703
41677, 0.08066720
41678, 0.08066737
41679, 0.08066754
41680, 0.08066771
41681, 0.08066788
41682, 0.08066805
41683, 0.08066822
41684, 0.08066839
41685, 0.08066856
41686, 0.08066873
41687, 0.08066890
41688, 0.08066906
41689, 0.08066923
41690, 0.08066946
41691, 0.08066963
41692, 0.08066980
41693, 0.08066997
41694, 0.08067014
41695, 0.08067031
41696, 0.08067048
41697, 0.08067065
41698, 0.08067082
41699, 0.08067099
41700, 0.08067115
41701, 0.08067132
41702, 0.08067149
41703, 0.08067166
41704, 0.08067183
41705, 0.08067200
41706, 0.08067217
41707, 0.08067234
41708, 0.08067251
41709, 0.08067268
41710, 0.08067286
41711, 0.08067503
41712, 0.08067522
41713, 0.08067540
41714, 0.08067557
41715, 0.08067573
41716, 0.08067590
41717, 0.08067608
41718, 0.08067625
41719, 0.08067642
41720, 0.08067659
41721, 0.08067675
41722, 0.08067692
41723, 0.08067709
41724, 0.08067726
41725, 0.08067742
41726, 0.08067759
41727, 0.08067776
41728, 0.08067793
41729, 0.08067810
41730, 0.08067827
41731, 0.08067844
41732, 0.08067861
41733, 0.08067878
41734, 0.08067895
41735, 0.08067911
41736, 0.08067928
41737, 0.08067945
41738, 0.08067962
41739, 0.08067979
41740, 0.08067996
41741, 0.08068013
41742, 0.08068029
41743, 0.08068046
41744, 0.08068062
41745, 0.08068079
41746, 0.08068096
41747, 0.08068112
41748, 0.08068129
41749, 0.08068145
41750, 0.08068162
41751, 0.08068179
41752, 0.08068195
41753, 0.08068212
41754, 0.08068229
41755, 0.08068246
41756, 0.08068262
41757, 0.08068279
41758, 0.08068296
41759, 0.08068313
41760, 0.08068330
41761, 0.08068347
41762, 0.08068364
41763, 0.08068380
41764, 0.08068397
41765, 0.08068414
41766, 0.08068431
41767, 0.08068447
41768, 0.08068464
41769, 0.08068480
41770, 0.08068497
41771, 0.08068514
41772, 0.08068530
41773, 0.08068547
41774, 0.08068564
41775, 0.08068580
41776, 0.08068597
41777, 0.08068614
41778, 0.08068630
41779, 0.08068647
41780, 0.08068664
41781, 0.08068680
41782, 0.08068697
41783, 0.08068714
41784, 0.08068731
41785, 0.08068747
41786, 0.08068764
41787, 0.08068780
41788, 0.08068797
41789, 0.08068814
41790, 0.08068831
41791, 0.08068847
41792, 0.08068864
41793, 0.08068881
41794, 0.08068897
41795, 0.08068914
41796, 0.08068931
41797, 0.08068948
41798, 0.08068964
41799, 0.08068987
41800, 0.08069004
41801, 0.08069021
41802, 0.08069037
41803, 0.08069054
41804, 0.08069071
41805, 0.08069087
41806, 0.08069104
41807, 0.08069121
41808, 0.08069137
41809, 0.08069154
41810, 0.08069171
41811, 0.08069188
41812, 0.08069205
41813, 0.08069221
41814, 0.08069238
41815, 0.08069255
41816, 0.08069271
41817, 0.08069288
41818, 0.08069305
41819, 0.08069321
41820, 0.08069338
41821, 0.08069355
41822, 0.08069371
41823, 0.08069388
41824, 0.08069405
41825, 0.08069422
41826, 0.08069439
41827, 0.08069455
41828, 0.08069472
41829, 0.08069489
41830, 0.08069506
41831, 0.08069523
41832, 0.08069541
41833, 0.08069558
41834, 0.08069574
41835, 0.08069591
41836, 0.08069609
41837, 0.08069823
41838, 0.08069843
41839, 0.08069860
41840, 0.08069877
41841, 0.08069894
41842, 0.08069911
41843, 0.08069928
41844, 0.08069945
41845, 0.08069962
41846, 0.08069979
41847, 0.08069996
41848, 0.08070013
41849, 0.08070030
41850, 0.08070047
41851, 0.08070064
41852, 0.08070081
41853, 0.08070099
41854, 0.08070116
41855, 0.08070133
41856, 0.08070151
41857, 0.08070168
41858, 0.08070185
41859, 0.08070202
41860, 0.08070219
41861, 0.08070235
41862, 0.08070252
41863, 0.08070269
41864, 0.08070286
41865, 0.08070303
41866, 0.08070320
41867, 0.08070336
41868, 0.08070353
41869, 0.08070370
41870, 0.08070387
41871, 0.08070404
41872, 0.08070421
41873, 0.08070438
41874, 0.08070455
41875, 0.08070472
41876, 0.08070488
41877, 0.08070505
41878, 0.08070522
41879, 0.08070539
41880, 0.08070556
41881, 0.08070573
41882, 0.08070590
41883, 0.08070607
41884, 0.08070624
41885, 0.08070641
41886, 0.08070657
41887, 0.08070674
41888, 0.08070691
41889, 0.08070708
41890, 0.08070725
41891, 0.08070741
41892, 0.08070758
41893, 0.08070775
41894, 0.08070792
41895, 0.08070809
41896, 0.08070826
41897, 0.08070843
41898, 0.08070860
41899, 0.08070876
41900, 0.08070893
41901, 0.08070910
41902, 0.08070927
41903, 0.08070944
41904, 0.08070961
41905, 0.08070978
41906, 0.08070995
41907, 0.08071012
41908, 0.08071029
41909, 0.08071046
41910, 0.08071063
41911, 0.08071079
41912, 0.08071096
41913, 0.08071113
41914, 0.08071130
41915, 0.08071147
41916, 0.08071164
41917, 0.08071181
41918, 0.08071198
41919, 0.08071214
41920, 0.08071231
41921, 0.08071248
41922, 0.08071265
41923, 0.08071282
41924, 0.08071299
41925, 0.08071316
41926, 0.08071333
41927, 0.08071350
41928, 0.08071367
41929, 0.08071384
41930, 0.08071401
41931, 0.08071419
41932, 0.08071436
41933, 0.08071452
41934, 0.08071469
41935, 0.08071486
41936, 0.08071504
41937, 0.08071521
41938, 0.08071538
41939, 0.08071555
41940, 0.08071572
41941, 0.08071589
41942, 0.08071606
41943, 0.08071623
41944, 0.08071640
41945, 0.08071657
41946, 0.08071674
41947, 0.08071691
41948, 0.08071708
41949, 0.08071725
41950, 0.08071742
41951, 0.08071759
41952, 0.08071776
41953, 0.08071792
41954, 0.08071810
41955, 0.08071827
41956, 0.08071844
41957, 0.08071861
41958, 0.08071878
41959, 0.08071895
41960, 0.08071912
41961, 0.08071929
41962, 0.08071948
41963, 0.08072208
41964, 0.08072227
41965, 0.08072243
41966, 0.08072260
41967, 0.08072277
41968, 0.08072294
41969, 0.08072311
41970, 0.08072328
41971, 0.08072344
41972, 0.08072361
41973, 0.08072379
41974, 0.08072397
41975, 0.08072414
41976, 0.08072431
41977, 0.08072448
41978, 0.08072465
41979, 0.08072482
41980, 0.08072498
41981, 0.08072515
41982, 0.08072532
41983, 0.08072549
41984, 0.08072566
41985, 0.08072583
41986, 0.08072600
41987, 0.08072617
41988, 0.08072634
41989, 0.08072651
41990, 0.08072668
41991, 0.08072692
41992, 0.08072709
41993, 0.08072727
41994, 0.08072745
41995, 0.08072762
41996, 0.08072779
41997, 0.08072796
41998, 0.08072812
41999, 0.08072836
42000, 0.08072853
42001, 0.08072870
42002, 0.08072887
42003, 0.08072904
42004, 0.08072921
42005, 0.08072938
42006, 0.08072955
42007, 0.08072979
42008, 0.08072996
42009, 0.08073013
42010, 0.08073030
42011, 0.08073047
42012, 0.08073063
42013, 0.08073080
42014, 0.08073097
42015, 0.08073120
42016, 0.08073138
42017, 0.08073154
42018, 0.08073172
42019, 0.08073189
42020, 0.08073206
42021, 0.08073223
42022, 0.08073240
42023, 0.08073265
42024, 0.08073282
42025, 0.08073299
42026, 0.08073316
42027, 0.08073333
42028, 0.08073350
42029, 0.08073367
42030, 0.08073384
42031, 0.08073408
42032, 0.08073425
42033, 0.08073441
42034, 0.08073458
42035, 0.08073476
42036, 0.08073492
42037, 0.08073510
42038, 0.08073527
42039, 0.08073550
42040, 0.08073567
42041, 0.08073584
42042, 0.08073601
42043, 0.08073618
42044, 0.08073635
42045, 0.08073652
42046, 0.08073669
42047, 0.08073693
42048, 0.08073710
42049, 0.08073728
42050, 0.08073745
42051, 0.08073762
42052, 0.08073778
42053, 0.08073795
42054, 0.08073812
42055, 0.08073829
42056, 0.08073846
42057, 0.08073863
42058, 0.08073879
42059, 0.08073896
42060, 0.08073913
42061, 0.08073930
42062, 0.08073947
42063, 0.08073964
42064, 0.08073981
42065, 0.08073998
42066, 0.08074015
42067, 0.08074032
42068, 0.08074049
42069, 0.08074066
42070, 0.08074083
42071, 0.08074100
42072, 0.08074116
42073, 0.08074133
42074, 0.08074150
42075, 0.08074167
42076, 0.08074184
42077, 0.08074201
42078, 0.08074218
42079, 0.08074235
42080, 0.08074252
42081, 0.08074268
42082, 0.08074285
42083, 0.08074302
42084, 0.08074319
42085, 0.08074336
42086, 0.08074353
42087, 0.08074370
42088, 0.08074388
42089, 0.08074642
42090, 0.08074661
42091, 0.08074679
42092, 0.08074696
42093, 0.08074713
42094, 0.08074729
42095, 0.08074746
42096, 0.08074763
42097, 0.08074780
42098, 0.08074796
42099, 0.08074813
42100, 0.08074830
42101, 0.08074847
42102, 0.08074863
42103, 0.08074880
42104, 0.08074897
42105, 0.08074914
42106, 0.08074932
42107, 0.08074949
42108, 0.08074967
42109, 0.08074984
42110, 0.08075001
42111, 0.08075018
42112, 0.08075035
42113, 0.08075052
42114, 0.08075069
42115, 0.08075086
42116, 0.08075103
42117, 0.08075120
42118, 0.08075137
42119, 0.08075153
42120, 0.08075171
42121, 0.08075188
42122, 0.08075205
42123, 0.08075223
42124, 0.08075240
42125, 0.08075257
42126, 0.08075274
42127, 0.08075291
42128, 0.08075308
42129, 0.08075325
42130, 0.08075342
42131, 0.08075359
42132, 0.08075376
42133, 0.08075393
42134, 0.08075410
42135, 0.08075427
42136, 0.08075444
42137, 0.08075462
42138, 0.08075479
42139, 0.08075495
42140, 0.08075513
42141, 0.08075530
42142, 0.08075547
42143, 0.08075564
42144, 0.08075580
42145, 0.08075597
42146, 0.08075614
42147, 0.08075631
42148, 0.08075648
42149, 0.08075665
42150, 0.08075683
42151, 0.08075700
42152, 0.08075717
42153, 0.08075734
42154, 0.08075751
42155, 0.08075768
42156, 0.08075785
42157, 0.08075802
42158, 0.08075819
42159, 0.08075836
42160, 0.08075853
42161, 0.08075870
42162, 0.08075887
42163, 0.08075904
42164, 0.08075921
42165, 0.08075938
42166, 0.08075955
42167, 0.08075973
42168, 0.08075990
42169, 0.08076007
42170, 0.08076024
42171, 0.08076041
42172, 0.08076058
42173, 0.08076075
42174, 0.08076092
42175, 0.08076109
42176, 0.08076126
42177, 0.08076143
42178, 0.08076161
42179, 0.08076178
42180, 0.08076195
42181, 0.08076212
42182, 0.08076229
42183, 0.08076247
42184, 0.08076264
42185, 0.08076281
42186, 0.08076298
42187, 0.08076315
42188, 0.08076333
42189, 0.08076350
42190, 0.08076367
42191, 0.08076385
42192, 0.08076402
42193, 0.08076419
42194, 0.08076436
42195, 0.08076453
42196, 0.08076470
42197, 0.08076487
42198, 0.08076504
42199, 0.08076521
42200, 0.08076539
42201, 0.08076555
42202, 0.08076572
42203, 0.08076589
42204, 0.08076606
42205, 0.08076623
42206, 0.08076640
42207, 0.08076658
42208, 0.08076675
42209, 0.08076692
42210, 0.08076709
42211, 0.08076726
42212, 0.08076743
42213, 0.08076760
42214, 0.08076778
42215, 0.08076987
42216, 0.08077006
42217, 0.08077024
42218, 0.08077041
42219, 0.08077058
42220, 0.08077075
42221, 0.08077092
42222, 0.08077109
42223, 0.08077126
42224, 0.08077143
42225, 0.08077160
42226, 0.08077177
42227, 0.08077194
42228, 0.08077211
42229, 0.08077228
42230, 0.08077245
42231, 0.08077263
42232, 0.08077280
42233, 0.08077297
42234, 0.08077314
42235, 0.08077331
42236, 0.08077348
42237, 0.08077365
42238, 0.08077382
42239, 0.08077399
42240, 0.08077416
42241, 0.08077433
42242, 0.08077450
42243, 0.08077467
42244, 0.08077483
42245, 0.08077500
42246, 0.08077517
42247, 0.08077534
42248, 0.08077551
42249, 0.08077568
42250, 0.08077585
42251, 0.08077602
42252, 0.08077619
42253, 0.08077636
42254, 0.08077653
42255, 0.08077670
42256, 0.08077687
42257, 0.08077704
42258, 0.08077721
42259, 0.08077738
42260, 0.08077755
42261, 0.08077772
42262, 0.08077789
42263, 0.08077806
42264, 0.08077823
42265, 0.08077840
42266, 0.08077857
42267, 0.08077874
42268, 0.08077891
42269, 0.08077908
42270, 0.08077925
42271, 0.08077942
42272, 0.08077959
42273, 0.08077975
42274, 0.08077992
42275, 0.08078009
42276, 0.08078026
42277, 0.08078043
42278, 0.08078060
42279, 0.08078077
42280, 0.08078094
42281, 0.08078111
42282, 0.08078128
42283, 0.08078145
42284, 0.08078162
42285, 0.08078179
42286, 0.08078196
42287, 0.08078213
42288, 0.08078230
42289, 0.08078247
42290, 0.08078264
42291, 0.08078281
42292, 0.08078298
42293, 0.08078315
42294, 0.08078332
42295, 0.08078349
42296, 0.08078366
42297, 0.08078384
42298, 0.08078400
42299, 0.08078417
42300, 0.08078434
42301, 0.08078452
42302, 0.08078469
42303, 0.08078486
42304, 0.08078503
42305, 0.08078521
42306, 0.08078537
42307, 0.08078554
42308, 0.08078572
42309, 0.08078589
42310, 0.08078606
42311, 0.08078623
42312, 0.08078640
42313, 0.08078658
42314, 0.08078675
42315, 0.08078692
42316, 0.08078709
42317, 0.08078726
42318, 0.08078743
42319, 0.08078760
42320, 0.08078777
42321, 0.08078794
42322, 0.08078812
42323, 0.08078829
42324, 0.08078846
42325, 0.08078863
42326, 0.08078880
42327, 0.08078897
42328, 0.08078915
42329, 0.08078932
42330, 0.08078949
42331, 0.08078966
42332, 0.08078983
42333, 0.08079001
42334, 0.08079018
42335, 0.08079035
42336, 0.08079052
42337, 0.08079069
42338, 0.08079086
42339, 0.08079103
42340, 0.08079122
42341, 0.08079329
42342, 0.08079348
42343, 0.08079366
42344, 0.08079383
42345, 0.08079400
42346, 0.08079417
42347, 0.08079434
42348, 0.08079454
42349, 0.08079471
42350, 0.08079490
42351, 0.08079510
42352, 0.08079530
42353, 0.08079547
42354, 0.08079565
42355, 0.08079582
42356, 0.08079599
42357, 0.08079617
42358, 0.08079634
42359, 0.08079651
42360, 0.08079668
42361, 0.08079686
42362, 0.08079703
42363, 0.08079720
42364, 0.08079738
42365, 0.08079755
42366, 0.08079772
42367, 0.08079790
42368, 0.08079807
42369, 0.08079824
42370, 0.08079841
42371, 0.08079858
42372, 0.08079875
42373, 0.08079893
42374, 0.08079910
42375, 0.08079927
42376, 0.08079944
42377, 0.08079962
42378, 0.08079979
42379, 0.08079996
42380, 0.08080013
42381, 0.08080030
42382, 0.08080047
42383, 0.08080064
42384, 0.08080081
42385, 0.08080099
42386, 0.08080116
42387, 0.08080133
42388, 0.08080150
42389, 0.08080168
42390, 0.08080185
42391, 0.08080202
42392, 0.08080219
42393, 0.08080236
42394, 0.08080254
42395, 0.08080271
42396, 0.08080288
42397, 0.08080305
42398, 0.08080323
42399, 0.08080340
42400, 0.08080357
42401, 0.08080374
42402, 0.08080392
42403, 0.08080409
42404, 0.08080426
42405, 0.08080443
42406, 0.08080460
42407, 0.08080478
42408, 0.08080495
42409, 0.08080512
42410, 0.08080529
42411, 0.08080546
42412, 0.08080564
42413, 0.08080581
42414, 0.08080598
42415, 0.08080615
42416, 0.08080632
42417, 0.08080649
42418, 0.08080666
42419, 0.08080683
42420, 0.08080701
42421, 0.08080718
42422, 0.08080735
42423, 0.08080752
42424, 0.08080769
42425, 0.08080787
42426, 0.08080804
42427, 0.08080821
42428, 0.08080838
42429, 0.08080856
42430, 0.08080873
42431, 0.08080891
42432, 0.08080908
42433, 0.08080925
42434, 0.08080942
42435, 0.08080960
42436, 0.08080977
42437, 0.08080994
42438, 0.08081011
42439, 0.08081029
42440, 0.08081046
42441, 0.08081063
42442, 0.08081080
42443, 0.08081098
42444, 0.08081115
42445, 0.08081132
42446, 0.08081149
42447, 0.08081166
42448, 0.08081184
42449, 0.08081201
42450, 0.08081217
42451, 0.08081235
42452, 0.08081252
42453, 0.08081269
42454, 0.08081286
42455, 0.08081303
42456, 0.08081320
42457, 0.08081337
42458, 0.08081354
42459, 0.08081372
42460, 0.08081389
42461, 0.08081406
42462, 0.08081423
42463, 0.08081440
42464, 0.08081457
42465, 0.08081475
42466, 0.08081493
42467, 0.08081704
42468, 0.08081724
42469, 0.08081742
42470, 0.08081760
42471, 0.08081777
42472, 0.08081794
42473, 0.08081811
42474, 0.08081828
42475, 0.08081845
42476, 0.08081862
42477, 0.08081879
42478, 0.08081896
42479, 0.08081913
42480, 0.08081930
42481, 0.08081947
42482, 0.08081964
42483, 0.08081981
42484, 0.08081998
42485, 0.08082015
42486, 0.08082038
42487, 0.08082089
42488, 0.08082106
42489, 0.08082123
42490, 0.08082140
42491, 0.08082157
42492, 0.08082174
42493, 0.08082191
42494, 0.08082208
42495, 0.08082233
42496, 0.08082250
42497, 0.08082267
42498, 0.08082284
42499, 0.08082301
42500, 0.08082318
42501, 0.08082335
42502, 0.08082352
42503, 0.08082369
42504, 0.08082386
42505, 0.08082403
42506, 0.08082420
42507, 0.08082437
42508, 0.08082454
42509, 0.08082471
42510, 0.08082488
42511, 0.08082505
42512, 0.08082522
42513, 0.08082539
42514, 0.08082556
42515, 0.08082573
42516, 0.08082590
42517, 0.08082607
42518, 0.08082624
42519, 0.08082641
42520, 0.08082658
42521, 0.08082675
42522, 0.08082692
42523, 0.08082709
42524, 0.08082726
42525, 0.08082743
42526, 0.08082760
42527, 0.08082777
42528, 0.08082794
42529, 0.08082811
42530, 0.08082828
42531, 0.08082845
42532, 0.08082862
42533, 0.08082879
42534, 0.08082896
42535, 0.08082913
42536, 0.08082931
42537, 0.08082948
42538, 0.08082965
42539, 0.08082982
42540, 0.08082999
42541, 0.08083016
42542, 0.08083033
42543, 0.08083051
42544, 0.08083068
42545, 0.08083085
42546, 0.08083102
42547, 0.08083120
42548, 0.08083137
42549, 0.08083154
42550, 0.08083171
42551, 0.08083194
42552, 0.08083211
42553, 0.08083228
42554, 0.08083245
42555, 0.08083262
42556, 0.08083280
42557, 0.08083297
42558, 0.08083314
42559, 0.08083336
42560, 0.08083353
42561, 0.08083370
42562, 0.08083387
42563, 0.08083404
42564, 0.08083422
42565, 0.08083438
42566, 0.08083455
42567, 0.08083472
42568, 0.08083490
42569, 0.08083507
42570, 0.08083524
42571, 0.08083541
42572, 0.08083558
42573, 0.08083575
42574, 0.08083593
42575, 0.08083610
42576, 0.08083627
42577, 0.08083644
42578, 0.08083662
42579, 0.08083684
42580, 0.08083702
42581, 0.08083719
42582, 0.08083736
42583, 0.08083753
42584, 0.08083770
42585, 0.08083787
42586, 0.08083804
42587, 0.08083821
42588, 0.08083839
42589, 0.08083856
42590, 0.08083873
42591, 0.08083891
42592, 0.08083909
42593, 0.08084120
42594, 0.08084139
42595, 0.08084157
42596, 0.08084174
42597, 0.08084192
42598, 0.08084209
42599, 0.08084227
42600, 0.08084244
42601, 0.08084262
42602, 0.08084279
42603, 0.08084296
42604, 0.08084313
42605, 0.08084329
42606, 0.08084346
42607, 0.08084363
42608, 0.08084380
42609, 0.08084397
42610, 0.08084414
42611, 0.08084430
42612, 0.08084449
42613, 0.08084466
42614, 0.08084483
42615, 0.08084500
42616, 0.08084517
42617, 0.08084533
42618, 0.08084550
42619, 0.08084567
42620, 0.08084584
42621, 0.08084601
42622, 0.08084618
42623, 0.08084634
42624, 0.08084651
42625, 0.08084668
42626, 0.08084685
42627, 0.08084702
42628, 0.08084719
42629, 0.08084736
42630, 0.08084753
42631, 0.08084770
42632, 0.08084787
42633, 0.08084803
42634, 0.08084820
42635, 0.08084837
42636, 0.08084853
42637, 0.08084870
42638, 0.08084887
42639, 0.08084904
42640, 0.08084921
42641, 0.08084939
42642, 0.08084956
42643, 0.08084974
42644, 0.08084992
42645, 0.08085009
42646, 0.08085027
42647, 0.08085045
42648, 0.08085063
42649, 0.08085080
42650, 0.08085098
42651, 0.08085116
42652, 0.08085133
42653, 0.08085151
42654, 0.08085168
42655, 0.08085185
42656, 0.08085202
42657, 0.08085219
42658, 0.08085235
42659, 0.08085252
42660, 0.08085269
42661, 0.08085286
42662, 0.08085303
42663, 0.08085320
42664, 0.08085337
42665, 0.08085354
42666, 0.08085370
42667, 0.08085387
42668, 0.08085404
42669, 0.08085421
42670, 0.08085438
42671, 0.08085454
42672, 0.08085473
42673, 0.08085490
42674, 0.08085507
42675, 0.08085524
42676, 0.08085541
42677, 0.08085558
42678, 0.08085574
42679, 0.08085591
42680, 0.08085608
42681, 0.08085625
42682, 0.08085643
42683, 0.08085660
42684, 0.08085677
42685, 0.08085694
42686, 0.08085712
42687, 0.08085728
42688, 0.08085745
42689, 0.08085762
42690, 0.08085779
42691, 0.08085796
42692, 0.08085813
42693, 0.08085830
42694, 0.08085847
42695, 0.08085864
42696, 0.08085881
42697, 0.08085897
42698, 0.08085914
42699, 0.08085931
42700, 0.08085948
42701, 0.08085965
42702, 0.08085982
42703, 0.08085998
42704, 0.08086016
42705, 0.08086033
42706, 0.08086049
42707, 0.08086066
42708, 0.08086083
42709, 0.08086100
42710, 0.08086117
42711, 0.08086133
42712, 0.08086161
42713, 0.08086178
42714, 0.08086195
42715, 0.08086211
42716, 0.08086228
42717, 0.08086245
42718, 0.08086263
42719, 0.08086475
42720, 0.08086494
42721, 0.08086511
42722, 0.08086528
42723, 0.08086545
42724, 0.08086562
42725, 0.08086579
42726, 0.08086598
42727, 0.08086615
42728, 0.08086632
42729, 0.08086649
42730, 0.08086665
42731, 0.08086682
42732, 0.08086699
42733, 0.08086717
42734, 0.08086733
42735, 0.08086750
42736, 0.08086767
42737, 0.08086784
42738, 0.08086801
42739, 0.08086818
42740, 0.08086835
42741, 0.08086851
42742, 0.08086868
42743, 0.08086885
42744, 0.08086902
42745, 0.08086919
42746, 0.08086936
42747, 0.08086953
42748, 0.08086969
42749, 0.08086987
42750, 0.08087004
42751, 0.08087021
42752, 0.08087038
42753, 0.08087055
42754, 0.08087072
42755, 0.08087089
42756, 0.08087105
42757, 0.08087122
42758, 0.08087139
42759, 0.08087156
42760, 0.08087173
42761, 0.08087190
42762, 0.08087207
42763, 0.08087224
42764, 0.08087241
42765, 0.08087258
42766, 0.08087275
42767, 0.08087291
42768, 0.08087308
42769, 0.08087325
42770, 0.08087342
42771, 0.08087359
42772, 0.08087376
42773, 0.08087393
42774, 0.08087410
42775, 0.08087427
42776, 0.08087444
42777, 0.08087461
42778, 0.08087477
42779, 0.08087495
42780, 0.08087511
42781, 0.08087529
42782, 0.08087545
42783, 0.08087562
42784, 0.08087579
42785, 0.08087596
42786, 0.08087613
42787, 0.08087630
42788, 0.08087647
42789, 0.08087664
42790, 0.08087681
42791, 0.08087698
42792, 0.08087715
42793, 0.08087732
42794, 0.08087749
42795, 0.08087766
42796, 0.08087783
42797, 0.08087800
42798, 0.08087819
42799, 0.08087836
42800, 0.08087853
42801, 0.08087870
42802, 0.08087887
42803, 0.08087904
42804, 0.08087921
42805, 0.08087940
42806, 0.08087957
42807, 0.08087974
42808, 0.08087991
42809, 0.08088008
42810, 0.08088025
42811, 0.08088042
42812, 0.08088059
42813, 0.08088077
42814, 0.08088094
42815, 0.08088111
42816, 0.08088128
42817, 0.08088145
42818, 0.08088162
42819, 0.08088179
42820, 0.08088196
42821, 0.08088213
42822, 0.08088230
42823, 0.08088247
42824, 0.08088267
42825, 0.08088285
42826, 0.08088301
42827, 0.08088318
42828, 0.08088335
42829, 0.08088352
42830, 0.08088369
42831, 0.08088386
42832, 0.08088403
42833, 0.08088422
42834, 0.08088439
42835, 0.08088456
42836, 0.08088473
42837, 0.08088489
42838, 0.08088506
42839, 0.08088523
42840, 0.08088540
42841, 0.08088557
42842, 0.08088574
42843, 0.08088591
42844, 0.08088610
42845, 0.08088881
42846, 0.08088900
42847, 0.08088918
42848, 0.08088935
42849, 0.08088952
42850, 0.08088968
42851, 0.08088985
42852, 0.08089002
42853, 0.08089019
42854, 0.08089036
42855, 0.08089053
42856, 0.08089070
42857, 0.08089086
42858, 0.08089104
42859, 0.08089120
42860, 0.08089137
42861, 0.08089154
42862, 0.08089170
42863, 0.08089187
42864, 0.08089204
42865, 0.08089220
42866, 0.08089237
42867, 0.08089254
42868, 0.08089271
42869, 0.08089288
42870, 0.08089304
42871, 0.08089321
42872, 0.08089338
42873, 0.08089355
42874, 0.08089372
42875, 0.08089389
42876, 0.08089405
42877, 0.08089422
42878, 0.08089439
42879, 0.08089455
42880, 0.08089472
42881, 0.08089488
42882, 0.08089505
42883, 0.08089521
42884, 0.08089538
42885, 0.08089554
42886, 0.08089571
42887, 0.08089590
42888, 0.08089607
42889, 0.08089624
42890, 0.08089640
42891, 0.08089657
42892, 0.08089674
42893, 0.08089690
42894, 0.08089707
42895, 0.08089724
42896, 0.08089741
42897, 0.08089757
42898, 0.08089774
42899, 0.08089791
42900, 0.08089807
42901, 0.08089824
42902, 0.08089841
42903, 0.08089857
42904, 0.08089874
42905, 0.08089891
42906, 0.08089907
42907, 0.08089924
42908, 0.08089941
42909, 0.08089957
42910, 0.08089974
42911, 0.08089991
42912, 0.08090007
42913, 0.08090024
42914, 0.08090041
42915, 0.08090057
42916, 0.08090074
42917, 0.08090091
42918, 0.08090108
42919, 0.08090124
42920, 0.08090141
42921, 0.08090158
42922, 0.08090175
42923, 0.08090191
42924, 0.08090208
42925, 0.08090225
42926, 0.08090241
42927, 0.08090258
42928, 0.08090275
42929, 0.08090292
42930, 0.08090308
42931, 0.08090325
42932, 0.08090342
42933, 0.08090358
42934, 0.08090375
42935, 0.08090392
42936, 0.08090409
42937, 0.08090426
42938, 0.08090443
42939, 0.08090460
42940, 0.08090476
42941, 0.08090493
42942, 0.08090510
42943, 0.08090527
42944, 0.08090544
42945, 0.08090560
42946, 0.08090577
42947, 0.08090594
42948, 0.08090611
42949, 0.08090627
42950, 0.08090644
42951, 0.08090661
42952, 0.08090678
42953, 0.08090694
42954, 0.08090711
42955, 0.08090728
42956, 0.08090745
42957, 0.08090761
42958, 0.08090778
42959, 0.08090795
42960, 0.08090811
42961, 0.08090828
42962, 0.08090845
42963, 0.08090861
42964, 0.08090878
42965, 0.08090895
42966, 0.08090911
42967, 0.08090928
42968, 0.08090945
42969, 0.08090961
42970, 0.08090980
42971, 0.08091188
42972, 0.08091207
42973, 0.08091225
42974, 0.08091242
42975, 0.08091260
42976, 0.08091276
42977, 0.08091294
42978, 0.08091311
42979, 0.08091328
42980, 0.08091345
42981, 0.08091361
42982, 0.08091378
42983, 0.08091395
42984, 0.08091412
42985, 0.08091429
42986, 0.08091446
42987, 0.08091463
42988, 0.08091480
42989, 0.08091497
42990, 0.08091513
42991, 0.08091531
42992, 0.08091548
42993, 0.08091564
42994, 0.08091581
42995, 0.08091598
42996, 0.08091615
42997, 0.08091632
42998, 0.08091649
42999, 0.08091666
43000, 0.08091683
43001, 0.08091703
43002, 0.08091720
43003, 0.08091737
43004, 0.08091753
43005, 0.08091770
43006, 0.08091787
43007, 0.08091804
43008, 0.08091821
43009, 0.08091838
43010, 0.08091855
43011, 0.08091872
43012, 0.08091889
43013, 0.08091906
43014, 0.08091924
43015, 0.08091940
43016, 0.08091958
43017, 0.08091975
43018, 0.08091992
43019, 0.08092008
43020, 0.08092026
43021, 0.08092042
43022, 0.08092060
43023, 0.08092076
43024, 0.08092093
43025, 0.08092110
43026, 0.08092127
43027, 0.08092144
43028, 0.08092161
43029, 0.08092178
43030, 0.08092195
43031, 0.08092212
43032, 0.08092229
43033, 0.08092246
43034, 0.08092264
43035, 0.08092281
43036, 0.08092298
43037, 0.08092315
43038, 0.08092332
43039, 0.08092349
43040, 0.08092367
43041, 0.08092384
43042, 0.08092401
43043, 0.08092418
43044, 0.08092436
43045, 0.08092453
43046, 0.08092470
43047, 0.08092487
43048, 0.08092504
43049, 0.08092521
43050, 0.08092538
43051, 0.08092556
43052, 0.08092573
43053, 0.08092590
43054, 0.08092607
43055, 0.08092624
43056, 0.08092641
43057, 0.08092659
43058, 0.08092676
43059, 0.08092696
43060, 0.08092713
43061, 0.08092731
43062, 0.08092748
43063, 0.08092765
43064, 0.08092782
43065, 0.08092799
43066, 0.08092816
43067, 0.08092833
43068, 0.08092850
43069, 0.08092868
43070, 0.08092885
43071, 0.08092902
43072, 0.08092919
43073, 0.08092936
43074, 0.08092953
43075, 0.08092970
43076, 0.08092987
43077, 0.08093004
43078, 0.08093021
43079, 0.08093038
43080, 0.08093055
43081, 0.08093073
43082, 0.08093090
43083, 0.08093107
43084, 0.08093124
43085, 0.08093141
43086, 0.08093158
43087, 0.08093175
43088, 0.08093192
43089, 0.08093210
43090, 0.08093227
43091, 0.08093244
43092, 0.08093261
43093, 0.08093278
43094, 0.08093295
43095, 0.08093312
43096, 0.08093330
43097, 0.08093541
43098, 0.08093559
43099, 0.08093577
43100, 0.08093594
43101, 0.08093612
43102, 0.08093629
43103, 0.08093647
43104, 0.08093664
43105, 0.08093681
43106, 0.08093699
43107, 0.08093719
43108, 0.08093736
43109, 0.08093754
43110, 0.08093771
43111, 0.08093788
43112, 0.08093805
43113, 0.08093823
43114, 0.08093840
43115, 0.08093857
43116, 0.08093874
43117, 0.08093892
43118, 0.08093910
43119, 0.08093927
43120, 0.08093944
43121, 0.08093962
43122, 0.08093979
43123, 0.08093996
43124, 0.08094014
43125, 0.08094031
43126, 0.08094049
43127, 0.08094066
43128, 0.08094083
43129, 0.08094100
43130, 0.08094116
43131, 0.08094133
43132, 0.08094150
43133, 0.08094167
43134, 0.08094184
43135, 0.08094201
43136, 0.08094218
43137, 0.08094235
43138, 0.08094252
43139, 0.08094269
43140, 0.08094287
43141, 0.08094304
43142, 0.08094321
43143, 0.08094338
43144, 0.08094355
43145, 0.08094372
43146, 0.08094389
43147, 0.08094406
43148, 0.08094423
43149, 0.08094440
43150, 0.08094457
43151, 0.08094474
43152, 0.08094491
43153, 0.08094508
43154, 0.08094525
43155, 0.08094542
43156, 0.08094559
43157, 0.08094576
43158, 0.08094593
43159, 0.08094610
43160, 0.08094627
43161, 0.08094644
43162, 0.08094661
43163, 0.08094678
43164, 0.08094695
43165, 0.08094712
43166, 0.08094729
43167, 0.08094746
43168, 0.08094763
43169, 0.08094780
43170, 0.08094797
43171, 0.08094813
43172, 0.08094830
43173, 0.08094848
43174, 0.08094864
43175, 0.08094881
43176, 0.08094898
43177, 0.08094915
43178, 0.08094932
43179, 0.08094949
43180, 0.08094966
43181, 0.08094983
43182, 0.08095000
43183, 0.08095017
43184, 0.08095034
43185, 0.08095051
43186, 0.08095068
43187, 0.08095086
43188, 0.08095103
43189, 0.08095120
43190, 0.08095137
43191, 0.08095154
43192, 0.08095171
43193, 0.08095188
43194, 0.08095205
43195, 0.08095222
43196, 0.08095239
43197, 0.08095256
43198, 0.08095273
43199, 0.08095290
43200, 0.08095307
43201, 0.08095325
43202, 0.08095342
43203, 0.08095359
43204, 0.08095376
43205, 0.08095393
43206, 0.08095410
43207, 0.08095427
43208, 0.08095444
43209, 0.08095461
43210, 0.08095478
43211, 0.08095495
43212, 0.08095512
43213, 0.08095529
43214, 0.08095546
43215, 0.08095563
43216, 0.08095580
43217, 0.08095597
43218, 0.08095614
43219, 0.08095631
43220, 0.08095648
43221, 0.08095665
43222, 0.08095683
43223, 0.08095907
43224, 0.08095926
43225, 0.08095943
43226, 0.08095960
43227, 0.08095977
43228, 0.08095994
43229, 0.08096011
43230, 0.08096027
43231, 0.08096044
43232, 0.08096061
43233, 0.08096078
43234, 0.08096095
43235, 0.08096112
43236, 0.08096129
43237, 0.08096146
43238, 0.08096163
43239, 0.08096179
43240, 0.08096196
43241, 0.08096213
43242, 0.08096230
43243, 0.08096247
43244, 0.08096264
43245, 0.08096281
43246, 0.08096298
43247, 0.08096315
43248, 0.08096331
43249, 0.08096349
43250, 0.08096366
43251, 0.08096383
43252, 0.08096400
43253, 0.08096417
43254, 0.08096433
43255, 0.08096450
43256, 0.08096467
43257, 0.08096484
43258, 0.08096501
43259, 0.08096517
43260, 0.08096534
43261, 0.08096551
43262, 0.08096568
43263, 0.08096585
43264, 0.08096602
43265, 0.08096619
43266, 0.08096636
43267, 0.08096653
43268, 0.08096670
43269, 0.08096687
43270, 0.08096704
43271, 0.08096721
43272, 0.08096738
43273, 0.08096755
43274, 0.08096772
43275, 0.08096789
43276, 0.08096806
43277, 0.08096823
43278, 0.08096840
43279, 0.08096857
43280, 0.08096874
43281, 0.08096891
43282, 0.08096908
43283, 0.08096925
43284, 0.08096942
43285, 0.08096959
43286, 0.08096976
43287, 0.08096993
43288, 0.08097010
43289, 0.08097026
43290, 0.08097043
43291, 0.08097060
43292, 0.08097077
43293, 0.08097093
43294, 0.08097111
43295, 0.08097127
43296, 0.08097144
43297, 0.08097161
43298, 0.08097178
43299, 0.08097195
43300, 0.08097211
43301, 0.08097228
43302, 0.08097245
43303, 0.08097262
43304, 0.08097279
43305, 0.08097295
43306, 0.08097312
43307, 0.08097329
43308, 0.08097345
43309, 0.08097362
43310, 0.08097379
43311, 0.08097396
43312, 0.08097413
43313, 0.08097430
43314, 0.08097448
43315, 0.08097464
43316, 0.08097481
43317, 0.08097498
43318, 0.08097515
43319, 0.08097532
43320, 0.08097548
43321, 0.08097565
43322, 0.08097582
43323, 0.08097599
43324, 0.08097616
43325, 0.08097632
43326, 0.08097649
43327, 0.08097666
43328, 0.08097683
43329, 0.08097700
43330, 0.08097716
43331, 0.08097733
43332, 0.08097750
43333, 0.08097767
43334, 0.08097784
43335, 0.08097800
43336, 0.08097817
43337, 0.08097834
43338, 0.08097851
43339, 0.08097868
43340, 0.08097885
43341, 0.08097901
43342, 0.08097918
43343, 0.08097935
43344, 0.08097952
43345, 0.08097969
43346, 0.08097985
43347, 0.08098002
43348, 0.08098020
43349, 0.08098230
43350, 0.08098250
43351, 0.08098268
43352, 0.08098286
43353, 0.08098304
43354, 0.08098320
43355, 0.08098337
43356, 0.08098354
43357, 0.08098372
43358, 0.08098389
43359, 0.08098405
43360, 0.08098422
43361, 0.08098440
43362, 0.08098457
43363, 0.08098474
43364, 0.08098491
43365, 0.08098508
43366, 0.08098525
43367, 0.08098542
43368, 0.08098559
43369, 0.08098576
43370, 0.08098594
43371, 0.08098611
43372, 0.08098628
43373, 0.08098645
43374, 0.08098663
43375, 0.08098680
43376, 0.08098696
43377, 0.08098713
43378, 0.08098731
43379, 0.08098748
43380, 0.08098765
43381, 0.08098782
43382, 0.08098799
43383, 0.08098816
43384, 0.08098833
43385, 0.08098851
43386, 0.08098868
43387, 0.08098885
43388, 0.08098902
43389, 0.08098919
43390, 0.08098936
43391, 0.08098953
43392, 0.08098970
43393, 0.08098987
43394, 0.08099004
43395, 0.08099021
43396, 0.08099039
43397, 0.08099056
43398, 0.08099073
43399, 0.08099090
43400, 0.08099107
43401, 0.08099124
43402, 0.08099141
43403, 0.08099158
43404, 0.08099175
43405, 0.08099192
43406, 0.08099209
43407, 0.08099226
43408, 0.08099243
43409, 0.08099261
43410, 0.08099278
43411, 0.08099295
43412, 0.08099312
43413, 0.08099329
43414, 0.08099346
43415, 0.08099363
43416, 0.08099380
43417, 0.08099397
43418, 0.08099414
43419, 0.08099431
43420, 0.08099448
43421, 0.08099465
43422, 0.08099483
43423, 0.08099504
43424, 0.08099521
43425, 0.08099538
43426, 0.08099555
43427, 0.08099572
43428, 0.08099589
43429, 0.08099607
43430, 0.08099624
43431, 0.08099641
43432, 0.08099658
43433, 0.08099675
43434, 0.08099692
43435, 0.08099709
43436, 0.08099726
43437, 0.08099744
43438, 0.08099761
43439, 0.08099778
43440, 0.08099795
43441, 0.08099813
43442, 0.08099830
43443, 0.08099847
43444, 0.08099864
43445, 0.08099881
43446, 0.08099898
43447, 0.08099915
43448, 0.08099932
43449, 0.08099949
43450, 0.08099966
43451, 0.08099984
43452, 0.08100001
43453, 0.08100018
43454, 0.08100035
43455, 0.08100052
43456, 0.08100070
43457, 0.08100087
43458, 0.08100104
43459, 0.08100121
43460, 0.08100138
43461, 0.08100155
43462, 0.08100173
43463, 0.08100190
43464, 0.08100207
43465, 0.08100224
43466, 0.08100242
43467, 0.08100259
43468, 0.08100276
43469, 0.08100293
43470, 0.08100310
43471, 0.08100328
43472, 0.08100345
43473, 0.08100362
43474, 0.08100380
43475, 0.08100588
43476, 0.08100607
43477, 0.08100624
43478, 0.08100641
43479, 0.08100658
43480, 0.08100676
43481, 0.08100692
43482, 0.08100709
43483, 0.08100726
43484, 0.08100743
43485, 0.08100760
43486, 0.08100777
43487, 0.08100793
43488, 0.08100810
43489, 0.08100827
43490, 0.08100843
43491, 0.08100860
43492, 0.08100877
43493, 0.08100894
43494, 0.08100911
43495, 0.08100927
43496, 0.08100944
43497, 0.08100961
43498, 0.08100978
43499, 0.08100995
43500, 0.08101012
43501, 0.08101029
43502, 0.08101046
43503, 0.08101062
43504, 0.08101079
43505, 0.08101096
43506, 0.08101113
43507, 0.08101129
43508, 0.08101146
43509, 0.08101163
43510, 0.08101180
43511, 0.08101197
43512, 0.08101214
43513, 0.08101231
43514, 0.08101248
43515, 0.08101265
43516, 0.08101281
43517, 0.08101298
43518, 0.08101315
43519, 0.08101340
43520, 0.08101356
43521, 0.08101373
43522, 0.08101390
43523, 0.08101407
43524, 0.08101424
43525, 0.08101441
43526, 0.08101458
43527, 0.08101474
43528, 0.08101492
43529, 0.08101508
43530, 0.08101525
43531, 0.08101542
43532, 0.08101559
43533, 0.08101576
43534, 0.08101593
43535, 0.08101610
43536, 0.08101627
43537, 0.08101644
43538, 0.08101661
43539, 0.08101677
43540, 0.08101695
43541, 0.08101711
43542, 0.08101728
43543, 0.08101745
43544, 0.08101762
43545, 0.08101779
43546, 0.08101796
43547, 0.08101813
43548, 0.08101829
43549, 0.08101846
43550, 0.08101863
43551, 0.08101880
43552, 0.08101897
43553, 0.08101914
43554, 0.08101931
43555, 0.08101948
43556, 0.08101964
43557, 0.08101981
43558, 0.08101998
43559, 0.08102015
43560, 0.08102032
43561, 0.08102049
43562, 0.08102066
43563, 0.08102083
43564, 0.08102100
43565, 0.08102117
43566, 0.08102135
43567, 0.08102152
43568, 0.08102169
43569, 0.08102186
43570, 0.08102203
43571, 0.08102220
43572, 0.08102237
43573, 0.08102254
43574, 0.08102271
43575, 0.08102288
43576, 0.08102305
43577, 0.08102322
43578, 0.08102339
43579, 0.08102355
43580, 0.08102372
43581, 0.08102389
43582, 0.08102406
43583, 0.08102423
43584, 0.08102440
43585, 0.08102457
43586, 0.08102474
43587, 0.08102491
43588, 0.08102508
43589, 0.08102524
43590, 0.08102541
43591, 0.08102558
43592, 0.08102575
43593, 0.08102592
43594, 0.08102609
43595, 0.08102626
43596, 0.08102643
43597, 0.08102660
43598, 0.08102676
43599, 0.08102693
43600, 0.08102712
43601, 0.08102914
43602, 0.08102934
43603, 0.08102952
43604, 0.08102969
43605, 0.08102986
43606, 0.08103002
43607, 0.08103020
43608, 0.08103037
43609, 0.08103054
43610, 0.08103071
43611, 0.08103088
43612, 0.08103104
43613, 0.08103121
43614, 0.08103138
43615, 0.08103155
43616, 0.08103171
43617, 0.08103188
43618, 0.08103205
43619, 0.08103221
43620, 0.08103238
43621, 0.08103254
43622, 0.08103271
43623, 0.08103288
43624, 0.08103305
43625, 0.08103321
43626, 0.08103338
43627, 0.08103355
43628, 0.08103372
43629, 0.08103388
43630, 0.08103405
43631, 0.08103422
43632, 0.08103439
43633, 0.08103456
43634, 0.08103473
43635, 0.08103489
43636, 0.08103506
43637, 0.08103523
43638, 0.08103539
43639, 0.08103556
43640, 0.08103573
43641, 0.08103590
43642, 0.08103607
43643, 0.08103623
43644, 0.08103640
43645, 0.08103657
43646, 0.08103674
43647, 0.08103690
43648, 0.08103707
43649, 0.08103724
43650, 0.08103741
43651, 0.08103757
43652, 0.08103774
43653, 0.08103791
43654, 0.08103807
43655, 0.08103824
43656, 0.08103841
43657, 0.08103858
43658, 0.08103874
43659, 0.08103891
43660, 0.08103908
43661, 0.08103925
43662, 0.08103942
43663, 0.08103958
43664, 0.08103975
43665, 0.08103992
43666, 0.08104009
43667, 0.08104025
43668, 0.08104042
43669, 0.08104059
43670, 0.08104076
43671, 0.08104092
43672, 0.08104109
43673, 0.08104126
43674, 0.08104143
43675, 0.08104160
43676, 0.08104176
43677, 0.08104193
43678, 0.08104210
43679, 0.08104227
43680, 0.08104244
43681, 0.08104261
43682, 0.08104277
43683, 0.08104294
43684, 0.08104311
43685, 0.08104328
43686, 0.08104344
43687, 0.08104361
43688, 0.08104378
43689, 0.08104395
43690, 0.08104412
43691, 0.08104429
43692, 0.08104447
43693, 0.08104464
43694, 0.08104481
43695, 0.08104498
43696, 0.08104515
43697, 0.08104532
43698, 0.08104549
43699, 0.08104565
43700, 0.08104582
43701, 0.08104599
43702, 0.08104616
43703, 0.08104632
43704, 0.08104649
43705, 0.08104666
43706, 0.08104683
43707, 0.08104699
43708, 0.08104716
43709, 0.08104733
43710, 0.08104750
43711, 0.08104767
43712, 0.08104783
43713, 0.08104800
43714, 0.08104817
43715, 0.08104833
43716, 0.08104850
43717, 0.08104867
43718, 0.08104884
43719, 0.08104901
43720, 0.08104917
43721, 0.08104934
43722, 0.08104951
43723, 0.08104968
43724, 0.08104984
43725, 0.08105001
43726, 0.08105019
43727, 0.08105434
43728, 0.08105453
43729, 0.08105470
43730, 0.08105487
43731, 0.08105505
43732, 0.08105522
43733, 0.08105539
43734, 0.08105557
43735, 0.08105613
43736, 0.08105630
43737, 0.08105647
43738, 0.08105664
43739, 0.08105681
43740, 0.08105698
43741, 0.08105715
43742, 0.08105732
43743, 0.08105757
43744, 0.08105774
43745, 0.08105791
43746, 0.08105808
43747, 0.08105825
43748, 0.08105842
43749, 0.08105859
43750, 0.08105876
43751, 0.08105893
43752, 0.08105910
43753, 0.08105927
43754, 0.08105944
43755, 0.08105961
43756, 0.08105978
43757, 0.08105995
43758, 0.08106012
43759, 0.08106036
43760, 0.08106053
43761, 0.08106070
43762, 0.08106087
43763, 0.08106105
43764, 0.08106122
43765, 0.08106139
43766, 0.08106156
43767, 0.08106173
43768, 0.08106190
43769, 0.08106207
43770, 0.08106224
43771, 0.08106241
43772, 0.08106258
43773, 0.08106275
43774, 0.08106292
43775, 0.08106317
43776, 0.08106334
43777, 0.08106351
43778, 0.08106368
43779, 0.08106385
43780, 0.08106402
43781, 0.08106419
43782, 0.08106436
43783, 0.08106453
43784, 0.08106471
43785, 0.08106488
43786, 0.08106505
43787, 0.08106522
43788, 0.08106539
43789, 0.08106556
43790, 0.08106573
43791, 0.08106597
43792, 0.08106615
43793, 0.08106632
43794, 0.08106649
43795, 0.08106666
43796, 0.08106683
43797, 0.08106700
43798, 0.08106717
43799, 0.08106734
43800, 0.08106751
43801, 0.08106768
43802, 0.08106786
43803, 0.08106803
43804, 0.08106820
43805, 0.08106837
43806, 0.08106854
43807, 0.08106878
43808, 0.08106895
43809, 0.08106912
43810, 0.08106929
43811, 0.08106946
43812, 0.08106963
43813, 0.08106980
43814, 0.08106997
43815, 0.08107014
43816, 0.08107031
43817, 0.08107049
43818, 0.08107066
43819, 0.08107083
43820, 0.08107100
43821, 0.08107117
43822, 0.08107134
43823, 0.08107151
43824, 0.08107168
43825, 0.08107184
43826, 0.08107201
43827, 0.08107218
43828, 0.08107235
43829, 0.08107252
43830, 0.08107269
43831, 0.08107293
43832, 0.08107309
43833, 0.08107326
43834, 0.08107343
43835, 0.08107360
43836, 0.08107377
43837, 0.08107393
43838, 0.08107410
43839, 0.08107427
43840, 0.08107444
43841, 0.08107461
43842, 0.08107478
43843, 0.08107494
43844, 0.08107511
43845, 0.08107528
43846, 0.08107545
43847, 0.08107562
43848, 0.08107578
43849, 0.08107595
43850, 0.08107612
43851, 0.08107629
43852, 0.08107647
43853, 0.08107861
43854, 0.08107878
43855, 0.08107896
43856, 0.08107913
43857, 0.08107930
43858, 0.08107947
43859, 0.08107963
43860, 0.08107980
43861, 0.08107997
43862, 0.08108013
43863, 0.08108030
43864, 0.08108047
43865, 0.08108064
43866, 0.08108081
43867, 0.08108097
43868, 0.08108114
43869, 0.08108131
43870, 0.08108148
43871, 0.08108165
43872, 0.08108181
43873, 0.08108198
43874, 0.08108215
43875, 0.08108232
43876, 0.08108249
43877, 0.08108265
43878, 0.08108282
43879, 0.08108298
43880, 0.08108315
43881, 0.08108332
43882, 0.08108349
43883, 0.08108366
43884, 0.08108382
43885, 0.08108400
43886, 0.08108416
43887, 0.08108433
43888, 0.08108450
43889, 0.08108467
43890, 0.08108484
43891, 0.08108501
43892, 0.08108517
43893, 0.08108534
43894, 0.08108551
43895, 0.08108568
43896, 0.08108585
43897, 0.08108603
43898, 0.08108619
43899, 0.08108636
43900, 0.08108653
43901, 0.08108670
43902, 0.08108687
43903, 0.08108704
43904, 0.08108721
43905, 0.08108738
43906, 0.08108754
43907, 0.08108772
43908, 0.08108789
43909, 0.08108806
43910, 0.08108822
43911, 0.08108839
43912, 0.08108856
43913, 0.08108873
43914, 0.08108890
43915, 0.08108907
43916, 0.08108924
43917, 0.08108941
43918, 0.08108958
43919, 0.08108975
43920, 0.08108991
43921, 0.08109008
43922, 0.08109025
43923, 0.08109042
43924, 0.08109059
43925, 0.08109076
43926, 0.08109093
43927, 0.08109110
43928, 0.08109127
43929, 0.08109144
43930, 0.08109161
43931, 0.08109177
43932, 0.08109194
43933, 0.08109211
43934, 0.08109228
43935, 0.08109245
43936, 0.08109262
43937, 0.08109279
43938, 0.08109296
43939, 0.08109312
43940, 0.08109329
43941, 0.08109346
43942, 0.08109363
43943, 0.08109381
43944, 0.08109398
43945, 0.08109415
43946, 0.08109432
43947, 0.08109449
43948, 0.08109466
43949, 0.08109483
43950, 0.08109499
43951, 0.08109516
43952, 0.08109533
43953, 0.08109550
43954, 0.08109567
43955, 0.08109584
43956, 0.08109601
43957, 0.08109618
43958, 0.08109635
43959, 0.08109651
43960, 0.08109668
43961, 0.08109685
43962, 0.08109702
43963, 0.08109719
43964, 0.08109736
43965, 0.08109753
43966, 0.08109770
43967, 0.08109787
43968, 0.08109804
43969, 0.08109820
43970, 0.08109837
43971, 0.08109854
43972, 0.08109872
43973, 0.08109888
43974, 0.08109905
43975, 0.08109922
43976, 0.08109939
43977, 0.08109956
43978, 0.08109974
43979, 0.08110192
43980, 0.08110211
43981, 0.08110229
43982, 0.08110246
43983, 0.08110263
43984, 0.08110280
43985, 0.08110297
43986, 0.08110314
43987, 0.08110331
43988, 0.08110347
43989, 0.08110364
43990, 0.08110381
43991, 0.08110398
43992, 0.08110415
43993, 0.08110432
43994, 0.08110448
43995, 0.08110465
43996, 0.08110482
43997, 0.08110499
43998, 0.08110516
43999, 0.08110533
44000, 0.08110549
44001, 0.08110566
44002, 0.08110583
44003, 0.08110600
44004, 0.08110616
44005, 0.08110633
44006, 0.08110650
44007, 0.08110667
44008, 0.08110684
44009, 0.08110701
44010, 0.08110718
44011, 0.08110735
44012, 0.08110752
44013, 0.08110769
44014, 0.08110786
44015, 0.08110803
44016, 0.08110820
44017, 0.08110837
44018, 0.08110854
44019, 0.08110871
44020, 0.08110888
44021, 0.08110905
44022, 0.08110922
44023, 0.08110939
44024, 0.08110956
44025, 0.08110973
44026, 0.08110990
44027, 0.08111007
44028, 0.08111024
44029, 0.08111041
44030, 0.08111058
44031, 0.08111075
44032, 0.08111092
44033, 0.08111109
44034, 0.08111126
44035, 0.08111143
44036, 0.08111160
44037, 0.08111177
44038, 0.08111194
44039, 0.08111218
44040, 0.08111235
44041, 0.08111252
44042, 0.08111269
44043, 0.08111286
44044, 0.08111303
44045, 0.08111320
44046, 0.08111337
44047, 0.08111368
44048, 0.08111385
44049, 0.08111402
44050, 0.08111419
44051, 0.08111438
44052, 0.08111454
44053, 0.08111472
44054, 0.08111490
44055, 0.08111515
44056, 0.08111531
44057, 0.08111548
44058, 0.08111565
44059, 0.08111582
44060, 0.08111599
44061, 0.08111616
44062, 0.08111632
44063, 0.08111657
44064, 0.08111674
44065, 0.08111690
44066, 0.08111708
44067, 0.08111724
44068, 0.08111741
44069, 0.08111758
44070, 0.08111775
44071, 0.08111819
44072, 0.08111836
44073, 0.08111853
44074, 0.08111870
44075, 0.08111886
44076, 0.08111903
44077, 0.08111920
44078, 0.08111937
44079, 0.08111961
44080, 0.08111978
44081, 0.08111995
44082, 0.08112012
44083, 0.08112028
44084, 0.08112045
44085, 0.08112062
44086, 0.08112078
44087, 0.08112102
44088, 0.08112119
44089, 0.08112138
44090, 0.08112155
44091, 0.08112171
44092, 0.08112188
44093, 0.08112205
44094, 0.08112222
44095, 0.08112246
44096, 0.08112263
44097, 0.08112279
44098, 0.08112296
44099, 0.08112313
44100, 0.08112330
44101, 0.08112347
44102, 0.08112364
44103, 0.08112381
44104, 0.08112399
44105, 0.08112627
44106, 0.08112646
44107, 0.08112663
44108, 0.08112680
44109, 0.08112697
44110, 0.08112714
44111, 0.08112731
44112, 0.08112748
44113, 0.08112764
44114, 0.08112781
44115, 0.08112798
44116, 0.08112815
44117, 0.08112832
44118, 0.08112849
44119, 0.08112865
44120, 0.08112882
44121, 0.08112899
44122, 0.08112916
44123, 0.08112933
44124, 0.08112950
44125, 0.08112967
44126, 0.08112984
44127, 0.08113000
44128, 0.08113017
44129, 0.08113034
44130, 0.08113051
44131, 0.08113067
44132, 0.08113084
44133, 0.08113101
44134, 0.08113118
44135, 0.08113135
44136, 0.08113152
44137, 0.08113169
44138, 0.08113186
44139, 0.08113203
44140, 0.08113220
44141, 0.08113237
44142, 0.08113254
44143, 0.08113271
44144, 0.08113288
44145, 0.08113305
44146, 0.08113322
44147, 0.08113339
44148, 0.08113356
44149, 0.08113372
44150, 0.08113389
44151, 0.08113406
44152, 0.08113423
44153, 0.08113440
44154, 0.08113456
44155, 0.08113473
44156, 0.08113490
44157, 0.08113507
44158, 0.08113523
44159, 0.08113540
44160, 0.08113557
44161, 0.08113574
44162, 0.08113591
44163, 0.08113608
44164, 0.08113624
44165, 0.08113641
44166, 0.08113658
44167, 0.08113674
44168, 0.08113691
44169, 0.08113708
44170, 0.08113725
44171, 0.08113742
44172, 0.08113758
44173, 0.08113775
44174, 0.08113792
44175, 0.08113809
44176, 0.08113826
44177, 0.08113843
44178, 0.08113860
44179, 0.08113877
44180, 0.08113893
44181, 0.08113910
44182, 0.08113927
44183, 0.08113943
44184, 0.08113960
44185, 0.08113977
44186, 0.08113994
44187, 0.08114010
44188, 0.08114027
44189, 0.08114044
44190, 0.08114061
44191, 0.08114077
44192, 0.08114094
44193, 0.08114111
44194, 0.08114127
44195, 0.08114144
44196, 0.08114161
44197, 0.08114178
44198, 0.08114194
44199, 0.08114211
44200, 0.08114228
44201, 0.08114244
44202, 0.08114261
44203, 0.08114278
44204, 0.08114294
44205, 0.08114311
44206, 0.08114328
44207, 0.08114345
44208, 0.08114361
44209, 0.08114378
44210, 0.08114395
44211, 0.08114411
44212, 0.08114428
44213, 0.08114445
44214, 0.08114462
44215, 0.08114478
44216, 0.08114495
44217, 0.08114512
44218, 0.08114528
44219, 0.08114545
44220, 0.08114562
44221, 0.08114579
44222, 0.08114596
44223, 0.08114612
44224, 0.08114629
44225, 0.08114646
44226, 0.08114663
44227, 0.08114680
44228, 0.08114697
44229, 0.08114713
44230, 0.08114731
44231, 0.08114945
44232, 0.08114964
44233, 0.08114981
44234, 0.08114999
44235, 0.08115017
44236, 0.08115034
44237, 0.08115051
44238, 0.08115068
44239, 0.08115084
44240, 0.08115101
44241, 0.08115120
44242, 0.08115136
44243, 0.08115153
44244, 0.08115170
44245, 0.08115186
44246, 0.08115203
44247, 0.08115220
44248, 0.08115237
44249, 0.08115254
44250, 0.08115271
44251, 0.08115287
44252, 0.08115304
44253, 0.08115321
44254, 0.08115338
44255, 0.08115355
44256, 0.08115371
44257, 0.08115388
44258, 0.08115405
44259, 0.08115422
44260, 0.08115438
44261, 0.08115455
44262, 0.08115472
44263, 0.08115489
44264, 0.08115506
44265, 0.08115522
44266, 0.08115539
44267, 0.08115556
44268, 0.08115573
44269, 0.08115590
44270, 0.08115607
44271, 0.08115623
44272, 0.08115640
44273, 0.08115657
44274, 0.08115674
44275, 0.08115690
44276, 0.08115707
44277, 0.08115724
44278, 0.08115741
44279, 0.08115758
44280, 0.08115774
44281, 0.08115791
44282, 0.08115808
44283, 0.08115825
44284, 0.08115841
44285, 0.08115858
44286, 0.08115875
44287, 0.08115892
44288, 0.08115909
44289, 0.08115925
44290, 0.08115942
44291, 0.08115959
44292, 0.08115975
44293, 0.08115992
44294, 0.08116009
44295, 0.08116026
44296, 0.08116042
44297, 0.08116059
44298, 0.08116076
44299, 0.08116093
44300, 0.08116110
44301, 0.08116127
44302, 0.08116144
44303, 0.08116163
44304, 0.08116179
44305, 0.08116196
44306, 0.08116213
44307, 0.08116230
44308, 0.08116246
44309, 0.08116263
44310, 0.08116280
44311, 0.08116297
44312, 0.08116313
44313, 0.08116330
44314, 0.08116347
44315, 0.08116364
44316, 0.08116380
44317, 0.08116397
44318, 0.08116414
44319, 0.08116431
44320, 0.08116447
44321, 0.08116464
44322, 0.08116482
44323, 0.08116499
44324, 0.08116516
44325, 0.08116533
44326, 0.08116550
44327, 0.08116567
44328, 0.08116584
44329, 0.08116601
44330, 0.08116619
44331, 0.08116636
44332, 0.08116653
44333, 0.08116670
44334, 0.08116687
44335, 0.08116704
44336, 0.08116721
44337, 0.08116738
44338, 0.08116755
44339, 0.08116772
44340, 0.08116789
44341, 0.08116806
44342, 0.08116823
44343, 0.08116839
44344, 0.08116856
44345, 0.08116873
44346, 0.08116890
44347, 0.08116906
44348, 0.08116923
44349, 0.08116940
44350, 0.08116957
44351, 0.08116974
44352, 0.08116990
44353, 0.08117007
44354, 0.08117024
44355, 0.08117040
44356, 0.08117058
44357, 0.08117544
44358, 0.08117564
44359, 0.08117582
44360, 0.08117600
44361, 0.08117618
44362, 0.08117636
44363, 0.08117653
44364, 0.08117670
44365, 0.08117687
44366, 0.08117703
44367, 0.08117720
44368, 0.08117736
44369, 0.08117753
44370, 0.08117770
44371, 0.08117787
44372, 0.08117804
44373, 0.08117820
44374, 0.08117838
44375, 0.08117854
44376, 0.08117871
44377, 0.08117888
44378, 0.08117905
44379, 0.08117922
44380, 0.08117939
44381, 0.08117956
44382, 0.08117972
44383, 0.08117989
44384, 0.08118006
44385, 0.08118023
44386, 0.08118039
44387, 0.08118056
44388, 0.08118073
44389, 0.08118090
44390, 0.08118106
44391, 0.08118123
44392, 0.08118140
44393, 0.08118157
44394, 0.08118174
44395, 0.08118190
44396, 0.08118207
44397, 0.08118224
44398, 0.08118241
44399, 0.08118258
44400, 0.08118274
44401, 0.08118291
44402, 0.08118308
44403, 0.08118325
44404, 0.08118341
44405, 0.08118358
44406, 0.08118375
44407, 0.08118392
44408, 0.08118408
44409, 0.08118425
44410, 0.08118443
44411, 0.08118460
44412, 0.08118477
44413, 0.08118494
44414, 0.08118511
44415, 0.08118528
44416, 0.08118545
44417, 0.08118562
44418, 0.08118579
44419, 0.08118596
44420, 0.08118613
44421, 0.08118631
44422, 0.08118648
44423, 0.08118665
44424, 0.08118682
44425, 0.08118699
44426, 0.08118716
44427, 0.08118733
44428, 0.08118750
44429, 0.08118767
44430, 0.08118784
44431, 0.08118800
44432, 0.08118817
44433, 0.08118834
44434, 0.08118851
44435, 0.08118868
44436, 0.08118885
44437, 0.08118901
44438, 0.08118918
44439, 0.08118935
44440, 0.08118952
44441, 0.08118968
44442, 0.08118985
44443, 0.08119002
44444, 0.08119019
44445, 0.08119036
44446, 0.08119059
44447, 0.08119076
44448, 0.08119093
44449, 0.08119109
44450, 0.08119126
44451, 0.08119144
44452, 0.08119161
44453, 0.08119178
44454, 0.08119195
44455, 0.08119212
44456, 0.08119229
44457, 0.08119246
44458, 0.08119263
44459, 0.08119281
44460, 0.08119298
44461, 0.08119315
44462, 0.08119332
44463, 0.08119349
44464, 0.08119366
44465, 0.08119383
44466, 0.08119400
44467, 0.08119417
44468, 0.08119434
44469, 0.08119451
44470, 0.08119468
44471, 0.08119486
44472, 0.08119503
44473, 0.08119520
44474, 0.08119537
44475, 0.08119554
44476, 0.08119571
44477, 0.08119588
44478, 0.08119605
44479, 0.08119622
44480, 0.08119639
44481, 0.08119656
44482, 0.08119675
44483, 0.08119895
44484, 0.08119915
44485, 0.08119932
44486, 0.08119949
44487, 0.08119965
44488, 0.08119982
44489, 0.08119999
44490, 0.08120016
44491, 0.08120033
44492, 0.08120050
44493, 0.08120066
44494, 0.08120083
44495, 0.08120100
44496, 0.08120117
44497, 0.08120133
44498, 0.08120150
44499, 0.08120167
44500, 0.08120184
44501, 0.08120201
44502, 0.08120218
44503, 0.08120234
44504, 0.08120251
44505, 0.08120268
44506, 0.08120285
44507, 0.08120301
44508, 0.08120319
44509, 0.08120335
44510, 0.08120352
44511, 0.08120369
44512, 0.08120386
44513, 0.08120402
44514, 0.08120419
44515, 0.08120436
44516, 0.08120453
44517, 0.08120469
44518, 0.08120486
44519, 0.08120503
44520, 0.08120520
44521, 0.08120536
44522, 0.08120553
44523, 0.08120570
44524, 0.08120586
44525, 0.08120603
44526, 0.08120620
44527, 0.08120636
44528, 0.08120653
44529, 0.08120670
44530, 0.08120686
44531, 0.08120703
44532, 0.08120720
44533, 0.08120736
44534, 0.08120753
44535, 0.08120770
44536, 0.08120786
44537, 0.08120803
44538, 0.08120820
44539, 0.08120836
44540, 0.08120853
44541, 0.08120870
44542, 0.08120886
44543, 0.08120911
44544, 0.08120927
44545, 0.08120944
44546, 0.08120961
44547, 0.08120978
44548, 0.08120994
44549, 0.08121011
44550, 0.08121028
44551, 0.08121052
44552, 0.08121069
44553, 0.08121085
44554, 0.08121102
44555, 0.08121118
44556, 0.08121135
44557, 0.08121152
44558, 0.08121168
44559, 0.08121193
44560, 0.08121210
44561, 0.08121226
44562, 0.08121243
44563, 0.08121260
44564, 0.08121276
44565, 0.08121293
44566, 0.08121310
44567, 0.08121334
44568, 0.08121351
44569, 0.08121368
44570, 0.08121385
44571, 0.08121401
44572, 0.08121418
44573, 0.08121438
44574, 0.08121455
44575, 0.08121480
44576, 0.08121498
44577, 0.08121515
44578, 0.08121531
44579, 0.08121548
44580, 0.08121565
44581, 0.08121581
44582, 0.08121598
44583, 0.08121627
44584, 0.08121643
44585, 0.08121660
44586, 0.08121677
44587, 0.08121694
44588, 0.08121710
44589, 0.08121727
44590, 0.08121744
44591, 0.08121768
44592, 0.08121784
44593, 0.08121801
44594, 0.08121818
44595, 0.08121834
44596, 0.08121851
44597, 0.08121868
44598, 0.08121884
44599, 0.08121909
44600, 0.08121926
44601, 0.08121942
44602, 0.08121959
44603, 0.08121976
44604, 0.08121992
44605, 0.08122009
44606, 0.08122026
44607, 0.08122050
44608, 0.08122068
44609, 0.08122286
44610, 0.08122305
44611, 0.08122322
44612, 0.08122339
44613, 0.08122355
44614, 0.08122373
44615, 0.08122398
44616, 0.08122415
44617, 0.08122432
44618, 0.08122449
44619, 0.08122466
44620, 0.08122483
44621, 0.08122500
44622, 0.08122517
44623, 0.08122534
44624, 0.08122551
44625, 0.08122567
44626, 0.08122584
44627, 0.08122601
44628, 0.08122618
44629, 0.08122635
44630, 0.08122651
44631, 0.08122668
44632, 0.08122685
44633, 0.08122702
44634, 0.08122719
44635, 0.08122736
44636, 0.08122753
44637, 0.08122770
44638, 0.08122786
44639, 0.08122803
44640, 0.08122820
44641, 0.08122836
44642, 0.08122853
44643, 0.08122869
44644, 0.08122886
44645, 0.08122903
44646, 0.08122920
44647, 0.08122936
44648, 0.08122953
44649, 0.08122970
44650, 0.08122987
44651, 0.08123003
44652, 0.08123020
44653, 0.08123037
44654, 0.08123053
44655, 0.08123070
44656, 0.08123087
44657, 0.08123104
44658, 0.08123120
44659, 0.08123137
44660, 0.08123154
44661, 0.08123171
44662, 0.08123187
44663, 0.08123204
44664, 0.08123221
44665, 0.08123238
44666, 0.08123255
44667, 0.08123271
44668, 0.08123288
44669, 0.08123305
44670, 0.08123322
44671, 0.08123339
44672, 0.08123356
44673, 0.08123373
44674, 0.08123389
44675, 0.08123406
44676, 0.08123423
44677, 0.08123439
44678, 0.08123456
44679, 0.08123473
44680, 0.08123490
44681, 0.08123507
44682, 0.08123524
44683, 0.08123540
44684, 0.08123557
44685, 0.08123574
44686, 0.08123590
44687, 0.08123607
44688, 0.08123624
44689, 0.08123641
44690, 0.08123657
44691, 0.08123674
44692, 0.08123691
44693, 0.08123708
44694, 0.08123724
44695, 0.08123741
44696, 0.08123758
44697, 0.08123775
44698, 0.08123792
44699, 0.08123809
44700, 0.08123826
44701, 0.08123843
44702, 0.08123860
44703, 0.08123877
44704, 0.08123894
44705, 0.08123911
44706, 0.08123928
44707, 0.08123945
44708, 0.08123963
44709, 0.08123980
44710, 0.08123997
44711, 0.08124013
44712, 0.08124030
44713, 0.08124047
44714, 0.08124063
44715, 0.08124080
44716, 0.08124097
44717, 0.08124114
44718, 0.08124131
44719, 0.08124148
44720, 0.08124164
44721, 0.08124181
44722, 0.08124198
44723, 0.08124215
44724, 0.08124232
44725, 0.08124248
44726, 0.08124265
44727, 0.08124282
44728, 0.08124299
44729, 0.08124315
44730, 0.08124332
44731, 0.08124349
44732, 0.08124366
44733, 0.08124382
44734, 0.08124401
44735, 0.08124618
44736, 0.08124637
44737, 0.08124654
44738, 0.08124671
44739, 0.08124688
44740, 0.08124705
44741, 0.08124722
44742, 0.08124739
44743, 0.08124755
44744, 0.08124772
44745, 0.08124792
44746, 0.08124809
44747, 0.08124826
44748, 0.08124842
44749, 0.08124859
44750, 0.08124876
44751, 0.08124893
44752, 0.08124909
44753, 0.08124926
44754, 0.08124943
44755, 0.08124960
44756, 0.08124979
44757, 0.08124995
44758, 0.08125012
44759, 0.08125028
44760, 0.08125045
44761, 0.08125062
44762, 0.08125078
44763, 0.08125095
44764, 0.08125112
44765, 0.08125128
44766, 0.08125145
44767, 0.08125161
44768, 0.08125178
44769, 0.08125194
44770, 0.08125211
44771, 0.08125227
44772, 0.08125244
44773, 0.08125261
44774, 0.08125277
44775, 0.08125294
44776, 0.08125311
44777, 0.08125327
44778, 0.08125344
44779, 0.08125360
44780, 0.08125377
44781, 0.08125394
44782, 0.08125410
44783, 0.08125427
44784, 0.08125444
44785, 0.08125461
44786, 0.08125477
44787, 0.08125494
44788, 0.08125511
44789, 0.08125527
44790, 0.08125544
44791, 0.08125561
44792, 0.08125578
44793, 0.08125594
44794, 0.08125611
44795, 0.08125628
44796, 0.08125644
44797, 0.08125662
44798, 0.08125678
44799, 0.08125695
44800, 0.08125712
44801, 0.08125730
44802, 0.08125747
44803, 0.08125764
44804, 0.08125781
44805, 0.08125798
44806, 0.08125816
44807, 0.08125835
44808, 0.08125854
44809, 0.08125871
44810, 0.08125887
44811, 0.08125904
44812, 0.08125921
44813, 0.08125939
44814, 0.08125957
44815, 0.08125974
44816, 0.08125992
44817, 0.08126009
44818, 0.08126025
44819, 0.08126042
44820, 0.08126059
44821, 0.08126076
44822, 0.08126092
44823, 0.08126109
44824, 0.08126126
44825, 0.08126143
44826, 0.08126160
44827, 0.08126177
44828, 0.08126194
44829, 0.08126210
44830, 0.08126227
44831, 0.08126244
44832, 0.08126264
44833, 0.08126281
44834, 0.08126298
44835, 0.08126314
44836, 0.08126331
44837, 0.08126348
44838, 0.08126365
44839, 0.08126382
44840, 0.08126398
44841, 0.08126415
44842, 0.08126432
44843, 0.08126448
44844, 0.08126465
44845, 0.08126482
44846, 0.08126499
44847, 0.08126515
44848, 0.08126532
44849, 0.08126552
44850, 0.08126569
44851, 0.08126586
44852, 0.08126602
44853, 0.08126619
44854, 0.08126636
44855, 0.08126653
44856, 0.08126669
44857, 0.08126686
44858, 0.08126703
44859, 0.08126720
44860, 0.08126739
44861, 0.08126954
44862, 0.08126973
44863, 0.08126990
44864, 0.08127007
44865, 0.08127023
44866, 0.08127040
44867, 0.08127057
44868, 0.08127073
44869, 0.08127090
44870, 0.08127107
44871, 0.08127123
44872, 0.08127140
44873, 0.08127156
44874, 0.08127173
44875, 0.08127190
44876, 0.08127206
44877, 0.08127223
44878, 0.08127240
44879, 0.08127256
44880, 0.08127273
44881, 0.08127290
44882, 0.08127307
44883, 0.08127323
44884, 0.08127340
44885, 0.08127357
44886, 0.08127374
44887, 0.08127391
44888, 0.08127408
44889, 0.08127425
44890, 0.08127441
44891, 0.08127458
44892, 0.08127475
44893, 0.08127492
44894, 0.08127509
44895, 0.08127526
44896, 0.08127543
44897, 0.08127560
44898, 0.08127576
44899, 0.08127593
44900, 0.08127610
44901, 0.08127627
44902, 0.08127644
44903, 0.08127661
44904, 0.08127678
44905, 0.08127694
44906, 0.08127711
44907, 0.08127728
44908, 0.08127745
44909, 0.08127762
44910, 0.08127779
44911, 0.08127795
44912, 0.08127812
44913, 0.08127829
44914, 0.08127846
44915, 0.08127863
44916, 0.08127880
44917, 0.08127897
44918, 0.08127913
44919, 0.08127931
44920, 0.08127948
44921, 0.08127965
44922, 0.08127982
44923, 0.08127999
44924, 0.08128016
44925, 0.08128034
44926, 0.08128051
44927, 0.15314911
44928, 0.15315653
44929, 0.15315719
44930, 0.15315739
44931, 0.15315757
44932, 0.15315775
44933, 0.15316498
44934, 0.15316517
44935, 0.15316544
44936, 0.15316561
44937, 0.15316578
44938, 0.15316595
44939, 0.15316612
44940, 0.15316629
44941, 0.15316646
44942, 0.15316663
44943, 0.15316688
44944, 0.15316704
44945, 0.15316721
44946, 0.15316738
44947, 0.15316755
44948, 0.15316771
44949, 0.15316788
44950, 0.15316805
44951, 0.15316841
44952, 0.15316858
44953, 0.15316874
44954, 0.15316891
44955, 0.15316908
44956, 0.15316925
44957, 0.15316942
44958, 0.15316959
44959, 0.15316984
44960, 0.15317000
44961, 0.15317017
44962, 0.15317034
44963, 0.15317051
44964, 0.15317067
44965, 0.15317084
44966, 0.15317100
44967, 0.15317124
44968, 0.15317141
44969, 0.15317158
44970, 0.15317174
44971, 0.15317191
44972, 0.15317208
44973, 0.15317225
44974, 0.15317242
44975, 0.15317266
44976, 0.15317282
44977, 0.15317299
44978, 0.15317316
44979, 0.15317332
44980, 0.15317349
44981, 0.15317366
44982, 0.15317383
44983, 0.15317406
44984, 0.15317423
44985, 0.15317439
44986, 0.15317460
44987, 0.15318408
44988, 0.15318430
44989, 0.15318451
44990, 0.15318469
44991, 0.15318498
44992, 0.15318515
44993, 0.15318533
44994, 0.15318550
44995, 0.15318567
44996, 0.15318584
44997, 0.15318601
44998, 0.15318618
44999, 0.15318643
45000, 0.15318660
45001, 0.15318677
45002, 0.15318694
45003, 0.15318712
45004, 0.15318729
45005, 0.15318746
45006, 0.15318763
45007, 0.15318790
45008, 0.15318807
45009, 0.15318824
45010, 0.15318842
45011, 0.15318859
45012, 0.15318876
45013, 0.15318893
45014, 0.15318910
45015, 0.15318934
45016, 0.15318951
45017, 0.15318968
45018, 0.15318985
45019, 0.15319002
45020, 0.15319019
45021, 0.15319036
45022, 0.15319054
45023, 0.15319082
45024, 0.15319099
45025, 0.15319116
45026, 0.15319134
45027, 0.15319151
45028, 0.15319168
45029, 0.15319185
45030, 0.15319202
45031, 0.15319226
45032, 0.15319243
45033, 0.15319261
45034, 0.15319278
45035, 0.15319295
45036, 0.15319314
45037, 0.15319331
45038, 0.15319348
45039, 0.15319373
45040, 0.15319390
45041, 0.15319407
45042, 0.15319424
45043, 0.15319441
45044, 0.15319459
45045, 0.15319475
45046, 0.15319492
45047, 0.15319517
45048, 0.15319534
45049, 0.15319551
45050, 0.15319568
45051, 0.15319585
45052, 0.15319602
45053, 0.15319619
45054, 0.15319636
45055, 0.15319663
45056, 0.15319680
45057, 0.15319697
45058, 0.15319714
45059, 0.15319731
45060, 0.15319748
45061, 0.15319765
45062, 0.15319782
45063, 0.15319807
45064, 0.15319824
45065, 0.15319841
45066, 0.15319858
45067, 0.15319875
45068, 0.15319892
45069, 0.15319909
45070, 0.15319926
45071, 0.15319952
45072, 0.15319969
45073, 0.15319985
45074, 0.15320003
45075, 0.15320020
45076, 0.15320037
45077, 0.15320054
45078, 0.15320071
45079, 0.15320096
45080, 0.15320113
45081, 0.15320130
45082, 0.15320147
45083, 0.15320164
45084, 0.15320181
45085, 0.15320199
45086, 0.15320216
45087, 0.15320256
45088, 0.15320275
45089, 0.15320292
45090, 0.15320309
45091, 0.15320326
45092, 0.15320343
45093, 0.15320360
45094, 0.15320378
45095, 0.15320402
45096, 0.15320419
45097, 0.15320436
45098, 0.15320453
45099, 0.15320470
45100, 0.15320488
45101, 0.15320507
45102, 0.15320524
45103, 0.15320549
45104, 0.15320566
45105, 0.15320583
45106, 0.15320600
45107, 0.15320617
45108, 0.15320634
45109, 0.15320651
45110, 0.15320668
45111, 0.15320692
45112, 0.15320711
45113, 0.15320943
45114, 0.15320965
45115, 0.15320982
45116, 0.15321000
45117, 0.15321018
45118, 0.15321035
45119, 0.15321059
45120, 0.15321076
45121, 0.15321093
45122, 0.15321110
45123, 0.15321127
45124, 0.15321144
45125, 0.15321161
45126, 0.15321178
45127, 0.15321203
45128, 0.15321219
45129, 0.15321237
45130, 0.15321254
45131, 0.15321270
45132, 0.15321287
45133, 0.15321305
45134, 0.15321322
45135, 0.15321339
45136, 0.15321355
45137, 0.15321372
45138, 0.15321389
45139, 0.15321406
45140, 0.15321423
45141, 0.15321440
45142, 0.15321457
45143, 0.15321474
45144, 0.15321491
45145, 0.15321508
45146, 0.15321525
45147, 0.15321543
45148, 0.15321560
45149, 0.15321577
45150, 0.15321594
45151, 0.15321611
45152, 0.15321628
45153, 0.15321645
45154, 0.15321662
45155, 0.15321679
45156, 0.15321696
45157, 0.15321715
45158, 0.15321733
45159, 0.15321750
45160, 0.15321767
45161, 0.15321784
45162, 0.15321801
45163, 0.15321818
45164, 0.15321835
45165, 0.15321852
45166, 0.15321869
45167, 0.15321886
45168, 0.15321903
45169, 0.15321920
45170, 0.15321936
45171, 0.15321954
45172, 0.15321971
45173, 0.15321988
45174, 0.15322004
45175, 0.15322022
45176, 0.15322039
45177, 0.15322056
45178, 0.15322072
45179, 0.15322089
45180, 0.15322107
45181, 0.15322124
45182, 0.15322141
45183, 0.15322158
45184, 0.15322174
45185, 0.15322191
45186, 0.15322208
45187, 0.15322225
45188, 0.15322242
45189, 0.15322259
45190, 0.15322276
45191, 0.15322293
45192, 0.15322309
45193, 0.15322326
45194, 0.15322344
45195, 0.15322360
45196, 0.15322377
45197, 0.15322394
45198, 0.15322411
45199, 0.15322428
45200, 0.15322445
45201, 0.15322462
45202, 0.15322478
45203, 0.15322497
45204, 0.15322514
45205, 0.15322531
45206, 0.15322548
45207, 0.15322565
45208, 0.15322583
45209, 0.15322600
45210, 0.15322617
45211, 0.15322634
45212, 0.15322651
45213, 0.15322668
45214, 0.15322685
45215, 0.15322702
45216, 0.15322720
45217, 0.15322737
45218, 0.15322754
45219, 0.15322771
45220, 0.15322788
45221, 0.15322806
45222, 0.15322823
45223, 0.15322839
45224, 0.15322857
45225, 0.15322874
45226, 0.15322891
45227, 0.15322908
45228, 0.15322925
45229, 0.15322942
45230, 0.15322959
45231, 0.15322976
45232, 0.15322993
45233, 0.15323010
45234, 0.15323027
45235, 0.15323044
45236, 0.15323061
45237, 0.15323078
45238, 0.15323097
45239, 0.15323320
45240, 0.15323339
45241, 0.15323357
45242, 0.15323375
45243, 0.15323391
45244, 0.15323409
45245, 0.15323426
45246, 0.15323443
45247, 0.15323460
45248, 0.15323477
45249, 0.15323494
45250, 0.15323511
45251, 0.15323528
45252, 0.15323545
45253, 0.15323563
45254, 0.15323580
45255, 0.15323597
45256, 0.15323614
45257, 0.15323631
45258, 0.15323648
45259, 0.15323665
45260, 0.15323682
45261, 0.15323700
45262, 0.15323717
45263, 0.15323734
45264, 0.15323751
45265, 0.15323768
45266, 0.15323785
45267, 0.15323802
45268, 0.15323819
45269, 0.15323836
45270, 0.15323853
45271, 0.15323870
45272, 0.15323887
45273, 0.15323904
45274, 0.15323922
45275, 0.15323939
45276, 0.15323956
45277, 0.15323973
45278, 0.15323990
45279, 0.15324007
45280, 0.15324024
45281, 0.15324042
45282, 0.15324059
45283, 0.15324076
45284, 0.15324093
45285, 0.15324110
45286, 0.15324128
45287, 0.15324145
45288, 0.15324162
45289, 0.15324179
45290, 0.15324196
45291, 0.15324213
45292, 0.15324230
45293, 0.15324247
45294, 0.15324264
45295, 0.15324281
45296, 0.15324298
45297, 0.15324316
45298, 0.15324333
45299, 0.15324350
45300, 0.15324367
45301, 0.15324384
45302, 0.15324401
45303, 0.15324418
45304, 0.15324435
45305, 0.15324453
45306, 0.15324470
45307, 0.15324487
45308, 0.15324504
45309, 0.15324521
45310, 0.15324539
45311, 0.15324556
45312, 0.15324572
45313, 0.15324590
45314, 0.15324607
45315, 0.15324624
45316, 0.15324641
45317, 0.15324658
45318, 0.15324675
45319, 0.15324692
45320, 0.15324709
45321, 0.15324726
45322, 0.15324744
45323, 0.15324761
45324, 0.15324778
45325, 0.15324794
45326, 0.15324812
45327, 0.15324829
45328, 0.15324846
45329, 0.15324864
45330, 0.15324881
45331, 0.15324899
45332, 0.15324916
45333, 0.15324934
45334, 0.15324951
45335, 0.15324968
45336, 0.15324986
45337, 0.15325003
45338, 0.15325021
45339, 0.15325038
45340, 0.15325056
45341, 0.15325073
45342, 0.15325091
45343, 0.15325108
45344, 0.15325125
45345, 0.15325143
45346, 0.15325160
45347, 0.15325178
45348, 0.15325195
45349, 0.15325213
45350, 0.15325230
45351, 0.15325248
45352, 0.15325265
45353, 0.15325283
45354, 0.15325300
45355, 0.15325318
45356, 0.15325335
45357, 0.15325353
45358, 0.15325370
45359, 0.15325388
45360, 0.15325405
45361, 0.15325423
45362, 0.15325440
45363, 0.15325458
45364, 0.15325476
45365, 0.15325697
45366, 0.15325716
45367, 0.15325733
45368, 0.15325750
45369, 0.15325767
45370, 0.15325784
45371, 0.15325801
45372, 0.15325818
45373, 0.15325834
45374, 0.15325851
45375, 0.15325868
45376, 0.15325885
45377, 0.15325902
45378, 0.15325919
45379, 0.15325936
45380, 0.15325952
45381, 0.15325969
45382, 0.15325986
45383, 0.15326003
45384, 0.15326020
45385, 0.15326037
45386, 0.15326054
45387, 0.15326070
45388, 0.15326087
45389, 0.15326104
45390, 0.15326121
45391, 0.15326138
45392, 0.15326155
45393, 0.15326172
45394, 0.15326189
45395, 0.15326206
45396, 0.15326222
45397, 0.15326239
45398, 0.15326256
45399, 0.15326273
45400, 0.15326290
45401, 0.15326307
45402, 0.15326323
45403, 0.15326340
45404, 0.15326357
45405, 0.15326374
45406, 0.15326391
45407, 0.15326408
45408, 0.15326424
45409, 0.15326441
45410, 0.15326458
45411, 0.15326475
45412, 0.15326492
45413, 0.15326509
45414, 0.15326525
45415, 0.15326542
45416, 0.15326559
45417, 0.15326576
45418, 0.15326593
45419, 0.15326610
45420, 0.15326627
45421, 0.15326644
45422, 0.15326661
45423, 0.15326677
45424, 0.15326694
45425, 0.15326711
45426, 0.15326728
45427, 0.15326745
45428, 0.15326762
45429, 0.15326779
45430, 0.15326796
45431, 0.15326813
45432, 0.15326829
45433, 0.15326847
45434, 0.15326864
45435, 0.15326881
45436, 0.15326898
45437, 0.15326915
45438, 0.15326932
45439, 0.15326950
45440, 0.15326967
45441, 0.15326984
45442, 0.15327001
45443, 0.15327018
45444, 0.15327035
45445, 0.15327052
45446, 0.15327070
45447, 0.15327087
45448, 0.15327104
45449, 0.15327121
45450, 0.15327138
45451, 0.15327155
45452, 0.15327172
45453, 0.15327189
45454, 0.15327205
45455, 0.15327222
45456, 0.15327239
45457, 0.15327255
45458, 0.15327272
45459, 0.15327290
45460, 0.15327307
45461, 0.15327323
45462, 0.15327340
45463, 0.15327357
45464, 0.15327374
45465, 0.15327391
45466, 0.15327408
45467, 0.15327424
45468, 0.15327441
45469, 0.15327458
45470, 0.15327475
45471, 0.15327492
45472, 0.15327509
45473, 0.15327526
45474, 0.15327543
45475, 0.15327560
45476, 0.15327577
45477, 0.15327593
45478, 0.15327610
45479, 0.15327627
45480, 0.15327644
45481, 0.15327660
45482, 0.15327677
45483, 0.15327694
45484, 0.15327711
45485, 0.15327728
45486, 0.15327745
45487, 0.15327761
45488, 0.15327778
45489, 0.15327795
45490, 0.15327813
45491, 0.15328039
45492, 0.15328058
45493, 0.15331336
45494, 0.15331354
45495, 0.15331372
45496, 0.15331390
45497, 0.15331408
45498, 0.15331425
45499, 0.15331442
45500, 0.15331458
45501, 0.15331475
45502, 0.15331491
45503, 0.15331508
45504, 0.15331525
45505, 0.15331542
45506, 0.15331558
45507, 0.15331575
45508, 0.15331592
45509, 0.15331609
45510, 0.15331625
45511, 0.15331642
45512, 0.15331659
45513, 0.15331675
45514, 0.15331692
45515, 0.15331709
45516, 0.15331726
45517, 0.15331742
45518, 0.15331759
45519, 0.15331776
45520, 0.15331793
45521, 0.15331809
45522, 0.15331826
45523, 0.15331843
45524, 0.15331859
45525, 0.15331876
45526, 0.15331893
45527, 0.15331910
45528, 0.15331926
45529, 0.15331943
45530, 0.15331960
45531, 0.15331977
45532, 0.15331993
45533, 0.15332010
45534, 0.15332027
45535, 0.15332044
45536, 0.15332060
45537, 0.15332077
45538, 0.15332094
45539, 0.15332110
45540, 0.15332127
45541, 0.15332144
45542, 0.15332160
45543, 0.15332177
45544, 0.15332194
45545, 0.15332210
45546, 0.15332227
45547, 0.15332244
45548, 0.15332261
45549, 0.15332277
45550, 0.15332294
45551, 0.15332311
45552, 0.15332327
45553, 0.15332344
45554, 0.15332361
45555, 0.15332378
45556, 0.15332394
45557, 0.15332411
45558, 0.15332428
45559, 0.15332444
45560, 0.15332461
45561, 0.15332478
45562, 0.15332494
45563, 0.15332511
45564, 0.15332528
45565, 0.15332544
45566, 0.15332561
45567, 0.15332578
45568, 0.15332595
45569, 0.15332612
45570, 0.15332628
45571, 0.15332645
45572, 0.15332662
45573, 0.15332678
45574, 0.15332695
45575, 0.15332720
45576, 0.15332737
45577, 0.15332753
45578, 0.15332770
45579, 0.15332787
45580, 0.15332804
45581, 0.15332820
45582, 0.15332837
45583, 0.15332862
45584, 0.15332879
45585, 0.15332895
45586, 0.15332912
45587, 0.15332929
45588, 0.15332946
45589, 0.15332962
45590, 0.15332979
45591, 0.15333003
45592, 0.15333020
45593, 0.15333037
45594, 0.15333054
45595, 0.15333070
45596, 0.15333087
45597, 0.15333104
45598, 0.15333121
45599, 0.15333146
45600, 0.15333163
45601, 0.15333180
45602, 0.15333196
45603, 0.15333213
45604, 0.15333230
45605, 0.15333247
45606, 0.15333263
45607, 0.15333288
45608, 0.15333305
45609, 0.15333322
45610, 0.15333338
45611, 0.15333355
45612, 0.15333372
45613, 0.15333389
45614, 0.15333405
45615, 0.15333429
45616, 0.15333447
45617, 0.15333815
45618, 0.15333835
45619, 0.15333852
45620, 0.15333869
45621, 0.15333885
45622, 0.15333902
45623, 0.15333927
45624, 0.15333943
45625, 0.15333960
45626, 0.15333977
45627, 0.15333993
45628, 0.15334010
45629, 0.15334027
45630, 0.15334043
45631, 0.15334067
45632, 0.15334084
45633, 0.15334101
45634, 0.15334117
45635, 0.15334134
45636, 0.15334151
45637, 0.15334168
45638, 0.15334184
45639, 0.15334209
45640, 0.15334226
45641, 0.15334242
45642, 0.15334259
45643, 0.15334275
45644, 0.15334292
45645, 0.15334309
45646, 0.15334325
45647, 0.15334349
45648, 0.15334365
45649, 0.15334382
45650, 0.15334398
45651, 0.15334415
45652, 0.15334432
45653, 0.15334448
45654, 0.15334465
45655, 0.15334482
45656, 0.15334498
45657, 0.15334515
45658, 0.15334532
45659, 0.15334548
45660, 0.15334565
45661, 0.15334581
45662, 0.15334598
45663, 0.15334615
45664, 0.15334631
45665, 0.15334648
45666, 0.15334665
45667, 0.15334681
45668, 0.15334698
45669, 0.15334714
45670, 0.15334731
45671, 0.15334748
45672, 0.15334764
45673, 0.15334781
45674, 0.15334797
45675, 0.15334814
45676, 0.15334831
45677, 0.15334847
45678, 0.15334864
45679, 0.15334880
45680, 0.15334897
45681, 0.15334914
45682, 0.15334930
45683, 0.15334947
45684, 0.15334963
45685, 0.15334980
45686, 0.15334997
45687, 0.15335013
45688, 0.15335030
45689, 0.15335047
45690, 0.15335063
45691, 0.15335080
45692, 0.15335097
45693, 0.15335113
45694, 0.15335130
45695, 0.15335147
45696, 0.15335163
45697, 0.15335180
45698, 0.15335197
45699, 0.15335213
45700, 0.15335230
45701, 0.15335247
45702, 0.15335264
45703, 0.15335280
45704, 0.15335297
45705, 0.15335314
45706, 0.15335331
45707, 0.15335347
45708, 0.15335364
45709, 0.15335381
45710, 0.15335397
45711, 0.15335414
45712, 0.15335431
45713, 0.15335447
45714, 0.15335464
45715, 0.15335481
45716, 0.15335497
45717, 0.15335514
45718, 0.15335531
45719, 0.15335548
45720, 0.15335564
45721, 0.15335581
45722, 0.15335598
45723, 0.15335614
45724, 0.15335631
45725, 0.15335648
45726, 0.15335665
45727, 0.15335681
45728, 0.15335698
45729, 0.15335715
45730, 0.15335731
45731, 0.15335748
45732, 0.15335765
45733, 0.15335781
45734, 0.15335798
45735, 0.15335815
45736, 0.15335832
45737, 0.15335848
45738, 0.15335865
45739, 0.15335882
45740, 0.15335898
45741, 0.15335915
45742, 0.15335933
45743, 0.15336158
45744, 0.15336176
45745, 0.15336193
45746, 0.15336210
45747, 0.15336226
45748, 0.15336243
45749, 0.15336260
45750, 0.15336277
45751, 0.15336294
45752, 0.15336310
45753, 0.15336327
45754, 0.15336344
45755, 0.15336361
45756, 0.15336378
45757, 0.15336395
45758, 0.15336411
45759, 0.15336428
45760, 0.15336445
45761, 0.15336462
45762, 0.15336479
45763, 0.15336495
45764, 0.15336512
45765, 0.15336529
45766, 0.15336546
45767, 0.15336563
45768, 0.15336579
45769, 0.15336596
45770, 0.15336613
45771, 0.15336630
45772, 0.15336647
45773, 0.15336663
45774, 0.15336680
45775, 0.15336697
45776, 0.15336714
45777, 0.15336730
45778, 0.15336747
45779, 0.15336764
45780, 0.15336781
45781, 0.15336797
45782, 0.15336814
45783, 0.15336831
45784, 0.15336848
45785, 0.15336864
45786, 0.15336881
45787, 0.15336897
45788, 0.15336914
45789, 0.15336931
45790, 0.15336948
45791, 0.15336964
45792, 0.15336981
45793, 0.15336997
45794, 0.15337014
45795, 0.15337031
45796, 0.15337048
45797, 0.15337064
45798, 0.15337081
45799, 0.15337098
45800, 0.15337115
45801, 0.15337132
45802, 0.15337149
45803, 0.15337165
45804, 0.15337182
45805, 0.15337199
45806, 0.15337216
45807, 0.15337233
45808, 0.15337250
45809, 0.15337267
45810, 0.15337284
45811, 0.15337301
45812, 0.15337318
45813, 0.15337335
45814, 0.15337351
45815, 0.15337368
45816, 0.15337385
45817, 0.15337402
45818, 0.15337419
45819, 0.15337435
45820, 0.15337452
45821, 0.15337469
45822, 0.15337486
45823, 0.15337502
45824, 0.15337519
45825, 0.15337536
45826, 0.15337553
45827, 0.15337570
45828, 0.15337587
45829, 0.15337604
45830, 0.15337621
45831, 0.15337637
45832, 0.15337654
45833, 0.15337671
45834, 0.15337688
45835, 0.15337705
45836, 0.15337722
45837, 0.15337739
45838, 0.15337756
45839, 0.15337773
45840, 0.15337790
45841, 0.15337807
45842, 0.15337823
45843, 0.15337840
45844, 0.15337857
45845, 0.15337874
45846, 0.15337891
45847, 0.15337908
45848, 0.15337924
45849, 0.15337942
45850, 0.15337958
45851, 0.15337975
45852, 0.15337992
45853, 0.15338009
45854, 0.15338026
45855, 0.15338042
45856, 0.15338059
45857, 0.15338076
45858, 0.15338093
45859, 0.15338110
45860, 0.15338127
45861, 0.15338143
45862, 0.15338160
45863, 0.15338177
45864, 0.15338194
45865, 0.15338211
45866, 0.15338227
45867, 0.15338244
45868, 0.15338262
45869, 0.15338477
45870, 0.15338495
45871, 0.15338512
45872, 0.15338529
45873, 0.15338546
45874, 0.15338565
45875, 0.15338582
45876, 0.15338599
45877, 0.15338617
45878, 0.15338633
45879, 0.15338650
45880, 0.15338667
45881, 0.15338684
45882, 0.15338700
45883, 0.15338717
45884, 0.15338734
45885, 0.15338751
45886, 0.15338767
45887, 0.15338784
45888, 0.15338801
45889, 0.15338817
45890, 0.15338834
45891, 0.15338851
45892, 0.15338868
45893, 0.15338884
45894, 0.15338901
45895, 0.15338918
45896, 0.15338935
45897, 0.15338951
45898, 0.15338968
45899, 0.15338985
45900, 0.15339001
45901, 0.15339019
45902, 0.15339035
45903, 0.15339052
45904, 0.15339069
45905, 0.15339086
45906, 0.15339103
45907, 0.15339119
45908, 0.15339136
45909, 0.15339153
45910, 0.15339169
45911, 0.15339186
45912, 0.15339203
45913, 0.15339219
45914, 0.15339236
45915, 0.15339253
45916, 0.15339269
45917, 0.15339286
45918, 0.15339303
45919, 0.15339319
45920, 0.15339336
45921, 0.15339352
45922, 0.15339369
45923, 0.15339386
45924, 0.15339402
45925, 0.15339419
45926, 0.15339436
45927, 0.15339452
45928, 0.15339469
45929, 0.15339486
45930, 0.15339502
45931, 0.15339519
45932, 0.15339536
45933, 0.15339552
45934, 0.15339569
45935, 0.15339586
45936, 0.15339603
45937, 0.15339619
45938, 0.15339636
45939, 0.15339653
45940, 0.15339669
45941, 0.15339686
45942, 0.15339703
45943, 0.15339720
45944, 0.15339736
45945, 0.15339753
45946, 0.15339770
45947, 0.15339787
45948, 0.15339803
45949, 0.15339820
45950, 0.15339837
45951, 0.15339853
45952, 0.15339870
45953, 0.15339887
45954, 0.15339903
45955, 0.15339920
45956, 0.15339937
45957, 0.15339955
45958, 0.15339972
45959, 0.15339990
45960, 0.15340007
45961, 0.15340025
45962, 0.15340043
45963, 0.15340060
45964, 0.15340078
45965, 0.15340095
45966, 0.15340113
45967, 0.15340131
45968, 0.15340148
45969, 0.15340166
45970, 0.15340184
45971, 0.15340201
45972, 0.15340219
45973, 0.15340236
45974, 0.15340254
45975, 0.15340272
45976, 0.15340289
45977, 0.15340307
45978, 0.15340324
45979, 0.15340342
45980, 0.15340360
45981, 0.15340377
45982, 0.15340395
45983, 0.15340412
45984, 0.15340430
45985, 0.15340448
45986, 0.15340465
45987, 0.15340483
45988, 0.15340500
45989, 0.15340518
45990, 0.15340536
45991, 0.15340553
45992, 0.15340571
45993, 0.15340588
45994, 0.15340607
45995, 0.15340828
45996, 0.15340846
45997, 0.15340863
45998, 0.15340880
45999, 0.15340898
46000, 0.15340915
46001, 0.15340932
46002, 0.15340950
46003, 0.15340967
46004, 0.15340983
46005, 0.15341000
46006, 0.15341017
46007, 0.15341034
46008, 0.15341051
46009, 0.15341068
46010, 0.15341085
46011, 0.15341101
46012, 0.15341118
46013, 0.15341135
46014, 0.15341152
46015, 0.15341168
46016, 0.15341185
46017, 0.15341202
46018, 0.15341219
46019, 0.15341236
46020, 0.15341252
46021, 0.15341269
46022, 0.15341286
46023, 0.15341302
46024, 0.15341319
46025, 0.15341336
46026, 0.15341353
46027, 0.15341370
46028, 0.15341386
46029, 0.15341403
46030, 0.15341420
46031, 0.15341437
46032, 0.15341453
46033, 0.15341470
46034, 0.15341487
46035, 0.15341504
46036, 0.15341521
46037, 0.15341538
46038, 0.15341554
46039, 0.15341571
46040, 0.15341587
46041, 0.15341604
46042, 0.15341621
46043, 0.15341638
46044, 0.15341654
46045, 0.15341671
46046, 0.15341688
46047, 0.15341705
46048, 0.15341722
46049, 0.15341738
46050, 0.15341755
46051, 0.15341772
46052, 0.15341788
46053, 0.15341805
46054, 0.15341822
46055, 0.15341838
46056, 0.15341855
46057, 0.15341872
46058, 0.15341888
46059, 0.15341905
46060, 0.15341922
46061, 0.15341939
46062, 0.15341956
46063, 0.15341972
46064, 0.15341989
46065, 0.15342006
46066, 0.15342023
46067, 0.15342039
46068, 0.15342056
46069, 0.15342073
46070, 0.15342090
46071, 0.15342106
46072, 0.15342123
46073, 0.15342140
46074, 0.15342157
46075, 0.15342174
46076, 0.15342191
46077, 0.15342207
46078, 0.15342224
46079, 0.15342241
46080, 0.15342258
46081, 0.15342275
46082, 0.15342291
46083, 0.15342308
46084, 0.15342325
46085, 0.15342341
46086, 0.15342358
46087, 0.15342383
46088, 0.15342400
46089, 0.15342417
46090, 0.15342434
46091, 0.15342451
46092, 0.15342468
46093, 0.15342485
46094, 0.15342501
46095, 0.15342525
46096, 0.15342542
46097, 0.15342559
46098, 0.15342576
46099, 0.15342593
46100, 0.15342610
46101, 0.15342626
46102, 0.15342643
46103, 0.15342667
46104, 0.15342684
46105, 0.15342701
46106, 0.15342718
46107, 0.15342734
46108, 0.15342751
46109, 0.15342768
46110, 0.15342785
46111, 0.15342809
46112, 0.15342826
46113, 0.15342842
46114, 0.15342859
46115, 0.15342876
46116, 0.15342893
46117, 0.15342910
46118, 0.15342927
46119, 0.15342951
46120, 0.15342969
46121, 0.15343191
46122, 0.15343209
46123, 0.15343227
46124, 0.15343244
46125, 0.15343261
46126, 0.15343278
46127, 0.15343302
46128, 0.15343319
46129, 0.15343335
46130, 0.15343352
46131, 0.15343369
46132, 0.15343385
46133, 0.15343402
46134, 0.15343419
46135, 0.15343443
46136, 0.15343459
46137, 0.15343476
46138, 0.15343493
46139, 0.15343509
46140, 0.15343526
46141, 0.15343542
46142, 0.15343559
46143, 0.15343584
46144, 0.15343601
46145, 0.15343617
46146, 0.15343634
46147, 0.15343650
46148, 0.15343667
46149, 0.15343684
46150, 0.15343700
46151, 0.15343717
46152, 0.15343734
46153, 0.15343750
46154, 0.15343767
46155, 0.15343783
46156, 0.15343800
46157, 0.15343817
46158, 0.15343833
46159, 0.15343850
46160, 0.15343867
46161, 0.15343883
46162, 0.15343900
46163, 0.15343916
46164, 0.15343933
46165, 0.15343950
46166, 0.15343966
46167, 0.15343983
46168, 0.15344000
46169, 0.15344017
46170, 0.15344033
46171, 0.15344050
46172, 0.15344067
46173, 0.15344083
46174, 0.15344100
46175, 0.15344117
46176, 0.15344133
46177, 0.15344150
46178, 0.15344167
46179, 0.15344183
46180, 0.15344200
46181, 0.15344217
46182, 0.15344233
46183, 0.15344250
46184, 0.15344267
46185, 0.15344283
46186, 0.15344300
46187, 0.15344317
46188, 0.15344333
46189, 0.15344350
46190, 0.15344367
46191, 0.15344384
46192, 0.15344400
46193, 0.15344417
46194, 0.15344439
46195, 0.15344458
46196, 0.15344474
46197, 0.15344491
46198, 0.15344507
46199, 0.15344524
46200, 0.15344541
46201, 0.15344557
46202, 0.15344574
46203, 0.15344591
46204, 0.15344607
46205, 0.15344624
46206, 0.15344641
46207, 0.15344657
46208, 0.15344674
46209, 0.15344691
46210, 0.15344708
46211, 0.15344724
46212, 0.15344741
46213, 0.15344758
46214, 0.15344775
46215, 0.15344791
46216, 0.15344808
46217, 0.15344825
46218, 0.15344842
46219, 0.15344858
46220, 0.15344875
46221, 0.15344892
46222, 0.15344908
46223, 0.15344925
46224, 0.15344942
46225, 0.15344958
46226, 0.15344975
46227, 0.15344992
46228, 0.15345009
46229, 0.15345026
46230, 0.15345042
46231, 0.15345059
46232, 0.15345076
46233, 0.15345093
46234, 0.15345109
46235, 0.15345126
46236, 0.15345143
46237, 0.15345159
46238, 0.15345176
46239, 0.15345193
46240, 0.15345210
46241, 0.15345226
46242, 0.15345243
46243, 0.15345260
46244, 0.15345276
46245, 0.15345293
46246, 0.15345311
46247, 0.15345550
46248, 0.15345568
46249, 0.15345586
46250, 0.15345603
46251, 0.15345620
46252, 0.15345637
46253, 0.15345653
46254, 0.15345670
46255, 0.15345687
46256, 0.15345704
46257, 0.15345720
46258, 0.15345737
46259, 0.15345754
46260, 0.15345771
46261, 0.15345788
46262, 0.15345805
46263, 0.15345822
46264, 0.15345838
46265, 0.15345855
46266, 0.15345872
46267, 0.15345889
46268, 0.15345905
46269, 0.15345922
46270, 0.15345939
46271, 0.15345955
46272, 0.15345973
46273, 0.15345990
46274, 0.15346006
46275, 0.15346024
46276, 0.15346041
46277, 0.15346058
46278, 0.15346074
46279, 0.15346091
46280, 0.15346108
46281, 0.15346138
46282, 0.15346169
46283, 0.15346197
46284, 0.15346230
46285, 0.15346257
46286, 0.15346283
46287, 0.15346306
46288, 0.15346327
46289, 0.15346356
46290, 0.15346386
46291, 0.15346412
46292, 0.15346438
46293, 0.15346463
46294, 0.15346487
46295, 0.15346511
46296, 0.15346534
46297, 0.15346558
46298, 0.15346582
46299, 0.15346605
46300, 0.15346629
46301, 0.15346654
46302, 0.15346686
46303, 0.15346714
46304, 0.15346745
46305, 0.15346773
46306, 0.15346801
46307, 0.15346835
46308, 0.15346869
46309, 0.15346916
46310, 0.15346942
46311, 0.15346978
46312, 0.15346997
46313, 0.15347014
46314, 0.15347031
46315, 0.15347048
46316, 0.15347064
46317, 0.15347081
46318, 0.15347098
46319, 0.15347115
46320, 0.15347131
46321, 0.15347148
46322, 0.15347165
46323, 0.15347181
46324, 0.15347198
46325, 0.15347215
46326, 0.15347231
46327, 0.15347248
46328, 0.15347265
46329, 0.15347282
46330, 0.15347306
46331, 0.15347327
46332, 0.15347352
46333, 0.15347380
46334, 0.15347402
46335, 0.15347427
46336, 0.15347450
46337, 0.15347472
46338, 0.15347501
46339, 0.15347532
46340, 0.15347566
46341, 0.15347590
46342, 0.15347620
46343, 0.15347648
46344, 0.15347682
46345, 0.15347737
46346, 0.15347763
46347, 0.15347784
46348, 0.15347820
46349, 0.15347837
46350, 0.15347854
46351, 0.15347872
46352, 0.15347889
46353, 0.15347906
46354, 0.15347923
46355, 0.15347941
46356, 0.15347957
46357, 0.15347974
46358, 0.15347991
46359, 0.15348008
46360, 0.15348025
46361, 0.15348043
46362, 0.15348060
46363, 0.15348077
46364, 0.15348094
46365, 0.15348111
46366, 0.15348129
46367, 0.15348146
46368, 0.15348163
46369, 0.15348180
46370, 0.15348197
46371, 0.15348214
46372, 0.15348233
46373, 0.15348467
46374, 0.15348485
46375, 0.15348502
46376, 0.15348519
46377, 0.15348536
46378, 0.15348552
46379, 0.15348570
46380, 0.15348587
46381, 0.15348603
46382, 0.15348620
46383, 0.15348637
46384, 0.15348654
46385, 0.15348670
46386, 0.15348687
46387, 0.15348704
46388, 0.15348720
46389, 0.15348737
46390, 0.15348754
46391, 0.15348770
46392, 0.15348787
46393, 0.15348803
46394, 0.15348820
46395, 0.15348837
46396, 0.15348853
46397, 0.15348870
46398, 0.15348887
46399, 0.15348903
46400, 0.15348920
46401, 0.15348937
46402, 0.15348953
46403, 0.15348970
46404, 0.15348987
46405, 0.15349003
46406, 0.15349020
46407, 0.15349037
46408, 0.15349053
46409, 0.15349070
46410, 0.15349087
46411, 0.15349103
46412, 0.15349120
46413, 0.15349137
46414, 0.15349154
46415, 0.15349170
46416, 0.15349187
46417, 0.15349204
46418, 0.15349220
46419, 0.15349237
46420, 0.15349254
46421, 0.15349270
46422, 0.15349287
46423, 0.15349304
46424, 0.15349321
46425, 0.15349337
46426, 0.15349354
46427, 0.15349371
46428, 0.15349388
46429, 0.15349404
46430, 0.15349421
46431, 0.15349438
46432, 0.15349455
46433, 0.15349471
46434, 0.15349488
46435, 0.15349505
46436, 0.15349522
46437, 0.15349538
46438, 0.15349555
46439, 0.15349572
46440, 0.15349588
46441, 0.15349605
46442, 0.15349622
46443, 0.15349639
46444, 0.15349655
46445, 0.15349672
46446, 0.15349689
46447, 0.15349706
46448, 0.15349723
46449, 0.15349739
46450, 0.15349756
46451, 0.15349773
46452, 0.15349789
46453, 0.15349806
46454, 0.15349823
46455, 0.15349847
46456, 0.15349864
46457, 0.15349881
46458, 0.15349898
46459, 0.15349915
46460, 0.15349932
46461, 0.15349949
46462, 0.15349966
46463, 0.15349993
46464, 0.15350010
46465, 0.15350027
46466, 0.15350044
46467, 0.15350061
46468, 0.15350078
46469, 0.15350095
46470, 0.15350111
46471, 0.15350141
46472, 0.15350157
46473, 0.15350174
46474, 0.15350191
46475, 0.15350208
46476, 0.15350224
46477, 0.15350241
46478, 0.15350258
46479, 0.15350282
46480, 0.15350299
46481, 0.15350316
46482, 0.15350332
46483, 0.15350349
46484, 0.15350366
46485, 0.15350382
46486, 0.15350399
46487, 0.15350423
46488, 0.15350440
46489, 0.15350457
46490, 0.15350473
46491, 0.15350490
46492, 0.15350507
46493, 0.15350523
46494, 0.15350540
46495, 0.15350566
46496, 0.15350582
46497, 0.15350599
46498, 0.15350617
46499, 0.15350832
46500, 0.15350850
46501, 0.15350867
46502, 0.15350884
46503, 0.15350941
46504, 0.15350958
46505, 0.15350975
46506, 0.15350991
46507, 0.15351008
46508, 0.15351025
46509, 0.15351042
46510, 0.15351059
46511, 0.15351083
46512, 0.15351100
46513, 0.15351117
46514, 0.15351133
46515, 0.15351150
46516, 0.15351167
46517, 0.15351184
46518, 0.15351200
46519, 0.15351224
46520, 0.15351241
46521, 0.15351257
46522, 0.15351274
46523, 0.15351291
46524, 0.15351308
46525, 0.15351325
46526, 0.15351342
46527, 0.15351365
46528, 0.15351382
46529, 0.15351399
46530, 0.15351416
46531, 0.15351433
46532, 0.15351450
46533, 0.15351466
46534, 0.15351483
46535, 0.15351500
46536, 0.15351516
46537, 0.15351533
46538, 0.15351550
46539, 0.15351567
46540, 0.15351584
46541, 0.15351600
46542, 0.15351617
46543, 0.15351634
46544, 0.15351651
46545, 0.15351668
46546, 0.15351685
46547, 0.15351702
46548, 0.15351718
46549, 0.15351735
46550, 0.15351752
46551, 0.15351768
46552, 0.15351785
46553, 0.15351802
46554, 0.15351818
46555, 0.15351835
46556, 0.15351851
46557, 0.15351868
46558, 0.15351887
46559, 0.15351904
46560, 0.15351921
46561, 0.15351937
46562, 0.15351954
46563, 0.15351971
46564, 0.15351988
46565, 0.15352004
46566, 0.15352021
46567, 0.15352038
46568, 0.15352055
46569, 0.15352071
46570, 0.15352088
46571, 0.15352105
46572, 0.15352122
46573, 0.15352138
46574, 0.15352155
46575, 0.15352172
46576, 0.15352189
46577, 0.15352205
46578, 0.15352222
46579, 0.15352239
46580, 0.15352256
46581, 0.15352273
46582, 0.15352289
46583, 0.15352306
46584, 0.15352323
46585, 0.15352340
46586, 0.15352356
46587, 0.15352373
46588, 0.15352390
46589, 0.15352407
46590, 0.15352435
46591, 0.15352457
46592, 0.15352484
46593, 0.15352513
46594, 0.15352542
46595, 0.15352567
46596, 0.15352591
46597, 0.15352625
46598, 0.15352650
46599, 0.15352682
46600, 0.15352707
46601, 0.15352731
46602, 0.15352756
46603, 0.15352781
46604, 0.15352806
46605, 0.15352829
46606, 0.15352851
46607, 0.15352883
46608, 0.15352911
46609, 0.15352942
46610, 0.15352966
46611, 0.15352996
46612, 0.15353031
46613, 0.15353087
46614, 0.15353114
46615, 0.15353157
46616, 0.15353177
46617, 0.15353195
46618, 0.15353212
46619, 0.15353229
46620, 0.15353245
46621, 0.15353262
46622, 0.15353279
46623, 0.15353303
46624, 0.15353322
46625, 0.15353563
46626, 0.15353586
46627, 0.15353615
46628, 0.15353642
46629, 0.15353663
46630, 0.15353692
46631, 0.15353733
46632, 0.15353766
46633, 0.15353800
46634, 0.15353854
46635, 0.15353882
46636, 0.15353902
46637, 0.15353938
46638, 0.15353956
46639, 0.15353981
46640, 0.15353999
46641, 0.15354017
46642, 0.15354035
46643, 0.15354053
46644, 0.15354071
46645, 0.15354088
46646, 0.15354104
46647, 0.15354129
46648, 0.15354145
46649, 0.15354162
46650, 0.15354179
46651, 0.15354196
46652, 0.15354212
46653, 0.15354229
46654, 0.15354246
46655, 0.15354270
46656, 0.15354287
46657, 0.15354304
46658, 0.15354320
46659, 0.15354337
46660, 0.15354354
46661, 0.15354371
46662, 0.15354387
46663, 0.15354411
46664, 0.15354428
46665, 0.15354446
46666, 0.15354463
46667, 0.15354480
46668, 0.15354497
46669, 0.15354514
46670, 0.15354531
46671, 0.15354555
46672, 0.15354572
46673, 0.15354589
46674, 0.15354605
46675, 0.15354622
46676, 0.15354639
46677, 0.15354656
46678, 0.15354672
46679, 0.15354697
46680, 0.15354713
46681, 0.15354730
46682, 0.15354747
46683, 0.15354763
46684, 0.15354780
46685, 0.15354797
46686, 0.15354814
46687, 0.15354849
46688, 0.15354866
46689, 0.15354883
46690, 0.15354900
46691, 0.15354916
46692, 0.15354933
46693, 0.15354950
46694, 0.15354966
46695, 0.15354994
46696, 0.15355011
46697, 0.15355028
46698, 0.15355046
46699, 0.15355063
46700, 0.15355080
46701, 0.15355097
46702, 0.15355113
46703, 0.15355138
46704, 0.15355155
46705, 0.15355171
46706, 0.15355188
46707, 0.15355205
46708, 0.15355222
46709, 0.15355239
46710, 0.15355255
46711, 0.15355272
46712, 0.15355291
46713, 0.15355308
46714, 0.15355325
46715, 0.15355341
46716, 0.15355358
46717, 0.15355375
46718, 0.15355392
46719, 0.15355409
46720, 0.15355425
46721, 0.15355442
46722, 0.15355459
46723, 0.15355476
46724, 0.15355493
46725, 0.15355509
46726, 0.15355526
46727, 0.15355545
46728, 0.15355561
46729, 0.15355578
46730, 0.15355595
46731, 0.15355612
46732, 0.15355629
46733, 0.15355646
46734, 0.15355663
46735, 0.15355679
46736, 0.15355696
46737, 0.15355713
46738, 0.15355730
46739, 0.15355747
46740, 0.15355763
46741, 0.15355782
46742, 0.15355799
46743, 0.15355816
46744, 0.15355833
46745, 0.15355850
46746, 0.15355867
46747, 0.15355883
46748, 0.15355900
46749, 0.15355917
46750, 0.15355935
46751, 0.15356192
46752, 0.15356210
46753, 0.15356227
46754, 0.15356244
46755, 0.15356261
46756, 0.15356278
46757, 0.15356295
46758, 0.15356312
46759, 0.15356328
46760, 0.15356345
46761, 0.15356362
46762, 0.15356379
46763, 0.15356396
46764, 0.15356413
46765, 0.15356429
46766, 0.15356446
46767, 0.15356463
46768, 0.15356481
46769, 0.15356498
46770, 0.15356515
46771, 0.15356532
46772, 0.15356549
46773, 0.15356566
46774, 0.15356583
46775, 0.15356599
46776, 0.15356618
46777, 0.15356635
46778, 0.15356652
46779, 0.15356669
46780, 0.15356686
46781, 0.15356703
46782, 0.15356720
46783, 0.15356737
46784, 0.15356754
46785, 0.15356771
46786, 0.15356788
46787, 0.15356805
46788, 0.15356822
46789, 0.15356839
46790, 0.15356856
46791, 0.15356875
46792, 0.15356891
46793, 0.15356908
46794, 0.15356925
46795, 0.15356942
46796, 0.15356959
46797, 0.15356976
46798, 0.15356993
46799, 0.15357011
46800, 0.15357027
46801, 0.15357044
46802, 0.15357061
46803, 0.15357078
46804, 0.15357095
46805, 0.15357112
46806, 0.15357131
46807, 0.15357148
46808, 0.15357165
46809, 0.15357181
46810, 0.15357198
46811, 0.15357215
46812, 0.15357232
46813, 0.15357249
46814, 0.15357266
46815, 0.15357282
46816, 0.15357299
46817, 0.15357316
46818, 0.15357333
46819, 0.15357349
46820, 0.15357366
46821, 0.15357383
46822, 0.15357400
46823, 0.15357417
46824, 0.15357433
46825, 0.15357450
46826, 0.15357467
46827, 0.15357485
46828, 0.15357502
46829, 0.15357519
46830, 0.15357535
46831, 0.15357552
46832, 0.15357569
46833, 0.15357600
46834, 0.15357625
46835, 0.15357654
46836, 0.15357683
46837, 0.15357712
46838, 0.15357744
46839, 0.15357776
46840, 0.15357806
46841, 0.15357838
46842, 0.15357866
46843, 0.15357897
46844, 0.15357928
46845, 0.15357957
46846, 0.15357981
46847, 0.15358011
46848, 0.15358047
46849, 0.15358101
46850, 0.15358127
46851, 0.15358151
46852, 0.15358188
46853, 0.15358205
46854, 0.15358223
46855, 0.15358240
46856, 0.15358259
46857, 0.15358277
46858, 0.15358294
46859, 0.15358311
46860, 0.15358329
46861, 0.15358345
46862, 0.15358363
46863, 0.15358380
46864, 0.15358397
46865, 0.15358414
46866, 0.15358431
46867, 0.15358448
46868, 0.15358465
46869, 0.15358482
46870, 0.15358509
46871, 0.15358532
46872, 0.15358562
46873, 0.15358584
46874, 0.15358606
46875, 0.15358630
46876, 0.15358658
46877, 0.15358959
46878, 0.15358980
46879, 0.15358998
46880, 0.15359016
46881, 0.15359034
46882, 0.15359052
46883, 0.15359069
46884, 0.15359086
46885, 0.15359103
46886, 0.15359120
46887, 0.15359137
46888, 0.15359154
46889, 0.15359171
46890, 0.15359189
46891, 0.15359206
46892, 0.15359224
46893, 0.15359242
46894, 0.15359260
46895, 0.15359278
46896, 0.15359295
46897, 0.15359313
46898, 0.15359331
46899, 0.15359348
46900, 0.15359366
46901, 0.15359384
46902, 0.15359401
46903, 0.15359418
46904, 0.15359436
46905, 0.15359453
46906, 0.15359470
46907, 0.15359487
46908, 0.15359504
46909, 0.15359522
46910, 0.15359539
46911, 0.15359556
46912, 0.15359573
46913, 0.15359590
46914, 0.15359607
46915, 0.15359624
46916, 0.15359647
46917, 0.15359664
46918, 0.15359681
46919, 0.15359698
46920, 0.15359715
46921, 0.15359732
46922, 0.15359749
46923, 0.15359766
46924, 0.15359783
46925, 0.15359800
46926, 0.15359817
46927, 0.15359834
46928, 0.15359852
46929, 0.15359868
46930, 0.15359886
46931, 0.15359903
46932, 0.15359920
46933, 0.15359937
46934, 0.15359954
46935, 0.15359971
46936, 0.15359988
46937, 0.15360005
46938, 0.15360022
46939, 0.15360039
46940, 0.15360056
46941, 0.15360073
46942, 0.15360090
46943, 0.15360107
46944, 0.15360124
46945, 0.15360142
46946, 0.15360159
46947, 0.15360175
46948, 0.15360193
46949, 0.15360211
46950, 0.15360228
46951, 0.15360245
46952, 0.15360263
46953, 0.15360281
46954, 0.15360298
46955, 0.15360316
46956, 0.15360334
46957, 0.15360351
46958, 0.15360369
46959, 0.15360386
46960, 0.15360404
46961, 0.15360421
46962, 0.15360439
46963, 0.15360456
46964, 0.15360474
46965, 0.15360492
46966, 0.15360509
46967, 0.15360526
46968, 0.15360544
46969, 0.15360561
46970, 0.15360579
46971, 0.15360596
46972, 0.15360614
46973, 0.15360631
46974, 0.15360649
46975, 0.15360666
46976, 0.15360683
46977, 0.15360700
46978, 0.15360718
46979, 0.15360735
46980, 0.15360752
46981, 0.15360769
46982, 0.15360786
46983, 0.15360811
46984, 0.15360828
46985, 0.15360845
46986, 0.15360862
46987, 0.15360880
46988, 0.15360898
46989, 0.15360915
46990, 0.15360932
46991, 0.15360957
46992, 0.15360974
46993, 0.15360992
46994, 0.15361010
46995, 0.15361027
46996, 0.15361044
46997, 0.15361062
46998, 0.15361079
46999, 0.15361104
47000, 0.15361122
47001, 0.15361139
47002, 0.15361157
47003, 0.15361417
47004, 0.15361434
47005, 0.15361452
47006, 0.15361469
47007, 0.15361493
47008, 0.15361510
47009, 0.15361527
47010, 0.15361544
47011, 0.15361561
47012, 0.15361579
47013, 0.15361596
47014, 0.15361613
47015, 0.15361637
47016, 0.15361655
47017, 0.15361672
47018, 0.15361688
47019, 0.15361705
47020, 0.15361722
47021, 0.15361739
47022, 0.15361756
47023, 0.15361783
47024, 0.15361800
47025, 0.15361817
47026, 0.15361834
47027, 0.15361851
47028, 0.15361868
47029, 0.15361885
47030, 0.15361902
47031, 0.15361927
47032, 0.15361944
47033, 0.15361962
47034, 0.15361979
47035, 0.15361996
47036, 0.15362013
47037, 0.15362030
47038, 0.15362047
47039, 0.15362072
47040, 0.15362089
47041, 0.15362106
47042, 0.15362123
47043, 0.15362140
47044, 0.15362157
47045, 0.15362174
47046, 0.15362191
47047, 0.15362215
47048, 0.15362232
47049, 0.15362249
47050, 0.15362267
47051, 0.15362284
47052, 0.15362301
47053, 0.15362318
47054, 0.15362335
47055, 0.15362359
47056, 0.15362376
47057, 0.15362393
47058, 0.15362411
47059, 0.15362428
47060, 0.15362444
47061, 0.15362462
47062, 0.15362478
47063, 0.15362496
47064, 0.15362512
47065, 0.15362529
47066, 0.15362546
47067, 0.15362563
47068, 0.15362580
47069, 0.15362597
47070, 0.15362614
47071, 0.15362631
47072, 0.15362648
47073, 0.15362665
47074, 0.15362683
47075, 0.15362699
47076, 0.15362716
47077, 0.15362733
47078, 0.15362750
47079, 0.15362767
47080, 0.15362784
47081, 0.15362802
47082, 0.15362819
47083, 0.15362835
47084, 0.15362853
47085, 0.15362869
47086, 0.15362886
47087, 0.15362903
47088, 0.15362920
47089, 0.15362937
47090, 0.15362954
47091, 0.15362972
47092, 0.15362989
47093, 0.15363006
47094, 0.15363023
47095, 0.15363040
47096, 0.15363057
47097, 0.15363074
47098, 0.15363092
47099, 0.15363109
47100, 0.15363126
47101, 0.15363143
47102, 0.15363161
47103, 0.15363185
47104, 0.15363203
47105, 0.15363220
47106, 0.15363237
47107, 0.15363254
47108, 0.15363271
47109, 0.15363288
47110, 0.15363306
47111, 0.15363335
47112, 0.15363353
47113, 0.15363370
47114, 0.15363387
47115, 0.15363404
47116, 0.15363420
47117, 0.15363437
47118, 0.15363454
47119, 0.15363478
47120, 0.15363496
47121, 0.15363513
47122, 0.15363530
47123, 0.15363547
47124, 0.15363564
47125, 0.15363581
47126, 0.15363598
47127, 0.15363623
47128, 0.15363641
47129, 0.15363862
47130, 0.15363880
47131, 0.15363898
47132, 0.15363915
47133, 0.15363933
47134, 0.15363950
47135, 0.15363976
47136, 0.15363993
47137, 0.15364010
47138, 0.15364027
47139, 0.15364044
47140, 0.15364061
47141, 0.15364078
47142, 0.15364095
47143, 0.15364119
47144, 0.15364136
47145, 0.15364153
47146, 0.15364169
47147, 0.15364187
47148, 0.15364204
47149, 0.15364220
47150, 0.15364237
47151, 0.15364263
47152, 0.15364280
47153, 0.15364297
47154, 0.15364315
47155, 0.15364332
47156, 0.15364348
47157, 0.15364365
47158, 0.15364382
47159, 0.15364406
47160, 0.15364423
47161, 0.15364442
47162, 0.15364459
47163, 0.15364476
47164, 0.15364493
47165, 0.15364510
47166, 0.15364527
47167, 0.15364552
47168, 0.15364569
47169, 0.15364586
47170, 0.15364604
47171, 0.15364621
47172, 0.15364637
47173, 0.15364655
47174, 0.15364672
47175, 0.15364696
47176, 0.15364713
47177, 0.15364731
47178, 0.15364748
47179, 0.15364765
47180, 0.15364782
47181, 0.15364799
47182, 0.15364816
47183, 0.15364833
47184, 0.15364849
47185, 0.15364867
47186, 0.15364883
47187, 0.15364901
47188, 0.15364918
47189, 0.15364935
47190, 0.15364952
47191, 0.15364969
47192, 0.15364986
47193, 0.15365003
47194, 0.15365020
47195, 0.15365038
47196, 0.15365055
47197, 0.15365072
47198, 0.15365089
47199, 0.15365107
47200, 0.15365123
47201, 0.15365143
47202, 0.15365160
47203, 0.15365177
47204, 0.15365194
47205, 0.15365211
47206, 0.15365229
47207, 0.15365247
47208, 0.15365264
47209, 0.15365282
47210, 0.15365300
47211, 0.15365317
47212, 0.15365334
47213, 0.15365351
47214, 0.15365368
47215, 0.15365385
47216, 0.15365402
47217, 0.15365420
47218, 0.15365437
47219, 0.15365454
47220, 0.15365471
47221, 0.15365489
47222, 0.15365506
47223, 0.15365523
47224, 0.15365540
47225, 0.15365557
47226, 0.15365573
47227, 0.15365591
47228, 0.15365608
47229, 0.15365624
47230, 0.15365642
47231, 0.15365659
47232, 0.15365676
47233, 0.15365693
47234, 0.15365711
47235, 0.15365727
47236, 0.15365744
47237, 0.15365761
47238, 0.15365778
47239, 0.15365797
47240, 0.15365814
47241, 0.15365831
47242, 0.15365847
47243, 0.15365864
47244, 0.15365882
47245, 0.15365900
47246, 0.15365917
47247, 0.15365935
47248, 0.15365953
47249, 0.15365970
47250, 0.15365988
47251, 0.15366006
47252, 0.15366024
47253, 0.15366041
47254, 0.15366060
47255, 0.15366281
47256, 0.15366299
47257, 0.15366317
47258, 0.15366335
47259, 0.15366352
47260, 0.15366369
47261, 0.15366386
47262, 0.15366403
47263, 0.15366420
47264, 0.15366438
47265, 0.15366455
47266, 0.15366472
47267, 0.15366489
47268, 0.15366506
47269, 0.15366524
47270, 0.15366541
47271, 0.15366558
47272, 0.15366575
47273, 0.15366592
47274, 0.15366609
47275, 0.15366627
47276, 0.15366644
47277, 0.15366661
47278, 0.15366678
47279, 0.15366695
47280, 0.15366712
47281, 0.15366729
47282, 0.15366746
47283, 0.15366763
47284, 0.15366781
47285, 0.15366798
47286, 0.15366815
47287, 0.15366832
47288, 0.15366849
47289, 0.15366867
47290, 0.15366883
47291, 0.15366900
47292, 0.15366918
47293, 0.15366935
47294, 0.15366952
47295, 0.15366969
47296, 0.15366986
47297, 0.15367004
47298, 0.15367021
47299, 0.15367038
47300, 0.15367055
47301, 0.15367072
47302, 0.15367089
47303, 0.15367106
47304, 0.15367124
47305, 0.15367141
47306, 0.15367158
47307, 0.15367175
47308, 0.15367192
47309, 0.15367209
47310, 0.15367226
47311, 0.15367243
47312, 0.15367260
47313, 0.15367278
47314, 0.15367295
47315, 0.15367312
47316, 0.15367329
47317, 0.15367346
47318, 0.15367363
47319, 0.15367380
47320, 0.15367397
47321, 0.15367414
47322, 0.15367431
47323, 0.15367448
47324, 0.15367466
47325, 0.15367483
47326, 0.15367500
47327, 0.15367517
47328, 0.15367534
47329, 0.15367551
47330, 0.15367569
47331, 0.15367586
47332, 0.15367603
47333, 0.15367620
47334, 0.15367637
47335, 0.15367655
47336, 0.15367672
47337, 0.15367689
47338, 0.15367707
47339, 0.15367724
47340, 0.15367741
47341, 0.15367758
47342, 0.15367775
47343, 0.15367793
47344, 0.15367810
47345, 0.15367827
47346, 0.15367844
47347, 0.15367862
47348, 0.15367879
47349, 0.15367896
47350, 0.15367913
47351, 0.15367930
47352, 0.15367948
47353, 0.15367965
47354, 0.15367982
47355, 0.15367999
47356, 0.15368016
47357, 0.15368034
47358, 0.15368051
47359, 0.15368068
47360, 0.15368085
47361, 0.15368102
47362, 0.15368120
47363, 0.15368137
47364, 0.15368154
47365, 0.15368171
47366, 0.15368188
47367, 0.15368206
47368, 0.15368223
47369, 0.15368240
47370, 0.15368257
47371, 0.15368274
47372, 0.15368292
47373, 0.15368309
47374, 0.15368326
47375, 0.15368343
47376, 0.15368360
47377, 0.15368377
47378, 0.15368395
47379, 0.15368412
47380, 0.15368430
47381, 0.15368647
47382, 0.15368666
47383, 0.15368683
47384, 0.15368700
47385, 0.15368717
47386, 0.15368733
47387, 0.15368750
47388, 0.15368767
47389, 0.15368784
47390, 0.15368800
47391, 0.15368817
47392, 0.15368834
47393, 0.15368851
47394, 0.15368867
47395, 0.15368884
47396, 0.15368901
47397, 0.15368917
47398, 0.15368934
47399, 0.15368951
47400, 0.15368967
47401, 0.15368984
47402, 0.15369001
47403, 0.15369018
47404, 0.15369035
47405, 0.15369051
47406, 0.15369068
47407, 0.15369085
47408, 0.15369102
47409, 0.15369119
47410, 0.15369136
47411, 0.15369152
47412, 0.15369169
47413, 0.15369186
47414, 0.15369202
47415, 0.15369219
47416, 0.15369236
47417, 0.15369252
47418, 0.15369269
47419, 0.15369286
47420, 0.15369302
47421, 0.15369319
47422, 0.15369336
47423, 0.15369352
47424, 0.15369369
47425, 0.15369386
47426, 0.15369403
47427, 0.15369419
47428, 0.15369436
47429, 0.15369453
47430, 0.15369470
47431, 0.15369486
47432, 0.15369503
47433, 0.15369520
47434, 0.15369537
47435, 0.15369553
47436, 0.15369570
47437, 0.15369587
47438, 0.15369604
47439, 0.15369620
47440, 0.15369637
47441, 0.15369654
47442, 0.15369670
47443, 0.15369687
47444, 0.15369703
47445, 0.15369720
47446, 0.15369737
47447, 0.15369753
47448, 0.15369770
47449, 0.15369787
47450, 0.15369804
47451, 0.15369820
47452, 0.15369837
47453, 0.15369853
47454, 0.15369871
47455, 0.15369891
47456, 0.15369908
47457, 0.15369925
47458, 0.15369941
47459, 0.15369958
47460, 0.15369974
47461, 0.15369991
47462, 0.15370008
47463, 0.15370025
47464, 0.15370041
47465, 0.15370058
47466, 0.15370075
47467, 0.15370091
47468, 0.15370108
47469, 0.15370125
47470, 0.15370142
47471, 0.15370159
47472, 0.15370176
47473, 0.15370193
47474, 0.15370210
47475, 0.15370227
47476, 0.15370244
47477, 0.15370261
47478, 0.15370277
47479, 0.15370294
47480, 0.15370311
47481, 0.15370328
47482, 0.15370344
47483, 0.15370361
47484, 0.15370378
47485, 0.15370394
47486, 0.15370411
47487, 0.15370428
47488, 0.15370445
47489, 0.15370461
47490, 0.15370478
47491, 0.15370495
47492, 0.15370511
47493, 0.15370528
47494, 0.15370544
47495, 0.15370561
47496, 0.15370578
47497, 0.15370595
47498, 0.15370612
47499, 0.15370628
47500, 0.15370645
47501, 0.15370662
47502, 0.15370679
47503, 0.15370696
47504, 0.15370713
47505, 0.15370729
47506, 0.15370747
47507, 0.15370964
47508, 0.15370984
47509, 0.15371002
47510, 0.15371019
47511, 0.15371036
47512, 0.15371053
47513, 0.15371070
47514, 0.15371087
47515, 0.15371103
47516, 0.15371120
47517, 0.15371136
47518, 0.15371153
47519, 0.15371170
47520, 0.15371187
47521, 0.15371203
47522, 0.15371220
47523, 0.15371237
47524, 0.15371254
47525, 0.15371271
47526, 0.15371287
47527, 0.15371304
47528, 0.15371321
47529, 0.15371338
47530, 0.15371354
47531, 0.15371371
47532, 0.15371388
47533, 0.15371405
47534, 0.15371421
47535, 0.15371438
47536, 0.15371455
47537, 0.15371472
47538, 0.15371489
47539, 0.15371505
47540, 0.15371522
47541, 0.15371539
47542, 0.15371556
47543, 0.15371573
47544, 0.15371589
47545, 0.15371606
47546, 0.15371623
47547, 0.15371640
47548, 0.15371656
47549, 0.15371675
47550, 0.15371692
47551, 0.15371708
47552, 0.15371725
47553, 0.15371742
47554, 0.15371759
47555, 0.15371776
47556, 0.15371792
47557, 0.15371809
47558, 0.15371826
47559, 0.15371842
47560, 0.15371859
47561, 0.15371876
47562, 0.15371893
47563, 0.15371909
47564, 0.15371926
47565, 0.15371943
47566, 0.15371959
47567, 0.15371976
47568, 0.15371993
47569, 0.15372010
47570, 0.15372027
47571, 0.15372044
47572, 0.15372061
47573, 0.15372077
47574, 0.15372094
47575, 0.15372111
47576, 0.15372128
47577, 0.15372145
47578, 0.15372162
47579, 0.15372178
47580, 0.15372195
47581, 0.15372212
47582, 0.15372228
47583, 0.15372245
47584, 0.15372262
47585, 0.15372279
47586, 0.15372295
47587, 0.15372312
47588, 0.15372329
47589, 0.15372346
47590, 0.15372363
47591, 0.15372379
47592, 0.15372396
47593, 0.15372413
47594, 0.15372430
47595, 0.15372446
47596, 0.15372463
47597, 0.15372480
47598, 0.15372497
47599, 0.15372514
47600, 0.15372531
47601, 0.15372548
47602, 0.15372565
47603, 0.15372582
47604, 0.15372598
47605, 0.15372615
47606, 0.15372632
47607, 0.15372649
47608, 0.15372665
47609, 0.15372682
47610, 0.15372699
47611, 0.15372716
47612, 0.15372732
47613, 0.15372749
47614, 0.15372766
47615, 0.15372782
47616, 0.15372799
47617, 0.15372816
47618, 0.15372832
47619, 0.15372849
47620, 0.15372866
47621, 0.15372882
47622, 0.15372899
47623, 0.15372924
47624, 0.15372940
47625, 0.15372957
47626, 0.15372974
47627, 0.15372991
47628, 0.15373007
47629, 0.15373024
47630, 0.15373041
47631, 0.15373065
47632, 0.15373083
47633, 0.15373677
47634, 0.15373697
47635, 0.15373715
47636, 0.15373733
47637, 0.15373749
47638, 0.15373766
47639, 0.15373792
47640, 0.15373809
47641, 0.15373826
47642, 0.15373843
47643, 0.15373859
47644, 0.15373876
47645, 0.15373893
47646, 0.15373910
47647, 0.15373933
47648, 0.15373950
47649, 0.15373967
47650, 0.15373984
47651, 0.15374001
47652, 0.15374017
47653, 0.15374034
47654, 0.15374051
47655, 0.15374078
47656, 0.15374095
47657, 0.15374111
47658, 0.15374128
47659, 0.15374145
47660, 0.15374162
47661, 0.15374179
47662, 0.15374195
47663, 0.15374219
47664, 0.15374236
47665, 0.15374253
47666, 0.15374269
47667, 0.15374286
47668, 0.15374303
47669, 0.15374320
47670, 0.15374337
47671, 0.15374360
47672, 0.15374377
47673, 0.15374394
47674, 0.15374410
47675, 0.15374427
47676, 0.15374444
47677, 0.15374461
47678, 0.15374478
47679, 0.15374502
47680, 0.15374519
47681, 0.15374536
47682, 0.15374552
47683, 0.15374569
47684, 0.15374586
47685, 0.15374603
47686, 0.15374620
47687, 0.15374645
47688, 0.15374661
47689, 0.15374678
47690, 0.15374695
47691, 0.15374712
47692, 0.15374729
47693, 0.15374746
47694, 0.15374762
47695, 0.15374779
47696, 0.15374796
47697, 0.15374813
47698, 0.15374830
47699, 0.15374847
47700, 0.15374863
47701, 0.15374880
47702, 0.15374897
47703, 0.15374914
47704, 0.15374931
47705, 0.15374948
47706, 0.15374965
47707, 0.15374981
47708, 0.15374998
47709, 0.15375015
47710, 0.15375032
47711, 0.15375049
47712, 0.15375066
47713, 0.15375083
47714, 0.15375100
47715, 0.15375116
47716, 0.15375133
47717, 0.15375150
47718, 0.15375167
47719, 0.15375184
47720, 0.15375200
47721, 0.15375217
47722, 0.15375234
47723, 0.15375251
47724, 0.15375268
47725, 0.15375285
47726, 0.15375302
47727, 0.15375319
47728, 0.15375336
47729, 0.15375353
47730, 0.15375369
47731, 0.15375386
47732, 0.15375403
47733, 0.15375420
47734, 0.15375437
47735, 0.15375454
47736, 0.15375471
47737, 0.15375487
47738, 0.15375504
47739, 0.15375521
47740, 0.15375538
47741, 0.15375555
47742, 0.15375571
47743, 0.15375588
47744, 0.15375605
47745, 0.15375622
47746, 0.15375639
47747, 0.15375656
47748, 0.15375673
47749, 0.15375689
47750, 0.15375706
47751, 0.15375723
47752, 0.15375740
47753, 0.15375757
47754, 0.15375773
47755, 0.15375790
47756, 0.15375807
47757, 0.15375824
47758, 0.15375842
47759, 0.15376060
47760, 0.15376079
47761, 0.15376096
47762, 0.15376113
47763, 0.15376130
47764, 0.15376147
47765, 0.15376163
47766, 0.15376180
47767, 0.15376197
47768, 0.15376214
47769, 0.15376230
47770, 0.15376247
47771, 0.15376264
47772, 0.15376281
47773, 0.15376297
47774, 0.15376314
47775, 0.15376331
47776, 0.15376347
47777, 0.15376364
47778, 0.15376381
47779, 0.15376398
47780, 0.15376415
47781, 0.15376431
47782, 0.15376448
47783, 0.15376465
47784, 0.15376482
47785, 0.15376498
47786, 0.15376515
47787, 0.15376531
47788, 0.15376548
47789, 0.15376565
47790, 0.15376581
47791, 0.15376598
47792, 0.15376615
47793, 0.15376631
47794, 0.15376648
47795, 0.15376665
47796, 0.15376682
47797, 0.15376699
47798, 0.15376716
47799, 0.15376733
47800, 0.15376749
47801, 0.15376766
47802, 0.15376783
47803, 0.15376800
47804, 0.15376816
47805, 0.15376833
47806, 0.15376850
47807, 0.15376867
47808, 0.15376884
47809, 0.15376901
47810, 0.15376917
47811, 0.15376934
47812, 0.15376951
47813, 0.15376968
47814, 0.15376985
47815, 0.15377002
47816, 0.15377018
47817, 0.15377035
47818, 0.15377052
47819, 0.15377069
47820, 0.15377086
47821, 0.15377103
47822, 0.15377119
47823, 0.15377136
47824, 0.15377153
47825, 0.15377170
47826, 0.15377187
47827, 0.15377204
47828, 0.15377227
47829, 0.15377244
47830, 0.15377261
47831, 0.15377278
47832, 0.15377294
47833, 0.15377311
47834, 0.15377328
47835, 0.15377344
47836, 0.15377361
47837, 0.15377378
47838, 0.15377394
47839, 0.15377411
47840, 0.15377428
47841, 0.15377445
47842, 0.15377461
47843, 0.15377478
47844, 0.15377495
47845, 0.15377511
47846, 0.15377528
47847, 0.15377546
47848, 0.15377563
47849, 0.15377581
47850, 0.15377599
47851, 0.15377616
47852, 0.15377634
47853, 0.15377651
47854, 0.15377669
47855, 0.15377687
47856, 0.15377704
47857, 0.15377722
47858, 0.15377740
47859, 0.15377757
47860, 0.15377775
47861, 0.15377793
47862, 0.15377810
47863, 0.15377828
47864, 0.15377846
47865, 0.15377863
47866, 0.15377881
47867, 0.15377899
47868, 0.15377916
47869, 0.15377934
47870, 0.15377951
47871, 0.15377969
47872, 0.15377987
47873, 0.15378004
47874, 0.15378022
47875, 0.15378040
47876, 0.15378057
47877, 0.15378075
47878, 0.15378092
47879, 0.15378110
47880, 0.15378128
47881, 0.15378145
47882, 0.15378162
47883, 0.15378179
47884, 0.15378197
47885, 0.15378427
47886, 0.15378446
47887, 0.15378463
47888, 0.15378480
47889, 0.15378497
47890, 0.15378514
47891, 0.15378531
47892, 0.15378548
47893, 0.15378565
47894, 0.15378581
47895, 0.15378598
47896, 0.15378615
47897, 0.15378632
47898, 0.15378648
47899, 0.15378665
47900, 0.15378682
47901, 0.15378699
47902, 0.15378716
47903, 0.15378733
47904, 0.15378751
47905, 0.15378768
47906, 0.15378786
47907, 0.15378804
47908, 0.15378821
47909, 0.15378839
47910, 0.15378856
47911, 0.15378874
47912, 0.15378891
47913, 0.15378909
47914, 0.15378927
47915, 0.15378944
47916, 0.15378962
47917, 0.15378979
47918, 0.15378997
47919, 0.15379014
47920, 0.15379032
47921, 0.15379049
47922, 0.15379067
47923, 0.15379085
47924, 0.15379102
47925, 0.15379120
47926, 0.15379137
47927, 0.15379155
47928, 0.15379172
47929, 0.15379190
47930, 0.15379207
47931, 0.15379225
47932, 0.15379242
47933, 0.15379260
47934, 0.15379277
47935, 0.15379295
47936, 0.15379312
47937, 0.15379330
47938, 0.15379347
47939, 0.15379365
47940, 0.15379383
47941, 0.15379400
47942, 0.15379418
47943, 0.15379435
47944, 0.15379453
47945, 0.15379470
47946, 0.15379488
47947, 0.15379505
47948, 0.15379523
47949, 0.15379540
47950, 0.15379558
47951, 0.15379575
47952, 0.15379593
47953, 0.15379610
47954, 0.15379628
47955, 0.15379645
47956, 0.15379663
47957, 0.15379681
47958, 0.15379698
47959, 0.15379716
47960, 0.15379733
47961, 0.15379751
47962, 0.15379768
47963, 0.15379786
47964, 0.15379803
47965, 0.15379821
47966, 0.15379838
47967, 0.15379856
47968, 0.15379873
47969, 0.15379891
47970, 0.15379909
47971, 0.15379926
47972, 0.15379944
47973, 0.15379961
47974, 0.15379979
47975, 0.15379996
47976, 0.15380014
47977, 0.15380031
47978, 0.15380049
47979, 0.15380066
47980, 0.15380084
47981, 0.15380101
47982, 0.15380119
47983, 0.15380136
47984, 0.15380154
47985, 0.15380172
47986, 0.15380189
47987, 0.15380207
47988, 0.15380224
47989, 0.15380242
47990, 0.15380259
47991, 0.15380277
47992, 0.15380294
47993, 0.15380312
47994, 0.15380329
47995, 0.15380347
47996, 0.15380364
47997, 0.15380382
47998, 0.15380399
47999, 0.15380417
48000, 0.15380434
48001, 0.15380452
48002, 0.15380470
48003, 0.15380487
48004, 0.15380505
48005, 0.15380522
48006, 0.15380540
48007, 0.15380557
48008, 0.15380575
48009, 0.15380592
48010, 0.15380611
48011, 0.15380839
48012, 0.15380858
48013, 0.15380876
48014, 0.15380893
48015, 0.15380910
48016, 0.15380926
48017, 0.15380943
48018, 0.15380960
48019, 0.15380977
48020, 0.15380994
48021, 0.15381010
48022, 0.15381027
48023, 0.15381044
48024, 0.15381061
48025, 0.15381077
48026, 0.15381094
48027, 0.15381111
48028, 0.15381128
48029, 0.15381144
48030, 0.15381161
48031, 0.15381178
48032, 0.15381195
48033, 0.15381211
48034, 0.15381228
48035, 0.15381245
48036, 0.15381262
48037, 0.15381278
48038, 0.15381295
48039, 0.15381312
48040, 0.15381329
48041, 0.15381345
48042, 0.15381362
48043, 0.15381379
48044, 0.15381395
48045, 0.15381412
48046, 0.15381429
48047, 0.15381446
48048, 0.15381462
48049, 0.15381479
48050, 0.15381496
48051, 0.15381513
48052, 0.15381529
48053, 0.15381546
48054, 0.15381563
48055, 0.15381580
48056, 0.15381596
48057, 0.15381613
48058, 0.15381630
48059, 0.15381646
48060, 0.15381663
48061, 0.15381680
48062, 0.15381696
48063, 0.15381713
48064, 0.15381730
48065, 0.15381747
48066, 0.15381763
48067, 0.15381780
48068, 0.15381797
48069, 0.15381813
48070, 0.15381830
48071, 0.15381847
48072, 0.15381864
48073, 0.15381880
48074, 0.15381897
48075, 0.15381914
48076, 0.15381930
48077, 0.15381947
48078, 0.15381964
48079, 0.15381981
48080, 0.15381997
48081, 0.15382014
48082, 0.15382031
48083, 0.15382047
48084, 0.15382064
48085, 0.15382081
48086, 0.15382098
48087, 0.15382114
48088, 0.15382131
48089, 0.15382148
48090, 0.15382165
48091, 0.15382181
48092, 0.15382198
48093, 0.15382215
48094, 0.15382232
48095, 0.15382248
48096, 0.15382265
48097, 0.15382282
48098, 0.15382298
48099, 0.15382315
48100, 0.15382332
48101, 0.15382349
48102, 0.15382366
48103, 0.15382384
48104, 0.15382400
48105, 0.15382418
48106, 0.15382435
48107, 0.15382452
48108, 0.15382469
48109, 0.15382487
48110, 0.15382504
48111, 0.15382521
48112, 0.15382538
48113, 0.15382555
48114, 0.15382572
48115, 0.15382589
48116, 0.15382606
48117, 0.15382623
48118, 0.15382640
48119, 0.15382657
48120, 0.15382674
48121, 0.15382690
48122, 0.15382707
48123, 0.15382724
48124, 0.15382741
48125, 0.15382758
48126, 0.15382774
48127, 0.15382799
48128, 0.15382816
48129, 0.15382833
48130, 0.15382849
48131, 0.15382866
48132, 0.15382883
48133, 0.15382899
48134, 0.15382916
48135, 0.15382941
48136, 0.15382959
48137, 0.15383183
48138, 0.15383203
48139, 0.15383220
48140, 0.15383238
48141, 0.15383255
48142, 0.15383271
48143, 0.15383296
48144, 0.15383313
48145, 0.15383330
48146, 0.15383347
48147, 0.15383364
48148, 0.15383381
48149, 0.15383398
48150, 0.15383415
48151, 0.15383440
48152, 0.15383457
48153, 0.15383473
48154, 0.15383490
48155, 0.15383507
48156, 0.15383524
48157, 0.15383541
48158, 0.15383558
48159, 0.15383584
48160, 0.15383600
48161, 0.15383617
48162, 0.15383635
48163, 0.15383651
48164, 0.15383668
48165, 0.15383685
48166, 0.15383702
48167, 0.15383726
48168, 0.15383743
48169, 0.15383760
48170, 0.15383777
48171, 0.15383794
48172, 0.15383811
48173, 0.15383827
48174, 0.15383845
48175, 0.15383869
48176, 0.15383886
48177, 0.15383903
48178, 0.15383920
48179, 0.15383937
48180, 0.15383954
48181, 0.15383971
48182, 0.15383988
48183, 0.15384013
48184, 0.15384029
48185, 0.15384047
48186, 0.15384063
48187, 0.15384080
48188, 0.15384097
48189, 0.15384114
48190, 0.15384131
48191, 0.15384158
48192, 0.15384175
48193, 0.15384192
48194, 0.15384209
48195, 0.15384226
48196, 0.15384243
48197, 0.15384260
48198, 0.15384277
48199, 0.15384294
48200, 0.15384321
48201, 0.15384337
48202, 0.15384354
48203, 0.15384371
48204, 0.15384389
48205, 0.15384406
48206, 0.15384424
48207, 0.15384441
48208, 0.15384458
48209, 0.15384475
48210, 0.15384492
48211, 0.15384509
48212, 0.15384526
48213, 0.15384543
48214, 0.15384559
48215, 0.15384576
48216, 0.15384593
48217, 0.15384610
48218, 0.15384627
48219, 0.15384644
48220, 0.15384661
48221, 0.15384678
48222, 0.15384695
48223, 0.15384712
48224, 0.15384729
48225, 0.15384746
48226, 0.15384763
48227, 0.15384785
48228, 0.15384802
48229, 0.15384819
48230, 0.15384837
48231, 0.15384855
48232, 0.15384873
48233, 0.15384891
48234, 0.15384908
48235, 0.15384926
48236, 0.15384944
48237, 0.15384962
48238, 0.15384979
48239, 0.15384997
48240, 0.15385015
48241, 0.15385033
48242, 0.15385051
48243, 0.15385068
48244, 0.15385086
48245, 0.15385104
48246, 0.15385122
48247, 0.15385140
48248, 0.15385157
48249, 0.15385175
48250, 0.15385193
48251, 0.15385211
48252, 0.15385229
48253, 0.15385246
48254, 0.15385264
48255, 0.15385282
48256, 0.15385300
48257, 0.15385318
48258, 0.15385335
48259, 0.15385353
48260, 0.15385371
48261, 0.15385389
48262, 0.15385408
48263, 0.15385631
48264, 0.15385650
48265, 0.15385667
48266, 0.15385684
48267, 0.15385701
48268, 0.15385719
48269, 0.15385737
48270, 0.15385754
48271, 0.15385771
48272, 0.15385788
48273, 0.15385805
48274, 0.15385823
48275, 0.15385840
48276, 0.15385857
48277, 0.15385874
48278, 0.15385891
48279, 0.15385908
48280, 0.15385925
48281, 0.15385941
48282, 0.15385958
48283, 0.15385975
48284, 0.15385992
48285, 0.15386009
48286, 0.15386025
48287, 0.15386042
48288, 0.15386059
48289, 0.15386076
48290, 0.15386092
48291, 0.15386109
48292, 0.15386126
48293, 0.15386142
48294, 0.15386159
48295, 0.15386176
48296, 0.15386193
48297, 0.15386210
48298, 0.15386226
48299, 0.15386243
48300, 0.15386260
48301, 0.15386277
48302, 0.15386293
48303, 0.15386310
48304, 0.15386327
48305, 0.15386344
48306, 0.15386361
48307, 0.15386378
48308, 0.15386395
48309, 0.15386411
48310, 0.15386428
48311, 0.15386445
48312, 0.15386462
48313, 0.15386479
48314, 0.15386495
48315, 0.15386512
48316, 0.15386529
48317, 0.15386546
48318, 0.15386563
48319, 0.15386579
48320, 0.15386596
48321, 0.15386613
48322, 0.15386630
48323, 0.15386647
48324, 0.15386663
48325, 0.15386680
48326, 0.15386697
48327, 0.15386714
48328, 0.15386731
48329, 0.15386747
48330, 0.15386764
48331, 0.15386781
48332, 0.15386798
48333, 0.15386814
48334, 0.15386831
48335, 0.15386848
48336, 0.15386865
48337, 0.15386882
48338, 0.15386898
48339, 0.15386915
48340, 0.15386932
48341, 0.15386949
48342, 0.15386966
48343, 0.15386983
48344, 0.15387000
48345, 0.15387016
48346, 0.15387033
48347, 0.15387050
48348, 0.15387067
48349, 0.15387083
48350, 0.15387100
48351, 0.15387117
48352, 0.15387134
48353, 0.15387151
48354, 0.15387168
48355, 0.15387185
48356, 0.15387202
48357, 0.15387219
48358, 0.15387236
48359, 0.15387253
48360, 0.15387270
48361, 0.15387288
48362, 0.15387305
48363, 0.15387328
48364, 0.15387345
48365, 0.15387362
48366, 0.15387380
48367, 0.15387397
48368, 0.15387414
48369, 0.15387431
48370, 0.15387448
48371, 0.15387465
48372, 0.15387483
48373, 0.15387500
48374, 0.15387517
48375, 0.15387534
48376, 0.15387551
48377, 0.15387569
48378, 0.15387586
48379, 0.15387603
48380, 0.15387620
48381, 0.15387637
48382, 0.15387654
48383, 0.15387671
48384, 0.15387689
48385, 0.15387706
48386, 0.15387723
48387, 0.15387740
48388, 0.15387758
48389, 0.15387973
48390, 0.15387992
48391, 0.15388008
48392, 0.15388026
48393, 0.15388042
48394, 0.15388059
48395, 0.15388082
48396, 0.15388099
48397, 0.15388116
48398, 0.15388133
48399, 0.15388150
48400, 0.15388167
48401, 0.15388183
48402, 0.15388200
48403, 0.15388217
48404, 0.15388234
48405, 0.15388251
48406, 0.15388268
48407, 0.15388285
48408, 0.15388302
48409, 0.15388318
48410, 0.15388335
48411, 0.15388352
48412, 0.15388369
48413, 0.15388385
48414, 0.15388402
48415, 0.15388419
48416, 0.15388436
48417, 0.15388453
48418, 0.15388470
48419, 0.15388487
48420, 0.15388504
48421, 0.15388521
48422, 0.15388538
48423, 0.15388555
48424, 0.15388572
48425, 0.15388588
48426, 0.15388605
48427, 0.15388622
48428, 0.15388639
48429, 0.15388656
48430, 0.15388673
48431, 0.15388690
48432, 0.15388707
48433, 0.15388724
48434, 0.15388740
48435, 0.15388757
48436, 0.15388774
48437, 0.15388791
48438, 0.15388808
48439, 0.15388825
48440, 0.15388842
48441, 0.15388859
48442, 0.15388876
48443, 0.15388892
48444, 0.15388909
48445, 0.15388926
48446, 0.15388943
48447, 0.15388960
48448, 0.15388977
48449, 0.15388994
48450, 0.15389011
48451, 0.15389027
48452, 0.15389044
48453, 0.15389061
48454, 0.15389078
48455, 0.15389095
48456, 0.15389112
48457, 0.15389129
48458, 0.15389145
48459, 0.15389162
48460, 0.15389179
48461, 0.15389196
48462, 0.15389213
48463, 0.15389230
48464, 0.15389247
48465, 0.15389264
48466, 0.15389280
48467, 0.15389297
48468, 0.15389314
48469, 0.15389331
48470, 0.15389348
48471, 0.15389365
48472, 0.15389381
48473, 0.15389398
48474, 0.15389415
48475, 0.15389432
48476, 0.15389449
48477, 0.15389465
48478, 0.15389482
48479, 0.15389499
48480, 0.15389516
48481, 0.15389533
48482, 0.15389550
48483, 0.15389566
48484, 0.15389583
48485, 0.15389600
48486, 0.15389617
48487, 0.15389634
48488, 0.15389651
48489, 0.15389668
48490, 0.15389684
48491, 0.15389701
48492, 0.15389718
48493, 0.15389735
48494, 0.15389752
48495, 0.15389769
48496, 0.15389785
48497, 0.15389802
48498, 0.15389819
48499, 0.15389835
48500, 0.15389852
48501, 0.15389869
48502, 0.15389886
48503, 0.15389903
48504, 0.15389920
48505, 0.15389936
48506, 0.15389953
48507, 0.15389969
48508, 0.15389986
48509, 0.15390003
48510, 0.15390020
48511, 0.15390037
48512, 0.15390053
48513, 0.15390070
48514, 0.15390088
48515, 0.15390313
48516, 0.15390332
48517, 0.15390349
48518, 0.15390366
48519, 0.15390382
48520, 0.15390399
48521, 0.15390416
48522, 0.15390433
48523, 0.15390449
48524, 0.15390466
48525, 0.15390483
48526, 0.15390499
48527, 0.15390516
48528, 0.15390532
48529, 0.15390549
48530, 0.15390566
48531, 0.15390582
48532, 0.15390599
48533, 0.15390615
48534, 0.15390632
48535, 0.15390649
48536, 0.15390666
48537, 0.15390682
48538, 0.15390699
48539, 0.15390716
48540, 0.15390732
48541, 0.15390750
48542, 0.15390767
48543, 0.15390785
48544, 0.15390802
48545, 0.15390820
48546, 0.15390838
48547, 0.15390855
48548, 0.15390872
48549, 0.15390888
48550, 0.15390905
48551, 0.15390922
48552, 0.15390939
48553, 0.15390956
48554, 0.15390972
48555, 0.15390989
48556, 0.15391005
48557, 0.15391022
48558, 0.15391038
48559, 0.15391055
48560, 0.15391072
48561, 0.15391089
48562, 0.15391105
48563, 0.15391122
48564, 0.15391139
48565, 0.15391155
48566, 0.15391172
48567, 0.15391189
48568, 0.15391206
48569, 0.15391224
48570, 0.15391241
48571, 0.15391257
48572, 0.15391274
48573, 0.15391291
48574, 0.15391308
48575, 0.15391325
48576, 0.15391341
48577, 0.15391358
48578, 0.15391375
48579, 0.15391391
48580, 0.15391408
48581, 0.15391425
48582, 0.15391442
48583, 0.15391460
48584, 0.15391477
48585, 0.15391495
48586, 0.15391512
48587, 0.15391530
48588, 0.15391548
48589, 0.15391565
48590, 0.15391582
48591, 0.15391598
48592, 0.15391615
48593, 0.15391631
48594, 0.15391648
48595, 0.15391665
48596, 0.15391682
48597, 0.15391698
48598, 0.15391715
48599, 0.15391731
48600, 0.15391748
48601, 0.15391765
48602, 0.15391782
48603, 0.15391798
48604, 0.15391815
48605, 0.15391832
48606, 0.15391849
48607, 0.15391865
48608, 0.15391882
48609, 0.15391899
48610, 0.15391916
48611, 0.15391932
48612, 0.15391949
48613, 0.15391966
48614, 0.15391982
48615, 0.15391999
48616, 0.15392016
48617, 0.15392032
48618, 0.15392049
48619, 0.15392068
48620, 0.15392085
48621, 0.15392102
48622, 0.15392118
48623, 0.15392135
48624, 0.15392152
48625, 0.15392169
48626, 0.15392185
48627, 0.15392202
48628, 0.15392219
48629, 0.15392236
48630, 0.15392253
48631, 0.15392269
48632, 0.15392286
48633, 0.15392303
48634, 0.15392320
48635, 0.15392336
48636, 0.15392353
48637, 0.15392370
48638, 0.15392387
48639, 0.15392406
48640, 0.15392424
48641, 0.15392674
48642, 0.15392693
48643, 0.15392710
48644, 0.15392728
48645, 0.15392745
48646, 0.15392763
48647, 0.15392788
48648, 0.15392806
48649, 0.15392823
48650, 0.15392841
48651, 0.15392862
48652, 0.15392880
48653, 0.15392898
48654, 0.15392915
48655, 0.15392941
48656, 0.15392959
48657, 0.15392976
48658, 0.15392994
48659, 0.15393011
48660, 0.15393030
48661, 0.15393047
48662, 0.15393064
48663, 0.15393089
48664, 0.15393106
48665, 0.15393123
48666, 0.15393141
48667, 0.15393160
48668, 0.15393177
48669, 0.15393194
48670, 0.15393211
48671, 0.15393236
48672, 0.15393253
48673, 0.15393271
48674, 0.15393288
48675, 0.15393305
48676, 0.15393322
48677, 0.15393340
48678, 0.15393357
48679, 0.15393381
48680, 0.15393398
48681, 0.15393416
48682, 0.15393433
48683, 0.15393450
48684, 0.15393467
48685, 0.15393485
48686, 0.15393502
48687, 0.15393526
48688, 0.15393544
48689, 0.15393561
48690, 0.15393578
48691, 0.15393595
48692, 0.15393612
48693, 0.15393631
48694, 0.15393649
48695, 0.15393673
48696, 0.15393690
48697, 0.15393708
48698, 0.15393727
48699, 0.15393744
48700, 0.15393761
48701, 0.15393778
48702, 0.15393796
48703, 0.15393821
48704, 0.15393839
48705, 0.15393856
48706, 0.15393873
48707, 0.15393890
48708, 0.15393908
48709, 0.15393925
48710, 0.15393944
48711, 0.15393961
48712, 0.15393978
48713, 0.15393998
48714, 0.15394017
48715, 0.15394034
48716, 0.15394051
48717, 0.15394068
48718, 0.15394085
48719, 0.15394102
48720, 0.15394121
48721, 0.15394138
48722, 0.15394155
48723, 0.15394172
48724, 0.15394190
48725, 0.15394207
48726, 0.15394224
48727, 0.15394241
48728, 0.15394257
48729, 0.15394274
48730, 0.15394291
48731, 0.15394309
48732, 0.15394326
48733, 0.15394343
48734, 0.15394360
48735, 0.15394377
48736, 0.15394394
48737, 0.15394411
48738, 0.15394428
48739, 0.15394445
48740, 0.15394462
48741, 0.15394481
48742, 0.15394498
48743, 0.15394515
48744, 0.15394532
48745, 0.15394549
48746, 0.15394567
48747, 0.15394584
48748, 0.15394601
48749, 0.15394618
48750, 0.15394635
48751, 0.15394652
48752, 0.15394669
48753, 0.15394686
48754, 0.15394703
48755, 0.15394720
48756, 0.15394739
48757, 0.15394756
48758, 0.15394773
48759, 0.15394791
48760, 0.15394808
48761, 0.15394825
48762, 0.15394844
48763, 0.15394861
48764, 0.15394879
48765, 0.15394896
48766, 0.15394914
48767, 0.15395138
48768, 0.15395158
48769, 0.15395176
48770, 0.15395194
48771, 0.15395211
48772, 0.15395228
48773, 0.15395245
48774, 0.15395262
48775, 0.15395279
48776, 0.15395296
48777, 0.15395313
48778, 0.15395330
48779, 0.15395347
48780, 0.15395365
48781, 0.15395382
48782, 0.15395401
48783, 0.15395418
48784, 0.15395435
48785, 0.15395452
48786, 0.15395470
48787, 0.15395487
48788, 0.15395504
48789, 0.15395521
48790, 0.15395539
48791, 0.15395555
48792, 0.15395572
48793, 0.15395591
48794, 0.15395608
48795, 0.15395625
48796, 0.15395643
48797, 0.15395660
48798, 0.15395677
48799, 0.15395694
48800, 0.15395712
48801, 0.15395729
48802, 0.15395746
48803, 0.15395763
48804, 0.15395780
48805, 0.15395797
48806, 0.15395815
48807, 0.15395831
48808, 0.15395848
48809, 0.15395865
48810, 0.15395882
48811, 0.15395900
48812, 0.15395919
48813, 0.15395936
48814, 0.15395953
48815, 0.15395970
48816, 0.15395987
48817, 0.15396004
48818, 0.15396021
48819, 0.15396039
48820, 0.15396056
48821, 0.15396073
48822, 0.15396091
48823, 0.15396107
48824, 0.15396125
48825, 0.15396142
48826, 0.15396161
48827, 0.15396178
48828, 0.15396195
48829, 0.15396212
48830, 0.15396229
48831, 0.15396246
48832, 0.15396263
48833, 0.15396280
48834, 0.15396297
48835, 0.15396314
48836, 0.15396331
48837, 0.15396349
48838, 0.15396366
48839, 0.15396383
48840, 0.15396400
48841, 0.15396417
48842, 0.15396434
48843, 0.15396451
48844, 0.15396469
48845, 0.15396486
48846, 0.15396503
48847, 0.15396520
48848, 0.15396537
48849, 0.15396554
48850, 0.15396571
48851, 0.15396588
48852, 0.15396605
48853, 0.15396622
48854, 0.15396639
48855, 0.15396656
48856, 0.15396673
48857, 0.15396690
48858, 0.15396707
48859, 0.15396725
48860, 0.15396742
48861, 0.15396762
48862, 0.15396779
48863, 0.15396796
48864, 0.15396813
48865, 0.15396830
48866, 0.15396847
48867, 0.15396864
48868, 0.15396882
48869, 0.15396899
48870, 0.15396916
48871, 0.15396933
48872, 0.15396952
48873, 0.15396969
48874, 0.15396986
48875, 0.15397003
48876, 0.15397021
48877, 0.15397038
48878, 0.15397055
48879, 0.15397072
48880, 0.15397089
48881, 0.15397106
48882, 0.15397124
48883, 0.15397141
48884, 0.15397158
48885, 0.15397176
48886, 0.15397193
48887, 0.15397210
48888, 0.15397227
48889, 0.15397244
48890, 0.15397263
48891, 0.15397280
48892, 0.15397298
48893, 0.15397512
48894, 0.15397533
48895, 0.15397550
48896, 0.15397568
48897, 0.15397586
48898, 0.15397603
48899, 0.15397620
48900, 0.15397637
48901, 0.15397655
48902, 0.15397672
48903, 0.15397690
48904, 0.15397707
48905, 0.15397724
48906, 0.15397741
48907, 0.15397758
48908, 0.15397775
48909, 0.15397792
48910, 0.15397809
48911, 0.15397828
48912, 0.15397846
48913, 0.15397863
48914, 0.15397880
48915, 0.15397897
48916, 0.15397915
48917, 0.15397932
48918, 0.15397949
48919, 0.15397966
48920, 0.15397983
48921, 0.15398000
48922, 0.15398017
48923, 0.15398034
48924, 0.15398052
48925, 0.15398070
48926, 0.15398088
48927, 0.15398105
48928, 0.15398122
48929, 0.15398139
48930, 0.15398156
48931, 0.15398173
48932, 0.15398190
48933, 0.15398207
48934, 0.15398224
48935, 0.15398241
48936, 0.15398258
48937, 0.15398275
48938, 0.15398293
48939, 0.15398310
48940, 0.15398328
48941, 0.15398346
48942, 0.15398363
48943, 0.15398380
48944, 0.15398397
48945, 0.15398414
48946, 0.15398432
48947, 0.15398448
48948, 0.15398465
48949, 0.15398483
48950, 0.15398500
48951, 0.15398517
48952, 0.15398534
48953, 0.15398551
48954, 0.15398570
48955, 0.15398588
48956, 0.15398604
48957, 0.15398621
48958, 0.15398638
48959, 0.15398655
48960, 0.15398672
48961, 0.15398689
48962, 0.15398706
48963, 0.15398723
48964, 0.15398740
48965, 0.15398759
48966, 0.15398779
48967, 0.15398796
48968, 0.15398813
48969, 0.15398830
48970, 0.15398848
48971, 0.15398865
48972, 0.15398882
48973, 0.15398899
48974, 0.15398916
48975, 0.15398933
48976, 0.15398950
48977, 0.15398967
48978, 0.15398984
48979, 0.15399002
48980, 0.15399019
48981, 0.15399036
48982, 0.15399053
48983, 0.15399070
48984, 0.15399087
48985, 0.15399104
48986, 0.15399122
48987, 0.15399139
48988, 0.15399156
48989, 0.15399173
48990, 0.15399190
48991, 0.15399208
48992, 0.15399225
48993, 0.15399242
48994, 0.15399259
48995, 0.15399276
48996, 0.15399293
48997, 0.15399310
48998, 0.15399327
48999, 0.15399344
49000, 0.15399361
49001, 0.15399378
49002, 0.15399396
49003, 0.15399413
49004, 0.15399430
49005, 0.15399447
49006, 0.15399464
49007, 0.15399481
49008, 0.15399498
49009, 0.15399515
49010, 0.15399532
49011, 0.15399550
49012, 0.15399567
49013, 0.15399584
49014, 0.15399601
49015, 0.15399618
49016, 0.15399635
49017, 0.15399652
49018, 0.15399670
49019, 0.15400022
49020, 0.15400042
49021, 0.15400060
49022, 0.15400078
49023, 0.15400096
49024, 0.15400113
49025, 0.15400130
49026, 0.15400148
49027, 0.15400167
49028, 0.15400184
49029, 0.15400202
49030, 0.15400219
49031, 0.15400236
49032, 0.15400253
49033, 0.15400271
49034, 0.15400288
49035, 0.15400305
49036, 0.15400323
49037, 0.15400340
49038, 0.15400357
49039, 0.15400374
49040, 0.15400392
49041, 0.15400410
49042, 0.15400427
49043, 0.15400445
49044, 0.15400462
49045, 0.15400480
49046, 0.15400497
49047, 0.15400514
49048, 0.15400532
49049, 0.15400549
49050, 0.15400566
49051, 0.15400584
49052, 0.15400601
49053, 0.15400618
49054, 0.15400635
49055, 0.15400652
49056, 0.15400669
49057, 0.15400687
49058, 0.15400704
49059, 0.15400721
49060, 0.15400738
49061, 0.15400756
49062, 0.15400773
49063, 0.15400791
49064, 0.15400808
49065, 0.15400825
49066, 0.15400842
49067, 0.15400860
49068, 0.15400877
49069, 0.15400894
49070, 0.15400912
49071, 0.15400929
49072, 0.15400946
49073, 0.15400963
49074, 0.15400982
49075, 0.15401000
49076, 0.15401017
49077, 0.15401034
49078, 0.15401052
49079, 0.15401069
49080, 0.15401086
49081, 0.15401103
49082, 0.15401121
49083, 0.15401138
49084, 0.15401155
49085, 0.15401172
49086, 0.15401189
49087, 0.15401206
49088, 0.15401224
49089, 0.15401241
49090, 0.15401259
49091, 0.15401276
49092, 0.15401294
49093, 0.15401311
49094, 0.15401328
49095, 0.15401345
49096, 0.15401363
49097, 0.15401380
49098, 0.15401398
49099, 0.15401415
49100, 0.15401433
49101, 0.15401450
49102, 0.15401467
49103, 0.15401484
49104, 0.15401502
49105, 0.15401519
49106, 0.15401537
49107, 0.15401554
49108, 0.15401571
49109, 0.15401589
49110, 0.15401606
49111, 0.15401624
49112, 0.15401641
49113, 0.15401658
49114, 0.15401676
49115, 0.15401693
49116, 0.15401710
49117, 0.15401728
49118, 0.15401745
49119, 0.15401762
49120, 0.15401779
49121, 0.15401796
49122, 0.15401814
49123, 0.15401831
49124, 0.15401848
49125, 0.15401865
49126, 0.15401882
49127, 0.15401900
49128, 0.15401916
49129, 0.15401934
49130, 0.15401951
49131, 0.15401969
49132, 0.15401986
49133, 0.15402003
49134, 0.15402020
49135, 0.15402037
49136, 0.15402054
49137, 0.15402072
49138, 0.15402089
49139, 0.15402106
49140, 0.15402123
49141, 0.15402140
49142, 0.15402158
49143, 0.15402175
49144, 0.15402193
49145, 0.15402418
49146, 0.15402436
49147, 0.15402454
49148, 0.15402471
49149, 0.15402489
49150, 0.15402507
49151, 0.15402524
49152, 0.15402542
49153, 0.15402559
49154, 0.15402576
49155, 0.15402593
49156, 0.15402610
49157, 0.15402627
49158, 0.15402644
49159, 0.15402669
49160, 0.15402686
49161, 0.15402704
49162, 0.15402721
49163, 0.15402738
49164, 0.15402755
49165, 0.15402772
49166, 0.15402789
49167, 0.15402814
49168, 0.15402831
49169, 0.15402849
49170, 0.15402875
49171, 0.15402893
49172, 0.15402910
49173, 0.15402927
49174, 0.15402944
49175, 0.15402968
49176, 0.15402986
49177, 0.15403002
49178, 0.15403019
49179, 0.15403037
49180, 0.15403054
49181, 0.15403071
49182, 0.15403088
49183, 0.15403113
49184, 0.15403131
49185, 0.15403148
49186, 0.15403165
49187, 0.15403182
49188, 0.15403200
49189, 0.15403217
49190, 0.15403234
49191, 0.15403258
49192, 0.15403275
49193, 0.15403292
49194, 0.15403310
49195, 0.15403327
49196, 0.15403343
49197, 0.15403361
49198, 0.15403378
49199, 0.15403402
49200, 0.15403419
49201, 0.15403436
49202, 0.15403453
49203, 0.15403470
49204, 0.15403487
49205, 0.15403504
49206, 0.15403522
49207, 0.15403547
49208, 0.15403564
49209, 0.15403582
49210, 0.15403600
49211, 0.15403617
49212, 0.15403634
49213, 0.15403651
49214, 0.15403668
49215, 0.15403692
49216, 0.15403710
49217, 0.15403729
49218, 0.15403746
49219, 0.15403764
49220, 0.15403782
49221, 0.15403799
49222, 0.15403817
49223, 0.15403835
49224, 0.15403852
49225, 0.15403870
49226, 0.15403888
49227, 0.15403905
49228, 0.15403923
49229, 0.15403940
49230, 0.15403958
49231, 0.15403975
49232, 0.15403993
49233, 0.15404011
49234, 0.15404028
49235, 0.15404046
49236, 0.15404063
49237, 0.15404081
49238, 0.15404099
49239, 0.15404117
49240, 0.15404134
49241, 0.15404152
49242, 0.15404170
49243, 0.15404187
49244, 0.15404205
49245, 0.15404223
49246, 0.15404240
49247, 0.15404258
49248, 0.15404276
49249, 0.15404293
49250, 0.15404311
49251, 0.15404329
49252, 0.15404347
49253, 0.15404364
49254, 0.15404381
49255, 0.15404400
49256, 0.15404417
49257, 0.15404434
49258, 0.15404452
49259, 0.15404469
49260, 0.15404485
49261, 0.15404502
49262, 0.15404519
49263, 0.15404536
49264, 0.15404553
49265, 0.15404571
49266, 0.15404588
49267, 0.15404605
49268, 0.15404622
49269, 0.15404639
49270, 0.15404657
49271, 0.15404884
49272, 0.15404902
49273, 0.15404920
49274, 0.15404944
49275, 0.15404962
49276, 0.15404980
49277, 0.15404997
49278, 0.15405015
49279, 0.15405032
49280, 0.15405049
49281, 0.15405066
49282, 0.15405083
49283, 0.15405099
49284, 0.15405116
49285, 0.15405133
49286, 0.15405149
49287, 0.15405166
49288, 0.15405183
49289, 0.15405199
49290, 0.15405216
49291, 0.15405233
49292, 0.15405250
49293, 0.15405267
49294, 0.15405284
49295, 0.15405300
49296, 0.15405317
49297, 0.15405334
49298, 0.15405350
49299, 0.15405367
49300, 0.15405384
49301, 0.15405401
49302, 0.15405417
49303, 0.15405434
49304, 0.15405451
49305, 0.15405467
49306, 0.15405484
49307, 0.15405501
49308, 0.15405518
49309, 0.15405534
49310, 0.15405551
49311, 0.15405568
49312, 0.15405584
49313, 0.15405601
49314, 0.15405618
49315, 0.15405635
49316, 0.15405651
49317, 0.15405668
49318, 0.15405685
49319, 0.15405702
49320, 0.15405718
49321, 0.15405735
49322, 0.15405752
49323, 0.15405769
49324, 0.15405786
49325, 0.15405802
49326, 0.15405819
49327, 0.15405836
49328, 0.15405852
49329, 0.15405869
49330, 0.15405886
49331, 0.15405902
49332, 0.15405919
49333, 0.15405936
49334, 0.15405953
49335, 0.15405969
49336, 0.15405986
49337, 0.15406003
49338, 0.15406020
49339, 0.15406036
49340, 0.15406053
49341, 0.15406070
49342, 0.15406087
49343, 0.15406104
49344, 0.15406120
49345, 0.15406137
49346, 0.15406154
49347, 0.15406171
49348, 0.15406188
49349, 0.15406205
49350, 0.15406221
49351, 0.15406238
49352, 0.15406255
49353, 0.15406272
49354, 0.15406289
49355, 0.15406305
49356, 0.15406322
49357, 0.15406339
49358, 0.15406356
49359, 0.15406373
49360, 0.15406390
49361, 0.15406407
49362, 0.15406423
49363, 0.15406440
49364, 0.15406457
49365, 0.15406474
49366, 0.15406491
49367, 0.15406507
49368, 0.15406524
49369, 0.15406541
49370, 0.15406558
49371, 0.15406575
49372, 0.15406591
49373, 0.15406609
49374, 0.15406625
49375, 0.15406642
49376, 0.15406659
49377, 0.15406676
49378, 0.15406693
49379, 0.15406710
49380, 0.15406726
49381, 0.15406743
49382, 0.15406760
49383, 0.15406777
49384, 0.15406794
49385, 0.15406811
49386, 0.15406828
49387, 0.15406844
49388, 0.15406861
49389, 0.15406878
49390, 0.15406895
49391, 0.15406912
49392, 0.15406929
49393, 0.15406945
49394, 0.15406962
49395, 0.15406979
49396, 0.15406997
49397, 0.15407251
49398, 0.15407268
49399, 0.15407286
49400, 0.15407303
49401, 0.15407320
49402, 0.15407337
49403, 0.15407354
49404, 0.15407370
49405, 0.15407387
49406, 0.15407404
49407, 0.15407424
49408, 0.15407441
49409, 0.15407458
49410, 0.15407475
49411, 0.15407493
49412, 0.15407510
49413, 0.15407526
49414, 0.15407544
49415, 0.15407560
49416, 0.15407577
49417, 0.15407594
49418, 0.15407611
49419, 0.15407628
49420, 0.15407645
49421, 0.15407662
49422, 0.15407678
49423, 0.15407695
49424, 0.15407712
49425, 0.15407729
49426, 0.15407746
49427, 0.15407762
49428, 0.15407779
49429, 0.15407796
49430, 0.15407813
49431, 0.15407830
49432, 0.15407847
49433, 0.15407864
49434, 0.15407881
49435, 0.15407898
49436, 0.15407915
49437, 0.15407931
49438, 0.15407948
49439, 0.15407965
49440, 0.15407982
49441, 0.15407999
49442, 0.15408016
49443, 0.15408033
49444, 0.15408050
49445, 0.15408066
49446, 0.15408083
49447, 0.15408100
49448, 0.15408117
49449, 0.15408134
49450, 0.15408151
49451, 0.15408168
49452, 0.15408185
49453, 0.15408202
49454, 0.15408219
49455, 0.15408236
49456, 0.15408253
49457, 0.15408270
49458, 0.15408287
49459, 0.15408304
49460, 0.15408321
49461, 0.15408338
49462, 0.15408355
49463, 0.15408372
49464, 0.15408389
49465, 0.15408406
49466, 0.15408423
49467, 0.15408440
49468, 0.15408456
49469, 0.15408475
49470, 0.15408492
49471, 0.15408509
49472, 0.15408526
49473, 0.15408543
49474, 0.15408560
49475, 0.15408577
49476, 0.15408594
49477, 0.15408611
49478, 0.15408627
49479, 0.15408644
49480, 0.15408661
49481, 0.15408678
49482, 0.15408695
49483, 0.15408712
49484, 0.15408738
49485, 0.15408758
49486, 0.15408784
49487, 0.15408814
49488, 0.15408843
49489, 0.15408868
49490, 0.15408897
49491, 0.15408928
49492, 0.15408959
49493, 0.15408987
49494, 0.15409011
49495, 0.15409043
49496, 0.15409072
49497, 0.15409102
49498, 0.15409132
49499, 0.15409155
49500, 0.15409185
49501, 0.15409217
49502, 0.15409252
49503, 0.15409301
49504, 0.15409324
49505, 0.15409346
49506, 0.15409368
49507, 0.15409388
49508, 0.15409423
49509, 0.15409440
49510, 0.15409457
49511, 0.15409474
49512, 0.15409491
49513, 0.15409508
49514, 0.15409524
49515, 0.15409541
49516, 0.15409558
49517, 0.15409574
49518, 0.15409591
49519, 0.15409608
49520, 0.15409626
49521, 0.15409643
49522, 0.15409662
49523, 0.15409953
49524, 0.15409990
49525, 0.15410024
49526, 0.15410067
49527, 0.15410092
49528, 0.15410113
49529, 0.15410149
49530, 0.15410166
49531, 0.15410183
49532, 0.15410200
49533, 0.15410217
49534, 0.15410234
49535, 0.15410251
49536, 0.15410268
49537, 0.15410285
49538, 0.15410303
49539, 0.15410320
49540, 0.15410337
49541, 0.15410354
49542, 0.15410371
49543, 0.15410388
49544, 0.15410405
49545, 0.15410422
49546, 0.15410439
49547, 0.15410456
49548, 0.15410473
49549, 0.15410490
49550, 0.15410507
49551, 0.15410524
49552, 0.15410541
49553, 0.15410558
49554, 0.15410575
49555, 0.15410593
49556, 0.15410609
49557, 0.15410626
49558, 0.15410643
49559, 0.15410661
49560, 0.15410678
49561, 0.15410695
49562, 0.15410712
49563, 0.15410729
49564, 0.15410746
49565, 0.15410764
49566, 0.15410781
49567, 0.15410798
49568, 0.15410814
49569, 0.15410831
49570, 0.15410848
49571, 0.15410865
49572, 0.15410882
49573, 0.15410898
49574, 0.15410915
49575, 0.15410932
49576, 0.15410949
49577, 0.15410966
49578, 0.15410983
49579, 0.15411000
49580, 0.15411016
49581, 0.15411033
49582, 0.15411050
49583, 0.15411067
49584, 0.15411084
49585, 0.15411100
49586, 0.15411117
49587, 0.15411134
49588, 0.15411151
49589, 0.15411168
49590, 0.15411184
49591, 0.15411201
49592, 0.15411218
49593, 0.15411235
49594, 0.15411251
49595, 0.15411268
49596, 0.15411285
49597, 0.15411302
49598, 0.15411318
49599, 0.15411335
49600, 0.15411352
49601, 0.15411369
49602, 0.15411385
49603, 0.15411402
49604, 0.15411419
49605, 0.15411436
49606, 0.15411452
49607, 0.15411469
49608, 0.15411486
49609, 0.15411503
49610, 0.15411519
49611, 0.15411536
49612, 0.15411553
49613, 0.15411570
49614, 0.15411587
49615, 0.15411604
49616, 0.15411621
49617, 0.15411637
49618, 0.15411654
49619, 0.15411671
49620, 0.15411687
49621, 0.15411704
49622, 0.15411721
49623, 0.15411738
49624, 0.15411755
49625, 0.15411771
49626, 0.15411788
49627, 0.15411805
49628, 0.15411821
49629, 0.15411838
49630, 0.15411855
49631, 0.15411871
49632, 0.15411888
49633, 0.15411905
49634, 0.15411921
49635, 0.15411938
49636, 0.15411955
49637, 0.15411971
49638, 0.15411988
49639, 0.15412005
49640, 0.15412022
49641, 0.15412038
49642, 0.15412055
49643, 0.15412072
49644, 0.15412089
49645, 0.15412106
49646, 0.15412123
49647, 0.15412139
49648, 0.15412157
49649, 0.15412392
49650, 0.15412411
49651, 0.15412428
49652, 0.15412445
49653, 0.15412462
49654, 0.15412479
49655, 0.15412496
49656, 0.15412512
49657, 0.15412529
49658, 0.15412546
49659, 0.15412563
49660, 0.15412580
49661, 0.15412597
49662, 0.15412613
49663, 0.15412630
49664, 0.15412647
49665, 0.15412664
49666, 0.15412681
49667, 0.15412697
49668, 0.15412714
49669, 0.15412731
49670, 0.15412748
49671, 0.15412772
49672, 0.15412790
49673, 0.15412807
49674, 0.15412824
49675, 0.15412841
49676, 0.15412858
49677, 0.15412874
49678, 0.15412891
49679, 0.15412916
49680, 0.15412933
49681, 0.15412950
49682, 0.15412967
49683, 0.15412983
49684, 0.15413000
49685, 0.15413017
49686, 0.15413033
49687, 0.15413058
49688, 0.15413075
49689, 0.15413092
49690, 0.15413109
49691, 0.15413127
49692, 0.15413144
49693, 0.15413161
49694, 0.15413177
49695, 0.15413202
49696, 0.15413219
49697, 0.15413236
49698, 0.15413253
49699, 0.15413270
49700, 0.15413287
49701, 0.15413304
49702, 0.15413321
49703, 0.15413345
49704, 0.15413362
49705, 0.15413379
49706, 0.15413396
49707, 0.15413413
49708, 0.15413430
49709, 0.15413447
49710, 0.15413464
49711, 0.15413488
49712, 0.15413505
49713, 0.15413522
49714, 0.15413539
49715, 0.15413556
49716, 0.15413573
49717, 0.15413589
49718, 0.15413606
49719, 0.15413632
49720, 0.15413649
49721, 0.15413665
49722, 0.15413682
49723, 0.15413699
49724, 0.15413716
49725, 0.15413733
49726, 0.15413749
49727, 0.15413775
49728, 0.15413791
49729, 0.15413809
49730, 0.15413825
49731, 0.15413842
49732, 0.15413860
49733, 0.15413877
49734, 0.15413894
49735, 0.15413910
49736, 0.15413927
49737, 0.15413944
49738, 0.15413960
49739, 0.15413978
49740, 0.15413995
49741, 0.15414011
49742, 0.15414028
49743, 0.15414045
49744, 0.15414062
49745, 0.15414078
49746, 0.15414095
49747, 0.15414112
49748, 0.15414128
49749, 0.15414145
49750, 0.15414162
49751, 0.15414179
49752, 0.15414195
49753, 0.15414212
49754, 0.15414229
49755, 0.15414245
49756, 0.15414262
49757, 0.15414279
49758, 0.15414295
49759, 0.15414312
49760, 0.15414329
49761, 0.15414346
49762, 0.15414362
49763, 0.15414379
49764, 0.15414396
49765, 0.15414412
49766, 0.15414429
49767, 0.15414446
49768, 0.15414463
49769, 0.15414479
49770, 0.15414496
49771, 0.15414513
49772, 0.15414530
49773, 0.15414547
49774, 0.15414565
49775, 0.15414793
49776, 0.15414813
49777, 0.15414830
49778, 0.15414847
49779, 0.15414864
49780, 0.15414886
49781, 0.15414903
49782, 0.15414920
49783, 0.15414937
49784, 0.15414954
49785, 0.15414970
49786, 0.15414987
49787, 0.15415004
49788, 0.15415021
49789, 0.15415038
49790, 0.15415055
49791, 0.15415081
49792, 0.15415098
49793, 0.15415115
49794, 0.15415132
49795, 0.15415149
49796, 0.15415165
49797, 0.15415183
49798, 0.15415201
49799, 0.15415218
49800, 0.15415236
49801, 0.15415254
49802, 0.15415278
49803, 0.15415295
49804, 0.15415313
49805, 0.15415331
49806, 0.15415348
49807, 0.15415366
49808, 0.15415384
49809, 0.15415401
49810, 0.15415419
49811, 0.15415436
49812, 0.15415454
49813, 0.15415472
49814, 0.15415489
49815, 0.15415507
49816, 0.15415524
49817, 0.15415542
49818, 0.15415560
49819, 0.15415577
49820, 0.15415595
49821, 0.15415613
49822, 0.15415630
49823, 0.15415648
49824, 0.15415665
49825, 0.15415683
49826, 0.15415700
49827, 0.15415718
49828, 0.15415735
49829, 0.15415753
49830, 0.15415771
49831, 0.15415788
49832, 0.15415806
49833, 0.15415824
49834, 0.15415841
49835, 0.15415858
49836, 0.15415875
49837, 0.15415891
49838, 0.15415908
49839, 0.15415925
49840, 0.15415942
49841, 0.15415958
49842, 0.15415975
49843, 0.15415992
49844, 0.15416009
49845, 0.15416025
49846, 0.15416042
49847, 0.15416059
49848, 0.15416076
49849, 0.15416092
49850, 0.15416109
49851, 0.15416126
49852, 0.15416143
49853, 0.15416160
49854, 0.15416177
49855, 0.15416193
49856, 0.15416210
49857, 0.15416227
49858, 0.15416244
49859, 0.15416260
49860, 0.15416277
49861, 0.15416294
49862, 0.15416310
49863, 0.15416327
49864, 0.15416343
49865, 0.15416360
49866, 0.15416377
49867, 0.15416394
49868, 0.15416411
49869, 0.15416428
49870, 0.15416444
49871, 0.15416461
49872, 0.15416478
49873, 0.15416495
49874, 0.15416512
49875, 0.15416528
49876, 0.15416545
49877, 0.15416562
49878, 0.15416578
49879, 0.15416595
49880, 0.15416612
49881, 0.15416629
49882, 0.15416645
49883, 0.15416662
49884, 0.15416679
49885, 0.15416696
49886, 0.15416712
49887, 0.15416729
49888, 0.15416746
49889, 0.15416763
49890, 0.15416779
49891, 0.15416796
49892, 0.15416813
49893, 0.15416830
49894, 0.15416847
49895, 0.15416863
49896, 0.15416880
49897, 0.15416897
49898, 0.15416913
49899, 0.15416930
49900, 0.15416948
49901, 0.15417188
49902, 0.15417208
49903, 0.15417225
49904, 0.15417243
49905, 0.15417261
49906, 0.15417279
49907, 0.15417297
49908, 0.15417314
49909, 0.15417331
49910, 0.15417348
49911, 0.15417365
49912, 0.15417382
49913, 0.15417400
49914, 0.15417416
49915, 0.15417433
49916, 0.15417450
49917, 0.15417467
49918, 0.15417484
49919, 0.15417501
49920, 0.15417518
49921, 0.15417535
49922, 0.15417552
49923, 0.15417569
49924, 0.15417586
49925, 0.15417603
49926, 0.15417620
49927, 0.15417636
49928, 0.15417653
49929, 0.15417670
49930, 0.15417686
49931, 0.15417704
49932, 0.15417720
49933, 0.15417737
49934, 0.15417754
49935, 0.15417770
49936, 0.15417787
49937, 0.15417803
49938, 0.15417820
49939, 0.15417837
49940, 0.15417854
49941, 0.15417870
49942, 0.15417887
49943, 0.15417904
49944, 0.15417920
49945, 0.15417937
49946, 0.15417954
49947, 0.15417971
49948, 0.15417987
49949, 0.15418004
49950, 0.15418021
49951, 0.15418038
49952, 0.15418055
49953, 0.15418071
49954, 0.15418088
49955, 0.15418104
49956, 0.15418121
49957, 0.15418138
49958, 0.15418154
49959, 0.15418171
49960, 0.15418188
49961, 0.15418204
49962, 0.15418221
49963, 0.15418238
49964, 0.15418255
49965, 0.15418272
49966, 0.15418288
49967, 0.15418305
49968, 0.15418322
49969, 0.15418339
49970, 0.15418356
49971, 0.15418372
49972, 0.15418389
49973, 0.15418406
49974, 0.15418422
49975, 0.15418439
49976, 0.15418456
49977, 0.15418472
49978, 0.15418489
49979, 0.15418505
49980, 0.15418522
49981, 0.15418539
49982, 0.15418555
49983, 0.15418572
49984, 0.15418589
49985, 0.15418606
49986, 0.15418622
49987, 0.15418639
49988, 0.15418656
49989, 0.15418673
49990, 0.15418689
49991, 0.15418708
49992, 0.15418725
49993, 0.15418742
49994, 0.15418758
49995, 0.15418775
49996, 0.15418792
49997, 0.15418808
49998, 0.15418825
49999, 0.15418842
50000, 0.15418858
