0, 0.00000000
1, 0.00000116
2, 0.00000142
3, 0.00000160
4, 0.00000177
5, 0.00000194
6, 0.00000216
7, 0.00000250
8, 0.00000274
9, 0.00000290
10, 0.00000307
11, 0.00000323
12, 0.00000340
13, 0.00000356
14, 0.00000372
15, 0.00000388
16, 0.00000405
17, 0.00000421
18, 0.00000437
19, 0.00000457
20, 0.00000474
21, 0.00000501
22, 0.00000520
23, 0.00000545
24, 0.00000562
25, 0.00000587
26, 0.00000604
27, 0.00000623
28, 0.00000640
29, 0.00000667
30, 0.00000686
31, 0.00000703
32, 0.00000719
33, 0.00000736
34, 0.00000753
35, 0.00000770
36, 0.00000786
37, 0.00000803
38, 0.00000819
39, 0.00000836
40, 0.00000853
41, 0.00000869
42, 0.00000886
43, 0.00000902
44, 0.00000919
45, 0.00000935
46, 0.00000952
47, 0.00000968
48, 0.00000984
49, 0.00001001
50, 0.00001017
51, 0.00001034
52, 0.00001050
53, 0.00001067
54, 0.00001083
55, 0.00001103
56, 0.00001120
57, 0.00001142
58, 0.00001161
59, 0.00001177
60, 0.00001194
61, 0.00001211
62, 0.00001228
63, 0.00001245
64, 0.00001262
65, 0.00001279
66, 0.00001297
67, 0.00001314
68, 0.00001332
69, 0.00001349
70, 0.00001366
71, 0.00001382
72, 0.00001399
73, 0.00001415
74, 0.00001432
75, 0.00001449
76, 0.00001465
77, 0.00001481
78, 0.00001498
79, 0.00001515
80, 0.00001532
81, 0.00001549
82, 0.00001566
83, 0.00001582
84, 0.00001599
85, 0.00001616
86, 0.00001634
87, 0.00001652
88, 0.00001669
89, 0.00001685
90, 0.00001702
91, 0.00001719
92, 0.00001736
93, 0.00001752
94, 0.00001769
95, 0.00001796
96, 0.00001812
97, 0.00001829
98, 0.00001846
99, 0.00001863
100, 0.00001880
101, 0.00001897
102, 0.00001914
103, 0.00001931
104, 0.00001947
105, 0.00001964
106, 0.00001981
107, 0.00001998
108, 0.00002015
109, 0.00002031
110, 0.00002048
111, 0.00002067
112, 0.00002083
113, 0.00002100
114, 0.00002117
115, 0.00002134
116, 0.00002150
117, 0.00002167
118, 0.00002184
119, 0.00002211
120, 0.00002228
121, 0.00002245
122, 0.00002262
123, 0.00002278
124, 0.00002295
125, 0.00002312
126, 0.00002329
127, 0.00002353
128, 0.00002373
129, 0.00002390
130, 0.00002407
131, 0.00002424
132, 0.00002442
133, 0.00002476
134, 0.00002495
135, 0.00002524
136, 0.00002541
137, 0.00002557
138, 0.00002574
139, 0.00002591
140, 0.00002608
141, 0.00002624
142, 0.00002641
143, 0.00002668
144, 0.00002685
145, 0.00002701
146, 0.00002719
147, 0.00002737
148, 0.00002757
149, 0.00002773
150, 0.00002790
151, 0.00002808
152, 0.00002825
153, 0.00002841
154, 0.00002858
155, 0.00002875
156, 0.00002892
157, 0.00002908
158, 0.00002926
159, 0.00002943
160, 0.00002960
161, 0.00002977
162, 0.00002994
163, 0.00003010
164, 0.00003029
165, 0.00003045
166, 0.00003062
167, 0.00003079
168, 0.00003096
169, 0.00003113
170, 0.00003130
171, 0.00003146
172, 0.00003163
173, 0.00003180
174, 0.00003197
175, 0.00003214
176, 0.00003231
177, 0.00003247
178, 0.00003264
179, 0.00003281
180, 0.00003298
181, 0.00003314
182, 0.00003342
183, 0.00003359
184, 0.00003375
185, 0.00003392
186, 0.00003408
187, 0.00003424
188, 0.00003441
189, 0.00003457
190, 0.00003474
191, 0.00003490
192, 0.00003507
193, 0.00003523
194, 0.00003540
195, 0.00003556
196, 0.00003572
197, 0.00003589
198, 0.00003605
199, 0.00003622
200, 0.00003639
201, 0.00003655
202, 0.00003672
203, 0.00003688
204, 0.00003704
205, 0.00003721
206, 0.00003737
207, 0.00003754
208, 0.00003770
209, 0.00003787
210, 0.00003803
211, 0.00003820
212, 0.00003836
213, 0.00003852
214, 0.00003869
215, 0.00003885
216, 0.00003902
217, 0.00003918
218, 0.00003935
219, 0.00003951
220, 0.00003968
221, 0.00003984
222, 0.00004001
223, 0.00004017
224, 0.00004033
225, 0.00004050
226, 0.00004066
227, 0.00004085
228, 0.00004101
229, 0.00004118
230, 0.00004135
231, 0.00004151
232, 0.00004168
233, 0.00004184
234, 0.00004201
235, 0.00004217
236, 0.00004234
237, 0.00004250
238, 0.00004266
239, 0.00004283
240, 0.00004299
241, 0.00004315
242, 0.00004332
243, 0.00004348
244, 0.00004365
245, 0.00004381
246, 0.00004398
247, 0.00004417
248, 0.00004433
249, 0.00004450
250, 0.00004466
251, 0.00004483
252, 0.00004499
253, 0.00004515
254, 0.00004532
255, 0.00004548
256, 0.00004565
257, 0.00004586
258, 0.00004622
259, 0.00004645
260, 0.00004664
261, 0.00004681
262, 0.00004698
263, 0.00004716
264, 0.00004733
265, 0.00004750
266, 0.00004768
267, 0.00004785
268, 0.00004803
269, 0.00004820
270, 0.00004837
271, 0.00004855
272, 0.00004872
273, 0.00004889
274, 0.00004907
275, 0.00004924
276, 0.00004941
277, 0.00004959
278, 0.00004976
279, 0.00004994
280, 0.00005011
281, 0.00005028
282, 0.00005046
283, 0.00005063
284, 0.00005080
285, 0.00005098
286, 0.00005115
287, 0.00005133
288, 0.00005150
289, 0.00005167
290, 0.00005185
291, 0.00005202
292, 0.00005220
293, 0.00005237
294, 0.00005254
295, 0.00005272
296, 0.00005289
297, 0.00005306
298, 0.00005324
299, 0.00005341
300, 0.00005358
301, 0.00005376
302, 0.00005393
303, 0.00005410
304, 0.00005427
305, 0.00005445
306, 0.00005462
307, 0.00005480
308, 0.00005497
309, 0.00005514
310, 0.00005532
311, 0.00005549
312, 0.00005567
313, 0.00005584
314, 0.00005602
315, 0.00005619
316, 0.00005637
317, 0.00005654
318, 0.00005672
319, 0.00005689
320, 0.00005706
321, 0.00005724
322, 0.00005741
323, 0.00005758
324, 0.00005776
325, 0.00005793
326, 0.00005810
327, 0.00005828
328, 0.00005845
329, 0.00005862
330, 0.00005880
331, 0.00005897
332, 0.00005914
333, 0.00005931
334, 0.00005949
335, 0.00005966
336, 0.00005984
337, 0.00006002
338, 0.00006020
339, 0.00006038
340, 0.00006056
341, 0.00006074
342, 0.00006092
343, 0.00006110
344, 0.00006127
345, 0.00006144
346, 0.00006162
347, 0.00006179
348, 0.00006196
349, 0.00006214
350, 0.00006231
351, 0.00006248
352, 0.00006266
353, 0.00006283
354, 0.00006303
355, 0.00006320
356, 0.00006337
357, 0.00006355
358, 0.00006372
359, 0.00006389
360, 0.00006407
361, 0.00006424
362, 0.00006442
363, 0.00006459
364, 0.00006476
365, 0.00006493
366, 0.00006511
367, 0.00006528
368, 0.00006545
369, 0.00006563
370, 0.00006580
371, 0.00006597
372, 0.00006614
373, 0.00006632
374, 0.00006649
375, 0.00006666
376, 0.00006684
377, 0.00006701
378, 0.00006719
379, 0.00006736
380, 0.00006754
381, 0.00006771
382, 0.00006792
383, 0.00007027
384, 0.00007049
385, 0.00007071
386, 0.00007089
387, 0.00007107
388, 0.00007125
389, 0.00007143
390, 0.00007160
391, 0.00007178
392, 0.00007195
393, 0.00007213
394, 0.00007231
395, 0.00007248
396, 0.00007266
397, 0.00007283
398, 0.00007301
399, 0.00007318
400, 0.00007335
401, 0.00007353
402, 0.00007370
403, 0.00007388
404, 0.00007405
405, 0.00007422
406, 0.00007440
407, 0.00007457
408, 0.00007474
409, 0.00007491
410, 0.00007509
411, 0.00007526
412, 0.00007544
413, 0.00007561
414, 0.00007579
415, 0.00007597
416, 0.00007615
417, 0.00007632
418, 0.00007650
419, 0.00007667
420, 0.00007685
421, 0.00007702
422, 0.00007719
423, 0.00007736
424, 0.00007754
425, 0.00007771
426, 0.00007788
427, 0.00007805
428, 0.00007823
429, 0.00007841
430, 0.00007859
431, 0.00007877
432, 0.00007895
433, 0.00007912
434, 0.00007930
435, 0.00007947
436, 0.00007964
437, 0.00007982
438, 0.00007999
439, 0.00008016
440, 0.00008034
441, 0.00008051
442, 0.00008068
443, 0.00008086
444, 0.00008104
445, 0.00008122
446, 0.00008142
447, 0.00008160
448, 0.00008178
449, 0.00008196
450, 0.00008213
451, 0.00008231
452, 0.00008249
453, 0.00008266
454, 0.00008283
455, 0.00008301
456, 0.00008318
457, 0.00008335
458, 0.00008353
459, 0.00008370
460, 0.00008387
461, 0.00008404
462, 0.00008422
463, 0.00008439
464, 0.00008457
465, 0.00008474
466, 0.00008491
467, 0.00008508
468, 0.00008525
469, 0.00008543
470, 0.00008560
471, 0.00008578
472, 0.00008595
473, 0.00008612
474, 0.00008629
475, 0.00008647
476, 0.00008664
477, 0.00008682
478, 0.00008699
479, 0.00008716
480, 0.00008734
481, 0.00008754
482, 0.00008771
483, 0.00008789
484, 0.00008807
485, 0.00008824
486, 0.00008841
487, 0.00008859
488, 0.00008877
489, 0.00008894
490, 0.00008911
491, 0.00008928
492, 0.00008946
493, 0.00008963
494, 0.00008981
495, 0.00008998
496, 0.00009015
497, 0.00009033
498, 0.00009050
499, 0.00009067
500, 0.00009085
501, 0.00009102
502, 0.00009119
503, 0.00009136
504, 0.00009154
505, 0.00009171
506, 0.00009189
507, 0.00009206
508, 0.00009225
509, 0.00009440
510, 0.00009461
511, 0.00009484
512, 0.00009501
513, 0.00009519
514, 0.00009536
515, 0.00009554
516, 0.00009571
517, 0.00009588
518, 0.00009605
519, 0.00009622
520, 0.00009639
521, 0.00009656
522, 0.00009673
523, 0.00009691
524, 0.00009708
525, 0.00009726
526, 0.00009743
527, 0.00009760
528, 0.00009777
529, 0.00009795
530, 0.00009812
531, 0.00009830
532, 0.00009847
533, 0.00009864
534, 0.00009881
535, 0.00009898
536, 0.00009916
537, 0.00009934
538, 0.00009952
539, 0.00009970
540, 0.00009988
541, 0.00010006
542, 0.00010023
543, 0.00010043
544, 0.00010060
545, 0.00010078
546, 0.00010095
547, 0.00010112
548, 0.00010129
549, 0.00010146
550, 0.00010163
551, 0.00010181
552, 0.00010198
553, 0.00010215
554, 0.00010233
555, 0.00010250
556, 0.00010267
557, 0.00010284
558, 0.00010301
559, 0.00010319
560, 0.00010336
561, 0.00010353
562, 0.00010370
563, 0.00010387
564, 0.00010404
565, 0.00010421
566, 0.00010439
567, 0.00010456
568, 0.00010473
569, 0.00010490
570, 0.00010507
571, 0.00010525
572, 0.00010542
573, 0.00010559
574, 0.00010576
575, 0.00010593
576, 0.00010610
577, 0.00010628
578, 0.00010645
579, 0.00010662
580, 0.00010679
581, 0.00010696
582, 0.00010714
583, 0.00010731
584, 0.00010748
585, 0.00010765
586, 0.00010782
587, 0.00010800
588, 0.00010817
589, 0.00010834
590, 0.00010851
591, 0.00010869
592, 0.00010886
593, 0.00010904
594, 0.00010921
595, 0.00010938
596, 0.00010955
597, 0.00010973
598, 0.00010990
599, 0.00011008
600, 0.00011026
601, 0.00011043
602, 0.00011061
603, 0.00011078
604, 0.00011096
605, 0.00011113
606, 0.00011131
607, 0.00011149
608, 0.00011167
609, 0.00011184
610, 0.00011202
611, 0.00011219
612, 0.00011237
613, 0.00011254
614, 0.00011271
615, 0.00011290
616, 0.00011307
617, 0.00011325
618, 0.00011343
619, 0.00011360
620, 0.00011378
621, 0.00011395
622, 0.00011413
623, 0.00011431
624, 0.00011448
625, 0.00011466
626, 0.00011483
627, 0.00011501
628, 0.00011518
629, 0.00011536
630, 0.00011553
631, 0.00011572
632, 0.00011589
633, 0.00011607
634, 0.00011625
635, 0.00011840
636, 0.00011860
637, 0.00011878
638, 0.00011896
639, 0.00011915
640, 0.00011932
641, 0.00011950
642, 0.00011968
643, 0.00011986
644, 0.00012003
645, 0.00012021
646, 0.00012038
647, 0.00012057
648, 0.00012074
649, 0.00012092
650, 0.00012110
651, 0.00012127
652, 0.00012145
653, 0.00012163
654, 0.00012180
655, 0.00012198
656, 0.00012216
657, 0.00012234
658, 0.00012251
659, 0.00012269
660, 0.00012286
661, 0.00012304
662, 0.00012322
663, 0.00012341
664, 0.00012358
665, 0.00012376
666, 0.00012393
667, 0.00012411
668, 0.00012431
669, 0.00012449
670, 0.00012467
671, 0.00012485
672, 0.00012503
673, 0.00012521
674, 0.00012538
675, 0.00012556
676, 0.00012574
677, 0.00012591
678, 0.00012609
679, 0.00012626
680, 0.00012644
681, 0.00012661
682, 0.00012679
683, 0.00012697
684, 0.00012715
685, 0.00012732
686, 0.00012750
687, 0.00012767
688, 0.00012785
689, 0.00012802
690, 0.00012820
691, 0.00012838
692, 0.00012856
693, 0.00012874
694, 0.00012891
695, 0.00012909
696, 0.00012927
697, 0.00012944
698, 0.00012962
699, 0.00012980
700, 0.00012997
701, 0.00013014
702, 0.00013032
703, 0.00013050
704, 0.00013067
705, 0.00013087
706, 0.00013105
707, 0.00013122
708, 0.00013139
709, 0.00013157
710, 0.00013175
711, 0.00013192
712, 0.00013210
713, 0.00013227
714, 0.00013245
715, 0.00013262
716, 0.00013280
717, 0.00013298
718, 0.00013315
719, 0.00013333
720, 0.00013351
721, 0.00013368
722, 0.00013386
723, 0.00013404
724, 0.00013421
725, 0.00013439
726, 0.00013457
727, 0.00013474
728, 0.00013492
729, 0.00013510
730, 0.00013528
731, 0.00013545
732, 0.00013563
733, 0.00013581
734, 0.00013598
735, 0.00013616
736, 0.00013634
737, 0.00013652
738, 0.00013669
739, 0.00013687
740, 0.00013705
741, 0.00013722
742, 0.00013740
743, 0.00013757
744, 0.00013775
745, 0.00013792
746, 0.00013810
747, 0.00013827
748, 0.00013845
749, 0.00013863
750, 0.00013880
751, 0.00013897
752, 0.00013915
753, 0.00013934
754, 0.00013952
755, 0.00013970
756, 0.00013988
757, 0.00014005
758, 0.00014023
759, 0.00014041
760, 0.00014060
761, 0.00014274
762, 0.00014294
763, 0.00014311
764, 0.00014329
765, 0.00014347
766, 0.00014364
767, 0.00014382
768, 0.00014400
769, 0.00014417
770, 0.00014434
771, 0.00014452
772, 0.00014469
773, 0.00014487
774, 0.00014504
775, 0.00014521
776, 0.00014539
777, 0.00014556
778, 0.00014573
779, 0.00014590
780, 0.00014608
781, 0.00014625
782, 0.00014643
783, 0.00014660
784, 0.00014678
785, 0.00014696
786, 0.00014714
787, 0.00014732
788, 0.00014750
789, 0.00014768
790, 0.00014785
791, 0.00014803
792, 0.00014821
793, 0.00014841
794, 0.00014858
795, 0.00014876
796, 0.00014893
797, 0.00014910
798, 0.00014928
799, 0.00014945
800, 0.00014962
801, 0.00014980
802, 0.00014997
803, 0.00015014
804, 0.00015031
805, 0.00015048
806, 0.00015066
807, 0.00015083
808, 0.00015101
809, 0.00015118
810, 0.00015135
811, 0.00015152
812, 0.00015170
813, 0.00015190
814, 0.00015207
815, 0.00015224
816, 0.00015242
817, 0.00015259
818, 0.00015276
819, 0.00015294
820, 0.00015311
821, 0.00015328
822, 0.00015346
823, 0.00015363
824, 0.00015381
825, 0.00015398
826, 0.00015416
827, 0.00015433
828, 0.00015450
829, 0.00015468
830, 0.00015485
831, 0.00015502
832, 0.00015520
833, 0.00015537
834, 0.00015555
835, 0.00015572
836, 0.00015589
837, 0.00015607
838, 0.00015624
839, 0.00015641
840, 0.00015658
841, 0.00015676
842, 0.00015693
843, 0.00015711
844, 0.00015728
845, 0.00015746
846, 0.00015763
847, 0.00015780
848, 0.00015798
849, 0.00015816
850, 0.00015834
851, 0.00015851
852, 0.00015869
853, 0.00015887
854, 0.00015904
855, 0.00015922
856, 0.00015939
857, 0.00015957
858, 0.00015976
859, 0.00015993
860, 0.00016011
861, 0.00016028
862, 0.00016045
863, 0.00016062
864, 0.00016080
865, 0.00016097
866, 0.00016114
867, 0.00016131
868, 0.00016148
869, 0.00016166
870, 0.00016184
871, 0.00016202
872, 0.00016220
873, 0.00016238
874, 0.00016257
875, 0.00016275
876, 0.00016293
877, 0.00016311
878, 0.00016329
879, 0.00016347
880, 0.00016365
881, 0.00016383
882, 0.00016400
883, 0.00016419
884, 0.00016437
885, 0.00016454
886, 0.00016474
887, 0.00016691
888, 0.00016712
889, 0.00016730
890, 0.00016748
891, 0.00016766
892, 0.00016783
893, 0.00016800
894, 0.00016818
895, 0.00016836
896, 0.00016853
897, 0.00016871
898, 0.00016889
899, 0.00016908
900, 0.00016926
901, 0.00016944
902, 0.00016962
903, 0.00016980
904, 0.00016998
905, 0.00017016
906, 0.00017034
907, 0.00017051
908, 0.00017069
909, 0.00017087
910, 0.00017105
911, 0.00017123
912, 0.00017141
913, 0.00017160
914, 0.00017178
915, 0.00017196
916, 0.00017213
917, 0.00017231
918, 0.00017248
919, 0.00017266
920, 0.00017286
921, 0.00017304
922, 0.00017321
923, 0.00017339
924, 0.00017356
925, 0.00017374
926, 0.00017391
927, 0.00017409
928, 0.00017427
929, 0.00017445
930, 0.00017465
931, 0.00017483
932, 0.00017501
933, 0.00017518
934, 0.00017536
935, 0.00017554
936, 0.00017572
937, 0.00017589
938, 0.00017607
939, 0.00017625
940, 0.00017643
941, 0.00017661
942, 0.00017679
943, 0.00017696
944, 0.00017714
945, 0.00017732
946, 0.00017752
947, 0.00017770
948, 0.00017788
949, 0.00017805
950, 0.00017823
951, 0.00017841
952, 0.00017859
953, 0.00017876
954, 0.00017908
955, 0.00017926
956, 0.00017943
957, 0.00017961
958, 0.00017979
959, 0.00017997
960, 0.00018015
961, 0.00018032
962, 0.00018049
963, 0.00018067
964, 0.00018085
965, 0.00018103
966, 0.00018121
967, 0.00018141
968, 0.00018159
969, 0.00018176
970, 0.00018194
971, 0.00018212
972, 0.00018230
973, 0.00018248
974, 0.00018265
975, 0.00018283
976, 0.00018303
977, 0.00018321
978, 0.00018339
979, 0.00018357
980, 0.00018375
981, 0.00018393
982, 0.00018410
983, 0.00018428
984, 0.00018446
985, 0.00018464
986, 0.00018482
987, 0.00018500
988, 0.00018518
989, 0.00018535
990, 0.00018556
991, 0.00018574
992, 0.00018591
993, 0.00018609
994, 0.00018627
995, 0.00018644
996, 0.00018662
997, 0.00018679
998, 0.00018697
999, 0.00018715
1000, 0.00018734
1001, 0.00018751
1002, 0.00018769
1003, 0.00018787
1004, 0.00018804
1005, 0.00018824
1006, 0.00018841
1007, 0.00018859
1008, 0.00018876
1009, 0.00018893
1010, 0.00018911
1011, 0.00018929
1012, 0.00018948
1013, 0.00019160
1014, 0.00019181
1015, 0.00019199
1016, 0.00019216
1017, 0.00019234
1018, 0.00019251
1019, 0.00019269
1020, 0.00019286
1021, 0.00019304
1022, 0.00019321
1023, 0.00019342
1024, 0.00019359
1025, 0.00019377
1026, 0.00019394
1027, 0.00019412
1028, 0.00019429
1029, 0.00019447
1030, 0.00019464
1031, 0.00019490
1032, 0.00019507
1033, 0.00019525
1034, 0.00019542
1035, 0.00019559
1036, 0.00019577
1037, 0.00019594
1038, 0.00019611
1039, 0.00019630
1040, 0.00019647
1041, 0.00019667
1042, 0.00019684
1043, 0.00019702
1044, 0.00019720
1045, 0.00019737
1046, 0.00019755
1047, 0.00019772
1048, 0.00019790
1049, 0.00019809
1050, 0.00019827
1051, 0.00019845
1052, 0.00019863
1053, 0.00019881
1054, 0.00019899
1055, 0.00019917
1056, 0.00019934
1057, 0.00019951
1058, 0.00019968
1059, 0.00019986
1060, 0.00020004
1061, 0.00020021
1062, 0.00020038
1063, 0.00020056
1064, 0.00020074
1065, 0.00020091
1066, 0.00020109
1067, 0.00020126
1068, 0.00020144
1069, 0.00020161
1070, 0.00020179
1071, 0.00020196
1072, 0.00020213
1073, 0.00020231
1074, 0.00020248
1075, 0.00020265
1076, 0.00020283
1077, 0.00020300
1078, 0.00020318
1079, 0.00020335
1080, 0.00020353
1081, 0.00020370
1082, 0.00020388
1083, 0.00020405
1084, 0.00020422
1085, 0.00020440
1086, 0.00020457
1087, 0.00020474
1088, 0.00020492
1089, 0.00020509
1090, 0.00020526
1091, 0.00020546
1092, 0.00020563
1093, 0.00020581
1094, 0.00020598
1095, 0.00020616
1096, 0.00020633
1097, 0.00020650
1098, 0.00020667
1099, 0.00020685
1100, 0.00020702
1101, 0.00020719
1102, 0.00020737
1103, 0.00020754
1104, 0.00020772
1105, 0.00020789
1106, 0.00020807
1107, 0.00020824
1108, 0.00020841
1109, 0.00020859
1110, 0.00020877
1111, 0.00020894
1112, 0.00020911
1113, 0.00020929
1114, 0.00020946
1115, 0.00020964
1116, 0.00020981
1117, 0.00020999
1118, 0.00021016
1119, 0.00021034
1120, 0.00021051
1121, 0.00021069
1122, 0.00021086
1123, 0.00021103
1124, 0.00021121
1125, 0.00021138
1126, 0.00021155
1127, 0.00021173
1128, 0.00021190
1129, 0.00021207
1130, 0.00021225
1131, 0.00021242
1132, 0.00021260
1133, 0.00021277
1134, 0.00021294
1135, 0.00021312
1136, 0.00021329
1137, 0.00021346
1138, 0.00021365
1139, 0.00021580
1140, 0.00021601
1141, 0.00021619
1142, 0.00021638
1143, 0.00021656
1144, 0.00021674
1145, 0.00021693
1146, 0.00021711
1147, 0.00021729
1148, 0.00021746
1149, 0.00021764
1150, 0.00021782
1151, 0.00021799
1152, 0.00021816
1153, 0.00021834
1154, 0.00021851
1155, 0.00021868
1156, 0.00021885
1157, 0.00021903
1158, 0.00021920
1159, 0.00021938
1160, 0.00021955
1161, 0.00021973
1162, 0.00022717
1163, 0.00022749
1164, 0.00022780
1165, 0.00022803
1166, 0.00022828
1167, 0.00022855
1168, 0.00022891
1169, 0.00022917
1170, 0.00022945
1171, 0.00022975
1172, 0.00023006
1173, 0.00023030
1174, 0.00023057
1175, 0.00023084
1176, 0.00023112
1177, 0.00023142
1178, 0.00023172
1179, 0.00023202
1180, 0.00023230
1181, 0.00023257
1182, 0.00023287
1183, 0.00023314
1184, 0.00023339
1185, 0.00023368
1186, 0.00023397
1187, 0.00023423
1188, 0.00023452
1189, 0.00023483
1190, 0.00023509
1191, 0.00023539
1192, 0.00023566
1193, 0.00023595
1194, 0.00023632
1195, 0.00023664
1196, 0.00023690
1197, 0.00023724
1198, 0.00023752
1199, 0.00023781
1200, 0.00023808
1201, 0.00023833
1202, 0.00023855
1203, 0.00023881
1204, 0.00023908
1205, 0.00023939
1206, 0.00023967
1207, 0.00023996
1208, 0.00024027
1209, 0.00024058
1210, 0.00024086
1211, 0.00024116
1212, 0.00024148
1213, 0.00024176
1214, 0.00024206
1215, 0.00024232
1216, 0.00024260
1217, 0.00024287
1218, 0.00024315
1219, 0.00024338
1220, 0.00024369
1221, 0.00024402
1222, 0.00024429
1223, 0.00024451
1224, 0.00024473
1225, 0.00024503
1226, 0.00024533
1227, 0.00024560
1228, 0.00024591
1229, 0.00024614
1230, 0.00024639
1231, 0.00024667
1232, 0.00024694
1233, 0.00024717
1234, 0.00024744
1235, 0.00024777
1236, 0.00024805
1237, 0.00024836
1238, 0.00024863
1239, 0.00024894
1240, 0.00024924
1241, 0.00024952
1242, 0.00024980
1243, 0.00025006
1244, 0.00025034
1245, 0.00025066
1246, 0.00025091
1247, 0.00025127
1248, 0.00025154
1249, 0.00025180
1250, 0.00025208
1251, 0.00025233
1252, 0.00025260
1253, 0.00025289
1254, 0.00025315
1255, 0.00025349
1256, 0.00025376
1257, 0.00025407
1258, 0.00025436
1259, 0.00025465
1260, 0.00025494
1261, 0.00025518
1262, 0.00025547
1263, 0.00025586
1264, 0.00025615
1265, 0.00025913
1266, 0.00025943
1267, 0.00025971
1268, 0.00026001
1269, 0.00026030
1270, 0.00026056
1271, 0.00026094
1272, 0.00026121
1273, 0.00026147
1274, 0.00026177
1275, 0.00026206
1276, 0.00026234
1277, 0.00026260
1278, 0.00026289
1279, 0.00026328
1280, 0.00026362
1281, 0.00026391
1282, 0.00026423
1283, 0.00026450
1284, 0.00026478
1285, 0.00026507
1286, 0.00026534
1287, 0.00026567
1288, 0.00026599
1289, 0.00026627
1290, 0.00026660
1291, 0.00026692
1292, 0.00026720
1293, 0.00026749
1294, 0.00026779
1295, 0.00026814
1296, 0.00026842
1297, 0.00026869
1298, 0.00026897
1299, 0.00026926
1300, 0.00026953
1301, 0.00026981
1302, 0.00027012
1303, 0.00027053
1304, 0.00027083
1305, 0.00027112
1306, 0.00027139
1307, 0.00027171
1308, 0.00027202
1309, 0.00027227
1310, 0.00027264
1311, 0.00027293
1312, 0.00027320
1313, 0.00027350
1314, 0.00027379
1315, 0.00027405
1316, 0.00027435
1317, 0.00027464
1318, 0.00027493
1319, 0.00027533
1320, 0.00027559
1321, 0.00027590
1322, 0.00027622
1323, 0.00027652
1324, 0.00027686
1325, 0.00027720
1326, 0.00027753
1327, 0.00027821
1328, 0.00027844
1329, 0.00027868
1330, 0.00027907
1331, 0.00027928
1332, 0.00027947
1333, 0.00027964
1334, 0.00027982
1335, 0.00028001
1336, 0.00028019
1337, 0.00028038
1338, 0.00028058
1339, 0.00028076
1340, 0.00028094
1341, 0.00028111
1342, 0.00028129
1343, 0.00028156
1344, 0.00028173
1345, 0.00028191
1346, 0.00028208
1347, 0.00028226
1348, 0.00028244
1349, 0.00028261
1350, 0.00028279
1351, 0.00028304
1352, 0.00028322
1353, 0.00028339
1354, 0.00028357
1355, 0.00028374
1356, 0.00028392
1357, 0.00028409
1358, 0.00028427
1359, 0.00028452
1360, 0.00028470
1361, 0.00028487
1362, 0.00028509
1363, 0.00028527
1364, 0.00028544
1365, 0.00028562
1366, 0.00028579
1367, 0.00028604
1368, 0.00028622
1369, 0.00028639
1370, 0.00028657
1371, 0.00028675
1372, 0.00028692
1373, 0.00028709
1374, 0.00028727
1375, 0.00028753
1376, 0.00028771
1377, 0.00028788
1378, 0.00028806
1379, 0.00028823
1380, 0.00028841
1381, 0.00028858
1382, 0.00028876
1383, 0.00028900
1384, 0.00028918
1385, 0.00028936
1386, 0.00028953
1387, 0.00028971
1388, 0.00028988
1389, 0.00029005
1390, 0.00029024
1391, 0.00029244
1392, 0.00029265
1393, 0.00029283
1394, 0.00029300
1395, 0.00029317
1396, 0.00029335
1397, 0.00029352
1398, 0.00029369
1399, 0.00029387
1400, 0.00029404
1401, 0.00029421
1402, 0.00029439
1403, 0.00029456
1404, 0.00029474
1405, 0.00029491
1406, 0.00029509
1407, 0.00029526
1408, 0.00029544
1409, 0.00029561
1410, 0.00029579
1411, 0.00029597
1412, 0.00029614
1413, 0.00029633
1414, 0.00029651
1415, 0.00029669
1416, 0.00029686
1417, 0.00029703
1418, 0.00029721
1419, 0.00029739
1420, 0.00029763
1421, 0.00029780
1422, 0.00029797
1423, 0.00029815
1424, 0.00029832
1425, 0.00029850
1426, 0.00029867
1427, 0.00029884
1428, 0.00029902
1429, 0.00029919
1430, 0.00029937
1431, 0.00029955
1432, 0.00029972
1433, 0.00029990
1434, 0.00030007
1435, 0.00030025
1436, 0.00030042
1437, 0.00030059
1438, 0.00030077
1439, 0.00030094
1440, 0.00030112
1441, 0.00030129
1442, 0.00030146
1443, 0.00030164
1444, 0.00030181
1445, 0.00030199
1446, 0.00030216
1447, 0.00030234
1448, 0.00030251
1449, 0.00030269
1450, 0.00030287
1451, 0.00030304
1452, 0.00030322
1453, 0.00030340
1454, 0.00030358
1455, 0.00030376
1456, 0.00030394
1457, 0.00030411
1458, 0.00030428
1459, 0.00030446
1460, 0.00030463
1461, 0.00030481
1462, 0.00030498
1463, 0.00030516
1464, 0.00030533
1465, 0.00030550
1466, 0.00030568
1467, 0.00030585
1468, 0.00030602
1469, 0.00030620
1470, 0.00030638
1471, 0.00030655
1472, 0.00030672
1473, 0.00030689
1474, 0.00030706
1475, 0.00030723
1476, 0.00030741
1477, 0.00030758
1478, 0.00030776
1479, 0.00030793
1480, 0.00030811
1481, 0.00030828
1482, 0.00030845
1483, 0.00030862
1484, 0.00030880
1485, 0.00030897
1486, 0.00030914
1487, 0.00030931
1488, 0.00030951
1489, 0.00030968
1490, 0.00030986
1491, 0.00031003
1492, 0.00031021
1493, 0.00031038
1494, 0.00031055
1495, 0.00031072
1496, 0.00031090
1497, 0.00031107
1498, 0.00031124
1499, 0.00031142
1500, 0.00031159
1501, 0.00031177
1502, 0.00031194
1503, 0.00031211
1504, 0.00031229
1505, 0.00031246
1506, 0.00031263
1507, 0.00031281
1508, 0.00031298
1509, 0.00031316
1510, 0.00031333
1511, 0.00031351
1512, 0.00031368
1513, 0.00031385
1514, 0.00031402
1515, 0.00031419
1516, 0.00031438
1517, 0.00031652
1518, 0.00031672
1519, 0.00031690
1520, 0.00031709
1521, 0.00031726
1522, 0.00031744
1523, 0.00031761
1524, 0.00031779
1525, 0.00031797
1526, 0.00031814
1527, 0.00031831
1528, 0.00031849
1529, 0.00031867
1530, 0.00031884
1531, 0.00031902
1532, 0.00031919
1533, 0.00031937
1534, 0.00031954
1535, 0.00031981
1536, 0.00031998
1537, 0.00032015
1538, 0.00032033
1539, 0.00032050
1540, 0.00032067
1541, 0.00032087
1542, 0.00032104
1543, 0.00032128
1544, 0.00032146
1545, 0.00032163
1546, 0.00032180
1547, 0.00032198
1548, 0.00032216
1549, 0.00032233
1550, 0.00032250
1551, 0.00032275
1552, 0.00032292
1553, 0.00032309
1554, 0.00032327
1555, 0.00032344
1556, 0.00032362
1557, 0.00032379
1558, 0.00032396
1559, 0.00032421
1560, 0.00032439
1561, 0.00032456
1562, 0.00032474
1563, 0.00032492
1564, 0.00032510
1565, 0.00032528
1566, 0.00032546
1567, 0.00032565
1568, 0.00032583
1569, 0.00032601
1570, 0.00032619
1571, 0.00032636
1572, 0.00032654
1573, 0.00032672
1574, 0.00032690
1575, 0.00032708
1576, 0.00032726
1577, 0.00032744
1578, 0.00032762
1579, 0.00032780
1580, 0.00032798
1581, 0.00032816
1582, 0.00032834
1583, 0.00032852
1584, 0.00032869
1585, 0.00032886
1586, 0.00032904
1587, 0.00032921
1588, 0.00033513
1589, 0.00033533
1590, 0.00033552
1591, 0.00033571
1592, 0.00033589
1593, 0.00033606
1594, 0.00033624
1595, 0.00033642
1596, 0.00033659
1597, 0.00033677
1598, 0.00033695
1599, 0.00033712
1600, 0.00033730
1601, 0.00033747
1602, 0.00033765
1603, 0.00033782
1604, 0.00033800
1605, 0.00033818
1606, 0.00033835
1607, 0.00033859
1608, 0.00033876
1609, 0.00033894
1610, 0.00033912
1611, 0.00033929
1612, 0.00033946
1613, 0.00033965
1614, 0.00033984
1615, 0.00034001
1616, 0.00034018
1617, 0.00034037
1618, 0.00034055
1619, 0.00034072
1620, 0.00034090
1621, 0.00034107
1622, 0.00034124
1623, 0.00034310
1624, 0.00034331
1625, 0.00034349
1626, 0.00034366
1627, 0.00034384
1628, 0.00034401
1629, 0.00034419
1630, 0.00034436
1631, 0.00034460
1632, 0.00034478
1633, 0.00034495
1634, 0.00034513
1635, 0.00034530
1636, 0.00034547
1637, 0.00034564
1638, 0.00034581
1639, 0.00034606
1640, 0.00034623
1641, 0.00034641
1642, 0.00034660
1643, 0.00034882
1644, 0.00034903
1645, 0.00034921
1646, 0.00034940
1647, 0.00034964
1648, 0.00034982
1649, 0.00034999
1650, 0.00035017
1651, 0.00035034
1652, 0.00035051
1653, 0.00035069
1654, 0.00035086
1655, 0.00035112
1656, 0.00035130
1657, 0.00035147
1658, 0.00035166
1659, 0.00035183
1660, 0.00035201
1661, 0.00035219
1662, 0.00035236
1663, 0.00035260
1664, 0.00035277
1665, 0.00035294
1666, 0.00035312
1667, 0.00035329
1668, 0.00035347
1669, 0.00035364
1670, 0.00035381
1671, 0.00035399
1672, 0.00035416
1673, 0.00035433
1674, 0.00035451
1675, 0.00035468
1676, 0.00035485
1677, 0.00035503
1678, 0.00035520
1679, 0.00035537
1680, 0.00035555
1681, 0.00035572
1682, 0.00035589
1683, 0.00035607
1684, 0.00035624
1685, 0.00035641
1686, 0.00035659
1687, 0.00035676
1688, 0.00035694
1689, 0.00035711
1690, 0.00035729
1691, 0.00035746
1692, 0.00035764
1693, 0.00035781
1694, 0.00035799
1695, 0.00035816
1696, 0.00035834
1697, 0.00035851
1698, 0.00035869
1699, 0.00035886
1700, 0.00035903
1701, 0.00035921
1702, 0.00035938
1703, 0.00035956
1704, 0.00035973
1705, 0.00035990
1706, 0.00036008
1707, 0.00036025
1708, 0.00036042
1709, 0.00036060
1710, 0.00036077
1711, 0.00036095
1712, 0.00036112
1713, 0.00036129
1714, 0.00036147
1715, 0.00036164
1716, 0.00036181
1717, 0.00036199
1718, 0.00036216
1719, 0.00036234
1720, 0.00036251
1721, 0.00036268
1722, 0.00036285
1723, 0.00036303
1724, 0.00036320
1725, 0.00036338
1726, 0.00036355
1727, 0.00036373
1728, 0.00036390
1729, 0.00036407
1730, 0.00036425
1731, 0.00036442
1732, 0.00036460
1733, 0.00036477
1734, 0.00036494
1735, 0.00036512
1736, 0.00036529
1737, 0.00036547
1738, 0.00036564
1739, 0.00036581
1740, 0.00036599
1741, 0.00036616
1742, 0.00036633
1743, 0.00036651
1744, 0.00036668
1745, 0.00036685
1746, 0.00036703
1747, 0.00036720
1748, 0.00036737
1749, 0.00036755
1750, 0.00036772
1751, 0.00036789
1752, 0.00036807
1753, 0.00036824
1754, 0.00036842
1755, 0.00036859
1756, 0.00036877
1757, 0.00036895
1758, 0.00036912
1759, 0.00036929
1760, 0.00036947
1761, 0.00036964
1762, 0.00036982
1763, 0.00037000
1764, 0.00037018
1765, 0.00037035
1766, 0.00037053
1767, 0.00037076
1768, 0.00037095
1769, 0.00037346
1770, 0.00037367
1771, 0.00037385
1772, 0.00037403
1773, 0.00037421
1774, 0.00037439
1775, 0.00037456
1776, 0.00037474
1777, 0.00037491
1778, 0.00037509
1779, 0.00037526
1780, 0.00037544
1781, 0.00037561
1782, 0.00037579
1783, 0.00037597
1784, 0.00037614
1785, 0.00037631
1786, 0.00037649
1787, 0.00037666
1788, 0.00037684
1789, 0.00037701
1790, 0.00037719
1791, 0.00037736
1792, 0.00037754
1793, 0.00037771
1794, 0.00037789
1795, 0.00037806
1796, 0.00037823
1797, 0.00037841
1798, 0.00037858
1799, 0.00037876
1800, 0.00037894
1801, 0.00037912
1802, 0.00037929
1803, 0.00037947
1804, 0.00037965
1805, 0.00037983
1806, 0.00038001
1807, 0.00038021
1808, 0.00038039
1809, 0.00038057
1810, 0.00038075
1811, 0.00038093
1812, 0.00038111
1813, 0.00038128
1814, 0.00038146
1815, 0.00038163
1816, 0.00038181
1817, 0.00038198
1818, 0.00038216
1819, 0.00038233
1820, 0.00038251
1821, 0.00038268
1822, 0.00038286
1823, 0.00038303
1824, 0.00038320
1825, 0.00038338
1826, 0.00038356
1827, 0.00038373
1828, 0.00038391
1829, 0.00038408
1830, 0.00038425
1831, 0.00038443
1832, 0.00038461
1833, 0.00038480
1834, 0.00038498
1835, 0.00038515
1836, 0.00038533
1837, 0.00038550
1838, 0.00038568
1839, 0.00038585
1840, 0.00038602
1841, 0.00038620
1842, 0.00038637
1843, 0.00038655
1844, 0.00038672
1845, 0.00038690
1846, 0.00038707
1847, 0.00038725
1848, 0.00038742
1849, 0.00038760
1850, 0.00038777
1851, 0.00038794
1852, 0.00038812
1853, 0.00038829
1854, 0.00038847
1855, 0.00038864
1856, 0.00038882
1857, 0.00038899
1858, 0.00038917
1859, 0.00038934
1860, 0.00038952
1861, 0.00038969
1862, 0.00038986
1863, 0.00039004
1864, 0.00039022
1865, 0.00039039
1866, 0.00039058
1867, 0.00039076
1868, 0.00039093
1869, 0.00039110
1870, 0.00039127
1871, 0.00039145
1872, 0.00039163
1873, 0.00039180
1874, 0.00039198
1875, 0.00039215
1876, 0.00039233
1877, 0.00039250
1878, 0.00039268
1879, 0.00039285
1880, 0.00039302
1881, 0.00039319
1882, 0.00039337
1883, 0.00039354
1884, 0.00039371
1885, 0.00039389
1886, 0.00039406
1887, 0.00039423
1888, 0.00039440
1889, 0.00039458
1890, 0.00039475
1891, 0.00039492
1892, 0.00039509
1893, 0.00039526
1894, 0.00039545
1895, 0.00039757
1896, 0.00039778
1897, 0.00039796
1898, 0.00039814
1899, 0.00039832
1900, 0.00039851
1901, 0.00039869
1902, 0.00039888
1903, 0.00039905
1904, 0.00039923
1905, 0.00039940
1906, 0.00039958
1907, 0.00039977
1908, 0.00039995
1909, 0.00040013
1910, 0.00040031
1911, 0.00040049
1912, 0.00040066
1913, 0.00040084
1914, 0.00040101
1915, 0.00040119
1916, 0.00040136
1917, 0.00040154
1918, 0.00040171
1919, 0.00040189
1920, 0.00040206
1921, 0.00040224
1922, 0.00040241
1923, 0.00040258
1924, 0.00040275
1925, 0.00040293
1926, 0.00040310
1927, 0.00040327
1928, 0.00040344
1929, 0.00040362
1930, 0.00040379
1931, 0.00040396
1932, 0.00040413
1933, 0.00040431
1934, 0.00040448
1935, 0.00040465
1936, 0.00040482
1937, 0.00040499
1938, 0.00040517
1939, 0.00040534
1940, 0.00040551
1941, 0.00040569
1942, 0.00040593
1943, 0.00040610
1944, 0.00040628
1945, 0.00040645
1946, 0.00040662
1947, 0.00040680
1948, 0.00040697
1949, 0.00040714
1950, 0.00040731
1951, 0.00040749
1952, 0.00040766
1953, 0.00040783
1954, 0.00040801
1955, 0.00040818
1956, 0.00040836
1957, 0.00040853
1958, 0.00040870
1959, 0.00040888
1960, 0.00040905
1961, 0.00040922
1962, 0.00040939
1963, 0.00040957
1964, 0.00040974
1965, 0.00040991
1966, 0.00041008
1967, 0.00041026
1968, 0.00041043
1969, 0.00041060
1970, 0.00041078
1971, 0.00041095
1972, 0.00041112
1973, 0.00041129
1974, 0.00041147
1975, 0.00041164
1976, 0.00041181
1977, 0.00041198
1978, 0.00041216
1979, 0.00041233
1980, 0.00041250
1981, 0.00041268
1982, 0.00041285
1983, 0.00041302
1984, 0.00041320
1985, 0.00041337
1986, 0.00041354
1987, 0.00041373
1988, 0.00041390
1989, 0.00041408
1990, 0.00041425
1991, 0.00041442
1992, 0.00041460
1993, 0.00041477
1994, 0.00041494
1995, 0.00041512
1996, 0.00041529
1997, 0.00041546
1998, 0.00041564
1999, 0.00041582
2000, 0.00041599
2001, 0.00041617
2002, 0.00041635
2003, 0.00041653
2004, 0.00041671
2005, 0.00041689
2006, 0.00041706
2007, 0.00041723
2008, 0.00041740
2009, 0.00041757
2010, 0.00041774
2011, 0.00041792
2012, 0.00041809
2013, 0.00041827
2014, 0.00041844
2015, 0.00041861
2016, 0.00041878
2017, 0.00041896
2018, 0.00041913
2019, 0.00041930
2020, 0.00041949
2021, 0.00042160
2022, 0.00042180
2023, 0.00042198
2024, 0.00042216
2025, 0.00042234
2026, 0.00042251
2027, 0.00042269
2028, 0.00042287
2029, 0.00042304
2030, 0.00042322
2031, 0.00042341
2032, 0.00042360
2033, 0.00042377
2034, 0.00042395
2035, 0.00042412
2036, 0.00042429
2037, 0.00042447
2038, 0.00042464
2039, 0.00042481
2040, 0.00042499
2041, 0.00042516
2042, 0.00042533
2043, 0.00042551
2044, 0.00042568
2045, 0.00042585
2046, 0.00042603
2047, 0.00042624
2048, 0.00042642
2049, 0.00042660
2050, 0.00042677
2051, 0.00042695
2052, 0.00042712
2053, 0.00042730
2054, 0.00042747
2055, 0.00042774
2056, 0.00042795
2057, 0.00042813
2058, 0.00042831
2059, 0.00042849
2060, 0.00042866
2061, 0.00042885
2062, 0.00042902
2063, 0.00042920
2064, 0.00042938
2065, 0.00042956
2066, 0.00042974
2067, 0.00042992
2068, 0.00043009
2069, 0.00043027
2070, 0.00043044
2071, 0.00043062
2072, 0.00043082
2073, 0.00043100
2074, 0.00043118
2075, 0.00043136
2076, 0.00043153
2077, 0.00043171
2078, 0.00043189
2079, 0.00043207
2080, 0.00043225
2081, 0.00043242
2082, 0.00043260
2083, 0.00043277
2084, 0.00043295
2085, 0.00043313
2086, 0.00043331
2087, 0.00043348
2088, 0.00043366
2089, 0.00043384
2090, 0.00043402
2091, 0.00043420
2092, 0.00043439
2093, 0.00043457
2094, 0.00043475
2095, 0.00043493
2096, 0.00043511
2097, 0.00043528
2098, 0.00043546
2099, 0.00043563
2100, 0.00043581
2101, 0.00043598
2102, 0.00043616
2103, 0.00043633
2104, 0.00043651
2105, 0.00043669
2106, 0.00043687
2107, 0.00043705
2108, 0.00043723
2109, 0.00043742
2110, 0.00043760
2111, 0.00043778
2112, 0.00043795
2113, 0.00043813
2114, 0.00043831
2115, 0.00043849
2116, 0.00043867
2117, 0.00043885
2118, 0.00043902
2119, 0.00043920
2120, 0.00043938
2121, 0.00043956
2122, 0.00043974
2123, 0.00043993
2124, 0.00044011
2125, 0.00044029
2126, 0.00044047
2127, 0.00044064
2128, 0.00044082
2129, 0.00044100
2130, 0.00044118
2131, 0.00044135
2132, 0.00044153
2133, 0.00044171
2134, 0.00044188
2135, 0.00044206
2136, 0.00044224
2137, 0.00044242
2138, 0.00044261
2139, 0.00044279
2140, 0.00044297
2141, 0.00044315
2142, 0.00044332
2143, 0.00044350
2144, 0.00044368
2145, 0.00044385
2146, 0.00044404
2147, 0.00044615
2148, 0.00044636
2149, 0.00044655
2150, 0.00044673
2151, 0.00044692
2152, 0.00044711
2153, 0.00044729
2154, 0.00044747
2155, 0.00044767
2156, 0.00044785
2157, 0.00044803
2158, 0.00044821
2159, 0.00044839
2160, 0.00044856
2161, 0.00044874
2162, 0.00044892
2163, 0.00044910
2164, 0.00044929
2165, 0.00044946
2166, 0.00044964
2167, 0.00044982
2168, 0.00045000
2169, 0.00045021
2170, 0.00045039
2171, 0.00045056
2172, 0.00045073
2173, 0.00045091
2174, 0.00045109
2175, 0.00045127
2176, 0.00045145
2177, 0.00045163
2178, 0.00045180
2179, 0.00045198
2180, 0.00045216
2181, 0.00045234
2182, 0.00045252
2183, 0.00045270
2184, 0.00045290
2185, 0.00045308
2186, 0.00045326
2187, 0.00045346
2188, 0.00045364
2189, 0.00045381
2190, 0.00045399
2191, 0.00045417
2192, 0.00045435
2193, 0.00045453
2194, 0.00045471
2195, 0.00045489
2196, 0.00045507
2197, 0.00045525
2198, 0.00045543
2199, 0.00045560
2200, 0.00045581
2201, 0.00045599
2202, 0.00045617
2203, 0.00045634
2204, 0.00045652
2205, 0.00045670
2206, 0.00045687
2207, 0.00045706
2208, 0.00045726
2209, 0.00045744
2210, 0.00045761
2211, 0.00045781
2212, 0.00045799
2213, 0.00045817
2214, 0.00045835
2215, 0.00045853
2216, 0.00045870
2217, 0.00045888
2218, 0.00045906
2219, 0.00045924
2220, 0.00045942
2221, 0.00045961
2222, 0.00045979
2223, 0.00045997
2224, 0.00046014
2225, 0.00046032
2226, 0.00046050
2227, 0.00046068
2228, 0.00046086
2229, 0.00046106
2230, 0.00046124
2231, 0.00046141
2232, 0.00046159
2233, 0.00046177
2234, 0.00046195
2235, 0.00046212
2236, 0.00046230
2237, 0.00046248
2238, 0.00046266
2239, 0.00046284
2240, 0.00046302
2241, 0.00046319
2242, 0.00046337
2243, 0.00046358
2244, 0.00046376
2245, 0.00046394
2246, 0.00046411
2247, 0.00046429
2248, 0.00046447
2249, 0.00046465
2250, 0.00046482
2251, 0.00046500
2252, 0.00046520
2253, 0.00046538
2254, 0.00046556
2255, 0.00046574
2256, 0.00046591
2257, 0.00046609
2258, 0.00046627
2259, 0.00046645
2260, 0.00046662
2261, 0.00046679
2262, 0.00046698
2263, 0.00046715
2264, 0.00046733
2265, 0.00046751
2266, 0.00046769
2267, 0.00046787
2268, 0.00046804
2269, 0.00046822
2270, 0.00046840
2271, 0.00046858
2272, 0.00046877
2273, 0.00047091
2274, 0.00047111
2275, 0.00047129
2276, 0.00047147
2277, 0.00047165
2278, 0.00047182
2279, 0.00047200
2280, 0.00047219
2281, 0.00047236
2282, 0.00047254
2283, 0.00047272
2284, 0.00047290
2285, 0.00047308
2286, 0.00047326
2287, 0.00047343
2288, 0.00047361
2289, 0.00047379
2290, 0.00047397
2291, 0.00047415
2292, 0.00047432
2293, 0.00047453
2294, 0.00047471
2295, 0.00047489
2296, 0.00047506
2297, 0.00047524
2298, 0.00047542
2299, 0.00047559
2300, 0.00047577
2301, 0.00047595
2302, 0.00047613
2303, 0.00047630
2304, 0.00047648
2305, 0.00047666
2306, 0.00047683
2307, 0.00047701
2308, 0.00047718
2309, 0.00047736
2310, 0.00047754
2311, 0.00047772
2312, 0.00047789
2313, 0.00047807
2314, 0.00047825
2315, 0.00047843
2316, 0.00047860
2317, 0.00047878
2318, 0.00047895
2319, 0.00047913
2320, 0.00047931
2321, 0.00047948
2322, 0.00047965
2323, 0.00047983
2324, 0.00048001
2325, 0.00048018
2326, 0.00048035
2327, 0.00048053
2328, 0.00048070
2329, 0.00048088
2330, 0.00048105
2331, 0.00048123
2332, 0.00048140
2333, 0.00048158
2334, 0.00048175
2335, 0.00048193
2336, 0.00048214
2337, 0.00048235
2338, 0.00048253
2339, 0.00048271
2340, 0.00048288
2341, 0.00048306
2342, 0.00048323
2343, 0.00048341
2344, 0.00048359
2345, 0.00048377
2346, 0.00048395
2347, 0.00048412
2348, 0.00048430
2349, 0.00048448
2350, 0.00048466
2351, 0.00048483
2352, 0.00048504
2353, 0.00048522
2354, 0.00048539
2355, 0.00048557
2356, 0.00048575
2357, 0.00048592
2358, 0.00048610
2359, 0.00048628
2360, 0.00048646
2361, 0.00048664
2362, 0.00048681
2363, 0.00048699
2364, 0.00048717
2365, 0.00048734
2366, 0.00048752
2367, 0.00048771
2368, 0.00048791
2369, 0.00048811
2370, 0.00048828
2371, 0.00048846
2372, 0.00048864
2373, 0.00048882
2374, 0.00048900
2375, 0.00048918
2376, 0.00048935
2377, 0.00048953
2378, 0.00048971
2379, 0.00048989
2380, 0.00049007
2381, 0.00049025
2382, 0.00049043
2383, 0.00049064
2384, 0.00049081
2385, 0.00049099
2386, 0.00049117
2387, 0.00049135
2388, 0.00049153
2389, 0.00049171
2390, 0.00049189
2391, 0.00049207
2392, 0.00049225
2393, 0.00049243
2394, 0.00049262
2395, 0.00049280
2396, 0.00049298
2397, 0.00049316
2398, 0.00049335
2399, 0.00049551
2400, 0.00049571
2401, 0.00049589
2402, 0.00049607
2403, 0.00049625
2404, 0.00049643
2405, 0.00049661
2406, 0.00049678
2407, 0.00049696
2408, 0.00049714
2409, 0.00049732
2410, 0.00049750
2411, 0.00049767
2412, 0.00049785
2413, 0.00049803
2414, 0.00049820
2415, 0.00049838
2416, 0.00049856
2417, 0.00049873
2418, 0.00049891
2419, 0.00049909
2420, 0.00049927
2421, 0.00049945
2422, 0.00049962
2423, 0.00049980
2424, 0.00049998
2425, 0.00050016
2426, 0.00050037
2427, 0.00050056
2428, 0.00050074
2429, 0.00050091
2430, 0.00050109
2431, 0.00050127
2432, 0.00050145
2433, 0.00050163
2434, 0.00050180
2435, 0.00050198
2436, 0.00050216
2437, 0.00050234
2438, 0.00050251
2439, 0.00050269
2440, 0.00050290
2441, 0.00050308
2442, 0.00050327
2443, 0.00050347
2444, 0.00050368
2445, 0.00050386
2446, 0.00050404
2447, 0.00050422
2448, 0.00050442
2449, 0.00050460
2450, 0.00050478
2451, 0.00050496
2452, 0.00050514
2453, 0.00050531
2454, 0.00050549
2455, 0.00050567
2456, 0.00050585
2457, 0.00050603
2458, 0.00050621
2459, 0.00050638
2460, 0.00050656
2461, 0.00050674
2462, 0.00050692
2463, 0.00050710
2464, 0.00050729
2465, 0.00050747
2466, 0.00050765
2467, 0.00050782
2468, 0.00050803
2469, 0.00050821
2470, 0.00050839
2471, 0.00050857
2472, 0.00050875
2473, 0.00050892
2474, 0.00050910
2475, 0.00050928
2476, 0.00050945
2477, 0.00050963
2478, 0.00050981
2479, 0.00050999
2480, 0.00051017
2481, 0.00051034
2482, 0.00051052
2483, 0.00051069
2484, 0.00051087
2485, 0.00051105
2486, 0.00051122
2487, 0.00051140
2488, 0.00051158
2489, 0.00051176
2490, 0.00051196
2491, 0.00051214
2492, 0.00051232
2493, 0.00051249
2494, 0.00051267
2495, 0.00051285
2496, 0.00051303
2497, 0.00051321
2498, 0.00051338
2499, 0.00051356
2500, 0.00051374
2501, 0.00051391
2502, 0.00051410
2503, 0.00051428
2504, 0.00051446
2505, 0.00051464
2506, 0.00051482
2507, 0.00051500
2508, 0.00051517
2509, 0.00051538
2510, 0.00051556
2511, 0.00051574
2512, 0.00051591
2513, 0.00051609
2514, 0.00051629
2515, 0.00051647
2516, 0.00051664
2517, 0.00051682
2518, 0.00051699
2519, 0.00051717
2520, 0.00051734
2521, 0.00051752
2522, 0.00051769
2523, 0.00051787
2524, 0.00051806
2525, 0.00052255
2526, 0.00052275
2527, 0.00052293
2528, 0.00052311
2529, 0.00052329
2530, 0.00052347
2531, 0.00052365
2532, 0.00052383
2533, 0.00052401
2534, 0.00052419
2535, 0.00052437
2536, 0.00052455
2537, 0.00052474
2538, 0.00052491
2539, 0.00052509
2540, 0.00052527
2541, 0.00052545
2542, 0.00052562
2543, 0.00052583
2544, 0.00052601
2545, 0.00052619
2546, 0.00052636
2547, 0.00052654
2548, 0.00052672
2549, 0.00052690
2550, 0.00052707
2551, 0.00052725
2552, 0.00052743
2553, 0.00052761
2554, 0.00052779
2555, 0.00052797
2556, 0.00052815
2557, 0.00052832
2558, 0.00052850
2559, 0.00052872
2560, 0.00052889
2561, 0.00052907
2562, 0.00052924
2563, 0.00052941
2564, 0.00052959
2565, 0.00052976
2566, 0.00052993
2567, 0.00053018
2568, 0.00053035
2569, 0.00053053
2570, 0.00053070
2571, 0.00053087
2572, 0.00053105
2573, 0.00053122
2574, 0.00053139
2575, 0.00053163
2576, 0.00053183
2577, 0.00053200
2578, 0.00053217
2579, 0.00053234
2580, 0.00053251
2581, 0.00053269
2582, 0.00053286
2583, 0.00053303
2584, 0.00053321
2585, 0.00053338
2586, 0.00053355
2587, 0.00053372
2588, 0.00053390
2589, 0.00053407
2590, 0.00053425
2591, 0.00053442
2592, 0.00053459
2593, 0.00053477
2594, 0.00053494
2595, 0.00053512
2596, 0.00053529
2597, 0.00053547
2598, 0.00053564
2599, 0.00053581
2600, 0.00053598
2601, 0.00053616
2602, 0.00053633
2603, 0.00053650
2604, 0.00053668
2605, 0.00053685
2606, 0.00053703
2607, 0.00053720
2608, 0.00053737
2609, 0.00053755
2610, 0.00053773
2611, 0.00053790
2612, 0.00053808
2613, 0.00053825
2614, 0.00053843
2615, 0.00053860
2616, 0.00053877
2617, 0.00053900
2618, 0.00053917
2619, 0.00053934
2620, 0.00053952
2621, 0.00053970
2622, 0.00053987
2623, 0.00054012
2624, 0.00054029
2625, 0.00054046
2626, 0.00054064
2627, 0.00054081
2628, 0.00054098
2629, 0.00054116
2630, 0.00054134
2631, 0.00054153
2632, 0.00054171
2633, 0.00054189
2634, 0.00054206
2635, 0.00054224
2636, 0.00054242
2637, 0.00054260
2638, 0.00054278
2639, 0.00054296
2640, 0.00054314
2641, 0.00054332
2642, 0.00054350
2643, 0.00054369
2644, 0.00054386
2645, 0.00054404
2646, 0.00054421
2647, 0.00054438
2648, 0.00054456
2649, 0.00054473
2650, 0.00054492
2651, 0.00054706
2652, 0.00054726
2653, 0.00054744
2654, 0.00054761
2655, 0.00054779
2656, 0.00054797
2657, 0.00054814
2658, 0.00054832
2659, 0.00054850
2660, 0.00054867
2661, 0.00054885
2662, 0.00054903
2663, 0.00054920
2664, 0.00054937
2665, 0.00054955
2666, 0.00054972
2667, 0.00054989
2668, 0.00055007
2669, 0.00055025
2670, 0.00055045
2671, 0.00055063
2672, 0.00055080
2673, 0.00055098
2674, 0.00055116
2675, 0.00055134
2676, 0.00055152
2677, 0.00055169
2678, 0.00055187
2679, 0.00055205
2680, 0.00055222
2681, 0.00055240
2682, 0.00055257
2683, 0.00055275
2684, 0.00055294
2685, 0.00055312
2686, 0.00055329
2687, 0.00055347
2688, 0.00055365
2689, 0.00055382
2690, 0.00055399
2691, 0.00055417
2692, 0.00055434
2693, 0.00055452
2694, 0.00055470
2695, 0.00055487
2696, 0.00055505
2697, 0.00055523
2698, 0.00055540
2699, 0.00055558
2700, 0.00055576
2701, 0.00055593
2702, 0.00055611
2703, 0.00055629
2704, 0.00055647
2705, 0.00055670
2706, 0.00055688
2707, 0.00055705
2708, 0.00055723
2709, 0.00055740
2710, 0.00055758
2711, 0.00055776
2712, 0.00055794
2713, 0.00055812
2714, 0.00055829
2715, 0.00055847
2716, 0.00055864
2717, 0.00055881
2718, 0.00055900
2719, 0.00055918
2720, 0.00055936
2721, 0.00055954
2722, 0.00055972
2723, 0.00055990
2724, 0.00056008
2725, 0.00056026
2726, 0.00056044
2727, 0.00056062
2728, 0.00056080
2729, 0.00056098
2730, 0.00056117
2731, 0.00056135
2732, 0.00056153
2733, 0.00056171
2734, 0.00056189
2735, 0.00056206
2736, 0.00056224
2737, 0.00056242
2738, 0.00056260
2739, 0.00056279
2740, 0.00056297
2741, 0.00056315
2742, 0.00056333
2743, 0.00056351
2744, 0.00056369
2745, 0.00056387
2746, 0.00056405
2747, 0.00056423
2748, 0.00056441
2749, 0.00056459
2750, 0.00056477
2751, 0.00056495
2752, 0.00056513
2753, 0.00056531
2754, 0.00056549
2755, 0.00056568
2756, 0.00056586
2757, 0.00056604
2758, 0.00056622
2759, 0.00056640
2760, 0.00056658
2761, 0.00056676
2762, 0.00056694
2763, 0.00056712
2764, 0.00056730
2765, 0.00056748
2766, 0.00056766
2767, 0.00056784
2768, 0.00056802
2769, 0.00056820
2770, 0.00056838
2771, 0.00056857
2772, 0.00056875
2773, 0.00056893
2774, 0.00056911
2775, 0.00056929
2776, 0.00056948
2777, 0.00057162
2778, 0.00057182
2779, 0.00057200
2780, 0.00057218
2781, 0.00057235
2782, 0.00057253
2783, 0.00057270
2784, 0.00057288
2785, 0.00057305
2786, 0.00057323
2787, 0.00057340
2788, 0.00057357
2789, 0.00057375
2790, 0.00057392
2791, 0.00057410
2792, 0.00057427
2793, 0.00057450
2794, 0.00057468
2795, 0.00057485
2796, 0.00057503
2797, 0.00057521
2798, 0.00057538
2799, 0.00057556
2800, 0.00057574
2801, 0.00057591
2802, 0.00057608
2803, 0.00057626
2804, 0.00057644
2805, 0.00057661
2806, 0.00057679
2807, 0.00057696
2808, 0.00057714
2809, 0.00057731
2810, 0.00057749
2811, 0.00057766
2812, 0.00057784
2813, 0.00057801
2814, 0.00057819
2815, 0.00057836
2816, 0.00057854
2817, 0.00057871
2818, 0.00057889
2819, 0.00057906
2820, 0.00057924
2821, 0.00057942
2822, 0.00057960
2823, 0.00057978
2824, 0.00057996
2825, 0.00058014
2826, 0.00058032
2827, 0.00058050
2828, 0.00058068
2829, 0.00058087
2830, 0.00058105
2831, 0.00058123
2832, 0.00058142
2833, 0.00058160
2834, 0.00058178
2835, 0.00058195
2836, 0.00058213
2837, 0.00058230
2838, 0.00058248
2839, 0.00058265
2840, 0.00058283
2841, 0.00058300
2842, 0.00058317
2843, 0.00058335
2844, 0.00058352
2845, 0.00058370
2846, 0.00058387
2847, 0.00058405
2848, 0.00058422
2849, 0.00058439
2850, 0.00058457
2851, 0.00058474
2852, 0.00058492
2853, 0.00058509
2854, 0.00058527
2855, 0.00058544
2856, 0.00058562
2857, 0.00058579
2858, 0.00058597
2859, 0.00058614
2860, 0.00058632
2861, 0.00058649
2862, 0.00058667
2863, 0.00058684
2864, 0.00058702
2865, 0.00058719
2866, 0.00058737
2867, 0.00058754
2868, 0.00058772
2869, 0.00058790
2870, 0.00058807
2871, 0.00058825
2872, 0.00058842
2873, 0.00058860
2874, 0.00058877
2875, 0.00058894
2876, 0.00058912
2877, 0.00058929
2878, 0.00058947
2879, 0.00058964
2880, 0.00058982
2881, 0.00058999
2882, 0.00059017
2883, 0.00059035
2884, 0.00059052
2885, 0.00059070
2886, 0.00059087
2887, 0.00059105
2888, 0.00059122
2889, 0.00059140
2890, 0.00059157
2891, 0.00059175
2892, 0.00059192
2893, 0.00059210
2894, 0.00059228
2895, 0.00059245
2896, 0.00059263
2897, 0.00059280
2898, 0.00059298
2899, 0.00059315
2900, 0.00059333
2901, 0.00059350
2902, 0.00059369
2903, 0.00059579
2904, 0.00059600
2905, 0.00059618
2906, 0.00059638
2907, 0.00059656
2908, 0.00059674
2909, 0.00059691
2910, 0.00059709
2911, 0.00059727
2912, 0.00059744
2913, 0.00059762
2914, 0.00059780
2915, 0.00059797
2916, 0.00059814
2917, 0.00059832
2918, 0.00059849
2919, 0.00059867
2920, 0.00059884
2921, 0.00059905
2922, 0.00059922
2923, 0.00059941
2924, 0.00059959
2925, 0.00059976
2926, 0.00059996
2927, 0.00060013
2928, 0.00060030
2929, 0.00060048
2930, 0.00060066
2931, 0.00060084
2932, 0.00060101
2933, 0.00060119
2934, 0.00060137
2935, 0.00060155
2936, 0.00060173
2937, 0.00060191
2938, 0.00060208
2939, 0.00060225
2940, 0.00060243
2941, 0.00060260
2942, 0.00060277
2943, 0.00060295
2944, 0.00060312
2945, 0.00060329
2946, 0.00060347
2947, 0.00060364
2948, 0.00060381
2949, 0.00060399
2950, 0.00060416
2951, 0.00060434
2952, 0.00060451
2953, 0.00060471
2954, 0.00060488
2955, 0.00060506
2956, 0.00060523
2957, 0.00060540
2958, 0.00060564
2959, 0.00060582
2960, 0.00060600
2961, 0.00060618
2962, 0.00060636
2963, 0.00060654
2964, 0.00060672
2965, 0.00060690
2966, 0.00060707
2967, 0.00060725
2968, 0.00060743
2969, 0.00060760
2970, 0.00060778
2971, 0.00060795
2972, 0.00060813
2973, 0.00060830
2974, 0.00060848
2975, 0.00060865
2976, 0.00060889
2977, 0.00060906
2978, 0.00060924
2979, 0.00060942
2980, 0.00060960
2981, 0.00060978
2982, 0.00060996
2983, 0.00061013
2984, 0.00061033
2985, 0.00061051
2986, 0.00061068
2987, 0.00061086
2988, 0.00061104
2989, 0.00061122
2990, 0.00061139
2991, 0.00061157
2992, 0.00061175
2993, 0.00061192
2994, 0.00061210
2995, 0.00061229
2996, 0.00061247
2997, 0.00061264
2998, 0.00061281
2999, 0.00061299
3000, 0.00061316
3001, 0.00061335
3002, 0.00061352
3003, 0.00061372
3004, 0.00061390
3005, 0.00061408
3006, 0.00061426
3007, 0.00061443
3008, 0.00061461
3009, 0.00061479
3010, 0.00061497
3011, 0.00061514
3012, 0.00061531
3013, 0.00061549
3014, 0.00061566
3015, 0.00061584
3016, 0.00061601
3017, 0.00061618
3018, 0.00061636
3019, 0.00061653
3020, 0.00061671
3021, 0.00061688
3022, 0.00061706
3023, 0.00061723
3024, 0.00061740
3025, 0.00061760
3026, 0.00061777
3027, 0.00061795
3028, 0.00061814
3029, 0.00062030
3030, 0.00062050
3031, 0.00062068
3032, 0.00062086
3033, 0.00062103
3034, 0.00062120
3035, 0.00062138
3036, 0.00062156
3037, 0.00062173
3038, 0.00062191
3039, 0.00062208
3040, 0.00062226
3041, 0.00062243
3042, 0.00062260
3043, 0.00062278
3044, 0.00062298
3045, 0.00062315
3046, 0.00062333
3047, 0.00062352
3048, 0.00062370
3049, 0.00062387
3050, 0.00062404
3051, 0.00062422
3052, 0.00062440
3053, 0.00062457
3054, 0.00062475
3055, 0.00062492
3056, 0.00062510
3057, 0.00062527
3058, 0.00062545
3059, 0.00062562
3060, 0.00062580
3061, 0.00062600
3062, 0.00062618
3063, 0.00062635
3064, 0.00062652
3065, 0.00062670
3066, 0.00062687
3067, 0.00062705
3068, 0.00062722
3069, 0.00062741
3070, 0.00062759
3071, 0.00062787
3072, 0.00062804
3073, 0.00062822
3074, 0.00062839
3075, 0.00062856
3076, 0.00062874
3077, 0.00062891
3078, 0.00062908
3079, 0.00062934
3080, 0.00062952
3081, 0.00062969
3082, 0.00062987
3083, 0.00063004
3084, 0.00063022
3085, 0.00063039
3086, 0.00063056
3087, 0.00063081
3088, 0.00063098
3089, 0.00063116
3090, 0.00063133
3091, 0.00063151
3092, 0.00063168
3093, 0.00063186
3094, 0.00063203
3095, 0.00063227
3096, 0.00063244
3097, 0.00063262
3098, 0.00063279
3099, 0.00063297
3100, 0.00063314
3101, 0.00063333
3102, 0.00063351
3103, 0.00063368
3104, 0.00063385
3105, 0.00063403
3106, 0.00063420
3107, 0.00063437
3108, 0.00063455
3109, 0.00063472
3110, 0.00063489
3111, 0.00063506
3112, 0.00063524
3113, 0.00063541
3114, 0.00063558
3115, 0.00063575
3116, 0.00063592
3117, 0.00063609
3118, 0.00063627
3119, 0.00063651
3120, 0.00063669
3121, 0.00063686
3122, 0.00063703
3123, 0.00063721
3124, 0.00063738
3125, 0.00063756
3126, 0.00063773
3127, 0.00063791
3128, 0.00063808
3129, 0.00063825
3130, 0.00063842
3131, 0.00063860
3132, 0.00063877
3133, 0.00063894
3134, 0.00063912
3135, 0.00063936
3136, 0.00063953
3137, 0.00063971
3138, 0.00063988
3139, 0.00064005
3140, 0.00064022
3141, 0.00064039
3142, 0.00064057
3143, 0.00064074
3144, 0.00064091
3145, 0.00064109
3146, 0.00064126
3147, 0.00064143
3148, 0.00064160
3149, 0.00064178
3150, 0.00064195
3151, 0.00064212
3152, 0.00064229
3153, 0.00064247
3154, 0.00064266
3155, 0.00064478
3156, 0.00064498
3157, 0.00064516
3158, 0.00064533
3159, 0.00064550
3160, 0.00064568
3161, 0.00064585
3162, 0.00064603
3163, 0.00064620
3164, 0.00064637
3165, 0.00064655
3166, 0.00064672
3167, 0.00064690
3168, 0.00064707
3169, 0.00064725
3170, 0.00064743
3171, 0.00064760
3172, 0.00064778
3173, 0.00064795
3174, 0.00064813
3175, 0.00064830
3176, 0.00064848
3177, 0.00064865
3178, 0.00064882
3179, 0.00064900
3180, 0.00064918
3181, 0.00064935
3182, 0.00064953
3183, 0.00064970
3184, 0.00064990
3185, 0.00065007
3186, 0.00065025
3187, 0.00065042
3188, 0.00065060
3189, 0.00065077
3190, 0.00065094
3191, 0.00065112
3192, 0.00065129
3193, 0.00065147
3194, 0.00065164
3195, 0.00065182
3196, 0.00065199
3197, 0.00065217
3198, 0.00065234
3199, 0.00065252
3200, 0.00065277
3201, 0.00065295
3202, 0.00065313
3203, 0.00065330
3204, 0.00065347
3205, 0.00065365
3206, 0.00065382
3207, 0.00065400
3208, 0.00065417
3209, 0.00065436
3210, 0.00065454
3211, 0.00065472
3212, 0.00065490
3213, 0.00065508
3214, 0.00065526
3215, 0.00065544
3216, 0.00065562
3217, 0.00065580
3218, 0.00065599
3219, 0.00065617
3220, 0.00065635
3221, 0.00065652
3222, 0.00065670
3223, 0.00065687
3224, 0.00065705
3225, 0.00065722
3226, 0.00065740
3227, 0.00065757
3228, 0.00065775
3229, 0.00065792
3230, 0.00065810
3231, 0.00065828
3232, 0.00065845
3233, 0.00065862
3234, 0.00065880
3235, 0.00065898
3236, 0.00065915
3237, 0.00065933
3238, 0.00065950
3239, 0.00065968
3240, 0.00065985
3241, 0.00066003
3242, 0.00066020
3243, 0.00066037
3244, 0.00066055
3245, 0.00066072
3246, 0.00066089
3247, 0.00066108
3248, 0.00066126
3249, 0.00066143
3250, 0.00066161
3251, 0.00066178
3252, 0.00066196
3253, 0.00066213
3254, 0.00066231
3255, 0.00066248
3256, 0.00066266
3257, 0.00066283
3258, 0.00066301
3259, 0.00066318
3260, 0.00066335
3261, 0.00066353
3262, 0.00066370
3263, 0.00066388
3264, 0.00066405
3265, 0.00066422
3266, 0.00066439
3267, 0.00066457
3268, 0.00066474
3269, 0.00066492
3270, 0.00066509
3271, 0.00066527
3272, 0.00066544
3273, 0.00066561
3274, 0.00066579
3275, 0.00066596
3276, 0.00066613
3277, 0.00066631
3278, 0.00066648
3279, 0.00066666
3280, 0.00066684
3281, 0.00066895
3282, 0.00066915
3283, 0.00066933
3284, 0.00066951
3285, 0.00066969
3286, 0.00066986
3287, 0.00067003
3288, 0.00067021
3289, 0.00067038
3290, 0.00067056
3291, 0.00067073
3292, 0.00067090
3293, 0.00067108
3294, 0.00067125
3295, 0.00067142
3296, 0.00067160
3297, 0.00067177
3298, 0.00067195
3299, 0.00067212
3300, 0.00067229
3301, 0.00067247
3302, 0.00067264
3303, 0.00067281
3304, 0.00067299
3305, 0.00067316
3306, 0.00067333
3307, 0.00067351
3308, 0.00067368
3309, 0.00067386
3310, 0.00067403
3311, 0.00067420
3312, 0.00067438
3313, 0.00067455
3314, 0.00067473
3315, 0.00067491
3316, 0.00067510
3317, 0.00067527
3318, 0.00067544
3319, 0.00067562
3320, 0.00067579
3321, 0.00067596
3322, 0.00067613
3323, 0.00067630
3324, 0.00067648
3325, 0.00067665
3326, 0.00067682
3327, 0.00067699
3328, 0.00067717
3329, 0.00067734
3330, 0.00067752
3331, 0.00067769
3332, 0.00067786
3333, 0.00067803
3334, 0.00067821
3335, 0.00067838
3336, 0.00067855
3337, 0.00067873
3338, 0.00067890
3339, 0.00067907
3340, 0.00067925
3341, 0.00067942
3342, 0.00067959
3343, 0.00067976
3344, 0.00067994
3345, 0.00068011
3346, 0.00068028
3347, 0.00068046
3348, 0.00068063
3349, 0.00068080
3350, 0.00068098
3351, 0.00068117
3352, 0.00068134
3353, 0.00068153
3354, 0.00068170
3355, 0.00068187
3356, 0.00068205
3357, 0.00068222
3358, 0.00068239
3359, 0.00068257
3360, 0.00068274
3361, 0.00068291
3362, 0.00068309
3363, 0.00068326
3364, 0.00068343
3365, 0.00068360
3366, 0.00068378
3367, 0.00068396
3368, 0.00068413
3369, 0.00068431
3370, 0.00068448
3371, 0.00068466
3372, 0.00068483
3373, 0.00068501
3374, 0.00068519
3375, 0.00068536
3376, 0.00068556
3377, 0.00068573
3378, 0.00068594
3379, 0.00068613
3380, 0.00068631
3381, 0.00068650
3382, 0.00068668
3383, 0.00068685
3384, 0.00068702
3385, 0.00068720
3386, 0.00068737
3387, 0.00068754
3388, 0.00068772
3389, 0.00068789
3390, 0.00068806
3391, 0.00068824
3392, 0.00068842
3393, 0.00068859
3394, 0.00068877
3395, 0.00068894
3396, 0.00068912
3397, 0.00068929
3398, 0.00068947
3399, 0.00068964
3400, 0.00068982
3401, 0.00068999
3402, 0.00069017
3403, 0.00069034
3404, 0.00069051
3405, 0.00069068
3406, 0.00069087
3407, 0.00069304
3408, 0.00069324
3409, 0.00069342
3410, 0.00069360
3411, 0.00069377
3412, 0.00069395
3413, 0.00069413
3414, 0.00069431
3415, 0.00069449
3416, 0.00069466
3417, 0.00069484
3418, 0.00069502
3419, 0.00069520
3420, 0.00069537
3421, 0.00069555
3422, 0.00069573
3423, 0.00069590
3424, 0.00069608
3425, 0.00069625
3426, 0.00069643
3427, 0.00069661
3428, 0.00069678
3429, 0.00069696
3430, 0.00069713
3431, 0.00069731
3432, 0.00069748
3433, 0.00069766
3434, 0.00069783
3435, 0.00069801
3436, 0.00069818
3437, 0.00069836
3438, 0.00069854
3439, 0.00069871
3440, 0.00069888
3441, 0.00069906
3442, 0.00069923
3443, 0.00069941
3444, 0.00069958
3445, 0.00069976
3446, 0.00069993
3447, 0.00070010
3448, 0.00070028
3449, 0.00070045
3450, 0.00070062
3451, 0.00070080
3452, 0.00070104
3453, 0.00070121
3454, 0.00070139
3455, 0.00070156
3456, 0.00070174
3457, 0.00070191
3458, 0.00070209
3459, 0.00070226
3460, 0.00070244
3461, 0.00070261
3462, 0.00070279
3463, 0.00070296
3464, 0.00070314
3465, 0.00070332
3466, 0.00070349
3467, 0.00070367
3468, 0.00070384
3469, 0.00070402
3470, 0.00070420
3471, 0.00070438
3472, 0.00070457
3473, 0.00070475
3474, 0.00070492
3475, 0.00070509
3476, 0.00070527
3477, 0.00070544
3478, 0.00070562
3479, 0.00070580
3480, 0.00070597
3481, 0.00070615
3482, 0.00070632
3483, 0.00070649
3484, 0.00070667
3485, 0.00070685
3486, 0.00070702
3487, 0.00070720
3488, 0.00070737
3489, 0.00070755
3490, 0.00070773
3491, 0.00070790
3492, 0.00070807
3493, 0.00070825
3494, 0.00070842
3495, 0.00070860
3496, 0.00070877
3497, 0.00070895
3498, 0.00070913
3499, 0.00070931
3500, 0.00070948
3501, 0.00070968
3502, 0.00070986
3503, 0.00071003
3504, 0.00071020
3505, 0.00071038
3506, 0.00071055
3507, 0.00071072
3508, 0.00071090
3509, 0.00071107
3510, 0.00071124
3511, 0.00071142
3512, 0.00071160
3513, 0.00071177
3514, 0.00071195
3515, 0.00071214
3516, 0.00071231
3517, 0.00071249
3518, 0.00071266
3519, 0.00071284
3520, 0.00071302
3521, 0.00071319
3522, 0.00071336
3523, 0.00071354
3524, 0.00071371
3525, 0.00071389
3526, 0.00071407
3527, 0.00071424
3528, 0.00071442
3529, 0.00071459
3530, 0.00071477
3531, 0.00071494
3532, 0.00071513
3533, 0.00071731
3534, 0.00071751
3535, 0.00071768
3536, 0.00071785
3537, 0.00071803
3538, 0.00071820
3539, 0.00071838
3540, 0.00071855
3541, 0.00071872
3542, 0.00071890
3543, 0.00071908
3544, 0.00071925
3545, 0.00071942
3546, 0.00071960
3547, 0.00071977
3548, 0.00071994
3549, 0.00072012
3550, 0.00072029
3551, 0.00072046
3552, 0.00072064
3553, 0.00072081
3554, 0.00072098
3555, 0.00072118
3556, 0.00072135
3557, 0.00072152
3558, 0.00072170
3559, 0.00072188
3560, 0.00072205
3561, 0.00072223
3562, 0.00072240
3563, 0.00072260
3564, 0.00072277
3565, 0.00072295
3566, 0.00072312
3567, 0.00072330
3568, 0.00072347
3569, 0.00072365
3570, 0.00072383
3571, 0.00072400
3572, 0.00072418
3573, 0.00072435
3574, 0.00072453
3575, 0.00072470
3576, 0.00072487
3577, 0.00072505
3578, 0.00072522
3579, 0.00072539
3580, 0.00072557
3581, 0.00072574
3582, 0.00072591
3583, 0.00072618
3584, 0.00072635
3585, 0.00072652
3586, 0.00072672
3587, 0.00072689
3588, 0.00072706
3589, 0.00072724
3590, 0.00072741
3591, 0.00072760
3592, 0.00072777
3593, 0.00072796
3594, 0.00072813
3595, 0.00072831
3596, 0.00072849
3597, 0.00072867
3598, 0.00072885
3599, 0.00072903
3600, 0.00072921
3601, 0.00072938
3602, 0.00072955
3603, 0.00072972
3604, 0.00072990
3605, 0.00073007
3606, 0.00073024
3607, 0.00073049
3608, 0.00073067
3609, 0.00073084
3610, 0.00073101
3611, 0.00073119
3612, 0.00073136
3613, 0.00073153
3614, 0.00073170
3615, 0.00073187
3616, 0.00073205
3617, 0.00073223
3618, 0.00073241
3619, 0.00073258
3620, 0.00073276
3621, 0.00073293
3622, 0.00073311
3623, 0.00073328
3624, 0.00073345
3625, 0.00073363
3626, 0.00073380
3627, 0.00073397
3628, 0.00073415
3629, 0.00073432
3630, 0.00073450
3631, 0.00073467
3632, 0.00073486
3633, 0.00073504
3634, 0.00073521
3635, 0.00073538
3636, 0.00073556
3637, 0.00073573
3638, 0.00073591
3639, 0.00073608
3640, 0.00073625
3641, 0.00073643
3642, 0.00073660
3643, 0.00073677
3644, 0.00073695
3645, 0.00073712
3646, 0.00073729
3647, 0.00073747
3648, 0.00073764
3649, 0.00073781
3650, 0.00073799
3651, 0.00073816
3652, 0.00073833
3653, 0.00073851
3654, 0.00073868
3655, 0.00073913
3656, 0.00073930
3657, 0.00073947
3658, 0.00073966
3659, 0.00074181
3660, 0.00074201
3661, 0.00074220
3662, 0.00074238
3663, 0.00074256
3664, 0.00074274
3665, 0.00074291
3666, 0.00074309
3667, 0.00074326
3668, 0.00074343
3669, 0.00074360
3670, 0.00074378
3671, 0.00074395
3672, 0.00074412
3673, 0.00074430
3674, 0.00074447
3675, 0.00074464
3676, 0.00074482
3677, 0.00074499
3678, 0.00074516
3679, 0.00074533
3680, 0.00074551
3681, 0.00074568
3682, 0.00074585
3683, 0.00074603
3684, 0.00074620
3685, 0.00074637
3686, 0.00074654
3687, 0.00074671
3688, 0.00074688
3689, 0.00074705
3690, 0.00074723
3691, 0.00074740
3692, 0.00074757
3693, 0.00074775
3694, 0.00074793
3695, 0.00074811
3696, 0.00074828
3697, 0.00074845
3698, 0.00074863
3699, 0.00074880
3700, 0.00074897
3701, 0.00074915
3702, 0.00074933
3703, 0.00074950
3704, 0.00074967
3705, 0.00074985
3706, 0.00075002
3707, 0.00075019
3708, 0.00075036
3709, 0.00075054
3710, 0.00075071
3711, 0.00075089
3712, 0.00075106
3713, 0.00075123
3714, 0.00075140
3715, 0.00075157
3716, 0.00075175
3717, 0.00075192
3718, 0.00075210
3719, 0.00075227
3720, 0.00075244
3721, 0.00075261
3722, 0.00075279
3723, 0.00075296
3724, 0.00075313
3725, 0.00075331
3726, 0.00075348
3727, 0.00075365
3728, 0.00075383
3729, 0.00075402
3730, 0.00075420
3731, 0.00075437
3732, 0.00075454
3733, 0.00075471
3734, 0.00075489
3735, 0.00075506
3736, 0.00075524
3737, 0.00075541
3738, 0.00075559
3739, 0.00075577
3740, 0.00075594
3741, 0.00075612
3742, 0.00075629
3743, 0.00075646
3744, 0.00075663
3745, 0.00075681
3746, 0.00075698
3747, 0.00075715
3748, 0.00075733
3749, 0.00075752
3750, 0.00075770
3751, 0.00075788
3752, 0.00075805
3753, 0.00075823
3754, 0.00075840
3755, 0.00075857
3756, 0.00075875
3757, 0.00075893
3758, 0.00075910
3759, 0.00075927
3760, 0.00075945
3761, 0.00075962
3762, 0.00075980
3763, 0.00075997
3764, 0.00076015
3765, 0.00076032
3766, 0.00076050
3767, 0.00076067
3768, 0.00076085
3769, 0.00076102
3770, 0.00076119
3771, 0.00076137
3772, 0.00076154
3773, 0.00076171
3774, 0.00076189
3775, 0.00076206
3776, 0.00076224
3777, 0.00076241
3778, 0.00076259
3779, 0.00076277
3780, 0.00076294
3781, 0.00076311
3782, 0.00076329
3783, 0.00076347
3784, 0.00076365
3785, 0.00076582
3786, 0.00076601
3787, 0.00076618
3788, 0.00076635
3789, 0.00076652
3790, 0.00076670
3791, 0.00076687
3792, 0.00076704
3793, 0.00076722
3794, 0.00076739
3795, 0.00076756
3796, 0.00076773
3797, 0.00076791
3798, 0.00076808
3799, 0.00076826
3800, 0.00076844
3801, 0.00076861
3802, 0.00076878
3803, 0.00076896
3804, 0.00076916
3805, 0.00076933
3806, 0.00076950
3807, 0.00076968
3808, 0.00076986
3809, 0.00077004
3810, 0.00077021
3811, 0.00077038
3812, 0.00077056
3813, 0.00077073
3814, 0.00077091
3815, 0.00077108
3816, 0.00077125
3817, 0.00077142
3818, 0.00077160
3819, 0.00077177
3820, 0.00077194
3821, 0.00077212
3822, 0.00077229
3823, 0.00077246
3824, 0.00077264
3825, 0.00077282
3826, 0.00077300
3827, 0.00077317
3828, 0.00077334
3829, 0.00077352
3830, 0.00077369
3831, 0.00077386
3832, 0.00077403
3833, 0.00077421
3834, 0.00077438
3835, 0.00077455
3836, 0.00077472
3837, 0.00077490
3838, 0.00077507
3839, 0.00077525
3840, 0.00077542
3841, 0.00077560
3842, 0.00077577
3843, 0.00077594
3844, 0.00077611
3845, 0.00077628
3846, 0.00077646
3847, 0.00077663
3848, 0.00077681
3849, 0.00077698
3850, 0.00077715
3851, 0.00077733
3852, 0.00077750
3853, 0.00077768
3854, 0.00077785
3855, 0.00077803
3856, 0.00077820
3857, 0.00077837
3858, 0.00077855
3859, 0.00077873
3860, 0.00077890
3861, 0.00077908
3862, 0.00077925
3863, 0.00077942
3864, 0.00077959
3865, 0.00077977
3866, 0.00077994
3867, 0.00078011
3868, 0.00078028
3869, 0.00078046
3870, 0.00078064
3871, 0.00078082
3872, 0.00078100
3873, 0.00078118
3874, 0.00078136
3875, 0.00078154
3876, 0.00078172
3877, 0.00078190
3878, 0.00078207
3879, 0.00078224
3880, 0.00078242
3881, 0.00078259
3882, 0.00078277
3883, 0.00078294
3884, 0.00078311
3885, 0.00078329
3886, 0.00078347
3887, 0.00078365
3888, 0.00078383
3889, 0.00078401
3890, 0.00078418
3891, 0.00078436
3892, 0.00078454
3893, 0.00078472
3894, 0.00078492
3895, 0.00078509
3896, 0.00078526
3897, 0.00078544
3898, 0.00078561
3899, 0.00078578
3900, 0.00078596
3901, 0.00078613
3902, 0.00078630
3903, 0.00078648
3904, 0.00078665
3905, 0.00078682
3906, 0.00078699
3907, 0.00078717
3908, 0.00078734
3909, 0.00078752
3910, 0.00078770
3911, 0.00078996
3912, 0.00079017
3913, 0.00079036
3914, 0.00079055
3915, 0.00079073
3916, 0.00079091
3917, 0.00079109
3918, 0.00079127
3919, 0.00079144
3920, 0.00079161
3921, 0.00079178
3922, 0.00079196
3923, 0.00079213
3924, 0.00079231
3925, 0.00079248
3926, 0.00079266
3927, 0.00079283
3928, 0.00079300
3929, 0.00079318
3930, 0.00079335
3931, 0.00079353
3932, 0.00079370
3933, 0.00079388
3934, 0.00079405
3935, 0.00079424
3936, 0.00079441
3937, 0.00079458
3938, 0.00079476
3939, 0.00079493
3940, 0.00079510
3941, 0.00079528
3942, 0.00079545
3943, 0.00079562
3944, 0.00079580
3945, 0.00079597
3946, 0.00079614
3947, 0.00079632
3948, 0.00079649
3949, 0.00079667
3950, 0.00079684
3951, 0.00079701
3952, 0.00079719
3953, 0.00079736
3954, 0.00079754
3955, 0.00079771
3956, 0.00079789
3957, 0.00079806
3958, 0.00079824
3959, 0.00079842
3960, 0.00079859
3961, 0.00079877
3962, 0.00079894
3963, 0.00079912
3964, 0.00079929
3965, 0.00079947
3966, 0.00079964
3967, 0.00079982
3968, 0.00080000
3969, 0.00080017
3970, 0.00080035
3971, 0.00080052
3972, 0.00080070
3973, 0.00080087
3974, 0.00080104
3975, 0.00080122
3976, 0.00080139
3977, 0.00080157
3978, 0.00080174
3979, 0.00080192
3980, 0.00080209
3981, 0.00080228
3982, 0.00080246
3983, 0.00080263
3984, 0.00080281
3985, 0.00080298
3986, 0.00080316
3987, 0.00080333
3988, 0.00080351
3989, 0.00080368
3990, 0.00080386
3991, 0.00080403
3992, 0.00080421
3993, 0.00080438
3994, 0.00080456
3995, 0.00080473
3996, 0.00080491
3997, 0.00080509
3998, 0.00080526
3999, 0.00080545
4000, 0.00080563
4001, 0.00080580
4002, 0.00080598
4003, 0.00080616
4004, 0.00080634
4005, 0.00080651
4006, 0.00080668
4007, 0.00080686
4008, 0.00080703
4009, 0.00080721
4010, 0.00080738
4011, 0.00080756
4012, 0.00080774
4013, 0.00080791
4014, 0.00080809
4015, 0.00080826
4016, 0.00080844
4017, 0.00080861
4018, 0.00080878
4019, 0.00080896
4020, 0.00080913
4021, 0.00080931
4022, 0.00080948
4023, 0.00080967
4024, 0.00080985
4025, 0.00081009
4026, 0.00081026
4027, 0.00081043
4028, 0.00081061
4029, 0.00081078
4030, 0.00081095
4031, 0.00081112
4032, 0.00081130
4033, 0.00081147
4034, 0.00081165
4035, 0.00081182
4036, 0.00081201
4037, 0.00081813
4038, 0.00081835
4039, 0.00081855
4040, 0.00081874
4041, 0.00081892
4042, 0.00081911
4043, 0.00081929
4044, 0.00081947
4045, 0.00081966
4046, 0.00081983
4047, 0.00082002
4048, 0.00082020
4049, 0.00082037
4050, 0.00082054
4051, 0.00082071
4052, 0.00082089
4053, 0.00082106
4054, 0.00082126
4055, 0.00082143
4056, 0.00082160
4057, 0.00082177
4058, 0.00082194
4059, 0.00082211
4060, 0.00082228
4061, 0.00082245
4062, 0.00082263
4063, 0.00082281
4064, 0.00082298
4065, 0.00082315
4066, 0.00082332
4067, 0.00082350
4068, 0.00082367
4069, 0.00082384
4070, 0.00082402
4071, 0.00082419
4072, 0.00082436
4073, 0.00082454
4074, 0.00082471
4075, 0.00082488
4076, 0.00082506
4077, 0.00082523
4078, 0.00082541
4079, 0.00082558
4080, 0.00082575
4081, 0.00082593
4082, 0.00082610
4083, 0.00082628
4084, 0.00082645
4085, 0.00082663
4086, 0.00082680
4087, 0.00082697
4088, 0.00082715
4089, 0.00082732
4090, 0.00082749
4091, 0.00082766
4092, 0.00082783
4093, 0.00082800
4094, 0.00082825
4095, 0.00082846
4096, 0.00082863
4097, 0.00082880
4098, 0.00082898
4099, 0.00082915
4100, 0.00082933
4101, 0.00082950
4102, 0.00082968
4103, 0.00082985
4104, 0.00083002
4105, 0.00083020
4106, 0.00083037
4107, 0.00083055
4108, 0.00083072
4109, 0.00083090
4110, 0.00083107
4111, 0.00083124
4112, 0.00083142
4113, 0.00083159
4114, 0.00083177
4115, 0.00083195
4116, 0.00083212
4117, 0.00083229
4118, 0.00083247
4119, 0.00083264
4120, 0.00083281
4121, 0.00083299
4122, 0.00083316
4123, 0.00083334
4124, 0.00083351
4125, 0.00083369
4126, 0.00083386
4127, 0.00083403
4128, 0.00083421
4129, 0.00083438
4130, 0.00083456
4131, 0.00083473
4132, 0.00083490
4133, 0.00083507
4134, 0.00083524
4135, 0.00083542
4136, 0.00083559
4137, 0.00083576
4138, 0.00083593
4139, 0.00083611
4140, 0.00083628
4141, 0.00083645
4142, 0.00083663
4143, 0.00083680
4144, 0.00083698
4145, 0.00083715
4146, 0.00083733
4147, 0.00083751
4148, 0.00083768
4149, 0.00083786
4150, 0.00083803
4151, 0.00083821
4152, 0.00083839
4153, 0.00083856
4154, 0.00083874
4155, 0.00083891
4156, 0.00083911
4157, 0.00083928
4158, 0.00083946
4159, 0.00083963
4160, 0.00083981
4161, 0.00083998
4162, 0.00084016
4163, 0.00084225
4164, 0.00084245
4165, 0.00084263
4166, 0.00084281
4167, 0.00084298
4168, 0.00084316
4169, 0.00084334
4170, 0.00084351
4171, 0.00084368
4172, 0.00084386
4173, 0.00084403
4174, 0.00084421
4175, 0.00084438
4176, 0.00084456
4177, 0.00084473
4178, 0.00084490
4179, 0.00084507
4180, 0.00084525
4181, 0.00084542
4182, 0.00084560
4183, 0.00084577
4184, 0.00084595
4185, 0.00084617
4186, 0.00084634
4187, 0.00084652
4188, 0.00084669
4189, 0.00084687
4190, 0.00084704
4191, 0.00084721
4192, 0.00084739
4193, 0.00084757
4194, 0.00084775
4195, 0.00084793
4196, 0.00084811
4197, 0.00084829
4198, 0.00084847
4199, 0.00084865
4200, 0.00084883
4201, 0.00084901
4202, 0.00084918
4203, 0.00084936
4204, 0.00084953
4205, 0.00084971
4206, 0.00084988
4207, 0.00085006
4208, 0.00085023
4209, 0.00085041
4210, 0.00085059
4211, 0.00085076
4212, 0.00085093
4213, 0.00085111
4214, 0.00085128
4215, 0.00085146
4216, 0.00085163
4217, 0.00085181
4218, 0.00085198
4219, 0.00085216
4220, 0.00085233
4221, 0.00085251
4222, 0.00085268
4223, 0.00085285
4224, 0.00085302
4225, 0.00085320
4226, 0.00085337
4227, 0.00085355
4228, 0.00085372
4229, 0.00085389
4230, 0.00085407
4231, 0.00085424
4232, 0.00085442
4233, 0.00085459
4234, 0.00085476
4235, 0.00085494
4236, 0.00085511
4237, 0.00085528
4238, 0.00085546
4239, 0.00085563
4240, 0.00085580
4241, 0.00085598
4242, 0.00085615
4243, 0.00085633
4244, 0.00085652
4245, 0.00085669
4246, 0.00085687
4247, 0.00085704
4248, 0.00085721
4249, 0.00085739
4250, 0.00085756
4251, 0.00085774
4252, 0.00085791
4253, 0.00085810
4254, 0.00085827
4255, 0.00085844
4256, 0.00085861
4257, 0.00085879
4258, 0.00085897
4259, 0.00085914
4260, 0.00085932
4261, 0.00085949
4262, 0.00085967
4263, 0.00085984
4264, 0.00086002
4265, 0.00086019
4266, 0.00086037
4267, 0.00086054
4268, 0.00086072
4269, 0.00086089
4270, 0.00086106
4271, 0.00086123
4272, 0.00086141
4273, 0.00086158
4274, 0.00086176
4275, 0.00086195
4276, 0.00086212
4277, 0.00086230
4278, 0.00086248
4279, 0.00086265
4280, 0.00086282
4281, 0.00086300
4282, 0.00086317
4283, 0.00086335
4284, 0.00086353
4285, 0.00086370
4286, 0.00086387
4287, 0.00086405
4288, 0.00086429
4289, 0.00086637
4290, 0.00086657
4291, 0.00086675
4292, 0.00086694
4293, 0.00086712
4294, 0.00086730
4295, 0.00086747
4296, 0.00086765
4297, 0.00086782
4298, 0.00086800
4299, 0.00086818
4300, 0.00086835
4301, 0.00086853
4302, 0.00086871
4303, 0.00086888
4304, 0.00086908
4305, 0.00086925
4306, 0.00086943
4307, 0.00086960
4308, 0.00086978
4309, 0.00086995
4310, 0.00087012
4311, 0.00087030
4312, 0.00087047
4313, 0.00087065
4314, 0.00087082
4315, 0.00087100
4316, 0.00087117
4317, 0.00087134
4318, 0.00087152
4319, 0.00087169
4320, 0.00087186
4321, 0.00087204
4322, 0.00087222
4323, 0.00087239
4324, 0.00087256
4325, 0.00087274
4326, 0.00087291
4327, 0.00087308
4328, 0.00087326
4329, 0.00087343
4330, 0.00087361
4331, 0.00087378
4332, 0.00087395
4333, 0.00087413
4334, 0.00087430
4335, 0.00087448
4336, 0.00087465
4337, 0.00087482
4338, 0.00087500
4339, 0.00087517
4340, 0.00087534
4341, 0.00087552
4342, 0.00087569
4343, 0.00087586
4344, 0.00087603
4345, 0.00087621
4346, 0.00087638
4347, 0.00087655
4348, 0.00087672
4349, 0.00087690
4350, 0.00087707
4351, 0.00087724
4352, 0.00087741
4353, 0.00087758
4354, 0.00087776
4355, 0.00087793
4356, 0.00087810
4357, 0.00087827
4358, 0.00087845
4359, 0.00087862
4360, 0.00087880
4361, 0.00087897
4362, 0.00087914
4363, 0.00087931
4364, 0.00087949
4365, 0.00087966
4366, 0.00087983
4367, 0.00088001
4368, 0.00088018
4369, 0.00088036
4370, 0.00088053
4371, 0.00088070
4372, 0.00088088
4373, 0.00088105
4374, 0.00088122
4375, 0.00088140
4376, 0.00088157
4377, 0.00088174
4378, 0.00088191
4379, 0.00088209
4380, 0.00088226
4381, 0.00088244
4382, 0.00088261
4383, 0.00088278
4384, 0.00088296
4385, 0.00088313
4386, 0.00088331
4387, 0.00088348
4388, 0.00088366
4389, 0.00088383
4390, 0.00088400
4391, 0.00088418
4392, 0.00088435
4393, 0.00088452
4394, 0.00088476
4395, 0.00088493
4396, 0.00088510
4397, 0.00088528
4398, 0.00088545
4399, 0.00088562
4400, 0.00088580
4401, 0.00088597
4402, 0.00088614
4403, 0.00088632
4404, 0.00088649
4405, 0.00088667
4406, 0.00088684
4407, 0.00088701
4408, 0.00088719
4409, 0.00088736
4410, 0.00088754
4411, 0.00088771
4412, 0.00088788
4413, 0.00088806
4414, 0.00088824
4415, 0.00089033
4416, 0.00089054
4417, 0.00089072
4418, 0.00089091
4419, 0.00089108
4420, 0.00089126
4421, 0.00089144
4422, 0.00089161
4423, 0.00089179
4424, 0.00089196
4425, 0.00089214
4426, 0.00089231
4427, 0.00089249
4428, 0.00089266
4429, 0.00089283
4430, 0.00089301
4431, 0.00089318
4432, 0.00089335
4433, 0.00089353
4434, 0.00089370
4435, 0.00089388
4436, 0.00089405
4437, 0.00089423
4438, 0.00089440
4439, 0.00089457
4440, 0.00089474
4441, 0.00089492
4442, 0.00089509
4443, 0.00089526
4444, 0.00089543
4445, 0.00089563
4446, 0.00089580
4447, 0.00089598
4448, 0.00089615
4449, 0.00089632
4450, 0.00089649
4451, 0.00089667
4452, 0.00089684
4453, 0.00089701
4454, 0.00089718
4455, 0.00089736
4456, 0.00089753
4457, 0.00089771
4458, 0.00089788
4459, 0.00089805
4460, 0.00089822
4461, 0.00089839
4462, 0.00089856
4463, 0.00089873
4464, 0.00089890
4465, 0.00089908
4466, 0.00089925
4467, 0.00089942
4468, 0.00089959
4469, 0.00089976
4470, 0.00089994
4471, 0.00090011
4472, 0.00090028
4473, 0.00090045
4474, 0.00090063
4475, 0.00090080
4476, 0.00090097
4477, 0.00090114
4478, 0.00090131
4479, 0.00090148
4480, 0.00090165
4481, 0.00090183
4482, 0.00090200
4483, 0.00090217
4484, 0.00090234
4485, 0.00090251
4486, 0.00090269
4487, 0.00090286
4488, 0.00090303
4489, 0.00090321
4490, 0.00090338
4491, 0.00090356
4492, 0.00090373
4493, 0.00090390
4494, 0.00090408
4495, 0.00090425
4496, 0.00090442
4497, 0.00090460
4498, 0.00090477
4499, 0.00090494
4500, 0.00090512
4501, 0.00090529
4502, 0.00090546
4503, 0.00090563
4504, 0.00090580
4505, 0.00090598
4506, 0.00090615
4507, 0.00090633
4508, 0.00090650
4509, 0.00090667
4510, 0.00090684
4511, 0.00090702
4512, 0.00090719
4513, 0.00090737
4514, 0.00090754
4515, 0.00090771
4516, 0.00090789
4517, 0.00090806
4518, 0.00090823
4519, 0.00090841
4520, 0.00090858
4521, 0.00090875
4522, 0.00090892
4523, 0.00090910
4524, 0.00090927
4525, 0.00090944
4526, 0.00090961
4527, 0.00090978
4528, 0.00090996
4529, 0.00091013
4530, 0.00091031
4531, 0.00091048
4532, 0.00091065
4533, 0.00091083
4534, 0.00091100
4535, 0.00091117
4536, 0.00091134
4537, 0.00091151
4538, 0.00091169
4539, 0.00091186
4540, 0.00091204
4541, 0.00091413
4542, 0.00091434
4543, 0.00091451
4544, 0.00091468
4545, 0.00091486
4546, 0.00091504
4547, 0.00091521
4548, 0.00091538
4549, 0.00091556
4550, 0.00091573
4551, 0.00091591
4552, 0.00091608
4553, 0.00091626
4554, 0.00091643
4555, 0.00091661
4556, 0.00091678
4557, 0.00091696
4558, 0.00091713
4559, 0.00091731
4560, 0.00091748
4561, 0.00091765
4562, 0.00091782
4563, 0.00091800
4564, 0.00091817
4565, 0.00091835
4566, 0.00091852
4567, 0.00091870
4568, 0.00091888
4569, 0.00091906
4570, 0.00091924
4571, 0.00091942
4572, 0.00091960
4573, 0.00091978
4574, 0.00091996
4575, 0.00092014
4576, 0.00092032
4577, 0.00092050
4578, 0.00092068
4579, 0.00092086
4580, 0.00092104
4581, 0.00092122
4582, 0.00092140
4583, 0.00092158
4584, 0.00092176
4585, 0.00092194
4586, 0.00092212
4587, 0.00092230
4588, 0.00092248
4589, 0.00092266
4590, 0.00092284
4591, 0.00092302
4592, 0.00092320
4593, 0.00092338
4594, 0.00092356
4595, 0.00092381
4596, 0.00092399
4597, 0.00092417
4598, 0.00092435
4599, 0.00092453
4600, 0.00092471
4601, 0.00092489
4602, 0.00092507
4603, 0.00092525
4604, 0.00092543
4605, 0.00092561
4606, 0.00092579
4607, 0.00092600
4608, 0.00092618
4609, 0.00092636
4610, 0.00092654
4611, 0.00092672
4612, 0.00092690
4613, 0.00092708
4614, 0.00092726
4615, 0.00092752
4616, 0.00092770
4617, 0.00092788
4618, 0.00092806
4619, 0.00092824
4620, 0.00092842
4621, 0.00092860
4622, 0.00092878
4623, 0.00092904
4624, 0.00092922
4625, 0.00092939
4626, 0.00092957
4627, 0.00092974
4628, 0.00092991
4629, 0.00093009
4630, 0.00093026
4631, 0.00093049
4632, 0.00093067
4633, 0.00093085
4634, 0.00093102
4635, 0.00093120
4636, 0.00093137
4637, 0.00093154
4638, 0.00093172
4639, 0.00093196
4640, 0.00093213
4641, 0.00093231
4642, 0.00093248
4643, 0.00093268
4644, 0.00093286
4645, 0.00093303
4646, 0.00093320
4647, 0.00093345
4648, 0.00093363
4649, 0.00093380
4650, 0.00093398
4651, 0.00093416
4652, 0.00093433
4653, 0.00093451
4654, 0.00093468
4655, 0.00093493
4656, 0.00093510
4657, 0.00093528
4658, 0.00093545
4659, 0.00093562
4660, 0.00093580
4661, 0.00093597
4662, 0.00093614
4663, 0.00093643
4664, 0.00093660
4665, 0.00093678
4666, 0.00093697
4667, 0.00093909
4668, 0.00093929
4669, 0.00093947
4670, 0.00093966
4671, 0.00094002
4672, 0.00094019
4673, 0.00094037
4674, 0.00094054
4675, 0.00094072
4676, 0.00094090
4677, 0.00094108
4678, 0.00094126
4679, 0.00094150
4680, 0.00094168
4681, 0.00094186
4682, 0.00094203
4683, 0.00094221
4684, 0.00094239
4685, 0.00094256
4686, 0.00094274
4687, 0.00094291
4688, 0.00094309
4689, 0.00094326
4690, 0.00094344
4691, 0.00094362
4692, 0.00094380
4693, 0.00094398
4694, 0.00094416
4695, 0.00094434
4696, 0.00094452
4697, 0.00094469
4698, 0.00094487
4699, 0.00094505
4700, 0.00094522
4701, 0.00094540
4702, 0.00094558
4703, 0.00094576
4704, 0.00094593
4705, 0.00094611
4706, 0.00094629
4707, 0.00094646
4708, 0.00094664
4709, 0.00094681
4710, 0.00094699
4711, 0.00094717
4712, 0.00094734
4713, 0.00094752
4714, 0.00094769
4715, 0.00094786
4716, 0.00094804
4717, 0.00094821
4718, 0.00094839
4719, 0.00094856
4720, 0.00094873
4721, 0.00094891
4722, 0.00094909
4723, 0.00094926
4724, 0.00094944
4725, 0.00094961
4726, 0.00094979
4727, 0.00094997
4728, 0.00095014
4729, 0.00095032
4730, 0.00095050
4731, 0.00095067
4732, 0.00095085
4733, 0.00095102
4734, 0.00095120
4735, 0.00095138
4736, 0.00095155
4737, 0.00095173
4738, 0.00095191
4739, 0.00095209
4740, 0.00095226
4741, 0.00095244
4742, 0.00095261
4743, 0.00095279
4744, 0.00095297
4745, 0.00095314
4746, 0.00095332
4747, 0.00095350
4748, 0.00095367
4749, 0.00095385
4750, 0.00095403
4751, 0.00095420
4752, 0.00095438
4753, 0.00095455
4754, 0.00095473
4755, 0.00095491
4756, 0.00095508
4757, 0.00095526
4758, 0.00095544
4759, 0.00095562
4760, 0.00095580
4761, 0.00095597
4762, 0.00095615
4763, 0.00095632
4764, 0.00095650
4765, 0.00095668
4766, 0.00095687
4767, 0.00095704
4768, 0.00095722
4769, 0.00095740
4770, 0.00095757
4771, 0.00095775
4772, 0.00095793
4773, 0.00095810
4774, 0.00095828
4775, 0.00095846
4776, 0.00095863
4777, 0.00095881
4778, 0.00095899
4779, 0.00095916
4780, 0.00095934
4781, 0.00095952
4782, 0.00095970
4783, 0.00095987
4784, 0.00096005
4785, 0.00096023
4786, 0.00096040
4787, 0.00096058
4788, 0.00096075
4789, 0.00096092
4790, 0.00096110
4791, 0.00096128
4792, 0.00096147
4793, 0.00096358
4794, 0.00096378
4795, 0.00096396
4796, 0.00096414
4797, 0.00096431
4798, 0.00096449
4799, 0.00096466
4800, 0.00096484
4801, 0.00096502
4802, 0.00096519
4803, 0.00096537
4804, 0.00096555
4805, 0.00096572
4806, 0.00096590
4807, 0.00096607
4808, 0.00096625
4809, 0.00096642
4810, 0.00096660
4811, 0.00096677
4812, 0.00096695
4813, 0.00096713
4814, 0.00096730
4815, 0.00096748
4816, 0.00096766
4817, 0.00096784
4818, 0.00096802
4819, 0.00096820
4820, 0.00096838
4821, 0.00096855
4822, 0.00096873
4823, 0.00096890
4824, 0.00096908
4825, 0.00096925
4826, 0.00096942
4827, 0.00096960
4828, 0.00096978
4829, 0.00096995
4830, 0.00097012
4831, 0.00097030
4832, 0.00097047
4833, 0.00097064
4834, 0.00097082
4835, 0.00097102
4836, 0.00097119
4837, 0.00097137
4838, 0.00097155
4839, 0.00097173
4840, 0.00097191
4841, 0.00097209
4842, 0.00097227
4843, 0.00097245
4844, 0.00097262
4845, 0.00097280
4846, 0.00097297
4847, 0.00097315
4848, 0.00097332
4849, 0.00097350
4850, 0.00097367
4851, 0.00097385
4852, 0.00097402
4853, 0.00097420
4854, 0.00097437
4855, 0.00097454
4856, 0.00097472
4857, 0.00097489
4858, 0.00097507
4859, 0.00097524
4860, 0.00097541
4861, 0.00097558
4862, 0.00097576
4863, 0.00097593
4864, 0.00097610
4865, 0.00097628
4866, 0.00097645
4867, 0.00097662
4868, 0.00097680
4869, 0.00097697
4870, 0.00097714
4871, 0.00097731
4872, 0.00097749
4873, 0.00097766
4874, 0.00097783
4875, 0.00097800
4876, 0.00097818
4877, 0.00097835
4878, 0.00097853
4879, 0.00097871
4880, 0.00097888
4881, 0.00097905
4882, 0.00097922
4883, 0.00097940
4884, 0.00097957
4885, 0.00097974
4886, 0.00097992
4887, 0.00098009
4888, 0.00098026
4889, 0.00098043
4890, 0.00098061
4891, 0.00098078
4892, 0.00098096
4893, 0.00098114
4894, 0.00098131
4895, 0.00098149
4896, 0.00098169
4897, 0.00098186
4898, 0.00098203
4899, 0.00098221
4900, 0.00098238
4901, 0.00098255
4902, 0.00098273
4903, 0.00098290
4904, 0.00098308
4905, 0.00098325
4906, 0.00098342
4907, 0.00098360
4908, 0.00098377
4909, 0.00098394
4910, 0.00098412
4911, 0.00098429
4912, 0.00098446
4913, 0.00098463
4914, 0.00098480
4915, 0.00098498
4916, 0.00098516
4917, 0.00098533
4918, 0.00098552
4919, 0.00098764
4920, 0.00098784
4921, 0.00098801
4922, 0.00098819
4923, 0.00098837
4924, 0.00098854
4925, 0.00098871
4926, 0.00098889
4927, 0.00098906
4928, 0.00098924
4929, 0.00098942
4930, 0.00098962
4931, 0.00098980
4932, 0.00098998
4933, 0.00099015
4934, 0.00099032
4935, 0.00099050
4936, 0.00099068
4937, 0.00099085
4938, 0.00099103
4939, 0.00099120
4940, 0.00099138
4941, 0.00099156
4942, 0.00099174
4943, 0.00099191
4944, 0.00099212
4945, 0.00099230
4946, 0.00099247
4947, 0.00099265
4948, 0.00099285
4949, 0.00099303
4950, 0.00099321
4951, 0.00099338
4952, 0.00099356
4953, 0.00099374
4954, 0.00099392
4955, 0.00099410
4956, 0.00099427
4957, 0.00099445
4958, 0.00099463
4959, 0.00099481
4960, 0.00099499
4961, 0.00099517
4962, 0.00099535
4963, 0.00099553
4964, 0.00099574
4965, 0.00099591
4966, 0.00099609
4967, 0.00099627
4968, 0.00099645
4969, 0.00099662
4970, 0.00099680
4971, 0.00099698
4972, 0.00099716
4973, 0.00099733
4974, 0.00099751
4975, 0.00099769
4976, 0.00099787
4977, 0.00099804
4978, 0.00099822
4979, 0.00099840
4980, 0.00099860
4981, 0.00099878
4982, 0.00099896
4983, 0.00099914
4984, 0.00099932
4985, 0.00099949
4986, 0.00099968
4987, 0.00099985
4988, 0.00100004
4989, 0.00100022
4990, 0.00100040
4991, 0.00100058
4992, 0.00100075
4993, 0.00100092
4994, 0.00100113
4995, 0.00100133
4996, 0.00100151
4997, 0.00100171
4998, 0.00100189
4999, 0.00100206
5000, 0.00100224
5001, 0.00100242
5002, 0.00100260
5003, 0.00100278
5004, 0.00100296
5005, 0.00100313
5006, 0.00100331
5007, 0.00100349
5008, 0.00100367
5009, 0.00100385
5010, 0.00100405
5011, 0.00100423
5012, 0.00100440
5013, 0.00100464
5014, 0.00100482
5015, 0.00100500
5016, 0.00100518
5017, 0.00100536
5018, 0.00100556
5019, 0.00100576
5020, 0.00100594
5021, 0.00100612
5022, 0.00100632
5023, 0.00100650
5024, 0.00100668
5025, 0.00100686
5026, 0.00100705
5027, 0.00100722
5028, 0.00100740
5029, 0.00100757
5030, 0.00100774
5031, 0.00100792
5032, 0.00100810
5033, 0.00100827
5034, 0.00100845
5035, 0.00100862
5036, 0.00100880
5037, 0.00100897
5038, 0.00100915
5039, 0.00100933
5040, 0.00100951
5041, 0.00100968
5042, 0.00100986
5043, 0.00101003
5044, 0.00101022
5045, 0.00101232
5046, 0.00101253
5047, 0.00101271
5048, 0.00101289
5049, 0.00101307
5050, 0.00101324
5051, 0.00101342
5052, 0.00101359
5053, 0.00101377
5054, 0.00101394
5055, 0.00101411
5056, 0.00101428
5057, 0.00101446
5058, 0.00101463
5059, 0.00101480
5060, 0.00101497
5061, 0.00101515
5062, 0.00101532
5063, 0.00101549
5064, 0.00101566
5065, 0.00101583
5066, 0.00101601
5067, 0.00101618
5068, 0.00101635
5069, 0.00101653
5070, 0.00101670
5071, 0.00101687
5072, 0.00101704
5073, 0.00101724
5074, 0.00101742
5075, 0.00101759
5076, 0.00101777
5077, 0.00101794
5078, 0.00101812
5079, 0.00101829
5080, 0.00101846
5081, 0.00101864
5082, 0.00101881
5083, 0.00101898
5084, 0.00101916
5085, 0.00101934
5086, 0.00101951
5087, 0.00101969
5088, 0.00101987
5089, 0.00102004
5090, 0.00102022
5091, 0.00102040
5092, 0.00102059
5093, 0.00102077
5094, 0.00102095
5095, 0.00102113
5096, 0.00102131
5097, 0.00102149
5098, 0.00102167
5099, 0.00102185
5100, 0.00102202
5101, 0.00102219
5102, 0.00102237
5103, 0.00102254
5104, 0.00102271
5105, 0.00102289
5106, 0.00102306
5107, 0.00102324
5108, 0.00102341
5109, 0.00102358
5110, 0.00102376
5111, 0.00102393
5112, 0.00102410
5113, 0.00102427
5114, 0.00102445
5115, 0.00102462
5116, 0.00102479
5117, 0.00102496
5118, 0.00102514
5119, 0.00102534
5120, 0.00102552
5121, 0.00102569
5122, 0.00102586
5123, 0.00102604
5124, 0.00102621
5125, 0.00102638
5126, 0.00102655
5127, 0.00102674
5128, 0.00102691
5129, 0.00102708
5130, 0.00102725
5131, 0.00102742
5132, 0.00102760
5133, 0.00102777
5134, 0.00102794
5135, 0.00102818
5136, 0.00102836
5137, 0.00102854
5138, 0.00102872
5139, 0.00102892
5140, 0.00102909
5141, 0.00102926
5142, 0.00102944
5143, 0.00102968
5144, 0.00102986
5145, 0.00103003
5146, 0.00103021
5147, 0.00103038
5148, 0.00103055
5149, 0.00103073
5150, 0.00103090
5151, 0.00103114
5152, 0.00103132
5153, 0.00103149
5154, 0.00103166
5155, 0.00103184
5156, 0.00103201
5157, 0.00103218
5158, 0.00103235
5159, 0.00103264
5160, 0.00103282
5161, 0.00103299
5162, 0.00103317
5163, 0.00103334
5164, 0.00103352
5165, 0.00103369
5166, 0.00103386
5167, 0.00103411
5168, 0.00103429
5169, 0.00103446
5170, 0.00103465
5171, 0.00103676
5172, 0.00103696
5173, 0.00103713
5174, 0.00103731
5175, 0.00103755
5176, 0.00103773
5177, 0.00103791
5178, 0.00103808
5179, 0.00103825
5180, 0.00103843
5181, 0.00103862
5182, 0.00103879
5183, 0.00103903
5184, 0.00103921
5185, 0.00103938
5186, 0.00103956
5187, 0.00103973
5188, 0.00103991
5189, 0.00104008
5190, 0.00104026
5191, 0.00104051
5192, 0.00104068
5193, 0.00104085
5194, 0.00104103
5195, 0.00104120
5196, 0.00104138
5197, 0.00104155
5198, 0.00104173
5199, 0.00104190
5200, 0.00104207
5201, 0.00104225
5202, 0.00104242
5203, 0.00104259
5204, 0.00104276
5205, 0.00104296
5206, 0.00104313
5207, 0.00104331
5208, 0.00104348
5209, 0.00104365
5210, 0.00104383
5211, 0.00104400
5212, 0.00104417
5213, 0.00104435
5214, 0.00104452
5215, 0.00104469
5216, 0.00104487
5217, 0.00104504
5218, 0.00104521
5219, 0.00104539
5220, 0.00104557
5221, 0.00104574
5222, 0.00104591
5223, 0.00104609
5224, 0.00104626
5225, 0.00104644
5226, 0.00104661
5227, 0.00104679
5228, 0.00104696
5229, 0.00104714
5230, 0.00104731
5231, 0.00104749
5232, 0.00104767
5233, 0.00104784
5234, 0.00104802
5235, 0.00104819
5236, 0.00104837
5237, 0.00104854
5238, 0.00104871
5239, 0.00104889
5240, 0.00104907
5241, 0.00104924
5242, 0.00104942
5243, 0.00104959
5244, 0.00104977
5245, 0.00104995
5246, 0.00105012
5247, 0.00105030
5248, 0.00105047
5249, 0.00105064
5250, 0.00105082
5251, 0.00105099
5252, 0.00105117
5253, 0.00105134
5254, 0.00105152
5255, 0.00105169
5256, 0.00105187
5257, 0.00105204
5258, 0.00105222
5259, 0.00105239
5260, 0.00105256
5261, 0.00105274
5262, 0.00105291
5263, 0.00105309
5264, 0.00105327
5265, 0.00105344
5266, 0.00105362
5267, 0.00105379
5268, 0.00105397
5269, 0.00105414
5270, 0.00105431
5271, 0.00105449
5272, 0.00105466
5273, 0.00105484
5274, 0.00105501
5275, 0.00105518
5276, 0.00105536
5277, 0.00105553
5278, 0.00105571
5279, 0.00105588
5280, 0.00105605
5281, 0.00105623
5282, 0.00105640
5283, 0.00105657
5284, 0.00105675
5285, 0.00105692
5286, 0.00105710
5287, 0.00105727
5288, 0.00105744
5289, 0.00105762
5290, 0.00105779
5291, 0.00105797
5292, 0.00105814
5293, 0.00105831
5294, 0.00105849
5295, 0.00105866
5296, 0.00105885
5297, 0.00106095
5298, 0.00106115
5299, 0.00106134
5300, 0.00106152
5301, 0.00106170
5302, 0.00106188
5303, 0.00106206
5304, 0.00106224
5305, 0.00106242
5306, 0.00106260
5307, 0.00106278
5308, 0.00106296
5309, 0.00106314
5310, 0.00106332
5311, 0.00106350
5312, 0.00106368
5313, 0.00106386
5314, 0.00106404
5315, 0.00106423
5316, 0.00106440
5317, 0.00106457
5318, 0.00106477
5319, 0.00106494
5320, 0.00106511
5321, 0.00106528
5322, 0.00106546
5323, 0.00106563
5324, 0.00106580
5325, 0.00106597
5326, 0.00106614
5327, 0.00106632
5328, 0.00106649
5329, 0.00106666
5330, 0.00106684
5331, 0.00106702
5332, 0.00106720
5333, 0.00106737
5334, 0.00106754
5335, 0.00106771
5336, 0.00106788
5337, 0.00106805
5338, 0.00106822
5339, 0.00106839
5340, 0.00106857
5341, 0.00106874
5342, 0.00106891
5343, 0.00106908
5344, 0.00106926
5345, 0.00106944
5346, 0.00106962
5347, 0.00106980
5348, 0.00106998
5349, 0.00107016
5350, 0.00107034
5351, 0.00107051
5352, 0.00107069
5353, 0.00107086
5354, 0.00107103
5355, 0.00107127
5356, 0.00107153
5357, 0.00107170
5358, 0.00107187
5359, 0.00107204
5360, 0.00107221
5361, 0.00107239
5362, 0.00107256
5363, 0.00107273
5364, 0.00107291
5365, 0.00107308
5366, 0.00107326
5367, 0.00107343
5368, 0.00107360
5369, 0.00107379
5370, 0.00107396
5371, 0.00107413
5372, 0.00107430
5373, 0.00107448
5374, 0.00107466
5375, 0.00107484
5376, 0.00107502
5377, 0.00107520
5378, 0.00107538
5379, 0.00108153
5380, 0.00108172
5381, 0.00108191
5382, 0.00108209
5383, 0.00108227
5384, 0.00108245
5385, 0.00108262
5386, 0.00108280
5387, 0.00108297
5388, 0.00108315
5389, 0.00108332
5390, 0.00108350
5391, 0.00108367
5392, 0.00108384
5393, 0.00108403
5394, 0.00108426
5395, 0.00108445
5396, 0.00108464
5397, 0.00108482
5398, 0.00108499
5399, 0.00108517
5400, 0.00108534
5401, 0.00108552
5402, 0.00108569
5403, 0.00108587
5404, 0.00108605
5405, 0.00108622
5406, 0.00108640
5407, 0.00108659
5408, 0.00108676
5409, 0.00108694
5410, 0.00108713
5411, 0.00108730
5412, 0.00108917
5413, 0.00108938
5414, 0.00108957
5415, 0.00108975
5416, 0.00108994
5417, 0.00109011
5418, 0.00109029
5419, 0.00109046
5420, 0.00109064
5421, 0.00109081
5422, 0.00109100
5423, 0.00109322
5424, 0.00109343
5425, 0.00109362
5426, 0.00109380
5427, 0.00109397
5428, 0.00109414
5429, 0.00109432
5430, 0.00109450
5431, 0.00109468
5432, 0.00109485
5433, 0.00109502
5434, 0.00109519
5435, 0.00109537
5436, 0.00109554
5437, 0.00109571
5438, 0.00109589
5439, 0.00109606
5440, 0.00109624
5441, 0.00109641
5442, 0.00109659
5443, 0.00109676
5444, 0.00109694
5445, 0.00109711
5446, 0.00109728
5447, 0.00109745
5448, 0.00109763
5449, 0.00109780
5450, 0.00109797
5451, 0.00109815
5452, 0.00109832
5453, 0.00109849
5454, 0.00109866
5455, 0.00109884
5456, 0.00109901
5457, 0.00109918
5458, 0.00109936
5459, 0.00109953
5460, 0.00109971
5461, 0.00109988
5462, 0.00110005
5463, 0.00110023
5464, 0.00110040
5465, 0.00110058
5466, 0.00110075
5467, 0.00110092
5468, 0.00110110
5469, 0.00110128
5470, 0.00110145
5471, 0.00110162
5472, 0.00110180
5473, 0.00110198
5474, 0.00110215
5475, 0.00110232
5476, 0.00110250
5477, 0.00110267
5478, 0.00110285
5479, 0.00110303
5480, 0.00110320
5481, 0.00110337
5482, 0.00110355
5483, 0.00110372
5484, 0.00110389
5485, 0.00110406
5486, 0.00110431
5487, 0.00110449
5488, 0.00110467
5489, 0.00110484
5490, 0.00110501
5491, 0.00110518
5492, 0.00110536
5493, 0.00110553
5494, 0.00110570
5495, 0.00110588
5496, 0.00110605
5497, 0.00110622
5498, 0.00110640
5499, 0.00110657
5500, 0.00110674
5501, 0.00110691
5502, 0.00110709
5503, 0.00110727
5504, 0.00110744
5505, 0.00110761
5506, 0.00110778
5507, 0.00110795
5508, 0.00110813
5509, 0.00110830
5510, 0.00110848
5511, 0.00110865
5512, 0.00110883
5513, 0.00110900
5514, 0.00110918
5515, 0.00110935
5516, 0.00110952
5517, 0.00110970
5518, 0.00110987
5519, 0.00111005
5520, 0.00111022
5521, 0.00111039
5522, 0.00111057
5523, 0.00111074
5524, 0.00111091
5525, 0.00111109
5526, 0.00111126
5527, 0.00111143
5528, 0.00111161
5529, 0.00111178
5530, 0.00111196
5531, 0.00111213
5532, 0.00111231
5533, 0.00111248
5534, 0.00111265
5535, 0.00111283
5536, 0.00111300
5537, 0.00111317
5538, 0.00111335
5539, 0.00111352
5540, 0.00111369
5541, 0.00111387
5542, 0.00111404
5543, 0.00111422
5544, 0.00111439
5545, 0.00111457
5546, 0.00111474
5547, 0.00111492
5548, 0.00111511
5549, 0.00111725
5550, 0.00111745
5551, 0.00111763
5552, 0.00111781
5553, 0.00111798
5554, 0.00111816
5555, 0.00111834
5556, 0.00111852
5557, 0.00111869
5558, 0.00111887
5559, 0.00111906
5560, 0.00111924
5561, 0.00111943
5562, 0.00111961
5563, 0.00111978
5564, 0.00111995
5565, 0.00112012
5566, 0.00112030
5567, 0.00112055
5568, 0.00112073
5569, 0.00112091
5570, 0.00112108
5571, 0.00112126
5572, 0.00112145
5573, 0.00112162
5574, 0.00112179
5575, 0.00112203
5576, 0.00112221
5577, 0.00112239
5578, 0.00112257
5579, 0.00112274
5580, 0.00112292
5581, 0.00112309
5582, 0.00112327
5583, 0.00112352
5584, 0.00112370
5585, 0.00112387
5586, 0.00112405
5587, 0.00112422
5588, 0.00112440
5589, 0.00112457
5590, 0.00112475
5591, 0.00112499
5592, 0.00112516
5593, 0.00112533
5594, 0.00112551
5595, 0.00112569
5596, 0.00112586
5597, 0.00112604
5598, 0.00112621
5599, 0.00112646
5600, 0.00112664
5601, 0.00112681
5602, 0.00112699
5603, 0.00112716
5604, 0.00112733
5605, 0.00112751
5606, 0.00112769
5607, 0.00112795
5608, 0.00112812
5609, 0.00112829
5610, 0.00112847
5611, 0.00112864
5612, 0.00112882
5613, 0.00112899
5614, 0.00112917
5615, 0.00112943
5616, 0.00112960
5617, 0.00112977
5618, 0.00112995
5619, 0.00113012
5620, 0.00113030
5621, 0.00113047
5622, 0.00113065
5623, 0.00113089
5624, 0.00113106
5625, 0.00113124
5626, 0.00113141
5627, 0.00113159
5628, 0.00113176
5629, 0.00113194
5630, 0.00113211
5631, 0.00113237
5632, 0.00113255
5633, 0.00113272
5634, 0.00113290
5635, 0.00113307
5636, 0.00113325
5637, 0.00113342
5638, 0.00113359
5639, 0.00113383
5640, 0.00113401
5641, 0.00113419
5642, 0.00113436
5643, 0.00113454
5644, 0.00113471
5645, 0.00113488
5646, 0.00113507
5647, 0.00113533
5648, 0.00113550
5649, 0.00113568
5650, 0.00113585
5651, 0.00113603
5652, 0.00113621
5653, 0.00113638
5654, 0.00113655
5655, 0.00113680
5656, 0.00113697
5657, 0.00113715
5658, 0.00113732
5659, 0.00113750
5660, 0.00113767
5661, 0.00113785
5662, 0.00113802
5663, 0.00113827
5664, 0.00113844
5665, 0.00113862
5666, 0.00113879
5667, 0.00113896
5668, 0.00113914
5669, 0.00113931
5670, 0.00113949
5671, 0.00113974
5672, 0.00113991
5673, 0.00114009
5674, 0.00114027
5675, 0.00114250
5676, 0.00114270
5677, 0.00114288
5678, 0.00114306
5679, 0.00114330
5680, 0.00114348
5681, 0.00114366
5682, 0.00114384
5683, 0.00114401
5684, 0.00114419
5685, 0.00114436
5686, 0.00114454
5687, 0.00114480
5688, 0.00114497
5689, 0.00114514
5690, 0.00114532
5691, 0.00114549
5692, 0.00114567
5693, 0.00114584
5694, 0.00114604
5695, 0.00114629
5696, 0.00114646
5697, 0.00114664
5698, 0.00114681
5699, 0.00114699
5700, 0.00114717
5701, 0.00114734
5702, 0.00114751
5703, 0.00114775
5704, 0.00114793
5705, 0.00114810
5706, 0.00114828
5707, 0.00114845
5708, 0.00114863
5709, 0.00114880
5710, 0.00114898
5711, 0.00114915
5712, 0.00114933
5713, 0.00114950
5714, 0.00114967
5715, 0.00114985
5716, 0.00115002
5717, 0.00115020
5718, 0.00115037
5719, 0.00115054
5720, 0.00115072
5721, 0.00115090
5722, 0.00115107
5723, 0.00115125
5724, 0.00115142
5725, 0.00115159
5726, 0.00115177
5727, 0.00115194
5728, 0.00115211
5729, 0.00115228
5730, 0.00115245
5731, 0.00115263
5732, 0.00115280
5733, 0.00115298
5734, 0.00115315
5735, 0.00115333
5736, 0.00115350
5737, 0.00115368
5738, 0.00115385
5739, 0.00115403
5740, 0.00115420
5741, 0.00115438
5742, 0.00115456
5743, 0.00115473
5744, 0.00115491
5745, 0.00115508
5746, 0.00115526
5747, 0.00115544
5748, 0.00115562
5749, 0.00115580
5750, 0.00115597
5751, 0.00115614
5752, 0.00115632
5753, 0.00115650
5754, 0.00115667
5755, 0.00115685
5756, 0.00115702
5757, 0.00115719
5758, 0.00115737
5759, 0.00115754
5760, 0.00115772
5761, 0.00115789
5762, 0.00115806
5763, 0.00115824
5764, 0.00115841
5765, 0.00115859
5766, 0.00115876
5767, 0.00115894
5768, 0.00115911
5769, 0.00115929
5770, 0.00115949
5771, 0.00115966
5772, 0.00115984
5773, 0.00116001
5774, 0.00116019
5775, 0.00116036
5776, 0.00116054
5777, 0.00116072
5778, 0.00116089
5779, 0.00116107
5780, 0.00116124
5781, 0.00116142
5782, 0.00116159
5783, 0.00116177
5784, 0.00116194
5785, 0.00116212
5786, 0.00116229
5787, 0.00116247
5788, 0.00116265
5789, 0.00116282
5790, 0.00116300
5791, 0.00116317
5792, 0.00116335
5793, 0.00116352
5794, 0.00116370
5795, 0.00116387
5796, 0.00116404
5797, 0.00116422
5798, 0.00116439
5799, 0.00116457
5800, 0.00116476
5801, 0.00116704
5802, 0.00116724
5803, 0.00116742
5804, 0.00116759
5805, 0.00116777
5806, 0.00116794
5807, 0.00116812
5808, 0.00116829
5809, 0.00116847
5810, 0.00116864
5811, 0.00116882
5812, 0.00116899
5813, 0.00116916
5814, 0.00116934
5815, 0.00116951
5816, 0.00116969
5817, 0.00116986
5818, 0.00117003
5819, 0.00117021
5820, 0.00117038
5821, 0.00117056
5822, 0.00117073
5823, 0.00117091
5824, 0.00117108
5825, 0.00117125
5826, 0.00117143
5827, 0.00117160
5828, 0.00117178
5829, 0.00117195
5830, 0.00117212
5831, 0.00117230
5832, 0.00117249
5833, 0.00117267
5834, 0.00117284
5835, 0.00117301
5836, 0.00117318
5837, 0.00117336
5838, 0.00117353
5839, 0.00117371
5840, 0.00117388
5841, 0.00117405
5842, 0.00117423
5843, 0.00117440
5844, 0.00117457
5845, 0.00117475
5846, 0.00117492
5847, 0.00117509
5848, 0.00117526
5849, 0.00117544
5850, 0.00117561
5851, 0.00117579
5852, 0.00117596
5853, 0.00117613
5854, 0.00117630
5855, 0.00117647
5856, 0.00117664
5857, 0.00117682
5858, 0.00117699
5859, 0.00117717
5860, 0.00117734
5861, 0.00117751
5862, 0.00117769
5863, 0.00117786
5864, 0.00117804
5865, 0.00117821
5866, 0.00117839
5867, 0.00117856
5868, 0.00117873
5869, 0.00117891
5870, 0.00117907
5871, 0.00117924
5872, 0.00117942
5873, 0.00117959
5874, 0.00117976
5875, 0.00117994
5876, 0.00118011
5877, 0.00118029
5878, 0.00118046
5879, 0.00118064
5880, 0.00118081
5881, 0.00118098
5882, 0.00118116
5883, 0.00118133
5884, 0.00118150
5885, 0.00118167
5886, 0.00118184
5887, 0.00118202
5888, 0.00118219
5889, 0.00118236
5890, 0.00118253
5891, 0.00118270
5892, 0.00118288
5893, 0.00118306
5894, 0.00118323
5895, 0.00118341
5896, 0.00118358
5897, 0.00118375
5898, 0.00118395
5899, 0.00118413
5900, 0.00118431
5901, 0.00118449
5902, 0.00118467
5903, 0.00118485
5904, 0.00118502
5905, 0.00118525
5906, 0.00118543
5907, 0.00118560
5908, 0.00118577
5909, 0.00118594
5910, 0.00118612
5911, 0.00118629
5912, 0.00118646
5913, 0.00118664
5914, 0.00118681
5915, 0.00118698
5916, 0.00118716
5917, 0.00118733
5918, 0.00118751
5919, 0.00118768
5920, 0.00118785
5921, 0.00118803
5922, 0.00118820
5923, 0.00118838
5924, 0.00118855
5925, 0.00118872
5926, 0.00118892
5927, 0.00119114
5928, 0.00119134
5929, 0.00119153
5930, 0.00119171
5931, 0.00119188
5932, 0.00119206
5933, 0.00119223
5934, 0.00119240
5935, 0.00119257
5936, 0.00119275
5937, 0.00119292
5938, 0.00119309
5939, 0.00119326
5940, 0.00119344
5941, 0.00119361
5942, 0.00119378
5943, 0.00119396
5944, 0.00119413
5945, 0.00119430
5946, 0.00119448
5947, 0.00119465
5948, 0.00119482
5949, 0.00119499
5950, 0.00119516
5951, 0.00119533
5952, 0.00119551
5953, 0.00119568
5954, 0.00119586
5955, 0.00119603
5956, 0.00119620
5957, 0.00119637
5958, 0.00119654
5959, 0.00119672
5960, 0.00119689
5961, 0.00119706
5962, 0.00119723
5963, 0.00119741
5964, 0.00119758
5965, 0.00119775
5966, 0.00119792
5967, 0.00119809
5968, 0.00119826
5969, 0.00119843
5970, 0.00119861
5971, 0.00119878
5972, 0.00119895
5973, 0.00119912
5974, 0.00119929
5975, 0.00119946
5976, 0.00119963
5977, 0.00119980
5978, 0.00119998
5979, 0.00120015
5980, 0.00120032
5981, 0.00120049
5982, 0.00120066
5983, 0.00120083
5984, 0.00120103
5985, 0.00120120
5986, 0.00120137
5987, 0.00120154
5988, 0.00120171
5989, 0.00120188
5990, 0.00120205
5991, 0.00120222
5992, 0.00120239
5993, 0.00120256
5994, 0.00120273
5995, 0.00120290
5996, 0.00120307
5997, 0.00120324
5998, 0.00120341
5999, 0.00120359
6000, 0.00120376
6001, 0.00120393
6002, 0.00120411
6003, 0.00120428
6004, 0.00120445
6005, 0.00120462
6006, 0.00120480
6007, 0.00120497
6008, 0.00120515
6009, 0.00120532
6010, 0.00120549
6011, 0.00120566
6012, 0.00120583
6013, 0.00120601
6014, 0.00120618
6015, 0.00120635
6016, 0.00120652
6017, 0.00120670
6018, 0.00120687
6019, 0.00120705
6020, 0.00120722
6021, 0.00120739
6022, 0.00120757
6023, 0.00120774
6024, 0.00120792
6025, 0.00120809
6026, 0.00120826
6027, 0.00120844
6028, 0.00120861
6029, 0.00120878
6030, 0.00120895
6031, 0.00120912
6032, 0.00120929
6033, 0.00120947
6034, 0.00120964
6035, 0.00120981
6036, 0.00120999
6037, 0.00121016
6038, 0.00121033
6039, 0.00121051
6040, 0.00121068
6041, 0.00121085
6042, 0.00121102
6043, 0.00121119
6044, 0.00121137
6045, 0.00121154
6046, 0.00121171
6047, 0.00121188
6048, 0.00121206
6049, 0.00121223
6050, 0.00121240
6051, 0.00121257
6052, 0.00121276
6053, 0.00121489
6054, 0.00121508
6055, 0.00121525
6056, 0.00121543
6057, 0.00121561
6058, 0.00121578
6059, 0.00121596
6060, 0.00121613
6061, 0.00121633
6062, 0.00121650
6063, 0.00121669
6064, 0.00121686
6065, 0.00121705
6066, 0.00121722
6067, 0.00121739
6068, 0.00121757
6069, 0.00121774
6070, 0.00121792
6071, 0.00121809
6072, 0.00121827
6073, 0.00121845
6074, 0.00121862
6075, 0.00121880
6076, 0.00121897
6077, 0.00121915
6078, 0.00121932
6079, 0.00121950
6080, 0.00121967
6081, 0.00121985
6082, 0.00122002
6083, 0.00122020
6084, 0.00122037
6085, 0.00122055
6086, 0.00122072
6087, 0.00122089
6088, 0.00122106
6089, 0.00122123
6090, 0.00122141
6091, 0.00122159
6092, 0.00122176
6093, 0.00122193
6094, 0.00122211
6095, 0.00122228
6096, 0.00122246
6097, 0.00122263
6098, 0.00122281
6099, 0.00122298
6100, 0.00122316
6101, 0.00122333
6102, 0.00122351
6103, 0.00122368
6104, 0.00122386
6105, 0.00122403
6106, 0.00122421
6107, 0.00122438
6108, 0.00122455
6109, 0.00122473
6110, 0.00122490
6111, 0.00122508
6112, 0.00122525
6113, 0.00122542
6114, 0.00122560
6115, 0.00122578
6116, 0.00122595
6117, 0.00122613
6118, 0.00122630
6119, 0.00122648
6120, 0.00122665
6121, 0.00122683
6122, 0.00122700
6123, 0.00122717
6124, 0.00122735
6125, 0.00122752
6126, 0.00122770
6127, 0.00122787
6128, 0.00122804
6129, 0.00122822
6130, 0.00122839
6131, 0.00122856
6132, 0.00122874
6133, 0.00122891
6134, 0.00122909
6135, 0.00122926
6136, 0.00122943
6137, 0.00122961
6138, 0.00122978
6139, 0.00122996
6140, 0.00123013
6141, 0.00123030
6142, 0.00123048
6143, 0.00123074
6144, 0.00123091
6145, 0.00123109
6146, 0.00123126
6147, 0.00123144
6148, 0.00123161
6149, 0.00123178
6150, 0.00123196
6151, 0.00123221
6152, 0.00123238
6153, 0.00123255
6154, 0.00123273
6155, 0.00123290
6156, 0.00123309
6157, 0.00123327
6158, 0.00123344
6159, 0.00123363
6160, 0.00123380
6161, 0.00123398
6162, 0.00123415
6163, 0.00123433
6164, 0.00123450
6165, 0.00123468
6166, 0.00123485
6167, 0.00123510
6168, 0.00123528
6169, 0.00123545
6170, 0.00123562
6171, 0.00123580
6172, 0.00123597
6173, 0.00123614
6174, 0.00123632
6175, 0.00123657
6176, 0.00123675
6177, 0.00123693
6178, 0.00123711
6179, 0.00123934
6180, 0.00123952
6181, 0.00123970
6182, 0.00123988
6183, 0.00124013
6184, 0.00124031
6185, 0.00124048
6186, 0.00124066
6187, 0.00124083
6188, 0.00124101
6189, 0.00124118
6190, 0.00124136
6191, 0.00124160
6192, 0.00124178
6193, 0.00124196
6194, 0.00124213
6195, 0.00124230
6196, 0.00124248
6197, 0.00124265
6198, 0.00124282
6199, 0.00124308
6200, 0.00124325
6201, 0.00124342
6202, 0.00124360
6203, 0.00124377
6204, 0.00124395
6205, 0.00124412
6206, 0.00124429
6207, 0.00124453
6208, 0.00124471
6209, 0.00124488
6210, 0.00124506
6211, 0.00124524
6212, 0.00124541
6213, 0.00124559
6214, 0.00124576
6215, 0.00124600
6216, 0.00124617
6217, 0.00124635
6218, 0.00124654
6219, 0.00124672
6220, 0.00124690
6221, 0.00124708
6222, 0.00124726
6223, 0.00124743
6224, 0.00124760
6225, 0.00124778
6226, 0.00124795
6227, 0.00124812
6228, 0.00124830
6229, 0.00124847
6230, 0.00124864
6231, 0.00124882
6232, 0.00124899
6233, 0.00124916
6234, 0.00124934
6235, 0.00124951
6236, 0.00124968
6237, 0.00124986
6238, 0.00125004
6239, 0.00125021
6240, 0.00125039
6241, 0.00125056
6242, 0.00125073
6243, 0.00125091
6244, 0.00125108
6245, 0.00125125
6246, 0.00125143
6247, 0.00125160
6248, 0.00125177
6249, 0.00125195
6250, 0.00125212
6251, 0.00125230
6252, 0.00125247
6253, 0.00125264
6254, 0.00125282
6255, 0.00125299
6256, 0.00125317
6257, 0.00125334
6258, 0.00125351
6259, 0.00125369
6260, 0.00125386
6261, 0.00125403
6262, 0.00125420
6263, 0.00125438
6264, 0.00125455
6265, 0.00125473
6266, 0.00125490
6267, 0.00125507
6268, 0.00125525
6269, 0.00125542
6270, 0.00125559
6271, 0.00125577
6272, 0.00125594
6273, 0.00125611
6274, 0.00125631
6275, 0.00125648
6276, 0.00125665
6277, 0.00125683
6278, 0.00125700
6279, 0.00125717
6280, 0.00125735
6281, 0.00125752
6282, 0.00125769
6283, 0.00125787
6284, 0.00125804
6285, 0.00125821
6286, 0.00125839
6287, 0.00125856
6288, 0.00125873
6289, 0.00125891
6290, 0.00125908
6291, 0.00125926
6292, 0.00125943
6293, 0.00125961
6294, 0.00125978
6295, 0.00125995
6296, 0.00126012
6297, 0.00126030
6298, 0.00126047
6299, 0.00126064
6300, 0.00126082
6301, 0.00126099
6302, 0.00126117
6303, 0.00126134
6304, 0.00126153
6305, 0.00126383
6306, 0.00126402
6307, 0.00126421
6308, 0.00126438
6309, 0.00126455
6310, 0.00126473
6311, 0.00126490
6312, 0.00126508
6313, 0.00126526
6314, 0.00126544
6315, 0.00126562
6316, 0.00126580
6317, 0.00126598
6318, 0.00126616
6319, 0.00126634
6320, 0.00126652
6321, 0.00126670
6322, 0.00126688
6323, 0.00126705
6324, 0.00126723
6325, 0.00126740
6326, 0.00126757
6327, 0.00126774
6328, 0.00126792
6329, 0.00126809
6330, 0.00126827
6331, 0.00126844
6332, 0.00126861
6333, 0.00126879
6334, 0.00126896
6335, 0.00126913
6336, 0.00126931
6337, 0.00126948
6338, 0.00126965
6339, 0.00126983
6340, 0.00127000
6341, 0.00127017
6342, 0.00127034
6343, 0.00127052
6344, 0.00127070
6345, 0.00127087
6346, 0.00127104
6347, 0.00127122
6348, 0.00127139
6349, 0.00127157
6350, 0.00127174
6351, 0.00127192
6352, 0.00127209
6353, 0.00127227
6354, 0.00127244
6355, 0.00127261
6356, 0.00127279
6357, 0.00127296
6358, 0.00127313
6359, 0.00127331
6360, 0.00127348
6361, 0.00127366
6362, 0.00127383
6363, 0.00127401
6364, 0.00127418
6365, 0.00127435
6366, 0.00127452
6367, 0.00127470
6368, 0.00127487
6369, 0.00127504
6370, 0.00127521
6371, 0.00127539
6372, 0.00127556
6373, 0.00127574
6374, 0.00127591
6375, 0.00127608
6376, 0.00127625
6377, 0.00127643
6378, 0.00127660
6379, 0.00127678
6380, 0.00127695
6381, 0.00127712
6382, 0.00127729
6383, 0.00127746
6384, 0.00127764
6385, 0.00127783
6386, 0.00127801
6387, 0.00127818
6388, 0.00127836
6389, 0.00127853
6390, 0.00127870
6391, 0.00127888
6392, 0.00127906
6393, 0.00127923
6394, 0.00127940
6395, 0.00127958
6396, 0.00127976
6397, 0.00127994
6398, 0.00128011
6399, 0.00128029
6400, 0.00128046
6401, 0.00128063
6402, 0.00128081
6403, 0.00128098
6404, 0.00128116
6405, 0.00128133
6406, 0.00128151
6407, 0.00128168
6408, 0.00128188
6409, 0.00128205
6410, 0.00128222
6411, 0.00128240
6412, 0.00128257
6413, 0.00128275
6414, 0.00128292
6415, 0.00128310
6416, 0.00128327
6417, 0.00128345
6418, 0.00128362
6419, 0.00128380
6420, 0.00128397
6421, 0.00128415
6422, 0.00128432
6423, 0.00128449
6424, 0.00128467
6425, 0.00128484
6426, 0.00128502
6427, 0.00128519
6428, 0.00128537
6429, 0.00128555
6430, 0.00128575
6431, 0.00129021
6432, 0.00129041
6433, 0.00129059
6434, 0.00129077
6435, 0.00129094
6436, 0.00129112
6437, 0.00129129
6438, 0.00129147
6439, 0.00129164
6440, 0.00129182
6441, 0.00129199
6442, 0.00129216
6443, 0.00129234
6444, 0.00129251
6445, 0.00129269
6446, 0.00129286
6447, 0.00129303
6448, 0.00129320
6449, 0.00129338
6450, 0.00129355
6451, 0.00129372
6452, 0.00129389
6453, 0.00129406
6454, 0.00129424
6455, 0.00129441
6456, 0.00129458
6457, 0.00129475
6458, 0.00129493
6459, 0.00129510
6460, 0.00129529
6461, 0.00129546
6462, 0.00129563
6463, 0.00129581
6464, 0.00129604
6465, 0.00129621
6466, 0.00129638
6467, 0.00129656
6468, 0.00129673
6469, 0.00129690
6470, 0.00129707
6471, 0.00129725
6472, 0.00129742
6473, 0.00129760
6474, 0.00129777
6475, 0.00129794
6476, 0.00129812
6477, 0.00129829
6478, 0.00129846
6479, 0.00129864
6480, 0.00129881
6481, 0.00129898
6482, 0.00129916
6483, 0.00129933
6484, 0.00129951
6485, 0.00129968
6486, 0.00129985
6487, 0.00130002
6488, 0.00130020
6489, 0.00130037
6490, 0.00130054
6491, 0.00130072
6492, 0.00130089
6493, 0.00130106
6494, 0.00130124
6495, 0.00130141
6496, 0.00130158
6497, 0.00130176
6498, 0.00130193
6499, 0.00130211
6500, 0.00130235
6501, 0.00130252
6502, 0.00130269
6503, 0.00130287
6504, 0.00130304
6505, 0.00130321
6506, 0.00130339
6507, 0.00130356
6508, 0.00130374
6509, 0.00130391
6510, 0.00130409
6511, 0.00130426
6512, 0.00130443
6513, 0.00130460
6514, 0.00130477
6515, 0.00130494
6516, 0.00130512
6517, 0.00130529
6518, 0.00130546
6519, 0.00130564
6520, 0.00130581
6521, 0.00130599
6522, 0.00130616
6523, 0.00130633
6524, 0.00130651
6525, 0.00130668
6526, 0.00130685
6527, 0.00130703
6528, 0.00130721
6529, 0.00130738
6530, 0.00130756
6531, 0.00130773
6532, 0.00130790
6533, 0.00130808
6534, 0.00130825
6535, 0.00130842
6536, 0.00130859
6537, 0.00130876
6538, 0.00130894
6539, 0.00130911
6540, 0.00130928
6541, 0.00130946
6542, 0.00130963
6543, 0.00130980
6544, 0.00130997
6545, 0.00131015
6546, 0.00131032
6547, 0.00131049
6548, 0.00131067
6549, 0.00131084
6550, 0.00131101
6551, 0.00131119
6552, 0.00131136
6553, 0.00131153
6554, 0.00131171
6555, 0.00131188
6556, 0.00131207
6557, 0.00131424
6558, 0.00131444
6559, 0.00131462
6560, 0.00131479
6561, 0.00131497
6562, 0.00131514
6563, 0.00131532
6564, 0.00131550
6565, 0.00131567
6566, 0.00131585
6567, 0.00131602
6568, 0.00131619
6569, 0.00131637
6570, 0.00131654
6571, 0.00131671
6572, 0.00131689
6573, 0.00131706
6574, 0.00131723
6575, 0.00131741
6576, 0.00131758
6577, 0.00131775
6578, 0.00131793
6579, 0.00131810
6580, 0.00131828
6581, 0.00131845
6582, 0.00131862
6583, 0.00131880
6584, 0.00131897
6585, 0.00131915
6586, 0.00131932
6587, 0.00131949
6588, 0.00131967
6589, 0.00131984
6590, 0.00132008
6591, 0.00132025
6592, 0.00132042
6593, 0.00132059
6594, 0.00132077
6595, 0.00132094
6596, 0.00132111
6597, 0.00132129
6598, 0.00132146
6599, 0.00132163
6600, 0.00132180
6601, 0.00132198
6602, 0.00132215
6603, 0.00132233
6604, 0.00132250
6605, 0.00132268
6606, 0.00132285
6607, 0.00132303
6608, 0.00132320
6609, 0.00132337
6610, 0.00132355
6611, 0.00132372
6612, 0.00132389
6613, 0.00132407
6614, 0.00132424
6615, 0.00132441
6616, 0.00132459
6617, 0.00132477
6618, 0.00132494
6619, 0.00132511
6620, 0.00132529
6621, 0.00132546
6622, 0.00132564
6623, 0.00132581
6624, 0.00132599
6625, 0.00132616
6626, 0.00132633
6627, 0.00132651
6628, 0.00132668
6629, 0.00132685
6630, 0.00132703
6631, 0.00132720
6632, 0.00132737
6633, 0.00132755
6634, 0.00132772
6635, 0.00132790
6636, 0.00132807
6637, 0.00132833
6638, 0.00132851
6639, 0.00132868
6640, 0.00132886
6641, 0.00132903
6642, 0.00132920
6643, 0.00132938
6644, 0.00132955
6645, 0.00132973
6646, 0.00132990
6647, 0.00133008
6648, 0.00133025
6649, 0.00133043
6650, 0.00133061
6651, 0.00133078
6652, 0.00133096
6653, 0.00133114
6654, 0.00133131
6655, 0.00133161
6656, 0.00133178
6657, 0.00133196
6658, 0.00133213
6659, 0.00133231
6660, 0.00133248
6661, 0.00133265
6662, 0.00133283
6663, 0.00133312
6664, 0.00133329
6665, 0.00133347
6666, 0.00133364
6667, 0.00133382
6668, 0.00133399
6669, 0.00133417
6670, 0.00133435
6671, 0.00133454
6672, 0.00133472
6673, 0.00133490
6674, 0.00133508
6675, 0.00133525
6676, 0.00133543
6677, 0.00133562
6678, 0.00133579
6679, 0.00133604
6680, 0.00133622
6681, 0.00133639
6682, 0.00133658
6683, 0.00133881
6684, 0.00133901
6685, 0.00133918
6686, 0.00133936
6687, 0.00133961
6688, 0.00133979
6689, 0.00133997
6690, 0.00134015
6691, 0.00134033
6692, 0.00134052
6693, 0.00134070
6694, 0.00134088
6695, 0.00134124
6696, 0.00134142
6697, 0.00134159
6698, 0.00134177
6699, 0.00134194
6700, 0.00134212
6701, 0.00134229
6702, 0.00134247
6703, 0.00134273
6704, 0.00134291
6705, 0.00134309
6706, 0.00134326
6707, 0.00134344
6708, 0.00134361
6709, 0.00134379
6710, 0.00134397
6711, 0.00134421
6712, 0.00134439
6713, 0.00134457
6714, 0.00134474
6715, 0.00134492
6716, 0.00134510
6717, 0.00134527
6718, 0.00134545
6719, 0.00134569
6720, 0.00134587
6721, 0.00134605
6722, 0.00134622
6723, 0.00134640
6724, 0.00134658
6725, 0.00134675
6726, 0.00134693
6727, 0.00134718
6728, 0.00134736
6729, 0.00134753
6730, 0.00134771
6731, 0.00134789
6732, 0.00134806
6733, 0.00134824
6734, 0.00134841
6735, 0.00134859
6736, 0.00134876
6737, 0.00134894
6738, 0.00134912
6739, 0.00134930
6740, 0.00134947
6741, 0.00134967
6742, 0.00134984
6743, 0.00135002
6744, 0.00135020
6745, 0.00135037
6746, 0.00135055
6747, 0.00135072
6748, 0.00135090
6749, 0.00135108
6750, 0.00135125
6751, 0.00135143
6752, 0.00135161
6753, 0.00135179
6754, 0.00135196
6755, 0.00135214
6756, 0.00135231
6757, 0.00135249
6758, 0.00135266
6759, 0.00135284
6760, 0.00135302
6761, 0.00135319
6762, 0.00135337
6763, 0.00135354
6764, 0.00135372
6765, 0.00135390
6766, 0.00135407
6767, 0.00135425
6768, 0.00135443
6769, 0.00135460
6770, 0.00135478
6771, 0.00135495
6772, 0.00135512
6773, 0.00135530
6774, 0.00135548
6775, 0.00135565
6776, 0.00135583
6777, 0.00135600
6778, 0.00135618
6779, 0.00135635
6780, 0.00135653
6781, 0.00135670
6782, 0.00135688
6783, 0.00135705
6784, 0.00135723
6785, 0.00135741
6786, 0.00135758
6787, 0.00135776
6788, 0.00135794
6789, 0.00135811
6790, 0.00135829
6791, 0.00135847
6792, 0.00135864
6793, 0.00135882
6794, 0.00135900
6795, 0.00135917
6796, 0.00135935
6797, 0.00135952
6798, 0.00135970
6799, 0.00135987
6800, 0.00136005
6801, 0.00136023
6802, 0.00136040
6803, 0.00136058
6804, 0.00136075
6805, 0.00136093
6806, 0.00136110
6807, 0.00136128
6808, 0.00136153
6809, 0.00136373
6810, 0.00136393
6811, 0.00136411
6812, 0.00136429
6813, 0.00136446
6814, 0.00136464
6815, 0.00136481
6816, 0.00136500
6817, 0.00136518
6818, 0.00136536
6819, 0.00136554
6820, 0.00136571
6821, 0.00136589
6822, 0.00136606
6823, 0.00136624
6824, 0.00136641
6825, 0.00136658
6826, 0.00136676
6827, 0.00136693
6828, 0.00136711
6829, 0.00136729
6830, 0.00136746
6831, 0.00136764
6832, 0.00136781
6833, 0.00136799
6834, 0.00136816
6835, 0.00136834
6836, 0.00136851
6837, 0.00136869
6838, 0.00136886
6839, 0.00136904
6840, 0.00136921
6841, 0.00136938
6842, 0.00136955
6843, 0.00136973
6844, 0.00136990
6845, 0.00137008
6846, 0.00137025
6847, 0.00137042
6848, 0.00137060
6849, 0.00137078
6850, 0.00137095
6851, 0.00137113
6852, 0.00137130
6853, 0.00137148
6854, 0.00137165
6855, 0.00137183
6856, 0.00137200
6857, 0.00137218
6858, 0.00137235
6859, 0.00137253
6860, 0.00137270
6861, 0.00137288
6862, 0.00137305
6863, 0.00137322
6864, 0.00137340
6865, 0.00137358
6866, 0.00137375
6867, 0.00137393
6868, 0.00137410
6869, 0.00137428
6870, 0.00137445
6871, 0.00137462
6872, 0.00137479
6873, 0.00137497
6874, 0.00137514
6875, 0.00137531
6876, 0.00137549
6877, 0.00137566
6878, 0.00137583
6879, 0.00137601
6880, 0.00137618
6881, 0.00137635
6882, 0.00137655
6883, 0.00137673
6884, 0.00137690
6885, 0.00137708
6886, 0.00137725
6887, 0.00137743
6888, 0.00137760
6889, 0.00137778
6890, 0.00137795
6891, 0.00137813
6892, 0.00137830
6893, 0.00137847
6894, 0.00137865
6895, 0.00137882
6896, 0.00137899
6897, 0.00137916
6898, 0.00137934
6899, 0.00137952
6900, 0.00137969
6901, 0.00137988
6902, 0.00138005
6903, 0.00138022
6904, 0.00138040
6905, 0.00138057
6906, 0.00138075
6907, 0.00138092
6908, 0.00138110
6909, 0.00138127
6910, 0.00138145
6911, 0.00138162
6912, 0.00138179
6913, 0.00138199
6914, 0.00138216
6915, 0.00138233
6916, 0.00138251
6917, 0.00138268
6918, 0.00138285
6919, 0.00138303
6920, 0.00138320
6921, 0.00138338
6922, 0.00138355
6923, 0.00138372
6924, 0.00138390
6925, 0.00138407
6926, 0.00138425
6927, 0.00138442
6928, 0.00138460
6929, 0.00138477
6930, 0.00138495
6931, 0.00138512
6932, 0.00138530
6933, 0.00138547
6934, 0.00138566
6935, 0.00138781
6936, 0.00138802
6937, 0.00138820
6938, 0.00138837
6939, 0.00138855
6940, 0.00138872
6941, 0.00138890
6942, 0.00138907
6943, 0.00138925
6944, 0.00138942
6945, 0.00138960
6946, 0.00138979
6947, 0.00138997
6948, 0.00139015
6949, 0.00139033
6950, 0.00139052
6951, 0.00139070
6952, 0.00139089
6953, 0.00139107
6954, 0.00139126
6955, 0.00139144
6956, 0.00139163
6957, 0.00139181
6958, 0.00139200
6959, 0.00139218
6960, 0.00139237
6961, 0.00139255
6962, 0.00139274
6963, 0.00139292
6964, 0.00139311
6965, 0.00139329
6966, 0.00139347
6967, 0.00139366
6968, 0.00139385
6969, 0.00139403
6970, 0.00139422
6971, 0.00139440
6972, 0.00139458
6973, 0.00139477
6974, 0.00139495
6975, 0.00139513
6976, 0.00139531
6977, 0.00139549
6978, 0.00139568
6979, 0.00139586
6980, 0.00139605
6981, 0.00139623
6982, 0.00139641
6983, 0.00139659
6984, 0.00139678
6985, 0.00139696
6986, 0.00139714
6987, 0.00139733
6988, 0.00139751
6989, 0.00139770
6990, 0.00139788
6991, 0.00139807
6992, 0.00139826
6993, 0.00139844
6994, 0.00139862
6995, 0.00139880
6996, 0.00139899
6997, 0.00139917
6998, 0.00139935
6999, 0.00139953
7000, 0.00139971
7001, 0.00139990
7002, 0.00140009
7003, 0.00140027
7004, 0.00140045
7005, 0.00140064
7006, 0.00140083
7007, 0.00140101
7008, 0.00140119
7009, 0.00140139
7010, 0.00140157
7011, 0.00140175
7012, 0.00140193
7013, 0.00140211
7014, 0.00140228
7015, 0.00140246
7016, 0.00140263
7017, 0.00140283
7018, 0.00140301
7019, 0.00140319
7020, 0.00140336
7021, 0.00140354
7022, 0.00140372
7023, 0.00140390
7024, 0.00140408
7025, 0.00140425
7026, 0.00140443
7027, 0.00140462
7028, 0.00140480
7029, 0.00140498
7030, 0.00140516
7031, 0.00140533
7032, 0.00140551
7033, 0.00140572
7034, 0.00140590
7035, 0.00140609
7036, 0.00140626
7037, 0.00140644
7038, 0.00140665
7039, 0.00140683
7040, 0.00140701
7041, 0.00140720
7042, 0.00140737
7043, 0.00140755
7044, 0.00140773
7045, 0.00140793
7046, 0.00140811
7047, 0.00140829
7048, 0.00140846
7049, 0.00140863
7050, 0.00140881
7051, 0.00140898
7052, 0.00140915
7053, 0.00140933
7054, 0.00140951
7055, 0.00140968
7056, 0.00140986
7057, 0.00141003
7058, 0.00141024
7059, 0.00141041
7060, 0.00141061
7061, 0.00141273
7062, 0.00141294
7063, 0.00141311
7064, 0.00141329
7065, 0.00141347
7066, 0.00141365
7067, 0.00141383
7068, 0.00141402
7069, 0.00141419
7070, 0.00141437
7071, 0.00141454
7072, 0.00141471
7073, 0.00141488
7074, 0.00141506
7075, 0.00141523
7076, 0.00141540
7077, 0.00141558
7078, 0.00141575
7079, 0.00141593
7080, 0.00141610
7081, 0.00141627
7082, 0.00141644
7083, 0.00141661
7084, 0.00141679
7085, 0.00141696
7086, 0.00141713
7087, 0.00141730
7088, 0.00141747
7089, 0.00141771
7090, 0.00141788
7091, 0.00141806
7092, 0.00141823
7093, 0.00141840
7094, 0.00141858
7095, 0.00141875
7096, 0.00141892
7097, 0.00141909
7098, 0.00141927
7099, 0.00141944
7100, 0.00141962
7101, 0.00141979
7102, 0.00141996
7103, 0.00142014
7104, 0.00142031
7105, 0.00142048
7106, 0.00142066
7107, 0.00142083
7108, 0.00142101
7109, 0.00142118
7110, 0.00142136
7111, 0.00142153
7112, 0.00142171
7113, 0.00142188
7114, 0.00142217
7115, 0.00142236
7116, 0.00142253
7117, 0.00142270
7118, 0.00142288
7119, 0.00142306
7120, 0.00142323
7121, 0.00142341
7122, 0.00142359
7123, 0.00142376
7124, 0.00142394
7125, 0.00142411
7126, 0.00142429
7127, 0.00142446
7128, 0.00142463
7129, 0.00142480
7130, 0.00142498
7131, 0.00142516
7132, 0.00142533
7133, 0.00142551
7134, 0.00142568
7135, 0.00142586
7136, 0.00142603
7137, 0.00142620
7138, 0.00142638
7139, 0.00142655
7140, 0.00142673
7141, 0.00142690
7142, 0.00142708
7143, 0.00142725
7144, 0.00142743
7145, 0.00142760
7146, 0.00142777
7147, 0.00142794
7148, 0.00142812
7149, 0.00142829
7150, 0.00142847
7151, 0.00142864
7152, 0.00142882
7153, 0.00142899
7154, 0.00142917
7155, 0.00142934
7156, 0.00142954
7157, 0.00142971
7158, 0.00142989
7159, 0.00143007
7160, 0.00143024
7161, 0.00143042
7162, 0.00143059
7163, 0.00143077
7164, 0.00143094
7165, 0.00143112
7166, 0.00143129
7167, 0.00143157
7168, 0.00143174
7169, 0.00143191
7170, 0.00143208
7171, 0.00143225
7172, 0.00143242
7173, 0.00143260
7174, 0.00143277
7175, 0.00143304
7176, 0.00143321
7177, 0.00143338
7178, 0.00143355
7179, 0.00143372
7180, 0.00143390
7181, 0.00143407
7182, 0.00143424
7183, 0.00143449
7184, 0.00143466
7185, 0.00143483
7186, 0.00143502
7187, 0.00143720
7188, 0.00143741
7189, 0.00143760
7190, 0.00143778
7191, 0.00143804
7192, 0.00143821
7193, 0.00143839
7194, 0.00143856
7195, 0.00143873
7196, 0.00143890
7197, 0.00143908
7198, 0.00143925
7199, 0.00143951
7200, 0.00143969
7201, 0.00143986
7202, 0.00144004
7203, 0.00144022
7204, 0.00144040
7205, 0.00144057
7206, 0.00144075
7207, 0.00144103
7208, 0.00144121
7209, 0.00144138
7210, 0.00144158
7211, 0.00144175
7212, 0.00144193
7213, 0.00144210
7214, 0.00144227
7215, 0.00144254
7216, 0.00144271
7217, 0.00144289
7218, 0.00144306
7219, 0.00144324
7220, 0.00144341
7221, 0.00144359
7222, 0.00144376
7223, 0.00144404
7224, 0.00144422
7225, 0.00144440
7226, 0.00144458
7227, 0.00144476
7228, 0.00144494
7229, 0.00144511
7230, 0.00144529
7231, 0.00144554
7232, 0.00144571
7233, 0.00144589
7234, 0.00144606
7235, 0.00144623
7236, 0.00144641
7237, 0.00144658
7238, 0.00144676
7239, 0.00144700
7240, 0.00144718
7241, 0.00144736
7242, 0.00144753
7243, 0.00144770
7244, 0.00144788
7245, 0.00144805
7246, 0.00144822
7247, 0.00144840
7248, 0.00144858
7249, 0.00144876
7250, 0.00144894
7251, 0.00144912
7252, 0.00144930
7253, 0.00144947
7254, 0.00144965
7255, 0.00144982
7256, 0.00145000
7257, 0.00145017
7258, 0.00145035
7259, 0.00145052
7260, 0.00145070
7261, 0.00145088
7262, 0.00145105
7263, 0.00145122
7264, 0.00145140
7265, 0.00145157
7266, 0.00145174
7267, 0.00145192
7268, 0.00145209
7269, 0.00145226
7270, 0.00145244
7271, 0.00145262
7272, 0.00145280
7273, 0.00145298
7274, 0.00145315
7275, 0.00145333
7276, 0.00145350
7277, 0.00145367
7278, 0.00145384
7279, 0.00145402
7280, 0.00145420
7281, 0.00145437
7282, 0.00145454
7283, 0.00145471
7284, 0.00145489
7285, 0.00145506
7286, 0.00145524
7287, 0.00145542
7288, 0.00145560
7289, 0.00145577
7290, 0.00145594
7291, 0.00145612
7292, 0.00145629
7293, 0.00145646
7294, 0.00145663
7295, 0.00145680
7296, 0.00145698
7297, 0.00145715
7298, 0.00145732
7299, 0.00145749
7300, 0.00145767
7301, 0.00145784
7302, 0.00145801
7303, 0.00145818
7304, 0.00145836
7305, 0.00145853
7306, 0.00145870
7307, 0.00145887
7308, 0.00145907
7309, 0.00145924
7310, 0.00145941
7311, 0.00145959
7312, 0.00145978
7313, 0.00146195
7314, 0.00146216
7315, 0.00146234
7316, 0.00146251
7317, 0.00146268
7318, 0.00146286
7319, 0.00146303
7320, 0.00146320
7321, 0.00146338
7322, 0.00146355
7323, 0.00146373
7324, 0.00146390
7325, 0.00146407
7326, 0.00146425
7327, 0.00146443
7328, 0.00146460
7329, 0.00146477
7330, 0.00146495
7331, 0.00146512
7332, 0.00146530
7333, 0.00146547
7334, 0.00146564
7335, 0.00146581
7336, 0.00146599
7337, 0.00146616
7338, 0.00146633
7339, 0.00146651
7340, 0.00146668
7341, 0.00146686
7342, 0.00146703
7343, 0.00146721
7344, 0.00146738
7345, 0.00146755
7346, 0.00146772
7347, 0.00146789
7348, 0.00146808
7349, 0.00146826
7350, 0.00146844
7351, 0.00146863
7352, 0.00146881
7353, 0.00146898
7354, 0.00146916
7355, 0.00146933
7356, 0.00146950
7357, 0.00146968
7358, 0.00146985
7359, 0.00147002
7360, 0.00147019
7361, 0.00147037
7362, 0.00147054
7363, 0.00147071
7364, 0.00147088
7365, 0.00147106
7366, 0.00147123
7367, 0.00147140
7368, 0.00147158
7369, 0.00147175
7370, 0.00147192
7371, 0.00147210
7372, 0.00147227
7373, 0.00147245
7374, 0.00147262
7375, 0.00147280
7376, 0.00147297
7377, 0.00147315
7378, 0.00147332
7379, 0.00147350
7380, 0.00147367
7381, 0.00147384
7382, 0.00147402
7383, 0.00147421
7384, 0.00147438
7385, 0.00147457
7386, 0.00147475
7387, 0.00147492
7388, 0.00147509
7389, 0.00147526
7390, 0.00147544
7391, 0.00147561
7392, 0.00147578
7393, 0.00147595
7394, 0.00147613
7395, 0.00147630
7396, 0.00147647
7397, 0.00147665
7398, 0.00147682
7399, 0.00147699
7400, 0.00147716
7401, 0.00147734
7402, 0.00147751
7403, 0.00147768
7404, 0.00147785
7405, 0.00147803
7406, 0.00147820
7407, 0.00147837
7408, 0.00147855
7409, 0.00147872
7410, 0.00147891
7411, 0.00147908
7412, 0.00147926
7413, 0.00147943
7414, 0.00147960
7415, 0.00147978
7416, 0.00147995
7417, 0.00148013
7418, 0.00148030
7419, 0.00148047
7420, 0.00148065
7421, 0.00148083
7422, 0.00148100
7423, 0.00148119
7424, 0.00148136
7425, 0.00148154
7426, 0.00148171
7427, 0.00148189
7428, 0.00148206
7429, 0.00148223
7430, 0.00148241
7431, 0.00148258
7432, 0.00148275
7433, 0.00148293
7434, 0.00148310
7435, 0.00148327
7436, 0.00148345
7437, 0.00148362
7438, 0.00148381
7439, 0.00148595
7440, 0.00148615
7441, 0.00148633
7442, 0.00148650
7443, 0.00148667
7444, 0.00148696
7445, 0.00148715
7446, 0.00148732
7447, 0.00148750
7448, 0.00148767
7449, 0.00148784
7450, 0.00148802
7451, 0.00148819
7452, 0.00148837
7453, 0.00148855
7454, 0.00148872
7455, 0.00148890
7456, 0.00148907
7457, 0.00148924
7458, 0.00148942
7459, 0.00148959
7460, 0.00148976
7461, 0.00148994
7462, 0.00149011
7463, 0.00149035
7464, 0.00149053
7465, 0.00149070
7466, 0.00149087
7467, 0.00149105
7468, 0.00149122
7469, 0.00149140
7470, 0.00149157
7471, 0.00149174
7472, 0.00149192
7473, 0.00149209
7474, 0.00149226
7475, 0.00149244
7476, 0.00149261
7477, 0.00149278
7478, 0.00149296
7479, 0.00149313
7480, 0.00149331
7481, 0.00149348
7482, 0.00149366
7483, 0.00149383
7484, 0.00149401
7485, 0.00149418
7486, 0.00149435
7487, 0.00149453
7488, 0.00149470
7489, 0.00149488
7490, 0.00149505
7491, 0.00149523
7492, 0.00149540
7493, 0.00149558
7494, 0.00149575
7495, 0.00149592
7496, 0.00149610
7497, 0.00149627
7498, 0.00149644
7499, 0.00149661
7500, 0.00149678
7501, 0.00149696
7502, 0.00149713
7503, 0.00149730
7504, 0.00149748
7505, 0.00149765
7506, 0.00149783
7507, 0.00149800
7508, 0.00149817
7509, 0.00149835
7510, 0.00149852
7511, 0.00149870
7512, 0.00149887
7513, 0.00149905
7514, 0.00149922
7515, 0.00149942
7516, 0.00149959
7517, 0.00149977
7518, 0.00149994
7519, 0.00150011
7520, 0.00150029
7521, 0.00150046
7522, 0.00150063
7523, 0.00150081
7524, 0.00150098
7525, 0.00150116
7526, 0.00150133
7527, 0.00150151
7528, 0.00150168
7529, 0.00150186
7530, 0.00150203
7531, 0.00150221
7532, 0.00150239
7533, 0.00150256
7534, 0.00150274
7535, 0.00150291
7536, 0.00150308
7537, 0.00150326
7538, 0.00150343
7539, 0.00150360
7540, 0.00150378
7541, 0.00150395
7542, 0.00150413
7543, 0.00150430
7544, 0.00150448
7545, 0.00150465
7546, 0.00150483
7547, 0.00150500
7548, 0.00150517
7549, 0.00150535
7550, 0.00150552
7551, 0.00150570
7552, 0.00150587
7553, 0.00150605
7554, 0.00150622
7555, 0.00150639
7556, 0.00150657
7557, 0.00150674
7558, 0.00150691
7559, 0.00150709
7560, 0.00150726
7561, 0.00150743
7562, 0.00150761
7563, 0.00150778
7564, 0.00150797
7565, 0.00151008
7566, 0.00151027
7567, 0.00151044
7568, 0.00151062
7569, 0.00151080
7570, 0.00151098
7571, 0.00151116
7572, 0.00151134
7573, 0.00151151
7574, 0.00151169
7575, 0.00151186
7576, 0.00151204
7577, 0.00151221
7578, 0.00151239
7579, 0.00151256
7580, 0.00151274
7581, 0.00151292
7582, 0.00151311
7583, 0.00151329
7584, 0.00151347
7585, 0.00151365
7586, 0.00151383
7587, 0.00151401
7588, 0.00151419
7589, 0.00151437
7590, 0.00151454
7591, 0.00151473
7592, 0.00151490
7593, 0.00151508
7594, 0.00151526
7595, 0.00151544
7596, 0.00151561
7597, 0.00151578
7598, 0.00151596
7599, 0.00151613
7600, 0.00151630
7601, 0.00151648
7602, 0.00151665
7603, 0.00151682
7604, 0.00151699
7605, 0.00151716
7606, 0.00151734
7607, 0.00151752
7608, 0.00151770
7609, 0.00151788
7610, 0.00151806
7611, 0.00151824
7612, 0.00151842
7613, 0.00151860
7614, 0.00151877
7615, 0.00151894
7616, 0.00151912
7617, 0.00151930
7618, 0.00151947
7619, 0.00151965
7620, 0.00151982
7621, 0.00152000
7622, 0.00152017
7623, 0.00152034
7624, 0.00152052
7625, 0.00152069
7626, 0.00152087
7627, 0.00152106
7628, 0.00152124
7629, 0.00152141
7630, 0.00152158
7631, 0.00152175
7632, 0.00152192
7633, 0.00152210
7634, 0.00152227
7635, 0.00152244
7636, 0.00152262
7637, 0.00152279
7638, 0.00152296
7639, 0.00152314
7640, 0.00152331
7641, 0.00152348
7642, 0.00152365
7643, 0.00152383
7644, 0.00152400
7645, 0.00152417
7646, 0.00152434
7647, 0.00152451
7648, 0.00152469
7649, 0.00152486
7650, 0.00152504
7651, 0.00152521
7652, 0.00152538
7653, 0.00152556
7654, 0.00152573
7655, 0.00152591
7656, 0.00152608
7657, 0.00152625
7658, 0.00152642
7659, 0.00152659
7660, 0.00152677
7661, 0.00152694
7662, 0.00152711
7663, 0.00152729
7664, 0.00152746
7665, 0.00152763
7666, 0.00152781
7667, 0.00152798
7668, 0.00152816
7669, 0.00152833
7670, 0.00152850
7671, 0.00152867
7672, 0.00152885
7673, 0.00152902
7674, 0.00152920
7675, 0.00152937
7676, 0.00152954
7677, 0.00152971
7678, 0.00152989
7679, 0.00153017
7680, 0.00153034
7681, 0.00153051
7682, 0.00153068
7683, 0.00153086
7684, 0.00153103
7685, 0.00153120
7686, 0.00153138
7687, 0.00153162
7688, 0.00153180
7689, 0.00153197
7690, 0.00153216
7691, 0.00153432
7692, 0.00153451
7693, 0.00153468
7694, 0.00153485
7695, 0.00153510
7696, 0.00153534
7697, 0.00153552
7698, 0.00153569
7699, 0.00153586
7700, 0.00153604
7701, 0.00153621
7702, 0.00153638
7703, 0.00153655
7704, 0.00153673
7705, 0.00153691
7706, 0.00153708
7707, 0.00153726
7708, 0.00153744
7709, 0.00153761
7710, 0.00153779
7711, 0.00153796
7712, 0.00153814
7713, 0.00153831
7714, 0.00153848
7715, 0.00153866
7716, 0.00153883
7717, 0.00153900
7718, 0.00153918
7719, 0.00153936
7720, 0.00153953
7721, 0.00153970
7722, 0.00153988
7723, 0.00154005
7724, 0.00154023
7725, 0.00154040
7726, 0.00154058
7727, 0.00154082
7728, 0.00154099
7729, 0.00154117
7730, 0.00154134
7731, 0.00154151
7732, 0.00154169
7733, 0.00154186
7734, 0.00154204
7735, 0.00154228
7736, 0.00154245
7737, 0.00154262
7738, 0.00154279
7739, 0.00154296
7740, 0.00154314
7741, 0.00154331
7742, 0.00154348
7743, 0.00154374
7744, 0.00154391
7745, 0.00154409
7746, 0.00154426
7747, 0.00154444
7748, 0.00154461
7749, 0.00154478
7750, 0.00154496
7751, 0.00154513
7752, 0.00154536
7753, 0.00154554
7754, 0.00154572
7755, 0.00154589
7756, 0.00154607
7757, 0.00154624
7758, 0.00154642
7759, 0.00154659
7760, 0.00154676
7761, 0.00154694
7762, 0.00154711
7763, 0.00154728
7764, 0.00154746
7765, 0.00154764
7766, 0.00154781
7767, 0.00154799
7768, 0.00154816
7769, 0.00154834
7770, 0.00154851
7771, 0.00154868
7772, 0.00154886
7773, 0.00154903
7774, 0.00154921
7775, 0.00154938
7776, 0.00154956
7777, 0.00154973
7778, 0.00154990
7779, 0.00155008
7780, 0.00155025
7781, 0.00155042
7782, 0.00155060
7783, 0.00155077
7784, 0.00155095
7785, 0.00155112
7786, 0.00155130
7787, 0.00155148
7788, 0.00155165
7789, 0.00155182
7790, 0.00155200
7791, 0.00155217
7792, 0.00155234
7793, 0.00155252
7794, 0.00155269
7795, 0.00155286
7796, 0.00155303
7797, 0.00155320
7798, 0.00155338
7799, 0.00155360
7800, 0.00155378
7801, 0.00155395
7802, 0.00155413
7803, 0.00155430
7804, 0.00155447
7805, 0.00155464
7806, 0.00155482
7807, 0.00155499
7808, 0.00155516
7809, 0.00155534
7810, 0.00155551
7811, 0.00155568
7812, 0.00155586
7813, 0.00155604
7814, 0.00155621
7815, 0.00155638
7816, 0.00155657
7817, 0.00155914
7818, 0.00155934
7819, 0.00155952
7820, 0.00155970
7821, 0.00155987
7822, 0.00156004
7823, 0.00156022
7824, 0.00156039
7825, 0.00156057
7826, 0.00156074
7827, 0.00156092
7828, 0.00156110
7829, 0.00156127
7830, 0.00156145
7831, 0.00156163
7832, 0.00156180
7833, 0.00156198
7834, 0.00156216
7835, 0.00156233
7836, 0.00156251
7837, 0.00156269
7838, 0.00156286
7839, 0.00156303
7840, 0.00156321
7841, 0.00156338
7842, 0.00156356
7843, 0.00156373
7844, 0.00156391
7845, 0.00156408
7846, 0.00156426
7847, 0.00156444
7848, 0.00156462
7849, 0.00156479
7850, 0.00156497
7851, 0.00156517
7852, 0.00156541
7853, 0.00156558
7854, 0.00156576
7855, 0.00156593
7856, 0.00156611
7857, 0.00156628
7858, 0.00156646
7859, 0.00156663
7860, 0.00156680
7861, 0.00156698
7862, 0.00156715
7863, 0.00156733
7864, 0.00156750
7865, 0.00156768
7866, 0.00156785
7867, 0.00156803
7868, 0.00156821
7869, 0.00156838
7870, 0.00156856
7871, 0.00156873
7872, 0.00156891
7873, 0.00156908
7874, 0.00156926
7875, 0.00156943
7876, 0.00156961
7877, 0.00156978
7878, 0.00156995
7879, 0.00157012
7880, 0.00157030
7881, 0.00157047
7882, 0.00157065
7883, 0.00157082
7884, 0.00157099
7885, 0.00157117
7886, 0.00157134
7887, 0.00157152
7888, 0.00157169
7889, 0.00157187
7890, 0.00157204
7891, 0.00157221
7892, 0.00157238
7893, 0.00157255
7894, 0.00157272
7895, 0.00157290
7896, 0.00157307
7897, 0.00157324
7898, 0.00157342
7899, 0.00157359
7900, 0.00157377
7901, 0.00157394
7902, 0.00157411
7903, 0.00157429
7904, 0.00157446
7905, 0.00157463
7906, 0.00157481
7907, 0.00157498
7908, 0.00157515
7909, 0.00157533
7910, 0.00157551
7911, 0.00157569
7912, 0.00157586
7913, 0.00157603
7914, 0.00157622
7915, 0.00157639
7916, 0.00157657
7917, 0.00157674
7918, 0.00157692
7919, 0.00157709
7920, 0.00157728
7921, 0.00157746
7922, 0.00157763
7923, 0.00157781
7924, 0.00157798
7925, 0.00157816
7926, 0.00157833
7927, 0.00157851
7928, 0.00157868
7929, 0.00157885
7930, 0.00157903
7931, 0.00157920
7932, 0.00157938
7933, 0.00157955
7934, 0.00157973
7935, 0.00157990
7936, 0.00158007
7937, 0.00158025
7938, 0.00158042
7939, 0.00158060
7940, 0.00158077
7941, 0.00158094
7942, 0.00158113
7943, 0.00158333
7944, 0.00158353
7945, 0.00158371
7946, 0.00158388
7947, 0.00158406
7948, 0.00158423
7949, 0.00158441
7950, 0.00158459
7951, 0.00158476
7952, 0.00158493
7953, 0.00158511
7954, 0.00158529
7955, 0.00158546
7956, 0.00158563
7957, 0.00158581
7958, 0.00158598
7959, 0.00158615
7960, 0.00158633
7961, 0.00158650
7962, 0.00158667
7963, 0.00158685
7964, 0.00158702
7965, 0.00158720
7966, 0.00158737
7967, 0.00158754
7968, 0.00158772
7969, 0.00158789
7970, 0.00158807
7971, 0.00158824
7972, 0.00158841
7973, 0.00158859
7974, 0.00158876
7975, 0.00158893
7976, 0.00158912
7977, 0.00158931
7978, 0.00158949
7979, 0.00158966
7980, 0.00158983
7981, 0.00159001
7982, 0.00159018
7983, 0.00159035
7984, 0.00159053
7985, 0.00159071
7986, 0.00159088
7987, 0.00159105
7988, 0.00159123
7989, 0.00159141
7990, 0.00159159
7991, 0.00159177
7992, 0.00159194
7993, 0.00159213
7994, 0.00159231
7995, 0.00159249
7996, 0.00159267
7997, 0.00159285
7998, 0.00159303
7999, 0.00159321
8000, 0.00159338
8001, 0.00159356
8002, 0.00159373
8003, 0.00159391
8004, 0.00159408
8005, 0.00159426
8006, 0.00159443
8007, 0.00159460
8008, 0.00159478
8009, 0.00159495
8010, 0.00159513
8011, 0.00159530
8012, 0.00159548
8013, 0.00159565
8014, 0.00159583
8015, 0.00159600
8016, 0.00159617
8017, 0.00159635
8018, 0.00159652
8019, 0.00159670
8020, 0.00159687
8021, 0.00159704
8022, 0.00159722
8023, 0.00159739
8024, 0.00159757
8025, 0.00159774
8026, 0.00159792
8027, 0.00159809
8028, 0.00159826
8029, 0.00159844
8030, 0.00159862
8031, 0.00159879
8032, 0.00159897
8033, 0.00159914
8034, 0.00159931
8035, 0.00159949
8036, 0.00159966
8037, 0.00159984
8038, 0.00160001
8039, 0.00160018
8040, 0.00160036
8041, 0.00160053
8042, 0.00160071
8043, 0.00160088
8044, 0.00160106
8045, 0.00160124
8046, 0.00160142
8047, 0.00160160
8048, 0.00160178
8049, 0.00160196
8050, 0.00160214
8051, 0.00160232
8052, 0.00160250
8053, 0.00160267
8054, 0.00160284
8055, 0.00160302
8056, 0.00160319
8057, 0.00160337
8058, 0.00160355
8059, 0.00160372
8060, 0.00160390
8061, 0.00160407
8062, 0.00160425
8063, 0.00160442
8064, 0.00160460
8065, 0.00160477
8066, 0.00160494
8067, 0.00160512
8068, 0.00160531
8069, 0.00160750
8070, 0.00160769
8071, 0.00160787
8072, 0.00160805
8073, 0.00160823
8074, 0.00160840
8075, 0.00160858
8076, 0.00160876
8077, 0.00160893
8078, 0.00160911
8079, 0.00160932
8080, 0.00160950
8081, 0.00160967
8082, 0.00160985
8083, 0.00161002
8084, 0.00161020
8085, 0.00161037
8086, 0.00161055
8087, 0.00161073
8088, 0.00161091
8089, 0.00161109
8090, 0.00161127
8091, 0.00161145
8092, 0.00161162
8093, 0.00161180
8094, 0.00161198
8095, 0.00161215
8096, 0.00161233
8097, 0.00161250
8098, 0.00161269
8099, 0.00161286
8100, 0.00161304
8101, 0.00161322
8102, 0.00161339
8103, 0.00161357
8104, 0.00161374
8105, 0.00161392
8106, 0.00161409
8107, 0.00161427
8108, 0.00161444
8109, 0.00161462
8110, 0.00161479
8111, 0.00161497
8112, 0.00161514
8113, 0.00161531
8114, 0.00161549
8115, 0.00161567
8116, 0.00161585
8117, 0.00161603
8118, 0.00161620
8119, 0.00161637
8120, 0.00161655
8121, 0.00161672
8122, 0.00161690
8123, 0.00161707
8124, 0.00161725
8125, 0.00161742
8126, 0.00161759
8127, 0.00161777
8128, 0.00161794
8129, 0.00161812
8130, 0.00161829
8131, 0.00161846
8132, 0.00161866
8133, 0.00161883
8134, 0.00161900
8135, 0.00161917
8136, 0.00161935
8137, 0.00161953
8138, 0.00161970
8139, 0.00161988
8140, 0.00162005
8141, 0.00162029
8142, 0.00162046
8143, 0.00162064
8144, 0.00162082
8145, 0.00162099
8146, 0.00162116
8147, 0.00162134
8148, 0.00162151
8149, 0.00162168
8150, 0.00162186
8151, 0.00162203
8152, 0.00162221
8153, 0.00162239
8154, 0.00162256
8155, 0.00162274
8156, 0.00162291
8157, 0.00162309
8158, 0.00162326
8159, 0.00162344
8160, 0.00162361
8161, 0.00162379
8162, 0.00162396
8163, 0.00162416
8164, 0.00162434
8165, 0.00162451
8166, 0.00162468
8167, 0.00162486
8168, 0.00162504
8169, 0.00162521
8170, 0.00162539
8171, 0.00162556
8172, 0.00162573
8173, 0.00162591
8174, 0.00162608
8175, 0.00162626
8176, 0.00162643
8177, 0.00162661
8178, 0.00162678
8179, 0.00162696
8180, 0.00162714
8181, 0.00162731
8182, 0.00162749
8183, 0.00162766
8184, 0.00162784
8185, 0.00162801
8186, 0.00162819
8187, 0.00162836
8188, 0.00162854
8189, 0.00162872
8190, 0.00162889
8191, 0.00162916
8192, 0.00162933
8193, 0.00162950
8194, 0.00162969
8195, 0.00163175
8196, 0.00163194
8197, 0.00163212
8198, 0.00163230
8199, 0.00163256
8200, 0.00163274
8201, 0.00163291
8202, 0.00163308
8203, 0.00163326
8204, 0.00163343
8205, 0.00163360
8206, 0.00163378
8207, 0.00163395
8208, 0.00163413
8209, 0.00163430
8210, 0.00163448
8211, 0.00163465
8212, 0.00163483
8213, 0.00163503
8214, 0.00163520
8215, 0.00163538
8216, 0.00163556
8217, 0.00163573
8218, 0.00163591
8219, 0.00163609
8220, 0.00163626
8221, 0.00163644
8222, 0.00163661
8223, 0.00163679
8224, 0.00163696
8225, 0.00163714
8226, 0.00163731
8227, 0.00163749
8228, 0.00163766
8229, 0.00163784
8230, 0.00163801
8231, 0.00163818
8232, 0.00163836
8233, 0.00163853
8234, 0.00163870
8235, 0.00163888
8236, 0.00163905
8237, 0.00163923
8238, 0.00163940
8239, 0.00163957
8240, 0.00163975
8241, 0.00163993
8242, 0.00164010
8243, 0.00164027
8244, 0.00164045
8245, 0.00164062
8246, 0.00164080
8247, 0.00164097
8248, 0.00164115
8249, 0.00164132
8250, 0.00164150
8251, 0.00164167
8252, 0.00164184
8253, 0.00164202
8254, 0.00164219
8255, 0.00164236
8256, 0.00164254
8257, 0.00164271
8258, 0.00164289
8259, 0.00164306
8260, 0.00164323
8261, 0.00164340
8262, 0.00164358
8263, 0.00164376
8264, 0.00164394
8265, 0.00164412
8266, 0.00164431
8267, 0.00164449
8268, 0.00164467
8269, 0.00164486
8270, 0.00164503
8271, 0.00164521
8272, 0.00164538
8273, 0.00164556
8274, 0.00164573
8275, 0.00164591
8276, 0.00164608
8277, 0.00164626
8278, 0.00164643
8279, 0.00164661
8280, 0.00164678
8281, 0.00164696
8282, 0.00164713
8283, 0.00164731
8284, 0.00164748
8285, 0.00164766
8286, 0.00164784
8287, 0.00164807
8288, 0.00164824
8289, 0.00164842
8290, 0.00164860
8291, 0.00164878
8292, 0.00164898
8293, 0.00164915
8294, 0.00164933
8295, 0.00164950
8296, 0.00164967
8297, 0.00164984
8298, 0.00165001
8299, 0.00165019
8300, 0.00165036
8301, 0.00165053
8302, 0.00165070
8303, 0.00165088
8304, 0.00165105
8305, 0.00165122
8306, 0.00165140
8307, 0.00165157
8308, 0.00165174
8309, 0.00165192
8310, 0.00165209
8311, 0.00165226
8312, 0.00165244
8313, 0.00165261
8314, 0.00165278
8315, 0.00165296
8316, 0.00165313
8317, 0.00165331
8318, 0.00165348
8319, 0.00165366
8320, 0.00165384
8321, 0.00165595
8322, 0.00165614
8323, 0.00165631
8324, 0.00165649
8325, 0.00165667
8326, 0.00165684
8327, 0.00165703
8328, 0.00165721
8329, 0.00165739
8330, 0.00165757
8331, 0.00165775
8332, 0.00165794
8333, 0.00165812
8334, 0.00165829
8335, 0.00165846
8336, 0.00165863
8337, 0.00165880
8338, 0.00165898
8339, 0.00165915
8340, 0.00165932
8341, 0.00165949
8342, 0.00165967
8343, 0.00165984
8344, 0.00166001
8345, 0.00166019
8346, 0.00166036
8347, 0.00166053
8348, 0.00166071
8349, 0.00166088
8350, 0.00166105
8351, 0.00166123
8352, 0.00166140
8353, 0.00166158
8354, 0.00166175
8355, 0.00166192
8356, 0.00166210
8357, 0.00166227
8358, 0.00166245
8359, 0.00166263
8360, 0.00166281
8361, 0.00166298
8362, 0.00166316
8363, 0.00166333
8364, 0.00166351
8365, 0.00166368
8366, 0.00166385
8367, 0.00166402
8368, 0.00166420
8369, 0.00166437
8370, 0.00166455
8371, 0.00166472
8372, 0.00166489
8373, 0.00166507
8374, 0.00166525
8375, 0.00166542
8376, 0.00166560
8377, 0.00166577
8378, 0.00166595
8379, 0.00166612
8380, 0.00166630
8381, 0.00166647
8382, 0.00166665
8383, 0.00166682
8384, 0.00166699
8385, 0.00166717
8386, 0.00166735
8387, 0.00166752
8388, 0.00166769
8389, 0.00166786
8390, 0.00166803
8391, 0.00166821
8392, 0.00166838
8393, 0.00166856
8394, 0.00166873
8395, 0.00166890
8396, 0.00166907
8397, 0.00166925
8398, 0.00166943
8399, 0.00166961
8400, 0.00166979
8401, 0.00166997
8402, 0.00167014
8403, 0.00167034
8404, 0.00167051
8405, 0.00167069
8406, 0.00167086
8407, 0.00167104
8408, 0.00167121
8409, 0.00167138
8410, 0.00167155
8411, 0.00167173
8412, 0.00167190
8413, 0.00167208
8414, 0.00167225
8415, 0.00167243
8416, 0.00167260
8417, 0.00167278
8418, 0.00167295
8419, 0.00167313
8420, 0.00167330
8421, 0.00167347
8422, 0.00167365
8423, 0.00167382
8424, 0.00167400
8425, 0.00167417
8426, 0.00167434
8427, 0.00167451
8428, 0.00167469
8429, 0.00167486
8430, 0.00167504
8431, 0.00167521
8432, 0.00167538
8433, 0.00167555
8434, 0.00167573
8435, 0.00167590
8436, 0.00167608
8437, 0.00167625
8438, 0.00167643
8439, 0.00167660
8440, 0.00167677
8441, 0.00167695
8442, 0.00167712
8443, 0.00167730
8444, 0.00167747
8445, 0.00167764
8446, 0.00167783
8447, 0.00167993
8448, 0.00168013
8449, 0.00168032
8450, 0.00168050
8451, 0.00168067
8452, 0.00168085
8453, 0.00168102
8454, 0.00168120
8455, 0.00168137
8456, 0.00168155
8457, 0.00168172
8458, 0.00168190
8459, 0.00168207
8460, 0.00168225
8461, 0.00168242
8462, 0.00168259
8463, 0.00168277
8464, 0.00168295
8465, 0.00168312
8466, 0.00168329
8467, 0.00168347
8468, 0.00168364
8469, 0.00168381
8470, 0.00168399
8471, 0.00168416
8472, 0.00168434
8473, 0.00168451
8474, 0.00168470
8475, 0.00168487
8476, 0.00168505
8477, 0.00168522
8478, 0.00168539
8479, 0.00168557
8480, 0.00168574
8481, 0.00168591
8482, 0.00168609
8483, 0.00168626
8484, 0.00168643
8485, 0.00168661
8486, 0.00168678
8487, 0.00168696
8488, 0.00168713
8489, 0.00168731
8490, 0.00168748
8491, 0.00168766
8492, 0.00168783
8493, 0.00168800
8494, 0.00168818
8495, 0.00168835
8496, 0.00168853
8497, 0.00168870
8498, 0.00168887
8499, 0.00168905
8500, 0.00168922
8501, 0.00168940
8502, 0.00168957
8503, 0.00168975
8504, 0.00168992
8505, 0.00169009
8506, 0.00169027
8507, 0.00169044
8508, 0.00169062
8509, 0.00169079
8510, 0.00169097
8511, 0.00169114
8512, 0.00169132
8513, 0.00169149
8514, 0.00169167
8515, 0.00169184
8516, 0.00169202
8517, 0.00169219
8518, 0.00169237
8519, 0.00169254
8520, 0.00169272
8521, 0.00169289
8522, 0.00169307
8523, 0.00169325
8524, 0.00169342
8525, 0.00169359
8526, 0.00169377
8527, 0.00169395
8528, 0.00169412
8529, 0.00169429
8530, 0.00169447
8531, 0.00169464
8532, 0.00169482
8533, 0.00169500
8534, 0.00169517
8535, 0.00169534
8536, 0.00169552
8537, 0.00169569
8538, 0.00169587
8539, 0.00169604
8540, 0.00169622
8541, 0.00169640
8542, 0.00169657
8543, 0.00169675
8544, 0.00169694
8545, 0.00169712
8546, 0.00169729
8547, 0.00169746
8548, 0.00169764
8549, 0.00169781
8550, 0.00169799
8551, 0.00169816
8552, 0.00169833
8553, 0.00169851
8554, 0.00169869
8555, 0.00169887
8556, 0.00169904
8557, 0.00169921
8558, 0.00169939
8559, 0.00169956
8560, 0.00169974
8561, 0.00169991
8562, 0.00170009
8563, 0.00170026
8564, 0.00170044
8565, 0.00170061
8566, 0.00170079
8567, 0.00170096
8568, 0.00170114
8569, 0.00170132
8570, 0.00170149
8571, 0.00170166
8572, 0.00170185
8573, 0.00170408
8574, 0.00170427
8575, 0.00170445
8576, 0.00170462
8577, 0.00170480
8578, 0.00170498
8579, 0.00170515
8580, 0.00170533
8581, 0.00170550
8582, 0.00170568
8583, 0.00170585
8584, 0.00170603
8585, 0.00170620
8586, 0.00170638
8587, 0.00170655
8588, 0.00170673
8589, 0.00170690
8590, 0.00170707
8591, 0.00170725
8592, 0.00170742
8593, 0.00170760
8594, 0.00170777
8595, 0.00170794
8596, 0.00170812
8597, 0.00170829
8598, 0.00170847
8599, 0.00170864
8600, 0.00170881
8601, 0.00170899
8602, 0.00170916
8603, 0.00170934
8604, 0.00170951
8605, 0.00170969
8606, 0.00170986
8607, 0.00171004
8608, 0.00171021
8609, 0.00171038
8610, 0.00171056
8611, 0.00171073
8612, 0.00171090
8613, 0.00171107
8614, 0.00171125
8615, 0.00171142
8616, 0.00171160
8617, 0.00171177
8618, 0.00171194
8619, 0.00171212
8620, 0.00171229
8621, 0.00171247
8622, 0.00171264
8623, 0.00171281
8624, 0.00171299
8625, 0.00171316
8626, 0.00171334
8627, 0.00171351
8628, 0.00171368
8629, 0.00171386
8630, 0.00171403
8631, 0.00171420
8632, 0.00171438
8633, 0.00171455
8634, 0.00171475
8635, 0.00171492
8636, 0.00171510
8637, 0.00171527
8638, 0.00171544
8639, 0.00171561
8640, 0.00171579
8641, 0.00171596
8642, 0.00171613
8643, 0.00171631
8644, 0.00171648
8645, 0.00171665
8646, 0.00171682
8647, 0.00171700
8648, 0.00171717
8649, 0.00171735
8650, 0.00171752
8651, 0.00171769
8652, 0.00171787
8653, 0.00171804
8654, 0.00171821
8655, 0.00171838
8656, 0.00171856
8657, 0.00171873
8658, 0.00171890
8659, 0.00171907
8660, 0.00171924
8661, 0.00171942
8662, 0.00171959
8663, 0.00171976
8664, 0.00171993
8665, 0.00172010
8666, 0.00172028
8667, 0.00172045
8668, 0.00172062
8669, 0.00172082
8670, 0.00172100
8671, 0.00172117
8672, 0.00172134
8673, 0.00172152
8674, 0.00172169
8675, 0.00172186
8676, 0.00172204
8677, 0.00172221
8678, 0.00172238
8679, 0.00172256
8680, 0.00172273
8681, 0.00172290
8682, 0.00172308
8683, 0.00172325
8684, 0.00172342
8685, 0.00172360
8686, 0.00172377
8687, 0.00172394
8688, 0.00172412
8689, 0.00172429
8690, 0.00172446
8691, 0.00172464
8692, 0.00172481
8693, 0.00172498
8694, 0.00172522
8695, 0.00172540
8696, 0.00172557
8697, 0.00172574
8698, 0.00172593
8699, 0.00172802
8700, 0.00172822
8701, 0.00172841
8702, 0.00172858
8703, 0.00172880
8704, 0.00172898
8705, 0.00172916
8706, 0.00172933
8707, 0.00172951
8708, 0.00172969
8709, 0.00172987
8710, 0.00173004
8711, 0.00173022
8712, 0.00173040
8713, 0.00173057
8714, 0.00173075
8715, 0.00173093
8716, 0.00173111
8717, 0.00173128
8718, 0.00173146
8719, 0.00173163
8720, 0.00173181
8721, 0.00173199
8722, 0.00173217
8723, 0.00173234
8724, 0.00173252
8725, 0.00173270
8726, 0.00173288
8727, 0.00173305
8728, 0.00173323
8729, 0.00173341
8730, 0.00173359
8731, 0.00173376
8732, 0.00173394
8733, 0.00173411
8734, 0.00173429
8735, 0.00173446
8736, 0.00173463
8737, 0.00173481
8738, 0.00173498
8739, 0.00173515
8740, 0.00173533
8741, 0.00173550
8742, 0.00173568
8743, 0.00173586
8744, 0.00173603
8745, 0.00173621
8746, 0.00173639
8747, 0.00173656
8748, 0.00173674
8749, 0.00173692
8750, 0.00173709
8751, 0.00173727
8752, 0.00173745
8753, 0.00173762
8754, 0.00173780
8755, 0.00173798
8756, 0.00173816
8757, 0.00173834
8758, 0.00173851
8759, 0.00173869
8760, 0.00173887
8761, 0.00173905
8762, 0.00173922
8763, 0.00173940
8764, 0.00173958
8765, 0.00173975
8766, 0.00173993
8767, 0.00174010
8768, 0.00174028
8769, 0.00174046
8770, 0.00174063
8771, 0.00174081
8772, 0.00174099
8773, 0.00174117
8774, 0.00174134
8775, 0.00174152
8776, 0.00174169
8777, 0.00174186
8778, 0.00174204
8779, 0.00174221
8780, 0.00174239
8781, 0.00174256
8782, 0.00174273
8783, 0.00174291
8784, 0.00174312
8785, 0.00174329
8786, 0.00174347
8787, 0.00174364
8788, 0.00174382
8789, 0.00174400
8790, 0.00174418
8791, 0.00174435
8792, 0.00174453
8793, 0.00174471
8794, 0.00174489
8795, 0.00174506
8796, 0.00174524
8797, 0.00174542
8798, 0.00174559
8799, 0.00174577
8800, 0.00174594
8801, 0.00174612
8802, 0.00174629
8803, 0.00174646
8804, 0.00174664
8805, 0.00174682
8806, 0.00174699
8807, 0.00174717
8808, 0.00174734
8809, 0.00174752
8810, 0.00174770
8811, 0.00174787
8812, 0.00174804
8813, 0.00174822
8814, 0.00174840
8815, 0.00174857
8816, 0.00174875
8817, 0.00174893
8818, 0.00174910
8819, 0.00174928
8820, 0.00174945
8821, 0.00174963
8822, 0.00174980
8823, 0.00174998
8824, 0.00175018
8825, 0.00175230
8826, 0.00175250
8827, 0.00175268
8828, 0.00175286
8829, 0.00175304
8830, 0.00175321
8831, 0.00175339
8832, 0.00175357
8833, 0.00175375
8834, 0.00175392
8835, 0.00175410
8836, 0.00175427
8837, 0.00175444
8838, 0.00175462
8839, 0.00175479
8840, 0.00175497
8841, 0.00175515
8842, 0.00175532
8843, 0.00175550
8844, 0.00175567
8845, 0.00175585
8846, 0.00175602
8847, 0.00175620
8848, 0.00175637
8849, 0.00175654
8850, 0.00175672
8851, 0.00175690
8852, 0.00175708
8853, 0.00175726
8854, 0.00175744
8855, 0.00175762
8856, 0.00175780
8857, 0.00175799
8858, 0.00175817
8859, 0.00175834
8860, 0.00175852
8861, 0.00175870
8862, 0.00175888
8863, 0.00175906
8864, 0.00175923
8865, 0.00175941
8866, 0.00175958
8867, 0.00175975
8868, 0.00175993
8869, 0.00176010
8870, 0.00176027
8871, 0.00176045
8872, 0.00176062
8873, 0.00176079
8874, 0.00176097
8875, 0.00176114
8876, 0.00176132
8877, 0.00176150
8878, 0.00176167
8879, 0.00176185
8880, 0.00176202
8881, 0.00176220
8882, 0.00176237
8883, 0.00176254
8884, 0.00176272
8885, 0.00176289
8886, 0.00176306
8887, 0.00176324
8888, 0.00176341
8889, 0.00176358
8890, 0.00176376
8891, 0.00176393
8892, 0.00176410
8893, 0.00176428
8894, 0.00176445
8895, 0.00176462
8896, 0.00176480
8897, 0.00176497
8898, 0.00176515
8899, 0.00176532
8900, 0.00176550
8901, 0.00176567
8902, 0.00176584
8903, 0.00176601
8904, 0.00176619
8905, 0.00176636
8906, 0.00176654
8907, 0.00176671
8908, 0.00176689
8909, 0.00176706
8910, 0.00176723
8911, 0.00176741
8912, 0.00176758
8913, 0.00176776
8914, 0.00176794
8915, 0.00176812
8916, 0.00176829
8917, 0.00176847
8918, 0.00176864
8919, 0.00176883
8920, 0.00176901
8921, 0.00176918
8922, 0.00176936
8923, 0.00176954
8924, 0.00176971
8925, 0.00176989
8926, 0.00177006
8927, 0.00177024
8928, 0.00177041
8929, 0.00177059
8930, 0.00177076
8931, 0.00177093
8932, 0.00177111
8933, 0.00177128
8934, 0.00177146
8935, 0.00177163
8936, 0.00177180
8937, 0.00177198
8938, 0.00177216
8939, 0.00177239
8940, 0.00177257
8941, 0.00177274
8942, 0.00177291
8943, 0.00177309
8944, 0.00177326
8945, 0.00177344
8946, 0.00177361
8947, 0.00177379
8948, 0.00177396
8949, 0.00177413
8950, 0.00177432
8951, 0.00177663
8952, 0.00177684
8953, 0.00177703
8954, 0.00177722
8955, 0.00177740
8956, 0.00177758
8957, 0.00177778
8958, 0.00177796
8959, 0.00177814
8960, 0.00177832
8961, 0.00177850
8962, 0.00177868
8963, 0.00177885
8964, 0.00177903
8965, 0.00177921
8966, 0.00177938
8967, 0.00177956
8968, 0.00177974
8969, 0.00177991
8970, 0.00178009
8971, 0.00178026
8972, 0.00178043
8973, 0.00178061
8974, 0.00178078
8975, 0.00178096
8976, 0.00178114
8977, 0.00178132
8978, 0.00178149
8979, 0.00178167
8980, 0.00178185
8981, 0.00178202
8982, 0.00178220
8983, 0.00178237
8984, 0.00178255
8985, 0.00178272
8986, 0.00178290
8987, 0.00178307
8988, 0.00178325
8989, 0.00178343
8990, 0.00178361
8991, 0.00178379
8992, 0.00178399
8993, 0.00178417
8994, 0.00178435
8995, 0.00178453
8996, 0.00178471
8997, 0.00178489
8998, 0.00178506
8999, 0.00178524
9000, 0.00178542
9001, 0.00178560
9002, 0.00178578
9003, 0.00178596
9004, 0.00178614
9005, 0.00178631
9006, 0.00178649
9007, 0.00178667
9008, 0.00178688
9009, 0.00178705
9010, 0.00178723
9011, 0.00178741
9012, 0.00178758
9013, 0.00178776
9014, 0.00178794
9015, 0.00178813
9016, 0.00178831
9017, 0.00178850
9018, 0.00178867
9019, 0.00178885
9020, 0.00178903
9021, 0.00178921
9022, 0.00178939
9023, 0.00178957
9024, 0.00178975
9025, 0.00178994
9026, 0.00179012
9027, 0.00179029
9028, 0.00179047
9029, 0.00179065
9030, 0.00179083
9031, 0.00179101
9032, 0.00179119
9033, 0.00179136
9034, 0.00179154
9035, 0.00179171
9036, 0.00179191
9037, 0.00179209
9038, 0.00179226
9039, 0.00179244
9040, 0.00179262
9041, 0.00179280
9042, 0.00179299
9043, 0.00179317
9044, 0.00179334
9045, 0.00179352
9046, 0.00179370
9047, 0.00179387
9048, 0.00179405
9049, 0.00179423
9050, 0.00179441
9051, 0.00179461
9052, 0.00179479
9053, 0.00179497
9054, 0.00179517
9055, 0.00179535
9056, 0.00179553
9057, 0.00179570
9058, 0.00179588
9059, 0.00179607
9060, 0.00179625
9061, 0.00179642
9062, 0.00179660
9063, 0.00179679
9064, 0.00179696
9065, 0.00179714
9066, 0.00179732
9067, 0.00179750
9068, 0.00179767
9069, 0.00179788
9070, 0.00179806
9071, 0.00179823
9072, 0.00179841
9073, 0.00179859
9074, 0.00179877
9075, 0.00179895
9076, 0.00179914
9077, 0.00180122
9078, 0.00180143
9079, 0.00180161
9080, 0.00180180
9081, 0.00180198
9082, 0.00180216
9083, 0.00180234
9084, 0.00180251
9085, 0.00180268
9086, 0.00180286
9087, 0.00180303
9088, 0.00180321
9089, 0.00180339
9090, 0.00180356
9091, 0.00180373
9092, 0.00180391
9093, 0.00180408
9094, 0.00180426
9095, 0.00180443
9096, 0.00180461
9097, 0.00180478
9098, 0.00180496
9099, 0.00180514
9100, 0.00180531
9101, 0.00180548
9102, 0.00180566
9103, 0.00180583
9104, 0.00180601
9105, 0.00180618
9106, 0.00180636
9107, 0.00180653
9108, 0.00180670
9109, 0.00180688
9110, 0.00180705
9111, 0.00180723
9112, 0.00180740
9113, 0.00180757
9114, 0.00180775
9115, 0.00180792
9116, 0.00180810
9117, 0.00180827
9118, 0.00180845
9119, 0.00180862
9120, 0.00180880
9121, 0.00180897
9122, 0.00180915
9123, 0.00180932
9124, 0.00180949
9125, 0.00180967
9126, 0.00180984
9127, 0.00181002
9128, 0.00181019
9129, 0.00181036
9130, 0.00181053
9131, 0.00181071
9132, 0.00181088
9133, 0.00181106
9134, 0.00181123
9135, 0.00181141
9136, 0.00181158
9137, 0.00181175
9138, 0.00181192
9139, 0.00181209
9140, 0.00181227
9141, 0.00181244
9142, 0.00181262
9143, 0.00181279
9144, 0.00181296
9145, 0.00181313
9146, 0.00181331
9147, 0.00181348
9148, 0.00181365
9149, 0.00181383
9150, 0.00181400
9151, 0.00181417
9152, 0.00181436
9153, 0.00181453
9154, 0.00181471
9155, 0.00181488
9156, 0.00181505
9157, 0.00181523
9158, 0.00181540
9159, 0.00181557
9160, 0.00181575
9161, 0.00181592
9162, 0.00181609
9163, 0.00181627
9164, 0.00181644
9165, 0.00181662
9166, 0.00181679
9167, 0.00181697
9168, 0.00181714
9169, 0.00181732
9170, 0.00181749
9171, 0.00181767
9172, 0.00181784
9173, 0.00181802
9174, 0.00181821
9175, 0.00181838
9176, 0.00181855
9177, 0.00181873
9178, 0.00181891
9179, 0.00181908
9180, 0.00181926
9181, 0.00181943
9182, 0.00181961
9183, 0.00181978
9184, 0.00181995
9185, 0.00182013
9186, 0.00182030
9187, 0.00182047
9188, 0.00182065
9189, 0.00182082
9190, 0.00182099
9191, 0.00182117
9192, 0.00182134
9193, 0.00182152
9194, 0.00182169
9195, 0.00182187
9196, 0.00182204
9197, 0.00182222
9198, 0.00182240
9199, 0.00182257
9200, 0.00182274
9201, 0.00182292
9202, 0.00182311
9203, 0.00182519
9204, 0.00182540
9205, 0.00182558
9206, 0.00182576
9207, 0.00182593
9208, 0.00182611
9209, 0.00182630
9210, 0.00182647
9211, 0.00182665
9212, 0.00182683
9213, 0.00182700
9214, 0.00182718
9215, 0.00182746
9216, 0.00182763
9217, 0.00182781
9218, 0.00182798
9219, 0.00182816
9220, 0.00182833
9221, 0.00182850
9222, 0.00182868
9223, 0.00182885
9224, 0.00182902
9225, 0.00182920
9226, 0.00182937
9227, 0.00182954
9228, 0.00182972
9229, 0.00182990
9230, 0.00183008
9231, 0.00183036
9232, 0.00183054
9233, 0.00183072
9234, 0.00183089
9235, 0.00183106
9236, 0.00183124
9237, 0.00183147
9238, 0.00183164
9239, 0.00183182
9240, 0.00183199
9241, 0.00183217
9242, 0.00183234
9243, 0.00183251
9244, 0.00183269
9245, 0.00183286
9246, 0.00183304
9247, 0.00183322
9248, 0.00183339
9249, 0.00183356
9250, 0.00183374
9251, 0.00183392
9252, 0.00183409
9253, 0.00183426
9254, 0.00183444
9255, 0.00183461
9256, 0.00183478
9257, 0.00183496
9258, 0.00183513
9259, 0.00183530
9260, 0.00183547
9261, 0.00183565
9262, 0.00183582
9263, 0.00183599
9264, 0.00183617
9265, 0.00183634
9266, 0.00183652
9267, 0.00183669
9268, 0.00183687
9269, 0.00183704
9270, 0.00183722
9271, 0.00183739
9272, 0.00183757
9273, 0.00183774
9274, 0.00183791
9275, 0.00183809
9276, 0.00183826
9277, 0.00183844
9278, 0.00183861
9279, 0.00183878
9280, 0.00183896
9281, 0.00183913
9282, 0.00183930
9283, 0.00183948
9284, 0.00183966
9285, 0.00183983
9286, 0.00184000
9287, 0.00184018
9288, 0.00184035
9289, 0.00184053
9290, 0.00184070
9291, 0.00184088
9292, 0.00184105
9293, 0.00184123
9294, 0.00184141
9295, 0.00184158
9296, 0.00184175
9297, 0.00184193
9298, 0.00184210
9299, 0.00184228
9300, 0.00184245
9301, 0.00184263
9302, 0.00184280
9303, 0.00184298
9304, 0.00184315
9305, 0.00184333
9306, 0.00184350
9307, 0.00184368
9308, 0.00184385
9309, 0.00184403
9310, 0.00184420
9311, 0.00184438
9312, 0.00184455
9313, 0.00184472
9314, 0.00184490
9315, 0.00184508
9316, 0.00184525
9317, 0.00184543
9318, 0.00184561
9319, 0.00184578
9320, 0.00184596
9321, 0.00184613
9322, 0.00184631
9323, 0.00184648
9324, 0.00184666
9325, 0.00184683
9326, 0.00184700
9327, 0.00184717
9328, 0.00184736
9329, 0.00184944
9330, 0.00184965
9331, 0.00184983
9332, 0.00185001
9333, 0.00185018
9334, 0.00185035
9335, 0.00185052
9336, 0.00185069
9337, 0.00185086
9338, 0.00185104
9339, 0.00185121
9340, 0.00185138
9341, 0.00185155
9342, 0.00185172
9343, 0.00185189
9344, 0.00185207
9345, 0.00185224
9346, 0.00185242
9347, 0.00185260
9348, 0.00185278
9349, 0.00185296
9350, 0.00185314
9351, 0.00185331
9352, 0.00185349
9353, 0.00185368
9354, 0.00185386
9355, 0.00185403
9356, 0.00185421
9357, 0.00185438
9358, 0.00185455
9359, 0.00185473
9360, 0.00185490
9361, 0.00185507
9362, 0.00185525
9363, 0.00185542
9364, 0.00185559
9365, 0.00185577
9366, 0.00185594
9367, 0.00185612
9368, 0.00185631
9369, 0.00185648
9370, 0.00185666
9371, 0.00185683
9372, 0.00185701
9373, 0.00185718
9374, 0.00185735
9375, 0.00185752
9376, 0.00185770
9377, 0.00185787
9378, 0.00185805
9379, 0.00185822
9380, 0.00185839
9381, 0.00185857
9382, 0.00185874
9383, 0.00185891
9384, 0.00185908
9385, 0.00185925
9386, 0.00185943
9387, 0.00185960
9388, 0.00185977
9389, 0.00185995
9390, 0.00186012
9391, 0.00186029
9392, 0.00186046
9393, 0.00186064
9394, 0.00186081
9395, 0.00186098
9396, 0.00186115
9397, 0.00186132
9398, 0.00186149
9399, 0.00186166
9400, 0.00186184
9401, 0.00186205
9402, 0.00186225
9403, 0.00186242
9404, 0.00186259
9405, 0.00186277
9406, 0.00186294
9407, 0.00186312
9408, 0.00186329
9409, 0.00186347
9410, 0.00186365
9411, 0.00186382
9412, 0.00186399
9413, 0.00186417
9414, 0.00186434
9415, 0.00186452
9416, 0.00186469
9417, 0.00186487
9418, 0.00186505
9419, 0.00186523
9420, 0.00186543
9421, 0.00186561
9422, 0.00186578
9423, 0.00186596
9424, 0.00186613
9425, 0.00186631
9426, 0.00186651
9427, 0.00186668
9428, 0.00186685
9429, 0.00186703
9430, 0.00186720
9431, 0.00186737
9432, 0.00186755
9433, 0.00186773
9434, 0.00186791
9435, 0.00186809
9436, 0.00186827
9437, 0.00186845
9438, 0.00186862
9439, 0.00186881
9440, 0.00186899
9441, 0.00186916
9442, 0.00186933
9443, 0.00186950
9444, 0.00186967
9445, 0.00186984
9446, 0.00187002
9447, 0.00187019
9448, 0.00187037
9449, 0.00187054
9450, 0.00187072
9451, 0.00187089
9452, 0.00187107
9453, 0.00187124
9454, 0.00187142
9455, 0.00187348
9456, 0.00187368
9457, 0.00187386
9458, 0.00187403
9459, 0.00187421
9460, 0.00187439
9461, 0.00187456
9462, 0.00187474
9463, 0.00187492
9464, 0.00187509
9465, 0.00187527
9466, 0.00187545
9467, 0.00187562
9468, 0.00187580
9469, 0.00187597
9470, 0.00187615
9471, 0.00187632
9472, 0.00187651
9473, 0.00187668
9474, 0.00187686
9475, 0.00187703
9476, 0.00187721
9477, 0.00187738
9478, 0.00187755
9479, 0.00187773
9480, 0.00187790
9481, 0.00187808
9482, 0.00187825
9483, 0.00187843
9484, 0.00187861
9485, 0.00187878
9486, 0.00187896
9487, 0.00187913
9488, 0.00187930
9489, 0.00187948
9490, 0.00187966
9491, 0.00187983
9492, 0.00188001
9493, 0.00188018
9494, 0.00188036
9495, 0.00188053
9496, 0.00188071
9497, 0.00188088
9498, 0.00188106
9499, 0.00188123
9500, 0.00188141
9501, 0.00188158
9502, 0.00188175
9503, 0.00188193
9504, 0.00188211
9505, 0.00188228
9506, 0.00188245
9507, 0.00188262
9508, 0.00188280
9509, 0.00188297
9510, 0.00188314
9511, 0.00188332
9512, 0.00188349
9513, 0.00188366
9514, 0.00188383
9515, 0.00188401
9516, 0.00188418
9517, 0.00188435
9518, 0.00188453
9519, 0.00188470
9520, 0.00188487
9521, 0.00188504
9522, 0.00188522
9523, 0.00188539
9524, 0.00188556
9525, 0.00188573
9526, 0.00188591
9527, 0.00188608
9528, 0.00188625
9529, 0.00188643
9530, 0.00188660
9531, 0.00188677
9532, 0.00188694
9533, 0.00188712
9534, 0.00188729
9535, 0.00188747
9536, 0.00188764
9537, 0.00188781
9538, 0.00188799
9539, 0.00188816
9540, 0.00188834
9541, 0.00188851
9542, 0.00188868
9543, 0.00188885
9544, 0.00188903
9545, 0.00188920
9546, 0.00188944
9547, 0.00188966
9548, 0.00188983
9549, 0.00189000
9550, 0.00189018
9551, 0.00189035
9552, 0.00189053
9553, 0.00189070
9554, 0.00189088
9555, 0.00189106
9556, 0.00189123
9557, 0.00189140
9558, 0.00189158
9559, 0.00189175
9560, 0.00189193
9561, 0.00189210
9562, 0.00189228
9563, 0.00189248
9564, 0.00189265
9565, 0.00189283
9566, 0.00189300
9567, 0.00189317
9568, 0.00189335
9569, 0.00189352
9570, 0.00189369
9571, 0.00189387
9572, 0.00189404
9573, 0.00189422
9574, 0.00189439
9575, 0.00189457
9576, 0.00189474
9577, 0.00189492
9578, 0.00189509
9579, 0.00189527
9580, 0.00189545
9581, 0.00189753
9582, 0.00189773
9583, 0.00189791
9584, 0.00189809
9585, 0.00189833
9586, 0.00189851
9587, 0.00189869
9588, 0.00189886
9589, 0.00189904
9590, 0.00189921
9591, 0.00189938
9592, 0.00189955
9593, 0.00189973
9594, 0.00189990
9595, 0.00190008
9596, 0.00190025
9597, 0.00190042
9598, 0.00190060
9599, 0.00190078
9600, 0.00190095
9601, 0.00190112
9602, 0.00190130
9603, 0.00190147
9604, 0.00190164
9605, 0.00190181
9606, 0.00190199
9607, 0.00190216
9608, 0.00190234
9609, 0.00190251
9610, 0.00190268
9611, 0.00190286
9612, 0.00190303
9613, 0.00190321
9614, 0.00190338
9615, 0.00190356
9616, 0.00190373
9617, 0.00190390
9618, 0.00190408
9619, 0.00190425
9620, 0.00190442
9621, 0.00190460
9622, 0.00190477
9623, 0.00190498
9624, 0.00190515
9625, 0.00190533
9626, 0.00190550
9627, 0.00190568
9628, 0.00190585
9629, 0.00190603
9630, 0.00190620
9631, 0.00190638
9632, 0.00190655
9633, 0.00190673
9634, 0.00190690
9635, 0.00190708
9636, 0.00190726
9637, 0.00190746
9638, 0.00190763
9639, 0.00190781
9640, 0.00190798
9641, 0.00190816
9642, 0.00190833
9643, 0.00190851
9644, 0.00190868
9645, 0.00190885
9646, 0.00190903
9647, 0.00190921
9648, 0.00190938
9649, 0.00190962
9650, 0.00190979
9651, 0.00190997
9652, 0.00191014
9653, 0.00191032
9654, 0.00191049
9655, 0.00191067
9656, 0.00191084
9657, 0.00191102
9658, 0.00191119
9659, 0.00191136
9660, 0.00191154
9661, 0.00191172
9662, 0.00191189
9663, 0.00191207
9664, 0.00191224
9665, 0.00191242
9666, 0.00191259
9667, 0.00191277
9668, 0.00191295
9669, 0.00191312
9670, 0.00191330
9671, 0.00191348
9672, 0.00191365
9673, 0.00191383
9674, 0.00191401
9675, 0.00191418
9676, 0.00191436
9677, 0.00191454
9678, 0.00191472
9679, 0.00191489
9680, 0.00191506
9681, 0.00191524
9682, 0.00191541
9683, 0.00191559
9684, 0.00191577
9685, 0.00191594
9686, 0.00191612
9687, 0.00191630
9688, 0.00191647
9689, 0.00191665
9690, 0.00191682
9691, 0.00191700
9692, 0.00191717
9693, 0.00191735
9694, 0.00191752
9695, 0.00191770
9696, 0.00191787
9697, 0.00191805
9698, 0.00191822
9699, 0.00191840
9700, 0.00191857
9701, 0.00191874
9702, 0.00191892
9703, 0.00191909
9704, 0.00191927
9705, 0.00191944
9706, 0.00191963
9707, 0.00192181
9708, 0.00192200
9709, 0.00192217
9710, 0.00192236
9711, 0.00192254
9712, 0.00192271
9713, 0.00192288
9714, 0.00192306
9715, 0.00192323
9716, 0.00192340
9717, 0.00192357
9718, 0.00192374
9719, 0.00192392
9720, 0.00192411
9721, 0.00192428
9722, 0.00192446
9723, 0.00192464
9724, 0.00192482
9725, 0.00192499
9726, 0.00192517
9727, 0.00192543
9728, 0.00192561
9729, 0.00192578
9730, 0.00192596
9731, 0.00192613
9732, 0.00192631
9733, 0.00192648
9734, 0.00192666
9735, 0.00192683
9736, 0.00192706
9737, 0.00192724
9738, 0.00192741
9739, 0.00192759
9740, 0.00192776
9741, 0.00192794
9742, 0.00192811
9743, 0.00192828
9744, 0.00192846
9745, 0.00192863
9746, 0.00192880
9747, 0.00192898
9748, 0.00192915
9749, 0.00192933
9750, 0.00192950
9751, 0.00192968
9752, 0.00192985
9753, 0.00193002
9754, 0.00193020
9755, 0.00193037
9756, 0.00193054
9757, 0.00193072
9758, 0.00193090
9759, 0.00193107
9760, 0.00193124
9761, 0.00193142
9762, 0.00193159
9763, 0.00193177
9764, 0.00193194
9765, 0.00193211
9766, 0.00193229
9767, 0.00193246
9768, 0.00193264
9769, 0.00193281
9770, 0.00193299
9771, 0.00193316
9772, 0.00193334
9773, 0.00193351
9774, 0.00193369
9775, 0.00193387
9776, 0.00193404
9777, 0.00193422
9778, 0.00193440
9779, 0.00193457
9780, 0.00193475
9781, 0.00193492
9782, 0.00193510
9783, 0.00193527
9784, 0.00193545
9785, 0.00193562
9786, 0.00193580
9787, 0.00193597
9788, 0.00193616
9789, 0.00193633
9790, 0.00193651
9791, 0.00193668
9792, 0.00193686
9793, 0.00193703
9794, 0.00193721
9795, 0.00193739
9796, 0.00193756
9797, 0.00193774
9798, 0.00193791
9799, 0.00193808
9800, 0.00193825
9801, 0.00193843
9802, 0.00193860
9803, 0.00193878
9804, 0.00193897
9805, 0.00193914
9806, 0.00193931
9807, 0.00193949
9808, 0.00193966
9809, 0.00193983
9810, 0.00194001
9811, 0.00194019
9812, 0.00194037
9813, 0.00194055
9814, 0.00194073
9815, 0.00194090
9816, 0.00194108
9817, 0.00194126
9818, 0.00194144
9819, 0.00194162
9820, 0.00194180
9821, 0.00194198
9822, 0.00194216
9823, 0.00194233
9824, 0.00194251
9825, 0.00194269
9826, 0.00194286
9827, 0.00194303
9828, 0.00194320
9829, 0.00194338
9830, 0.00194355
9831, 0.00194373
9832, 0.00194391
9833, 0.00194609
9834, 0.00194628
9835, 0.00194646
9836, 0.00194663
9837, 0.00194680
9838, 0.00194698
9839, 0.00194715
9840, 0.00194732
9841, 0.00194750
9842, 0.00194767
9843, 0.00194785
9844, 0.00194802
9845, 0.00194819
9846, 0.00194836
9847, 0.00194854
9848, 0.00194871
9849, 0.00194888
9850, 0.00194906
9851, 0.00194923
9852, 0.00194940
9853, 0.00194957
9854, 0.00194975
9855, 0.00194992
9856, 0.00195009
9857, 0.00195027
9858, 0.00195044
9859, 0.00195061
9860, 0.00195079
9861, 0.00195096
9862, 0.00195113
9863, 0.00195130
9864, 0.00195148
9865, 0.00195165
9866, 0.00195182
9867, 0.00195200
9868, 0.00195217
9869, 0.00195234
9870, 0.00195251
9871, 0.00195269
9872, 0.00195286
9873, 0.00195304
9874, 0.00195321
9875, 0.00195339
9876, 0.00195356
9877, 0.00195373
9878, 0.00195391
9879, 0.00195408
9880, 0.00195425
9881, 0.00195443
9882, 0.00195460
9883, 0.00195477
9884, 0.00195495
9885, 0.00195512
9886, 0.00195529
9887, 0.00195547
9888, 0.00195564
9889, 0.00195581
9890, 0.00195598
9891, 0.00195616
9892, 0.00195633
9893, 0.00195650
9894, 0.00195668
9895, 0.00195685
9896, 0.00195702
9897, 0.00195720
9898, 0.00195737
9899, 0.00195754
9900, 0.00195772
9901, 0.00195789
9902, 0.00195806
9903, 0.00195824
9904, 0.00195841
9905, 0.00195858
9906, 0.00195875
9907, 0.00195893
9908, 0.00195910
9909, 0.00195928
9910, 0.00195945
9911, 0.00195962
9912, 0.00195980
9913, 0.00195997
9914, 0.00196014
9915, 0.00196032
9916, 0.00196049
9917, 0.00196066
9918, 0.00196084
9919, 0.00196101
9920, 0.00196118
9921, 0.00196135
9922, 0.00196152
9923, 0.00196170
9924, 0.00196188
9925, 0.00196210
9926, 0.00196227
9927, 0.00196245
9928, 0.00196262
9929, 0.00196279
9930, 0.00196297
9931, 0.00196314
9932, 0.00196332
9933, 0.00196349
9934, 0.00196366
9935, 0.00196383
9936, 0.00196401
9937, 0.00196418
9938, 0.00196436
9939, 0.00196453
9940, 0.00196471
9941, 0.00196488
9942, 0.00196505
9943, 0.00196523
9944, 0.00196540
9945, 0.00196557
9946, 0.00196575
9947, 0.00196592
9948, 0.00196609
9949, 0.00196626
9950, 0.00196644
9951, 0.00196661
9952, 0.00196678
9953, 0.00196696
9954, 0.00196713
9955, 0.00196731
9956, 0.00196748
9957, 0.00196765
9958, 0.00196784
9959, 0.00196996
9960, 0.00197017
9961, 0.00197036
9962, 0.00197055
9963, 0.00197073
9964, 0.00197091
9965, 0.00197109
9966, 0.00197127
9967, 0.00197144
9968, 0.00197162
9969, 0.00197179
9970, 0.00197197
9971, 0.00197215
9972, 0.00197232
9973, 0.00197249
9974, 0.00197267
9975, 0.00197284
9976, 0.00197302
9977, 0.00197319
9978, 0.00197337
9979, 0.00197354
9980, 0.00197372
9981, 0.00197389
9982, 0.00197406
9983, 0.00197423
9984, 0.00197441
9985, 0.00197458
9986, 0.00197475
9987, 0.00197493
9988, 0.00197511
9989, 0.00197528
9990, 0.00197546
9991, 0.00197563
9992, 0.00197581
9993, 0.00197598
9994, 0.00197615
9995, 0.00197632
9996, 0.00197649
9997, 0.00197667
9998, 0.00197684
9999, 0.00197701
10000, 0.00197719
10001, 0.00197736
10002, 0.00197756
10003, 0.00197773
10004, 0.00197795
10005, 0.00197813
10006, 0.00197830
10007, 0.00197847
10008, 0.00197865
10009, 0.00197882
10010, 0.00197900
10011, 0.00197917
10012, 0.00197934
10013, 0.00197951
10014, 0.00197969
10015, 0.00197986
10016, 0.00198003
10017, 0.00198021
10018, 0.00198038
10019, 0.00198056
10020, 0.00198073
10021, 0.00198090
10022, 0.00198107
10023, 0.00198124
10024, 0.00198142
10025, 0.00198159
10026, 0.00198176
10027, 0.00198194
10028, 0.00198211
10029, 0.00198229
10030, 0.00198246
10031, 0.00198263
10032, 0.00198281
10033, 0.00198298
10034, 0.00198314
10035, 0.00198332
10036, 0.00198349
10037, 0.00198366
10038, 0.00198384
10039, 0.00198401
10040, 0.00198419
10041, 0.00198436
10042, 0.00198453
10043, 0.00198471
10044, 0.00198488
10045, 0.00198506
10046, 0.00198523
10047, 0.00198540
10048, 0.00198557
10049, 0.00198574
10050, 0.00198592
10051, 0.00198614
10052, 0.00198631
10053, 0.00198649
10054, 0.00198666
10055, 0.00198683
10056, 0.00198701
10057, 0.00198718
10058, 0.00198736
10059, 0.00198753
10060, 0.00198770
10061, 0.00198788
10062, 0.00198805
10063, 0.00198822
10064, 0.00198840
10065, 0.00198857
10066, 0.00198874
10067, 0.00198892
10068, 0.00198909
10069, 0.00198927
10070, 0.00198950
10071, 0.00198967
10072, 0.00198985
10073, 0.00199002
10074, 0.00199019
10075, 0.00199037
10076, 0.00199054
10077, 0.00199071
10078, 0.00199088
10079, 0.00199106
10080, 0.00199123
10081, 0.00199141
10082, 0.00199158
10083, 0.00199176
10084, 0.00199195
10085, 0.00199405
10086, 0.00199425
10087, 0.00199444
10088, 0.00199461
10089, 0.00199480
10090, 0.00199497
10091, 0.00199515
10092, 0.00199532
10093, 0.00199549
10094, 0.00199567
10095, 0.00199585
10096, 0.00199603
10097, 0.00199620
10098, 0.00199638
10099, 0.00199655
10100, 0.00199673
10101, 0.00199690
10102, 0.00199707
10103, 0.00199725
10104, 0.00199742
10105, 0.00199759
10106, 0.00199777
10107, 0.00199794
10108, 0.00199811
10109, 0.00199829
10110, 0.00199846
10111, 0.00199863
10112, 0.00199881
10113, 0.00199898
10114, 0.00199915
10115, 0.00199932
10116, 0.00199950
10117, 0.00199967
10118, 0.00199984
10119, 0.00200001
10120, 0.00200018
10121, 0.00200036
10122, 0.00200053
10123, 0.00200071
10124, 0.00200089
10125, 0.00200107
10126, 0.00200125
10127, 0.00200142
10128, 0.00200160
10129, 0.00200177
10130, 0.00200194
10131, 0.00200212
10132, 0.00200229
10133, 0.00200246
10134, 0.00200264
10135, 0.00200281
10136, 0.00200298
10137, 0.00200316
10138, 0.00200333
10139, 0.00200350
10140, 0.00200368
10141, 0.00200385
10142, 0.00200402
10143, 0.00200419
10144, 0.00200436
10145, 0.00200453
10146, 0.00200471
10147, 0.00200488
10148, 0.00200505
10149, 0.00200522
10150, 0.00200539
10151, 0.00200556
10152, 0.00200573
10153, 0.00200591
10154, 0.00200608
10155, 0.00200626
10156, 0.00200643
10157, 0.00200660
10158, 0.00200677
10159, 0.00200695
10160, 0.00200712
10161, 0.00200729
10162, 0.00200747
10163, 0.00200764
10164, 0.00200781
10165, 0.00200798
10166, 0.00200816
10167, 0.00200833
10168, 0.00200850
10169, 0.00200868
10170, 0.00200885
10171, 0.00200903
10172, 0.00200921
10173, 0.00200939
10174, 0.00200957
10175, 0.00200975
10176, 0.00200992
10177, 0.00201010
10178, 0.00201027
10179, 0.00201044
10180, 0.00201064
10181, 0.00201081
10182, 0.00201098
10183, 0.00201116
10184, 0.00201133
10185, 0.00201151
10186, 0.00201169
10187, 0.00201187
10188, 0.00201204
10189, 0.00201221
10190, 0.00201239
10191, 0.00201256
10192, 0.00201274
10193, 0.00201291
10194, 0.00201308
10195, 0.00201326
10196, 0.00201343
10197, 0.00201360
10198, 0.00201378
10199, 0.00201395
10200, 0.00201413
10201, 0.00201430
10202, 0.00201447
10203, 0.00201465
10204, 0.00201482
10205, 0.00201499
10206, 0.00201517
10207, 0.00201534
10208, 0.00201552
10209, 0.00201569
10210, 0.00201588
10211, 0.00201797
10212, 0.00201817
10213, 0.00201835
10214, 0.00201852
10215, 0.00201870
10216, 0.00201887
10217, 0.00201904
10218, 0.00201921
10219, 0.00201939
10220, 0.00201956
10221, 0.00201974
10222, 0.00201991
10223, 0.00202009
10224, 0.00202026
10225, 0.00202043
10226, 0.00202060
10227, 0.00202078
10228, 0.00202096
10229, 0.00202114
10230, 0.00202132
10231, 0.00202150
10232, 0.00202168
10233, 0.00202186
10234, 0.00202204
10235, 0.00202221
10236, 0.00202238
10237, 0.00202255
10238, 0.00202273
10239, 0.00202299
10240, 0.00202317
10241, 0.00202335
10242, 0.00202353
10243, 0.00202371
10244, 0.00202389
10245, 0.00202408
10246, 0.00202426
10247, 0.00202444
10248, 0.00202464
10249, 0.00202482
10250, 0.00202499
10251, 0.00202517
10252, 0.00202535
10253, 0.00202553
10254, 0.00202571
10255, 0.00202589
10256, 0.00202606
10257, 0.00202624
10258, 0.00202642
10259, 0.00202660
10260, 0.00202678
10261, 0.00202698
10262, 0.00202716
10263, 0.00202734
10264, 0.00202752
10265, 0.00202770
10266, 0.00202788
10267, 0.00202805
10268, 0.00202823
10269, 0.00202841
10270, 0.00202859
10271, 0.00202877
10272, 0.00202895
10273, 0.00202912
10274, 0.00202930
10275, 0.00202948
10276, 0.00202968
10277, 0.00202985
10278, 0.00203003
10279, 0.00203021
10280, 0.00203039
10281, 0.00203057
10282, 0.00203075
10283, 0.00203093
10284, 0.00203111
10285, 0.00203129
10286, 0.00203147
10287, 0.00203165
10288, 0.00203182
10289, 0.00203200
10290, 0.00203221
10291, 0.00203238
10292, 0.00203256
10293, 0.00203274
10294, 0.00203292
10295, 0.00203310
10296, 0.00203328
10297, 0.00203359
10298, 0.00203377
10299, 0.00203395
10300, 0.00203413
10301, 0.00203431
10302, 0.00203449
10303, 0.00203467
10304, 0.00203485
10305, 0.00203503
10306, 0.00203521
10307, 0.00203539
10308, 0.00203557
10309, 0.00203581
10310, 0.00203599
10311, 0.00203617
10312, 0.00203635
10313, 0.00203653
10314, 0.00203671
10315, 0.00203688
10316, 0.00203706
10317, 0.00203724
10318, 0.00203742
10319, 0.00203760
10320, 0.00203778
10321, 0.00203796
10322, 0.00203814
10323, 0.00203832
10324, 0.00203850
10325, 0.00203868
10326, 0.00203886
10327, 0.00203907
10328, 0.00203925
10329, 0.00203942
10330, 0.00203961
10331, 0.00203979
10332, 0.00203997
10333, 0.00204016
10334, 0.00204034
10335, 0.00204053
10336, 0.00204072
10337, 0.00204519
10338, 0.00204540
10339, 0.00204559
10340, 0.00204579
10341, 0.00204597
10342, 0.00204615
10343, 0.00204634
10344, 0.00204652
10345, 0.00204670
10346, 0.00204688
10347, 0.00204706
10348, 0.00204724
10349, 0.00204742
10350, 0.00204760
10351, 0.00204781
10352, 0.00204798
10353, 0.00204816
10354, 0.00204834
10355, 0.00204852
10356, 0.00204869
10357, 0.00204887
10358, 0.00204905
10359, 0.00204924
10360, 0.00204942
10361, 0.00204960
10362, 0.00204978
10363, 0.00204995
10364, 0.00205013
10365, 0.00205030
10366, 0.00205048
10367, 0.00205065
10368, 0.00205083
10369, 0.00205101
10370, 0.00205119
10371, 0.00205136
10372, 0.00205154
10373, 0.00205172
10374, 0.00205190
10375, 0.00205208
10376, 0.00205228
10377, 0.00205246
10378, 0.00205263
10379, 0.00205281
10380, 0.00205301
10381, 0.00205318
10382, 0.00205336
10383, 0.00205354
10384, 0.00205372
10385, 0.00205390
10386, 0.00205408
10387, 0.00205425
10388, 0.00205444
10389, 0.00205461
10390, 0.00205479
10391, 0.00205497
10392, 0.00205515
10393, 0.00205533
10394, 0.00205550
10395, 0.00205568
10396, 0.00205586
10397, 0.00205603
10398, 0.00205621
10399, 0.00205638
10400, 0.00205659
10401, 0.00205677
10402, 0.00205695
10403, 0.00205713
10404, 0.00205731
10405, 0.00205748
10406, 0.00205766
10407, 0.00205784
10408, 0.00205801
10409, 0.00205819
10410, 0.00205837
10411, 0.00205855
10412, 0.00205874
10413, 0.00205892
10414, 0.00205911
10415, 0.00205929
10416, 0.00205947
10417, 0.00205967
10418, 0.00205985
10419, 0.00206003
10420, 0.00206020
10421, 0.00206038
10422, 0.00206055
10423, 0.00206072
10424, 0.00206090
10425, 0.00206107
10426, 0.00206126
10427, 0.00206143
10428, 0.00206161
10429, 0.00206179
10430, 0.00206197
10431, 0.00206218
10432, 0.00206235
10433, 0.00206253
10434, 0.00206271
10435, 0.00206289
10436, 0.00206307
10437, 0.00206325
10438, 0.00206343
10439, 0.00206361
10440, 0.00206379
10441, 0.00206396
10442, 0.00206414
10443, 0.00206432
10444, 0.00206449
10445, 0.00206467
10446, 0.00206485
10447, 0.00206503
10448, 0.00206521
10449, 0.00206542
10450, 0.00206559
10451, 0.00206577
10452, 0.00206595
10453, 0.00206613
10454, 0.00206631
10455, 0.00206649
10456, 0.00206666
10457, 0.00206684
10458, 0.00206702
10459, 0.00206719
10460, 0.00206737
10461, 0.00206755
10462, 0.00206773
10463, 0.00206984
10464, 0.00207004
10465, 0.00207022
10466, 0.00207040
10467, 0.00207058
10468, 0.00207076
10469, 0.00207094
10470, 0.00207112
10471, 0.00207130
10472, 0.00207148
10473, 0.00207165
10474, 0.00207183
10475, 0.00207201
10476, 0.00207219
10477, 0.00207237
10478, 0.00207258
10479, 0.00207275
10480, 0.00207293
10481, 0.00207310
10482, 0.00207330
10483, 0.00207348
10484, 0.00207366
10485, 0.00207384
10486, 0.00207401
10487, 0.00207419
10488, 0.00207437
10489, 0.00207455
10490, 0.00207473
10491, 0.00207491
10492, 0.00207509
10493, 0.00207528
10494, 0.00207545
10495, 0.00207563
10496, 0.00207581
10497, 0.00207599
10498, 0.00207616
10499, 0.00207635
10500, 0.00207655
10501, 0.00207673
10502, 0.00207691
10503, 0.00207709
10504, 0.00207726
10505, 0.00207744
10506, 0.00207762
10507, 0.00207780
10508, 0.00207798
10509, 0.00207818
10510, 0.00207835
10511, 0.00207854
10512, 0.00207872
10513, 0.00207891
10514, 0.00207909
10515, 0.00207926
10516, 0.00207944
10517, 0.00207962
10518, 0.00207980
10519, 0.00207998
10520, 0.00208016
10521, 0.00208033
10522, 0.00208051
10523, 0.00208069
10524, 0.00208087
10525, 0.00208105
10526, 0.00208122
10527, 0.00208140
10528, 0.00208158
10529, 0.00208176
10530, 0.00208197
10531, 0.00208214
10532, 0.00208232
10533, 0.00208250
10534, 0.00208268
10535, 0.00208286
10536, 0.00208304
10537, 0.00208321
10538, 0.00208339
10539, 0.00208357
10540, 0.00208375
10541, 0.00208393
10542, 0.00208411
10543, 0.00208429
10544, 0.00208446
10545, 0.00208464
10546, 0.00208482
10547, 0.00208502
10548, 0.00208520
10549, 0.00208538
10550, 0.00208558
10551, 0.00208576
10552, 0.00208594
10553, 0.00208611
10554, 0.00208629
10555, 0.00208647
10556, 0.00208665
10557, 0.00208683
10558, 0.00208709
10559, 0.00208726
10560, 0.00208744
10561, 0.00208762
10562, 0.00208780
10563, 0.00208798
10564, 0.00208816
10565, 0.00208834
10566, 0.00208852
10567, 0.00208870
10568, 0.00208888
10569, 0.00208906
10570, 0.00208924
10571, 0.00208942
10572, 0.00208962
10573, 0.00208980
10574, 0.00208998
10575, 0.00209016
10576, 0.00209034
10577, 0.00209052
10578, 0.00209069
10579, 0.00209087
10580, 0.00209105
10581, 0.00209123
10582, 0.00209140
10583, 0.00209164
10584, 0.00209182
10585, 0.00209200
10586, 0.00209218
10587, 0.00209236
10588, 0.00209255
10589, 0.00209466
10590, 0.00209487
10591, 0.00209505
10592, 0.00209523
10593, 0.00209542
10594, 0.00209559
10595, 0.00209577
10596, 0.00209595
10597, 0.00209613
10598, 0.00209630
10599, 0.00209648
10600, 0.00209666
10601, 0.00209684
10602, 0.00209704
10603, 0.00209721
10604, 0.00209739
10605, 0.00209757
10606, 0.00209775
10607, 0.00209793
10608, 0.00209811
10609, 0.00209828
10610, 0.00209846
10611, 0.00209864
10612, 0.00209881
10613, 0.00209899
10614, 0.00209917
10615, 0.00209935
10616, 0.00209955
10617, 0.00209973
10618, 0.00209991
10619, 0.00210009
10620, 0.00210027
10621, 0.00210045
10622, 0.00210062
10623, 0.00210080
10624, 0.00210098
10625, 0.00210115
10626, 0.00210133
10627, 0.00210151
10628, 0.00210169
10629, 0.00210187
10630, 0.00210205
10631, 0.00210223
10632, 0.00210243
10633, 0.00210261
10634, 0.00210281
10635, 0.00210301
10636, 0.00210319
10637, 0.00210339
10638, 0.00210360
10639, 0.00210378
10640, 0.00210396
10641, 0.00210414
10642, 0.00210431
10643, 0.00210449
10644, 0.00210467
10645, 0.00210486
10646, 0.00210503
10647, 0.00210521
10648, 0.00210539
10649, 0.00210557
10650, 0.00210574
10651, 0.00210592
10652, 0.00210610
10653, 0.00210631
10654, 0.00210649
10655, 0.00210667
10656, 0.00210686
10657, 0.00210704
10658, 0.00210722
10659, 0.00210740
10660, 0.00210758
10661, 0.00210776
10662, 0.00210793
10663, 0.00210811
10664, 0.00210829
10665, 0.00210847
10666, 0.00210865
10667, 0.00210885
10668, 0.00210903
10669, 0.00210921
10670, 0.00210938
10671, 0.00210956
10672, 0.00210974
10673, 0.00210992
10674, 0.00211010
10675, 0.00211027
10676, 0.00211045
10677, 0.00211063
10678, 0.00211081
10679, 0.00211100
10680, 0.00211117
10681, 0.00211135
10682, 0.00211153
10683, 0.00211171
10684, 0.00211191
10685, 0.00211209
10686, 0.00211227
10687, 0.00211245
10688, 0.00211263
10689, 0.00211280
10690, 0.00211298
10691, 0.00211316
10692, 0.00211334
10693, 0.00211352
10694, 0.00211370
10695, 0.00211388
10696, 0.00211405
10697, 0.00211423
10698, 0.00211441
10699, 0.00211459
10700, 0.00211477
10701, 0.00211495
10702, 0.00211513
10703, 0.00211532
10704, 0.00211550
10705, 0.00211570
10706, 0.00211588
10707, 0.00211606
10708, 0.00211624
10709, 0.00211641
10710, 0.00211659
10711, 0.00211677
10712, 0.00211695
10713, 0.00211713
10714, 0.00211734
10715, 0.00211964
10716, 0.00211985
10717, 0.00212004
10718, 0.00212023
10719, 0.00212042
10720, 0.00212060
10721, 0.00212078
10722, 0.00212096
10723, 0.00212114
10724, 0.00212132
10725, 0.00212150
10726, 0.00212169
10727, 0.00212187
10728, 0.00212205
10729, 0.00212223
10730, 0.00212242
10731, 0.00212260
10732, 0.00212278
10733, 0.00212296
10734, 0.00212317
10735, 0.00212335
10736, 0.00212353
10737, 0.00212370
10738, 0.00212389
10739, 0.00212407
10740, 0.00212425
10741, 0.00212444
10742, 0.00212462
10743, 0.00212480
10744, 0.00212498
10745, 0.00212516
10746, 0.00212534
10747, 0.00212554
10748, 0.00212571
10749, 0.00212590
10750, 0.00212609
10751, 0.00212630
10752, 0.00212648
10753, 0.00212665
10754, 0.00212683
10755, 0.00212701
10756, 0.00212719
10757, 0.00212736
10758, 0.00212754
10759, 0.00212778
10760, 0.00212796
10761, 0.00212813
10762, 0.00212831
10763, 0.00212849
10764, 0.00212866
10765, 0.00212884
10766, 0.00212902
10767, 0.00212919
10768, 0.00212937
10769, 0.00212955
10770, 0.00212972
10771, 0.00212990
10772, 0.00213008
10773, 0.00213025
10774, 0.00213043
10775, 0.00213061
10776, 0.00213078
10777, 0.00213096
10778, 0.00213114
10779, 0.00213131
10780, 0.00213149
10781, 0.00213167
10782, 0.00213185
10783, 0.00213202
10784, 0.00213220
10785, 0.00213237
10786, 0.00213255
10787, 0.00213272
10788, 0.00213290
10789, 0.00213307
10790, 0.00213325
10791, 0.00213343
10792, 0.00213361
10793, 0.00213378
10794, 0.00213395
10795, 0.00213413
10796, 0.00213430
10797, 0.00213448
10798, 0.00213466
10799, 0.00213483
10800, 0.00213501
10801, 0.00213518
10802, 0.00213536
10803, 0.00213554
10804, 0.00213571
10805, 0.00213589
10806, 0.00213607
10807, 0.00213625
10808, 0.00213642
10809, 0.00213660
10810, 0.00213677
10811, 0.00213695
10812, 0.00213713
10813, 0.00213730
10814, 0.00213748
10815, 0.00213766
10816, 0.00213783
10817, 0.00213801
10818, 0.00213819
10819, 0.00213836
10820, 0.00213854
10821, 0.00213872
10822, 0.00213889
10823, 0.00213907
10824, 0.00213924
10825, 0.00213942
10826, 0.00213959
10827, 0.00213977
10828, 0.00213995
10829, 0.00214012
10830, 0.00214030
10831, 0.00214048
10832, 0.00214065
10833, 0.00214083
10834, 0.00214100
10835, 0.00214118
10836, 0.00214135
10837, 0.00214153
10838, 0.00214170
10839, 0.00214188
10840, 0.00214207
10841, 0.00214420
10842, 0.00214440
10843, 0.00214460
10844, 0.00214478
10845, 0.00214495
10846, 0.00214512
10847, 0.00214529
10848, 0.00214547
10849, 0.00214564
10850, 0.00214581
10851, 0.00214598
10852, 0.00214615
10853, 0.00214633
10854, 0.00214650
10855, 0.00214667
10856, 0.00214685
10857, 0.00214702
10858, 0.00214719
10859, 0.00214737
10860, 0.00214754
10861, 0.00214771
10862, 0.00214788
10863, 0.00214806
10864, 0.00214824
10865, 0.00214841
10866, 0.00214859
10867, 0.00214876
10868, 0.00214893
10869, 0.00214911
10870, 0.00214928
10871, 0.00214945
10872, 0.00214963
10873, 0.00214980
10874, 0.00214997
10875, 0.00215014
10876, 0.00215032
10877, 0.00215049
10878, 0.00215066
10879, 0.00215084
10880, 0.00215101
10881, 0.00215118
10882, 0.00215138
10883, 0.00215156
10884, 0.00215173
10885, 0.00215191
10886, 0.00215208
10887, 0.00215226
10888, 0.00215243
10889, 0.00215260
10890, 0.00215278
10891, 0.00215295
10892, 0.00215313
10893, 0.00215329
10894, 0.00215347
10895, 0.00215365
10896, 0.00215382
10897, 0.00215399
10898, 0.00215416
10899, 0.00215434
10900, 0.00215451
10901, 0.00215468
10902, 0.00215486
10903, 0.00215503
10904, 0.00215520
10905, 0.00215538
10906, 0.00215555
10907, 0.00215573
10908, 0.00215590
10909, 0.00215607
10910, 0.00215625
10911, 0.00215642
10912, 0.00215659
10913, 0.00215677
10914, 0.00215694
10915, 0.00215712
10916, 0.00215729
10917, 0.00215746
10918, 0.00215764
10919, 0.00215781
10920, 0.00215798
10921, 0.00215816
10922, 0.00215833
10923, 0.00215850
10924, 0.00215867
10925, 0.00215885
10926, 0.00215902
10927, 0.00215920
10928, 0.00215937
10929, 0.00215955
10930, 0.00215973
10931, 0.00215991
10932, 0.00216008
10933, 0.00216026
10934, 0.00216043
10935, 0.00216060
10936, 0.00216078
10937, 0.00216095
10938, 0.00216113
10939, 0.00216130
10940, 0.00216148
10941, 0.00216165
10942, 0.00216183
10943, 0.00216200
10944, 0.00216217
10945, 0.00216235
10946, 0.00216252
10947, 0.00216270
10948, 0.00216287
10949, 0.00216305
10950, 0.00216322
10951, 0.00216340
10952, 0.00216358
10953, 0.00216375
10954, 0.00216393
10955, 0.00216410
10956, 0.00216428
10957, 0.00216445
10958, 0.00216463
10959, 0.00216481
10960, 0.00216498
10961, 0.00216516
10962, 0.00216533
10963, 0.00216551
10964, 0.00216575
10965, 0.00216592
10966, 0.00216611
10967, 0.00216821
10968, 0.00216841
10969, 0.00216860
10970, 0.00216878
10971, 0.00216896
10972, 0.00216915
10973, 0.00216933
10974, 0.00216953
10975, 0.00216971
10976, 0.00216989
10977, 0.00217007
10978, 0.00217025
10979, 0.00217042
10980, 0.00217060
10981, 0.00217077
10982, 0.00217095
10983, 0.00217113
10984, 0.00217130
10985, 0.00217148
10986, 0.00217166
10987, 0.00217183
10988, 0.00217201
10989, 0.00217222
10990, 0.00217240
10991, 0.00217258
10992, 0.00217278
10993, 0.00217295
10994, 0.00217313
10995, 0.00217331
10996, 0.00217349
10997, 0.00217367
10998, 0.00217385
10999, 0.00217403
11000, 0.00217421
11001, 0.00217439
11002, 0.00217457
11003, 0.00217475
11004, 0.00217492
11005, 0.00217511
11006, 0.00217528
11007, 0.00217546
11008, 0.00217567
11009, 0.00217585
11010, 0.00217603
11011, 0.00217621
11012, 0.00217639
11013, 0.00217657
11014, 0.00217675
11015, 0.00217692
11016, 0.00217710
11017, 0.00217728
11018, 0.00217746
11019, 0.00217764
11020, 0.00217782
11021, 0.00217799
11022, 0.00217818
11023, 0.00217836
11024, 0.00217854
11025, 0.00217874
11026, 0.00217894
11027, 0.00217912
11028, 0.00217930
11029, 0.00217948
11030, 0.00217968
11031, 0.00217985
11032, 0.00218003
11033, 0.00218021
11034, 0.00218039
11035, 0.00218057
11036, 0.00218075
11037, 0.00218100
11038, 0.00218118
11039, 0.00218136
11040, 0.00218154
11041, 0.00218172
11042, 0.00218190
11043, 0.00218208
11044, 0.00218225
11045, 0.00218243
11046, 0.00218261
11047, 0.00218279
11048, 0.00218297
11049, 0.00218315
11050, 0.00218335
11051, 0.00218353
11052, 0.00218370
11053, 0.00218388
11054, 0.00218406
11055, 0.00218424
11056, 0.00218441
11057, 0.00218459
11058, 0.00218476
11059, 0.00218498
11060, 0.00218516
11061, 0.00218533
11062, 0.00218551
11063, 0.00218571
11064, 0.00218588
11065, 0.00218606
11066, 0.00218624
11067, 0.00218642
11068, 0.00218660
11069, 0.00218678
11070, 0.00218698
11071, 0.00218716
11072, 0.00218733
11073, 0.00218751
11074, 0.00218768
11075, 0.00218786
11076, 0.00218804
11077, 0.00218822
11078, 0.00218840
11079, 0.00218858
11080, 0.00218876
11081, 0.00218894
11082, 0.00218912
11083, 0.00218929
11084, 0.00218947
11085, 0.00218964
11086, 0.00218982
11087, 0.00219000
11088, 0.00219017
11089, 0.00219038
11090, 0.00219055
11091, 0.00219073
11092, 0.00219092
11093, 0.00219298
11094, 0.00219319
11095, 0.00219337
11096, 0.00219355
11097, 0.00219372
11098, 0.00219390
11099, 0.00219408
11100, 0.00219432
11101, 0.00219450
11102, 0.00219468
11103, 0.00219485
11104, 0.00219503
11105, 0.00219520
11106, 0.00219538
11107, 0.00219555
11108, 0.00219573
11109, 0.00219591
11110, 0.00219608
11111, 0.00219625
11112, 0.00219643
11113, 0.00219661
11114, 0.00219678
11115, 0.00219696
11116, 0.00219713
11117, 0.00219731
11118, 0.00219752
11119, 0.00219769
11120, 0.00219788
11121, 0.00219807
11122, 0.00219824
11123, 0.00219842
11124, 0.00219859
11125, 0.00219877
11126, 0.00219895
11127, 0.00219913
11128, 0.00219930
11129, 0.00219948
11130, 0.00219966
11131, 0.00219983
11132, 0.00220001
11133, 0.00220018
11134, 0.00220036
11135, 0.00220055
11136, 0.00220073
11137, 0.00220090
11138, 0.00220108
11139, 0.00220125
11140, 0.00220143
11141, 0.00220161
11142, 0.00220178
11143, 0.00220196
11144, 0.00220213
11145, 0.00220231
11146, 0.00220248
11147, 0.00220266
11148, 0.00220283
11149, 0.00220301
11150, 0.00220318
11151, 0.00220338
11152, 0.00220356
11153, 0.00220373
11154, 0.00220391
11155, 0.00220410
11156, 0.00220428
11157, 0.00220445
11158, 0.00220462
11159, 0.00220480
11160, 0.00220497
11161, 0.00220515
11162, 0.00220532
11163, 0.00220550
11164, 0.00220567
11165, 0.00220585
11166, 0.00220603
11167, 0.00220620
11168, 0.00220638
11169, 0.00220655
11170, 0.00220673
11171, 0.00220690
11172, 0.00220711
11173, 0.00220728
11174, 0.00220746
11175, 0.00220764
11176, 0.00220781
11177, 0.00220799
11178, 0.00220816
11179, 0.00220834
11180, 0.00220851
11181, 0.00220869
11182, 0.00220886
11183, 0.00220905
11184, 0.00220922
11185, 0.00220940
11186, 0.00220958
11187, 0.00220975
11188, 0.00220995
11189, 0.00221013
11190, 0.00221030
11191, 0.00221048
11192, 0.00221066
11193, 0.00221083
11194, 0.00221103
11195, 0.00221120
11196, 0.00221138
11197, 0.00221155
11198, 0.00221173
11199, 0.00221191
11200, 0.00221208
11201, 0.00221233
11202, 0.00221251
11203, 0.00221269
11204, 0.00221286
11205, 0.00221304
11206, 0.00221322
11207, 0.00221339
11208, 0.00221356
11209, 0.00221374
11210, 0.00221392
11211, 0.00221409
11212, 0.00221427
11213, 0.00221445
11214, 0.00221463
11215, 0.00221480
11216, 0.00221498
11217, 0.00221515
11218, 0.00221534
11219, 0.00221743
11220, 0.00221763
11221, 0.00221781
11222, 0.00221798
11223, 0.00221816
11224, 0.00221833
11225, 0.00221851
11226, 0.00221869
11227, 0.00221886
11228, 0.00221903
11229, 0.00221921
11230, 0.00221940
11231, 0.00221957
11232, 0.00221975
11233, 0.00221992
11234, 0.00222009
11235, 0.00222027
11236, 0.00222044
11237, 0.00222061
11238, 0.00222078
11239, 0.00222095
11240, 0.00222113
11241, 0.00222130
11242, 0.00222148
11243, 0.00222165
11244, 0.00222183
11245, 0.00222200
11246, 0.00222217
11247, 0.00222235
11248, 0.00222252
11249, 0.00222270
11250, 0.00222287
11251, 0.00222304
11252, 0.00222322
11253, 0.00222339
11254, 0.00222356
11255, 0.00222374
11256, 0.00222391
11257, 0.00222408
11258, 0.00222440
11259, 0.00222465
11260, 0.00222490
11261, 0.00226696
11262, 0.00226728
11263, 0.00226767
11264, 0.00226792
11265, 0.00226817
11266, 0.00226842
11267, 0.00226874
11268, 0.00226901
11269, 0.00226924
11270, 0.00226949
11271, 0.00226985
11272, 0.00227009
11273, 0.00227035
11274, 0.00227066
11275, 0.00227089
11276, 0.00227114
11277, 0.00227136
11278, 0.00227158
11279, 0.00227192
11280, 0.00227216
11281, 0.00227240
11282, 0.00227265
11283, 0.00227289
11284, 0.00227312
11285, 0.00227342
11286, 0.00227369
11287, 0.00227405
11288, 0.00227429
11289, 0.00227454
11290, 0.00227477
11291, 0.00227499
11292, 0.00227524
11293, 0.00227546
11294, 0.00227568
11295, 0.00227601
11296, 0.00227625
11297, 0.00227650
11298, 0.00227672
11299, 0.00227696
11300, 0.00227718
11301, 0.00227745
11302, 0.00227770
11303, 0.00227806
11304, 0.00227836
11305, 0.00227864
11306, 0.00227893
11307, 0.00227914
11308, 0.00227938
11309, 0.00227961
11310, 0.00227988
11311, 0.00228020
11312, 0.00228047
11313, 0.00228071
11314, 0.00228098
11315, 0.00228125
11316, 0.00228150
11317, 0.00228181
11318, 0.00228205
11319, 0.00228231
11320, 0.00228257
11321, 0.00228280
11322, 0.00228303
11323, 0.00228332
11324, 0.00228368
11325, 0.00228391
11326, 0.00228418
11327, 0.00228454
11328, 0.00228477
11329, 0.00228501
11330, 0.00228524
11331, 0.00228548
11332, 0.00228600
11333, 0.00228879
11334, 0.00228921
11335, 0.00228956
11336, 0.00228996
11337, 0.00229028
11338, 0.00229061
11339, 0.00229097
11340, 0.00229128
11341, 0.00229158
11342, 0.00229191
11343, 0.00229229
11344, 0.00229262
11345, 0.00230335
11346, 0.00230371
11347, 0.00230390
11348, 0.00230409
11349, 0.00230427
11350, 0.00230445
11351, 0.00230470
11352, 0.00230487
11353, 0.00230504
11354, 0.00230522
11355, 0.00230540
11356, 0.00230557
11357, 0.00230575
11358, 0.00230592
11359, 0.00230618
11360, 0.00230635
11361, 0.00230657
11362, 0.00230675
11363, 0.00230692
11364, 0.00230710
11365, 0.00230727
11366, 0.00230745
11367, 0.00230770
11368, 0.00230787
11369, 0.00230805
11370, 0.00230822
11371, 0.00230840
11372, 0.00230857
11373, 0.00230874
11374, 0.00230892
11375, 0.00230916
11376, 0.00230934
11377, 0.00230951
11378, 0.00230968
11379, 0.00230986
11380, 0.00231003
11381, 0.00231021
11382, 0.00231038
11383, 0.00231063
11384, 0.00231081
11385, 0.00231099
11386, 0.00231117
11387, 0.00231135
11388, 0.00231153
11389, 0.00231173
11390, 0.00231190
11391, 0.00231215
11392, 0.00231232
11393, 0.00231250
11394, 0.00231268
11395, 0.00231286
11396, 0.00231304
11397, 0.00231322
11398, 0.00231340
11399, 0.00231365
11400, 0.00231382
11401, 0.00231399
11402, 0.00231416
11403, 0.00231434
11404, 0.00231451
11405, 0.00231469
11406, 0.00231486
11407, 0.00231510
11408, 0.00231528
11409, 0.00231545
11410, 0.00231562
11411, 0.00231580
11412, 0.00231597
11413, 0.00231614
11414, 0.00231631
11415, 0.00231651
11416, 0.00231668
11417, 0.00231687
11418, 0.00231705
11419, 0.00231722
11420, 0.00231740
11421, 0.00231757
11422, 0.00231774
11423, 0.00231791
11424, 0.00231809
11425, 0.00231826
11426, 0.00231843
11427, 0.00231861
11428, 0.00231878
11429, 0.00231895
11430, 0.00231913
11431, 0.00231930
11432, 0.00231948
11433, 0.00231965
11434, 0.00231983
11435, 0.00232000
11436, 0.00232018
11437, 0.00232035
11438, 0.00232052
11439, 0.00232070
11440, 0.00232087
11441, 0.00232104
11442, 0.00232124
11443, 0.00232141
11444, 0.00232159
11445, 0.00232176
11446, 0.00232194
11447, 0.00232211
11448, 0.00232229
11449, 0.00232246
11450, 0.00232263
11451, 0.00232281
11452, 0.00232298
11453, 0.00232315
11454, 0.00232332
11455, 0.00232351
11456, 0.00232369
11457, 0.00232387
11458, 0.00232411
11459, 0.00232428
11460, 0.00232445
11461, 0.00232463
11462, 0.00232480
11463, 0.00232497
11464, 0.00232515
11465, 0.00232532
11466, 0.00232549
11467, 0.00232566
11468, 0.00232584
11469, 0.00232602
11470, 0.00232620
11471, 0.00232841
11472, 0.00232862
11473, 0.00232879
11474, 0.00232897
11475, 0.00232913
11476, 0.00232931
11477, 0.00232948
11478, 0.00232965
11479, 0.00232982
11480, 0.00233000
11481, 0.00233018
11482, 0.00233036
11483, 0.00233053
11484, 0.00233071
11485, 0.00233089
11486, 0.00233107
11487, 0.00233124
11488, 0.00233142
11489, 0.00233159
11490, 0.00233176
11491, 0.00233194
11492, 0.00233211
11493, 0.00233229
11494, 0.00233246
11495, 0.00233264
11496, 0.00233281
11497, 0.00233298
11498, 0.00233315
11499, 0.00233333
11500, 0.00233360
11501, 0.00233379
11502, 0.00233398
11503, 0.00233415
11504, 0.00233433
11505, 0.00233450
11506, 0.00233468
11507, 0.00233485
11508, 0.00233502
11509, 0.00233520
11510, 0.00233537
11511, 0.00233554
11512, 0.00233572
11513, 0.00233589
11514, 0.00233607
11515, 0.00233624
11516, 0.00233641
11517, 0.00233659
11518, 0.00233676
11519, 0.00233694
11520, 0.00233711
11521, 0.00233728
11522, 0.00233746
11523, 0.00233764
11524, 0.00233782
11525, 0.00233801
11526, 0.00233819
11527, 0.00233837
11528, 0.00233854
11529, 0.00233872
11530, 0.00233889
11531, 0.00233906
11532, 0.00233924
11533, 0.00233941
11534, 0.00233959
11535, 0.00233976
11536, 0.00233993
11537, 0.00234011
11538, 0.00234029
11539, 0.00234046
11540, 0.00234063
11541, 0.00234080
11542, 0.00234098
11543, 0.00234115
11544, 0.00234132
11545, 0.00234150
11546, 0.00234167
11547, 0.00234185
11548, 0.00234202
11549, 0.00234220
11550, 0.00234238
11551, 0.00234255
11552, 0.00234273
11553, 0.00234290
11554, 0.00234310
11555, 0.00234328
11556, 0.00234345
11557, 0.00234363
11558, 0.00234380
11559, 0.00234398
11560, 0.00234415
11561, 0.00234433
11562, 0.00234450
11563, 0.00234467
11564, 0.00234485
11565, 0.00234502
11566, 0.00234519
11567, 0.00234537
11568, 0.00234554
11569, 0.00234571
11570, 0.00234589
11571, 0.00234606
11572, 0.00234623
11573, 0.00234641
11574, 0.00234658
11575, 0.00234676
11576, 0.00234693
11577, 0.00234711
11578, 0.00234728
11579, 0.00234745
11580, 0.00234762
11581, 0.00234780
11582, 0.00234797
11583, 0.00234815
11584, 0.00234832
11585, 0.00234850
11586, 0.00234867
11587, 0.00234885
11588, 0.00234902
11589, 0.00234919
11590, 0.00234937
11591, 0.00234954
11592, 0.00234972
11593, 0.00234991
11594, 0.00235009
11595, 0.00235026
11596, 0.00235045
11597, 0.00235262
11598, 0.00235282
11599, 0.00235299
11600, 0.00235316
11601, 0.00235334
11602, 0.00235351
11603, 0.00235369
11604, 0.00235386
11605, 0.00235404
11606, 0.00235422
11607, 0.00235439
11608, 0.00235456
11609, 0.00235474
11610, 0.00235492
11611, 0.00235510
11612, 0.00235527
11613, 0.00235545
11614, 0.00235562
11615, 0.00235580
11616, 0.00235597
11617, 0.00235614
11618, 0.00235633
11619, 0.00235651
11620, 0.00235668
11621, 0.00235686
11622, 0.00235703
11623, 0.00235721
11624, 0.00235739
11625, 0.00235757
11626, 0.00235775
11627, 0.00235792
11628, 0.00235810
11629, 0.00235827
11630, 0.00235845
11631, 0.00235863
11632, 0.00235880
11633, 0.00235898
11634, 0.00235915
11635, 0.00235932
11636, 0.00235950
11637, 0.00235967
11638, 0.00235985
11639, 0.00236002
11640, 0.00236019
11641, 0.00236037
11642, 0.00236054
11643, 0.00236072
11644, 0.00236089
11645, 0.00236107
11646, 0.00236124
11647, 0.00236142
11648, 0.00236160
11649, 0.00236177
11650, 0.00236195
11651, 0.00236212
11652, 0.00236229
11653, 0.00236247
11654, 0.00236264
11655, 0.00236282
11656, 0.00236299
11657, 0.00236317
11658, 0.00236334
11659, 0.00236351
11660, 0.00236369
11661, 0.00236386
11662, 0.00236404
11663, 0.00236421
11664, 0.00236439
11665, 0.00236456
11666, 0.00236474
11667, 0.00236491
11668, 0.00236509
11669, 0.00236527
11670, 0.00236544
11671, 0.00236562
11672, 0.00236579
11673, 0.00236597
11674, 0.00236614
11675, 0.00236632
11676, 0.00236650
11677, 0.00236667
11678, 0.00236684
11679, 0.00236702
11680, 0.00236719
11681, 0.00236737
11682, 0.00236754
11683, 0.00236771
11684, 0.00236789
11685, 0.00236806
11686, 0.00236823
11687, 0.00236841
11688, 0.00236858
11689, 0.00236876
11690, 0.00236893
11691, 0.00236911
11692, 0.00236928
11693, 0.00236946
11694, 0.00236965
11695, 0.00236982
11696, 0.00237000
11697, 0.00237017
11698, 0.00237034
11699, 0.00237052
11700, 0.00237069
11701, 0.00237087
11702, 0.00237104
11703, 0.00237121
11704, 0.00237139
11705, 0.00237156
11706, 0.00237173
11707, 0.00237191
11708, 0.00237208
11709, 0.00237225
11710, 0.00237243
11711, 0.00237260
11712, 0.00237278
11713, 0.00237295
11714, 0.00237313
11715, 0.00237330
11716, 0.00237348
11717, 0.00237365
11718, 0.00237382
11719, 0.00237399
11720, 0.00237417
11721, 0.00237434
11722, 0.00237452
11723, 0.00237677
11724, 0.00237697
11725, 0.00237714
11726, 0.00237731
11727, 0.00237749
11728, 0.00237767
11729, 0.00237784
11730, 0.00237801
11731, 0.00237819
11732, 0.00237836
11733, 0.00237854
11734, 0.00237871
11735, 0.00237888
11736, 0.00237906
11737, 0.00237923
11738, 0.00237940
11739, 0.00237958
11740, 0.00237976
11741, 0.00237993
11742, 0.00238010
11743, 0.00238028
11744, 0.00238045
11745, 0.00238063
11746, 0.00238081
11747, 0.00238098
11748, 0.00238115
11749, 0.00238139
11750, 0.00238156
11751, 0.00238173
11752, 0.00238191
11753, 0.00238208
11754, 0.00238226
11755, 0.00238243
11756, 0.00238260
11757, 0.00238278
11758, 0.00238295
11759, 0.00238312
11760, 0.00238330
11761, 0.00238347
11762, 0.00238365
11763, 0.00238382
11764, 0.00238399
11765, 0.00238416
11766, 0.00238434
11767, 0.00238451
11768, 0.00238468
11769, 0.00238486
11770, 0.00238503
11771, 0.00238521
11772, 0.00238538
11773, 0.00238555
11774, 0.00238572
11775, 0.00238600
11776, 0.00238617
11777, 0.00238634
11778, 0.00238651
11779, 0.00238668
11780, 0.00238686
11781, 0.00238703
11782, 0.00238721
11783, 0.00238744
11784, 0.00238762
11785, 0.00238779
11786, 0.00238796
11787, 0.00238814
11788, 0.00238831
11789, 0.00238849
11790, 0.00238866
11791, 0.00238891
11792, 0.00238908
11793, 0.00238925
11794, 0.00238943
11795, 0.00238960
11796, 0.00238977
11797, 0.00238995
11798, 0.00239012
11799, 0.00239036
11800, 0.00239053
11801, 0.00239071
11802, 0.00239088
11803, 0.00239105
11804, 0.00239122
11805, 0.00239139
11806, 0.00239157
11807, 0.00239174
11808, 0.00239192
11809, 0.00239209
11810, 0.00239226
11811, 0.00239244
11812, 0.00239261
11813, 0.00239278
11814, 0.00239296
11815, 0.00239321
11816, 0.00239338
11817, 0.00239355
11818, 0.00239373
11819, 0.00239390
11820, 0.00239407
11821, 0.00239425
11822, 0.00239442
11823, 0.00239468
11824, 0.00239485
11825, 0.00239502
11826, 0.00239522
11827, 0.00239539
11828, 0.00239557
11829, 0.00239574
11830, 0.00239591
11831, 0.00239608
11832, 0.00239626
11833, 0.00239643
11834, 0.00239660
11835, 0.00239678
11836, 0.00239695
11837, 0.00239712
11838, 0.00239730
11839, 0.00239755
11840, 0.00239772
11841, 0.00239790
11842, 0.00239807
11843, 0.00239825
11844, 0.00239842
11845, 0.00239859
11846, 0.00239876
11847, 0.00239901
11848, 0.00239920
11849, 0.00240141
11850, 0.00240161
11851, 0.00240179
11852, 0.00240197
11853, 0.00240214
11854, 0.00240232
11855, 0.00240249
11856, 0.00240267
11857, 0.00240285
11858, 0.00240303
11859, 0.00240321
11860, 0.00240339
11861, 0.00240356
11862, 0.00240374
11863, 0.00240391
11864, 0.00240408
11865, 0.00240426
11866, 0.00240443
11867, 0.00240461
11868, 0.00240478
11869, 0.00240496
11870, 0.00240513
11871, 0.00240530
11872, 0.00240548
11873, 0.00240565
11874, 0.00240583
11875, 0.00240600
11876, 0.00240617
11877, 0.00240635
11878, 0.00240652
11879, 0.00240670
11880, 0.00240687
11881, 0.00240704
11882, 0.00240722
11883, 0.00240739
11884, 0.00240757
11885, 0.00240774
11886, 0.00240792
11887, 0.00240810
11888, 0.00240827
11889, 0.00240845
11890, 0.00240862
11891, 0.00240879
11892, 0.00240897
11893, 0.00240914
11894, 0.00240932
11895, 0.00240949
11896, 0.00240966
11897, 0.00240983
11898, 0.00241001
11899, 0.00241018
11900, 0.00241036
11901, 0.00241053
11902, 0.00241071
11903, 0.00241088
11904, 0.00241106
11905, 0.00241125
11906, 0.00241143
11907, 0.00241160
11908, 0.00241177
11909, 0.00241195
11910, 0.00241212
11911, 0.00241230
11912, 0.00241247
11913, 0.00241265
11914, 0.00241282
11915, 0.00241299
11916, 0.00241317
11917, 0.00241334
11918, 0.00241351
11919, 0.00241369
11920, 0.00241387
11921, 0.00241405
11922, 0.00241423
11923, 0.00241441
11924, 0.00241459
11925, 0.00241477
11926, 0.00241495
11927, 0.00241513
11928, 0.00241530
11929, 0.00241548
11930, 0.00241565
11931, 0.00241582
11932, 0.00241599
11933, 0.00241617
11934, 0.00241634
11935, 0.00241651
11936, 0.00241669
11937, 0.00241686
11938, 0.00241703
11939, 0.00241721
11940, 0.00241738
11941, 0.00241756
11942, 0.00241773
11943, 0.00241790
11944, 0.00241808
11945, 0.00241828
11946, 0.00241846
11947, 0.00241863
11948, 0.00241881
11949, 0.00241898
11950, 0.00241916
11951, 0.00241933
11952, 0.00241950
11953, 0.00241967
11954, 0.00241984
11955, 0.00242002
11956, 0.00242019
11957, 0.00242037
11958, 0.00242054
11959, 0.00242071
11960, 0.00242089
11961, 0.00242106
11962, 0.00242124
11963, 0.00242141
11964, 0.00242158
11965, 0.00242176
11966, 0.00242193
11967, 0.00242211
11968, 0.00242228
11969, 0.00242245
11970, 0.00242263
11971, 0.00242280
11972, 0.00242297
11973, 0.00242315
11974, 0.00242334
11975, 0.00242559
11976, 0.00242579
11977, 0.00242597
11978, 0.00242615
11979, 0.00242632
11980, 0.00242650
11981, 0.00242667
11982, 0.00242685
11983, 0.00242703
11984, 0.00242721
11985, 0.00242738
11986, 0.00242756
11987, 0.00242773
11988, 0.00242791
11989, 0.00242808
11990, 0.00242826
11991, 0.00242843
11992, 0.00242861
11993, 0.00242878
11994, 0.00242895
11995, 0.00242913
11996, 0.00242930
11997, 0.00242947
11998, 0.00242965
11999, 0.00242983
12000, 0.00243000
12001, 0.00243017
12002, 0.00243035
12003, 0.00243052
12004, 0.00243070
12005, 0.00243087
12006, 0.00243105
12007, 0.00243122
12008, 0.00243139
12009, 0.00243157
12010, 0.00243174
12011, 0.00243192
12012, 0.00243209
12013, 0.00243226
12014, 0.00243244
12015, 0.00243261
12016, 0.00243279
12017, 0.00243296
12018, 0.00243314
12019, 0.00243332
12020, 0.00243350
12021, 0.00243367
12022, 0.00243384
12023, 0.00243402
12024, 0.00243419
12025, 0.00243437
12026, 0.00243455
12027, 0.00243472
12028, 0.00243490
12029, 0.00243507
12030, 0.00243525
12031, 0.00243543
12032, 0.00243561
12033, 0.00243579
12034, 0.00243597
12035, 0.00243615
12036, 0.00243633
12037, 0.00243650
12038, 0.00243667
12039, 0.00243685
12040, 0.00243702
12041, 0.00243720
12042, 0.00243737
12043, 0.00243754
12044, 0.00243772
12045, 0.00243789
12046, 0.00243806
12047, 0.00243824
12048, 0.00243841
12049, 0.00243858
12050, 0.00243876
12051, 0.00243893
12052, 0.00243911
12053, 0.00243928
12054, 0.00243956
12055, 0.00243975
12056, 0.00243992
12057, 0.00244010
12058, 0.00244028
12059, 0.00244046
12060, 0.00244064
12061, 0.00244082
12062, 0.00244099
12063, 0.00244117
12064, 0.00244135
12065, 0.00244153
12066, 0.00244171
12067, 0.00244189
12068, 0.00244207
12069, 0.00244224
12070, 0.00244241
12071, 0.00244259
12072, 0.00244276
12073, 0.00244293
12074, 0.00244313
12075, 0.00244330
12076, 0.00244348
12077, 0.00244365
12078, 0.00244382
12079, 0.00244400
12080, 0.00244417
12081, 0.00244434
12082, 0.00244451
12083, 0.00244469
12084, 0.00244486
12085, 0.00244504
12086, 0.00244521
12087, 0.00244539
12088, 0.00244556
12089, 0.00244573
12090, 0.00244591
12091, 0.00244608
12092, 0.00244626
12093, 0.00244643
12094, 0.00244660
12095, 0.00244678
12096, 0.00244696
12097, 0.00244714
12098, 0.00244732
12099, 0.00244750
12100, 0.00244770
12101, 0.00245595
12102, 0.00245616
12103, 0.00245634
12104, 0.00245652
12105, 0.00245670
12106, 0.00245688
12107, 0.00245705
12108, 0.00245723
12109, 0.00245741
12110, 0.00245758
12111, 0.00245779
12112, 0.00245796
12113, 0.00245814
12114, 0.00245832
12115, 0.00245850
12116, 0.00245868
12117, 0.00245886
12118, 0.00245904
12119, 0.00245921
12120, 0.00245939
12121, 0.00245956
12122, 0.00245974
12123, 0.00245991
12124, 0.00246009
12125, 0.00246026
12126, 0.00246044
12127, 0.00246061
12128, 0.00246079
12129, 0.00246097
12130, 0.00246114
12131, 0.00246132
12132, 0.00246149
12133, 0.00246167
12134, 0.00246184
12135, 0.00246202
12136, 0.00246220
12137, 0.00246237
12138, 0.00246255
12139, 0.00246272
12140, 0.00246290
12141, 0.00246308
12142, 0.00246326
12143, 0.00246344
12144, 0.00246362
12145, 0.00246379
12146, 0.00246397
12147, 0.00246414
12148, 0.00246432
12149, 0.00246449
12150, 0.00246467
12151, 0.00246484
12152, 0.00246502
12153, 0.00246519
12154, 0.00246537
12155, 0.00246554
12156, 0.00246572
12157, 0.00246589
12158, 0.00246607
12159, 0.00246624
12160, 0.00246642
12161, 0.00246659
12162, 0.00246677
12163, 0.00246694
12164, 0.00246712
12165, 0.00246729
12166, 0.00246746
12167, 0.00246764
12168, 0.00246781
12169, 0.00246798
12170, 0.00246815
12171, 0.00246833
12172, 0.00246850
12173, 0.00246867
12174, 0.00246885
12175, 0.00246902
12176, 0.00246919
12177, 0.00246937
12178, 0.00246954
12179, 0.00246971
12180, 0.00246989
12181, 0.00247006
12182, 0.00247024
12183, 0.00247041
12184, 0.00247058
12185, 0.00247076
12186, 0.00247093
12187, 0.00247111
12188, 0.00247128
12189, 0.00247145
12190, 0.00247163
12191, 0.00247180
12192, 0.00247197
12193, 0.00247216
12194, 0.00247234
12195, 0.00247251
12196, 0.00247268
12197, 0.00247286
12198, 0.00247303
12199, 0.00247320
12200, 0.00247338
12201, 0.00247355
12202, 0.00247372
12203, 0.00247389
12204, 0.00247406
12205, 0.00247424
12206, 0.00247441
12207, 0.00247458
12208, 0.00247476
12209, 0.00247493
12210, 0.00247510
12211, 0.00247527
12212, 0.00247544
12213, 0.00247562
12214, 0.00247579
12215, 0.00247596
12216, 0.00247613
12217, 0.00247631
12218, 0.00247648
12219, 0.00247666
12220, 0.00247683
12221, 0.00247700
12222, 0.00247718
12223, 0.00247735
12224, 0.00247752
12225, 0.00247770
12226, 0.00247788
12227, 0.00248026
12228, 0.00248047
12229, 0.00248065
12230, 0.00248082
12231, 0.00248100
12232, 0.00248117
12233, 0.00248135
12234, 0.00248153
12235, 0.00248171
12236, 0.00248188
12237, 0.00248206
12238, 0.00248224
12239, 0.00248241
12240, 0.00248259
12241, 0.00248276
12242, 0.00248294
12243, 0.00248312
12244, 0.00248329
12245, 0.00248346
12246, 0.00248364
12247, 0.00248381
12248, 0.00248399
12249, 0.00248416
12250, 0.00248433
12251, 0.00248450
12252, 0.00248468
12253, 0.00248485
12254, 0.00248503
12255, 0.00248520
12256, 0.00248538
12257, 0.00248556
12258, 0.00248574
12259, 0.00248592
12260, 0.00248610
12261, 0.00248628
12262, 0.00248646
12263, 0.00248664
12264, 0.00248683
12265, 0.00248701
12266, 0.00248719
12267, 0.00248737
12268, 0.00248755
12269, 0.00248772
12270, 0.00248790
12271, 0.00248807
12272, 0.00248824
12273, 0.00248842
12274, 0.00248860
12275, 0.00248878
12276, 0.00248896
12277, 0.00248914
12278, 0.00248932
12279, 0.00248949
12280, 0.00248967
12281, 0.00248985
12282, 0.00249003
12283, 0.00249027
12284, 0.00249045
12285, 0.00249063
12286, 0.00249081
12287, 0.00249109
12288, 0.00249127
12289, 0.00249145
12290, 0.00249163
12291, 0.00249181
12292, 0.00249199
12293, 0.00249217
12294, 0.00249235
12295, 0.00249260
12296, 0.00249278
12297, 0.00249296
12298, 0.00249314
12299, 0.00249332
12300, 0.00249350
12301, 0.00249368
12302, 0.00249386
12303, 0.00249412
12304, 0.00249430
12305, 0.00249448
12306, 0.00249466
12307, 0.00249484
12308, 0.00249502
12309, 0.00249520
12310, 0.00249538
12311, 0.00249556
12312, 0.00249574
12313, 0.00249592
12314, 0.00249609
12315, 0.00249627
12316, 0.00249646
12317, 0.00249664
12318, 0.00249682
12319, 0.00249700
12320, 0.00249718
12321, 0.00249736
12322, 0.00249754
12323, 0.00249772
12324, 0.00249791
12325, 0.00249809
12326, 0.00249827
12327, 0.00249845
12328, 0.00249863
12329, 0.00249881
12330, 0.00249899
12331, 0.00249917
12332, 0.00249935
12333, 0.00249953
12334, 0.00249971
12335, 0.00249989
12336, 0.00250007
12337, 0.00250025
12338, 0.00250042
12339, 0.00250060
12340, 0.00250077
12341, 0.00250094
12342, 0.00250111
12343, 0.00250129
12344, 0.00250146
12345, 0.00250164
12346, 0.00250181
12347, 0.00250198
12348, 0.00250216
12349, 0.00250233
12350, 0.00250251
12351, 0.00250276
12352, 0.00250295
12353, 0.00250522
12354, 0.00250544
12355, 0.00250562
12356, 0.00250579
12357, 0.00250597
12358, 0.00250614
12359, 0.00250638
12360, 0.00250655
12361, 0.00250673
12362, 0.00250690
12363, 0.00250708
12364, 0.00250725
12365, 0.00250742
12366, 0.00250760
12367, 0.00250777
12368, 0.00250794
12369, 0.00250811
12370, 0.00250829
12371, 0.00250846
12372, 0.00250864
12373, 0.00250881
12374, 0.00250899
12375, 0.00250916
12376, 0.00250934
12377, 0.00250951
12378, 0.00250969
12379, 0.00250987
12380, 0.00251005
12381, 0.00251023
12382, 0.00251040
12383, 0.00251058
12384, 0.00251076
12385, 0.00251094
12386, 0.00251112
12387, 0.00251129
12388, 0.00251147
12389, 0.00251164
12390, 0.00251181
12391, 0.00251199
12392, 0.00251216
12393, 0.00251234
12394, 0.00251251
12395, 0.00251268
12396, 0.00251286
12397, 0.00251304
12398, 0.00251321
12399, 0.00251340
12400, 0.00251358
12401, 0.00251376
12402, 0.00251393
12403, 0.00251410
12404, 0.00251427
12405, 0.00251445
12406, 0.00251462
12407, 0.00251480
12408, 0.00251497
12409, 0.00251515
12410, 0.00251532
12411, 0.00251550
12412, 0.00251567
12413, 0.00251584
12414, 0.00251602
12415, 0.00251619
12416, 0.00251636
12417, 0.00251653
12418, 0.00251671
12419, 0.00251688
12420, 0.00251705
12421, 0.00251722
12422, 0.00251740
12423, 0.00251757
12424, 0.00251775
12425, 0.00251792
12426, 0.00251810
12427, 0.00251827
12428, 0.00251844
12429, 0.00251861
12430, 0.00251879
12431, 0.00251896
12432, 0.00251914
12433, 0.00251931
12434, 0.00251948
12435, 0.00251966
12436, 0.00251983
12437, 0.00252001
12438, 0.00252018
12439, 0.00252035
12440, 0.00252052
12441, 0.00252069
12442, 0.00252087
12443, 0.00252104
12444, 0.00252121
12445, 0.00252139
12446, 0.00252156
12447, 0.00252173
12448, 0.00252191
12449, 0.00252209
12450, 0.00252226
12451, 0.00252243
12452, 0.00252260
12453, 0.00252278
12454, 0.00252295
12455, 0.00252313
12456, 0.00252330
12457, 0.00252347
12458, 0.00252365
12459, 0.00252382
12460, 0.00252400
12461, 0.00252417
12462, 0.00252434
12463, 0.00252452
12464, 0.00252469
12465, 0.00252486
12466, 0.00252504
12467, 0.00252521
12468, 0.00252538
12469, 0.00252556
12470, 0.00252574
12471, 0.00252591
12472, 0.00252608
12473, 0.00252626
12474, 0.00252643
12475, 0.00252660
12476, 0.00252677
12477, 0.00252694
12478, 0.00252713
12479, 0.00252929
12480, 0.00252950
12481, 0.00252968
12482, 0.00252985
12483, 0.00253002
12484, 0.00253019
12485, 0.00253036
12486, 0.00253054
12487, 0.00253071
12488, 0.00253088
12489, 0.00253105
12490, 0.00253122
12491, 0.00253140
12492, 0.00253157
12493, 0.00253174
12494, 0.00253191
12495, 0.00253209
12496, 0.00253226
12497, 0.00253243
12498, 0.00253260
12499, 0.00253278
12500, 0.00253295
12501, 0.00253312
12502, 0.00253330
12503, 0.00253347
12504, 0.00253364
12505, 0.00253382
12506, 0.00253399
12507, 0.00253417
12508, 0.00253434
12509, 0.00253451
12510, 0.00253468
12511, 0.00253486
12512, 0.00253503
12513, 0.00253520
12514, 0.00253537
12515, 0.00253555
12516, 0.00253572
12517, 0.00253589
12518, 0.00253607
12519, 0.00253624
12520, 0.00253641
12521, 0.00253659
12522, 0.00253676
12523, 0.00253694
12524, 0.00253711
12525, 0.00253728
12526, 0.00253745
12527, 0.00253763
12528, 0.00253780
12529, 0.00253797
12530, 0.00253814
12531, 0.00253831
12532, 0.00253849
12533, 0.00253866
12534, 0.00253884
12535, 0.00253901
12536, 0.00253919
12537, 0.00253936
12538, 0.00253953
12539, 0.00253970
12540, 0.00253988
12541, 0.00254005
12542, 0.00254022
12543, 0.00254040
12544, 0.00254057
12545, 0.00254074
12546, 0.00254091
12547, 0.00254109
12548, 0.00254126
12549, 0.00254144
12550, 0.00254161
12551, 0.00254178
12552, 0.00254196
12553, 0.00254213
12554, 0.00254230
12555, 0.00254247
12556, 0.00254264
12557, 0.00254282
12558, 0.00254301
12559, 0.00254318
12560, 0.00254336
12561, 0.00254353
12562, 0.00254370
12563, 0.00254387
12564, 0.00254404
12565, 0.00254422
12566, 0.00254439
12567, 0.00254456
12568, 0.00254473
12569, 0.00254490
12570, 0.00254508
12571, 0.00254525
12572, 0.00254543
12573, 0.00254560
12574, 0.00254578
12575, 0.00254595
12576, 0.00254612
12577, 0.00254630
12578, 0.00254647
12579, 0.00254665
12580, 0.00254682
12581, 0.00254699
12582, 0.00254716
12583, 0.00254733
12584, 0.00254751
12585, 0.00254768
12586, 0.00254785
12587, 0.00254803
12588, 0.00254820
12589, 0.00254837
12590, 0.00254854
12591, 0.00254871
12592, 0.00254889
12593, 0.00254906
12594, 0.00254923
12595, 0.00254941
12596, 0.00254958
12597, 0.00254975
12598, 0.00254993
12599, 0.00255010
12600, 0.00255028
12601, 0.00255045
12602, 0.00255062
12603, 0.00255079
12604, 0.00255098
12605, 0.00255310
12606, 0.00255331
12607, 0.00255348
12608, 0.00255366
12609, 0.00255384
12610, 0.00255402
12611, 0.00255419
12612, 0.00255437
12613, 0.00255454
12614, 0.00255472
12615, 0.00255490
12616, 0.00255508
12617, 0.00255526
12618, 0.00255544
12619, 0.00255563
12620, 0.00255581
12621, 0.00255599
12622, 0.00255618
12623, 0.00255636
12624, 0.00255653
12625, 0.00255672
12626, 0.00255689
12627, 0.00255707
12628, 0.00255724
12629, 0.00255744
12630, 0.00255761
12631, 0.00255778
12632, 0.00255795
12633, 0.00255813
12634, 0.00255830
12635, 0.00255847
12636, 0.00255865
12637, 0.00255882
12638, 0.00255899
12639, 0.00255916
12640, 0.00255934
12641, 0.00255951
12642, 0.00255968
12643, 0.00255985
12644, 0.00256002
12645, 0.00256020
12646, 0.00256037
12647, 0.00256055
12648, 0.00256072
12649, 0.00256089
12650, 0.00256106
12651, 0.00256124
12652, 0.00256141
12653, 0.00256158
12654, 0.00256176
12655, 0.00256193
12656, 0.00256210
12657, 0.00256227
12658, 0.00256244
12659, 0.00256262
12660, 0.00256280
12661, 0.00256298
12662, 0.00256315
12663, 0.00256332
12664, 0.00256350
12665, 0.00256367
12666, 0.00256383
12667, 0.00256401
12668, 0.00256418
12669, 0.00256436
12670, 0.00256453
12671, 0.00256470
12672, 0.00256488
12673, 0.00256505
12674, 0.00256522
12675, 0.00256539
12676, 0.00256556
12677, 0.00256574
12678, 0.00256591
12679, 0.00256609
12680, 0.00256626
12681, 0.00256643
12682, 0.00256660
12683, 0.00256678
12684, 0.00256695
12685, 0.00256712
12686, 0.00256730
12687, 0.00256747
12688, 0.00256764
12689, 0.00256781
12690, 0.00256798
12691, 0.00256816
12692, 0.00256833
12693, 0.00256850
12694, 0.00256868
12695, 0.00256887
12696, 0.00256904
12697, 0.00256922
12698, 0.00256939
12699, 0.00256956
12700, 0.00256974
12701, 0.00256991
12702, 0.00257008
12703, 0.00257026
12704, 0.00257043
12705, 0.00257061
12706, 0.00257079
12707, 0.00257097
12708, 0.00257114
12709, 0.00257132
12710, 0.00257149
12711, 0.00257166
12712, 0.00257184
12713, 0.00257201
12714, 0.00257218
12715, 0.00257236
12716, 0.00257253
12717, 0.00257270
12718, 0.00257288
12719, 0.00257305
12720, 0.00257322
12721, 0.00257340
12722, 0.00257357
12723, 0.00257375
12724, 0.00257392
12725, 0.00257409
12726, 0.00257426
12727, 0.00257444
12728, 0.00257461
12729, 0.00257479
12730, 0.00257497
12731, 0.00257709
12732, 0.00257729
12733, 0.00257747
12734, 0.00257766
12735, 0.00257783
12736, 0.00257801
12737, 0.00257819
12738, 0.00257837
12739, 0.00257854
12740, 0.00257873
12741, 0.00257890
12742, 0.00257907
12743, 0.00257925
12744, 0.00257943
12745, 0.00257960
12746, 0.00257978
12747, 0.00257996
12748, 0.00258013
12749, 0.00258031
12750, 0.00258048
12751, 0.00258066
12752, 0.00258084
12753, 0.00258101
12754, 0.00258119
12755, 0.00258137
12756, 0.00258155
12757, 0.00258172
12758, 0.00258190
12759, 0.00258207
12760, 0.00258225
12761, 0.00258243
12762, 0.00258260
12763, 0.00258278
12764, 0.00258296
12765, 0.00258313
12766, 0.00258331
12767, 0.00258349
12768, 0.00258366
12769, 0.00258383
12770, 0.00258401
12771, 0.00258419
12772, 0.00258437
12773, 0.00258455
12774, 0.00258472
12775, 0.00258490
12776, 0.00258508
12777, 0.00258526
12778, 0.00258544
12779, 0.00258561
12780, 0.00258578
12781, 0.00258596
12782, 0.00258613
12783, 0.00258631
12784, 0.00258649
12785, 0.00258666
12786, 0.00258684
12787, 0.00258701
12788, 0.00258718
12789, 0.00258736
12790, 0.00258754
12791, 0.00258771
12792, 0.00258788
12793, 0.00258807
12794, 0.00258824
12795, 0.00258842
12796, 0.00258859
12797, 0.00258877
12798, 0.00258894
12799, 0.00258921
12800, 0.00258938
12801, 0.00258956
12802, 0.00258974
12803, 0.00258991
12804, 0.00259009
12805, 0.00259027
12806, 0.00259044
12807, 0.00259072
12808, 0.00259089
12809, 0.00259107
12810, 0.00259125
12811, 0.00259142
12812, 0.00259160
12813, 0.00259177
12814, 0.00259195
12815, 0.00259225
12816, 0.00259242
12817, 0.00259260
12818, 0.00259277
12819, 0.00259295
12820, 0.00259312
12821, 0.00259330
12822, 0.00259347
12823, 0.00259372
12824, 0.00259390
12825, 0.00259407
12826, 0.00259425
12827, 0.00259442
12828, 0.00259460
12829, 0.00259477
12830, 0.00259495
12831, 0.00259519
12832, 0.00259537
12833, 0.00259555
12834, 0.00259573
12835, 0.00259590
12836, 0.00259608
12837, 0.00259625
12838, 0.00259643
12839, 0.00259668
12840, 0.00259686
12841, 0.00259703
12842, 0.00259721
12843, 0.00259739
12844, 0.00259756
12845, 0.00259774
12846, 0.00259791
12847, 0.00259817
12848, 0.00259835
12849, 0.00259852
12850, 0.00259870
12851, 0.00259887
12852, 0.00259905
12853, 0.00259923
12854, 0.00259940
12855, 0.00259958
12856, 0.00259977
12857, 0.00260192
12858, 0.00260212
12859, 0.00260229
12860, 0.00260246
12861, 0.00260264
12862, 0.00260281
12863, 0.00260307
12864, 0.00260325
12865, 0.00260342
12866, 0.00260360
12867, 0.00260377
12868, 0.00260394
12869, 0.00260411
12870, 0.00260428
12871, 0.00260457
12872, 0.00260474
12873, 0.00260491
12874, 0.00260508
12875, 0.00260525
12876, 0.00260544
12877, 0.00260562
12878, 0.00260580
12879, 0.00260598
12880, 0.00260616
12881, 0.00260634
12882, 0.00260651
12883, 0.00260668
12884, 0.00260685
12885, 0.00260703
12886, 0.00260720
12887, 0.00260737
12888, 0.00260755
12889, 0.00260772
12890, 0.00260790
12891, 0.00260807
12892, 0.00260825
12893, 0.00260842
12894, 0.00260859
12895, 0.00260877
12896, 0.00260894
12897, 0.00260914
12898, 0.00260932
12899, 0.00260949
12900, 0.00260966
12901, 0.00260984
12902, 0.00261001
12903, 0.00261018
12904, 0.00261036
12905, 0.00261053
12906, 0.00261071
12907, 0.00261088
12908, 0.00261106
12909, 0.00261123
12910, 0.00261141
12911, 0.00261158
12912, 0.00261176
12913, 0.00261193
12914, 0.00261210
12915, 0.00261227
12916, 0.00261245
12917, 0.00261262
12918, 0.00261280
12919, 0.00261297
12920, 0.00261314
12921, 0.00261331
12922, 0.00261349
12923, 0.00261366
12924, 0.00261383
12925, 0.00261401
12926, 0.00261418
12927, 0.00261436
12928, 0.00261453
12929, 0.00261470
12930, 0.00261488
12931, 0.00261505
12932, 0.00261523
12933, 0.00261540
12934, 0.00261557
12935, 0.00261575
12936, 0.00261592
12937, 0.00261609
12938, 0.00261627
12939, 0.00261646
12940, 0.00261664
12941, 0.00261682
12942, 0.00261700
12943, 0.00261718
12944, 0.00261736
12945, 0.00261754
12946, 0.00261772
12947, 0.00261789
12948, 0.00261807
12949, 0.00261824
12950, 0.00261841
12951, 0.00261859
12952, 0.00261876
12953, 0.00261894
12954, 0.00261914
12955, 0.00261931
12956, 0.00261948
12957, 0.00261965
12958, 0.00261982
12959, 0.00261999
12960, 0.00262017
12961, 0.00262034
12962, 0.00262051
12963, 0.00262069
12964, 0.00262086
12965, 0.00262103
12966, 0.00262121
12967, 0.00262138
12968, 0.00262156
12969, 0.00262173
12970, 0.00262190
12971, 0.00262208
12972, 0.00262225
12973, 0.00262242
12974, 0.00262259
12975, 0.00262276
12976, 0.00262294
12977, 0.00262311
12978, 0.00262329
12979, 0.00262346
12980, 0.00262363
12981, 0.00262381
12982, 0.00262399
12983, 0.00262707
12984, 0.00262727
12985, 0.00262745
12986, 0.00262763
12987, 0.00262781
12988, 0.00262798
12989, 0.00262816
12990, 0.00262834
12991, 0.00262852
12992, 0.00262870
12993, 0.00262888
12994, 0.00262906
12995, 0.00262926
12996, 0.00262943
12997, 0.00262961
12998, 0.00262979
12999, 0.00262996
13000, 0.00263014
13001, 0.00263032
13002, 0.00263049
13003, 0.00263067
13004, 0.00263086
13005, 0.00263103
13006, 0.00263121
13007, 0.00263138
13008, 0.00263155
13009, 0.00263173
13010, 0.00263191
13011, 0.00263208
13012, 0.00263226
13013, 0.00263244
13014, 0.00263262
13015, 0.00263280
13016, 0.00263298
13017, 0.00263317
13018, 0.00263335
13019, 0.00263354
13020, 0.00263372
13021, 0.00263390
13022, 0.00263409
13023, 0.00263428
13024, 0.00263446
13025, 0.00263464
13026, 0.00263482
13027, 0.00263500
13028, 0.00263518
13029, 0.00263535
13030, 0.00263555
13031, 0.00263572
13032, 0.00263590
13033, 0.00263607
13034, 0.00263624
13035, 0.00263641
13036, 0.00263658
13037, 0.00263676
13038, 0.00263693
13039, 0.00263710
13040, 0.00263728
13041, 0.00263746
13042, 0.00263764
13043, 0.00263783
13044, 0.00263801
13045, 0.00263818
13046, 0.00263836
13047, 0.00263853
13048, 0.00263871
13049, 0.00263889
13050, 0.00263907
13051, 0.00263924
13052, 0.00263942
13053, 0.00263960
13054, 0.00263977
13055, 0.00263994
13056, 0.00264012
13057, 0.00264030
13058, 0.00264048
13059, 0.00264066
13060, 0.00264084
13061, 0.00264101
13062, 0.00264119
13063, 0.00264137
13064, 0.00264155
13065, 0.00264173
13066, 0.00264191
13067, 0.00264209
13068, 0.00264227
13069, 0.00264245
13070, 0.00264264
13071, 0.00264282
13072, 0.00264301
13073, 0.00264319
13074, 0.00264337
13075, 0.00264355
13076, 0.00264373
13077, 0.00264391
13078, 0.00264409
13079, 0.00264426
13080, 0.00264445
13081, 0.00264463
13082, 0.00264481
13083, 0.00264499
13084, 0.00264516
13085, 0.00264533
13086, 0.00264554
13087, 0.00264573
13088, 0.00264591
13089, 0.00264609
13090, 0.00264627
13091, 0.00264645
13092, 0.00264663
13093, 0.00264681
13094, 0.00264699
13095, 0.00264716
13096, 0.00264734
13097, 0.00264752
13098, 0.00264770
13099, 0.00264788
13100, 0.00264805
13101, 0.00264823
13102, 0.00264843
13103, 0.00264860
13104, 0.00264878
13105, 0.00264898
13106, 0.00264916
13107, 0.00264934
13108, 0.00264953
13109, 0.00265166
13110, 0.00265187
13111, 0.00265205
13112, 0.00265222
13113, 0.00265240
13114, 0.00265257
13115, 0.00265275
13116, 0.00265292
13117, 0.00265309
13118, 0.00265327
13119, 0.00265344
13120, 0.00265362
13121, 0.00265379
13122, 0.00265396
13123, 0.00265414
13124, 0.00265431
13125, 0.00265448
13126, 0.00265465
13127, 0.00265482
13128, 0.00265500
13129, 0.00265517
13130, 0.00265535
13131, 0.00265552
13132, 0.00265570
13133, 0.00265587
13134, 0.00265604
13135, 0.00265621
13136, 0.00265639
13137, 0.00265656
13138, 0.00265674
13139, 0.00265691
13140, 0.00265708
13141, 0.00265726
13142, 0.00265743
13143, 0.00265761
13144, 0.00265778
13145, 0.00265796
13146, 0.00265813
13147, 0.00265831
13148, 0.00265848
13149, 0.00265865
13150, 0.00265882
13151, 0.00265901
13152, 0.00265918
13153, 0.00265936
13154, 0.00265953
13155, 0.00265971
13156, 0.00265988
13157, 0.00266005
13158, 0.00266023
13159, 0.00266040
13160, 0.00266057
13161, 0.00266074
13162, 0.00266091
13163, 0.00266109
13164, 0.00266132
13165, 0.00266151
13166, 0.00266168
13167, 0.00266186
13168, 0.00266203
13169, 0.00266220
13170, 0.00266237
13171, 0.00266255
13172, 0.00266272
13173, 0.00266289
13174, 0.00266307
13175, 0.00266324
13176, 0.00266342
13177, 0.00266359
13178, 0.00266377
13179, 0.00266394
13180, 0.00266412
13181, 0.00266430
13182, 0.00266448
13183, 0.00266465
13184, 0.00266483
13185, 0.00266500
13186, 0.00266518
13187, 0.00266535
13188, 0.00266552
13189, 0.00266570
13190, 0.00266587
13191, 0.00266604
13192, 0.00266621
13193, 0.00266638
13194, 0.00266655
13195, 0.00266673
13196, 0.00266691
13197, 0.00266708
13198, 0.00266725
13199, 0.00266743
13200, 0.00266760
13201, 0.00266777
13202, 0.00266795
13203, 0.00266812
13204, 0.00266830
13205, 0.00266847
13206, 0.00266865
13207, 0.00266882
13208, 0.00266900
13209, 0.00266917
13210, 0.00266934
13211, 0.00266952
13212, 0.00266971
13213, 0.00266988
13214, 0.00267006
13215, 0.00267023
13216, 0.00267042
13217, 0.00267060
13218, 0.00267078
13219, 0.00267096
13220, 0.00267114
13221, 0.00267132
13222, 0.00267150
13223, 0.00267168
13224, 0.00267186
13225, 0.00267204
13226, 0.00267222
13227, 0.00267242
13228, 0.00267260
13229, 0.00267278
13230, 0.00267295
13231, 0.00267312
13232, 0.00267330
13233, 0.00267347
13234, 0.00267366
13235, 0.00267578
13236, 0.00267598
13237, 0.00267616
13238, 0.00267633
13239, 0.00267650
13240, 0.00267668
13241, 0.00267685
13242, 0.00267703
13243, 0.00267720
13244, 0.00267738
13245, 0.00267755
13246, 0.00267772
13247, 0.00267789
13248, 0.00267807
13249, 0.00267824
13250, 0.00267841
13251, 0.00267858
13252, 0.00267876
13253, 0.00267893
13254, 0.00267911
13255, 0.00267928
13256, 0.00267945
13257, 0.00267962
13258, 0.00267980
13259, 0.00267997
13260, 0.00268015
13261, 0.00268032
13262, 0.00268049
13263, 0.00268067
13264, 0.00268084
13265, 0.00268101
13266, 0.00268118
13267, 0.00268136
13268, 0.00268153
13269, 0.00268171
13270, 0.00268188
13271, 0.00268206
13272, 0.00268223
13273, 0.00268240
13274, 0.00268258
13275, 0.00268275
13276, 0.00268293
13277, 0.00268310
13278, 0.00268327
13279, 0.00268345
13280, 0.00268362
13281, 0.00268379
13282, 0.00268397
13283, 0.00268415
13284, 0.00268432
13285, 0.00268450
13286, 0.00268467
13287, 0.00268484
13288, 0.00268502
13289, 0.00268519
13290, 0.00268537
13291, 0.00268554
13292, 0.00268571
13293, 0.00268589
13294, 0.00268606
13295, 0.00268623
13296, 0.00268641
13297, 0.00268658
13298, 0.00268675
13299, 0.00268692
13300, 0.00268710
13301, 0.00268727
13302, 0.00268744
13303, 0.00268762
13304, 0.00268779
13305, 0.00268797
13306, 0.00268814
13307, 0.00268831
13308, 0.00268849
13309, 0.00268866
13310, 0.00268883
13311, 0.00268911
13312, 0.00268928
13313, 0.00268946
13314, 0.00268964
13315, 0.00268981
13316, 0.00268999
13317, 0.00269016
13318, 0.00269033
13319, 0.00269060
13320, 0.00269077
13321, 0.00269094
13322, 0.00269112
13323, 0.00269129
13324, 0.00269147
13325, 0.00269164
13326, 0.00269181
13327, 0.00269207
13328, 0.00269224
13329, 0.00269242
13330, 0.00269259
13331, 0.00269276
13332, 0.00269294
13333, 0.00269311
13334, 0.00269330
13335, 0.00269354
13336, 0.00269371
13337, 0.00269389
13338, 0.00269407
13339, 0.00269424
13340, 0.00269441
13341, 0.00269459
13342, 0.00269477
13343, 0.00269494
13344, 0.00269511
13345, 0.00269528
13346, 0.00269546
13347, 0.00269563
13348, 0.00269581
13349, 0.00269598
13350, 0.00269615
13351, 0.00269640
13352, 0.00269657
13353, 0.00269675
13354, 0.00269692
13355, 0.00269710
13356, 0.00269727
13357, 0.00269745
13358, 0.00269762
13359, 0.00269787
13360, 0.00269806
13361, 0.00270021
13362, 0.00270041
13363, 0.00270059
13364, 0.00270078
13365, 0.00270096
13366, 0.00270114
13367, 0.00270131
13368, 0.00270149
13369, 0.00270167
13370, 0.00270184
13371, 0.00270201
13372, 0.00270219
13373, 0.00270236
13374, 0.00270254
13375, 0.00270279
13376, 0.00270297
13377, 0.00270315
13378, 0.00270333
13379, 0.00270350
13380, 0.00270368
13381, 0.00270385
13382, 0.00270402
13383, 0.00270420
13384, 0.00270438
13385, 0.00270455
13386, 0.00270475
13387, 0.00270493
13388, 0.00270510
13389, 0.00270527
13390, 0.00270545
13391, 0.00270562
13392, 0.00270580
13393, 0.00270598
13394, 0.00270615
13395, 0.00270633
13396, 0.00270651
13397, 0.00270668
13398, 0.00270686
13399, 0.00270703
13400, 0.00270721
13401, 0.00270738
13402, 0.00270755
13403, 0.00270773
13404, 0.00270790
13405, 0.00270807
13406, 0.00270825
13407, 0.00270842
13408, 0.00270860
13409, 0.00270877
13410, 0.00270895
13411, 0.00270913
13412, 0.00270930
13413, 0.00270948
13414, 0.00270966
13415, 0.00270984
13416, 0.00271002
13417, 0.00271020
13418, 0.00271038
13419, 0.00271056
13420, 0.00271074
13421, 0.00271092
13422, 0.00271110
13423, 0.00271128
13424, 0.00271146
13425, 0.00271164
13426, 0.00271182
13427, 0.00271200
13428, 0.00271218
13429, 0.00271236
13430, 0.00271254
13431, 0.00271272
13432, 0.00271290
13433, 0.00271310
13434, 0.00271327
13435, 0.00271345
13436, 0.00271362
13437, 0.00271379
13438, 0.00271396
13439, 0.00271414
13440, 0.00271431
13441, 0.00271448
13442, 0.00271466
13443, 0.00271483
13444, 0.00271501
13445, 0.00271518
13446, 0.00271536
13447, 0.00271553
13448, 0.00271571
13449, 0.00271588
13450, 0.00271606
13451, 0.00271623
13452, 0.00271640
13453, 0.00271659
13454, 0.00271676
13455, 0.00271693
13456, 0.00271711
13457, 0.00271728
13458, 0.00271747
13459, 0.00271766
13460, 0.00271783
13461, 0.00271801
13462, 0.00271819
13463, 0.00271837
13464, 0.00271856
13465, 0.00271874
13466, 0.00271891
13467, 0.00271908
13468, 0.00271926
13469, 0.00271943
13470, 0.00271961
13471, 0.00271980
13472, 0.00271997
13473, 0.00272015
13474, 0.00272032
13475, 0.00272050
13476, 0.00272067
13477, 0.00272085
13478, 0.00272102
13479, 0.00272120
13480, 0.00272137
13481, 0.00272155
13482, 0.00272172
13483, 0.00272189
13484, 0.00272207
13485, 0.00272225
13486, 0.00272243
13487, 0.00272456
13488, 0.00272477
13489, 0.00272495
13490, 0.00272514
13491, 0.00272531
13492, 0.00272548
13493, 0.00272565
13494, 0.00272583
13495, 0.00272600
13496, 0.00272618
13497, 0.00272635
13498, 0.00272653
13499, 0.00272670
13500, 0.00272687
13501, 0.00272705
13502, 0.00272722
13503, 0.00272740
13504, 0.00272757
13505, 0.00272774
13506, 0.00272792
13507, 0.00272809
13508, 0.00272826
13509, 0.00272844
13510, 0.00272861
13511, 0.00272879
13512, 0.00272896
13513, 0.00272913
13514, 0.00272931
13515, 0.00272948
13516, 0.00272967
13517, 0.00272986
13518, 0.00273003
13519, 0.00273020
13520, 0.00273038
13521, 0.00273055
13522, 0.00273072
13523, 0.00273090
13524, 0.00273107
13525, 0.00273125
13526, 0.00273142
13527, 0.00273160
13528, 0.00273177
13529, 0.00273194
13530, 0.00273212
13531, 0.00273229
13532, 0.00273247
13533, 0.00273264
13534, 0.00273281
13535, 0.00273298
13536, 0.00273316
13537, 0.00273333
13538, 0.00273351
13539, 0.00273368
13540, 0.00273386
13541, 0.00273403
13542, 0.00273420
13543, 0.00273438
13544, 0.00273455
13545, 0.00273473
13546, 0.00273490
13547, 0.00273508
13548, 0.00273525
13549, 0.00273542
13550, 0.00273560
13551, 0.00273577
13552, 0.00273595
13553, 0.00273613
13554, 0.00273630
13555, 0.00273648
13556, 0.00273665
13557, 0.00273683
13558, 0.00273700
13559, 0.00273718
13560, 0.00273735
13561, 0.00273752
13562, 0.00273770
13563, 0.00273787
13564, 0.00273805
13565, 0.00273822
13566, 0.00273839
13567, 0.00273857
13568, 0.00273874
13569, 0.00273892
13570, 0.00273909
13571, 0.00273926
13572, 0.00273944
13573, 0.00273961
13574, 0.00273978
13575, 0.00273996
13576, 0.00274013
13577, 0.00274031
13578, 0.00274048
13579, 0.00274066
13580, 0.00274084
13581, 0.00274101
13582, 0.00274119
13583, 0.00274136
13584, 0.00274153
13585, 0.00274171
13586, 0.00274188
13587, 0.00274205
13588, 0.00274223
13589, 0.00274240
13590, 0.00274258
13591, 0.00274275
13592, 0.00274293
13593, 0.00274310
13594, 0.00274327
13595, 0.00274345
13596, 0.00274362
13597, 0.00274380
13598, 0.00274397
13599, 0.00274414
13600, 0.00274432
13601, 0.00274449
13602, 0.00274466
13603, 0.00274483
13604, 0.00274501
13605, 0.00274518
13606, 0.00274536
13607, 0.00274552
13608, 0.00274570
13609, 0.00274588
13610, 0.00274605
13611, 0.00274622
13612, 0.00274643
13613, 0.00274854
13614, 0.00274874
13615, 0.00274892
13616, 0.00274911
13617, 0.00274929
13618, 0.00274947
13619, 0.00274965
13620, 0.00274983
13621, 0.00275002
13622, 0.00275020
13623, 0.00275038
13624, 0.00275056
13625, 0.00275074
13626, 0.00275091
13627, 0.00275109
13628, 0.00275126
13629, 0.00275143
13630, 0.00275161
13631, 0.00275178
13632, 0.00275195
13633, 0.00275212
13634, 0.00275230
13635, 0.00275247
13636, 0.00275264
13637, 0.00275281
13638, 0.00275299
13639, 0.00275316
13640, 0.00275333
13641, 0.00275350
13642, 0.00275367
13643, 0.00275384
13644, 0.00275402
13645, 0.00275419
13646, 0.00275436
13647, 0.00275453
13648, 0.00275471
13649, 0.00275488
13650, 0.00275505
13651, 0.00275523
13652, 0.00275540
13653, 0.00275557
13654, 0.00275574
13655, 0.00275591
13656, 0.00275609
13657, 0.00275626
13658, 0.00275643
13659, 0.00275660
13660, 0.00275677
13661, 0.00275695
13662, 0.00275712
13663, 0.00275729
13664, 0.00275747
13665, 0.00275764
13666, 0.00275782
13667, 0.00275798
13668, 0.00275815
13669, 0.00275835
13670, 0.00275852
13671, 0.00275869
13672, 0.00275886
13673, 0.00275904
13674, 0.00275921
13675, 0.00275939
13676, 0.00275956
13677, 0.00275973
13678, 0.00275990
13679, 0.00276007
13680, 0.00276025
13681, 0.00276042
13682, 0.00276059
13683, 0.00276077
13684, 0.00276094
13685, 0.00276111
13686, 0.00276129
13687, 0.00276146
13688, 0.00276163
13689, 0.00276181
13690, 0.00276199
13691, 0.00276217
13692, 0.00276234
13693, 0.00276252
13694, 0.00276269
13695, 0.00276287
13696, 0.00276304
13697, 0.00276321
13698, 0.00276338
13699, 0.00276356
13700, 0.00276373
13701, 0.00276390
13702, 0.00276408
13703, 0.00276425
13704, 0.00276442
13705, 0.00276460
13706, 0.00276477
13707, 0.00276495
13708, 0.00276512
13709, 0.00276529
13710, 0.00276547
13711, 0.00276564
13712, 0.00276582
13713, 0.00276599
13714, 0.00276616
13715, 0.00276634
13716, 0.00276651
13717, 0.00276668
13718, 0.00276685
13719, 0.00276703
13720, 0.00276720
13721, 0.00276737
13722, 0.00276755
13723, 0.00276772
13724, 0.00276789
13725, 0.00276806
13726, 0.00276823
13727, 0.00276841
13728, 0.00276858
13729, 0.00276875
13730, 0.00276893
13731, 0.00276910
13732, 0.00276927
13733, 0.00276944
13734, 0.00276962
13735, 0.00276979
13736, 0.00276997
13737, 0.00277014
13738, 0.00277033
13739, 0.00277255
13740, 0.00277274
13741, 0.00277291
13742, 0.00277309
13743, 0.00277326
13744, 0.00277344
13745, 0.00277362
13746, 0.00277379
13747, 0.00277396
13748, 0.00277413
13749, 0.00277430
13750, 0.00277448
13751, 0.00277466
13752, 0.00277483
13753, 0.00277501
13754, 0.00277519
13755, 0.00277536
13756, 0.00277553
13757, 0.00277571
13758, 0.00277588
13759, 0.00277606
13760, 0.00277623
13761, 0.00277641
13762, 0.00277658
13763, 0.00277675
13764, 0.00277692
13765, 0.00277710
13766, 0.00277729
13767, 0.00277747
13768, 0.00277765
13769, 0.00277782
13770, 0.00277800
13771, 0.00277817
13772, 0.00277835
13773, 0.00277852
13774, 0.00277869
13775, 0.00277887
13776, 0.00277904
13777, 0.00277921
13778, 0.00277939
13779, 0.00277956
13780, 0.00277974
13781, 0.00277991
13782, 0.00278008
13783, 0.00278025
13784, 0.00278042
13785, 0.00278060
13786, 0.00278077
13787, 0.00278095
13788, 0.00278112
13789, 0.00278130
13790, 0.00278147
13791, 0.00278165
13792, 0.00278182
13793, 0.00278202
13794, 0.00278219
13795, 0.00278236
13796, 0.00278254
13797, 0.00278271
13798, 0.00278288
13799, 0.00278305
13800, 0.00278322
13801, 0.00278339
13802, 0.00278356
13803, 0.00278373
13804, 0.00278391
13805, 0.00278408
13806, 0.00278425
13807, 0.00278442
13808, 0.00278459
13809, 0.00278476
13810, 0.00278494
13811, 0.00278511
13812, 0.00278528
13813, 0.00278545
13814, 0.00278563
13815, 0.00278580
13816, 0.00278597
13817, 0.00278615
13818, 0.00278632
13819, 0.00278650
13820, 0.00278667
13821, 0.00278684
13822, 0.00278701
13823, 0.00278728
13824, 0.00278745
13825, 0.00278763
13826, 0.00278780
13827, 0.00278797
13828, 0.00278815
13829, 0.00278832
13830, 0.00278849
13831, 0.00278874
13832, 0.00278892
13833, 0.00278909
13834, 0.00278926
13835, 0.00278943
13836, 0.00278961
13837, 0.00278978
13838, 0.00278995
13839, 0.00279026
13840, 0.00279043
13841, 0.00279060
13842, 0.00279077
13843, 0.00279094
13844, 0.00279112
13845, 0.00279129
13846, 0.00279147
13847, 0.00279171
13848, 0.00279188
13849, 0.00279206
13850, 0.00279223
13851, 0.00279240
13852, 0.00279258
13853, 0.00279275
13854, 0.00279292
13855, 0.00279309
13856, 0.00279327
13857, 0.00279344
13858, 0.00279361
13859, 0.00279379
13860, 0.00279396
13861, 0.00279413
13862, 0.00279431
13863, 0.00279448
13864, 0.00279467
13865, 0.00279695
13866, 0.00279714
13867, 0.00279731
13868, 0.00279749
13869, 0.00279766
13870, 0.00279783
13871, 0.00279801
13872, 0.00279818
13873, 0.00279836
13874, 0.00279853
13875, 0.00279871
13876, 0.00279888
13877, 0.00279905
13878, 0.00279923
13879, 0.00279947
13880, 0.00279964
13881, 0.00279982
13882, 0.00279999
13883, 0.00280017
13884, 0.00280036
13885, 0.00280053
13886, 0.00280071
13887, 0.00280088
13888, 0.00280105
13889, 0.00280123
13890, 0.00280140
13891, 0.00280157
13892, 0.00280174
13893, 0.00280192
13894, 0.00280209
13895, 0.00280234
13896, 0.00280251
13897, 0.00280269
13898, 0.00280286
13899, 0.00280303
13900, 0.00280321
13901, 0.00280338
13902, 0.00280355
13903, 0.00280372
13904, 0.00280390
13905, 0.00280407
13906, 0.00280424
13907, 0.00280441
13908, 0.00280459
13909, 0.00280476
13910, 0.00280493
13911, 0.00280511
13912, 0.00280528
13913, 0.00280545
13914, 0.00280562
13915, 0.00280579
13916, 0.00280597
13917, 0.00280613
13918, 0.00280631
13919, 0.00280648
13920, 0.00280665
13921, 0.00280682
13922, 0.00280699
13923, 0.00280717
13924, 0.00280734
13925, 0.00280751
13926, 0.00280768
13927, 0.00280785
13928, 0.00280802
13929, 0.00280820
13930, 0.00280837
13931, 0.00280854
13932, 0.00280871
13933, 0.00280889
13934, 0.00280906
13935, 0.00280924
13936, 0.00280941
13937, 0.00280958
13938, 0.00280975
13939, 0.00281001
13940, 0.00281018
13941, 0.00281035
13942, 0.00281053
13943, 0.00281070
13944, 0.00281087
13945, 0.00281104
13946, 0.00281122
13947, 0.00281139
13948, 0.00281156
13949, 0.00281173
13950, 0.00281191
13951, 0.00281208
13952, 0.00281225
13953, 0.00281242
13954, 0.00281259
13955, 0.00281277
13956, 0.00281295
13957, 0.00281312
13958, 0.00281329
13959, 0.00281347
13960, 0.00281364
13961, 0.00281381
13962, 0.00281398
13963, 0.00281416
13964, 0.00281433
13965, 0.00281450
13966, 0.00281467
13967, 0.00281485
13968, 0.00281502
13969, 0.00281519
13970, 0.00281536
13971, 0.00281554
13972, 0.00281571
13973, 0.00281588
13974, 0.00281605
13975, 0.00281622
13976, 0.00281639
13977, 0.00281657
13978, 0.00281674
13979, 0.00281692
13980, 0.00281709
13981, 0.00281727
13982, 0.00281744
13983, 0.00281761
13984, 0.00281779
13985, 0.00281796
13986, 0.00281813
13987, 0.00281831
13988, 0.00281848
13989, 0.00281865
13990, 0.00281884
13991, 0.00282105
13992, 0.00282125
13993, 0.00282142
13994, 0.00282160
13995, 0.00282178
13996, 0.00282195
13997, 0.00282212
13998, 0.00282230
13999, 0.00282248
14000, 0.00282265
14001, 0.00282283
14002, 0.00282301
14003, 0.00282318
14004, 0.00282336
14005, 0.00282353
14006, 0.00282371
14007, 0.00282388
14008, 0.00282406
14009, 0.00282423
14010, 0.00282441
14011, 0.00282459
14012, 0.00282477
14013, 0.00282494
14014, 0.00282512
14015, 0.00282530
14016, 0.00282547
14017, 0.00282565
14018, 0.00282582
14019, 0.00282600
14020, 0.00282620
14021, 0.00282638
14022, 0.00282656
14023, 0.00282673
14024, 0.00282691
14025, 0.00282708
14026, 0.00282725
14027, 0.00282743
14028, 0.00282760
14029, 0.00282778
14030, 0.00282795
14031, 0.00282813
14032, 0.00282831
14033, 0.00282848
14034, 0.00282866
14035, 0.00282883
14036, 0.00282901
14037, 0.00282918
14038, 0.00282936
14039, 0.00282953
14040, 0.00282971
14041, 0.00282989
14042, 0.00283006
14043, 0.00283024
14044, 0.00283041
14045, 0.00283059
14046, 0.00283076
14047, 0.00283093
14048, 0.00283124
14049, 0.00283141
14050, 0.00283158
14051, 0.00283176
14052, 0.00283193
14053, 0.00283212
14054, 0.00283230
14055, 0.00283248
14056, 0.00283266
14057, 0.00283284
14058, 0.00283302
14059, 0.00283320
14060, 0.00283338
14061, 0.00283355
14062, 0.00283373
14063, 0.00283390
14064, 0.00283407
14065, 0.00283425
14066, 0.00283442
14067, 0.00283460
14068, 0.00283477
14069, 0.00283495
14070, 0.00283512
14071, 0.00283530
14072, 0.00283547
14073, 0.00283565
14074, 0.00283582
14075, 0.00283600
14076, 0.00283618
14077, 0.00283635
14078, 0.00283653
14079, 0.00283670
14080, 0.00283689
14081, 0.00283706
14082, 0.00283724
14083, 0.00283742
14084, 0.00283760
14085, 0.00283777
14086, 0.00283795
14087, 0.00283812
14088, 0.00283830
14089, 0.00283847
14090, 0.00283864
14091, 0.00283882
14092, 0.00283899
14093, 0.00283917
14094, 0.00283934
14095, 0.00283951
14096, 0.00283968
14097, 0.00283986
14098, 0.00284004
14099, 0.00284021
14100, 0.00284040
14101, 0.00284057
14102, 0.00284075
14103, 0.00284092
14104, 0.00284110
14105, 0.00284127
14106, 0.00284144
14107, 0.00284162
14108, 0.00284179
14109, 0.00284197
14110, 0.00284214
14111, 0.00284231
14112, 0.00284248
14113, 0.00284266
14114, 0.00284283
14115, 0.00284301
14116, 0.00284319
14117, 0.00284545
14118, 0.00284565
14119, 0.00284583
14120, 0.00284600
14121, 0.00284618
14122, 0.00284636
14123, 0.00284653
14124, 0.00284671
14125, 0.00284689
14126, 0.00284706
14127, 0.00284725
14128, 0.00284743
14129, 0.00284760
14130, 0.00284778
14131, 0.00284796
14132, 0.00284813
14133, 0.00284831
14134, 0.00284848
14135, 0.00284867
14136, 0.00284884
14137, 0.00284901
14138, 0.00284919
14139, 0.00284936
14140, 0.00284954
14141, 0.00284971
14142, 0.00284989
14143, 0.00285006
14144, 0.00285024
14145, 0.00285041
14146, 0.00285059
14147, 0.00285076
14148, 0.00285094
14149, 0.00285112
14150, 0.00285129
14151, 0.00285146
14152, 0.00285164
14153, 0.00285181
14154, 0.00285200
14155, 0.00285217
14156, 0.00285234
14157, 0.00285251
14158, 0.00285269
14159, 0.00285286
14160, 0.00285303
14161, 0.00285321
14162, 0.00285338
14163, 0.00285356
14164, 0.00285373
14165, 0.00285391
14166, 0.00285408
14167, 0.00285426
14168, 0.00285443
14169, 0.00285461
14170, 0.00285479
14171, 0.00285496
14172, 0.00285513
14173, 0.00285531
14174, 0.00285548
14175, 0.00285565
14176, 0.00285583
14177, 0.00285600
14178, 0.00285618
14179, 0.00285635
14180, 0.00285653
14181, 0.00285670
14182, 0.00285688
14183, 0.00285705
14184, 0.00285722
14185, 0.00285739
14186, 0.00285757
14187, 0.00285774
14188, 0.00285792
14189, 0.00285809
14190, 0.00285826
14191, 0.00285844
14192, 0.00285861
14193, 0.00285878
14194, 0.00285896
14195, 0.00285913
14196, 0.00285931
14197, 0.00285949
14198, 0.00285966
14199, 0.00285984
14200, 0.00286001
14201, 0.00286019
14202, 0.00286036
14203, 0.00286053
14204, 0.00286071
14205, 0.00286088
14206, 0.00286106
14207, 0.00286123
14208, 0.00286140
14209, 0.00286158
14210, 0.00286176
14211, 0.00286193
14212, 0.00286211
14213, 0.00286228
14214, 0.00286246
14215, 0.00286263
14216, 0.00286280
14217, 0.00286304
14218, 0.00286321
14219, 0.00286339
14220, 0.00286356
14221, 0.00286373
14222, 0.00286390
14223, 0.00286408
14224, 0.00286425
14225, 0.00286442
14226, 0.00286460
14227, 0.00286477
14228, 0.00286495
14229, 0.00286512
14230, 0.00286530
14231, 0.00286547
14232, 0.00286565
14233, 0.00286589
14234, 0.00286606
14235, 0.00286624
14236, 0.00286641
14237, 0.00286659
14238, 0.00286677
14239, 0.00286694
14240, 0.00286711
14241, 0.00286729
14242, 0.00286748
14243, 0.00287205
14244, 0.00287225
14245, 0.00287244
14246, 0.00287262
14247, 0.00287281
14248, 0.00287299
14249, 0.00287317
14250, 0.00287334
14251, 0.00287352
14252, 0.00287369
14253, 0.00287386
14254, 0.00287404
14255, 0.00287421
14256, 0.00287439
14257, 0.00287456
14258, 0.00287473
14259, 0.00287491
14260, 0.00287508
14261, 0.00287526
14262, 0.00287543
14263, 0.00287560
14264, 0.00287578
14265, 0.00287595
14266, 0.00287613
14267, 0.00287630
14268, 0.00287647
14269, 0.00287665
14270, 0.00287682
14271, 0.00287699
14272, 0.00287716
14273, 0.00287733
14274, 0.00287751
14275, 0.00287768
14276, 0.00287789
14277, 0.00287806
14278, 0.00287824
14279, 0.00287841
14280, 0.00287858
14281, 0.00287875
14282, 0.00287893
14283, 0.00287910
14284, 0.00287927
14285, 0.00287945
14286, 0.00287962
14287, 0.00287980
14288, 0.00287997
14289, 0.00288014
14290, 0.00288031
14291, 0.00288049
14292, 0.00288066
14293, 0.00288083
14294, 0.00288101
14295, 0.00288119
14296, 0.00288136
14297, 0.00288153
14298, 0.00288171
14299, 0.00288188
14300, 0.00288205
14301, 0.00288222
14302, 0.00288241
14303, 0.00288259
14304, 0.00288277
14305, 0.00288295
14306, 0.00288312
14307, 0.00288330
14308, 0.00288347
14309, 0.00288364
14310, 0.00288382
14311, 0.00288399
14312, 0.00288417
14313, 0.00288434
14314, 0.00288451
14315, 0.00288469
14316, 0.00288486
14317, 0.00288503
14318, 0.00288521
14319, 0.00288538
14320, 0.00288556
14321, 0.00288573
14322, 0.00288591
14323, 0.00288608
14324, 0.00288625
14325, 0.00288642
14326, 0.00288660
14327, 0.00288677
14328, 0.00288694
14329, 0.00288712
14330, 0.00288729
14331, 0.00288746
14332, 0.00288763
14333, 0.00288781
14334, 0.00288798
14335, 0.00288828
14336, 0.00288846
14337, 0.00288863
14338, 0.00288881
14339, 0.00288898
14340, 0.00288917
14341, 0.00288935
14342, 0.00288952
14343, 0.00288969
14344, 0.00288986
14345, 0.00289004
14346, 0.00289021
14347, 0.00289039
14348, 0.00289056
14349, 0.00289073
14350, 0.00289091
14351, 0.00289115
14352, 0.00289132
14353, 0.00289150
14354, 0.00289167
14355, 0.00289184
14356, 0.00289202
14357, 0.00289219
14358, 0.00289236
14359, 0.00289261
14360, 0.00289278
14361, 0.00289296
14362, 0.00289313
14363, 0.00289330
14364, 0.00289348
14365, 0.00289365
14366, 0.00289383
14367, 0.00289407
14368, 0.00289427
14369, 0.00289672
14370, 0.00289692
14371, 0.00289710
14372, 0.00289728
14373, 0.00289745
14374, 0.00289763
14375, 0.00289787
14376, 0.00289805
14377, 0.00289822
14378, 0.00289839
14379, 0.00289857
14380, 0.00289874
14381, 0.00289892
14382, 0.00289909
14383, 0.00289933
14384, 0.00289951
14385, 0.00289969
14386, 0.00289986
14387, 0.00290004
14388, 0.00290021
14389, 0.00290039
14390, 0.00290056
14391, 0.00290074
14392, 0.00290091
14393, 0.00290109
14394, 0.00290128
14395, 0.00290146
14396, 0.00290163
14397, 0.00290181
14398, 0.00290198
14399, 0.00290216
14400, 0.00290234
14401, 0.00290251
14402, 0.00290269
14403, 0.00290286
14404, 0.00290304
14405, 0.00290321
14406, 0.00290339
14407, 0.00290357
14408, 0.00290374
14409, 0.00290391
14410, 0.00290409
14411, 0.00290426
14412, 0.00290443
14413, 0.00290461
14414, 0.00290478
14415, 0.00290496
14416, 0.00290513
14417, 0.00290530
14418, 0.00290548
14419, 0.00290565
14420, 0.00290583
14421, 0.00290600
14422, 0.00290617
14423, 0.00290635
14424, 0.00290652
14425, 0.00290669
14426, 0.00290687
14427, 0.00290704
14428, 0.00290722
14429, 0.00290739
14430, 0.00290756
14431, 0.00290774
14432, 0.00290791
14433, 0.00290808
14434, 0.00290826
14435, 0.00290843
14436, 0.00290861
14437, 0.00290878
14438, 0.00290895
14439, 0.00290913
14440, 0.00290930
14441, 0.00290947
14442, 0.00290965
14443, 0.00290982
14444, 0.00290999
14445, 0.00291017
14446, 0.00291034
14447, 0.00291052
14448, 0.00291076
14449, 0.00291093
14450, 0.00291110
14451, 0.00291128
14452, 0.00291145
14453, 0.00291162
14454, 0.00291180
14455, 0.00291197
14456, 0.00291214
14457, 0.00291232
14458, 0.00291249
14459, 0.00291267
14460, 0.00291284
14461, 0.00291302
14462, 0.00291320
14463, 0.00291337
14464, 0.00291355
14465, 0.00291372
14466, 0.00291391
14467, 0.00291408
14468, 0.00291426
14469, 0.00291444
14470, 0.00291461
14471, 0.00291478
14472, 0.00291496
14473, 0.00291513
14474, 0.00291531
14475, 0.00291549
14476, 0.00291566
14477, 0.00291583
14478, 0.00291601
14479, 0.00291618
14480, 0.00291636
14481, 0.00291654
14482, 0.00291671
14483, 0.00291689
14484, 0.00291706
14485, 0.00291724
14486, 0.00291742
14487, 0.00291760
14488, 0.00291778
14489, 0.00291795
14490, 0.00291813
14491, 0.00291837
14492, 0.00291855
14493, 0.00291872
14494, 0.00291891
14495, 0.00292115
14496, 0.00292135
14497, 0.00292153
14498, 0.00292171
14499, 0.00292188
14500, 0.00292206
14501, 0.00292223
14502, 0.00292240
14503, 0.00292257
14504, 0.00292275
14505, 0.00292292
14506, 0.00292310
14507, 0.00292327
14508, 0.00292344
14509, 0.00292362
14510, 0.00292379
14511, 0.00292396
14512, 0.00292413
14513, 0.00292430
14514, 0.00292448
14515, 0.00292468
14516, 0.00292485
14517, 0.00292502
14518, 0.00292520
14519, 0.00292537
14520, 0.00292554
14521, 0.00292572
14522, 0.00292589
14523, 0.00292606
14524, 0.00292624
14525, 0.00292641
14526, 0.00292658
14527, 0.00292676
14528, 0.00292693
14529, 0.00292711
14530, 0.00292728
14531, 0.00292746
14532, 0.00292763
14533, 0.00292780
14534, 0.00292798
14535, 0.00292815
14536, 0.00292833
14537, 0.00292850
14538, 0.00292868
14539, 0.00292885
14540, 0.00292903
14541, 0.00292920
14542, 0.00292938
14543, 0.00292955
14544, 0.00292973
14545, 0.00292990
14546, 0.00293008
14547, 0.00293025
14548, 0.00293042
14549, 0.00293060
14550, 0.00293077
14551, 0.00293095
14552, 0.00293112
14553, 0.00293129
14554, 0.00293147
14555, 0.00293164
14556, 0.00293181
14557, 0.00293199
14558, 0.00293216
14559, 0.00293233
14560, 0.00293251
14561, 0.00293268
14562, 0.00293286
14563, 0.00293303
14564, 0.00293321
14565, 0.00293338
14566, 0.00293356
14567, 0.00293373
14568, 0.00293391
14569, 0.00293408
14570, 0.00293425
14571, 0.00293443
14572, 0.00293460
14573, 0.00293477
14574, 0.00293495
14575, 0.00293512
14576, 0.00293529
14577, 0.00293546
14578, 0.00293564
14579, 0.00293581
14580, 0.00293598
14581, 0.00293616
14582, 0.00293633
14583, 0.00293650
14584, 0.00293668
14585, 0.00293685
14586, 0.00293703
14587, 0.00293720
14588, 0.00293737
14589, 0.00293755
14590, 0.00293772
14591, 0.00293790
14592, 0.00293807
14593, 0.00293824
14594, 0.00293842
14595, 0.00293859
14596, 0.00293876
14597, 0.00293894
14598, 0.00293911
14599, 0.00293929
14600, 0.00293946
14601, 0.00293964
14602, 0.00293981
14603, 0.00293999
14604, 0.00294016
14605, 0.00294034
14606, 0.00294051
14607, 0.00294068
14608, 0.00294086
14609, 0.00294103
14610, 0.00294120
14611, 0.00294138
14612, 0.00294155
14613, 0.00294172
14614, 0.00294190
14615, 0.00294207
14616, 0.00294224
14617, 0.00294241
14618, 0.00294259
14619, 0.00294276
14620, 0.00294295
14621, 0.00294508
14622, 0.00294527
14623, 0.00294545
14624, 0.00294563
14625, 0.00294580
14626, 0.00294597
14627, 0.00294615
14628, 0.00294632
14629, 0.00294650
14630, 0.00294667
14631, 0.00294684
14632, 0.00294701
14633, 0.00294719
14634, 0.00294736
14635, 0.00294753
14636, 0.00294770
14637, 0.00294788
14638, 0.00294805
14639, 0.00294822
14640, 0.00294840
14641, 0.00294857
14642, 0.00294874
14643, 0.00294891
14644, 0.00294908
14645, 0.00294925
14646, 0.00294943
14647, 0.00294960
14648, 0.00294977
14649, 0.00294994
14650, 0.00295011
14651, 0.00295030
14652, 0.00295047
14653, 0.00295065
14654, 0.00295082
14655, 0.00295100
14656, 0.00295118
14657, 0.00295135
14658, 0.00295152
14659, 0.00295169
14660, 0.00295187
14661, 0.00295204
14662, 0.00295221
14663, 0.00295239
14664, 0.00295256
14665, 0.00295273
14666, 0.00295290
14667, 0.00295308
14668, 0.00295326
14669, 0.00295343
14670, 0.00295361
14671, 0.00295378
14672, 0.00295396
14673, 0.00295413
14674, 0.00295430
14675, 0.00295448
14676, 0.00295465
14677, 0.00295482
14678, 0.00295500
14679, 0.00295517
14680, 0.00295534
14681, 0.00295551
14682, 0.00295569
14683, 0.00295586
14684, 0.00295604
14685, 0.00295621
14686, 0.00295639
14687, 0.00295656
14688, 0.00295673
14689, 0.00295691
14690, 0.00295708
14691, 0.00295726
14692, 0.00295743
14693, 0.00295761
14694, 0.00295778
14695, 0.00295802
14696, 0.00295819
14697, 0.00295837
14698, 0.00295855
14699, 0.00295872
14700, 0.00295889
14701, 0.00295907
14702, 0.00295924
14703, 0.00295941
14704, 0.00295959
14705, 0.00295976
14706, 0.00295993
14707, 0.00296011
14708, 0.00296028
14709, 0.00296046
14710, 0.00296063
14711, 0.00296081
14712, 0.00296099
14713, 0.00296117
14714, 0.00296134
14715, 0.00296152
14716, 0.00296169
14717, 0.00296187
14718, 0.00296204
14719, 0.00296221
14720, 0.00296238
14721, 0.00296255
14722, 0.00296273
14723, 0.00296290
14724, 0.00296307
14725, 0.00296325
14726, 0.00296343
14727, 0.00296361
14728, 0.00296379
14729, 0.00296396
14730, 0.00296413
14731, 0.00296431
14732, 0.00296448
14733, 0.00296466
14734, 0.00296483
14735, 0.00296501
14736, 0.00296518
14737, 0.00296536
14738, 0.00296553
14739, 0.00296570
14740, 0.00296588
14741, 0.00296605
14742, 0.00296623
14743, 0.00296640
14744, 0.00296658
14745, 0.00296675
14746, 0.00296694
14747, 0.00296920
14748, 0.00296938
14749, 0.00296956
14750, 0.00296974
14751, 0.00296992
14752, 0.00297010
14753, 0.00297028
14754, 0.00297045
14755, 0.00297063
14756, 0.00297081
14757, 0.00297099
14758, 0.00297116
14759, 0.00297134
14760, 0.00297151
14761, 0.00297169
14762, 0.00297187
14763, 0.00297205
14764, 0.00297223
14765, 0.00297242
14766, 0.00297260
14767, 0.00297278
14768, 0.00297296
14769, 0.00297315
14770, 0.00297333
14771, 0.00297351
14772, 0.00297369
14773, 0.00297388
14774, 0.00297406
14775, 0.00297425
14776, 0.00297443
14777, 0.00297461
14778, 0.00297479
14779, 0.00297497
14780, 0.00297516
14781, 0.00297534
14782, 0.00297552
14783, 0.00297571
14784, 0.00297589
14785, 0.00297607
14786, 0.00297625
14787, 0.00297643
14788, 0.00297661
14789, 0.00297679
14790, 0.00297697
14791, 0.00297715
14792, 0.00297734
14793, 0.00297752
14794, 0.00297770
14795, 0.00297788
14796, 0.00297807
14797, 0.00297825
14798, 0.00297843
14799, 0.00297861
14800, 0.00297879
14801, 0.00297897
14802, 0.00297916
14803, 0.00297934
14804, 0.00297952
14805, 0.00297970
14806, 0.00297988
14807, 0.00298006
14808, 0.00298024
14809, 0.00298043
14810, 0.00298061
14811, 0.00298079
14812, 0.00298097
14813, 0.00298115
14814, 0.00298133
14815, 0.00298152
14816, 0.00298170
14817, 0.00298188
14818, 0.00298206
14819, 0.00298225
14820, 0.00298243
14821, 0.00298261
14822, 0.00298279
14823, 0.00298297
14824, 0.00298316
14825, 0.00298334
14826, 0.00298352
14827, 0.00298371
14828, 0.00298389
14829, 0.00298407
14830, 0.00298426
14831, 0.00298444
14832, 0.00298462
14833, 0.00298480
14834, 0.00298499
14835, 0.00298517
14836, 0.00298535
14837, 0.00298553
14838, 0.00298571
14839, 0.00298589
14840, 0.00298607
14841, 0.00298626
14842, 0.00298644
14843, 0.00298662
14844, 0.00298680
14845, 0.00298698
14846, 0.00298717
14847, 0.00298752
14848, 0.00298771
14849, 0.00298789
14850, 0.00298807
14851, 0.00298825
14852, 0.00298843
14853, 0.00298862
14854, 0.00298880
14855, 0.00298905
14856, 0.00298923
14857, 0.00298942
14858, 0.00298960
14859, 0.00298978
14860, 0.00298996
14861, 0.00299014
14862, 0.00299033
14863, 0.00299059
14864, 0.00299077
14865, 0.00299095
14866, 0.00299113
14867, 0.00299131
14868, 0.00299149
14869, 0.00299167
14870, 0.00299185
14871, 0.00299211
14872, 0.00299230
14873, 0.00299447
14874, 0.00299467
14875, 0.00299485
14876, 0.00299502
14877, 0.00299520
14878, 0.00299537
14879, 0.00299563
14880, 0.00299580
14881, 0.00299597
14882, 0.00299614
14883, 0.00299632
14884, 0.00299649
14885, 0.00299667
14886, 0.00299684
14887, 0.00299710
14888, 0.00299727
14889, 0.00299744
14890, 0.00299761
14891, 0.00299780
14892, 0.00299798
14893, 0.00299815
14894, 0.00299832
14895, 0.00299856
14896, 0.00299874
14897, 0.00299891
14898, 0.00299908
14899, 0.00299926
14900, 0.00299943
14901, 0.00299961
14902, 0.00299978
14903, 0.00300003
14904, 0.00300020
14905, 0.00300038
14906, 0.00300055
14907, 0.00300073
14908, 0.00300090
14909, 0.00300109
14910, 0.00300126
14911, 0.00300144
14912, 0.00300162
14913, 0.00300179
14914, 0.00300197
14915, 0.00300214
14916, 0.00300231
14917, 0.00300248
14918, 0.00300266
14919, 0.00300283
14920, 0.00300301
14921, 0.00300318
14922, 0.00300335
14923, 0.00300353
14924, 0.00300370
14925, 0.00300387
14926, 0.00300405
14927, 0.00300422
14928, 0.00300439
14929, 0.00300457
14930, 0.00300474
14931, 0.00300491
14932, 0.00300508
14933, 0.00300525
14934, 0.00300543
14935, 0.00300560
14936, 0.00300578
14937, 0.00300595
14938, 0.00300613
14939, 0.00300630
14940, 0.00300647
14941, 0.00300665
14942, 0.00300682
14943, 0.00300699
14944, 0.00300716
14945, 0.00300734
14946, 0.00300751
14947, 0.00300769
14948, 0.00300786
14949, 0.00300804
14950, 0.00300821
14951, 0.00300838
14952, 0.00300855
14953, 0.00300873
14954, 0.00300890
14955, 0.00300907
14956, 0.00300925
14957, 0.00300942
14958, 0.00300960
14959, 0.00300977
14960, 0.00300994
14961, 0.00301012
14962, 0.00301029
14963, 0.00301047
14964, 0.00301065
14965, 0.00301084
14966, 0.00301102
14967, 0.00301119
14968, 0.00301136
14969, 0.00301154
14970, 0.00301171
14971, 0.00301188
14972, 0.00301206
14973, 0.00301224
14974, 0.00301241
14975, 0.00301258
14976, 0.00301276
14977, 0.00301293
14978, 0.00301311
14979, 0.00301328
14980, 0.00301346
14981, 0.00301363
14982, 0.00301380
14983, 0.00301398
14984, 0.00301415
14985, 0.00301432
14986, 0.00301450
14987, 0.00301467
14988, 0.00301485
14989, 0.00301502
14990, 0.00301520
14991, 0.00301537
14992, 0.00301555
14993, 0.00301572
14994, 0.00301590
14995, 0.00301607
14996, 0.00301625
14997, 0.00301642
14998, 0.00301661
14999, 0.00301874
15000, 0.00301895
15001, 0.00301913
15002, 0.00301931
15003, 0.00301949
15004, 0.00301967
15005, 0.00301985
15006, 0.00302003
15007, 0.00302021
15008, 0.00302039
15009, 0.00302056
15010, 0.00302074
15011, 0.00302094
15012, 0.00302111
15013, 0.00302131
15014, 0.00302149
15015, 0.00302167
15016, 0.00302184
15017, 0.00302202
15018, 0.00302219
15019, 0.00302237
15020, 0.00302255
15021, 0.00302273
15022, 0.00302291
15023, 0.00302309
15024, 0.00302328
15025, 0.00302345
15026, 0.00302363
15027, 0.00302381
15028, 0.00302398
15029, 0.00302416
15030, 0.00302434
15031, 0.00302453
15032, 0.00302471
15033, 0.00302488
15034, 0.00302506
15035, 0.00302524
15036, 0.00302542
15037, 0.00302560
15038, 0.00302578
15039, 0.00302597
15040, 0.00302617
15041, 0.00302635
15042, 0.00302653
15043, 0.00302670
15044, 0.00302688
15045, 0.00302705
15046, 0.00302723
15047, 0.00302741
15048, 0.00302759
15049, 0.00302777
15050, 0.00302795
15051, 0.00302813
15052, 0.00302831
15053, 0.00302848
15054, 0.00302866
15055, 0.00302886
15056, 0.00302903
15057, 0.00302921
15058, 0.00302938
15059, 0.00302956
15060, 0.00302974
15061, 0.00302992
15062, 0.00303010
15063, 0.00303028
15064, 0.00303045
15065, 0.00303064
15066, 0.00303083
15067, 0.00303101
15068, 0.00303119
15069, 0.00303137
15070, 0.00303155
15071, 0.00303173
15072, 0.00303191
15073, 0.00303209
15074, 0.00303227
15075, 0.00303245
15076, 0.00303263
15077, 0.00303281
15078, 0.00303299
15079, 0.00303318
15080, 0.00303336
15081, 0.00303355
15082, 0.00303373
15083, 0.00303392
15084, 0.00303410
15085, 0.00303428
15086, 0.00303446
15087, 0.00303465
15088, 0.00303483
15089, 0.00303501
15090, 0.00303520
15091, 0.00303538
15092, 0.00303556
15093, 0.00303573
15094, 0.00303591
15095, 0.00303611
15096, 0.00303628
15097, 0.00303646
15098, 0.00303664
15099, 0.00303682
15100, 0.00303701
15101, 0.00303719
15102, 0.00303740
15103, 0.00303758
15104, 0.00303775
15105, 0.00303793
15106, 0.00303811
15107, 0.00303828
15108, 0.00303846
15109, 0.00303864
15110, 0.00303882
15111, 0.00303899
15112, 0.00303917
15113, 0.00303934
15114, 0.00303952
15115, 0.00303970
15116, 0.00303987
15117, 0.00304005
15118, 0.00304023
15119, 0.00304041
15120, 0.00304059
15121, 0.00304078
15122, 0.00304096
15123, 0.00304114
15124, 0.00304133
15125, 0.00304346
15126, 0.00304366
15127, 0.00304384
15128, 0.00304401
15129, 0.00304419
15130, 0.00304437
15131, 0.00304454
15132, 0.00304472
15133, 0.00304489
15134, 0.00304507
15135, 0.00304524
15136, 0.00304542
15137, 0.00304559
15138, 0.00304577
15139, 0.00304594
15140, 0.00304612
15141, 0.00304630
15142, 0.00304647
15143, 0.00304665
15144, 0.00304683
15145, 0.00304700
15146, 0.00304719
15147, 0.00304737
15148, 0.00304755
15149, 0.00304772
15150, 0.00304792
15151, 0.00304809
15152, 0.00304827
15153, 0.00304844
15154, 0.00304862
15155, 0.00304880
15156, 0.00304899
15157, 0.00304917
15158, 0.00304935
15159, 0.00304953
15160, 0.00304971
15161, 0.00304990
15162, 0.00305008
15163, 0.00305026
15164, 0.00305043
15165, 0.00305061
15166, 0.00305079
15167, 0.00305096
15168, 0.00305114
15169, 0.00305131
15170, 0.00305151
15171, 0.00305168
15172, 0.00305186
15173, 0.00305203
15174, 0.00305221
15175, 0.00305238
15176, 0.00305256
15177, 0.00305273
15178, 0.00305290
15179, 0.00305308
15180, 0.00305325
15181, 0.00305343
15182, 0.00305360
15183, 0.00305378
15184, 0.00305395
15185, 0.00305412
15186, 0.00305430
15187, 0.00305453
15188, 0.00305470
15189, 0.00305488
15190, 0.00305505
15191, 0.00305523
15192, 0.00305540
15193, 0.00305558
15194, 0.00305575
15195, 0.00305592
15196, 0.00305610
15197, 0.00305627
15198, 0.00305645
15199, 0.00305662
15200, 0.00305680
15201, 0.00305697
15202, 0.00305714
15203, 0.00305732
15204, 0.00305749
15205, 0.00305767
15206, 0.00305784
15207, 0.00305801
15208, 0.00305819
15209, 0.00305836
15210, 0.00305853
15211, 0.00305871
15212, 0.00305889
15213, 0.00305906
15214, 0.00305923
15215, 0.00305941
15216, 0.00305959
15217, 0.00305977
15218, 0.00305994
15219, 0.00306011
15220, 0.00306029
15221, 0.00306046
15222, 0.00306064
15223, 0.00306082
15224, 0.00306099
15225, 0.00306117
15226, 0.00306134
15227, 0.00306151
15228, 0.00306169
15229, 0.00306186
15230, 0.00306204
15231, 0.00306221
15232, 0.00306239
15233, 0.00306256
15234, 0.00306273
15235, 0.00306290
15236, 0.00306308
15237, 0.00306325
15238, 0.00306342
15239, 0.00306360
15240, 0.00306377
15241, 0.00306395
15242, 0.00306412
15243, 0.00306430
15244, 0.00306447
15245, 0.00306464
15246, 0.00306482
15247, 0.00306499
15248, 0.00306516
15249, 0.00306534
15250, 0.00306553
15251, 0.00306760
15252, 0.00306779
15253, 0.00306797
15254, 0.00306815
15255, 0.00306832
15256, 0.00306850
15257, 0.00306868
15258, 0.00306886
15259, 0.00306903
15260, 0.00306921
15261, 0.00306938
15262, 0.00306955
15263, 0.00306973
15264, 0.00306990
15265, 0.00307008
15266, 0.00307026
15267, 0.00307043
15268, 0.00307061
15269, 0.00307078
15270, 0.00307096
15271, 0.00307113
15272, 0.00307131
15273, 0.00307149
15274, 0.00307166
15275, 0.00307184
15276, 0.00307201
15277, 0.00307219
15278, 0.00307236
15279, 0.00307254
15280, 0.00307271
15281, 0.00307289
15282, 0.00307306
15283, 0.00307323
15284, 0.00307341
15285, 0.00307358
15286, 0.00307376
15287, 0.00307394
15288, 0.00307411
15289, 0.00307429
15290, 0.00307447
15291, 0.00307464
15292, 0.00307482
15293, 0.00307499
15294, 0.00307517
15295, 0.00307540
15296, 0.00307559
15297, 0.00307577
15298, 0.00307595
15299, 0.00307612
15300, 0.00307630
15301, 0.00307647
15302, 0.00307665
15303, 0.00307682
15304, 0.00307700
15305, 0.00307717
15306, 0.00307735
15307, 0.00307753
15308, 0.00307776
15309, 0.00307794
15310, 0.00307811
15311, 0.00307829
15312, 0.00307846
15313, 0.00307863
15314, 0.00307881
15315, 0.00307898
15316, 0.00307916
15317, 0.00307934
15318, 0.00307951
15319, 0.00307969
15320, 0.00307986
15321, 0.00308004
15322, 0.00308022
15323, 0.00308039
15324, 0.00308056
15325, 0.00308074
15326, 0.00308091
15327, 0.00308109
15328, 0.00308126
15329, 0.00308144
15330, 0.00308161
15331, 0.00308179
15332, 0.00308196
15333, 0.00308214
15334, 0.00308231
15335, 0.00308249
15336, 0.00308266
15337, 0.00308284
15338, 0.00308301
15339, 0.00308319
15340, 0.00308336
15341, 0.00308354
15342, 0.00308372
15343, 0.00308389
15344, 0.00308407
15345, 0.00308424
15346, 0.00308442
15347, 0.00308459
15348, 0.00308476
15349, 0.00308494
15350, 0.00308511
15351, 0.00308529
15352, 0.00308546
15353, 0.00308564
15354, 0.00308581
15355, 0.00308599
15356, 0.00308616
15357, 0.00308634
15358, 0.00308651
15359, 0.00308680
15360, 0.00308699
15361, 0.00308716
15362, 0.00308734
15363, 0.00308751
15364, 0.00308769
15365, 0.00308786
15366, 0.00308804
15367, 0.00308821
15368, 0.00308839
15369, 0.00308857
15370, 0.00308874
15371, 0.00308891
15372, 0.00308909
15373, 0.00308927
15374, 0.00308944
15375, 0.00308962
15376, 0.00308981
15377, 0.00309190
15378, 0.00309210
15379, 0.00309228
15380, 0.00309246
15381, 0.00309263
15382, 0.00309281
15383, 0.00309298
15384, 0.00309315
15385, 0.00309333
15386, 0.00309351
15387, 0.00309368
15388, 0.00309385
15389, 0.00309403
15390, 0.00309420
15391, 0.00309437
15392, 0.00309455
15393, 0.00309474
15394, 0.00309492
15395, 0.00309510
15396, 0.00309528
15397, 0.00309546
15398, 0.00309564
15399, 0.00309583
15400, 0.00309601
15401, 0.00309619
15402, 0.00309636
15403, 0.00309654
15404, 0.00309671
15405, 0.00309688
15406, 0.00309706
15407, 0.00309723
15408, 0.00309741
15409, 0.00309759
15410, 0.00309776
15411, 0.00309793
15412, 0.00309810
15413, 0.00309828
15414, 0.00309846
15415, 0.00309872
15416, 0.00309891
15417, 0.00309909
15418, 0.00309926
15419, 0.00309944
15420, 0.00309961
15421, 0.00309979
15422, 0.00309997
15423, 0.00310014
15424, 0.00310032
15425, 0.00310049
15426, 0.00310067
15427, 0.00310084
15428, 0.00310102
15429, 0.00310119
15430, 0.00310136
15431, 0.00310154
15432, 0.00310171
15433, 0.00310189
15434, 0.00310206
15435, 0.00310224
15436, 0.00310242
15437, 0.00310259
15438, 0.00310276
15439, 0.00310294
15440, 0.00310311
15441, 0.00310328
15442, 0.00310346
15443, 0.00310363
15444, 0.00310381
15445, 0.00310398
15446, 0.00310416
15447, 0.00310434
15448, 0.00310451
15449, 0.00310470
15450, 0.00310490
15451, 0.00310507
15452, 0.00310524
15453, 0.00310541
15454, 0.00310559
15455, 0.00310576
15456, 0.00310594
15457, 0.00310611
15458, 0.00310628
15459, 0.00310646
15460, 0.00310663
15461, 0.00310680
15462, 0.00310698
15463, 0.00310715
15464, 0.00310733
15465, 0.00310750
15466, 0.00310767
15467, 0.00310785
15468, 0.00310803
15469, 0.00310820
15470, 0.00310838
15471, 0.00310856
15472, 0.00310873
15473, 0.00310891
15474, 0.00310912
15475, 0.00310930
15476, 0.00310947
15477, 0.00310965
15478, 0.00310982
15479, 0.00311000
15480, 0.00311017
15481, 0.00311035
15482, 0.00311052
15483, 0.00311070
15484, 0.00311087
15485, 0.00311105
15486, 0.00311122
15487, 0.00311141
15488, 0.00311159
15489, 0.00311176
15490, 0.00311194
15491, 0.00311212
15492, 0.00311229
15493, 0.00311246
15494, 0.00311263
15495, 0.00311281
15496, 0.00311298
15497, 0.00311316
15498, 0.00311333
15499, 0.00311350
15500, 0.00311368
15501, 0.00311386
15502, 0.00311406
15503, 0.00311615
15504, 0.00311634
15505, 0.00311651
15506, 0.00311669
15507, 0.00311686
15508, 0.00311704
15509, 0.00311721
15510, 0.00311738
15511, 0.00311756
15512, 0.00311773
15513, 0.00311790
15514, 0.00311808
15515, 0.00311825
15516, 0.00311842
15517, 0.00311859
15518, 0.00311876
15519, 0.00311894
15520, 0.00311911
15521, 0.00311928
15522, 0.00311945
15523, 0.00311963
15524, 0.00311981
15525, 0.00311999
15526, 0.00312017
15527, 0.00312035
15528, 0.00312052
15529, 0.00312069
15530, 0.00312087
15531, 0.00312104
15532, 0.00312122
15533, 0.00312139
15534, 0.00312156
15535, 0.00312176
15536, 0.00312193
15537, 0.00312210
15538, 0.00312228
15539, 0.00312245
15540, 0.00312262
15541, 0.00312279
15542, 0.00312297
15543, 0.00312314
15544, 0.00312332
15545, 0.00312350
15546, 0.00312367
15547, 0.00312384
15548, 0.00312402
15549, 0.00312419
15550, 0.00312437
15551, 0.00312457
15552, 0.00312474
15553, 0.00312492
15554, 0.00312510
15555, 0.00312527
15556, 0.00312544
15557, 0.00312562
15558, 0.00312579
15559, 0.00312596
15560, 0.00312614
15561, 0.00312631
15562, 0.00312648
15563, 0.00312666
15564, 0.00312683
15565, 0.00312701
15566, 0.00312718
15567, 0.00312736
15568, 0.00312753
15569, 0.00312771
15570, 0.00312788
15571, 0.00312806
15572, 0.00312823
15573, 0.00312841
15574, 0.00312858
15575, 0.00312875
15576, 0.00312893
15577, 0.00312910
15578, 0.00312928
15579, 0.00312945
15580, 0.00312963
15581, 0.00312980
15582, 0.00312998
15583, 0.00313015
15584, 0.00313033
15585, 0.00313050
15586, 0.00313068
15587, 0.00313085
15588, 0.00313103
15589, 0.00313120
15590, 0.00313138
15591, 0.00313155
15592, 0.00313172
15593, 0.00313190
15594, 0.00313207
15595, 0.00313225
15596, 0.00313242
15597, 0.00313260
15598, 0.00313277
15599, 0.00313295
15600, 0.00313312
15601, 0.00313330
15602, 0.00313347
15603, 0.00313364
15604, 0.00313382
15605, 0.00313399
15606, 0.00313417
15607, 0.00313434
15608, 0.00313451
15609, 0.00313468
15610, 0.00313486
15611, 0.00313503
15612, 0.00313520
15613, 0.00313538
15614, 0.00313555
15615, 0.00313573
15616, 0.00313590
15617, 0.00313608
15618, 0.00313625
15619, 0.00313642
15620, 0.00313659
15621, 0.00313677
15622, 0.00313695
15623, 0.00313712
15624, 0.00313730
15625, 0.00313747
15626, 0.00313764
15627, 0.00313782
15628, 0.00313801
15629, 0.00314012
15630, 0.00314032
15631, 0.00314049
15632, 0.00314066
15633, 0.00314084
15634, 0.00314101
15635, 0.00314118
15636, 0.00314136
15637, 0.00314153
15638, 0.00314170
15639, 0.00314187
15640, 0.00314204
15641, 0.00314222
15642, 0.00314239
15643, 0.00314256
15644, 0.00314274
15645, 0.00314291
15646, 0.00314308
15647, 0.00314325
15648, 0.00314342
15649, 0.00314360
15650, 0.00314377
15651, 0.00314396
15652, 0.00314414
15653, 0.00314431
15654, 0.00314448
15655, 0.00314466
15656, 0.00314483
15657, 0.00314501
15658, 0.00314519
15659, 0.00314536
15660, 0.00314554
15661, 0.00314571
15662, 0.00314588
15663, 0.00314605
15664, 0.00314623
15665, 0.00314641
15666, 0.00314658
15667, 0.00314675
15668, 0.00314692
15669, 0.00314710
15670, 0.00314727
15671, 0.00314744
15672, 0.00314762
15673, 0.00314779
15674, 0.00314796
15675, 0.00314814
15676, 0.00314831
15677, 0.00314849
15678, 0.00314866
15679, 0.00314883
15680, 0.00314900
15681, 0.00314917
15682, 0.00314935
15683, 0.00314952
15684, 0.00314970
15685, 0.00314987
15686, 0.00315004
15687, 0.00315022
15688, 0.00315039
15689, 0.00315056
15690, 0.00315073
15691, 0.00315091
15692, 0.00315108
15693, 0.00315126
15694, 0.00315143
15695, 0.00315160
15696, 0.00315178
15697, 0.00315195
15698, 0.00315212
15699, 0.00315230
15700, 0.00315247
15701, 0.00315265
15702, 0.00315282
15703, 0.00315299
15704, 0.00315317
15705, 0.00315334
15706, 0.00315351
15707, 0.00315369
15708, 0.00315386
15709, 0.00315404
15710, 0.00315421
15711, 0.00315439
15712, 0.00315456
15713, 0.00315473
15714, 0.00315491
15715, 0.00315508
15716, 0.00315525
15717, 0.00315543
15718, 0.00315560
15719, 0.00315579
15720, 0.00315596
15721, 0.00315613
15722, 0.00315631
15723, 0.00315648
15724, 0.00315666
15725, 0.00315683
15726, 0.00315700
15727, 0.00315718
15728, 0.00315735
15729, 0.00315753
15730, 0.00315770
15731, 0.00315788
15732, 0.00315805
15733, 0.00315822
15734, 0.00315839
15735, 0.00315857
15736, 0.00315874
15737, 0.00315891
15738, 0.00315909
15739, 0.00315926
15740, 0.00315944
15741, 0.00315961
15742, 0.00315978
15743, 0.00315996
15744, 0.00316013
15745, 0.00316030
15746, 0.00316047
15747, 0.00316065
15748, 0.00316082
15749, 0.00316100
15750, 0.00316117
15751, 0.00316135
15752, 0.00316153
15753, 0.00316170
15754, 0.00316189
15755, 0.00316398
15756, 0.00316418
15757, 0.00316437
15758, 0.00316454
15759, 0.00316472
15760, 0.00316489
15761, 0.00316507
15762, 0.00316524
15763, 0.00316541
15764, 0.00316559
15765, 0.00316577
15766, 0.00316594
15767, 0.00316612
15768, 0.00316629
15769, 0.00316647
15770, 0.00316665
15771, 0.00316682
15772, 0.00316700
15773, 0.00316717
15774, 0.00316734
15775, 0.00316752
15776, 0.00316769
15777, 0.00316787
15778, 0.00316804
15779, 0.00316822
15780, 0.00316839
15781, 0.00316857
15782, 0.00316874
15783, 0.00316892
15784, 0.00316909
15785, 0.00316927
15786, 0.00316944
15787, 0.00316962
15788, 0.00316979
15789, 0.00316999
15790, 0.00317016
15791, 0.00317033
15792, 0.00317051
15793, 0.00317069
15794, 0.00317086
15795, 0.00317103
15796, 0.00317121
15797, 0.00317138
15798, 0.00317155
15799, 0.00317173
15800, 0.00317191
15801, 0.00317208
15802, 0.00317225
15803, 0.00317243
15804, 0.00317260
15805, 0.00317278
15806, 0.00317295
15807, 0.00317313
15808, 0.00317331
15809, 0.00317348
15810, 0.00317366
15811, 0.00317383
15812, 0.00317401
15813, 0.00317418
15814, 0.00317436
15815, 0.00317453
15816, 0.00317471
15817, 0.00317488
15818, 0.00317506
15819, 0.00317523
15820, 0.00317541
15821, 0.00317558
15822, 0.00317576
15823, 0.00317593
15824, 0.00317611
15825, 0.00317628
15826, 0.00317646
15827, 0.00317663
15828, 0.00317681
15829, 0.00317698
15830, 0.00317716
15831, 0.00317734
15832, 0.00317751
15833, 0.00317769
15834, 0.00317787
15835, 0.00317804
15836, 0.00317822
15837, 0.00317839
15838, 0.00317857
15839, 0.00317874
15840, 0.00317892
15841, 0.00317909
15842, 0.00317927
15843, 0.00317944
15844, 0.00317961
15845, 0.00317979
15846, 0.00317997
15847, 0.00318014
15848, 0.00318032
15849, 0.00318049
15850, 0.00318067
15851, 0.00318084
15852, 0.00318102
15853, 0.00318120
15854, 0.00318137
15855, 0.00318154
15856, 0.00318172
15857, 0.00318189
15858, 0.00318207
15859, 0.00318224
15860, 0.00318242
15861, 0.00318260
15862, 0.00318278
15863, 0.00318295
15864, 0.00318313
15865, 0.00318330
15866, 0.00318348
15867, 0.00318365
15868, 0.00318383
15869, 0.00318400
15870, 0.00318418
15871, 0.00318445
15872, 0.00318462
15873, 0.00318480
15874, 0.00318497
15875, 0.00318515
15876, 0.00318532
15877, 0.00318550
15878, 0.00318567
15879, 0.00318585
15880, 0.00318603
15881, 0.00318816
15882, 0.00318834
15883, 0.00318852
15884, 0.00318869
15885, 0.00318887
15886, 0.00318906
15887, 0.00318923
15888, 0.00318941
15889, 0.00318958
15890, 0.00318975
15891, 0.00318993
15892, 0.00319010
15893, 0.00319027
15894, 0.00319044
15895, 0.00319062
15896, 0.00319079
15897, 0.00319096
15898, 0.00319113
15899, 0.00319130
15900, 0.00319148
15901, 0.00319165
15902, 0.00319182
15903, 0.00319199
15904, 0.00319216
15905, 0.00319234
15906, 0.00319251
15907, 0.00319268
15908, 0.00319285
15909, 0.00319303
15910, 0.00319320
15911, 0.00319337
15912, 0.00319354
15913, 0.00319372
15914, 0.00319389
15915, 0.00319421
15916, 0.00319438
15917, 0.00319455
15918, 0.00319472
15919, 0.00319490
15920, 0.00319507
15921, 0.00319524
15922, 0.00319541
15923, 0.00319559
15924, 0.00319576
15925, 0.00319594
15926, 0.00319611
15927, 0.00319628
15928, 0.00319645
15929, 0.00319662
15930, 0.00319680
15931, 0.00319697
15932, 0.00319715
15933, 0.00319732
15934, 0.00319749
15935, 0.00319766
15936, 0.00319783
15937, 0.00319801
15938, 0.00319818
15939, 0.00319835
15940, 0.00319853
15941, 0.00319870
15942, 0.00319887
15943, 0.00319904
15944, 0.00319921
15945, 0.00319939
15946, 0.00319956
15947, 0.00319973
15948, 0.00319990
15949, 0.00320007
15950, 0.00320024
15951, 0.00320041
15952, 0.00320061
15953, 0.00320078
15954, 0.00320095
15955, 0.00320112
15956, 0.00320129
15957, 0.00320147
15958, 0.00320164
15959, 0.00320181
15960, 0.00320198
15961, 0.00320215
15962, 0.00320232
15963, 0.00320250
15964, 0.00320267
15965, 0.00320284
15966, 0.00320301
15967, 0.00320319
15968, 0.00320336
15969, 0.00320354
15970, 0.00320371
15971, 0.00320389
15972, 0.00320406
15973, 0.00320429
15974, 0.00320446
15975, 0.00320463
15976, 0.00320481
15977, 0.00320498
15978, 0.00320515
15979, 0.00320533
15980, 0.00320550
15981, 0.00320567
15982, 0.00320585
15983, 0.00320602
15984, 0.00320620
15985, 0.00320637
15986, 0.00320654
15987, 0.00320671
15988, 0.00320689
15989, 0.00320706
15990, 0.00320723
15991, 0.00320740
15992, 0.00320758
15993, 0.00320775
15994, 0.00320792
15995, 0.00320810
15996, 0.00320827
15997, 0.00320844
15998, 0.00320862
15999, 0.00320880
16000, 0.00320897
16001, 0.00320914
16002, 0.00320931
16003, 0.00320948
16004, 0.00320966
16005, 0.00320983
16006, 0.00321001
16007, 0.00321216
16008, 0.00321236
16009, 0.00321255
16010, 0.00321273
16011, 0.00321291
16012, 0.00321309
16013, 0.00321326
16014, 0.00321344
16015, 0.00321361
16016, 0.00321378
16017, 0.00321395
16018, 0.00321413
16019, 0.00321430
16020, 0.00321448
16021, 0.00321465
16022, 0.00321482
16023, 0.00321500
16024, 0.00321518
16025, 0.00321535
16026, 0.00321553
16027, 0.00321570
16028, 0.00321587
16029, 0.00321604
16030, 0.00321622
16031, 0.00321640
16032, 0.00321657
16033, 0.00321675
16034, 0.00321692
16035, 0.00321709
16036, 0.00321727
16037, 0.00321744
16038, 0.00321762
16039, 0.00321779
16040, 0.00321796
16041, 0.00321814
16042, 0.00321831
16043, 0.00321848
16044, 0.00321866
16045, 0.00321883
16046, 0.00321900
16047, 0.00321918
16048, 0.00321936
16049, 0.00321955
16050, 0.00321972
16051, 0.00321990
16052, 0.00322007
16053, 0.00322025
16054, 0.00322042
16055, 0.00322060
16056, 0.00322077
16057, 0.00322095
16058, 0.00322113
16059, 0.00322130
16060, 0.00322148
16061, 0.00322165
16062, 0.00322182
16063, 0.00322200
16064, 0.00322217
16065, 0.00322235
16066, 0.00322252
16067, 0.00322270
16068, 0.00322287
16069, 0.00322305
16070, 0.00322322
16071, 0.00322339
16072, 0.00322357
16073, 0.00322374
16074, 0.00322392
16075, 0.00322409
16076, 0.00322426
16077, 0.00322444
16078, 0.00322461
16079, 0.00322478
16080, 0.00322495
16081, 0.00322512
16082, 0.00322530
16083, 0.00322547
16084, 0.00322564
16085, 0.00322582
16086, 0.00322599
16087, 0.00322616
16088, 0.00322634
16089, 0.00322651
16090, 0.00322669
16091, 0.00322686
16092, 0.00322704
16093, 0.00322721
16094, 0.00322738
16095, 0.00322756
16096, 0.00322773
16097, 0.00322791
16098, 0.00322811
16099, 0.00322833
16100, 0.00322851
16101, 0.00322869
16102, 0.00322887
16103, 0.00322904
16104, 0.00322922
16105, 0.00322939
16106, 0.00322957
16107, 0.00322974
16108, 0.00322992
16109, 0.00323009
16110, 0.00323026
16111, 0.00323044
16112, 0.00323061
16113, 0.00323078
16114, 0.00323096
16115, 0.00323113
16116, 0.00323130
16117, 0.00323147
16118, 0.00323165
16119, 0.00323188
16120, 0.00323205
16121, 0.00323223
16122, 0.00323240
16123, 0.00323257
16124, 0.00323274
16125, 0.00323292
16126, 0.00323309
16127, 0.00323326
16128, 0.00323344
16129, 0.00323361
16130, 0.00323378
16131, 0.00323395
16132, 0.00323414
16133, 0.00323628
16134, 0.00323649
16135, 0.00323667
16136, 0.00323685
16137, 0.00323703
16138, 0.00323721
16139, 0.00323739
16140, 0.00323757
16141, 0.00323774
16142, 0.00323791
16143, 0.00323810
16144, 0.00323828
16145, 0.00323845
16146, 0.00323863
16147, 0.00323880
16148, 0.00323897
16149, 0.00323914
16150, 0.00323932
16151, 0.00323949
16152, 0.00323966
16153, 0.00323984
16154, 0.00324001
16155, 0.00324018
16156, 0.00324036
16157, 0.00324053
16158, 0.00324071
16159, 0.00324088
16160, 0.00324105
16161, 0.00324123
16162, 0.00324140
16163, 0.00324157
16164, 0.00324175
16165, 0.00324192
16166, 0.00324209
16167, 0.00324227
16168, 0.00324244
16169, 0.00324262
16170, 0.00324279
16171, 0.00324297
16172, 0.00324314
16173, 0.00324332
16174, 0.00324349
16175, 0.00324367
16176, 0.00324384
16177, 0.00324402
16178, 0.00324420
16179, 0.00324437
16180, 0.00324455
16181, 0.00324472
16182, 0.00324490
16183, 0.00324507
16184, 0.00324525
16185, 0.00324543
16186, 0.00324560
16187, 0.00324578
16188, 0.00324595
16189, 0.00324613
16190, 0.00324630
16191, 0.00324647
16192, 0.00324665
16193, 0.00324683
16194, 0.00324700
16195, 0.00324717
16196, 0.00324735
16197, 0.00324752
16198, 0.00324770
16199, 0.00324787
16200, 0.00324805
16201, 0.00324823
16202, 0.00324841
16203, 0.00324858
16204, 0.00324875
16205, 0.00324893
16206, 0.00324910
16207, 0.00324927
16208, 0.00324945
16209, 0.00324962
16210, 0.00324979
16211, 0.00324997
16212, 0.00325014
16213, 0.00325032
16214, 0.00325049
16215, 0.00325067
16216, 0.00325085
16217, 0.00325104
16218, 0.00325122
16219, 0.00325139
16220, 0.00325157
16221, 0.00325174
16222, 0.00325192
16223, 0.00325209
16224, 0.00325227
16225, 0.00325249
16226, 0.00325266
16227, 0.00325283
16228, 0.00325301
16229, 0.00325318
16230, 0.00325337
16231, 0.00325355
16232, 0.00325372
16233, 0.00325389
16234, 0.00325407
16235, 0.00325424
16236, 0.00325442
16237, 0.00325459
16238, 0.00325477
16239, 0.00325494
16240, 0.00325512
16241, 0.00325529
16242, 0.00325546
16243, 0.00325564
16244, 0.00325581
16245, 0.00325598
16246, 0.00325616
16247, 0.00325633
16248, 0.00325651
16249, 0.00325668
16250, 0.00325685
16251, 0.00325703
16252, 0.00325720
16253, 0.00325737
16254, 0.00325755
16255, 0.00325773
16256, 0.00325790
16257, 0.00325807
16258, 0.00325826
16259, 0.00326037
16260, 0.00326057
16261, 0.00326075
16262, 0.00326094
16263, 0.00326112
16264, 0.00326129
16265, 0.00326147
16266, 0.00326164
16267, 0.00326182
16268, 0.00326199
16269, 0.00326217
16270, 0.00326234
16271, 0.00326251
16272, 0.00326268
16273, 0.00326285
16274, 0.00326302
16275, 0.00326319
16276, 0.00326337
16277, 0.00326354
16278, 0.00326371
16279, 0.00326388
16280, 0.00326405
16281, 0.00326423
16282, 0.00326440
16283, 0.00326457
16284, 0.00326474
16285, 0.00326491
16286, 0.00326509
16287, 0.00326526
16288, 0.00326543
16289, 0.00326561
16290, 0.00326578
16291, 0.00326596
16292, 0.00326613
16293, 0.00326630
16294, 0.00326647
16295, 0.00326665
16296, 0.00326682
16297, 0.00326700
16298, 0.00326717
16299, 0.00326735
16300, 0.00326752
16301, 0.00326770
16302, 0.00326787
16303, 0.00326805
16304, 0.00326822
16305, 0.00326839
16306, 0.00326856
16307, 0.00326873
16308, 0.00326891
16309, 0.00326908
16310, 0.00326925
16311, 0.00326943
16312, 0.00326960
16313, 0.00326977
16314, 0.00326996
16315, 0.00327013
16316, 0.00327031
16317, 0.00327048
16318, 0.00327065
16319, 0.00327083
16320, 0.00327100
16321, 0.00327118
16322, 0.00327135
16323, 0.00327152
16324, 0.00327170
16325, 0.00327187
16326, 0.00327204
16327, 0.00327221
16328, 0.00327239
16329, 0.00327256
16330, 0.00327273
16331, 0.00327291
16332, 0.00327308
16333, 0.00327326
16334, 0.00327343
16335, 0.00327361
16336, 0.00327378
16337, 0.00327396
16338, 0.00327413
16339, 0.00327431
16340, 0.00327448
16341, 0.00327466
16342, 0.00327483
16343, 0.00327500
16344, 0.00327517
16345, 0.00327535
16346, 0.00327552
16347, 0.00327569
16348, 0.00327586
16349, 0.00327604
16350, 0.00327621
16351, 0.00327639
16352, 0.00327656
16353, 0.00327673
16354, 0.00327691
16355, 0.00327709
16356, 0.00327728
16357, 0.00327745
16358, 0.00327762
16359, 0.00327780
16360, 0.00327797
16361, 0.00327815
16362, 0.00327832
16363, 0.00327849
16364, 0.00327866
16365, 0.00327884
16366, 0.00327902
16367, 0.00327919
16368, 0.00327937
16369, 0.00327955
16370, 0.00327972
16371, 0.00327990
16372, 0.00328008
16373, 0.00328026
16374, 0.00328043
16375, 0.00328061
16376, 0.00328078
16377, 0.00328096
16378, 0.00328113
16379, 0.00328131
16380, 0.00328148
16381, 0.00328166
16382, 0.00328183
16383, 0.00328213
16384, 0.00328232
16385, 0.00328464
16386, 0.00328484
16387, 0.00328502
16388, 0.00328520
16389, 0.00328537
16390, 0.00328555
16391, 0.00328573
16392, 0.00328590
16393, 0.00328607
16394, 0.00328625
16395, 0.00328642
16396, 0.00328660
16397, 0.00328677
16398, 0.00328695
16399, 0.00328712
16400, 0.00328730
16401, 0.00328747
16402, 0.00328764
16403, 0.00328782
16404, 0.00328799
16405, 0.00328816
16406, 0.00328834
16407, 0.00328851
16408, 0.00328868
16409, 0.00328886
16410, 0.00328904
16411, 0.00328921
16412, 0.00328939
16413, 0.00328956
16414, 0.00328973
16415, 0.00328991
16416, 0.00329008
16417, 0.00329026
16418, 0.00329043
16419, 0.00329060
16420, 0.00329077
16421, 0.00329095
16422, 0.00329112
16423, 0.00329130
16424, 0.00329147
16425, 0.00329165
16426, 0.00329182
16427, 0.00329200
16428, 0.00329217
16429, 0.00329234
16430, 0.00329252
16431, 0.00329269
16432, 0.00329286
16433, 0.00329304
16434, 0.00329321
16435, 0.00329338
16436, 0.00329356
16437, 0.00329373
16438, 0.00329390
16439, 0.00329407
16440, 0.00329425
16441, 0.00329442
16442, 0.00329459
16443, 0.00329477
16444, 0.00329495
16445, 0.00329512
16446, 0.00329529
16447, 0.00329547
16448, 0.00329564
16449, 0.00329581
16450, 0.00329599
16451, 0.00329616
16452, 0.00329633
16453, 0.00329651
16454, 0.00329668
16455, 0.00329686
16456, 0.00329703
16457, 0.00329720
16458, 0.00329738
16459, 0.00329756
16460, 0.00329773
16461, 0.00329791
16462, 0.00329808
16463, 0.00329826
16464, 0.00329843
16465, 0.00329861
16466, 0.00329878
16467, 0.00329895
16468, 0.00329913
16469, 0.00329930
16470, 0.00329948
16471, 0.00329965
16472, 0.00329983
16473, 0.00330000
16474, 0.00330018
16475, 0.00330036
16476, 0.00330053
16477, 0.00330071
16478, 0.00330088
16479, 0.00330106
16480, 0.00330123
16481, 0.00330140
16482, 0.00330158
16483, 0.00330175
16484, 0.00330192
16485, 0.00330209
16486, 0.00330227
16487, 0.00330244
16488, 0.00330262
16489, 0.00330279
16490, 0.00330296
16491, 0.00330313
16492, 0.00330331
16493, 0.00330348
16494, 0.00330365
16495, 0.00330382
16496, 0.00330400
16497, 0.00330417
16498, 0.00330436
16499, 0.00330453
16500, 0.00330471
16501, 0.00330488
16502, 0.00330506
16503, 0.00330523
16504, 0.00330540
16505, 0.00330558
16506, 0.00330575
16507, 0.00330592
16508, 0.00330610
16509, 0.00330627
16510, 0.00330646
16511, 0.00330857
16512, 0.00330876
16513, 0.00330893
16514, 0.00330911
16515, 0.00330928
16516, 0.00330945
16517, 0.00330963
16518, 0.00330980
16519, 0.00330998
16520, 0.00331015
16521, 0.00331033
16522, 0.00331051
16523, 0.00331068
16524, 0.00331085
16525, 0.00331103
16526, 0.00331120
16527, 0.00331138
16528, 0.00331155
16529, 0.00331172
16530, 0.00331190
16531, 0.00331207
16532, 0.00331225
16533, 0.00331243
16534, 0.00331260
16535, 0.00331277
16536, 0.00331295
16537, 0.00331312
16538, 0.00331329
16539, 0.00331346
16540, 0.00331364
16541, 0.00331381
16542, 0.00331398
16543, 0.00331416
16544, 0.00331433
16545, 0.00331450
16546, 0.00331468
16547, 0.00331485
16548, 0.00331502
16549, 0.00331520
16550, 0.00331537
16551, 0.00331554
16552, 0.00331572
16553, 0.00331589
16554, 0.00331606
16555, 0.00331624
16556, 0.00331641
16557, 0.00331659
16558, 0.00331676
16559, 0.00331693
16560, 0.00331711
16561, 0.00331728
16562, 0.00331746
16563, 0.00331763
16564, 0.00331780
16565, 0.00331798
16566, 0.00331815
16567, 0.00331833
16568, 0.00331850
16569, 0.00331867
16570, 0.00331885
16571, 0.00331902
16572, 0.00331920
16573, 0.00331937
16574, 0.00331954
16575, 0.00331972
16576, 0.00331989
16577, 0.00332006
16578, 0.00332023
16579, 0.00332041
16580, 0.00332058
16581, 0.00332075
16582, 0.00332093
16583, 0.00332110
16584, 0.00332128
16585, 0.00332145
16586, 0.00332162
16587, 0.00332180
16588, 0.00332197
16589, 0.00332214
16590, 0.00332232
16591, 0.00332249
16592, 0.00332266
16593, 0.00332283
16594, 0.00332301
16595, 0.00332318
16596, 0.00332335
16597, 0.00332352
16598, 0.00332370
16599, 0.00332387
16600, 0.00332404
16601, 0.00332422
16602, 0.00332440
16603, 0.00332457
16604, 0.00332475
16605, 0.00332492
16606, 0.00332509
16607, 0.00332527
16608, 0.00332544
16609, 0.00332562
16610, 0.00332579
16611, 0.00332596
16612, 0.00332614
16613, 0.00332631
16614, 0.00332650
16615, 0.00332667
16616, 0.00332685
16617, 0.00332702
16618, 0.00332719
16619, 0.00332737
16620, 0.00332754
16621, 0.00332771
16622, 0.00332789
16623, 0.00332806
16624, 0.00332824
16625, 0.00332841
16626, 0.00332859
16627, 0.00332876
16628, 0.00332894
16629, 0.00332911
16630, 0.00332928
16631, 0.00332946
16632, 0.00332964
16633, 0.00332981
16634, 0.00332998
16635, 0.00333015
16636, 0.00333034
16637, 0.00333263
16638, 0.00333283
16639, 0.00333300
16640, 0.00333318
16641, 0.00333336
16642, 0.00333353
16643, 0.00333371
16644, 0.00333388
16645, 0.00333406
16646, 0.00333423
16647, 0.00333440
16648, 0.00333458
16649, 0.00333475
16650, 0.00333492
16651, 0.00333510
16652, 0.00333527
16653, 0.00333544
16654, 0.00333561
16655, 0.00333578
16656, 0.00333595
16657, 0.00333613
16658, 0.00333630
16659, 0.00333647
16660, 0.00333664
16661, 0.00333681
16662, 0.00333698
16663, 0.00333716
16664, 0.00333733
16665, 0.00333750
16666, 0.00333767
16667, 0.00333785
16668, 0.00333802
16669, 0.00333819
16670, 0.00333837
16671, 0.00333855
16672, 0.00333872
16673, 0.00333889
16674, 0.00333907
16675, 0.00333924
16676, 0.00333941
16677, 0.00333959
16678, 0.00333976
16679, 0.00333993
16680, 0.00334010
16681, 0.00334027
16682, 0.00334044
16683, 0.00334061
16684, 0.00334078
16685, 0.00334095
16686, 0.00334112
16687, 0.00334129
16688, 0.00334147
16689, 0.00334164
16690, 0.00334182
16691, 0.00334199
16692, 0.00334216
16693, 0.00334233
16694, 0.00334251
16695, 0.00334268
16696, 0.00334285
16697, 0.00334303
16698, 0.00334320
16699, 0.00334339
16700, 0.00334357
16701, 0.00334374
16702, 0.00334391
16703, 0.00334408
16704, 0.00334426
16705, 0.00334443
16706, 0.00334461
16707, 0.00334478
16708, 0.00334495
16709, 0.00334513
16710, 0.00334530
16711, 0.00334547
16712, 0.00334564
16713, 0.00334581
16714, 0.00334599
16715, 0.00334616
16716, 0.00334633
16717, 0.00334650
16718, 0.00334667
16719, 0.00334684
16720, 0.00334702
16721, 0.00334719
16722, 0.00334736
16723, 0.00334753
16724, 0.00334771
16725, 0.00334788
16726, 0.00334805
16727, 0.00334824
16728, 0.00334841
16729, 0.00334858
16730, 0.00334875
16731, 0.00334893
16732, 0.00334910
16733, 0.00334928
16734, 0.00334947
16735, 0.00334965
16736, 0.00334982
16737, 0.00334999
16738, 0.00335017
16739, 0.00335034
16740, 0.00335051
16741, 0.00335069
16742, 0.00335086
16743, 0.00335103
16744, 0.00335120
16745, 0.00335138
16746, 0.00335155
16747, 0.00335173
16748, 0.00335190
16749, 0.00335207
16750, 0.00335224
16751, 0.00335241
16752, 0.00335259
16753, 0.00335276
16754, 0.00335293
16755, 0.00335311
16756, 0.00335328
16757, 0.00335345
16758, 0.00335363
16759, 0.00335380
16760, 0.00335397
16761, 0.00335415
16762, 0.00335433
16763, 0.00335646
16764, 0.00335666
16765, 0.00335684
16766, 0.00335701
16767, 0.00335719
16768, 0.00335736
16769, 0.00335753
16770, 0.00335771
16771, 0.00335788
16772, 0.00335805
16773, 0.00335823
16774, 0.00335840
16775, 0.00335858
16776, 0.00335875
16777, 0.00335893
16778, 0.00335911
16779, 0.00335928
16780, 0.00335946
16781, 0.00335963
16782, 0.00335981
16783, 0.00335999
16784, 0.00336016
16785, 0.00336036
16786, 0.00336053
16787, 0.00336071
16788, 0.00336088
16789, 0.00336106
16790, 0.00336123
16791, 0.00336140
16792, 0.00336157
16793, 0.00336174
16794, 0.00336192
16795, 0.00336210
16796, 0.00336227
16797, 0.00336245
16798, 0.00336262
16799, 0.00336280
16800, 0.00336297
16801, 0.00336315
16802, 0.00336334
16803, 0.00336351
16804, 0.00336369
16805, 0.00336386
16806, 0.00336404
16807, 0.00336421
16808, 0.00336439
16809, 0.00336456
16810, 0.00336474
16811, 0.00336491
16812, 0.00336509
16813, 0.00336526
16814, 0.00336544
16815, 0.00336561
16816, 0.00336579
16817, 0.00336597
16818, 0.00336615
16819, 0.00336633
16820, 0.00336651
16821, 0.00336668
16822, 0.00336686
16823, 0.00336703
16824, 0.00336721
16825, 0.00336739
16826, 0.00336756
16827, 0.00336774
16828, 0.00336792
16829, 0.00336810
16830, 0.00336828
16831, 0.00336845
16832, 0.00336863
16833, 0.00336881
16834, 0.00336898
16835, 0.00336915
16836, 0.00336933
16837, 0.00336950
16838, 0.00336968
16839, 0.00336985
16840, 0.00337003
16841, 0.00337021
16842, 0.00337038
16843, 0.00337056
16844, 0.00337074
16845, 0.00337092
16846, 0.00337109
16847, 0.00337127
16848, 0.00337144
16849, 0.00337162
16850, 0.00337180
16851, 0.00337197
16852, 0.00337215
16853, 0.00337233
16854, 0.00337251
16855, 0.00337268
16856, 0.00337286
16857, 0.00337303
16858, 0.00337321
16859, 0.00337339
16860, 0.00337356
16861, 0.00337374
16862, 0.00337392
16863, 0.00337410
16864, 0.00337427
16865, 0.00337445
16866, 0.00337462
16867, 0.00337480
16868, 0.00337498
16869, 0.00337516
16870, 0.00337536
16871, 0.00337553
16872, 0.00337571
16873, 0.00337589
16874, 0.00337607
16875, 0.00337625
16876, 0.00337642
16877, 0.00337660
16878, 0.00337678
16879, 0.00337696
16880, 0.00337713
16881, 0.00337731
16882, 0.00337749
16883, 0.00337766
16884, 0.00337784
16885, 0.00337802
16886, 0.00337820
16887, 0.00337838
16888, 0.00337857
16889, 0.00338064
16890, 0.00338083
16891, 0.00338100
16892, 0.00338118
16893, 0.00338135
16894, 0.00338167
16895, 0.00338194
16896, 0.00338212
16897, 0.00338229
16898, 0.00338247
16899, 0.00338264
16900, 0.00338282
16901, 0.00338299
16902, 0.00338317
16903, 0.00338335
16904, 0.00338353
16905, 0.00338370
16906, 0.00338388
16907, 0.00338405
16908, 0.00338423
16909, 0.00338440
16910, 0.00338458
16911, 0.00338475
16912, 0.00338493
16913, 0.00338510
16914, 0.00338527
16915, 0.00338545
16916, 0.00338562
16917, 0.00338579
16918, 0.00338597
16919, 0.00338614
16920, 0.00338631
16921, 0.00338649
16922, 0.00338666
16923, 0.00338683
16924, 0.00338700
16925, 0.00338717
16926, 0.00338735
16927, 0.00338752
16928, 0.00338769
16929, 0.00338787
16930, 0.00338804
16931, 0.00338821
16932, 0.00338838
16933, 0.00338856
16934, 0.00338873
16935, 0.00338891
16936, 0.00338908
16937, 0.00338926
16938, 0.00338943
16939, 0.00338960
16940, 0.00338978
16941, 0.00338995
16942, 0.00339012
16943, 0.00339030
16944, 0.00339047
16945, 0.00339064
16946, 0.00339082
16947, 0.00339099
16948, 0.00339117
16949, 0.00339134
16950, 0.00339151
16951, 0.00339169
16952, 0.00339186
16953, 0.00339203
16954, 0.00339221
16955, 0.00339238
16956, 0.00339255
16957, 0.00339273
16958, 0.00339290
16959, 0.00339309
16960, 0.00339327
16961, 0.00339344
16962, 0.00339361
16963, 0.00339378
16964, 0.00339396
16965, 0.00339413
16966, 0.00339431
16967, 0.00339448
16968, 0.00339466
16969, 0.00339483
16970, 0.00339500
16971, 0.00339518
16972, 0.00339535
16973, 0.00339553
16974, 0.00339570
16975, 0.00339587
16976, 0.00339604
16977, 0.00339622
16978, 0.00339639
16979, 0.00339656
16980, 0.00339674
16981, 0.00339691
16982, 0.00339708
16983, 0.00339725
16984, 0.00339742
16985, 0.00339760
16986, 0.00339777
16987, 0.00339795
16988, 0.00339812
16989, 0.00339830
16990, 0.00339847
16991, 0.00339864
16992, 0.00339881
16993, 0.00339898
16994, 0.00339916
16995, 0.00339933
16996, 0.00339950
16997, 0.00339968
16998, 0.00339985
16999, 0.00340002
17000, 0.00340019
17001, 0.00340037
17002, 0.00340054
17003, 0.00340071
17004, 0.00340088
17005, 0.00340105
17006, 0.00340123
17007, 0.00340140
17008, 0.00340157
17009, 0.00340174
17010, 0.00340192
17011, 0.00340209
17012, 0.00340226
17013, 0.00340244
17014, 0.00340262
17015, 0.00340470
17016, 0.00340489
17017, 0.00340507
17018, 0.00340527
17019, 0.00340545
17020, 0.00340563
17021, 0.00340581
17022, 0.00340598
17023, 0.00340615
17024, 0.00340633
17025, 0.00340651
17026, 0.00340669
17027, 0.00340687
17028, 0.00340704
17029, 0.00340724
17030, 0.00340742
17031, 0.00340759
17032, 0.00340777
17033, 0.00340794
17034, 0.00340812
17035, 0.00340829
17036, 0.00340846
17037, 0.00340864
17038, 0.00340882
17039, 0.00340899
17040, 0.00340917
17041, 0.00340935
17042, 0.00340953
17043, 0.00340972
17044, 0.00340990
17045, 0.00341008
17046, 0.00341027
17047, 0.00341044
17048, 0.00341062
17049, 0.00341079
17050, 0.00341097
17051, 0.00341117
17052, 0.00341135
17053, 0.00341153
17054, 0.00341171
17055, 0.00341189
17056, 0.00341206
17057, 0.00341224
17058, 0.00341242
17059, 0.00341259
17060, 0.00341277
17061, 0.00341295
17062, 0.00341313
17063, 0.00341331
17064, 0.00341348
17065, 0.00341366
17066, 0.00341383
17067, 0.00341401
17068, 0.00341419
17069, 0.00341438
17070, 0.00341458
17071, 0.00341476
17072, 0.00341493
17073, 0.00341513
17074, 0.00341530
17075, 0.00341548
17076, 0.00341566
17077, 0.00341584
17078, 0.00341602
17079, 0.00341620
17080, 0.00341638
17081, 0.00341656
17082, 0.00341674
17083, 0.00341692
17084, 0.00341710
17085, 0.00341728
17086, 0.00341746
17087, 0.00341765
17088, 0.00341783
17089, 0.00341801
17090, 0.00341819
17091, 0.00341837
17092, 0.00341855
17093, 0.00341873
17094, 0.00341891
17095, 0.00341909
17096, 0.00341927
17097, 0.00341946
17098, 0.00341964
17099, 0.00341982
17100, 0.00342000
17101, 0.00342018
17102, 0.00342037
17103, 0.00342055
17104, 0.00342073
17105, 0.00342091
17106, 0.00342109
17107, 0.00342126
17108, 0.00342144
17109, 0.00342161
17110, 0.00342178
17111, 0.00342198
17112, 0.00342215
17113, 0.00342233
17114, 0.00342251
17115, 0.00342269
17116, 0.00342287
17117, 0.00342305
17118, 0.00342325
17119, 0.00342343
17120, 0.00342361
17121, 0.00342379
17122, 0.00342397
17123, 0.00342414
17124, 0.00342432
17125, 0.00342450
17126, 0.00342468
17127, 0.00342486
17128, 0.00342504
17129, 0.00342522
17130, 0.00342540
17131, 0.00342558
17132, 0.00342575
17133, 0.00342593
17134, 0.00342612
17135, 0.00342630
17136, 0.00342648
17137, 0.00342666
17138, 0.00342684
17139, 0.00342701
17140, 0.00342720
17141, 0.00342929
17142, 0.00342948
17143, 0.00342966
17144, 0.00342983
17145, 0.00343000
17146, 0.00343018
17147, 0.00343036
17148, 0.00343054
17149, 0.00343072
17150, 0.00343089
17151, 0.00343107
17152, 0.00343125
17153, 0.00343143
17154, 0.00343160
17155, 0.00343178
17156, 0.00343195
17157, 0.00343213
17158, 0.00343230
17159, 0.00343247
17160, 0.00343265
17161, 0.00343282
17162, 0.00343299
17163, 0.00343317
17164, 0.00343335
17165, 0.00343352
17166, 0.00343369
17167, 0.00343387
17168, 0.00343404
17169, 0.00343422
17170, 0.00343440
17171, 0.00343457
17172, 0.00343475
17173, 0.00343493
17174, 0.00343511
17175, 0.00343529
17176, 0.00343553
17177, 0.00343571
17178, 0.00343588
17179, 0.00343605
17180, 0.00343623
17181, 0.00343641
17182, 0.00343658
17183, 0.00343677
17184, 0.00343694
17185, 0.00343712
17186, 0.00343729
17187, 0.00343747
17188, 0.00343764
17189, 0.00343781
17190, 0.00343799
17191, 0.00343816
17192, 0.00343834
17193, 0.00343851
17194, 0.00343869
17195, 0.00343892
17196, 0.00343909
17197, 0.00343927
17198, 0.00343944
17199, 0.00343962
17200, 0.00343979
17201, 0.00343997
17202, 0.00344014
17203, 0.00344031
17204, 0.00344048
17205, 0.00344066
17206, 0.00344085
17207, 0.00344103
17208, 0.00344120
17209, 0.00344137
17210, 0.00344155
17211, 0.00344172
17212, 0.00344189
17213, 0.00344207
17214, 0.00344224
17215, 0.00344241
17216, 0.00344259
17217, 0.00344276
17218, 0.00344294
17219, 0.00344311
17220, 0.00344329
17221, 0.00344347
17222, 0.00344364
17223, 0.00344381
17224, 0.00344399
17225, 0.00344416
17226, 0.00344433
17227, 0.00344450
17228, 0.00344467
17229, 0.00344485
17230, 0.00344502
17231, 0.00344519
17232, 0.00344536
17233, 0.00344559
17234, 0.00344576
17235, 0.00344593
17236, 0.00344611
17237, 0.00346013
17238, 0.00346036
17239, 0.00346055
17240, 0.00346074
17241, 0.00346092
17242, 0.00346109
17243, 0.00346127
17244, 0.00346145
17245, 0.00346162
17246, 0.00346180
17247, 0.00346197
17248, 0.00346215
17249, 0.00346232
17250, 0.00346250
17251, 0.00346267
17252, 0.00346285
17253, 0.00346302
17254, 0.00346320
17255, 0.00346337
17256, 0.00346355
17257, 0.00346372
17258, 0.00346389
17259, 0.00346407
17260, 0.00346424
17261, 0.00346441
17262, 0.00346459
17263, 0.00346476
17264, 0.00346493
17265, 0.00346511
17266, 0.00346531
17267, 0.00346753
17268, 0.00346775
17269, 0.00346794
17270, 0.00346812
17271, 0.00346831
17272, 0.00346849
17273, 0.00346867
17274, 0.00346884
17275, 0.00346901
17276, 0.00346919
17277, 0.00346936
17278, 0.00346955
17279, 0.00346973
17280, 0.00346990
17281, 0.00347007
17282, 0.00347025
17283, 0.00347043
17284, 0.00347060
17285, 0.00347078
17286, 0.00347095
17287, 0.00347113
17288, 0.00347130
17289, 0.00347148
17290, 0.00347165
17291, 0.00347183
17292, 0.00347200
17293, 0.00347217
17294, 0.00347235
17295, 0.00347253
17296, 0.00347270
17297, 0.00347287
17298, 0.00347305
17299, 0.00347322
17300, 0.00347339
17301, 0.00347357
17302, 0.00347374
17303, 0.00347392
17304, 0.00347409
17305, 0.00347426
17306, 0.00347444
17307, 0.00347461
17308, 0.00347478
17309, 0.00347495
17310, 0.00347513
17311, 0.00347530
17312, 0.00347548
17313, 0.00347565
17314, 0.00347582
17315, 0.00347599
17316, 0.00347617
17317, 0.00347634
17318, 0.00347652
17319, 0.00347669
17320, 0.00347687
17321, 0.00347704
17322, 0.00347721
17323, 0.00347739
17324, 0.00347756
17325, 0.00347773
17326, 0.00347791
17327, 0.00347808
17328, 0.00347826
17329, 0.00347843
17330, 0.00347860
17331, 0.00347878
17332, 0.00347895
17333, 0.00347912
17334, 0.00347930
17335, 0.00347947
17336, 0.00347964
17337, 0.00347982
17338, 0.00347999
17339, 0.00348017
17340, 0.00348034
17341, 0.00348052
17342, 0.00348069
17343, 0.00348086
17344, 0.00348104
17345, 0.00348121
17346, 0.00348138
17347, 0.00348156
17348, 0.00348174
17349, 0.00348191
17350, 0.00348209
17351, 0.00348226
17352, 0.00348244
17353, 0.00348262
17354, 0.00348279
17355, 0.00348297
17356, 0.00348314
17357, 0.00348331
17358, 0.00348349
17359, 0.00348367
17360, 0.00348384
17361, 0.00348401
17362, 0.00348419
17363, 0.00348436
17364, 0.00348454
17365, 0.00348471
17366, 0.00348489
17367, 0.00348506
17368, 0.00348524
17369, 0.00348541
17370, 0.00348559
17371, 0.00348576
17372, 0.00348594
17373, 0.00348611
17374, 0.00348629
17375, 0.00348646
17376, 0.00348664
17377, 0.00348681
17378, 0.00348699
17379, 0.00348716
17380, 0.00348733
17381, 0.00348750
17382, 0.00348768
17383, 0.00348785
17384, 0.00348803
17385, 0.00348820
17386, 0.00348838
17387, 0.00348856
17388, 0.00348873
17389, 0.00348890
17390, 0.00348908
17391, 0.00348925
17392, 0.00348944
17393, 0.00349153
17394, 0.00349173
17395, 0.00349191
17396, 0.00349209
17397, 0.00349227
17398, 0.00349244
17399, 0.00349262
17400, 0.00349279
17401, 0.00349296
17402, 0.00349314
17403, 0.00349331
17404, 0.00349348
17405, 0.00349365
17406, 0.00349383
17407, 0.00349410
17408, 0.00349428
17409, 0.00349445
17410, 0.00349462
17411, 0.00349479
17412, 0.00349497
17413, 0.00349514
17414, 0.00349531
17415, 0.00349557
17416, 0.00349574
17417, 0.00349592
17418, 0.00349609
17419, 0.00349627
17420, 0.00349644
17421, 0.00349661
17422, 0.00349679
17423, 0.00349706
17424, 0.00349723
17425, 0.00349741
17426, 0.00349758
17427, 0.00349776
17428, 0.00349793
17429, 0.00349811
17430, 0.00349828
17431, 0.00349852
17432, 0.00349869
17433, 0.00349887
17434, 0.00349905
17435, 0.00349924
17436, 0.00349942
17437, 0.00349960
17438, 0.00349978
17439, 0.00349996
17440, 0.00350014
17441, 0.00350031
17442, 0.00350049
17443, 0.00350066
17444, 0.00350083
17445, 0.00350101
17446, 0.00350118
17447, 0.00350144
17448, 0.00350162
17449, 0.00350180
17450, 0.00350197
17451, 0.00350214
17452, 0.00350232
17453, 0.00350249
17454, 0.00350267
17455, 0.00350284
17456, 0.00350302
17457, 0.00350319
17458, 0.00350337
17459, 0.00350354
17460, 0.00350371
17461, 0.00350388
17462, 0.00350406
17463, 0.00350431
17464, 0.00350448
17465, 0.00350469
17466, 0.00350489
17467, 0.00350506
17468, 0.00350523
17469, 0.00350541
17470, 0.00350558
17471, 0.00350577
17472, 0.00350594
17473, 0.00350612
17474, 0.00350629
17475, 0.00350646
17476, 0.00350665
17477, 0.00350683
17478, 0.00350701
17479, 0.00350726
17480, 0.00350744
17481, 0.00350762
17482, 0.00350781
17483, 0.00350799
17484, 0.00350817
17485, 0.00350835
17486, 0.00350853
17487, 0.00350870
17488, 0.00350888
17489, 0.00350905
17490, 0.00350924
17491, 0.00350941
17492, 0.00350959
17493, 0.00350976
17494, 0.00350993
17495, 0.00351011
17496, 0.00351029
17497, 0.00351047
17498, 0.00351065
17499, 0.00351082
17500, 0.00351099
17501, 0.00351116
17502, 0.00351134
17503, 0.00351153
17504, 0.00351170
17505, 0.00351188
17506, 0.00351205
17507, 0.00351222
17508, 0.00351240
17509, 0.00351258
17510, 0.00351275
17511, 0.00351293
17512, 0.00351310
17513, 0.00351327
17514, 0.00351345
17515, 0.00351362
17516, 0.00351380
17517, 0.00351397
17518, 0.00351416
17519, 0.00351626
17520, 0.00351646
17521, 0.00351663
17522, 0.00351681
17523, 0.00351699
17524, 0.00351717
17525, 0.00351734
17526, 0.00351752
17527, 0.00351770
17528, 0.00351788
17529, 0.00351805
17530, 0.00351823
17531, 0.00351840
17532, 0.00351858
17533, 0.00351876
17534, 0.00351893
17535, 0.00351911
17536, 0.00351928
17537, 0.00351946
17538, 0.00351964
17539, 0.00351981
17540, 0.00351999
17541, 0.00352016
17542, 0.00352033
17543, 0.00352051
17544, 0.00352068
17545, 0.00352085
17546, 0.00352103
17547, 0.00352122
17548, 0.00352139
17549, 0.00352157
17550, 0.00352174
17551, 0.00352192
17552, 0.00352209
17553, 0.00352226
17554, 0.00352244
17555, 0.00352261
17556, 0.00352279
17557, 0.00352296
17558, 0.00352314
17559, 0.00352331
17560, 0.00352349
17561, 0.00352367
17562, 0.00352384
17563, 0.00352404
17564, 0.00352421
17565, 0.00352438
17566, 0.00352456
17567, 0.00352473
17568, 0.00352490
17569, 0.00352508
17570, 0.00352525
17571, 0.00352542
17572, 0.00352560
17573, 0.00352577
17574, 0.00352594
17575, 0.00352612
17576, 0.00352629
17577, 0.00352647
17578, 0.00352666
17579, 0.00352683
17580, 0.00352701
17581, 0.00352718
17582, 0.00352735
17583, 0.00352753
17584, 0.00352770
17585, 0.00352787
17586, 0.00352805
17587, 0.00352822
17588, 0.00352839
17589, 0.00352856
17590, 0.00352874
17591, 0.00352891
17592, 0.00352908
17593, 0.00352926
17594, 0.00352943
17595, 0.00352961
17596, 0.00352978
17597, 0.00352995
17598, 0.00353012
17599, 0.00353029
17600, 0.00353047
17601, 0.00353064
17602, 0.00353081
17603, 0.00353099
17604, 0.00353116
17605, 0.00353133
17606, 0.00353151
17607, 0.00353168
17608, 0.00353185
17609, 0.00353203
17610, 0.00353220
17611, 0.00353238
17612, 0.00353255
17613, 0.00353272
17614, 0.00353290
17615, 0.00353307
17616, 0.00353327
17617, 0.00353345
17618, 0.00353362
17619, 0.00353380
17620, 0.00353397
17621, 0.00353414
17622, 0.00353432
17623, 0.00353449
17624, 0.00353467
17625, 0.00353484
17626, 0.00353501
17627, 0.00353519
17628, 0.00353536
17629, 0.00353553
17630, 0.00353571
17631, 0.00353589
17632, 0.00353606
17633, 0.00353624
17634, 0.00353641
17635, 0.00353659
17636, 0.00353676
17637, 0.00353694
17638, 0.00353711
17639, 0.00353729
17640, 0.00353746
17641, 0.00353763
17642, 0.00353781
17643, 0.00353798
17644, 0.00353817
17645, 0.00354065
17646, 0.00354085
17647, 0.00354104
17648, 0.00354121
17649, 0.00354140
17650, 0.00354158
17651, 0.00354176
17652, 0.00354193
17653, 0.00354211
17654, 0.00354228
17655, 0.00354246
17656, 0.00354263
17657, 0.00354281
17658, 0.00354299
17659, 0.00354317
17660, 0.00354334
17661, 0.00354352
17662, 0.00354369
17663, 0.00354387
17664, 0.00354404
17665, 0.00354428
17666, 0.00354445
17667, 0.00354463
17668, 0.00354480
17669, 0.00354498
17670, 0.00354516
17671, 0.00354533
17672, 0.00354551
17673, 0.00354568
17674, 0.00354586
17675, 0.00354603
17676, 0.00354621
17677, 0.00354640
17678, 0.00354658
17679, 0.00354676
17680, 0.00354693
17681, 0.00354711
17682, 0.00354728
17683, 0.00354746
17684, 0.00354763
17685, 0.00354781
17686, 0.00354798
17687, 0.00354816
17688, 0.00354833
17689, 0.00354851
17690, 0.00354868
17691, 0.00354887
17692, 0.00354905
17693, 0.00354922
17694, 0.00354940
17695, 0.00354958
17696, 0.00354975
17697, 0.00354993
17698, 0.00355011
17699, 0.00355028
17700, 0.00355045
17701, 0.00355063
17702, 0.00355080
17703, 0.00355098
17704, 0.00355115
17705, 0.00355133
17706, 0.00355150
17707, 0.00355167
17708, 0.00355185
17709, 0.00355202
17710, 0.00355220
17711, 0.00355237
17712, 0.00355255
17713, 0.00355273
17714, 0.00355290
17715, 0.00355308
17716, 0.00355325
17717, 0.00355343
17718, 0.00355360
17719, 0.00355378
17720, 0.00355395
17721, 0.00355413
17722, 0.00355430
17723, 0.00355448
17724, 0.00355465
17725, 0.00355483
17726, 0.00355501
17727, 0.00355518
17728, 0.00355536
17729, 0.00355553
17730, 0.00355571
17731, 0.00355588
17732, 0.00355606
17733, 0.00355623
17734, 0.00355641
17735, 0.00355658
17736, 0.00355676
17737, 0.00355693
17738, 0.00355711
17739, 0.00355728
17740, 0.00355746
17741, 0.00355763
17742, 0.00355781
17743, 0.00355799
17744, 0.00355816
17745, 0.00355834
17746, 0.00355852
17747, 0.00355869
17748, 0.00355887
17749, 0.00355904
17750, 0.00355922
17751, 0.00355940
17752, 0.00355957
17753, 0.00355975
17754, 0.00355992
17755, 0.00356010
17756, 0.00356027
17757, 0.00356045
17758, 0.00356062
17759, 0.00356080
17760, 0.00356098
17761, 0.00356115
17762, 0.00356133
17763, 0.00356150
17764, 0.00356168
17765, 0.00356185
17766, 0.00356203
17767, 0.00356220
17768, 0.00356238
17769, 0.00356255
17770, 0.00356274
17771, 0.00356490
17772, 0.00356510
17773, 0.00356528
17774, 0.00356545
17775, 0.00356563
17776, 0.00356581
17777, 0.00356598
17778, 0.00356616
17779, 0.00356634
17780, 0.00356651
17781, 0.00356669
17782, 0.00356686
17783, 0.00356704
17784, 0.00356722
17785, 0.00356739
17786, 0.00356757
17787, 0.00356774
17788, 0.00356792
17789, 0.00356809
17790, 0.00356827
17791, 0.00356844
17792, 0.00356862
17793, 0.00356880
17794, 0.00356897
17795, 0.00356914
17796, 0.00356934
17797, 0.00356951
17798, 0.00356969
17799, 0.00356988
17800, 0.00357006
17801, 0.00357024
17802, 0.00357042
17803, 0.00357060
17804, 0.00357078
17805, 0.00357096
17806, 0.00357114
17807, 0.00357131
17808, 0.00357149
17809, 0.00357167
17810, 0.00357184
17811, 0.00357202
17812, 0.00357219
17813, 0.00357237
17814, 0.00357254
17815, 0.00357272
17816, 0.00357289
17817, 0.00357307
17818, 0.00357324
17819, 0.00357342
17820, 0.00357360
17821, 0.00357378
17822, 0.00357396
17823, 0.00357413
17824, 0.00357431
17825, 0.00357448
17826, 0.00357465
17827, 0.00357483
17828, 0.00357500
17829, 0.00357518
17830, 0.00357536
17831, 0.00357553
17832, 0.00357571
17833, 0.00357588
17834, 0.00357606
17835, 0.00357623
17836, 0.00357641
17837, 0.00357658
17838, 0.00357676
17839, 0.00357693
17840, 0.00357711
17841, 0.00357729
17842, 0.00357746
17843, 0.00357764
17844, 0.00357781
17845, 0.00357799
17846, 0.00357816
17847, 0.00357834
17848, 0.00357851
17849, 0.00357869
17850, 0.00357886
17851, 0.00357904
17852, 0.00357921
17853, 0.00357938
17854, 0.00357956
17855, 0.00357974
17856, 0.00357991
17857, 0.00358009
17858, 0.00358026
17859, 0.00358044
17860, 0.00358061
17861, 0.00358079
17862, 0.00358096
17863, 0.00358115
17864, 0.00358132
17865, 0.00358150
17866, 0.00358167
17867, 0.00358185
17868, 0.00358204
17869, 0.00358222
17870, 0.00358239
17871, 0.00358257
17872, 0.00358274
17873, 0.00358292
17874, 0.00358309
17875, 0.00358327
17876, 0.00358344
17877, 0.00358362
17878, 0.00358379
17879, 0.00358397
17880, 0.00358415
17881, 0.00358432
17882, 0.00358450
17883, 0.00358468
17884, 0.00358485
17885, 0.00358502
17886, 0.00358520
17887, 0.00358537
17888, 0.00358555
17889, 0.00358572
17890, 0.00358590
17891, 0.00358607
17892, 0.00358625
17893, 0.00358643
17894, 0.00358660
17895, 0.00358678
17896, 0.00358697
17897, 0.00358915
17898, 0.00358935
17899, 0.00358953
17900, 0.00358970
17901, 0.00358988
17902, 0.00359005
17903, 0.00359023
17904, 0.00359040
17905, 0.00359057
17906, 0.00359075
17907, 0.00359092
17908, 0.00359109
17909, 0.00359127
17910, 0.00359144
17911, 0.00359162
17912, 0.00359179
17913, 0.00359196
17914, 0.00359213
17915, 0.00359231
17916, 0.00359248
17917, 0.00359266
17918, 0.00359283
17919, 0.00359310
17920, 0.00359328
17921, 0.00359345
17922, 0.00359362
17923, 0.00359381
17924, 0.00359398
17925, 0.00359415
17926, 0.00359433
17927, 0.00359458
17928, 0.00359476
17929, 0.00359494
17930, 0.00359512
17931, 0.00359530
17932, 0.00359548
17933, 0.00359566
17934, 0.00359583
17935, 0.00359608
17936, 0.00359625
17937, 0.00359643
17938, 0.00359660
17939, 0.00359677
17940, 0.00359695
17941, 0.00359712
17942, 0.00359730
17943, 0.00359754
17944, 0.00359772
17945, 0.00359789
17946, 0.00359807
17947, 0.00359824
17948, 0.00359841
17949, 0.00359859
17950, 0.00359876
17951, 0.00359901
17952, 0.00359919
17953, 0.00359936
17954, 0.00359953
17955, 0.00359971
17956, 0.00359988
17957, 0.00360005
17958, 0.00360023
17959, 0.00360048
17960, 0.00360065
17961, 0.00360082
17962, 0.00360100
17963, 0.00360117
17964, 0.00360134
17965, 0.00360152
17966, 0.00360169
17967, 0.00360194
17968, 0.00360211
17969, 0.00360228
17970, 0.00360246
17971, 0.00360263
17972, 0.00360281
17973, 0.00360298
17974, 0.00360316
17975, 0.00360334
17976, 0.00360352
17977, 0.00360369
17978, 0.00360386
17979, 0.00360403
17980, 0.00360421
17981, 0.00360438
17982, 0.00360456
17983, 0.00360479
17984, 0.00360496
17985, 0.00360514
17986, 0.00360531
17987, 0.00360548
17988, 0.00360565
17989, 0.00360583
17990, 0.00360601
17991, 0.00360619
17992, 0.00360638
17993, 0.00360655
17994, 0.00360672
17995, 0.00360690
17996, 0.00360707
17997, 0.00360724
17998, 0.00360742
17999, 0.00360760
18000, 0.00360777
18001, 0.00360806
18002, 0.00360823
18003, 0.00360840
18004, 0.00360858
18005, 0.00360875
18006, 0.00360892
18007, 0.00360910
18008, 0.00360927
18009, 0.00360945
18010, 0.00360962
18011, 0.00360979
18012, 0.00360996
18013, 0.00361014
18014, 0.00361031
18015, 0.00361048
18016, 0.00361066
18017, 0.00361083
18018, 0.00361100
18019, 0.00361117
18020, 0.00361135
18021, 0.00361152
18022, 0.00361171
18023, 0.00361391
18024, 0.00361411
18025, 0.00361428
18026, 0.00361446
18027, 0.00361463
18028, 0.00361480
18029, 0.00361498
18030, 0.00361515
18031, 0.00361532
18032, 0.00361550
18033, 0.00361567
18034, 0.00361584
18035, 0.00361601
18036, 0.00361619
18037, 0.00361636
18038, 0.00361653
18039, 0.00361671
18040, 0.00361689
18041, 0.00361706
18042, 0.00361724
18043, 0.00361741
18044, 0.00361759
18045, 0.00361776
18046, 0.00361793
18047, 0.00361811
18048, 0.00361828
18049, 0.00361845
18050, 0.00361863
18051, 0.00361880
18052, 0.00361898
18053, 0.00361915
18054, 0.00361933
18055, 0.00361950
18056, 0.00361967
18057, 0.00361987
18058, 0.00362004
18059, 0.00362021
18060, 0.00362039
18061, 0.00362056
18062, 0.00362073
18063, 0.00362091
18064, 0.00362108
18065, 0.00362126
18066, 0.00362143
18067, 0.00362160
18068, 0.00362177
18069, 0.00362195
18070, 0.00362212
18071, 0.00362229
18072, 0.00362246
18073, 0.00362264
18074, 0.00362281
18075, 0.00362298
18076, 0.00362316
18077, 0.00362333
18078, 0.00362350
18079, 0.00362367
18080, 0.00362385
18081, 0.00362402
18082, 0.00362420
18083, 0.00362439
18084, 0.00362457
18085, 0.00362474
18086, 0.00362491
18087, 0.00362508
18088, 0.00362526
18089, 0.00362543
18090, 0.00362561
18091, 0.00362578
18092, 0.00362595
18093, 0.00362613
18094, 0.00362630
18095, 0.00362647
18096, 0.00362664
18097, 0.00362681
18098, 0.00362699
18099, 0.00362716
18100, 0.00362733
18101, 0.00362750
18102, 0.00362768
18103, 0.00362785
18104, 0.00362802
18105, 0.00362820
18106, 0.00362837
18107, 0.00362854
18108, 0.00362871
18109, 0.00362889
18110, 0.00362906
18111, 0.00362923
18112, 0.00362941
18113, 0.00362958
18114, 0.00362975
18115, 0.00362992
18116, 0.00363009
18117, 0.00363027
18118, 0.00363044
18119, 0.00363061
18120, 0.00363079
18121, 0.00363096
18122, 0.00363113
18123, 0.00363131
18124, 0.00363148
18125, 0.00363165
18126, 0.00363182
18127, 0.00363200
18128, 0.00363217
18129, 0.00363234
18130, 0.00363251
18131, 0.00363268
18132, 0.00363286
18133, 0.00363303
18134, 0.00363321
18135, 0.00363338
18136, 0.00363355
18137, 0.00363372
18138, 0.00363390
18139, 0.00363407
18140, 0.00363424
18141, 0.00363442
18142, 0.00363459
18143, 0.00363476
18144, 0.00363494
18145, 0.00363511
18146, 0.00363528
18147, 0.00363546
18148, 0.00363564
18149, 0.00363993
18150, 0.00364014
18151, 0.00364032
18152, 0.00364050
18153, 0.00364068
18154, 0.00364085
18155, 0.00364102
18156, 0.00364120
18157, 0.00364137
18158, 0.00364155
18159, 0.00364174
18160, 0.00364191
18161, 0.00364209
18162, 0.00364226
18163, 0.00364244
18164, 0.00364261
18165, 0.00364278
18166, 0.00364296
18167, 0.00364313
18168, 0.00364330
18169, 0.00364347
18170, 0.00364365
18171, 0.00364382
18172, 0.00364399
18173, 0.00364417
18174, 0.00364434
18175, 0.00364451
18176, 0.00364469
18177, 0.00364485
18178, 0.00364503
18179, 0.00364520
18180, 0.00364537
18181, 0.00364554
18182, 0.00364572
18183, 0.00364589
18184, 0.00364606
18185, 0.00364623
18186, 0.00364641
18187, 0.00364659
18188, 0.00364677
18189, 0.00364695
18190, 0.00364713
18191, 0.00364731
18192, 0.00364749
18193, 0.00364767
18194, 0.00364784
18195, 0.00364801
18196, 0.00364819
18197, 0.00364836
18198, 0.00364854
18199, 0.00364871
18200, 0.00364888
18201, 0.00364906
18202, 0.00364923
18203, 0.00364940
18204, 0.00364957
18205, 0.00364975
18206, 0.00364992
18207, 0.00365009
18208, 0.00365026
18209, 0.00365043
18210, 0.00365060
18211, 0.00365078
18212, 0.00365095
18213, 0.00365112
18214, 0.00365129
18215, 0.00365146
18216, 0.00365163
18217, 0.00365181
18218, 0.00365198
18219, 0.00365215
18220, 0.00365232
18221, 0.00365250
18222, 0.00365267
18223, 0.00365284
18224, 0.00365301
18225, 0.00365318
18226, 0.00365336
18227, 0.00365353
18228, 0.00365370
18229, 0.00365388
18230, 0.00365405
18231, 0.00365423
18232, 0.00365440
18233, 0.00365458
18234, 0.00365476
18235, 0.00365493
18236, 0.00365510
18237, 0.00365527
18238, 0.00365544
18239, 0.00365562
18240, 0.00365579
18241, 0.00365596
18242, 0.00365614
18243, 0.00365631
18244, 0.00365649
18245, 0.00365666
18246, 0.00365683
18247, 0.00365701
18248, 0.00365718
18249, 0.00365735
18250, 0.00365753
18251, 0.00365770
18252, 0.00365787
18253, 0.00365804
18254, 0.00365821
18255, 0.00365839
18256, 0.00365856
18257, 0.00365873
18258, 0.00365891
18259, 0.00365908
18260, 0.00365925
18261, 0.00365942
18262, 0.00365960
18263, 0.00365977
18264, 0.00365994
18265, 0.00366011
18266, 0.00366029
18267, 0.00366046
18268, 0.00366063
18269, 0.00366080
18270, 0.00366097
18271, 0.00366115
18272, 0.00366132
18273, 0.00366149
18274, 0.00366168
18275, 0.00366390
18276, 0.00366411
18277, 0.00366429
18278, 0.00366448
18279, 0.00366466
18280, 0.00366484
18281, 0.00366502
18282, 0.00366520
18283, 0.00366539
18284, 0.00366557
18285, 0.00366575
18286, 0.00366593
18287, 0.00366611
18288, 0.00366630
18289, 0.00366648
18290, 0.00366667
18291, 0.00366685
18292, 0.00366703
18293, 0.00366721
18294, 0.00366739
18295, 0.00366757
18296, 0.00366775
18297, 0.00366793
18298, 0.00366810
18299, 0.00366828
18300, 0.00366847
18301, 0.00366865
18302, 0.00366882
18303, 0.00366899
18304, 0.00366916
18305, 0.00366933
18306, 0.00366951
18307, 0.00366968
18308, 0.00366985
18309, 0.00367002
18310, 0.00367020
18311, 0.00367037
18312, 0.00367055
18313, 0.00367072
18314, 0.00367089
18315, 0.00367107
18316, 0.00367124
18317, 0.00367141
18318, 0.00367159
18319, 0.00367176
18320, 0.00367193
18321, 0.00367211
18322, 0.00367228
18323, 0.00367245
18324, 0.00367263
18325, 0.00367280
18326, 0.00367298
18327, 0.00367315
18328, 0.00367333
18329, 0.00367350
18330, 0.00367368
18331, 0.00367385
18332, 0.00367402
18333, 0.00367419
18334, 0.00367436
18335, 0.00367454
18336, 0.00367471
18337, 0.00367489
18338, 0.00367506
18339, 0.00367523
18340, 0.00367541
18341, 0.00367558
18342, 0.00367575
18343, 0.00367592
18344, 0.00367610
18345, 0.00367627
18346, 0.00367644
18347, 0.00367661
18348, 0.00367678
18349, 0.00367696
18350, 0.00367713
18351, 0.00367730
18352, 0.00367747
18353, 0.00367765
18354, 0.00367782
18355, 0.00367799
18356, 0.00367816
18357, 0.00367833
18358, 0.00367851
18359, 0.00367868
18360, 0.00367885
18361, 0.00367902
18362, 0.00367920
18363, 0.00367937
18364, 0.00367954
18365, 0.00367974
18366, 0.00367991
18367, 0.00368009
18368, 0.00368026
18369, 0.00368043
18370, 0.00368061
18371, 0.00368078
18372, 0.00368096
18373, 0.00368113
18374, 0.00368130
18375, 0.00368147
18376, 0.00368165
18377, 0.00368182
18378, 0.00368199
18379, 0.00368216
18380, 0.00368233
18381, 0.00368250
18382, 0.00368268
18383, 0.00368285
18384, 0.00368302
18385, 0.00368320
18386, 0.00368337
18387, 0.00368354
18388, 0.00368371
18389, 0.00368388
18390, 0.00368406
18391, 0.00368424
18392, 0.00368441
18393, 0.00368458
18394, 0.00368475
18395, 0.00368493
18396, 0.00368510
18397, 0.00368527
18398, 0.00368545
18399, 0.00368562
18400, 0.00368581
18401, 0.00368796
18402, 0.00368817
18403, 0.00368834
18404, 0.00368852
18405, 0.00368869
18406, 0.00368887
18407, 0.00368905
18408, 0.00368922
18409, 0.00368940
18410, 0.00368957
18411, 0.00368974
18412, 0.00368992
18413, 0.00369009
18414, 0.00369026
18415, 0.00369044
18416, 0.00369061
18417, 0.00369079
18418, 0.00369097
18419, 0.00369115
18420, 0.00369133
18421, 0.00369152
18422, 0.00369169
18423, 0.00369187
18424, 0.00369204
18425, 0.00369221
18426, 0.00369239
18427, 0.00369256
18428, 0.00369273
18429, 0.00369291
18430, 0.00369308
18431, 0.00369336
18432, 0.00369354
18433, 0.00369373
18434, 0.00369391
18435, 0.00369410
18436, 0.00369429
18437, 0.00369447
18438, 0.00369465
18439, 0.00369490
18440, 0.00369509
18441, 0.00369527
18442, 0.00369546
18443, 0.00369564
18444, 0.00369582
18445, 0.00369600
18446, 0.00369617
18447, 0.00369635
18448, 0.00369653
18449, 0.00369671
18450, 0.00369690
18451, 0.00369708
18452, 0.00369726
18453, 0.00369744
18454, 0.00369762
18455, 0.00369780
18456, 0.00369798
18457, 0.00369816
18458, 0.00369833
18459, 0.00369852
18460, 0.00369869
18461, 0.00369887
18462, 0.00369905
18463, 0.00369932
18464, 0.00369950
18465, 0.00369968
18466, 0.00369986
18467, 0.00370004
18468, 0.00370021
18469, 0.00370039
18470, 0.00370057
18471, 0.00370075
18472, 0.00370093
18473, 0.00370111
18474, 0.00370129
18475, 0.00370149
18476, 0.00370166
18477, 0.00370184
18478, 0.00370202
18479, 0.00370227
18480, 0.00370245
18481, 0.00370262
18482, 0.00370280
18483, 0.00370298
18484, 0.00370316
18485, 0.00370334
18486, 0.00370351
18487, 0.00370369
18488, 0.00370387
18489, 0.00370407
18490, 0.00370425
18491, 0.00370442
18492, 0.00370460
18493, 0.00370477
18494, 0.00370495
18495, 0.00370514
18496, 0.00370532
18497, 0.00370550
18498, 0.00370568
18499, 0.00370585
18500, 0.00370603
18501, 0.00370622
18502, 0.00370640
18503, 0.00370658
18504, 0.00370675
18505, 0.00370693
18506, 0.00370711
18507, 0.00370729
18508, 0.00370747
18509, 0.00370765
18510, 0.00370783
18511, 0.00370800
18512, 0.00370818
18513, 0.00370836
18514, 0.00370855
18515, 0.00370873
18516, 0.00370891
18517, 0.00370908
18518, 0.00370926
18519, 0.00370944
18520, 0.00370962
18521, 0.00370980
18522, 0.00370997
18523, 0.00371015
18524, 0.00371032
18525, 0.00371050
18526, 0.00371069
18527, 0.00371282
18528, 0.00371303
18529, 0.00371321
18530, 0.00371339
18531, 0.00371357
18532, 0.00371375
18533, 0.00371392
18534, 0.00371410
18535, 0.00371428
18536, 0.00371446
18537, 0.00371464
18538, 0.00371481
18539, 0.00371499
18540, 0.00371519
18541, 0.00371537
18542, 0.00371554
18543, 0.00371572
18544, 0.00371590
18545, 0.00371608
18546, 0.00371626
18547, 0.00371644
18548, 0.00371662
18549, 0.00371679
18550, 0.00371697
18551, 0.00371714
18552, 0.00371732
18553, 0.00371749
18554, 0.00371767
18555, 0.00371785
18556, 0.00371802
18557, 0.00371820
18558, 0.00371838
18559, 0.00371856
18560, 0.00371873
18561, 0.00371891
18562, 0.00371908
18563, 0.00371926
18564, 0.00371946
18565, 0.00371963
18566, 0.00371981
18567, 0.00371999
18568, 0.00372017
18569, 0.00372035
18570, 0.00372052
18571, 0.00372070
18572, 0.00372088
18573, 0.00372106
18574, 0.00372123
18575, 0.00372141
18576, 0.00372159
18577, 0.00372176
18578, 0.00372194
18579, 0.00372212
18580, 0.00372231
18581, 0.00372251
18582, 0.00372269
18583, 0.00372288
18584, 0.00372306
18585, 0.00372324
18586, 0.00372342
18587, 0.00372361
18588, 0.00372379
18589, 0.00372397
18590, 0.00372415
18591, 0.00372433
18592, 0.00372451
18593, 0.00372468
18594, 0.00372486
18595, 0.00372503
18596, 0.00372523
18597, 0.00372540
18598, 0.00372558
18599, 0.00372576
18600, 0.00372594
18601, 0.00372612
18602, 0.00372629
18603, 0.00372647
18604, 0.00372665
18605, 0.00372683
18606, 0.00372701
18607, 0.00372719
18608, 0.00372736
18609, 0.00372754
18610, 0.00372774
18611, 0.00372791
18612, 0.00372809
18613, 0.00372827
18614, 0.00372845
18615, 0.00372863
18616, 0.00372881
18617, 0.00372898
18618, 0.00372916
18619, 0.00372934
18620, 0.00372953
18621, 0.00372971
18622, 0.00372989
18623, 0.00373008
18624, 0.00373026
18625, 0.00373044
18626, 0.00373062
18627, 0.00373080
18628, 0.00373098
18629, 0.00373116
18630, 0.00373135
18631, 0.00373153
18632, 0.00373171
18633, 0.00373190
18634, 0.00373208
18635, 0.00373227
18636, 0.00373245
18637, 0.00373263
18638, 0.00373282
18639, 0.00373300
18640, 0.00373318
18641, 0.00373337
18642, 0.00373355
18643, 0.00373373
18644, 0.00373391
18645, 0.00373410
18646, 0.00373428
18647, 0.00373446
18648, 0.00373464
18649, 0.00373483
18650, 0.00373501
18651, 0.00373519
18652, 0.00373539
18653, 0.00373758
18654, 0.00373778
18655, 0.00373796
18656, 0.00373814
18657, 0.00373832
18658, 0.00373850
18659, 0.00373868
18660, 0.00373886
18661, 0.00373904
18662, 0.00373921
18663, 0.00373939
18664, 0.00373957
18665, 0.00373975
18666, 0.00373995
18667, 0.00374012
18668, 0.00374030
18669, 0.00374048
18670, 0.00374066
18671, 0.00374083
18672, 0.00374101
18673, 0.00374119
18674, 0.00374136
18675, 0.00374154
18676, 0.00374172
18677, 0.00374189
18678, 0.00374207
18679, 0.00374225
18680, 0.00374243
18681, 0.00374262
18682, 0.00374279
18683, 0.00374297
18684, 0.00374315
18685, 0.00374333
18686, 0.00374351
18687, 0.00374368
18688, 0.00374386
18689, 0.00374404
18690, 0.00374422
18691, 0.00374440
18692, 0.00374458
18693, 0.00374476
18694, 0.00374493
18695, 0.00374511
18696, 0.00374529
18697, 0.00374547
18698, 0.00374567
18699, 0.00374584
18700, 0.00374602
18701, 0.00374620
18702, 0.00374638
18703, 0.00374655
18704, 0.00374673
18705, 0.00374691
18706, 0.00374709
18707, 0.00374727
18708, 0.00374745
18709, 0.00374763
18710, 0.00374780
18711, 0.00374800
18712, 0.00374818
18713, 0.00374836
18714, 0.00374854
18715, 0.00374872
18716, 0.00374889
18717, 0.00374907
18718, 0.00374924
18719, 0.00374942
18720, 0.00374960
18721, 0.00374978
18722, 0.00374996
18723, 0.00375016
18724, 0.00375033
18725, 0.00375051
18726, 0.00375069
18727, 0.00375086
18728, 0.00375104
18729, 0.00375122
18730, 0.00375140
18731, 0.00375158
18732, 0.00375176
18733, 0.00375193
18734, 0.00375211
18735, 0.00375231
18736, 0.00375248
18737, 0.00375266
18738, 0.00375284
18739, 0.00375302
18740, 0.00375320
18741, 0.00375337
18742, 0.00375355
18743, 0.00375373
18744, 0.00375390
18745, 0.00375408
18746, 0.00375426
18747, 0.00375444
18748, 0.00375461
18749, 0.00375479
18750, 0.00375499
18751, 0.00375517
18752, 0.00375535
18753, 0.00375552
18754, 0.00375570
18755, 0.00375588
18756, 0.00375606
18757, 0.00375624
18758, 0.00375643
18759, 0.00375661
18760, 0.00375679
18761, 0.00375697
18762, 0.00375715
18763, 0.00375732
18764, 0.00375750
18765, 0.00375768
18766, 0.00375786
18767, 0.00375803
18768, 0.00375821
18769, 0.00375839
18770, 0.00375857
18771, 0.00375875
18772, 0.00375894
18773, 0.00375912
18774, 0.00375930
18775, 0.00375947
18776, 0.00375965
18777, 0.00375983
18778, 0.00376002
18779, 0.00376220
18780, 0.00376240
18781, 0.00376261
18782, 0.00376280
18783, 0.00376298
18784, 0.00376317
18785, 0.00376335
18786, 0.00376353
18787, 0.00376372
18788, 0.00376389
18789, 0.00376408
18790, 0.00376426
18791, 0.00376444
18792, 0.00376462
18793, 0.00376481
18794, 0.00376499
18795, 0.00376517
18796, 0.00376535
18797, 0.00376553
18798, 0.00376572
18799, 0.00376590
18800, 0.00376609
18801, 0.00376628
18802, 0.00376646
18803, 0.00376664
18804, 0.00376682
18805, 0.00376700
18806, 0.00376718
18807, 0.00376736
18808, 0.00376754
18809, 0.00376772
18810, 0.00376790
18811, 0.00376809
18812, 0.00376827
18813, 0.00376846
18814, 0.00376865
18815, 0.00376883
18816, 0.00376902
18817, 0.00376920
18818, 0.00376938
18819, 0.00376956
18820, 0.00376974
18821, 0.00376993
18822, 0.00377013
18823, 0.00377031
18824, 0.00377049
18825, 0.00377068
18826, 0.00377089
18827, 0.00377109
18828, 0.00377130
18829, 0.00377149
18830, 0.00377167
18831, 0.00377187
18832, 0.00377205
18833, 0.00377223
18834, 0.00377241
18835, 0.00377259
18836, 0.00377278
18837, 0.00377295
18838, 0.00377314
18839, 0.00377332
18840, 0.00377350
18841, 0.00377369
18842, 0.00377389
18843, 0.00377407
18844, 0.00377425
18845, 0.00377444
18846, 0.00377462
18847, 0.00377482
18848, 0.00377500
18849, 0.00377518
18850, 0.00377537
18851, 0.00377555
18852, 0.00377572
18853, 0.00377591
18854, 0.00377609
18855, 0.00377627
18856, 0.00377646
18857, 0.00377664
18858, 0.00377682
18859, 0.00377700
18860, 0.00377718
18861, 0.00377736
18862, 0.00377756
18863, 0.00377774
18864, 0.00377792
18865, 0.00377810
18866, 0.00377829
18867, 0.00377847
18868, 0.00377864
18869, 0.00377883
18870, 0.00377901
18871, 0.00377919
18872, 0.00377938
18873, 0.00377956
18874, 0.00377974
18875, 0.00377992
18876, 0.00378011
18877, 0.00378031
18878, 0.00378049
18879, 0.00378068
18880, 0.00378087
18881, 0.00378105
18882, 0.00378123
18883, 0.00378142
18884, 0.00378160
18885, 0.00378178
18886, 0.00378196
18887, 0.00378215
18888, 0.00378233
18889, 0.00378251
18890, 0.00378269
18891, 0.00378289
18892, 0.00378307
18893, 0.00378325
18894, 0.00378345
18895, 0.00378363
18896, 0.00378381
18897, 0.00378399
18898, 0.00378417
18899, 0.00378435
18900, 0.00378453
18901, 0.00378472
18902, 0.00378490
18903, 0.00378508
18904, 0.00378528
18905, 0.00378743
18906, 0.00378764
18907, 0.00378781
18908, 0.00378799
18909, 0.00378817
18910, 0.00378835
18911, 0.00378853
18912, 0.00378872
18913, 0.00378890
18914, 0.00378907
18915, 0.00378925
18916, 0.00378943
18917, 0.00378961
18918, 0.00378978
18919, 0.00378996
18920, 0.00379013
18921, 0.00379031
18922, 0.00379049
18923, 0.00379066
18924, 0.00379084
18925, 0.00379102
18926, 0.00379120
18927, 0.00379137
18928, 0.00379157
18929, 0.00379174
18930, 0.00379192
18931, 0.00379210
18932, 0.00379227
18933, 0.00379245
18934, 0.00379263
18935, 0.00379281
18936, 0.00379298
18937, 0.00379316
18938, 0.00379333
18939, 0.00379353
18940, 0.00379371
18941, 0.00379388
18942, 0.00379406
18943, 0.00379442
18944, 0.00379460
18945, 0.00379477
18946, 0.00379494
18947, 0.00379512
18948, 0.00379529
18949, 0.00379546
18950, 0.00379564
18951, 0.00379588
18952, 0.00379606
18953, 0.00379623
18954, 0.00379640
18955, 0.00379658
18956, 0.00379675
18957, 0.00379692
18958, 0.00379710
18959, 0.00379734
18960, 0.00379751
18961, 0.00379768
18962, 0.00379785
18963, 0.00379803
18964, 0.00379820
18965, 0.00379838
18966, 0.00379855
18967, 0.00379873
18968, 0.00379890
18969, 0.00379907
18970, 0.00379925
18971, 0.00379942
18972, 0.00379959
18973, 0.00379977
18974, 0.00379994
18975, 0.00380012
18976, 0.00380029
18977, 0.00380047
18978, 0.00380064
18979, 0.00380081
18980, 0.00380099
18981, 0.00380116
18982, 0.00380134
18983, 0.00380151
18984, 0.00380168
18985, 0.00380185
18986, 0.00380203
18987, 0.00380220
18988, 0.00380238
18989, 0.00380255
18990, 0.00380272
18991, 0.00380289
18992, 0.00380307
18993, 0.00380325
18994, 0.00380342
18995, 0.00380359
18996, 0.00380377
18997, 0.00380394
18998, 0.00380411
18999, 0.00380430
19000, 0.00380447
19001, 0.00380464
19002, 0.00380482
19003, 0.00380499
19004, 0.00380517
19005, 0.00380534
19006, 0.00380551
19007, 0.00380577
19008, 0.00380595
19009, 0.00380612
19010, 0.00380629
19011, 0.00380647
19012, 0.00380664
19013, 0.00380681
19014, 0.00380699
19015, 0.00380724
19016, 0.00380741
19017, 0.00380758
19018, 0.00380776
19019, 0.00380795
19020, 0.00380812
19021, 0.00380830
19022, 0.00380847
19023, 0.00380864
19024, 0.00380882
19025, 0.00380899
19026, 0.00380916
19027, 0.00380934
19028, 0.00380951
19029, 0.00380969
19030, 0.00380987
19031, 0.00381198
19032, 0.00381219
19033, 0.00381238
19034, 0.00381256
19035, 0.00381275
19036, 0.00381293
19037, 0.00381312
19038, 0.00381330
19039, 0.00381348
19040, 0.00381365
19041, 0.00381383
19042, 0.00381401
19043, 0.00381421
19044, 0.00381439
19045, 0.00381456
19046, 0.00381474
19047, 0.00381491
19048, 0.00381509
19049, 0.00381527
19050, 0.00381545
19051, 0.00381563
19052, 0.00381581
19053, 0.00381598
19054, 0.00381615
19055, 0.00381633
19056, 0.00381651
19057, 0.00381668
19058, 0.00381686
19059, 0.00381705
19060, 0.00381723
19061, 0.00381741
19062, 0.00381758
19063, 0.00381776
19064, 0.00381794
19065, 0.00381812
19066, 0.00381830
19067, 0.00381847
19068, 0.00381865
19069, 0.00381882
19070, 0.00381900
19071, 0.00381918
19072, 0.00381936
19073, 0.00381953
19074, 0.00381971
19075, 0.00381989
19076, 0.00382007
19077, 0.00382024
19078, 0.00382042
19079, 0.00382059
19080, 0.00382079
19081, 0.00382096
19082, 0.00382114
19083, 0.00382132
19084, 0.00382150
19085, 0.00382168
19086, 0.00382186
19087, 0.00382203
19088, 0.00382221
19089, 0.00382239
19090, 0.00382257
19091, 0.00382275
19092, 0.00382293
19093, 0.00382312
19094, 0.00382330
19095, 0.00382348
19096, 0.00382366
19097, 0.00382384
19098, 0.00382402
19099, 0.00382419
19100, 0.00382436
19101, 0.00382454
19102, 0.00382474
19103, 0.00382491
19104, 0.00382509
19105, 0.00382527
19106, 0.00382545
19107, 0.00382562
19108, 0.00382580
19109, 0.00382598
19110, 0.00382616
19111, 0.00382633
19112, 0.00382652
19113, 0.00382670
19114, 0.00382688
19115, 0.00382706
19116, 0.00382724
19117, 0.00382741
19118, 0.00382760
19119, 0.00382778
19120, 0.00382796
19121, 0.00382814
19122, 0.00382832
19123, 0.00382850
19124, 0.00382869
19125, 0.00382887
19126, 0.00382905
19127, 0.00382923
19128, 0.00382941
19129, 0.00382959
19130, 0.00382977
19131, 0.00382995
19132, 0.00383013
19133, 0.00383031
19134, 0.00383051
19135, 0.00383069
19136, 0.00383087
19137, 0.00383104
19138, 0.00383122
19139, 0.00383139
19140, 0.00383157
19141, 0.00383175
19142, 0.00383193
19143, 0.00383210
19144, 0.00383230
19145, 0.00383247
19146, 0.00383265
19147, 0.00383282
19148, 0.00383302
19149, 0.00383320
19150, 0.00383338
19151, 0.00383356
19152, 0.00383374
19153, 0.00383392
19154, 0.00383409
19155, 0.00383427
19156, 0.00383446
19157, 0.00383659
19158, 0.00383679
19159, 0.00383697
19160, 0.00383715
19161, 0.00383733
19162, 0.00383750
19163, 0.00383767
19164, 0.00383785
19165, 0.00383803
19166, 0.00383820
19167, 0.00383838
19168, 0.00383855
19169, 0.00383873
19170, 0.00383890
19171, 0.00383908
19172, 0.00383927
19173, 0.00383945
19174, 0.00383962
19175, 0.00383979
19176, 0.00383997
19177, 0.00384014
19178, 0.00384032
19179, 0.00384050
19180, 0.00384067
19181, 0.00384085
19182, 0.00384104
19183, 0.00384122
19184, 0.00384139
19185, 0.00384157
19186, 0.00384175
19187, 0.00384192
19188, 0.00384210
19189, 0.00384228
19190, 0.00384245
19191, 0.00384263
19192, 0.00384281
19193, 0.00384298
19194, 0.00384316
19195, 0.00384333
19196, 0.00384351
19197, 0.00384368
19198, 0.00384387
19199, 0.00384406
19200, 0.00384426
19201, 0.00384443
19202, 0.00384460
19203, 0.00384478
19204, 0.00384495
19205, 0.00384513
19206, 0.00384530
19207, 0.00384555
19208, 0.00384573
19209, 0.00384590
19210, 0.00384607
19211, 0.00384625
19212, 0.00384642
19213, 0.00384660
19214, 0.00384678
19215, 0.00384695
19216, 0.00384712
19217, 0.00384730
19218, 0.00384748
19219, 0.00384765
19220, 0.00384783
19221, 0.00384800
19222, 0.00384818
19223, 0.00384835
19224, 0.00384852
19225, 0.00384871
19226, 0.00384888
19227, 0.00384906
19228, 0.00384923
19229, 0.00384941
19230, 0.00384958
19231, 0.00384976
19232, 0.00384993
19233, 0.00385011
19234, 0.00385028
19235, 0.00385046
19236, 0.00385063
19237, 0.00385081
19238, 0.00385098
19239, 0.00385118
19240, 0.00385136
19241, 0.00385153
19242, 0.00385171
19243, 0.00385188
19244, 0.00385206
19245, 0.00385223
19246, 0.00385241
19247, 0.00385259
19248, 0.00385276
19249, 0.00385294
19250, 0.00385311
19251, 0.00385330
19252, 0.00385348
19253, 0.00385368
19254, 0.00385386
19255, 0.00385403
19256, 0.00385420
19257, 0.00385438
19258, 0.00385456
19259, 0.00385473
19260, 0.00385491
19261, 0.00385508
19262, 0.00385525
19263, 0.00385543
19264, 0.00385560
19265, 0.00385578
19266, 0.00385597
19267, 0.00385614
19268, 0.00385632
19269, 0.00385650
19270, 0.00385667
19271, 0.00385684
19272, 0.00385702
19273, 0.00385719
19274, 0.00385737
19275, 0.00385754
19276, 0.00385772
19277, 0.00385790
19278, 0.00385808
19279, 0.00385825
19280, 0.00385842
19281, 0.00385860
19282, 0.00385880
19283, 0.00386097
19284, 0.00386117
19285, 0.00386136
19286, 0.00386154
19287, 0.00386172
19288, 0.00386189
19289, 0.00386208
19290, 0.00386226
19291, 0.00386243
19292, 0.00386260
19293, 0.00386278
19294, 0.00386295
19295, 0.00386313
19296, 0.00386330
19297, 0.00386348
19298, 0.00386366
19299, 0.00386384
19300, 0.00386402
19301, 0.00386419
19302, 0.00386436
19303, 0.00386454
19304, 0.00386471
19305, 0.00386488
19306, 0.00386506
19307, 0.00386523
19308, 0.00386547
19309, 0.00386572
19310, 0.00386590
19311, 0.00386607
19312, 0.00386624
19313, 0.00386642
19314, 0.00386660
19315, 0.00386677
19316, 0.00386695
19317, 0.00386712
19318, 0.00386730
19319, 0.00386747
19320, 0.00386765
19321, 0.00386782
19322, 0.00386800
19323, 0.00386817
19324, 0.00386835
19325, 0.00386852
19326, 0.00386870
19327, 0.00386888
19328, 0.00386905
19329, 0.00386922
19330, 0.00386940
19331, 0.00386957
19332, 0.00386975
19333, 0.00386993
19334, 0.00387011
19335, 0.00387028
19336, 0.00387047
19337, 0.00387065
19338, 0.00387082
19339, 0.00387100
19340, 0.00387118
19341, 0.00387136
19342, 0.00387153
19343, 0.00387171
19344, 0.00387188
19345, 0.00387206
19346, 0.00387223
19347, 0.00387241
19348, 0.00387258
19349, 0.00387276
19350, 0.00387294
19351, 0.00387312
19352, 0.00387330
19353, 0.00387347
19354, 0.00387365
19355, 0.00387383
19356, 0.00387400
19357, 0.00387418
19358, 0.00387435
19359, 0.00387452
19360, 0.00387470
19361, 0.00387488
19362, 0.00387505
19363, 0.00387523
19364, 0.00387540
19365, 0.00387560
19366, 0.00387578
19367, 0.00387603
19368, 0.00387620
19369, 0.00387638
19370, 0.00387655
19371, 0.00387672
19372, 0.00387690
19373, 0.00387707
19374, 0.00387724
19375, 0.00387742
19376, 0.00387760
19377, 0.00387778
19378, 0.00387795
19379, 0.00387812
19380, 0.00387830
19381, 0.00387848
19382, 0.00387865
19383, 0.00387882
19384, 0.00387900
19385, 0.00387917
19386, 0.00387935
19387, 0.00387952
19388, 0.00387969
19389, 0.00387987
19390, 0.00388004
19391, 0.00388021
19392, 0.00388039
19393, 0.00388056
19394, 0.00388074
19395, 0.00388091
19396, 0.00388109
19397, 0.00388126
19398, 0.00388143
19399, 0.00388161
19400, 0.00388178
19401, 0.00388196
19402, 0.00388213
19403, 0.00388230
19404, 0.00388248
19405, 0.00388265
19406, 0.00388283
19407, 0.00388300
19408, 0.00388319
19409, 0.00388535
19410, 0.00388555
19411, 0.00388573
19412, 0.00388591
19413, 0.00388609
19414, 0.00388626
19415, 0.00388644
19416, 0.00388662
19417, 0.00388680
19418, 0.00388698
19419, 0.00388716
19420, 0.00388734
19421, 0.00388752
19422, 0.00388770
19423, 0.00388788
19424, 0.00388806
19425, 0.00388824
19426, 0.00388842
19427, 0.00388860
19428, 0.00388877
19429, 0.00388895
19430, 0.00388912
19431, 0.00388930
19432, 0.00388947
19433, 0.00388964
19434, 0.00388982
19435, 0.00388999
19436, 0.00389016
19437, 0.00389034
19438, 0.00389051
19439, 0.00389068
19440, 0.00389086
19441, 0.00389103
19442, 0.00389120
19443, 0.00389138
19444, 0.00389155
19445, 0.00389172
19446, 0.00389190
19447, 0.00389207
19448, 0.00389224
19449, 0.00389242
19450, 0.00389259
19451, 0.00389277
19452, 0.00389294
19453, 0.00389311
19454, 0.00389329
19455, 0.00389356
19456, 0.00389373
19457, 0.00389391
19458, 0.00389409
19459, 0.00389426
19460, 0.00389443
19461, 0.00389461
19462, 0.00389478
19463, 0.00389502
19464, 0.00389519
19465, 0.00389536
19466, 0.00389554
19467, 0.00389571
19468, 0.00389588
19469, 0.00389606
19470, 0.00389623
19471, 0.00389650
19472, 0.00389667
19473, 0.00389685
19474, 0.00389702
19475, 0.00389719
19476, 0.00389737
19477, 0.00389754
19478, 0.00389772
19479, 0.00389790
19480, 0.00389807
19481, 0.00389827
19482, 0.00389845
19483, 0.00389863
19484, 0.00389881
19485, 0.00389899
19486, 0.00389917
19487, 0.00389937
19488, 0.00389955
19489, 0.00389972
19490, 0.00389990
19491, 0.00390007
19492, 0.00390024
19493, 0.00390041
19494, 0.00390059
19495, 0.00390077
19496, 0.00390094
19497, 0.00390112
19498, 0.00390129
19499, 0.00390147
19500, 0.00390164
19501, 0.00390181
19502, 0.00390199
19503, 0.00390218
19504, 0.00390235
19505, 0.00390253
19506, 0.00390272
19507, 0.00390289
19508, 0.00390306
19509, 0.00390324
19510, 0.00390342
19511, 0.00390360
19512, 0.00390378
19513, 0.00390396
19514, 0.00390413
19515, 0.00390431
19516, 0.00390449
19517, 0.00390466
19518, 0.00390484
19519, 0.00390503
19520, 0.00390521
19521, 0.00390540
19522, 0.00390558
19523, 0.00390576
19524, 0.00390594
19525, 0.00390612
19526, 0.00390630
19527, 0.00390648
19528, 0.00390666
19529, 0.00390684
19530, 0.00390702
19531, 0.00390720
19532, 0.00390738
19533, 0.00390756
19534, 0.00390774
19535, 0.00390988
19536, 0.00391008
19537, 0.00391025
19538, 0.00391043
19539, 0.00391060
19540, 0.00391078
19541, 0.00391095
19542, 0.00391112
19543, 0.00391129
19544, 0.00391147
19545, 0.00391164
19546, 0.00391181
19547, 0.00391199
19548, 0.00391216
19549, 0.00391233
19550, 0.00391250
19551, 0.00391268
19552, 0.00391285
19553, 0.00391302
19554, 0.00391319
19555, 0.00391346
19556, 0.00391363
19557, 0.00391380
19558, 0.00391398
19559, 0.00391415
19560, 0.00391432
19561, 0.00391450
19562, 0.00391468
19563, 0.00391485
19564, 0.00391502
19565, 0.00391520
19566, 0.00391538
19567, 0.00391555
19568, 0.00391573
19569, 0.00391590
19570, 0.00391607
19571, 0.00391624
19572, 0.00391642
19573, 0.00391660
19574, 0.00391677
19575, 0.00391695
19576, 0.00391712
19577, 0.00391730
19578, 0.00391747
19579, 0.00391765
19580, 0.00391782
19581, 0.00391800
19582, 0.00391817
19583, 0.00391835
19584, 0.00391852
19585, 0.00391869
19586, 0.00391887
19587, 0.00391905
19588, 0.00391922
19589, 0.00391940
19590, 0.00391957
19591, 0.00391975
19592, 0.00391992
19593, 0.00392009
19594, 0.00392027
19595, 0.00392044
19596, 0.00392062
19597, 0.00392079
19598, 0.00392097
19599, 0.00392114
19600, 0.00392132
19601, 0.00392149
19602, 0.00392167
19603, 0.00392184
19604, 0.00392202
19605, 0.00392219
19606, 0.00392236
19607, 0.00392254
19608, 0.00392271
19609, 0.00392288
19610, 0.00392306
19611, 0.00392323
19612, 0.00392341
19613, 0.00392358
19614, 0.00392376
19615, 0.00392393
19616, 0.00392411
19617, 0.00392428
19618, 0.00392446
19619, 0.00392463
19620, 0.00392481
19621, 0.00392498
19622, 0.00392516
19623, 0.00392533
19624, 0.00392551
19625, 0.00392568
19626, 0.00392587
19627, 0.00392604
19628, 0.00392622
19629, 0.00392639
19630, 0.00392657
19631, 0.00392674
19632, 0.00392691
19633, 0.00392709
19634, 0.00392726
19635, 0.00392744
19636, 0.00392761
19637, 0.00392778
19638, 0.00392796
19639, 0.00392813
19640, 0.00392831
19641, 0.00392848
19642, 0.00392866
19643, 0.00392883
19644, 0.00392901
19645, 0.00392918
19646, 0.00392935
19647, 0.00392953
19648, 0.00392971
19649, 0.00392988
19650, 0.00393005
19651, 0.00393023
19652, 0.00393040
19653, 0.00393058
19654, 0.00393076
19655, 0.00393093
19656, 0.00393110
19657, 0.00393128
19658, 0.00393146
19659, 0.00393163
19660, 0.00393182
19661, 0.00393395
19662, 0.00393415
19663, 0.00393433
19664, 0.00393451
19665, 0.00393468
19666, 0.00393485
19667, 0.00393503
19668, 0.00393521
19669, 0.00393538
19670, 0.00393556
19671, 0.00393573
19672, 0.00393591
19673, 0.00393609
19674, 0.00393626
19675, 0.00393643
19676, 0.00393661
19677, 0.00393678
19678, 0.00393695
19679, 0.00393713
19680, 0.00393730
19681, 0.00393748
19682, 0.00393765
19683, 0.00393782
19684, 0.00393800
19685, 0.00393818
19686, 0.00393836
19687, 0.00393853
19688, 0.00393871
19689, 0.00393889
19690, 0.00393906
19691, 0.00393924
19692, 0.00393941
19693, 0.00393958
19694, 0.00393976
19695, 0.00393993
19696, 0.00394011
19697, 0.00394029
19698, 0.00394046
19699, 0.00394064
19700, 0.00394082
19701, 0.00394099
19702, 0.00394116
19703, 0.00394134
19704, 0.00394152
19705, 0.00394169
19706, 0.00394186
19707, 0.00394204
19708, 0.00394221
19709, 0.00394238
19710, 0.00394256
19711, 0.00394274
19712, 0.00394292
19713, 0.00394310
19714, 0.00394328
19715, 0.00394345
19716, 0.00394363
19717, 0.00394380
19718, 0.00394398
19719, 0.00394415
19720, 0.00394433
19721, 0.00394450
19722, 0.00394467
19723, 0.00394485
19724, 0.00394503
19725, 0.00394520
19726, 0.00394538
19727, 0.00394555
19728, 0.00394573
19729, 0.00394590
19730, 0.00394608
19731, 0.00394626
19732, 0.00394643
19733, 0.00394661
19734, 0.00394679
19735, 0.00394696
19736, 0.00394714
19737, 0.00394731
19738, 0.00394748
19739, 0.00394766
19740, 0.00394783
19741, 0.00394801
19742, 0.00394818
19743, 0.00394836
19744, 0.00394853
19745, 0.00394871
19746, 0.00394888
19747, 0.00394906
19748, 0.00394924
19749, 0.00394941
19750, 0.00394959
19751, 0.00394976
19752, 0.00394993
19753, 0.00395011
19754, 0.00395029
19755, 0.00395046
19756, 0.00395064
19757, 0.00395081
19758, 0.00395099
19759, 0.00395116
19760, 0.00395134
19761, 0.00395151
19762, 0.00395168
19763, 0.00395186
19764, 0.00395203
19765, 0.00395220
19766, 0.00395237
19767, 0.00395255
19768, 0.00395272
19769, 0.00395290
19770, 0.00395307
19771, 0.00395324
19772, 0.00395342
19773, 0.00395359
19774, 0.00395376
19775, 0.00395394
19776, 0.00395411
19777, 0.00395428
19778, 0.00395445
19779, 0.00395463
19780, 0.00395480
19781, 0.00395498
19782, 0.00395515
19783, 0.00395532
19784, 0.00395550
19785, 0.00395567
19786, 0.00395586
19787, 0.00395796
19788, 0.00395817
19789, 0.00395834
19790, 0.00395853
19791, 0.00395870
19792, 0.00395888
19793, 0.00395905
19794, 0.00395923
19795, 0.00395940
19796, 0.00395958
19797, 0.00395975
19798, 0.00395993
19799, 0.00396010
19800, 0.00396028
19801, 0.00396045
19802, 0.00396063
19803, 0.00396080
19804, 0.00396098
19805, 0.00396115
19806, 0.00396132
19807, 0.00396150
19808, 0.00396167
19809, 0.00396185
19810, 0.00396202
19811, 0.00396219
19812, 0.00396237
19813, 0.00396255
19814, 0.00396272
19815, 0.00396289
19816, 0.00396306
19817, 0.00396324
19818, 0.00396341
19819, 0.00396358
19820, 0.00396376
19821, 0.00396393
19822, 0.00396411
19823, 0.00396428
19824, 0.00396446
19825, 0.00396463
19826, 0.00396480
19827, 0.00396497
19828, 0.00396515
19829, 0.00396532
19830, 0.00396550
19831, 0.00396567
19832, 0.00396584
19833, 0.00396602
19834, 0.00396619
19835, 0.00396636
19836, 0.00396654
19837, 0.00396672
19838, 0.00396690
19839, 0.00396707
19840, 0.00396724
19841, 0.00396742
19842, 0.00396759
19843, 0.00396776
19844, 0.00396793
19845, 0.00396811
19846, 0.00396828
19847, 0.00396846
19848, 0.00396863
19849, 0.00396880
19850, 0.00396898
19851, 0.00396915
19852, 0.00396933
19853, 0.00396950
19854, 0.00396968
19855, 0.00396985
19856, 0.00397002
19857, 0.00397019
19858, 0.00397037
19859, 0.00397054
19860, 0.00397072
19861, 0.00397089
19862, 0.00397107
19863, 0.00397124
19864, 0.00397141
19865, 0.00397159
19866, 0.00397176
19867, 0.00397194
19868, 0.00397211
19869, 0.00397228
19870, 0.00397246
19871, 0.00397263
19872, 0.00397281
19873, 0.00397299
19874, 0.00397317
19875, 0.00397335
19876, 0.00397353
19877, 0.00397371
19878, 0.00397389
19879, 0.00397407
19880, 0.00397425
19881, 0.00397443
19882, 0.00397460
19883, 0.00397478
19884, 0.00397495
19885, 0.00397513
19886, 0.00397530
19887, 0.00397548
19888, 0.00397565
19889, 0.00397582
19890, 0.00397600
19891, 0.00397617
19892, 0.00397635
19893, 0.00397652
19894, 0.00397669
19895, 0.00397690
19896, 0.00397707
19897, 0.00397724
19898, 0.00397742
19899, 0.00397759
19900, 0.00397777
19901, 0.00397794
19902, 0.00397811
19903, 0.00397829
19904, 0.00397846
19905, 0.00397864
19906, 0.00397882
19907, 0.00397900
19908, 0.00397918
19909, 0.00397935
19910, 0.00397953
19911, 0.00397970
19912, 0.00397989
19913, 0.00398206
19914, 0.00398226
19915, 0.00398244
19916, 0.00398262
19917, 0.00398281
19918, 0.00398299
19919, 0.00398317
19920, 0.00398334
19921, 0.00398352
19922, 0.00398369
19923, 0.00398387
19924, 0.00398405
19925, 0.00398423
19926, 0.00398440
19927, 0.00398458
19928, 0.00398475
19929, 0.00398492
19930, 0.00398510
19931, 0.00398528
19932, 0.00398545
19933, 0.00398562
19934, 0.00398580
19935, 0.00398597
19936, 0.00398615
19937, 0.00398633
19938, 0.00398650
19939, 0.00398668
19940, 0.00398686
19941, 0.00398703
19942, 0.00398721
19943, 0.00398738
19944, 0.00398755
19945, 0.00398773
19946, 0.00398790
19947, 0.00398808
19948, 0.00398825
19949, 0.00398843
19950, 0.00398860
19951, 0.00398878
19952, 0.00398896
19953, 0.00398913
19954, 0.00398931
19955, 0.00398948
19956, 0.00398965
19957, 0.00398983
19958, 0.00399000
19959, 0.00399018
19960, 0.00399035
19961, 0.00399053
19962, 0.00399070
19963, 0.00399087
19964, 0.00399105
19965, 0.00399122
19966, 0.00399140
19967, 0.00399166
19968, 0.00399183
19969, 0.00399201
19970, 0.00399218
19971, 0.00399236
19972, 0.00399253
19973, 0.00399271
19974, 0.00399288
19975, 0.00399315
19976, 0.00399332
19977, 0.00399349
19978, 0.00399367
19979, 0.00399384
19980, 0.00399402
19981, 0.00399419
19982, 0.00399437
19983, 0.00399465
19984, 0.00399483
19985, 0.00399500
19986, 0.00399517
19987, 0.00399535
19988, 0.00399552
19989, 0.00399570
19990, 0.00399587
19991, 0.00399606
19992, 0.00399624
19993, 0.00399641
19994, 0.00399659
19995, 0.00399676
19996, 0.00399693
19997, 0.00399711
19998, 0.00399728
19999, 0.00399746
20000, 0.00399763
20001, 0.00399781
20002, 0.00399798
20003, 0.00399816
20004, 0.00399833
20005, 0.00399851
20006, 0.00399869
20007, 0.00399886
20008, 0.00399904
20009, 0.00399921
20010, 0.00399939
20011, 0.00399956
20012, 0.00399973
20013, 0.00399991
20014, 0.00400010
20015, 0.00400029
20016, 0.00400046
20017, 0.00400064
20018, 0.00400081
20019, 0.00400099
20020, 0.00400116
20021, 0.00400134
20022, 0.00400151
20023, 0.00400169
20024, 0.00400186
20025, 0.00400203
20026, 0.00400221
20027, 0.00400238
20028, 0.00400256
20029, 0.00400273
20030, 0.00400290
20031, 0.00400309
20032, 0.00400326
20033, 0.00400344
20034, 0.00400361
20035, 0.00400379
20036, 0.00400396
20037, 0.00400414
20038, 0.00400432
20039, 0.00400644
20040, 0.00400665
20041, 0.00400683
20042, 0.00400701
20043, 0.00400718
20044, 0.00400736
20045, 0.00400753
20046, 0.00400771
20047, 0.00400788
20048, 0.00400806
20049, 0.00400823
20050, 0.00400841
20051, 0.00400858
20052, 0.00400876
20053, 0.00400893
20054, 0.00400911
20055, 0.00400928
20056, 0.00400945
20057, 0.00400963
20058, 0.00400980
20059, 0.00400998
20060, 0.00401015
20061, 0.00401033
20062, 0.00401050
20063, 0.00401068
20064, 0.00401085
20065, 0.00401102
20066, 0.00401119
20067, 0.00401137
20068, 0.00401155
20069, 0.00401172
20070, 0.00401190
20071, 0.00401207
20072, 0.00401225
20073, 0.00401242
20074, 0.00401259
20075, 0.00401277
20076, 0.00401294
20077, 0.00401312
20078, 0.00401329
20079, 0.00401346
20080, 0.00401364
20081, 0.00401381
20082, 0.00401399
20083, 0.00401416
20084, 0.00401434
20085, 0.00401451
20086, 0.00401469
20087, 0.00401486
20088, 0.00401503
20089, 0.00401521
20090, 0.00401538
20091, 0.00401556
20092, 0.00401573
20093, 0.00401591
20094, 0.00401608
20095, 0.00401625
20096, 0.00401643
20097, 0.00401660
20098, 0.00401678
20099, 0.00401695
20100, 0.00401712
20101, 0.00401730
20102, 0.00401747
20103, 0.00401765
20104, 0.00401782
20105, 0.00401799
20106, 0.00401817
20107, 0.00401835
20108, 0.00401852
20109, 0.00401870
20110, 0.00401887
20111, 0.00401904
20112, 0.00401922
20113, 0.00401939
20114, 0.00401956
20115, 0.00401974
20116, 0.00401991
20117, 0.00402008
20118, 0.00402026
20119, 0.00402043
20120, 0.00402061
20121, 0.00402079
20122, 0.00402096
20123, 0.00402113
20124, 0.00402131
20125, 0.00402148
20126, 0.00402166
20127, 0.00402183
20128, 0.00402201
20129, 0.00402218
20130, 0.00402235
20131, 0.00402253
20132, 0.00402270
20133, 0.00402287
20134, 0.00402305
20135, 0.00402322
20136, 0.00402339
20137, 0.00402357
20138, 0.00402374
20139, 0.00402392
20140, 0.00402409
20141, 0.00402426
20142, 0.00402444
20143, 0.00402461
20144, 0.00402479
20145, 0.00402496
20146, 0.00402513
20147, 0.00402531
20148, 0.00402548
20149, 0.00402566
20150, 0.00402584
20151, 0.00402601
20152, 0.00402620
20153, 0.00402638
20154, 0.00402655
20155, 0.00402673
20156, 0.00402690
20157, 0.00402707
20158, 0.00402725
20159, 0.00402742
20160, 0.00402760
20161, 0.00402777
20162, 0.00402794
20163, 0.00402812
20164, 0.00402831
20165, 0.00403701
20166, 0.00403721
20167, 0.00403740
20168, 0.00403758
20169, 0.00403776
20170, 0.00403795
20171, 0.00403813
20172, 0.00403831
20173, 0.00403848
20174, 0.00403866
20175, 0.00403885
20176, 0.00403902
20177, 0.00403919
20178, 0.00403936
20179, 0.00403954
20180, 0.00403971
20181, 0.00403988
20182, 0.00404005
20183, 0.00404023
20184, 0.00404040
20185, 0.00404057
20186, 0.00404075
20187, 0.00404092
20188, 0.00404109
20189, 0.00404127
20190, 0.00404144
20191, 0.00404161
20192, 0.00404179
20193, 0.00404196
20194, 0.00404214
20195, 0.00404231
20196, 0.00404248
20197, 0.00404266
20198, 0.00404283
20199, 0.00404300
20200, 0.00404317
20201, 0.00404334
20202, 0.00404352
20203, 0.00404369
20204, 0.00404386
20205, 0.00404403
20206, 0.00404420
20207, 0.00404437
20208, 0.00404454
20209, 0.00404472
20210, 0.00404489
20211, 0.00404506
20212, 0.00404523
20213, 0.00404540
20214, 0.00404558
20215, 0.00404575
20216, 0.00404592
20217, 0.00404609
20218, 0.00404626
20219, 0.00404644
20220, 0.00404661
20221, 0.00404678
20222, 0.00404695
20223, 0.00404712
20224, 0.00404730
20225, 0.00404747
20226, 0.00404764
20227, 0.00404781
20228, 0.00404799
20229, 0.00404816
20230, 0.00404833
20231, 0.00404851
20232, 0.00404868
20233, 0.00404886
20234, 0.00404903
20235, 0.00404920
20236, 0.00404937
20237, 0.00404954
20238, 0.00404971
20239, 0.00404988
20240, 0.00405005
20241, 0.00405022
20242, 0.00405040
20243, 0.00405057
20244, 0.00405074
20245, 0.00405092
20246, 0.00405109
20247, 0.00405126
20248, 0.00405143
20249, 0.00405160
20250, 0.00405177
20251, 0.00405194
20252, 0.00405211
20253, 0.00405229
20254, 0.00405246
20255, 0.00405263
20256, 0.00405280
20257, 0.00405298
20258, 0.00405315
20259, 0.00405332
20260, 0.00405350
20261, 0.00405367
20262, 0.00405384
20263, 0.00405401
20264, 0.00405418
20265, 0.00405436
20266, 0.00405453
20267, 0.00405470
20268, 0.00405487
20269, 0.00405504
20270, 0.00405521
20271, 0.00405538
20272, 0.00405555
20273, 0.00405572
20274, 0.00405589
20275, 0.00405606
20276, 0.00405623
20277, 0.00405640
20278, 0.00405657
20279, 0.00405674
20280, 0.00405691
20281, 0.00405708
20282, 0.00405726
20283, 0.00405743
20284, 0.00405760
20285, 0.00405777
20286, 0.00405794
20287, 0.00405812
20288, 0.00405829
20289, 0.00405846
20290, 0.00405865
20291, 0.00406080
20292, 0.00406100
20293, 0.00406119
20294, 0.00406136
20295, 0.00406154
20296, 0.00406172
20297, 0.00406189
20298, 0.00406206
20299, 0.00406224
20300, 0.00406241
20301, 0.00406258
20302, 0.00406276
20303, 0.00406293
20304, 0.00406310
20305, 0.00406328
20306, 0.00406345
20307, 0.00406363
20308, 0.00406380
20309, 0.00406398
20310, 0.00406415
20311, 0.00406432
20312, 0.00406450
20313, 0.00406467
20314, 0.00406486
20315, 0.00406504
20316, 0.00406522
20317, 0.00406539
20318, 0.00406557
20319, 0.00406575
20320, 0.00406593
20321, 0.00406611
20322, 0.00406629
20323, 0.00406647
20324, 0.00406665
20325, 0.00406683
20326, 0.00406701
20327, 0.00406719
20328, 0.00406738
20329, 0.00406756
20330, 0.00406773
20331, 0.00406791
20332, 0.00406808
20333, 0.00406826
20334, 0.00406843
20335, 0.00406860
20336, 0.00406877
20337, 0.00406895
20338, 0.00406912
20339, 0.00406929
20340, 0.00406947
20341, 0.00406964
20342, 0.00406982
20343, 0.00406999
20344, 0.00407017
20345, 0.00407034
20346, 0.00407051
20347, 0.00407069
20348, 0.00407086
20349, 0.00407104
20350, 0.00407121
20351, 0.00407139
20352, 0.00407156
20353, 0.00407173
20354, 0.00407190
20355, 0.00407208
20356, 0.00407226
20357, 0.00407243
20358, 0.00407260
20359, 0.00407277
20360, 0.00407295
20361, 0.00407312
20362, 0.00407330
20363, 0.00407347
20364, 0.00407364
20365, 0.00407382
20366, 0.00407399
20367, 0.00407416
20368, 0.00407434
20369, 0.00407451
20370, 0.00407468
20371, 0.00407486
20372, 0.00407503
20373, 0.00407521
20374, 0.00407538
20375, 0.00407555
20376, 0.00407572
20377, 0.00407590
20378, 0.00407607
20379, 0.00407624
20380, 0.00407642
20381, 0.00407660
20382, 0.00407677
20383, 0.00407694
20384, 0.00407712
20385, 0.00407729
20386, 0.00407746
20387, 0.00407764
20388, 0.00407781
20389, 0.00407799
20390, 0.00407818
20391, 0.00407836
20392, 0.00407853
20393, 0.00407870
20394, 0.00407888
20395, 0.00407905
20396, 0.00407922
20397, 0.00407940
20398, 0.00407957
20399, 0.00407974
20400, 0.00407992
20401, 0.00408009
20402, 0.00408026
20403, 0.00408043
20404, 0.00408061
20405, 0.00408078
20406, 0.00408095
20407, 0.00408113
20408, 0.00408130
20409, 0.00408148
20410, 0.00408165
20411, 0.00408183
20412, 0.00408200
20413, 0.00408218
20414, 0.00408235
20415, 0.00408253
20416, 0.00408271
20417, 0.00408481
20418, 0.00408502
20419, 0.00408520
20420, 0.00408539
20421, 0.00408557
20422, 0.00408575
20423, 0.00408592
20424, 0.00408610
20425, 0.00408627
20426, 0.00408645
20427, 0.00408662
20428, 0.00408679
20429, 0.00408697
20430, 0.00408715
20431, 0.00408732
20432, 0.00408750
20433, 0.00408767
20434, 0.00408785
20435, 0.00408803
20436, 0.00408827
20437, 0.00408844
20438, 0.00408862
20439, 0.00408879
20440, 0.00408897
20441, 0.00408915
20442, 0.00408932
20443, 0.00408950
20444, 0.00408968
20445, 0.00408985
20446, 0.00409003
20447, 0.00409020
20448, 0.00409038
20449, 0.00409055
20450, 0.00409075
20451, 0.00409092
20452, 0.00409110
20453, 0.00409128
20454, 0.00409145
20455, 0.00409163
20456, 0.00409181
20457, 0.00409198
20458, 0.00409216
20459, 0.00409233
20460, 0.00409251
20461, 0.00409269
20462, 0.00409286
20463, 0.00409304
20464, 0.00409321
20465, 0.00409339
20466, 0.00409357
20467, 0.00409375
20468, 0.00409392
20469, 0.00409410
20470, 0.00409428
20471, 0.00409446
20472, 0.00409463
20473, 0.00409481
20474, 0.00409498
20475, 0.00409516
20476, 0.00409534
20477, 0.00409551
20478, 0.00409569
20479, 0.00409596
20480, 0.00409613
20481, 0.00409631
20482, 0.00409648
20483, 0.00409672
20484, 0.00409689
20485, 0.00409707
20486, 0.00409724
20487, 0.00409742
20488, 0.00409759
20489, 0.00409777
20490, 0.00409794
20491, 0.00409812
20492, 0.00409830
20493, 0.00409847
20494, 0.00409865
20495, 0.00409883
20496, 0.00409900
20497, 0.00409918
20498, 0.00409937
20499, 0.00409955
20500, 0.00409973
20501, 0.00409990
20502, 0.00410008
20503, 0.00410026
20504, 0.00410044
20505, 0.00410062
20506, 0.00410079
20507, 0.00410098
20508, 0.00410116
20509, 0.00410133
20510, 0.00410151
20511, 0.00410170
20512, 0.00410188
20513, 0.00410206
20514, 0.00410224
20515, 0.00410241
20516, 0.00410259
20517, 0.00410277
20518, 0.00410294
20519, 0.00410312
20520, 0.00410329
20521, 0.00410347
20522, 0.00410365
20523, 0.00410383
20524, 0.00410400
20525, 0.00410418
20526, 0.00410436
20527, 0.00410454
20528, 0.00410471
20529, 0.00410489
20530, 0.00410506
20531, 0.00410524
20532, 0.00410542
20533, 0.00410560
20534, 0.00410577
20535, 0.00410595
20536, 0.00410612
20537, 0.00410630
20538, 0.00410649
20539, 0.00410667
20540, 0.00410684
20541, 0.00410702
20542, 0.00410721
20543, 0.00410935
20544, 0.00410956
20545, 0.00410974
20546, 0.00410993
20547, 0.00411011
20548, 0.00411028
20549, 0.00411046
20550, 0.00411063
20551, 0.00411081
20552, 0.00411098
20553, 0.00411116
20554, 0.00411133
20555, 0.00411151
20556, 0.00411169
20557, 0.00411186
20558, 0.00411204
20559, 0.00411221
20560, 0.00411239
20561, 0.00411256
20562, 0.00411274
20563, 0.00411291
20564, 0.00411309
20565, 0.00411327
20566, 0.00411344
20567, 0.00411361
20568, 0.00411379
20569, 0.00411396
20570, 0.00411413
20571, 0.00411431
20572, 0.00411448
20573, 0.00411466
20574, 0.00411483
20575, 0.00411501
20576, 0.00411518
20577, 0.00411535
20578, 0.00411552
20579, 0.00411570
20580, 0.00411587
20581, 0.00411605
20582, 0.00411622
20583, 0.00411639
20584, 0.00411657
20585, 0.00411674
20586, 0.00411692
20587, 0.00411709
20588, 0.00411727
20589, 0.00411744
20590, 0.00411761
20591, 0.00411778
20592, 0.00411796
20593, 0.00411813
20594, 0.00411831
20595, 0.00411848
20596, 0.00411865
20597, 0.00411882
20598, 0.00411899
20599, 0.00411917
20600, 0.00411934
20601, 0.00411952
20602, 0.00411969
20603, 0.00411987
20604, 0.00412004
20605, 0.00412022
20606, 0.00412039
20607, 0.00412057
20608, 0.00412074
20609, 0.00412092
20610, 0.00412109
20611, 0.00412127
20612, 0.00412144
20613, 0.00412161
20614, 0.00412179
20615, 0.00412196
20616, 0.00412213
20617, 0.00412230
20618, 0.00412248
20619, 0.00412265
20620, 0.00412282
20621, 0.00412300
20622, 0.00412317
20623, 0.00412335
20624, 0.00412352
20625, 0.00412369
20626, 0.00412386
20627, 0.00412404
20628, 0.00412421
20629, 0.00412439
20630, 0.00412456
20631, 0.00412473
20632, 0.00412490
20633, 0.00412508
20634, 0.00412525
20635, 0.00412543
20636, 0.00412560
20637, 0.00412578
20638, 0.00412595
20639, 0.00412612
20640, 0.00412630
20641, 0.00412648
20642, 0.00412665
20643, 0.00412682
20644, 0.00412699
20645, 0.00412717
20646, 0.00412734
20647, 0.00412751
20648, 0.00412768
20649, 0.00412786
20650, 0.00412803
20651, 0.00412820
20652, 0.00412837
20653, 0.00412854
20654, 0.00412872
20655, 0.00412889
20656, 0.00412906
20657, 0.00412924
20658, 0.00412941
20659, 0.00412958
20660, 0.00412975
20661, 0.00412993
20662, 0.00413010
20663, 0.00413027
20664, 0.00413045
20665, 0.00413062
20666, 0.00413080
20667, 0.00413097
20668, 0.00413116
20669, 0.00413326
20670, 0.00413346
20671, 0.00413365
20672, 0.00413384
20673, 0.00413402
20674, 0.00413419
20675, 0.00413437
20676, 0.00413455
20677, 0.00413474
20678, 0.00413491
20679, 0.00413509
20680, 0.00413526
20681, 0.00413544
20682, 0.00413562
20683, 0.00413580
20684, 0.00413597
20685, 0.00413615
20686, 0.00413632
20687, 0.00413650
20688, 0.00413669
20689, 0.00413688
20690, 0.00413706
20691, 0.00413723
20692, 0.00413741
20693, 0.00413758
20694, 0.00413776
20695, 0.00413794
20696, 0.00413811
20697, 0.00413829
20698, 0.00413847
20699, 0.00413864
20700, 0.00413882
20701, 0.00413900
20702, 0.00413924
20703, 0.00413941
20704, 0.00413959
20705, 0.00413976
20706, 0.00413995
20707, 0.00414015
20708, 0.00414033
20709, 0.00414050
20710, 0.00414068
20711, 0.00414085
20712, 0.00414103
20713, 0.00414122
20714, 0.00414139
20715, 0.00414157
20716, 0.00414175
20717, 0.00414194
20718, 0.00414211
20719, 0.00414229
20720, 0.00414247
20721, 0.00414267
20722, 0.00414285
20723, 0.00414303
20724, 0.00414321
20725, 0.00414339
20726, 0.00414357
20727, 0.00414375
20728, 0.00414393
20729, 0.00414410
20730, 0.00414428
20731, 0.00414445
20732, 0.00414463
20733, 0.00414481
20734, 0.00414498
20735, 0.00414517
20736, 0.00414535
20737, 0.00414553
20738, 0.00414571
20739, 0.00414588
20740, 0.00414606
20741, 0.00414624
20742, 0.00414642
20743, 0.00414659
20744, 0.00414677
20745, 0.00414695
20746, 0.00414713
20747, 0.00414731
20748, 0.00414749
20749, 0.00414767
20750, 0.00414785
20751, 0.00414803
20752, 0.00414823
20753, 0.00414841
20754, 0.00414858
20755, 0.00414876
20756, 0.00414893
20757, 0.00414911
20758, 0.00414929
20759, 0.00414948
20760, 0.00414965
20761, 0.00414983
20762, 0.00415001
20763, 0.00415018
20764, 0.00415036
20765, 0.00415053
20766, 0.00415070
20767, 0.00415090
20768, 0.00415108
20769, 0.00415125
20770, 0.00415143
20771, 0.00415161
20772, 0.00415179
20773, 0.00415197
20774, 0.00415216
20775, 0.00415234
20776, 0.00415252
20777, 0.00415270
20778, 0.00415287
20779, 0.00415305
20780, 0.00415323
20781, 0.00415341
20782, 0.00415358
20783, 0.00415376
20784, 0.00415394
20785, 0.00415412
20786, 0.00415430
20787, 0.00415448
20788, 0.00415468
20789, 0.00415485
20790, 0.00415503
20791, 0.00415521
20792, 0.00415539
20793, 0.00415557
20794, 0.00415577
20795, 0.00415788
20796, 0.00415809
20797, 0.00415827
20798, 0.00415845
20799, 0.00415862
20800, 0.00415880
20801, 0.00415897
20802, 0.00415914
20803, 0.00415932
20804, 0.00415949
20805, 0.00415966
20806, 0.00415984
20807, 0.00416001
20808, 0.00416019
20809, 0.00416037
20810, 0.00416054
20811, 0.00416072
20812, 0.00416089
20813, 0.00416106
20814, 0.00416124
20815, 0.00416141
20816, 0.00416159
20817, 0.00416176
20818, 0.00416194
20819, 0.00416211
20820, 0.00416228
20821, 0.00416248
20822, 0.00416266
20823, 0.00416283
20824, 0.00416300
20825, 0.00416318
20826, 0.00416335
20827, 0.00416352
20828, 0.00416370
20829, 0.00416387
20830, 0.00416404
20831, 0.00416422
20832, 0.00416439
20833, 0.00416456
20834, 0.00416474
20835, 0.00416491
20836, 0.00416509
20837, 0.00416526
20838, 0.00416543
20839, 0.00416561
20840, 0.00416578
20841, 0.00416595
20842, 0.00416612
20843, 0.00416630
20844, 0.00416647
20845, 0.00416665
20846, 0.00416682
20847, 0.00416700
20848, 0.00416717
20849, 0.00416735
20850, 0.00416752
20851, 0.00416769
20852, 0.00416786
20853, 0.00416804
20854, 0.00416821
20855, 0.00416838
20856, 0.00416856
20857, 0.00416874
20858, 0.00416891
20859, 0.00416908
20860, 0.00416926
20861, 0.00416943
20862, 0.00416960
20863, 0.00416978
20864, 0.00416995
20865, 0.00417012
20866, 0.00417030
20867, 0.00417047
20868, 0.00417064
20869, 0.00417082
20870, 0.00417099
20871, 0.00417116
20872, 0.00417134
20873, 0.00417151
20874, 0.00417168
20875, 0.00417186
20876, 0.00417203
20877, 0.00417220
20878, 0.00417238
20879, 0.00417255
20880, 0.00417273
20881, 0.00417290
20882, 0.00417307
20883, 0.00417325
20884, 0.00417342
20885, 0.00417359
20886, 0.00417377
20887, 0.00417398
20888, 0.00417415
20889, 0.00417433
20890, 0.00417450
20891, 0.00417467
20892, 0.00417484
20893, 0.00417502
20894, 0.00417519
20895, 0.00417537
20896, 0.00417554
20897, 0.00417571
20898, 0.00417588
20899, 0.00417606
20900, 0.00417623
20901, 0.00417641
20902, 0.00417658
20903, 0.00417675
20904, 0.00417692
20905, 0.00417709
20906, 0.00417727
20907, 0.00417744
20908, 0.00417761
20909, 0.00417778
20910, 0.00417796
20911, 0.00417813
20912, 0.00417831
20913, 0.00417848
20914, 0.00417865
20915, 0.00417883
20916, 0.00417900
20917, 0.00417917
20918, 0.00417935
20919, 0.00417952
20920, 0.00417971
20921, 0.00418178
20922, 0.00418199
20923, 0.00418217
20924, 0.00418234
20925, 0.00418252
20926, 0.00418269
20927, 0.00418287
20928, 0.00418304
20929, 0.00418322
20930, 0.00418339
20931, 0.00418357
20932, 0.00418374
20933, 0.00418391
20934, 0.00418408
20935, 0.00418426
20936, 0.00418443
20937, 0.00418461
20938, 0.00418478
20939, 0.00418495
20940, 0.00418512
20941, 0.00418530
20942, 0.00418549
20943, 0.00418567
20944, 0.00418584
20945, 0.00418601
20946, 0.00418619
20947, 0.00418636
20948, 0.00418653
20949, 0.00418671
20950, 0.00418688
20951, 0.00418706
20952, 0.00418723
20953, 0.00418740
20954, 0.00418758
20955, 0.00418775
20956, 0.00418792
20957, 0.00418810
20958, 0.00418827
20959, 0.00418844
20960, 0.00418862
20961, 0.00418879
20962, 0.00418896
20963, 0.00418913
20964, 0.00418931
20965, 0.00418948
20966, 0.00418966
20967, 0.00418983
20968, 0.00419001
20969, 0.00419019
20970, 0.00419037
20971, 0.00419055
20972, 0.00419073
20973, 0.00419091
20974, 0.00419109
20975, 0.00419127
20976, 0.00419144
20977, 0.00419162
20978, 0.00419180
20979, 0.00419197
20980, 0.00419215
20981, 0.00419232
20982, 0.00419250
20983, 0.00419267
20984, 0.00419285
20985, 0.00419302
20986, 0.00419319
20987, 0.00419337
20988, 0.00419354
20989, 0.00419371
20990, 0.00419389
20991, 0.00419415
20992, 0.00419432
20993, 0.00419449
20994, 0.00419467
20995, 0.00419484
20996, 0.00419502
20997, 0.00419519
20998, 0.00419537
20999, 0.00419554
21000, 0.00419571
21001, 0.00419589
21002, 0.00419607
21003, 0.00419624
21004, 0.00419641
21005, 0.00419659
21006, 0.00419676
21007, 0.00419694
21008, 0.00419711
21009, 0.00419728
21010, 0.00419746
21011, 0.00419763
21012, 0.00419780
21013, 0.00419803
21014, 0.00419820
21015, 0.00419837
21016, 0.00419855
21017, 0.00419872
21018, 0.00419889
21019, 0.00419907
21020, 0.00419924
21021, 0.00419942
21022, 0.00419959
21023, 0.00419976
21024, 0.00419994
21025, 0.00420011
21026, 0.00420028
21027, 0.00420049
21028, 0.00420066
21029, 0.00420083
21030, 0.00420101
21031, 0.00420118
21032, 0.00420136
21033, 0.00420153
21034, 0.00420171
21035, 0.00420188
21036, 0.00420206
21037, 0.00420223
21038, 0.00420240
21039, 0.00420258
21040, 0.00420276
21041, 0.00420293
21042, 0.00420311
21043, 0.00420328
21044, 0.00420345
21045, 0.00420363
21046, 0.00420381
21047, 0.00420586
21048, 0.00420607
21049, 0.00420626
21050, 0.00420644
21051, 0.00420662
21052, 0.00420679
21053, 0.00420697
21054, 0.00420714
21055, 0.00420731
21056, 0.00420749
21057, 0.00420766
21058, 0.00420783
21059, 0.00420801
21060, 0.00420818
21061, 0.00420836
21062, 0.00420853
21063, 0.00420870
21064, 0.00420888
21065, 0.00420906
21066, 0.00420923
21067, 0.00420940
21068, 0.00420958
21069, 0.00420975
21070, 0.00420992
21071, 0.00421009
21072, 0.00421027
21073, 0.00421044
21074, 0.00421061
21075, 0.00421078
21076, 0.00421096
21077, 0.00421113
21078, 0.00421131
21079, 0.00421148
21080, 0.00421165
21081, 0.00421185
21082, 0.00421202
21083, 0.00421219
21084, 0.00421237
21085, 0.00421254
21086, 0.00421271
21087, 0.00421289
21088, 0.00421307
21089, 0.00421324
21090, 0.00421342
21091, 0.00421360
21092, 0.00421377
21093, 0.00421395
21094, 0.00421412
21095, 0.00421429
21096, 0.00421447
21097, 0.00421464
21098, 0.00421482
21099, 0.00421499
21100, 0.00421516
21101, 0.00421533
21102, 0.00421551
21103, 0.00421568
21104, 0.00421585
21105, 0.00421603
21106, 0.00421620
21107, 0.00421637
21108, 0.00421655
21109, 0.00421672
21110, 0.00421689
21111, 0.00421707
21112, 0.00421724
21113, 0.00421741
21114, 0.00421759
21115, 0.00421776
21116, 0.00421793
21117, 0.00421811
21118, 0.00421828
21119, 0.00421846
21120, 0.00421863
21121, 0.00421880
21122, 0.00421897
21123, 0.00421915
21124, 0.00421932
21125, 0.00421949
21126, 0.00421967
21127, 0.00422811
21128, 0.00422833
21129, 0.00422851
21130, 0.00422869
21131, 0.00422887
21132, 0.00422905
21133, 0.00422922
21134, 0.00422940
21135, 0.00422958
21136, 0.00422975
21137, 0.00422992
21138, 0.00423010
21139, 0.00423027
21140, 0.00423045
21141, 0.00423062
21142, 0.00423079
21143, 0.00423096
21144, 0.00423114
21145, 0.00423131
21146, 0.00423148
21147, 0.00423166
21148, 0.00423186
21149, 0.00423203
21150, 0.00423223
21151, 0.00423240
21152, 0.00423257
21153, 0.00423275
21154, 0.00423292
21155, 0.00423309
21156, 0.00423327
21157, 0.00423344
21158, 0.00423361
21159, 0.00423379
21160, 0.00423396
21161, 0.00423414
21162, 0.00423431
21163, 0.00423448
21164, 0.00423466
21165, 0.00423483
21166, 0.00423500
21167, 0.00423517
21168, 0.00423535
21169, 0.00423552
21170, 0.00423570
21171, 0.00423587
21172, 0.00423605
21173, 0.00423823
21174, 0.00423845
21175, 0.00423864
21176, 0.00423882
21177, 0.00423901
21178, 0.00423918
21179, 0.00423936
21180, 0.00423954
21181, 0.00423971
21182, 0.00423989
21183, 0.00424006
21184, 0.00424024
21185, 0.00424041
21186, 0.00424059
21187, 0.00424076
21188, 0.00424094
21189, 0.00424111
21190, 0.00424128
21191, 0.00424145
21192, 0.00424163
21193, 0.00424181
21194, 0.00424198
21195, 0.00424215
21196, 0.00424233
21197, 0.00424252
21198, 0.00424270
21199, 0.00424288
21200, 0.00424305
21201, 0.00424322
21202, 0.00424340
21203, 0.00424357
21204, 0.00424375
21205, 0.00424392
21206, 0.00424409
21207, 0.00424427
21208, 0.00424444
21209, 0.00424461
21210, 0.00424478
21211, 0.00424496
21212, 0.00424513
21213, 0.00424531
21214, 0.00424548
21215, 0.00424568
21216, 0.00424586
21217, 0.00424603
21218, 0.00424620
21219, 0.00424638
21220, 0.00424655
21221, 0.00424673
21222, 0.00424690
21223, 0.00424708
21224, 0.00424725
21225, 0.00424743
21226, 0.00424760
21227, 0.00424778
21228, 0.00424795
21229, 0.00424812
21230, 0.00424830
21231, 0.00424847
21232, 0.00424864
21233, 0.00424882
21234, 0.00424899
21235, 0.00424916
21236, 0.00424934
21237, 0.00424952
21238, 0.00424969
21239, 0.00424987
21240, 0.00425004
21241, 0.00425021
21242, 0.00425039
21243, 0.00425056
21244, 0.00425074
21245, 0.00425091
21246, 0.00425108
21247, 0.00425126
21248, 0.00425143
21249, 0.00425161
21250, 0.00425178
21251, 0.00425196
21252, 0.00425213
21253, 0.00425230
21254, 0.00425248
21255, 0.00425265
21256, 0.00425282
21257, 0.00425300
21258, 0.00425317
21259, 0.00425334
21260, 0.00425352
21261, 0.00425370
21262, 0.00425387
21263, 0.00425404
21264, 0.00425422
21265, 0.00425439
21266, 0.00425457
21267, 0.00425474
21268, 0.00425492
21269, 0.00425509
21270, 0.00425526
21271, 0.00425544
21272, 0.00425561
21273, 0.00425579
21274, 0.00425596
21275, 0.00425614
21276, 0.00425631
21277, 0.00425649
21278, 0.00425666
21279, 0.00425684
21280, 0.00425701
21281, 0.00425719
21282, 0.00425736
21283, 0.00425754
21284, 0.00425772
21285, 0.00425789
21286, 0.00425807
21287, 0.00425824
21288, 0.00425841
21289, 0.00425859
21290, 0.00425876
21291, 0.00425894
21292, 0.00425911
21293, 0.00425928
21294, 0.00425946
21295, 0.00425964
21296, 0.00425981
21297, 0.00425998
21298, 0.00426017
21299, 0.00426227
21300, 0.00426248
21301, 0.00426267
21302, 0.00426285
21303, 0.00426303
21304, 0.00426321
21305, 0.00426340
21306, 0.00426358
21307, 0.00426376
21308, 0.00426394
21309, 0.00426412
21310, 0.00426430
21311, 0.00426448
21312, 0.00426466
21313, 0.00426485
21314, 0.00426503
21315, 0.00426521
21316, 0.00426539
21317, 0.00426557
21318, 0.00426575
21319, 0.00426595
21320, 0.00426613
21321, 0.00426631
21322, 0.00426649
21323, 0.00426668
21324, 0.00426685
21325, 0.00426704
21326, 0.00426722
21327, 0.00426740
21328, 0.00426760
21329, 0.00426779
21330, 0.00426797
21331, 0.00426815
21332, 0.00426833
21333, 0.00426851
21334, 0.00426870
21335, 0.00426887
21336, 0.00426906
21337, 0.00426924
21338, 0.00426942
21339, 0.00426960
21340, 0.00426977
21341, 0.00426995
21342, 0.00427014
21343, 0.00427032
21344, 0.00427050
21345, 0.00427068
21346, 0.00427086
21347, 0.00427105
21348, 0.00427123
21349, 0.00427141
21350, 0.00427159
21351, 0.00427177
21352, 0.00427195
21353, 0.00427214
21354, 0.00427232
21355, 0.00427250
21356, 0.00427268
21357, 0.00427286
21358, 0.00427304
21359, 0.00427322
21360, 0.00427340
21361, 0.00427358
21362, 0.00427376
21363, 0.00427395
21364, 0.00427413
21365, 0.00427431
21366, 0.00427449
21367, 0.00427467
21368, 0.00427485
21369, 0.00427503
21370, 0.00427521
21371, 0.00427539
21372, 0.00427557
21373, 0.00427576
21374, 0.00427594
21375, 0.00427612
21376, 0.00427630
21377, 0.00427648
21378, 0.00427666
21379, 0.00427685
21380, 0.00427703
21381, 0.00427734
21382, 0.00427752
21383, 0.00427770
21384, 0.00427789
21385, 0.00427807
21386, 0.00427825
21387, 0.00427843
21388, 0.00427861
21389, 0.00427879
21390, 0.00427898
21391, 0.00427916
21392, 0.00427934
21393, 0.00427952
21394, 0.00427970
21395, 0.00427990
21396, 0.00428008
21397, 0.00428026
21398, 0.00428044
21399, 0.00428062
21400, 0.00428080
21401, 0.00428098
21402, 0.00428116
21403, 0.00428135
21404, 0.00428153
21405, 0.00428171
21406, 0.00428189
21407, 0.00428207
21408, 0.00428225
21409, 0.00428244
21410, 0.00428262
21411, 0.00428280
21412, 0.00428298
21413, 0.00428316
21414, 0.00428337
21415, 0.00428355
21416, 0.00428373
21417, 0.00428392
21418, 0.00428410
21419, 0.00428428
21420, 0.00428446
21421, 0.00428464
21422, 0.00428482
21423, 0.00428500
21424, 0.00428520
21425, 0.00428733
21426, 0.00428755
21427, 0.00428773
21428, 0.00428791
21429, 0.00428808
21430, 0.00428826
21431, 0.00428843
21432, 0.00428861
21433, 0.00428879
21434, 0.00428896
21435, 0.00428914
21436, 0.00428931
21437, 0.00428948
21438, 0.00428966
21439, 0.00428983
21440, 0.00429001
21441, 0.00429018
21442, 0.00429036
21443, 0.00429053
21444, 0.00429070
21445, 0.00429088
21446, 0.00429106
21447, 0.00429123
21448, 0.00429141
21449, 0.00429158
21450, 0.00429176
21451, 0.00429193
21452, 0.00429211
21453, 0.00429229
21454, 0.00429246
21455, 0.00429264
21456, 0.00429281
21457, 0.00429299
21458, 0.00429317
21459, 0.00429335
21460, 0.00429352
21461, 0.00429369
21462, 0.00429387
21463, 0.00429404
21464, 0.00429422
21465, 0.00429439
21466, 0.00429457
21467, 0.00429474
21468, 0.00429492
21469, 0.00429510
21470, 0.00429527
21471, 0.00429545
21472, 0.00429562
21473, 0.00429580
21474, 0.00429597
21475, 0.00429615
21476, 0.00429633
21477, 0.00429651
21478, 0.00429669
21479, 0.00429686
21480, 0.00429703
21481, 0.00429721
21482, 0.00429739
21483, 0.00429756
21484, 0.00429774
21485, 0.00429791
21486, 0.00429808
21487, 0.00429825
21488, 0.00429843
21489, 0.00429860
21490, 0.00429878
21491, 0.00429895
21492, 0.00429912
21493, 0.00429930
21494, 0.00429947
21495, 0.00429965
21496, 0.00429982
21497, 0.00430001
21498, 0.00430021
21499, 0.00430039
21500, 0.00430057
21501, 0.00430075
21502, 0.00430093
21503, 0.00430121
21504, 0.00430140
21505, 0.00430158
21506, 0.00430176
21507, 0.00430194
21508, 0.00430211
21509, 0.00430229
21510, 0.00430247
21511, 0.00430264
21512, 0.00430282
21513, 0.00430299
21514, 0.00430317
21515, 0.00430334
21516, 0.00430351
21517, 0.00430373
21518, 0.00430390
21519, 0.00430408
21520, 0.00430425
21521, 0.00430443
21522, 0.00430466
21523, 0.00430485
21524, 0.00430504
21525, 0.00430522
21526, 0.00430540
21527, 0.00430559
21528, 0.00430577
21529, 0.00430595
21530, 0.00430613
21531, 0.00430631
21532, 0.00430649
21533, 0.00430667
21534, 0.00430686
21535, 0.00430705
21536, 0.00430723
21537, 0.00430741
21538, 0.00430759
21539, 0.00430777
21540, 0.00430795
21541, 0.00430813
21542, 0.00430831
21543, 0.00430849
21544, 0.00430868
21545, 0.00430886
21546, 0.00430904
21547, 0.00430922
21548, 0.00430940
21549, 0.00430958
21550, 0.00430977
21551, 0.00431189
21552, 0.00431209
21553, 0.00431227
21554, 0.00431244
21555, 0.00431262
21556, 0.00431280
21557, 0.00431298
21558, 0.00431315
21559, 0.00431333
21560, 0.00431351
21561, 0.00431369
21562, 0.00431387
21563, 0.00431404
21564, 0.00431422
21565, 0.00431439
21566, 0.00431457
21567, 0.00431476
21568, 0.00431494
21569, 0.00431511
21570, 0.00431529
21571, 0.00431546
21572, 0.00431564
21573, 0.00431581
21574, 0.00431599
21575, 0.00431617
21576, 0.00431635
21577, 0.00431653
21578, 0.00431672
21579, 0.00431690
21580, 0.00431708
21581, 0.00431726
21582, 0.00431744
21583, 0.00431762
21584, 0.00431780
21585, 0.00431797
21586, 0.00431816
21587, 0.00431833
21588, 0.00431851
21589, 0.00431868
21590, 0.00431885
21591, 0.00431903
21592, 0.00431920
21593, 0.00431938
21594, 0.00431955
21595, 0.00431973
21596, 0.00431990
21597, 0.00432008
21598, 0.00432025
21599, 0.00432043
21600, 0.00432060
21601, 0.00432078
21602, 0.00432095
21603, 0.00432113
21604, 0.00432130
21605, 0.00432148
21606, 0.00432165
21607, 0.00432184
21608, 0.00432202
21609, 0.00432219
21610, 0.00432236
21611, 0.00432254
21612, 0.00432271
21613, 0.00432289
21614, 0.00432306
21615, 0.00432323
21616, 0.00432341
21617, 0.00432359
21618, 0.00432376
21619, 0.00432393
21620, 0.00432410
21621, 0.00432428
21622, 0.00432446
21623, 0.00432464
21624, 0.00432482
21625, 0.00432500
21626, 0.00432518
21627, 0.00432536
21628, 0.00432555
21629, 0.00432572
21630, 0.00432591
21631, 0.00432609
21632, 0.00432627
21633, 0.00432645
21634, 0.00432663
21635, 0.00432680
21636, 0.00432697
21637, 0.00432715
21638, 0.00432732
21639, 0.00432750
21640, 0.00432767
21641, 0.00432785
21642, 0.00432802
21643, 0.00432822
21644, 0.00432840
21645, 0.00432857
21646, 0.00432874
21647, 0.00432892
21648, 0.00432909
21649, 0.00432927
21650, 0.00432944
21651, 0.00432962
21652, 0.00432979
21653, 0.00432996
21654, 0.00433014
21655, 0.00433031
21656, 0.00433048
21657, 0.00433066
21658, 0.00433083
21659, 0.00433101
21660, 0.00433118
21661, 0.00433135
21662, 0.00433153
21663, 0.00433170
21664, 0.00433188
21665, 0.00433205
21666, 0.00433222
21667, 0.00433240
21668, 0.00433257
21669, 0.00433275
21670, 0.00433292
21671, 0.00433309
21672, 0.00433327
21673, 0.00433344
21674, 0.00433361
21675, 0.00433379
21676, 0.00433398
21677, 0.00433606
21678, 0.00433626
21679, 0.00433645
21680, 0.00433663
21681, 0.00433681
21682, 0.00433698
21683, 0.00433716
21684, 0.00433733
21685, 0.00433751
21686, 0.00433768
21687, 0.00433786
21688, 0.00433803
21689, 0.00433820
21690, 0.00433837
21691, 0.00433854
21692, 0.00433872
21693, 0.00433889
21694, 0.00433907
21695, 0.00433924
21696, 0.00433941
21697, 0.00433958
21698, 0.00433976
21699, 0.00433993
21700, 0.00434010
21701, 0.00434028
21702, 0.00434045
21703, 0.00434062
21704, 0.00434079
21705, 0.00434097
21706, 0.00434114
21707, 0.00434131
21708, 0.00434148
21709, 0.00434166
21710, 0.00434183
21711, 0.00434201
21712, 0.00434218
21713, 0.00434236
21714, 0.00434253
21715, 0.00434270
21716, 0.00434288
21717, 0.00434305
21718, 0.00434322
21719, 0.00434340
21720, 0.00434358
21721, 0.00434375
21722, 0.00434392
21723, 0.00434409
21724, 0.00434426
21725, 0.00434444
21726, 0.00434461
21727, 0.00434478
21728, 0.00434495
21729, 0.00434513
21730, 0.00434530
21731, 0.00434547
21732, 0.00434564
21733, 0.00434582
21734, 0.00434599
21735, 0.00434616
21736, 0.00434634
21737, 0.00434651
21738, 0.00434668
21739, 0.00434686
21740, 0.00434703
21741, 0.00434720
21742, 0.00434737
21743, 0.00434757
21744, 0.00434774
21745, 0.00434791
21746, 0.00434808
21747, 0.00434826
21748, 0.00434843
21749, 0.00434860
21750, 0.00434878
21751, 0.00434895
21752, 0.00434912
21753, 0.00434929
21754, 0.00434946
21755, 0.00434964
21756, 0.00434981
21757, 0.00434998
21758, 0.00435016
21759, 0.00435033
21760, 0.00435050
21761, 0.00435068
21762, 0.00435085
21763, 0.00435102
21764, 0.00435120
21765, 0.00435137
21766, 0.00435154
21767, 0.00435172
21768, 0.00435189
21769, 0.00435206
21770, 0.00435223
21771, 0.00435241
21772, 0.00435258
21773, 0.00435275
21774, 0.00435293
21775, 0.00435310
21776, 0.00435327
21777, 0.00435345
21778, 0.00435362
21779, 0.00435379
21780, 0.00435396
21781, 0.00435414
21782, 0.00435431
21783, 0.00435448
21784, 0.00435466
21785, 0.00435483
21786, 0.00435500
21787, 0.00435517
21788, 0.00435535
21789, 0.00435552
21790, 0.00435569
21791, 0.00435586
21792, 0.00435604
21793, 0.00435621
21794, 0.00435638
21795, 0.00435656
21796, 0.00435673
21797, 0.00435690
21798, 0.00435707
21799, 0.00435725
21800, 0.00435742
21801, 0.00435759
21802, 0.00435778
21803, 0.00436000
21804, 0.00436020
21805, 0.00436038
21806, 0.00436056
21807, 0.00436073
21808, 0.00436090
21809, 0.00436107
21810, 0.00436124
21811, 0.00436141
21812, 0.00436159
21813, 0.00436176
21814, 0.00436193
21815, 0.00436211
21816, 0.00436228
21817, 0.00436245
21818, 0.00436262
21819, 0.00436279
21820, 0.00436296
21821, 0.00436314
21822, 0.00436331
21823, 0.00436349
21824, 0.00436367
21825, 0.00436384
21826, 0.00436401
21827, 0.00436418
21828, 0.00436436
21829, 0.00436453
21830, 0.00436470
21831, 0.00436488
21832, 0.00436505
21833, 0.00436523
21834, 0.00436540
21835, 0.00436557
21836, 0.00436575
21837, 0.00436592
21838, 0.00436609
21839, 0.00436627
21840, 0.00436644
21841, 0.00436661
21842, 0.00436679
21843, 0.00436696
21844, 0.00436714
21845, 0.00436731
21846, 0.00436748
21847, 0.00436766
21848, 0.00436783
21849, 0.00436803
21850, 0.00436820
21851, 0.00436838
21852, 0.00436855
21853, 0.00436872
21854, 0.00436889
21855, 0.00436907
21856, 0.00436924
21857, 0.00436942
21858, 0.00436959
21859, 0.00436976
21860, 0.00436993
21861, 0.00437011
21862, 0.00437028
21863, 0.00437045
21864, 0.00437062
21865, 0.00437079
21866, 0.00437097
21867, 0.00437114
21868, 0.00437131
21869, 0.00437149
21870, 0.00437166
21871, 0.00437183
21872, 0.00437201
21873, 0.00437218
21874, 0.00437235
21875, 0.00437252
21876, 0.00437269
21877, 0.00437287
21878, 0.00437304
21879, 0.00437322
21880, 0.00437339
21881, 0.00437357
21882, 0.00437374
21883, 0.00437391
21884, 0.00437408
21885, 0.00437425
21886, 0.00437443
21887, 0.00437460
21888, 0.00437477
21889, 0.00437495
21890, 0.00437512
21891, 0.00437529
21892, 0.00437547
21893, 0.00437564
21894, 0.00437582
21895, 0.00437599
21896, 0.00437616
21897, 0.00437634
21898, 0.00437651
21899, 0.00437668
21900, 0.00437686
21901, 0.00437703
21902, 0.00437721
21903, 0.00437738
21904, 0.00437755
21905, 0.00437773
21906, 0.00437790
21907, 0.00437807
21908, 0.00437825
21909, 0.00437842
21910, 0.00437859
21911, 0.00437877
21912, 0.00437894
21913, 0.00437912
21914, 0.00437929
21915, 0.00437946
21916, 0.00437964
21917, 0.00437981
21918, 0.00437999
21919, 0.00438016
21920, 0.00438033
21921, 0.00438051
21922, 0.00438068
21923, 0.00438085
21924, 0.00438103
21925, 0.00438120
21926, 0.00438138
21927, 0.00438155
21928, 0.00438174
21929, 0.00438401
21930, 0.00438421
21931, 0.00438440
21932, 0.00438457
21933, 0.00438474
21934, 0.00438492
21935, 0.00438510
21936, 0.00438527
21937, 0.00438545
21938, 0.00438562
21939, 0.00438580
21940, 0.00438597
21941, 0.00438614
21942, 0.00438632
21943, 0.00438649
21944, 0.00438666
21945, 0.00438684
21946, 0.00438701
21947, 0.00438718
21948, 0.00438736
21949, 0.00438753
21950, 0.00438770
21951, 0.00438788
21952, 0.00438805
21953, 0.00438822
21954, 0.00438840
21955, 0.00438857
21956, 0.00438877
21957, 0.00438894
21958, 0.00438912
21959, 0.00438930
21960, 0.00438947
21961, 0.00438964
21962, 0.00438981
21963, 0.00438999
21964, 0.00439016
21965, 0.00439034
21966, 0.00439051
21967, 0.00439069
21968, 0.00439086
21969, 0.00439104
21970, 0.00439121
21971, 0.00439139
21972, 0.00439156
21973, 0.00439173
21974, 0.00439191
21975, 0.00439208
21976, 0.00439225
21977, 0.00439243
21978, 0.00439260
21979, 0.00439278
21980, 0.00439295
21981, 0.00439312
21982, 0.00439330
21983, 0.00439347
21984, 0.00439365
21985, 0.00439382
21986, 0.00439400
21987, 0.00439417
21988, 0.00439435
21989, 0.00439452
21990, 0.00439469
21991, 0.00439487
21992, 0.00439504
21993, 0.00439521
21994, 0.00439539
21995, 0.00439556
21996, 0.00439573
21997, 0.00439590
21998, 0.00439608
21999, 0.00439625
22000, 0.00439642
22001, 0.00439659
22002, 0.00439676
22003, 0.00439694
22004, 0.00439711
22005, 0.00439728
22006, 0.00439745
22007, 0.00439763
22008, 0.00439780
22009, 0.00439797
22010, 0.00439814
22011, 0.00439832
22012, 0.00439849
22013, 0.00439866
22014, 0.00439883
22015, 0.00439912
22016, 0.00439929
22017, 0.00439947
22018, 0.00439964
22019, 0.00439981
22020, 0.00439999
22021, 0.00440016
22022, 0.00440033
22023, 0.00440051
22024, 0.00440069
22025, 0.00440086
22026, 0.00440103
22027, 0.00440120
22028, 0.00440138
22029, 0.00440155
22030, 0.00440172
22031, 0.00440189
22032, 0.00440207
22033, 0.00440224
22034, 0.00440242
22035, 0.00440259
22036, 0.00440276
22037, 0.00440293
22038, 0.00440311
22039, 0.00440328
22040, 0.00440345
22041, 0.00440362
22042, 0.00440380
22043, 0.00440397
22044, 0.00440415
22045, 0.00440432
22046, 0.00440450
22047, 0.00440467
22048, 0.00440484
22049, 0.00440501
22050, 0.00440519
22051, 0.00440536
22052, 0.00440554
22053, 0.00440571
22054, 0.00440589
22055, 0.00441013
22056, 0.00441034
22057, 0.00441052
22058, 0.00441070
22059, 0.00441088
22060, 0.00441106
22061, 0.00441123
22062, 0.00441140
22063, 0.00441158
22064, 0.00441175
22065, 0.00441193
22066, 0.00441210
22067, 0.00441227
22068, 0.00441245
22069, 0.00441262
22070, 0.00441279
22071, 0.00441304
22072, 0.00441321
22073, 0.00441338
22074, 0.00441356
22075, 0.00441374
22076, 0.00441391
22077, 0.00441408
22078, 0.00441425
22079, 0.00441451
22080, 0.00441468
22081, 0.00441486
22082, 0.00441503
22083, 0.00441520
22084, 0.00441537
22085, 0.00441555
22086, 0.00441572
22087, 0.00441597
22088, 0.00441614
22089, 0.00441631
22090, 0.00441648
22091, 0.00441666
22092, 0.00441683
22093, 0.00441700
22094, 0.00441717
22095, 0.00441743
22096, 0.00441760
22097, 0.00441778
22098, 0.00441795
22099, 0.00441813
22100, 0.00441830
22101, 0.00441847
22102, 0.00441864
22103, 0.00441882
22104, 0.00441899
22105, 0.00441917
22106, 0.00441934
22107, 0.00441951
22108, 0.00441969
22109, 0.00441986
22110, 0.00442003
22111, 0.00442028
22112, 0.00442046
22113, 0.00442063
22114, 0.00442081
22115, 0.00442098
22116, 0.00442116
22117, 0.00442133
22118, 0.00442151
22119, 0.00442168
22120, 0.00442185
22121, 0.00442203
22122, 0.00442220
22123, 0.00442237
22124, 0.00442254
22125, 0.00442272
22126, 0.00442289
22127, 0.00442313
22128, 0.00442331
22129, 0.00442349
22130, 0.00442366
22131, 0.00442383
22132, 0.00442401
22133, 0.00442418
22134, 0.00442436
22135, 0.00442453
22136, 0.00442470
22137, 0.00442488
22138, 0.00442505
22139, 0.00442523
22140, 0.00442540
22141, 0.00442558
22142, 0.00442575
22143, 0.00442593
22144, 0.00442610
22145, 0.00442627
22146, 0.00442645
22147, 0.00442662
22148, 0.00442679
22149, 0.00442697
22150, 0.00442714
22151, 0.00442731
22152, 0.00442749
22153, 0.00442766
22154, 0.00442783
22155, 0.00442801
22156, 0.00442818
22157, 0.00442835
22158, 0.00442853
22159, 0.00442870
22160, 0.00442888
22161, 0.00442905
22162, 0.00442923
22163, 0.00442940
22164, 0.00442957
22165, 0.00442974
22166, 0.00442992
22167, 0.00443009
22168, 0.00443026
22169, 0.00443044
22170, 0.00443061
22171, 0.00443079
22172, 0.00443096
22173, 0.00443113
22174, 0.00443131
22175, 0.00443148
22176, 0.00443165
22177, 0.00443183
22178, 0.00443200
22179, 0.00443218
22180, 0.00443236
22181, 0.00443449
22182, 0.00443469
22183, 0.00443488
22184, 0.00443505
22185, 0.00443523
22186, 0.00443540
22187, 0.00443558
22188, 0.00443576
22189, 0.00443594
22190, 0.00443612
22191, 0.00443631
22192, 0.00443649
22193, 0.00443666
22194, 0.00443684
22195, 0.00443701
22196, 0.00443718
22197, 0.00443736
22198, 0.00443753
22199, 0.00443770
22200, 0.00443788
22201, 0.00443806
22202, 0.00443823
22203, 0.00443840
22204, 0.00443858
22205, 0.00443875
22206, 0.00443893
22207, 0.00443910
22208, 0.00443928
22209, 0.00443945
22210, 0.00443962
22211, 0.00443980
22212, 0.00443997
22213, 0.00444015
22214, 0.00444032
22215, 0.00444050
22216, 0.00444067
22217, 0.00444085
22218, 0.00444102
22219, 0.00444120
22220, 0.00444137
22221, 0.00444155
22222, 0.00444172
22223, 0.00444190
22224, 0.00444207
22225, 0.00444225
22226, 0.00444242
22227, 0.00444260
22228, 0.00444277
22229, 0.00444295
22230, 0.00444312
22231, 0.00444329
22232, 0.00444347
22233, 0.00444364
22234, 0.00444382
22235, 0.00444399
22236, 0.00444417
22237, 0.00444434
22238, 0.00444452
22239, 0.00444470
22240, 0.00444487
22241, 0.00444504
22242, 0.00444522
22243, 0.00444539
22244, 0.00444557
22245, 0.00444574
22246, 0.00444592
22247, 0.00444609
22248, 0.00444627
22249, 0.00444645
22250, 0.00444662
22251, 0.00444680
22252, 0.00444697
22253, 0.00444715
22254, 0.00444732
22255, 0.00444750
22256, 0.00444767
22257, 0.00444785
22258, 0.00444802
22259, 0.00444820
22260, 0.00444837
22261, 0.00444855
22262, 0.00444872
22263, 0.00444890
22264, 0.00444907
22265, 0.00444925
22266, 0.00444942
22267, 0.00444960
22268, 0.00444977
22269, 0.00444995
22270, 0.00445012
22271, 0.00445030
22272, 0.00445047
22273, 0.00445066
22274, 0.00445084
22275, 0.00445102
22276, 0.00445120
22277, 0.00445138
22278, 0.00445156
22279, 0.00445174
22280, 0.00445192
22281, 0.00445209
22282, 0.00445227
22283, 0.00445244
22284, 0.00445262
22285, 0.00445279
22286, 0.00445296
22287, 0.00445314
22288, 0.00445331
22289, 0.00445348
22290, 0.00445365
22291, 0.00445383
22292, 0.00445400
22293, 0.00445417
22294, 0.00445434
22295, 0.00445452
22296, 0.00445469
22297, 0.00445487
22298, 0.00445504
22299, 0.00445522
22300, 0.00445539
22301, 0.00445556
22302, 0.00445574
22303, 0.00445591
22304, 0.00445608
22305, 0.00445626
22306, 0.00445645
22307, 0.00445865
22308, 0.00445886
22309, 0.00445904
22310, 0.00445922
22311, 0.00445939
22312, 0.00445957
22313, 0.00445974
22314, 0.00445991
22315, 0.00446009
22316, 0.00446026
22317, 0.00446043
22318, 0.00446061
22319, 0.00446078
22320, 0.00446095
22321, 0.00446113
22322, 0.00446130
22323, 0.00446147
22324, 0.00446164
22325, 0.00446181
22326, 0.00446199
22327, 0.00446216
22328, 0.00446234
22329, 0.00446251
22330, 0.00446268
22331, 0.00446286
22332, 0.00446306
22333, 0.00446324
22334, 0.00446342
22335, 0.00446359
22336, 0.00446377
22337, 0.00446395
22338, 0.00446413
22339, 0.00446430
22340, 0.00446447
22341, 0.00446465
22342, 0.00446482
22343, 0.00446500
22344, 0.00446517
22345, 0.00446535
22346, 0.00446552
22347, 0.00446569
22348, 0.00446587
22349, 0.00446604
22350, 0.00446622
22351, 0.00446640
22352, 0.00446657
22353, 0.00446675
22354, 0.00446693
22355, 0.00446710
22356, 0.00446728
22357, 0.00446745
22358, 0.00446763
22359, 0.00446780
22360, 0.00446798
22361, 0.00446816
22362, 0.00446833
22363, 0.00446850
22364, 0.00446868
22365, 0.00446885
22366, 0.00446903
22367, 0.00446920
22368, 0.00446939
22369, 0.00446956
22370, 0.00446973
22371, 0.00446991
22372, 0.00447009
22373, 0.00447026
22374, 0.00447043
22375, 0.00447061
22376, 0.00447078
22377, 0.00447096
22378, 0.00447114
22379, 0.00447132
22380, 0.00447150
22381, 0.00447167
22382, 0.00447184
22383, 0.00447202
22384, 0.00447219
22385, 0.00447237
22386, 0.00447254
22387, 0.00447272
22388, 0.00447289
22389, 0.00447307
22390, 0.00447324
22391, 0.00447342
22392, 0.00447359
22393, 0.00447377
22394, 0.00447394
22395, 0.00447411
22396, 0.00447429
22397, 0.00447447
22398, 0.00447464
22399, 0.00447481
22400, 0.00447499
22401, 0.00447516
22402, 0.00447534
22403, 0.00447551
22404, 0.00447570
22405, 0.00447587
22406, 0.00447604
22407, 0.00447622
22408, 0.00447639
22409, 0.00447657
22410, 0.00447674
22411, 0.00447692
22412, 0.00447709
22413, 0.00447727
22414, 0.00447744
22415, 0.00447762
22416, 0.00447779
22417, 0.00447796
22418, 0.00447814
22419, 0.00447831
22420, 0.00447849
22421, 0.00447866
22422, 0.00447883
22423, 0.00447901
22424, 0.00447920
22425, 0.00447937
22426, 0.00447955
22427, 0.00447972
22428, 0.00447989
22429, 0.00448007
22430, 0.00448024
22431, 0.00448042
22432, 0.00448060
22433, 0.00448288
22434, 0.00448309
22435, 0.00448327
22436, 0.00448346
22437, 0.00448364
22438, 0.00448381
22439, 0.00448399
22440, 0.00448417
22441, 0.00448434
22442, 0.00448452
22443, 0.00448469
22444, 0.00448487
22445, 0.00448505
22446, 0.00448522
22447, 0.00448540
22448, 0.00448558
22449, 0.00448576
22450, 0.00448593
22451, 0.00448611
22452, 0.00448629
22453, 0.00448647
22454, 0.00448664
22455, 0.00448682
22456, 0.00448699
22457, 0.00448717
22458, 0.00448735
22459, 0.00448753
22460, 0.00448771
22461, 0.00448789
22462, 0.00448807
22463, 0.00448825
22464, 0.00448842
22465, 0.00448862
22466, 0.00448879
22467, 0.00448897
22468, 0.00448915
22469, 0.00448933
22470, 0.00448951
22471, 0.00448969
22472, 0.00448987
22473, 0.00449005
22474, 0.00449023
22475, 0.00449041
22476, 0.00449059
22477, 0.00449076
22478, 0.00449094
22479, 0.00449111
22480, 0.00449129
22481, 0.00449146
22482, 0.00449164
22483, 0.00449181
22484, 0.00449199
22485, 0.00449217
22486, 0.00449235
22487, 0.00449252
22488, 0.00449270
22489, 0.00449287
22490, 0.00449305
22491, 0.00449323
22492, 0.00449340
22493, 0.00449357
22494, 0.00449375
22495, 0.00449393
22496, 0.00449411
22497, 0.00449428
22498, 0.00449446
22499, 0.00449464
22500, 0.00449482
22501, 0.00449499
22502, 0.00449517
22503, 0.00449535
22504, 0.00449553
22505, 0.00449570
22506, 0.00449587
22507, 0.00449605
22508, 0.00449623
22509, 0.00449640
22510, 0.00449658
22511, 0.00449676
22512, 0.00449693
22513, 0.00449711
22514, 0.00449729
22515, 0.00449746
22516, 0.00449766
22517, 0.00449783
22518, 0.00449801
22519, 0.00449819
22520, 0.00449837
22521, 0.00449854
22522, 0.00449872
22523, 0.00449890
22524, 0.00449907
22525, 0.00449925
22526, 0.00449942
22527, 0.00449969
22528, 0.00449986
22529, 0.00450004
22530, 0.00450022
22531, 0.00450040
22532, 0.00450057
22533, 0.00450075
22534, 0.00450093
22535, 0.00450118
22536, 0.00450135
22537, 0.00450153
22538, 0.00450171
22539, 0.00450188
22540, 0.00450206
22541, 0.00450226
22542, 0.00450243
22543, 0.00450268
22544, 0.00450285
22545, 0.00450303
22546, 0.00450321
22547, 0.00450339
22548, 0.00450356
22549, 0.00450374
22550, 0.00450392
22551, 0.00450417
22552, 0.00450434
22553, 0.00450452
22554, 0.00450470
22555, 0.00450488
22556, 0.00450507
22557, 0.00450525
22558, 0.00450544
22559, 0.00450767
22560, 0.00450788
22561, 0.00450806
22562, 0.00450824
22563, 0.00450841
22564, 0.00450859
22565, 0.00450878
22566, 0.00450896
22567, 0.00450921
22568, 0.00450939
22569, 0.00450956
22570, 0.00450974
22571, 0.00450992
22572, 0.00451010
22573, 0.00451028
22574, 0.00451045
22575, 0.00451070
22576, 0.00451088
22577, 0.00451105
22578, 0.00451122
22579, 0.00451140
22580, 0.00451159
22581, 0.00451177
22582, 0.00451194
22583, 0.00451219
22584, 0.00451236
22585, 0.00451253
22586, 0.00451271
22587, 0.00451288
22588, 0.00451305
22589, 0.00451323
22590, 0.00451340
22591, 0.00451364
22592, 0.00451381
22593, 0.00451399
22594, 0.00451416
22595, 0.00451434
22596, 0.00451451
22597, 0.00451468
22598, 0.00451485
22599, 0.00451510
22600, 0.00451527
22601, 0.00451545
22602, 0.00451562
22603, 0.00451579
22604, 0.00451597
22605, 0.00451614
22606, 0.00451631
22607, 0.00451649
22608, 0.00451666
22609, 0.00451683
22610, 0.00451701
22611, 0.00451718
22612, 0.00451735
22613, 0.00451752
22614, 0.00451770
22615, 0.00451787
22616, 0.00451804
22617, 0.00451822
22618, 0.00451839
22619, 0.00451856
22620, 0.00451874
22621, 0.00451891
22622, 0.00451908
22623, 0.00451926
22624, 0.00451943
22625, 0.00451961
22626, 0.00451978
22627, 0.00451995
22628, 0.00452013
22629, 0.00452030
22630, 0.00452047
22631, 0.00452064
22632, 0.00452082
22633, 0.00452099
22634, 0.00452116
22635, 0.00452134
22636, 0.00452151
22637, 0.00452169
22638, 0.00452186
22639, 0.00452204
22640, 0.00452221
22641, 0.00452238
22642, 0.00452256
22643, 0.00452273
22644, 0.00452291
22645, 0.00452308
22646, 0.00452328
22647, 0.00452345
22648, 0.00452362
22649, 0.00452379
22650, 0.00452397
22651, 0.00452414
22652, 0.00452432
22653, 0.00452449
22654, 0.00452466
22655, 0.00452484
22656, 0.00452501
22657, 0.00452518
22658, 0.00452536
22659, 0.00452553
22660, 0.00452570
22661, 0.00452588
22662, 0.00452605
22663, 0.00452623
22664, 0.00452640
22665, 0.00452657
22666, 0.00452675
22667, 0.00452692
22668, 0.00452710
22669, 0.00452727
22670, 0.00452744
22671, 0.00452762
22672, 0.00452779
22673, 0.00452797
22674, 0.00452814
22675, 0.00452831
22676, 0.00452849
22677, 0.00452866
22678, 0.00452883
22679, 0.00452901
22680, 0.00452918
22681, 0.00452936
22682, 0.00452953
22683, 0.00452970
22684, 0.00452989
22685, 0.00453204
22686, 0.00453223
22687, 0.00453249
22688, 0.00453270
22689, 0.00453288
22690, 0.00453306
22691, 0.00453324
22692, 0.00453342
22693, 0.00453360
22694, 0.00453378
22695, 0.00453396
22696, 0.00453413
22697, 0.00453431
22698, 0.00453449
22699, 0.00453466
22700, 0.00453484
22701, 0.00453501
22702, 0.00453519
22703, 0.00453537
22704, 0.00453555
22705, 0.00453573
22706, 0.00453590
22707, 0.00453607
22708, 0.00453625
22709, 0.00453642
22710, 0.00453660
22711, 0.00453677
22712, 0.00453694
22713, 0.00453711
22714, 0.00453729
22715, 0.00453746
22716, 0.00453764
22717, 0.00453784
22718, 0.00453801
22719, 0.00453819
22720, 0.00453836
22721, 0.00453854
22722, 0.00453872
22723, 0.00453890
22724, 0.00453908
22725, 0.00453925
22726, 0.00453943
22727, 0.00453961
22728, 0.00453979
22729, 0.00453997
22730, 0.00454015
22731, 0.00454032
22732, 0.00454050
22733, 0.00454070
22734, 0.00454088
22735, 0.00454106
22736, 0.00454124
22737, 0.00454142
22738, 0.00454159
22739, 0.00454177
22740, 0.00454197
22741, 0.00454215
22742, 0.00454234
22743, 0.00454252
22744, 0.00454270
22745, 0.00454288
22746, 0.00454306
22747, 0.00454324
22748, 0.00454342
22749, 0.00454360
22750, 0.00454378
22751, 0.00454396
22752, 0.00454415
22753, 0.00454433
22754, 0.00454452
22755, 0.00454470
22756, 0.00454489
22757, 0.00454507
22758, 0.00454525
22759, 0.00454545
22760, 0.00454563
22761, 0.00454581
22762, 0.00454599
22763, 0.00454618
22764, 0.00454636
22765, 0.00454653
22766, 0.00454671
22767, 0.00454688
22768, 0.00454706
22769, 0.00454725
22770, 0.00454743
22771, 0.00454761
22772, 0.00454779
22773, 0.00454797
22774, 0.00454814
22775, 0.00454832
22776, 0.00454850
22777, 0.00454868
22778, 0.00454887
22779, 0.00454905
22780, 0.00454922
22781, 0.00454940
22782, 0.00454957
22783, 0.00454975
22784, 0.00454993
22785, 0.00455010
22786, 0.00455028
22787, 0.00455046
22788, 0.00455063
22789, 0.00455081
22790, 0.00455099
22791, 0.00455116
22792, 0.00455133
22793, 0.00455151
22794, 0.00455169
22795, 0.00455189
22796, 0.00455206
22797, 0.00455224
22798, 0.00455242
22799, 0.00455259
22800, 0.00455277
22801, 0.00455295
22802, 0.00455313
22803, 0.00455331
22804, 0.00455348
22805, 0.00455366
22806, 0.00455384
22807, 0.00455401
22808, 0.00455419
22809, 0.00455437
22810, 0.00455456
22811, 0.00455670
22812, 0.00455691
22813, 0.00455709
22814, 0.00455728
22815, 0.00455745
22816, 0.00455763
22817, 0.00455781
22818, 0.00455798
22819, 0.00455815
22820, 0.00455833
22821, 0.00455850
22822, 0.00455867
22823, 0.00455884
22824, 0.00455902
22825, 0.00455919
22826, 0.00455938
22827, 0.00455956
22828, 0.00455973
22829, 0.00455990
22830, 0.00456008
22831, 0.00456025
22832, 0.00456043
22833, 0.00456060
22834, 0.00456078
22835, 0.00456096
22836, 0.00456113
22837, 0.00456131
22838, 0.00456148
22839, 0.00456165
22840, 0.00456183
22841, 0.00456200
22842, 0.00456217
22843, 0.00456235
22844, 0.00456252
22845, 0.00456269
22846, 0.00456287
22847, 0.00456304
22848, 0.00456321
22849, 0.00456338
22850, 0.00456356
22851, 0.00456373
22852, 0.00456390
22853, 0.00456407
22854, 0.00456425
22855, 0.00456442
22856, 0.00456459
22857, 0.00456476
22858, 0.00456494
22859, 0.00456511
22860, 0.00456529
22861, 0.00456546
22862, 0.00456563
22863, 0.00456581
22864, 0.00456598
22865, 0.00456615
22866, 0.00456633
22867, 0.00456650
22868, 0.00456667
22869, 0.00456685
22870, 0.00456702
22871, 0.00456720
22872, 0.00456737
22873, 0.00456760
22874, 0.00456778
22875, 0.00456795
22876, 0.00456812
22877, 0.00456830
22878, 0.00456847
22879, 0.00456864
22880, 0.00456882
22881, 0.00456899
22882, 0.00456916
22883, 0.00456933
22884, 0.00456951
22885, 0.00456968
22886, 0.00456986
22887, 0.00457003
22888, 0.00457020
22889, 0.00457039
22890, 0.00457057
22891, 0.00457074
22892, 0.00457092
22893, 0.00457109
22894, 0.00457126
22895, 0.00457144
22896, 0.00457162
22897, 0.00457179
22898, 0.00457196
22899, 0.00457214
22900, 0.00457231
22901, 0.00457249
22902, 0.00457267
22903, 0.00457284
22904, 0.00457302
22905, 0.00457319
22906, 0.00457337
22907, 0.00457355
22908, 0.00457372
22909, 0.00457392
22910, 0.00457409
22911, 0.00457427
22912, 0.00457444
22913, 0.00457461
22914, 0.00457479
22915, 0.00457496
22916, 0.00457513
22917, 0.00457531
22918, 0.00457548
22919, 0.00457565
22920, 0.00457583
22921, 0.00457600
22922, 0.00457618
22923, 0.00457635
22924, 0.00457652
22925, 0.00457670
22926, 0.00457687
22927, 0.00457705
22928, 0.00457722
22929, 0.00457740
22930, 0.00457757
22931, 0.00457775
22932, 0.00457792
22933, 0.00457810
22934, 0.00457827
22935, 0.00457844
22936, 0.00457863
22937, 0.00458074
22938, 0.00458095
22939, 0.00458112
22940, 0.00458130
22941, 0.00458147
22942, 0.00458165
22943, 0.00458182
22944, 0.00458199
22945, 0.00458217
22946, 0.00458234
22947, 0.00458252
22948, 0.00458270
22949, 0.00458287
22950, 0.00458306
22951, 0.00458323
22952, 0.00458343
22953, 0.00458361
22954, 0.00458379
22955, 0.00458397
22956, 0.00458415
22957, 0.00458432
22958, 0.00458449
22959, 0.00458466
22960, 0.00458484
22961, 0.00458501
22962, 0.00458518
22963, 0.00458536
22964, 0.00458553
22965, 0.00458571
22966, 0.00458588
22967, 0.00458606
22968, 0.00458623
22969, 0.00458640
22970, 0.00458657
22971, 0.00458675
22972, 0.00458692
22973, 0.00458709
22974, 0.00458727
22975, 0.00458744
22976, 0.00458761
22977, 0.00458778
22978, 0.00458795
22979, 0.00458813
22980, 0.00458830
22981, 0.00458847
22982, 0.00458864
22983, 0.00458882
22984, 0.00458902
22985, 0.00458919
22986, 0.00458936
22987, 0.00458954
22988, 0.00458971
22989, 0.00458989
22990, 0.00459006
22991, 0.00459024
22992, 0.00459041
22993, 0.00459058
22994, 0.00459076
22995, 0.00459093
22996, 0.00459110
22997, 0.00459128
22998, 0.00459145
22999, 0.00459163
23000, 0.00459181
23001, 0.00459198
23002, 0.00459216
23003, 0.00459233
23004, 0.00459250
23005, 0.00459268
23006, 0.00459285
23007, 0.00459302
23008, 0.00459320
23009, 0.00459337
23010, 0.00459354
23011, 0.00459372
23012, 0.00459389
23013, 0.00459406
23014, 0.00459423
23015, 0.00459441
23016, 0.00459458
23017, 0.00459475
23018, 0.00459493
23019, 0.00459510
23020, 0.00459527
23021, 0.00459545
23022, 0.00459562
23023, 0.00459580
23024, 0.00459597
23025, 0.00459617
23026, 0.00459634
23027, 0.00459652
23028, 0.00459669
23029, 0.00459687
23030, 0.00459704
23031, 0.00459721
23032, 0.00459739
23033, 0.00459756
23034, 0.00459774
23035, 0.00459791
23036, 0.00459808
23037, 0.00459826
23038, 0.00459843
23039, 0.00459869
23040, 0.00459886
23041, 0.00459904
23042, 0.00459921
23043, 0.00459938
23044, 0.00459955
23045, 0.00459973
23046, 0.00459990
23047, 0.00460014
23048, 0.00460032
23049, 0.00460049
23050, 0.00460067
23051, 0.00460084
23052, 0.00460101
23053, 0.00460119
23054, 0.00460136
23055, 0.00460160
23056, 0.00460178
23057, 0.00460196
23058, 0.00460214
23059, 0.00460231
23060, 0.00460248
23061, 0.00460265
23062, 0.00460284
23063, 0.00460505
23064, 0.00460525
23065, 0.00460542
23066, 0.00460560
23067, 0.00460577
23068, 0.00460595
23069, 0.00460613
23070, 0.00460631
23071, 0.00460657
23072, 0.00460675
23073, 0.00460692
23074, 0.00460710
23075, 0.00460727
23076, 0.00460744
23077, 0.00460762
23078, 0.00460780
23079, 0.00460804
23080, 0.00460822
23081, 0.00460839
23082, 0.00460856
23083, 0.00460874
23084, 0.00460891
23085, 0.00460909
23086, 0.00460926
23087, 0.00460951
23088, 0.00460969
23089, 0.00460986
23090, 0.00461004
23091, 0.00461021
23092, 0.00461039
23093, 0.00461056
23094, 0.00461074
23095, 0.00461099
23096, 0.00461116
23097, 0.00461134
23098, 0.00461151
23099, 0.00461175
23100, 0.00461192
23101, 0.00461210
23102, 0.00461227
23103, 0.00461251
23104, 0.00461269
23105, 0.00461286
23106, 0.00461304
23107, 0.00461321
23108, 0.00461338
23109, 0.00461356
23110, 0.00461373
23111, 0.00461399
23112, 0.00461416
23113, 0.00461434
23114, 0.00461451
23115, 0.00461468
23116, 0.00461486
23117, 0.00461503
23118, 0.00461521
23119, 0.00461538
23120, 0.00461555
23121, 0.00461573
23122, 0.00461590
23123, 0.00461608
23124, 0.00461625
23125, 0.00461643
23126, 0.00461660
23127, 0.00461678
23128, 0.00461695
23129, 0.00461712
23130, 0.00461730
23131, 0.00461753
23132, 0.00461771
23133, 0.00461788
23134, 0.00461805
23135, 0.00461823
23136, 0.00461840
23137, 0.00461857
23138, 0.00461874
23139, 0.00461892
23140, 0.00461909
23141, 0.00461927
23142, 0.00461944
23143, 0.00461963
23144, 0.00461981
23145, 0.00461998
23146, 0.00462015
23147, 0.00462033
23148, 0.00462050
23149, 0.00462068
23150, 0.00462085
23151, 0.00462102
23152, 0.00462120
23153, 0.00462137
23154, 0.00462154
23155, 0.00462171
23156, 0.00462189
23157, 0.00462206
23158, 0.00462223
23159, 0.00462240
23160, 0.00462258
23161, 0.00462275
23162, 0.00462292
23163, 0.00462310
23164, 0.00462327
23165, 0.00462344
23166, 0.00462364
23167, 0.00462382
23168, 0.00462399
23169, 0.00462416
23170, 0.00462434
23171, 0.00462452
23172, 0.00462469
23173, 0.00462487
23174, 0.00462504
23175, 0.00462521
23176, 0.00462539
23177, 0.00462556
23178, 0.00462574
23179, 0.00462591
23180, 0.00462608
23181, 0.00462626
23182, 0.00462643
23183, 0.00462661
23184, 0.00462678
23185, 0.00462696
23186, 0.00462713
23187, 0.00462731
23188, 0.00462749
23189, 0.00462975
23190, 0.00462995
23191, 0.00463014
23192, 0.00463032
23193, 0.00463051
23194, 0.00463068
23195, 0.00463086
23196, 0.00463105
23197, 0.00463122
23198, 0.00463139
23199, 0.00463157
23200, 0.00463174
23201, 0.00463191
23202, 0.00463209
23203, 0.00463226
23204, 0.00463244
23205, 0.00463262
23206, 0.00463279
23207, 0.00463297
23208, 0.00463314
23209, 0.00463331
23210, 0.00463349
23211, 0.00463366
23212, 0.00463384
23213, 0.00463401
23214, 0.00463418
23215, 0.00463436
23216, 0.00463453
23217, 0.00463470
23218, 0.00463488
23219, 0.00463505
23220, 0.00463522
23221, 0.00463540
23222, 0.00463557
23223, 0.00463574
23224, 0.00463591
23225, 0.00463609
23226, 0.00463627
23227, 0.00463644
23228, 0.00463664
23229, 0.00463681
23230, 0.00463698
23231, 0.00463716
23232, 0.00463733
23233, 0.00463750
23234, 0.00463767
23235, 0.00463785
23236, 0.00463802
23237, 0.00463819
23238, 0.00463836
23239, 0.00463854
23240, 0.00463871
23241, 0.00463888
23242, 0.00463906
23243, 0.00463923
23244, 0.00463940
23245, 0.00463957
23246, 0.00463974
23247, 0.00463992
23248, 0.00464009
23249, 0.00464026
23250, 0.00464043
23251, 0.00464061
23252, 0.00464078
23253, 0.00464096
23254, 0.00464114
23255, 0.00464131
23256, 0.00464148
23257, 0.00464166
23258, 0.00464183
23259, 0.00464201
23260, 0.00464218
23261, 0.00464235
23262, 0.00464253
23263, 0.00464270
23264, 0.00464287
23265, 0.00464305
23266, 0.00464322
23267, 0.00464340
23268, 0.00464357
23269, 0.00464374
23270, 0.00464392
23271, 0.00464409
23272, 0.00464426
23273, 0.00464443
23274, 0.00464461
23275, 0.00464479
23276, 0.00464496
23277, 0.00464513
23278, 0.00464531
23279, 0.00464548
23280, 0.00464565
23281, 0.00464583
23282, 0.00464603
23283, 0.00464620
23284, 0.00464637
23285, 0.00464654
23286, 0.00464672
23287, 0.00464689
23288, 0.00464707
23289, 0.00464724
23290, 0.00464742
23291, 0.00464759
23292, 0.00464776
23293, 0.00464793
23294, 0.00464811
23295, 0.00464828
23296, 0.00464845
23297, 0.00464862
23298, 0.00464880
23299, 0.00464897
23300, 0.00464914
23301, 0.00464932
23302, 0.00464949
23303, 0.00464966
23304, 0.00464983
23305, 0.00465001
23306, 0.00465018
23307, 0.00465035
23308, 0.00465053
23309, 0.00465071
23310, 0.00465088
23311, 0.00465105
23312, 0.00465125
23313, 0.00465142
23314, 0.00465161
23315, 0.00465378
23316, 0.00465396
23317, 0.00465414
23318, 0.00465432
23319, 0.00465449
23320, 0.00465467
23321, 0.00465484
23322, 0.00465502
23323, 0.00465519
23324, 0.00465536
23325, 0.00465554
23326, 0.00465571
23327, 0.00465588
23328, 0.00465606
23329, 0.00465623
23330, 0.00465640
23331, 0.00465657
23332, 0.00465675
23333, 0.00465692
23334, 0.00465709
23335, 0.00465727
23336, 0.00465744
23337, 0.00465761
23338, 0.00465779
23339, 0.00465796
23340, 0.00465813
23341, 0.00465831
23342, 0.00465848
23343, 0.00465865
23344, 0.00465883
23345, 0.00465900
23346, 0.00465917
23347, 0.00465935
23348, 0.00465952
23349, 0.00465969
23350, 0.00465987
23351, 0.00466004
23352, 0.00466021
23353, 0.00466039
23354, 0.00466056
23355, 0.00466073
23356, 0.00466090
23357, 0.00466107
23358, 0.00466125
23359, 0.00466142
23360, 0.00466159
23361, 0.00466176
23362, 0.00466194
23363, 0.00466211
23364, 0.00466228
23365, 0.00466246
23366, 0.00466263
23367, 0.00466280
23368, 0.00466297
23369, 0.00466315
23370, 0.00466332
23371, 0.00466349
23372, 0.00466367
23373, 0.00466384
23374, 0.00466401
23375, 0.00466419
23376, 0.00466436
23377, 0.00466453
23378, 0.00466470
23379, 0.00466488
23380, 0.00466505
23381, 0.00466523
23382, 0.00466540
23383, 0.00466557
23384, 0.00466574
23385, 0.00466592
23386, 0.00466609
23387, 0.00466626
23388, 0.00466643
23389, 0.00466661
23390, 0.00466678
23391, 0.00466695
23392, 0.00466712
23393, 0.00466730
23394, 0.00466747
23395, 0.00466765
23396, 0.00466782
23397, 0.00466799
23398, 0.00466817
23399, 0.00466834
23400, 0.00466851
23401, 0.00466868
23402, 0.00466886
23403, 0.00466903
23404, 0.00466920
23405, 0.00466937
23406, 0.00466955
23407, 0.00466972
23408, 0.00466990
23409, 0.00467007
23410, 0.00467024
23411, 0.00467042
23412, 0.00467059
23413, 0.00467076
23414, 0.00467094
23415, 0.00467111
23416, 0.00467128
23417, 0.00467145
23418, 0.00467163
23419, 0.00467180
23420, 0.00467197
23421, 0.00467214
23422, 0.00467232
23423, 0.00467249
23424, 0.00467266
23425, 0.00467283
23426, 0.00467301
23427, 0.00467318
23428, 0.00467335
23429, 0.00467353
23430, 0.00467370
23431, 0.00467387
23432, 0.00467404
23433, 0.00467422
23434, 0.00467439
23435, 0.00467457
23436, 0.00467474
23437, 0.00467491
23438, 0.00467508
23439, 0.00467525
23440, 0.00467544
23441, 0.00467759
23442, 0.00467778
23443, 0.00467796
23444, 0.00467814
23445, 0.00467833
23446, 0.00467851
23447, 0.00467868
23448, 0.00467886
23449, 0.00467904
23450, 0.00467921
23451, 0.00467938
23452, 0.00467956
23453, 0.00467973
23454, 0.00467991
23455, 0.00468008
23456, 0.00468025
23457, 0.00468043
23458, 0.00468060
23459, 0.00468077
23460, 0.00468096
23461, 0.00468114
23462, 0.00468132
23463, 0.00468149
23464, 0.00468167
23465, 0.00468184
23466, 0.00468202
23467, 0.00468219
23468, 0.00468237
23469, 0.00468254
23470, 0.00468272
23471, 0.00468291
23472, 0.00468309
23473, 0.00468326
23474, 0.00468343
23475, 0.00468361
23476, 0.00468378
23477, 0.00468395
23478, 0.00468413
23479, 0.00468430
23480, 0.00468448
23481, 0.00468465
23482, 0.00468483
23483, 0.00468500
23484, 0.00468518
23485, 0.00468535
23486, 0.00468552
23487, 0.00468570
23488, 0.00468587
23489, 0.00468604
23490, 0.00468622
23491, 0.00468639
23492, 0.00468656
23493, 0.00468673
23494, 0.00468691
23495, 0.00468708
23496, 0.00468726
23497, 0.00468743
23498, 0.00468760
23499, 0.00468778
23500, 0.00468795
23501, 0.00468812
23502, 0.00468829
23503, 0.00468847
23504, 0.00468864
23505, 0.00468881
23506, 0.00468899
23507, 0.00468916
23508, 0.00468933
23509, 0.00468950
23510, 0.00468969
23511, 0.00468986
23512, 0.00469003
23513, 0.00469022
23514, 0.00469039
23515, 0.00469056
23516, 0.00469073
23517, 0.00469090
23518, 0.00469108
23519, 0.00469125
23520, 0.00469142
23521, 0.00469159
23522, 0.00469177
23523, 0.00469194
23524, 0.00469211
23525, 0.00469228
23526, 0.00469245
23527, 0.00469262
23528, 0.00469279
23529, 0.00469296
23530, 0.00469314
23531, 0.00469331
23532, 0.00469348
23533, 0.00469367
23534, 0.00469384
23535, 0.00469401
23536, 0.00469418
23537, 0.00469435
23538, 0.00469456
23539, 0.00469474
23540, 0.00469491
23541, 0.00469508
23542, 0.00469525
23543, 0.00469543
23544, 0.00469560
23545, 0.00469577
23546, 0.00469594
23547, 0.00469611
23548, 0.00469629
23549, 0.00469647
23550, 0.00469664
23551, 0.00469692
23552, 0.00469710
23553, 0.00469727
23554, 0.00469745
23555, 0.00469762
23556, 0.00469779
23557, 0.00469796
23558, 0.00469813
23559, 0.00469837
23560, 0.00469854
23561, 0.00469872
23562, 0.00469889
23563, 0.00469906
23564, 0.00469923
23565, 0.00469940
23566, 0.00469961
23567, 0.00470190
23568, 0.00470208
23569, 0.00470226
23570, 0.00470244
23571, 0.00470261
23572, 0.00470279
23573, 0.00470296
23574, 0.00470314
23575, 0.00470339
23576, 0.00470357
23577, 0.00470375
23578, 0.00470393
23579, 0.00470410
23580, 0.00470427
23581, 0.00470444
23582, 0.00470462
23583, 0.00470486
23584, 0.00470504
23585, 0.00470521
23586, 0.00470539
23587, 0.00470556
23588, 0.00470573
23589, 0.00470591
23590, 0.00470608
23591, 0.00470632
23592, 0.00470650
23593, 0.00470668
23594, 0.00470685
23595, 0.00470702
23596, 0.00470720
23597, 0.00470737
23598, 0.00470755
23599, 0.00470780
23600, 0.00470797
23601, 0.00470815
23602, 0.00470832
23603, 0.00470850
23604, 0.00470867
23605, 0.00470884
23606, 0.00470902
23607, 0.00470926
23608, 0.00470944
23609, 0.00470961
23610, 0.00470978
23611, 0.00470995
23612, 0.00471012
23613, 0.00471029
23614, 0.00471047
23615, 0.00471071
23616, 0.00471089
23617, 0.00471106
23618, 0.00471124
23619, 0.00471141
23620, 0.00471158
23621, 0.00471176
23622, 0.00471193
23623, 0.00471219
23624, 0.00471237
23625, 0.00471254
23626, 0.00471272
23627, 0.00471289
23628, 0.00471306
23629, 0.00471324
23630, 0.00471341
23631, 0.00471359
23632, 0.00471376
23633, 0.00471394
23634, 0.00471411
23635, 0.00471428
23636, 0.00471446
23637, 0.00471463
23638, 0.00471480
23639, 0.00471497
23640, 0.00471514
23641, 0.00471532
23642, 0.00471549
23643, 0.00471566
23644, 0.00471584
23645, 0.00471601
23646, 0.00471618
23647, 0.00471636
23648, 0.00471653
23649, 0.00471670
23650, 0.00471688
23651, 0.00471705
23652, 0.00471722
23653, 0.00471740
23654, 0.00471757
23655, 0.00471775
23656, 0.00471792
23657, 0.00471809
23658, 0.00471827
23659, 0.00471844
23660, 0.00471862
23661, 0.00471879
23662, 0.00471896
23663, 0.00471914
23664, 0.00471931
23665, 0.00471948
23666, 0.00471966
23667, 0.00471984
23668, 0.00472001
23669, 0.00472018
23670, 0.00472036
23671, 0.00472053
23672, 0.00472071
23673, 0.00472088
23674, 0.00472105
23675, 0.00472123
23676, 0.00472140
23677, 0.00472158
23678, 0.00472175
23679, 0.00472192
23680, 0.00472210
23681, 0.00472228
23682, 0.00472246
23683, 0.00472263
23684, 0.00472280
23685, 0.00472297
23686, 0.00472315
23687, 0.00472332
23688, 0.00472349
23689, 0.00472367
23690, 0.00472384
23691, 0.00472402
23692, 0.00472420
23693, 0.00472633
23694, 0.00472652
23695, 0.00472670
23696, 0.00472688
23697, 0.00472705
23698, 0.00472723
23699, 0.00472741
23700, 0.00472758
23701, 0.00472776
23702, 0.00472794
23703, 0.00472811
23704, 0.00472829
23705, 0.00472846
23706, 0.00472864
23707, 0.00472881
23708, 0.00472899
23709, 0.00472917
23710, 0.00472935
23711, 0.00472952
23712, 0.00472970
23713, 0.00472987
23714, 0.00473005
23715, 0.00473022
23716, 0.00473039
23717, 0.00473057
23718, 0.00473074
23719, 0.00473092
23720, 0.00473109
23721, 0.00473126
23722, 0.00473144
23723, 0.00473162
23724, 0.00473179
23725, 0.00473197
23726, 0.00473214
23727, 0.00473232
23728, 0.00473250
23729, 0.00473267
23730, 0.00473285
23731, 0.00473302
23732, 0.00473320
23733, 0.00473337
23734, 0.00473355
23735, 0.00473372
23736, 0.00473390
23737, 0.00473408
23738, 0.00473425
23739, 0.00473443
23740, 0.00473460
23741, 0.00473477
23742, 0.00473495
23743, 0.00473512
23744, 0.00473530
23745, 0.00473547
23746, 0.00473565
23747, 0.00473582
23748, 0.00473599
23749, 0.00473617
23750, 0.00473634
23751, 0.00473652
23752, 0.00473669
23753, 0.00473687
23754, 0.00473704
23755, 0.00473722
23756, 0.00473739
23757, 0.00473757
23758, 0.00473774
23759, 0.00473792
23760, 0.00473810
23761, 0.00473827
23762, 0.00473845
23763, 0.00473862
23764, 0.00473880
23765, 0.00473897
23766, 0.00473915
23767, 0.00473932
23768, 0.00473949
23769, 0.00473967
23770, 0.00473984
23771, 0.00474001
23772, 0.00474019
23773, 0.00474036
23774, 0.00474054
23775, 0.00474071
23776, 0.00474088
23777, 0.00474105
23778, 0.00474122
23779, 0.00474140
23780, 0.00474158
23781, 0.00474175
23782, 0.00474193
23783, 0.00474210
23784, 0.00474228
23785, 0.00474245
23786, 0.00474263
23787, 0.00474280
23788, 0.00474297
23789, 0.00474315
23790, 0.00474332
23791, 0.00474349
23792, 0.00474367
23793, 0.00474385
23794, 0.00474402
23795, 0.00474419
23796, 0.00474437
23797, 0.00474455
23798, 0.00474472
23799, 0.00474489
23800, 0.00474507
23801, 0.00474524
23802, 0.00474542
23803, 0.00474559
23804, 0.00474576
23805, 0.00474594
23806, 0.00474611
23807, 0.00474628
23808, 0.00474646
23809, 0.00474663
23810, 0.00474681
23811, 0.00474698
23812, 0.00474716
23813, 0.00474733
23814, 0.00474751
23815, 0.00474768
23816, 0.00474786
23817, 0.00474803
23818, 0.00474822
23819, 0.00475036
23820, 0.00475054
23821, 0.00475071
23822, 0.00475089
23823, 0.00475106
23824, 0.00475124
23825, 0.00475141
23826, 0.00475159
23827, 0.00475176
23828, 0.00475193
23829, 0.00475210
23830, 0.00475227
23831, 0.00475245
23832, 0.00475262
23833, 0.00475280
23834, 0.00475297
23835, 0.00475315
23836, 0.00475332
23837, 0.00475349
23838, 0.00475367
23839, 0.00475384
23840, 0.00475402
23841, 0.00475419
23842, 0.00475436
23843, 0.00475454
23844, 0.00475471
23845, 0.00475489
23846, 0.00475506
23847, 0.00475523
23848, 0.00475541
23849, 0.00475558
23850, 0.00475578
23851, 0.00475595
23852, 0.00475613
23853, 0.00475630
23854, 0.00475648
23855, 0.00475665
23856, 0.00475682
23857, 0.00475699
23858, 0.00475717
23859, 0.00475734
23860, 0.00475751
23861, 0.00475769
23862, 0.00475786
23863, 0.00475804
23864, 0.00475821
23865, 0.00475839
23866, 0.00475856
23867, 0.00475874
23868, 0.00475891
23869, 0.00475909
23870, 0.00475926
23871, 0.00475943
23872, 0.00475961
23873, 0.00475978
23874, 0.00475995
23875, 0.00476013
23876, 0.00476030
23877, 0.00476047
23878, 0.00476065
23879, 0.00476082
23880, 0.00476099
23881, 0.00476117
23882, 0.00476134
23883, 0.00476151
23884, 0.00476169
23885, 0.00476186
23886, 0.00476204
23887, 0.00476221
23888, 0.00476238
23889, 0.00476255
23890, 0.00476273
23891, 0.00476290
23892, 0.00476308
23893, 0.00476325
23894, 0.00476343
23895, 0.00476360
23896, 0.00476377
23897, 0.00476395
23898, 0.00476412
23899, 0.00476429
23900, 0.00476447
23901, 0.00476464
23902, 0.00476481
23903, 0.00476499
23904, 0.00476516
23905, 0.00476533
23906, 0.00476550
23907, 0.00476568
23908, 0.00476585
23909, 0.00476602
23910, 0.00476619
23911, 0.00476637
23912, 0.00476654
23913, 0.00476671
23914, 0.00476689
23915, 0.00476706
23916, 0.00476723
23917, 0.00476741
23918, 0.00476758
23919, 0.00476775
23920, 0.00476793
23921, 0.00476810
23922, 0.00476827
23923, 0.00476844
23924, 0.00476862
23925, 0.00476879
23926, 0.00476896
23927, 0.00476913
23928, 0.00476931
23929, 0.00476948
23930, 0.00476965
23931, 0.00476983
23932, 0.00477000
23933, 0.00477017
23934, 0.00477035
23935, 0.00477052
23936, 0.00477069
23937, 0.00477086
23938, 0.00477104
23939, 0.00477121
23940, 0.00477139
23941, 0.00477156
23942, 0.00477173
23943, 0.00477190
23944, 0.00477210
23945, 0.00477422
23946, 0.00477442
23947, 0.00477459
23948, 0.00477477
23949, 0.00477494
23950, 0.00477512
23951, 0.00477529
23952, 0.00477547
23953, 0.00477564
23954, 0.00477581
23955, 0.00477598
23956, 0.00477616
23957, 0.00477633
23958, 0.00477651
23959, 0.00477668
23960, 0.00477685
23961, 0.00477703
23962, 0.00477722
23963, 0.00477740
23964, 0.00477758
23965, 0.00477776
23966, 0.00477794
23967, 0.00477812
23968, 0.00477829
23969, 0.00477846
23970, 0.00477864
23971, 0.00477881
23972, 0.00477898
23973, 0.00477916
23974, 0.00477933
23975, 0.00477951
23976, 0.00477968
23977, 0.00477985
23978, 0.00478003
23979, 0.00478020
23980, 0.00478037
23981, 0.00478055
23982, 0.00478073
23983, 0.00478090
23984, 0.00478108
23985, 0.00478126
23986, 0.00478143
23987, 0.00478160
23988, 0.00478178
23989, 0.00478195
23990, 0.00478212
23991, 0.00478229
23992, 0.00478247
23993, 0.00478264
23994, 0.00478282
23995, 0.00478299
23996, 0.00478317
23997, 0.00478335
23998, 0.00478353
23999, 0.00478371
24000, 0.00478388
24001, 0.00478406
24002, 0.00478423
24003, 0.00478440
24004, 0.00478458
24005, 0.00478475
24006, 0.00478492
24007, 0.00478510
24008, 0.00478527
24009, 0.00478544
24010, 0.00478562
24011, 0.00478579
24012, 0.00478596
24013, 0.00478614
24014, 0.00478631
24015, 0.00478649
24016, 0.00478667
24017, 0.00478685
24018, 0.00478703
24019, 0.00478721
24020, 0.00478739
24021, 0.00478757
24022, 0.00478775
24023, 0.00478793
24024, 0.00478811
24025, 0.00478829
24026, 0.00478846
24027, 0.00478864
24028, 0.00478881
24029, 0.00478898
24030, 0.00478916
24031, 0.00478933
24032, 0.00478950
24033, 0.00478968
24034, 0.00478985
24035, 0.00479003
24036, 0.00479020
24037, 0.00479038
24038, 0.00479055
24039, 0.00479072
24040, 0.00479090
24041, 0.00479107
24042, 0.00479124
24043, 0.00479142
24044, 0.00479159
24045, 0.00479176
24046, 0.00479193
24047, 0.00479210
24048, 0.00479228
24049, 0.00479245
24050, 0.00479262
24051, 0.00479280
24052, 0.00479297
24053, 0.00479314
24054, 0.00479331
24055, 0.00479349
24056, 0.00479366
24057, 0.00479383
24058, 0.00479401
24059, 0.00479418
24060, 0.00479435
24061, 0.00479453
24062, 0.00479470
24063, 0.00479495
24064, 0.00479512
24065, 0.00479529
24066, 0.00479547
24067, 0.00479564
24068, 0.00479581
24069, 0.00479598
24070, 0.00479617
24071, 0.00479841
24072, 0.00479861
24073, 0.00479880
24074, 0.00479898
24075, 0.00479916
24076, 0.00479933
24077, 0.00479951
24078, 0.00479969
24079, 0.00479995
24080, 0.00480013
24081, 0.00480030
24082, 0.00480047
24083, 0.00480064
24084, 0.00480081
24085, 0.00480099
24086, 0.00480116
24087, 0.00480140
24088, 0.00480158
24089, 0.00480175
24090, 0.00480193
24091, 0.00480210
24092, 0.00480227
24093, 0.00480245
24094, 0.00480263
24095, 0.00480288
24096, 0.00480306
24097, 0.00480323
24098, 0.00480340
24099, 0.00480357
24100, 0.00480375
24101, 0.00480392
24102, 0.00480410
24103, 0.00480435
24104, 0.00480452
24105, 0.00480469
24106, 0.00480486
24107, 0.00480504
24108, 0.00480522
24109, 0.00480540
24110, 0.00480559
24111, 0.00480584
24112, 0.00480601
24113, 0.00480618
24114, 0.00480636
24115, 0.00480653
24116, 0.00480670
24117, 0.00480687
24118, 0.00480704
24119, 0.00480729
24120, 0.00480746
24121, 0.00480763
24122, 0.00480781
24123, 0.00480798
24124, 0.00480815
24125, 0.00480832
24126, 0.00480850
24127, 0.00480874
24128, 0.00480892
24129, 0.00480909
24130, 0.00480927
24131, 0.00480944
24132, 0.00480962
24133, 0.00480979
24134, 0.00480996
24135, 0.00481014
24136, 0.00481031
24137, 0.00481048
24138, 0.00481068
24139, 0.00481085
24140, 0.00481102
24141, 0.00481119
24142, 0.00481136
24143, 0.00481154
24144, 0.00481171
24145, 0.00481188
24146, 0.00481205
24147, 0.00481223
24148, 0.00481240
24149, 0.00481258
24150, 0.00481275
24151, 0.00481292
24152, 0.00481309
24153, 0.00481327
24154, 0.00481344
24155, 0.00481361
24156, 0.00481378
24157, 0.00481395
24158, 0.00481412
24159, 0.00481430
24160, 0.00481448
24161, 0.00481466
24162, 0.00481483
24163, 0.00481501
24164, 0.00481518
24165, 0.00481536
24166, 0.00481553
24167, 0.00481570
24168, 0.00481588
24169, 0.00481605
24170, 0.00481623
24171, 0.00481640
24172, 0.00481657
24173, 0.00481674
24174, 0.00481692
24175, 0.00481709
24176, 0.00481727
24177, 0.00481744
24178, 0.00481761
24179, 0.00481779
24180, 0.00481796
24181, 0.00481813
24182, 0.00481831
24183, 0.00481848
24184, 0.00481865
24185, 0.00481883
24186, 0.00481901
24187, 0.00481918
24188, 0.00481936
24189, 0.00481953
24190, 0.00481970
24191, 0.00481987
24192, 0.00482004
24193, 0.00482022
24194, 0.00482039
24195, 0.00482056
24196, 0.00482075
24197, 0.00482288
24198, 0.00482308
24199, 0.00482325
24200, 0.00482343
24201, 0.00482360
24202, 0.00482378
24203, 0.00482395
24204, 0.00482412
24205, 0.00482430
24206, 0.00482447
24207, 0.00482467
24208, 0.00482484
24209, 0.00482501
24210, 0.00482519
24211, 0.00482536
24212, 0.00482554
24213, 0.00482571
24214, 0.00482589
24215, 0.00482606
24216, 0.00482624
24217, 0.00482641
24218, 0.00482658
24219, 0.00482676
24220, 0.00482693
24221, 0.00482711
24222, 0.00482728
24223, 0.00482745
24224, 0.00482763
24225, 0.00482780
24226, 0.00482797
24227, 0.00482815
24228, 0.00482832
24229, 0.00482850
24230, 0.00482867
24231, 0.00482884
24232, 0.00482902
24233, 0.00482919
24234, 0.00482936
24235, 0.00482953
24236, 0.00482971
24237, 0.00482988
24238, 0.00483005
24239, 0.00483022
24240, 0.00483040
24241, 0.00483057
24242, 0.00483074
24243, 0.00483091
24244, 0.00483109
24245, 0.00483126
24246, 0.00483143
24247, 0.00483161
24248, 0.00483178
24249, 0.00483195
24250, 0.00483212
24251, 0.00483230
24252, 0.00483247
24253, 0.00483264
24254, 0.00483282
24255, 0.00483299
24256, 0.00483316
24257, 0.00483333
24258, 0.00483351
24259, 0.00483368
24260, 0.00483385
24261, 0.00483402
24262, 0.00483419
24263, 0.00483437
24264, 0.00483454
24265, 0.00483471
24266, 0.00483489
24267, 0.00483506
24268, 0.00483523
24269, 0.00483541
24270, 0.00483558
24271, 0.00483575
24272, 0.00483593
24273, 0.00483610
24274, 0.00483628
24275, 0.00483645
24276, 0.00483662
24277, 0.00483680
24278, 0.00483697
24279, 0.00483714
24280, 0.00483731
24281, 0.00483748
24282, 0.00483765
24283, 0.00483783
24284, 0.00483800
24285, 0.00483817
24286, 0.00483834
24287, 0.00483852
24288, 0.00483869
24289, 0.00483887
24290, 0.00483904
24291, 0.00483921
24292, 0.00483938
24293, 0.00483956
24294, 0.00483973
24295, 0.00483991
24296, 0.00484008
24297, 0.00484025
24298, 0.00484043
24299, 0.00484060
24300, 0.00484078
24301, 0.00484095
24302, 0.00484112
24303, 0.00484130
24304, 0.00484147
24305, 0.00484164
24306, 0.00484182
24307, 0.00484199
24308, 0.00484216
24309, 0.00484233
24310, 0.00484251
24311, 0.00484268
24312, 0.00484285
24313, 0.00484303
24314, 0.00484320
24315, 0.00484337
24316, 0.00484355
24317, 0.00484372
24318, 0.00484390
24319, 0.00484407
24320, 0.00484425
24321, 0.00484442
24322, 0.00484461
24323, 0.00484673
24324, 0.00484693
24325, 0.00484711
24326, 0.00484728
24327, 0.00484746
24328, 0.00484763
24329, 0.00484781
24330, 0.00484798
24331, 0.00484816
24332, 0.00484833
24333, 0.00484851
24334, 0.00484868
24335, 0.00484886
24336, 0.00484903
24337, 0.00484921
24338, 0.00484938
24339, 0.00484956
24340, 0.00484973
24341, 0.00484992
24342, 0.00485010
24343, 0.00485028
24344, 0.00485045
24345, 0.00485062
24346, 0.00485080
24347, 0.00485097
24348, 0.00485114
24349, 0.00485132
24350, 0.00485149
24351, 0.00485166
24352, 0.00485183
24353, 0.00485201
24354, 0.00485218
24355, 0.00485235
24356, 0.00485252
24357, 0.00485269
24358, 0.00485287
24359, 0.00485304
24360, 0.00485321
24361, 0.00485339
24362, 0.00485356
24363, 0.00485373
24364, 0.00485391
24365, 0.00485414
24366, 0.00485432
24367, 0.00485450
24368, 0.00485467
24369, 0.00485484
24370, 0.00485502
24371, 0.00485520
24372, 0.00485537
24373, 0.00485555
24374, 0.00485572
24375, 0.00485589
24376, 0.00485606
24377, 0.00485623
24378, 0.00485641
24379, 0.00485658
24380, 0.00485675
24381, 0.00485693
24382, 0.00485710
24383, 0.00485728
24384, 0.00485745
24385, 0.00485762
24386, 0.00485780
24387, 0.00485798
24388, 0.00485815
24389, 0.00485833
24390, 0.00485850
24391, 0.00485867
24392, 0.00485885
24393, 0.00485902
24394, 0.00485919
24395, 0.00485937
24396, 0.00485954
24397, 0.00485971
24398, 0.00485989
24399, 0.00486006
24400, 0.00486024
24401, 0.00486041
24402, 0.00486059
24403, 0.00486076
24404, 0.00486093
24405, 0.00486110
24406, 0.00486127
24407, 0.00486145
24408, 0.00486162
24409, 0.00486180
24410, 0.00486197
24411, 0.00486215
24412, 0.00486232
24413, 0.00486249
24414, 0.00486266
24415, 0.00486285
24416, 0.00486302
24417, 0.00486320
24418, 0.00486337
24419, 0.00486355
24420, 0.00486372
24421, 0.00486390
24422, 0.00486407
24423, 0.00486424
24424, 0.00486442
24425, 0.00486459
24426, 0.00486477
24427, 0.00486494
24428, 0.00486511
24429, 0.00486528
24430, 0.00486546
24431, 0.00486564
24432, 0.00486581
24433, 0.00486599
24434, 0.00486616
24435, 0.00486633
24436, 0.00486651
24437, 0.00486668
24438, 0.00486685
24439, 0.00486703
24440, 0.00486721
24441, 0.00486738
24442, 0.00486755
24443, 0.00486773
24444, 0.00486791
24445, 0.00486810
24446, 0.00486828
24447, 0.00486845
24448, 0.00486864
24449, 0.00487083
24450, 0.00487104
24451, 0.00487122
24452, 0.00487140
24453, 0.00487158
24454, 0.00487175
24455, 0.00487193
24456, 0.00487210
24457, 0.00487227
24458, 0.00487245
24459, 0.00487262
24460, 0.00487280
24461, 0.00487297
24462, 0.00487314
24463, 0.00487332
24464, 0.00487349
24465, 0.00487367
24466, 0.00487385
24467, 0.00487402
24468, 0.00487426
24469, 0.00487444
24470, 0.00487461
24471, 0.00487479
24472, 0.00487497
24473, 0.00487514
24474, 0.00487531
24475, 0.00487549
24476, 0.00487566
24477, 0.00487584
24478, 0.00487602
24479, 0.00487620
24480, 0.00487637
24481, 0.00487655
24482, 0.00487672
24483, 0.00487690
24484, 0.00487708
24485, 0.00487725
24486, 0.00487743
24487, 0.00487761
24488, 0.00487778
24489, 0.00487796
24490, 0.00487813
24491, 0.00487831
24492, 0.00487849
24493, 0.00487866
24494, 0.00487884
24495, 0.00487901
24496, 0.00487919
24497, 0.00487939
24498, 0.00487956
24499, 0.00487974
24500, 0.00487992
24501, 0.00488010
24502, 0.00488027
24503, 0.00488045
24504, 0.00488062
24505, 0.00488080
24506, 0.00488097
24507, 0.00488115
24508, 0.00488133
24509, 0.00488151
24510, 0.00488168
24511, 0.00488186
24512, 0.00488204
24513, 0.00488222
24514, 0.00488239
24515, 0.00488257
24516, 0.00488275
24517, 0.00488292
24518, 0.00488310
24519, 0.00488328
24520, 0.00488346
24521, 0.00488363
24522, 0.00488381
24523, 0.00488399
24524, 0.00488416
24525, 0.00488434
24526, 0.00488452
24527, 0.00488469
24528, 0.00488487
24529, 0.00488505
24530, 0.00488522
24531, 0.00488540
24532, 0.00488558
24533, 0.00488575
24534, 0.00488592
24535, 0.00488610
24536, 0.00488628
24537, 0.00488646
24538, 0.00488664
24539, 0.00488681
24540, 0.00488699
24541, 0.00488717
24542, 0.00488734
24543, 0.00488752
24544, 0.00488770
24545, 0.00488788
24546, 0.00488806
24547, 0.00488824
24548, 0.00488841
24549, 0.00488859
24550, 0.00488877
24551, 0.00488894
24552, 0.00488912
24553, 0.00488929
24554, 0.00488947
24555, 0.00488965
24556, 0.00488982
24557, 0.00489000
24558, 0.00489019
24559, 0.00489037
24560, 0.00489054
24561, 0.00489072
24562, 0.00489089
24563, 0.00489107
24564, 0.00489124
24565, 0.00489142
24566, 0.00489159
24567, 0.00489177
24568, 0.00489195
24569, 0.00489213
24570, 0.00489230
24571, 0.00489248
24572, 0.00489266
24573, 0.00489284
24574, 0.00489309
24575, 0.00489531
24576, 0.00489551
24577, 0.00489569
24578, 0.00489586
24579, 0.00489603
24580, 0.00489621
24581, 0.00489639
24582, 0.00489656
24583, 0.00489681
24584, 0.00489699
24585, 0.00489716
24586, 0.00489734
24587, 0.00489751
24588, 0.00489769
24589, 0.00489786
24590, 0.00489804
24591, 0.00489828
24592, 0.00489846
24593, 0.00489863
24594, 0.00489881
24595, 0.00489898
24596, 0.00489916
24597, 0.00489933
24598, 0.00489950
24599, 0.00489974
24600, 0.00489991
24601, 0.00490009
24602, 0.00490026
24603, 0.00490043
24604, 0.00490061
24605, 0.00490078
24606, 0.00490095
24607, 0.00490120
24608, 0.00490138
24609, 0.00490155
24610, 0.00490173
24611, 0.00490190
24612, 0.00490208
24613, 0.00490225
24614, 0.00490242
24615, 0.00490267
24616, 0.00490284
24617, 0.00490301
24618, 0.00490319
24619, 0.00490336
24620, 0.00490354
24621, 0.00490371
24622, 0.00490388
24623, 0.00490413
24624, 0.00490430
24625, 0.00490448
24626, 0.00490465
24627, 0.00490482
24628, 0.00490500
24629, 0.00490517
24630, 0.00490534
24631, 0.00490560
24632, 0.00490578
24633, 0.00490595
24634, 0.00490612
24635, 0.00490630
24636, 0.00490647
24637, 0.00490664
24638, 0.00490682
24639, 0.00490708
24640, 0.00490725
24641, 0.00490743
24642, 0.00490760
24643, 0.00490778
24644, 0.00490796
24645, 0.00490814
24646, 0.00490833
24647, 0.00490857
24648, 0.00490875
24649, 0.00490894
24650, 0.00490912
24651, 0.00490930
24652, 0.00490948
24653, 0.00490965
24654, 0.00490983
24655, 0.00491001
24656, 0.00491018
24657, 0.00491035
24658, 0.00491053
24659, 0.00491070
24660, 0.00491087
24661, 0.00491105
24662, 0.00491122
24663, 0.00491139
24664, 0.00491157
24665, 0.00491174
24666, 0.00491191
24667, 0.00491209
24668, 0.00491226
24669, 0.00491244
24670, 0.00491261
24671, 0.00491278
24672, 0.00491296
24673, 0.00491313
24674, 0.00491331
24675, 0.00491348
24676, 0.00491365
24677, 0.00491383
24678, 0.00491400
24679, 0.00491418
24680, 0.00491435
24681, 0.00491453
24682, 0.00491470
24683, 0.00491488
24684, 0.00491505
24685, 0.00491523
24686, 0.00491540
24687, 0.00491557
24688, 0.00491575
24689, 0.00491592
24690, 0.00491609
24691, 0.00491627
24692, 0.00491644
24693, 0.00491661
24694, 0.00491679
24695, 0.00491696
24696, 0.00491714
24697, 0.00491731
24698, 0.00491748
24699, 0.00491765
24700, 0.00491784
24701, 0.00491995
24702, 0.00492015
24703, 0.00492033
24704, 0.00492051
24705, 0.00492069
24706, 0.00492087
24707, 0.00492107
24708, 0.00492125
24709, 0.00492143
24710, 0.00492161
24711, 0.00492179
24712, 0.00492197
24713, 0.00492216
24714, 0.00492233
24715, 0.00492251
24716, 0.00492269
24717, 0.00492287
24718, 0.00492305
24719, 0.00492322
24720, 0.00492340
24721, 0.00492358
24722, 0.00492375
24723, 0.00492393
24724, 0.00492411
24725, 0.00492429
24726, 0.00492446
24727, 0.00492464
24728, 0.00492482
24729, 0.00492500
24730, 0.00492517
24731, 0.00492535
24732, 0.00492555
24733, 0.00492572
24734, 0.00492590
24735, 0.00492608
24736, 0.00492626
24737, 0.00492644
24738, 0.00492661
24739, 0.00492679
24740, 0.00492697
24741, 0.00492714
24742, 0.00492732
24743, 0.00492750
24744, 0.00492767
24745, 0.00492785
24746, 0.00492803
24747, 0.00492820
24748, 0.00492839
24749, 0.00492857
24750, 0.00492878
24751, 0.00492895
24752, 0.00492913
24753, 0.00492930
24754, 0.00492948
24755, 0.00492966
24756, 0.00492984
24757, 0.00493002
24758, 0.00493020
24759, 0.00493038
24760, 0.00493056
24761, 0.00493074
24762, 0.00493092
24763, 0.00493110
24764, 0.00493128
24765, 0.00493148
24766, 0.00493166
24767, 0.00493184
24768, 0.00493202
24769, 0.00493219
24770, 0.00493237
24771, 0.00493256
24772, 0.00493274
24773, 0.00493292
24774, 0.00493310
24775, 0.00493328
24776, 0.00493346
24777, 0.00493364
24778, 0.00493382
24779, 0.00493400
24780, 0.00493418
24781, 0.00493435
24782, 0.00493453
24783, 0.00493472
24784, 0.00493492
24785, 0.00493510
24786, 0.00493528
24787, 0.00493545
24788, 0.00493563
24789, 0.00493581
24790, 0.00493599
24791, 0.00493618
24792, 0.00493636
24793, 0.00493654
24794, 0.00493672
24795, 0.00493690
24796, 0.00493707
24797, 0.00493725
24798, 0.00493746
24799, 0.00493763
24800, 0.00493780
24801, 0.00493798
24802, 0.00493816
24803, 0.00493834
24804, 0.00493852
24805, 0.00493871
24806, 0.00493889
24807, 0.00493907
24808, 0.00493925
24809, 0.00493942
24810, 0.00493960
24811, 0.00493978
24812, 0.00493999
24813, 0.00494016
24814, 0.00494036
24815, 0.00494055
24816, 0.00494072
24817, 0.00494090
24818, 0.00494108
24819, 0.00494126
24820, 0.00494144
24821, 0.00494161
24822, 0.00494179
24823, 0.00494197
24824, 0.00494214
24825, 0.00494232
24826, 0.00494251
24827, 0.00494461
24828, 0.00494480
24829, 0.00494499
24830, 0.00494518
24831, 0.00494535
24832, 0.00494553
24833, 0.00494570
24834, 0.00494587
24835, 0.00494605
24836, 0.00494622
24837, 0.00494640
24838, 0.00494657
24839, 0.00494674
24840, 0.00494692
24841, 0.00494709
24842, 0.00494727
24843, 0.00494744
24844, 0.00494762
24845, 0.00494779
24846, 0.00494797
24847, 0.00494814
24848, 0.00494832
24849, 0.00494849
24850, 0.00494867
24851, 0.00494884
24852, 0.00494902
24853, 0.00494919
24854, 0.00494937
24855, 0.00494954
24856, 0.00494972
24857, 0.00494990
24858, 0.00495007
24859, 0.00495025
24860, 0.00495043
24861, 0.00495060
24862, 0.00495078
24863, 0.00495095
24864, 0.00495113
24865, 0.00495130
24866, 0.00495148
24867, 0.00495165
24868, 0.00495182
24869, 0.00495200
24870, 0.00495217
24871, 0.00495235
24872, 0.00495252
24873, 0.00495270
24874, 0.00495287
24875, 0.00495305
24876, 0.00495322
24877, 0.00495340
24878, 0.00495357
24879, 0.00495374
24880, 0.00495392
24881, 0.00495409
24882, 0.00495427
24883, 0.00495445
24884, 0.00495462
24885, 0.00495480
24886, 0.00495497
24887, 0.00495515
24888, 0.00495532
24889, 0.00495550
24890, 0.00495567
24891, 0.00495585
24892, 0.00495602
24893, 0.00495620
24894, 0.00495637
24895, 0.00495655
24896, 0.00495672
24897, 0.00495690
24898, 0.00495707
24899, 0.00495724
24900, 0.00495742
24901, 0.00495760
24902, 0.00495777
24903, 0.00495796
24904, 0.00495813
24905, 0.00495830
24906, 0.00495848
24907, 0.00495866
24908, 0.00495883
24909, 0.00495900
24910, 0.00495918
24911, 0.00495935
24912, 0.00495953
24913, 0.00495970
24914, 0.00495987
24915, 0.00496005
24916, 0.00496022
24917, 0.00496039
24918, 0.00496057
24919, 0.00496074
24920, 0.00496092
24921, 0.00496109
24922, 0.00496126
24923, 0.00496144
24924, 0.00496161
24925, 0.00496179
24926, 0.00496196
24927, 0.00496214
24928, 0.00496231
24929, 0.00496249
24930, 0.00496266
24931, 0.00496291
24932, 0.00496308
24933, 0.00496325
24934, 0.00496343
24935, 0.00496361
24936, 0.00496378
24937, 0.00496395
24938, 0.00496413
24939, 0.00496430
24940, 0.00496447
24941, 0.00496465
24942, 0.00496482
24943, 0.00496499
24944, 0.00496517
24945, 0.00496534
24946, 0.00496552
24947, 0.00496569
24948, 0.00496587
24949, 0.00496604
24950, 0.00496621
24951, 0.00496639
24952, 0.00496658
24953, 0.00496865
24954, 0.00496885
24955, 0.00496903
24956, 0.00496921
24957, 0.00496939
24958, 0.00496956
24959, 0.00496973
24960, 0.00496991
24961, 0.00497008
24962, 0.00497026
24963, 0.00497043
24964, 0.00497061
24965, 0.00497078
24966, 0.00497096
24967, 0.00497113
24968, 0.00497131
24969, 0.00497148
24970, 0.00497166
24971, 0.00497183
24972, 0.00497201
24973, 0.00497218
24974, 0.00497235
24975, 0.00497253
24976, 0.00497270
24977, 0.00497287
24978, 0.00497304
24979, 0.00497322
24980, 0.00497340
24981, 0.00497357
24982, 0.00497375
24983, 0.00497392
24984, 0.00497409
24985, 0.00497433
24986, 0.00497451
24987, 0.00497468
24988, 0.00497486
24989, 0.00497503
24990, 0.00497520
24991, 0.00497538
24992, 0.00497556
24993, 0.00497573
24994, 0.00497591
24995, 0.00497608
24996, 0.00497626
24997, 0.00497643
24998, 0.00497660
24999, 0.00497678
25000, 0.00497695
25001, 0.00497713
25002, 0.00497730
25003, 0.00497747
25004, 0.00497765
25005, 0.00497782
25006, 0.00497799
25007, 0.00497816
25008, 0.00497834
25009, 0.00497851
25010, 0.00497868
25011, 0.00497885
25012, 0.00497903
25013, 0.00497920
25014, 0.00497938
25015, 0.00497955
25016, 0.00497972
25017, 0.00497990
25018, 0.00498007
25019, 0.00498024
25020, 0.00498042
25021, 0.00498059
25022, 0.00498076
25023, 0.00498093
25024, 0.00498111
25025, 0.00498128
25026, 0.00498145
25027, 0.00498163
25028, 0.00498182
25029, 0.00498200
25030, 0.00498217
25031, 0.00498235
25032, 0.00498252
25033, 0.00498270
25034, 0.00498288
25035, 0.00498306
25036, 0.00498324
25037, 0.00498342
25038, 0.00498360
25039, 0.00498378
25040, 0.00498395
25041, 0.00498413
25042, 0.00498430
25043, 0.00498447
25044, 0.00498464
25045, 0.00498482
25046, 0.00498499
25047, 0.00498516
25048, 0.00498533
25049, 0.00498551
25050, 0.00498568
25051, 0.00498585
25052, 0.00498606
25053, 0.00498623
25054, 0.00498640
25055, 0.00498657
25056, 0.00498675
25057, 0.00498692
25058, 0.00498709
25059, 0.00498728
25060, 0.00498745
25061, 0.00498762
25062, 0.00498780
25063, 0.00498797
25064, 0.00498814
25065, 0.00498832
25066, 0.00498849
25067, 0.00498866
25068, 0.00498884
25069, 0.00498901
25070, 0.00498918
25071, 0.00498936
25072, 0.00498953
25073, 0.00498973
25074, 0.00498990
25075, 0.00499008
25076, 0.00499025
25077, 0.00499042
25078, 0.00499061
25079, 0.00499271
25080, 0.00499291
25081, 0.00499309
25082, 0.00499328
25083, 0.00499345
25084, 0.00499363
25085, 0.00499381
25086, 0.00499398
25087, 0.00499425
25088, 0.00499443
25089, 0.00499460
25090, 0.00499478
25091, 0.00499495
25092, 0.00499513
25093, 0.00499531
25094, 0.00499548
25095, 0.00499566
25096, 0.00499583
25097, 0.00499601
25098, 0.00499618
25099, 0.00499635
25100, 0.00499653
25101, 0.00499670
25102, 0.00499687
25103, 0.00499705
25104, 0.00499723
25105, 0.00499740
25106, 0.00499757
25107, 0.00499774
25108, 0.00499792
25109, 0.00499809
25110, 0.00499826
25111, 0.00499844
25112, 0.00499861
25113, 0.00499879
25114, 0.00499896
25115, 0.00499913
25116, 0.00499930
25117, 0.00499948
25118, 0.00499966
25119, 0.00499983
25120, 0.00500000
25121, 0.00500018
25122, 0.00500035
25123, 0.00500053
25124, 0.00500073
25125, 0.00500090
25126, 0.00500108
25127, 0.00500125
25128, 0.00500143
25129, 0.00500160
25130, 0.00500178
25131, 0.00500195
25132, 0.00500212
25133, 0.00500230
25134, 0.00500247
25135, 0.00500265
25136, 0.00500282
25137, 0.00500299
25138, 0.00500317
25139, 0.00500334
25140, 0.00500352
25141, 0.00500369
25142, 0.00500387
25143, 0.00500404
25144, 0.00500422
25145, 0.00500439
25146, 0.00500456
25147, 0.00500474
25148, 0.00500491
25149, 0.00500508
25150, 0.00500526
25151, 0.00500544
25152, 0.00500561
25153, 0.00500578
25154, 0.00500596
25155, 0.00500613
25156, 0.00500630
25157, 0.00500648
25158, 0.00500665
25159, 0.00500682
25160, 0.00500699
25161, 0.00500717
25162, 0.00500734
25163, 0.00500751
25164, 0.00500768
25165, 0.00500786
25166, 0.00500803
25167, 0.00500820
25168, 0.00500838
25169, 0.00500856
25170, 0.00500873
25171, 0.00500895
25172, 0.00500912
25173, 0.00500930
25174, 0.00500948
25175, 0.00500965
25176, 0.00500983
25177, 0.00501000
25178, 0.00501017
25179, 0.00501035
25180, 0.00501052
25181, 0.00501070
25182, 0.00501090
25183, 0.00501107
25184, 0.00501125
25185, 0.00501142
25186, 0.00501160
25187, 0.00501177
25188, 0.00501195
25189, 0.00501213
25190, 0.00501231
25191, 0.00501249
25192, 0.00501266
25193, 0.00501284
25194, 0.00501302
25195, 0.00501320
25196, 0.00501338
25197, 0.00501358
25198, 0.00501376
25199, 0.00501394
25200, 0.00501412
25201, 0.00501430
25202, 0.00501447
25203, 0.00501464
25204, 0.00501483
25205, 0.00501753
25206, 0.00501774
25207, 0.00501792
25208, 0.00501810
25209, 0.00501828
25210, 0.00501846
25211, 0.00501864
25212, 0.00501881
25213, 0.00501899
25214, 0.00501916
25215, 0.00501934
25216, 0.00501951
25217, 0.00501969
25218, 0.00501986
25219, 0.00502003
25220, 0.00502021
25221, 0.00502038
25222, 0.00502055
25223, 0.00502073
25224, 0.00502090
25225, 0.00502108
25226, 0.00502126
25227, 0.00502143
25228, 0.00502161
25229, 0.00502178
25230, 0.00502196
25231, 0.00502213
25232, 0.00502231
25233, 0.00502249
25234, 0.00502268
25235, 0.00502286
25236, 0.00502303
25237, 0.00502320
25238, 0.00502338
25239, 0.00502355
25240, 0.00502373
25241, 0.00502390
25242, 0.00502408
25243, 0.00502425
25244, 0.00502443
25245, 0.00502460
25246, 0.00502477
25247, 0.00502497
25248, 0.00502514
25249, 0.00502531
25250, 0.00502549
25251, 0.00502567
25252, 0.00502584
25253, 0.00502601
25254, 0.00502619
25255, 0.00502637
25256, 0.00502654
25257, 0.00502671
25258, 0.00502689
25259, 0.00502706
25260, 0.00502724
25261, 0.00502741
25262, 0.00502759
25263, 0.00502776
25264, 0.00502794
25265, 0.00502811
25266, 0.00502829
25267, 0.00502846
25268, 0.00502864
25269, 0.00502881
25270, 0.00502899
25271, 0.00502916
25272, 0.00502933
25273, 0.00502951
25274, 0.00502968
25275, 0.00502985
25276, 0.00503003
25277, 0.00503020
25278, 0.00503038
25279, 0.00503055
25280, 0.00503072
25281, 0.00503089
25282, 0.00503107
25283, 0.00503124
25284, 0.00503142
25285, 0.00503159
25286, 0.00503182
25287, 0.00503200
25288, 0.00503217
25289, 0.00503235
25290, 0.00503252
25291, 0.00503270
25292, 0.00503288
25293, 0.00503305
25294, 0.00503322
25295, 0.00503340
25296, 0.00503357
25297, 0.00503375
25298, 0.00503392
25299, 0.00503409
25300, 0.00503427
25301, 0.00503444
25302, 0.00503461
25303, 0.00503479
25304, 0.00503500
25305, 0.00503518
25306, 0.00503535
25307, 0.00503553
25308, 0.00503570
25309, 0.00503587
25310, 0.00503605
25311, 0.00503622
25312, 0.00503639
25313, 0.00503656
25314, 0.00503674
25315, 0.00503691
25316, 0.00503709
25317, 0.00503726
25318, 0.00503744
25319, 0.00503761
25320, 0.00503779
25321, 0.00503796
25322, 0.00503814
25323, 0.00503831
25324, 0.00503848
25325, 0.00503866
25326, 0.00503883
25327, 0.00503900
25328, 0.00503918
25329, 0.00503935
25330, 0.00503954
25331, 0.00504166
25332, 0.00504185
25333, 0.00504202
25334, 0.00504219
25335, 0.00504237
25336, 0.00504254
25337, 0.00504271
25338, 0.00504289
25339, 0.00504306
25340, 0.00504324
25341, 0.00504341
25342, 0.00504359
25343, 0.00504376
25344, 0.00504393
25345, 0.00504413
25346, 0.00504431
25347, 0.00504448
25348, 0.00504466
25349, 0.00504483
25350, 0.00504500
25351, 0.00504518
25352, 0.00504535
25353, 0.00504553
25354, 0.00504570
25355, 0.00504588
25356, 0.00504605
25357, 0.00504622
25358, 0.00504640
25359, 0.00504657
25360, 0.00504674
25361, 0.00504691
25362, 0.00504709
25363, 0.00504726
25364, 0.00504744
25365, 0.00504761
25366, 0.00504778
25367, 0.00504796
25368, 0.00504813
25369, 0.00504831
25370, 0.00504849
25371, 0.00504866
25372, 0.00504883
25373, 0.00504901
25374, 0.00504918
25375, 0.00504936
25376, 0.00504953
25377, 0.00504971
25378, 0.00504988
25379, 0.00505006
25380, 0.00505023
25381, 0.00505040
25382, 0.00505058
25383, 0.00505075
25384, 0.00505093
25385, 0.00505110
25386, 0.00505127
25387, 0.00505144
25388, 0.00505162
25389, 0.00505179
25390, 0.00505196
25391, 0.00505214
25392, 0.00505231
25393, 0.00505248
25394, 0.00505266
25395, 0.00505283
25396, 0.00505301
25397, 0.00505318
25398, 0.00505335
25399, 0.00505352
25400, 0.00505370
25401, 0.00505387
25402, 0.00505405
25403, 0.00505422
25404, 0.00505440
25405, 0.00505458
25406, 0.00505475
25407, 0.00505493
25408, 0.00505510
25409, 0.00505528
25410, 0.00505546
25411, 0.00505563
25412, 0.00505581
25413, 0.00505598
25414, 0.00505616
25415, 0.00505633
25416, 0.00505651
25417, 0.00505668
25418, 0.00505685
25419, 0.00505703
25420, 0.00505723
25421, 0.00505741
25422, 0.00505758
25423, 0.00505776
25424, 0.00505793
25425, 0.00505811
25426, 0.00505828
25427, 0.00505845
25428, 0.00505863
25429, 0.00505880
25430, 0.00505898
25431, 0.00505916
25432, 0.00505933
25433, 0.00505950
25434, 0.00505967
25435, 0.00505985
25436, 0.00506002
25437, 0.00506019
25438, 0.00506036
25439, 0.00506054
25440, 0.00506071
25441, 0.00506088
25442, 0.00506105
25443, 0.00506123
25444, 0.00506148
25445, 0.00506165
25446, 0.00506183
25447, 0.00506200
25448, 0.00506218
25449, 0.00506235
25450, 0.00506252
25451, 0.00506269
25452, 0.00506286
25453, 0.00506304
25454, 0.00506321
25455, 0.00506338
25456, 0.00506357
25457, 0.00506564
25458, 0.00506585
25459, 0.00506603
25460, 0.00506621
25461, 0.00506638
25462, 0.00506656
25463, 0.00506673
25464, 0.00506691
25465, 0.00506708
25466, 0.00506726
25467, 0.00506743
25468, 0.00506760
25469, 0.00506778
25470, 0.00506796
25471, 0.00506814
25472, 0.00506831
25473, 0.00506848
25474, 0.00506866
25475, 0.00506883
25476, 0.00506901
25477, 0.00506919
25478, 0.00506936
25479, 0.00506953
25480, 0.00506972
25481, 0.00506989
25482, 0.00507007
25483, 0.00507025
25484, 0.00507043
25485, 0.00507061
25486, 0.00507078
25487, 0.00507096
25488, 0.00507113
25489, 0.00507130
25490, 0.00507150
25491, 0.00507168
25492, 0.00507185
25493, 0.00507202
25494, 0.00507220
25495, 0.00507237
25496, 0.00507254
25497, 0.00507271
25498, 0.00507289
25499, 0.00507306
25500, 0.00507324
25501, 0.00507341
25502, 0.00507359
25503, 0.00507376
25504, 0.00507393
25505, 0.00507410
25506, 0.00507428
25507, 0.00507445
25508, 0.00507463
25509, 0.00507480
25510, 0.00507497
25511, 0.00507515
25512, 0.00507532
25513, 0.00507550
25514, 0.00507567
25515, 0.00507585
25516, 0.00507602
25517, 0.00507619
25518, 0.00507636
25519, 0.00507654
25520, 0.00507671
25521, 0.00507688
25522, 0.00507705
25523, 0.00507723
25524, 0.00507740
25525, 0.00507757
25526, 0.00507774
25527, 0.00507792
25528, 0.00507809
25529, 0.00507828
25530, 0.00507846
25531, 0.00507863
25532, 0.00507881
25533, 0.00507900
25534, 0.00507918
25535, 0.00507935
25536, 0.00507953
25537, 0.00507970
25538, 0.00507987
25539, 0.00508004
25540, 0.00508021
25541, 0.00508039
25542, 0.00508056
25543, 0.00508073
25544, 0.00508096
25545, 0.00508114
25546, 0.00508131
25547, 0.00508148
25548, 0.00508165
25549, 0.00508183
25550, 0.00508200
25551, 0.00508217
25552, 0.00508235
25553, 0.00508252
25554, 0.00508271
25555, 0.00508289
25556, 0.00508307
25557, 0.00508325
25558, 0.00508342
25559, 0.00508360
25560, 0.00508377
25561, 0.00508394
25562, 0.00508411
25563, 0.00508430
25564, 0.00508447
25565, 0.00508464
25566, 0.00508482
25567, 0.00508501
25568, 0.00508518
25569, 0.00508535
25570, 0.00508553
25571, 0.00508570
25572, 0.00508588
25573, 0.00508605
25574, 0.00508622
25575, 0.00508640
25576, 0.00508657
25577, 0.00508674
25578, 0.00508691
25579, 0.00508708
25580, 0.00508726
25581, 0.00508743
25582, 0.00508762
25583, 0.00508972
25584, 0.00508992
25585, 0.00509010
25586, 0.00509028
25587, 0.00509047
25588, 0.00509065
25589, 0.00509083
25590, 0.00509101
25591, 0.00509118
25592, 0.00509136
25593, 0.00509153
25594, 0.00509171
25595, 0.00509188
25596, 0.00509206
25597, 0.00509223
25598, 0.00509240
25599, 0.00509267
25600, 0.00509284
25601, 0.00509303
25602, 0.00509320
25603, 0.00509338
25604, 0.00509355
25605, 0.00509373
25606, 0.00509391
25607, 0.00509410
25608, 0.00509428
25609, 0.00509446
25610, 0.00509464
25611, 0.00509482
25612, 0.00509500
25613, 0.00509518
25614, 0.00509536
25615, 0.00509553
25616, 0.00509571
25617, 0.00509588
25618, 0.00509606
25619, 0.00509623
25620, 0.00509641
25621, 0.00509658
25622, 0.00509676
25623, 0.00509693
25624, 0.00509710
25625, 0.00509728
25626, 0.00509745
25627, 0.00509763
25628, 0.00509780
25629, 0.00509798
25630, 0.00509815
25631, 0.00509832
25632, 0.00509850
25633, 0.00509868
25634, 0.00509885
25635, 0.00509902
25636, 0.00509920
25637, 0.00509937
25638, 0.00509955
25639, 0.00509972
25640, 0.00509990
25641, 0.00510007
25642, 0.00510024
25643, 0.00510041
25644, 0.00510059
25645, 0.00510076
25646, 0.00510093
25647, 0.00510111
25648, 0.00510128
25649, 0.00510145
25650, 0.00510163
25651, 0.00510180
25652, 0.00510197
25653, 0.00510214
25654, 0.00510232
25655, 0.00510249
25656, 0.00510266
25657, 0.00510286
25658, 0.00510304
25659, 0.00510321
25660, 0.00510339
25661, 0.00510356
25662, 0.00510373
25663, 0.00510391
25664, 0.00510409
25665, 0.00510426
25666, 0.00510444
25667, 0.00510462
25668, 0.00510479
25669, 0.00510496
25670, 0.00510514
25671, 0.00510531
25672, 0.00510548
25673, 0.00510566
25674, 0.00510584
25675, 0.00510601
25676, 0.00510619
25677, 0.00510636
25678, 0.00510653
25679, 0.00510671
25680, 0.00510688
25681, 0.00510706
25682, 0.00510723
25683, 0.00510741
25684, 0.00510758
25685, 0.00510776
25686, 0.00510793
25687, 0.00510810
25688, 0.00510828
25689, 0.00510845
25690, 0.00510863
25691, 0.00510880
25692, 0.00510897
25693, 0.00510915
25694, 0.00510933
25695, 0.00510950
25696, 0.00510967
25697, 0.00510985
25698, 0.00511002
25699, 0.00511020
25700, 0.00511037
25701, 0.00511055
25702, 0.00511073
25703, 0.00511091
25704, 0.00511109
25705, 0.00511127
25706, 0.00511145
25707, 0.00511162
25708, 0.00511181
25709, 0.00511386
25710, 0.00511406
25711, 0.00511424
25712, 0.00511442
25713, 0.00511460
25714, 0.00511478
25715, 0.00511495
25716, 0.00511512
25717, 0.00511530
25718, 0.00511547
25719, 0.00511564
25720, 0.00511582
25721, 0.00511599
25722, 0.00511616
25723, 0.00511634
25724, 0.00511652
25725, 0.00511669
25726, 0.00511687
25727, 0.00511704
25728, 0.00511722
25729, 0.00511739
25730, 0.00511756
25731, 0.00511773
25732, 0.00511791
25733, 0.00511808
25734, 0.00511825
25735, 0.00511843
25736, 0.00511860
25737, 0.00511878
25738, 0.00511895
25739, 0.00511915
25740, 0.00511932
25741, 0.00511949
25742, 0.00511967
25743, 0.00511984
25744, 0.00512002
25745, 0.00512019
25746, 0.00512036
25747, 0.00512054
25748, 0.00512072
25749, 0.00512090
25750, 0.00512108
25751, 0.00512126
25752, 0.00512144
25753, 0.00512161
25754, 0.00512179
25755, 0.00512199
25756, 0.00512217
25757, 0.00512234
25758, 0.00512251
25759, 0.00512269
25760, 0.00512286
25761, 0.00512304
25762, 0.00512321
25763, 0.00512339
25764, 0.00512356
25765, 0.00512373
25766, 0.00512391
25767, 0.00512408
25768, 0.00512425
25769, 0.00512443
25770, 0.00512460
25771, 0.00512477
25772, 0.00512494
25773, 0.00512512
25774, 0.00512529
25775, 0.00512546
25776, 0.00512563
25777, 0.00512581
25778, 0.00512598
25779, 0.00512615
25780, 0.00512633
25781, 0.00512650
25782, 0.00512667
25783, 0.00512685
25784, 0.00512702
25785, 0.00512720
25786, 0.00512737
25787, 0.00512754
25788, 0.00512771
25789, 0.00512789
25790, 0.00512806
25791, 0.00512824
25792, 0.00512841
25793, 0.00512858
25794, 0.00512876
25795, 0.00512896
25796, 0.00512913
25797, 0.00512930
25798, 0.00512948
25799, 0.00512965
25800, 0.00512982
25801, 0.00513004
25802, 0.00513022
25803, 0.00513039
25804, 0.00513056
25805, 0.00513074
25806, 0.00513092
25807, 0.00513109
25808, 0.00513126
25809, 0.00513144
25810, 0.00513161
25811, 0.00513179
25812, 0.00513196
25813, 0.00513213
25814, 0.00513231
25815, 0.00513248
25816, 0.00513266
25817, 0.00513283
25818, 0.00513300
25819, 0.00513318
25820, 0.00513335
25821, 0.00513353
25822, 0.00513370
25823, 0.00513391
25824, 0.00513408
25825, 0.00513425
25826, 0.00513443
25827, 0.00513461
25828, 0.00513478
25829, 0.00513495
25830, 0.00513513
25831, 0.00513530
25832, 0.00513548
25833, 0.00513565
25834, 0.00513584
25835, 0.00513794
25836, 0.00513813
25837, 0.00513832
25838, 0.00513850
25839, 0.00513868
25840, 0.00513886
25841, 0.00513905
25842, 0.00513923
25843, 0.00513941
25844, 0.00513958
25845, 0.00513975
25846, 0.00513993
25847, 0.00514011
25848, 0.00514028
25849, 0.00514046
25850, 0.00514063
25851, 0.00514081
25852, 0.00514098
25853, 0.00514115
25854, 0.00514139
25855, 0.00514157
25856, 0.00514174
25857, 0.00514191
25858, 0.00514209
25859, 0.00514226
25860, 0.00514244
25861, 0.00514262
25862, 0.00514280
25863, 0.00514297
25864, 0.00514315
25865, 0.00514333
25866, 0.00514350
25867, 0.00514368
25868, 0.00514385
25869, 0.00514402
25870, 0.00514420
25871, 0.00514437
25872, 0.00514455
25873, 0.00514472
25874, 0.00514490
25875, 0.00514507
25876, 0.00514525
25877, 0.00514542
25878, 0.00514559
25879, 0.00514576
25880, 0.00514594
25881, 0.00514611
25882, 0.00514629
25883, 0.00514646
25884, 0.00514663
25885, 0.00514681
25886, 0.00514698
25887, 0.00514715
25888, 0.00514733
25889, 0.00514750
25890, 0.00514768
25891, 0.00514785
25892, 0.00514803
25893, 0.00514820
25894, 0.00514837
25895, 0.00514855
25896, 0.00514872
25897, 0.00514890
25898, 0.00514908
25899, 0.00514927
25900, 0.00514945
25901, 0.00514963
25902, 0.00514981
25903, 0.00514998
25904, 0.00515015
25905, 0.00515033
25906, 0.00515050
25907, 0.00515068
25908, 0.00515085
25909, 0.00515103
25910, 0.00515120
25911, 0.00515137
25912, 0.00515155
25913, 0.00515172
25914, 0.00515190
25915, 0.00515207
25916, 0.00515224
25917, 0.00515242
25918, 0.00515261
25919, 0.00515279
25920, 0.00515296
25921, 0.00515314
25922, 0.00515331
25923, 0.00515348
25924, 0.00515366
25925, 0.00515383
25926, 0.00515401
25927, 0.00515418
25928, 0.00515435
25929, 0.00515453
25930, 0.00515470
25931, 0.00515487
25932, 0.00515505
25933, 0.00515524
25934, 0.00515542
25935, 0.00515561
25936, 0.00515579
25937, 0.00515597
25938, 0.00515614
25939, 0.00515632
25940, 0.00515649
25941, 0.00515666
25942, 0.00515683
25943, 0.00515701
25944, 0.00515718
25945, 0.00515736
25946, 0.00515753
25947, 0.00515770
25948, 0.00515788
25949, 0.00515805
25950, 0.00515822
25951, 0.00515840
25952, 0.00515857
25953, 0.00515874
25954, 0.00515892
25955, 0.00515909
25956, 0.00515926
25957, 0.00515943
25958, 0.00515961
25959, 0.00515978
25960, 0.00515996
25961, 0.00516407
25962, 0.00516426
25963, 0.00516444
25964, 0.00516462
25965, 0.00516481
25966, 0.00516499
25967, 0.00516516
25968, 0.00516534
25969, 0.00516551
25970, 0.00516568
25971, 0.00516586
25972, 0.00516603
25973, 0.00516620
25974, 0.00516638
25975, 0.00516655
25976, 0.00516673
25977, 0.00516690
25978, 0.00516708
25979, 0.00516725
25980, 0.00516743
25981, 0.00516760
25982, 0.00516778
25983, 0.00516795
25984, 0.00516812
25985, 0.00516830
25986, 0.00516847
25987, 0.00516867
25988, 0.00516885
25989, 0.00516902
25990, 0.00516920
25991, 0.00516937
25992, 0.00516954
25993, 0.00516972
25994, 0.00516989
25995, 0.00517007
25996, 0.00517025
25997, 0.00517042
25998, 0.00517060
25999, 0.00517077
26000, 0.00517095
26001, 0.00517112
26002, 0.00517130
26003, 0.00517147
26004, 0.00517165
26005, 0.00517182
26006, 0.00517200
26007, 0.00517217
26008, 0.00517235
26009, 0.00517252
26010, 0.00517269
26011, 0.00517287
26012, 0.00517304
26013, 0.00517322
26014, 0.00517339
26015, 0.00517357
26016, 0.00517374
26017, 0.00517391
26018, 0.00517409
26019, 0.00517426
26020, 0.00517444
26021, 0.00517461
26022, 0.00517479
26023, 0.00517496
26024, 0.00517514
26025, 0.00517531
26026, 0.00517549
26027, 0.00517566
26028, 0.00517584
26029, 0.00517601
26030, 0.00517619
26031, 0.00517636
26032, 0.00517653
26033, 0.00517671
26034, 0.00517688
26035, 0.00517706
26036, 0.00517723
26037, 0.00517741
26038, 0.00517758
26039, 0.00517776
26040, 0.00517793
26041, 0.00517811
26042, 0.00517828
26043, 0.00517846
26044, 0.00517863
26045, 0.00517881
26046, 0.00517898
26047, 0.00517916
26048, 0.00517933
26049, 0.00517951
26050, 0.00517968
26051, 0.00517986
26052, 0.00518003
26053, 0.00518021
26054, 0.00518038
26055, 0.00518056
26056, 0.00518073
26057, 0.00518090
26058, 0.00518108
26059, 0.00518126
26060, 0.00518143
26061, 0.00518160
26062, 0.00518178
26063, 0.00518195
26064, 0.00518213
26065, 0.00518230
26066, 0.00518248
26067, 0.00518265
26068, 0.00518282
26069, 0.00518300
26070, 0.00518317
26071, 0.00518335
26072, 0.00518352
26073, 0.00518369
26074, 0.00518387
26075, 0.00518404
26076, 0.00518422
26077, 0.00518439
26078, 0.00518456
26079, 0.00518474
26080, 0.00518491
26081, 0.00518508
26082, 0.00518526
26083, 0.00518543
26084, 0.00518561
26085, 0.00518578
26086, 0.00518597
26087, 0.00518804
26088, 0.00518823
26089, 0.00518841
26090, 0.00518859
26091, 0.00518876
26092, 0.00518894
26093, 0.00518912
26094, 0.00518929
26095, 0.00518947
26096, 0.00518965
26097, 0.00518982
26098, 0.00519000
26099, 0.00519017
26100, 0.00519035
26101, 0.00519053
26102, 0.00519070
26103, 0.00519088
26104, 0.00519105
26105, 0.00519123
26106, 0.00519140
26107, 0.00519157
26108, 0.00519175
26109, 0.00519192
26110, 0.00519210
26111, 0.00519235
26112, 0.00519252
26113, 0.00519270
26114, 0.00519287
26115, 0.00519304
26116, 0.00519322
26117, 0.00519340
26118, 0.00519357
26119, 0.00519375
26120, 0.00519392
26121, 0.00519410
26122, 0.00519427
26123, 0.00519445
26124, 0.00519462
26125, 0.00519480
26126, 0.00519497
26127, 0.00519515
26128, 0.00519532
26129, 0.00519550
26130, 0.00519567
26131, 0.00519585
26132, 0.00519602
26133, 0.00519620
26134, 0.00519637
26135, 0.00519655
26136, 0.00519673
26137, 0.00519690
26138, 0.00519707
26139, 0.00519724
26140, 0.00519742
26141, 0.00519759
26142, 0.00519777
26143, 0.00519795
26144, 0.00519812
26145, 0.00519829
26146, 0.00519847
26147, 0.00519864
26148, 0.00519881
26149, 0.00519899
26150, 0.00519916
26151, 0.00519934
26152, 0.00519951
26153, 0.00519968
26154, 0.00519986
26155, 0.00520003
26156, 0.00520021
26157, 0.00520038
26158, 0.00520056
26159, 0.00520073
26160, 0.00520091
26161, 0.00520109
26162, 0.00520126
26163, 0.00520143
26164, 0.00520161
26165, 0.00520178
26166, 0.00520196
26167, 0.00520213
26168, 0.00520231
26169, 0.00520248
26170, 0.00520265
26171, 0.00520283
26172, 0.00520300
26173, 0.00520318
26174, 0.00520335
26175, 0.00520353
26176, 0.00520370
26177, 0.00520389
26178, 0.00520406
26179, 0.00520423
26180, 0.00520441
26181, 0.00520458
26182, 0.00520475
26183, 0.00520493
26184, 0.00520511
26185, 0.00520528
26186, 0.00520546
26187, 0.00520563
26188, 0.00520580
26189, 0.00520598
26190, 0.00520615
26191, 0.00520633
26192, 0.00520650
26193, 0.00520668
26194, 0.00520685
26195, 0.00520702
26196, 0.00520720
26197, 0.00520737
26198, 0.00520754
26199, 0.00520772
26200, 0.00520789
26201, 0.00520806
26202, 0.00520824
26203, 0.00520841
26204, 0.00520859
26205, 0.00520876
26206, 0.00520893
26207, 0.00520911
26208, 0.00520928
26209, 0.00520945
26210, 0.00520963
26211, 0.00520980
26212, 0.00520999
26213, 0.00521215
26214, 0.00521236
26215, 0.00521254
26216, 0.00521272
26217, 0.00521289
26218, 0.00521307
26219, 0.00521324
26220, 0.00521342
26221, 0.00521359
26222, 0.00521377
26223, 0.00521396
26224, 0.00521413
26225, 0.00521431
26226, 0.00521449
26227, 0.00521467
26228, 0.00521484
26229, 0.00521501
26230, 0.00521519
26231, 0.00521537
26232, 0.00521554
26233, 0.00521572
26234, 0.00521589
26235, 0.00521607
26236, 0.00521625
26237, 0.00521642
26238, 0.00521660
26239, 0.00521677
26240, 0.00521695
26241, 0.00521713
26242, 0.00521731
26243, 0.00521748
26244, 0.00521766
26245, 0.00521783
26246, 0.00521801
26247, 0.00521818
26248, 0.00521836
26249, 0.00521853
26250, 0.00521870
26251, 0.00521888
26252, 0.00521906
26253, 0.00521923
26254, 0.00521941
26255, 0.00521958
26256, 0.00521976
26257, 0.00521993
26258, 0.00522011
26259, 0.00522029
26260, 0.00522046
26261, 0.00522064
26262, 0.00522082
26263, 0.00522099
26264, 0.00522117
26265, 0.00522134
26266, 0.00522152
26267, 0.00522169
26268, 0.00522187
26269, 0.00522204
26270, 0.00522222
26271, 0.00522239
26272, 0.00522256
26273, 0.00522274
26274, 0.00522292
26275, 0.00522309
26276, 0.00522327
26277, 0.00522344
26278, 0.00522362
26279, 0.00522379
26280, 0.00522396
26281, 0.00522413
26282, 0.00522431
26283, 0.00522449
26284, 0.00522466
26285, 0.00522484
26286, 0.00522501
26287, 0.00522519
26288, 0.00522536
26289, 0.00522554
26290, 0.00522571
26291, 0.00522588
26292, 0.00522606
26293, 0.00522623
26294, 0.00522641
26295, 0.00522658
26296, 0.00522676
26297, 0.00522693
26298, 0.00522710
26299, 0.00522727
26300, 0.00522745
26301, 0.00522762
26302, 0.00522780
26303, 0.00522797
26304, 0.00522815
26305, 0.00522832
26306, 0.00522850
26307, 0.00522867
26308, 0.00522885
26309, 0.00522902
26310, 0.00522919
26311, 0.00522937
26312, 0.00522954
26313, 0.00522971
26314, 0.00522989
26315, 0.00523006
26316, 0.00523024
26317, 0.00523041
26318, 0.00523058
26319, 0.00523076
26320, 0.00523093
26321, 0.00523110
26322, 0.00523128
26323, 0.00523145
26324, 0.00523163
26325, 0.00523180
26326, 0.00523197
26327, 0.00523215
26328, 0.00523232
26329, 0.00523249
26330, 0.00523267
26331, 0.00523284
26332, 0.00523302
26333, 0.00523319
26334, 0.00523337
26335, 0.00523354
26336, 0.00523372
26337, 0.00523389
26338, 0.00523408
26339, 0.00523617
26340, 0.00523637
26341, 0.00523655
26342, 0.00523672
26343, 0.00523690
26344, 0.00523707
26345, 0.00523725
26346, 0.00523742
26347, 0.00523759
26348, 0.00523777
26349, 0.00523794
26350, 0.00523812
26351, 0.00523829
26352, 0.00523847
26353, 0.00523865
26354, 0.00523882
26355, 0.00523899
26356, 0.00523917
26357, 0.00523934
26358, 0.00523958
26359, 0.00523976
26360, 0.00523993
26361, 0.00524010
26362, 0.00524028
26363, 0.00524045
26364, 0.00524063
26365, 0.00524080
26366, 0.00524098
26367, 0.00524115
26368, 0.00524133
26369, 0.00524150
26370, 0.00524167
26371, 0.00524185
26372, 0.00524203
26373, 0.00524220
26374, 0.00524238
26375, 0.00524255
26376, 0.00524273
26377, 0.00524290
26378, 0.00524308
26379, 0.00524326
26380, 0.00524343
26381, 0.00524361
26382, 0.00524378
26383, 0.00524396
26384, 0.00524413
26385, 0.00524431
26386, 0.00524448
26387, 0.00524466
26388, 0.00524484
26389, 0.00524501
26390, 0.00524518
26391, 0.00524536
26392, 0.00524553
26393, 0.00524571
26394, 0.00524588
26395, 0.00524606
26396, 0.00524623
26397, 0.00524641
26398, 0.00524658
26399, 0.00524676
26400, 0.00524693
26401, 0.00524711
26402, 0.00524728
26403, 0.00524746
26404, 0.00524763
26405, 0.00524781
26406, 0.00524798
26407, 0.00524815
26408, 0.00524833
26409, 0.00524850
26410, 0.00524867
26411, 0.00524884
26412, 0.00524902
26413, 0.00524919
26414, 0.00524937
26415, 0.00524954
26416, 0.00524972
26417, 0.00524989
26418, 0.00525006
26419, 0.00525024
26420, 0.00525042
26421, 0.00525060
26422, 0.00525077
26423, 0.00525095
26424, 0.00525112
26425, 0.00525130
26426, 0.00525148
26427, 0.00525165
26428, 0.00525183
26429, 0.00525202
26430, 0.00525219
26431, 0.00525237
26432, 0.00525254
26433, 0.00525272
26434, 0.00525289
26435, 0.00525307
26436, 0.00525326
26437, 0.00525343
26438, 0.00525361
26439, 0.00525378
26440, 0.00525396
26441, 0.00525413
26442, 0.00525431
26443, 0.00525449
26444, 0.00525466
26445, 0.00525484
26446, 0.00525501
26447, 0.00525519
26448, 0.00525536
26449, 0.00525554
26450, 0.00525572
26451, 0.00525589
26452, 0.00525607
26453, 0.00525625
26454, 0.00525642
26455, 0.00525660
26456, 0.00525677
26457, 0.00525695
26458, 0.00525713
26459, 0.00525730
26460, 0.00525747
26461, 0.00525765
26462, 0.00525783
26463, 0.00525800
26464, 0.00525819
26465, 0.00526031
26466, 0.00526051
26467, 0.00526070
26468, 0.00526088
26469, 0.00526106
26470, 0.00526124
26471, 0.00526141
26472, 0.00526159
26473, 0.00526176
26474, 0.00526193
26475, 0.00526211
26476, 0.00526228
26477, 0.00526245
26478, 0.00526264
26479, 0.00526282
26480, 0.00526300
26481, 0.00526317
26482, 0.00526335
26483, 0.00526352
26484, 0.00526370
26485, 0.00526387
26486, 0.00526405
26487, 0.00526422
26488, 0.00526440
26489, 0.00526458
26490, 0.00526475
26491, 0.00526493
26492, 0.00526510
26493, 0.00526528
26494, 0.00526547
26495, 0.00526564
26496, 0.00526581
26497, 0.00526599
26498, 0.00526616
26499, 0.00526634
26500, 0.00526652
26501, 0.00526669
26502, 0.00526687
26503, 0.00526704
26504, 0.00526722
26505, 0.00526740
26506, 0.00526758
26507, 0.00526776
26508, 0.00526794
26509, 0.00526812
26510, 0.00526830
26511, 0.00526848
26512, 0.00526865
26513, 0.00526886
26514, 0.00526903
26515, 0.00526921
26516, 0.00526938
26517, 0.00526956
26518, 0.00526974
26519, 0.00526991
26520, 0.00527009
26521, 0.00527027
26522, 0.00527044
26523, 0.00527062
26524, 0.00527079
26525, 0.00527097
26526, 0.00527114
26527, 0.00527132
26528, 0.00527150
26529, 0.00527168
26530, 0.00527186
26531, 0.00527204
26532, 0.00527222
26533, 0.00527240
26534, 0.00527258
26535, 0.00527276
26536, 0.00527294
26537, 0.00527314
26538, 0.00527332
26539, 0.00527350
26540, 0.00527367
26541, 0.00527385
26542, 0.00527402
26543, 0.00527420
26544, 0.00527437
26545, 0.00527455
26546, 0.00527473
26547, 0.00527492
26548, 0.00527509
26549, 0.00527527
26550, 0.00527545
26551, 0.00527562
26552, 0.00527580
26553, 0.00527598
26554, 0.00527615
26555, 0.00527633
26556, 0.00527651
26557, 0.00527669
26558, 0.00527686
26559, 0.00527704
26560, 0.00527721
26561, 0.00527739
26562, 0.00527756
26563, 0.00527775
26564, 0.00527793
26565, 0.00527811
26566, 0.00527829
26567, 0.00527846
26568, 0.00527864
26569, 0.00527882
26570, 0.00527900
26571, 0.00527918
26572, 0.00527935
26573, 0.00527952
26574, 0.00527970
26575, 0.00527987
26576, 0.00528006
26577, 0.00528024
26578, 0.00528042
26579, 0.00528059
26580, 0.00528077
26581, 0.00528097
26582, 0.00528114
26583, 0.00528132
26584, 0.00528149
26585, 0.00528167
26586, 0.00528185
26587, 0.00528203
26588, 0.00528221
26589, 0.00528239
26590, 0.00528258
26591, 0.00528467
26592, 0.00528487
26593, 0.00528504
26594, 0.00528522
26595, 0.00528539
26596, 0.00528556
26597, 0.00528574
26598, 0.00528591
26599, 0.00528608
26600, 0.00528626
26601, 0.00528643
26602, 0.00528660
26603, 0.00528678
26604, 0.00528695
26605, 0.00528713
26606, 0.00528730
26607, 0.00528748
26608, 0.00528765
26609, 0.00528782
26610, 0.00528799
26611, 0.00528817
26612, 0.00528834
26613, 0.00528851
26614, 0.00528868
26615, 0.00528885
26616, 0.00528903
26617, 0.00528920
26618, 0.00528937
26619, 0.00528954
26620, 0.00528972
26621, 0.00528989
26622, 0.00529008
26623, 0.00529043
26624, 0.00529060
26625, 0.00529079
26626, 0.00529097
26627, 0.00529115
26628, 0.00529133
26629, 0.00529151
26630, 0.00529170
26631, 0.00529188
26632, 0.00529207
26633, 0.00529225
26634, 0.00529243
26635, 0.00529262
26636, 0.00529280
26637, 0.00529298
26638, 0.00529315
26639, 0.00529337
26640, 0.00529354
26641, 0.00529374
26642, 0.00529392
26643, 0.00529410
26644, 0.00529428
26645, 0.00529446
26646, 0.00529463
26647, 0.00529481
26648, 0.00529499
26649, 0.00529517
26650, 0.00529534
26651, 0.00529552
26652, 0.00529570
26653, 0.00529588
26654, 0.00529606
26655, 0.00529624
26656, 0.00529641
26657, 0.00529662
26658, 0.00529679
26659, 0.00529698
26660, 0.00529715
26661, 0.00529733
26662, 0.00529751
26663, 0.00529769
26664, 0.00529787
26665, 0.00529805
26666, 0.00529822
26667, 0.00529840
26668, 0.00529858
26669, 0.00529876
26670, 0.00529893
26671, 0.00529914
26672, 0.00529932
26673, 0.00529950
26674, 0.00529968
26675, 0.00529986
26676, 0.00530004
26677, 0.00530022
26678, 0.00530039
26679, 0.00530057
26680, 0.00530077
26681, 0.00530095
26682, 0.00530113
26683, 0.00530131
26684, 0.00530149
26685, 0.00530167
26686, 0.00530185
26687, 0.00530203
26688, 0.00530220
26689, 0.00530238
26690, 0.00530256
26691, 0.00530275
26692, 0.00530292
26693, 0.00530310
26694, 0.00530328
26695, 0.00530346
26696, 0.00530364
26697, 0.00530382
26698, 0.00530400
26699, 0.00530418
26700, 0.00530436
26701, 0.00530456
26702, 0.00530474
26703, 0.00530492
26704, 0.00530510
26705, 0.00530528
26706, 0.00530546
26707, 0.00530564
26708, 0.00530582
26709, 0.00530600
26710, 0.00530618
26711, 0.00530635
26712, 0.00530653
26713, 0.00530671
26714, 0.00530689
26715, 0.00530707
26716, 0.00530726
26717, 0.00530939
26718, 0.00530959
26719, 0.00530978
26720, 0.00530996
26721, 0.00531014
26722, 0.00531032
26723, 0.00531049
26724, 0.00531067
26725, 0.00531084
26726, 0.00531102
26727, 0.00531120
26728, 0.00531138
26729, 0.00531156
26730, 0.00531174
26731, 0.00531192
26732, 0.00531210
26733, 0.00531227
26734, 0.00531245
26735, 0.00531262
26736, 0.00531280
26737, 0.00531298
26738, 0.00531316
26739, 0.00531334
26740, 0.00531352
26741, 0.00531369
26742, 0.00531387
26743, 0.00531405
26744, 0.00531423
26745, 0.00531441
26746, 0.00531458
26747, 0.00531479
26748, 0.00531497
26749, 0.00531515
26750, 0.00531533
26751, 0.00531550
26752, 0.00531570
26753, 0.00531587
26754, 0.00531605
26755, 0.00531623
26756, 0.00531641
26757, 0.00531659
26758, 0.00531676
26759, 0.00531694
26760, 0.00531712
26761, 0.00531730
26762, 0.00531747
26763, 0.00531765
26764, 0.00531783
26765, 0.00531803
26766, 0.00531821
26767, 0.00531839
26768, 0.00531857
26769, 0.00531875
26770, 0.00531893
26771, 0.00531911
26772, 0.00531929
26773, 0.00531947
26774, 0.00531964
26775, 0.00531982
26776, 0.00532000
26777, 0.00532018
26778, 0.00532039
26779, 0.00532057
26780, 0.00532077
26781, 0.00532094
26782, 0.00532112
26783, 0.00532129
26784, 0.00532147
26785, 0.00532165
26786, 0.00532183
26787, 0.00532200
26788, 0.00532218
26789, 0.00532236
26790, 0.00532254
26791, 0.00532272
26792, 0.00532290
26793, 0.00532308
26794, 0.00532327
26795, 0.00532345
26796, 0.00532363
26797, 0.00532381
26798, 0.00532400
26799, 0.00532418
26800, 0.00532436
26801, 0.00532454
26802, 0.00532472
26803, 0.00532490
26804, 0.00532509
26805, 0.00532527
26806, 0.00532545
26807, 0.00532564
26808, 0.00532582
26809, 0.00532600
26810, 0.00532619
26811, 0.00532637
26812, 0.00532655
26813, 0.00532673
26814, 0.00532692
26815, 0.00532710
26816, 0.00532729
26817, 0.00532747
26818, 0.00532765
26819, 0.00532783
26820, 0.00532802
26821, 0.00532820
26822, 0.00532839
26823, 0.00532857
26824, 0.00532875
26825, 0.00532894
26826, 0.00532912
26827, 0.00532931
26828, 0.00532949
26829, 0.00532967
26830, 0.00532986
26831, 0.00533004
26832, 0.00533023
26833, 0.00533041
26834, 0.00533060
26835, 0.00533078
26836, 0.00533097
26837, 0.00533115
26838, 0.00533133
26839, 0.00533151
26840, 0.00533170
26841, 0.00533188
26842, 0.00533208
26843, 0.00533415
26844, 0.00533434
26845, 0.00533452
26846, 0.00533470
26847, 0.00533488
26848, 0.00533506
26849, 0.00533524
26850, 0.00533542
26851, 0.00533559
26852, 0.00533579
26853, 0.00533597
26854, 0.00533615
26855, 0.00533632
26856, 0.00533650
26857, 0.00533668
26858, 0.00533686
26859, 0.00533704
26860, 0.00533722
26861, 0.00533740
26862, 0.00533758
26863, 0.00533776
26864, 0.00533794
26865, 0.00533812
26866, 0.00533830
26867, 0.00533848
26868, 0.00533866
26869, 0.00533884
26870, 0.00533902
26871, 0.00533920
26872, 0.00533938
26873, 0.00533955
26874, 0.00533976
26875, 0.00533994
26876, 0.00534012
26877, 0.00534031
26878, 0.00534049
26879, 0.00534067
26880, 0.00534085
26881, 0.00534103
26882, 0.00534121
26883, 0.00534139
26884, 0.00534157
26885, 0.00534174
26886, 0.00534192
26887, 0.00534210
26888, 0.00534228
26889, 0.00534252
26890, 0.00534270
26891, 0.00534288
26892, 0.00534308
26893, 0.00534325
26894, 0.00534343
26895, 0.00534361
26896, 0.00534379
26897, 0.00534396
26898, 0.00534414
26899, 0.00534432
26900, 0.00534450
26901, 0.00534468
26902, 0.00534486
26903, 0.00534504
26904, 0.00534521
26905, 0.00534538
26906, 0.00534559
26907, 0.00534577
26908, 0.00534595
26909, 0.00534612
26910, 0.00534630
26911, 0.00534648
26912, 0.00534668
26913, 0.00534686
26914, 0.00534704
26915, 0.00534722
26916, 0.00534740
26917, 0.00534758
26918, 0.00534776
26919, 0.00534793
26920, 0.00534811
26921, 0.00534829
26922, 0.00534847
26923, 0.00534865
26924, 0.00534883
26925, 0.00534901
26926, 0.00534919
26927, 0.00534936
26928, 0.00534954
26929, 0.00534972
26930, 0.00534990
26931, 0.00535008
26932, 0.00535026
26933, 0.00535044
26934, 0.00535064
26935, 0.00535082
26936, 0.00535100
26937, 0.00535117
26938, 0.00535135
26939, 0.00535153
26940, 0.00535171
26941, 0.00535188
26942, 0.00535206
26943, 0.00535224
26944, 0.00535244
26945, 0.00535261
26946, 0.00535279
26947, 0.00535297
26948, 0.00535314
26949, 0.00535332
26950, 0.00535350
26951, 0.00535368
26952, 0.00535386
26953, 0.00535404
26954, 0.00535422
26955, 0.00535440
26956, 0.00535458
26957, 0.00535475
26958, 0.00535493
26959, 0.00535511
26960, 0.00535528
26961, 0.00535546
26962, 0.00535564
26963, 0.00535582
26964, 0.00535600
26965, 0.00535617
26966, 0.00535635
26967, 0.00535653
26968, 0.00535672
26969, 0.00535886
26970, 0.00535907
26971, 0.00535925
26972, 0.00535943
26973, 0.00535961
26974, 0.00535979
26975, 0.00535997
26976, 0.00536014
26977, 0.00536032
26978, 0.00536049
26979, 0.00536066
26980, 0.00536084
26981, 0.00536102
26982, 0.00536121
26983, 0.00536139
26984, 0.00536157
26985, 0.00536174
26986, 0.00536192
26987, 0.00536209
26988, 0.00536227
26989, 0.00536244
26990, 0.00536265
26991, 0.00536282
26992, 0.00536300
26993, 0.00536318
26994, 0.00536336
26995, 0.00536353
26996, 0.00536372
26997, 0.00536390
26998, 0.00536407
26999, 0.00536425
27000, 0.00536442
27001, 0.00536460
27002, 0.00536478
27003, 0.00536496
27004, 0.00536514
27005, 0.00536531
27006, 0.00536552
27007, 0.00536569
27008, 0.00536587
27009, 0.00536605
27010, 0.00536624
27011, 0.00536642
27012, 0.00536660
27013, 0.00536677
27014, 0.00536695
27015, 0.00536713
27016, 0.00536731
27017, 0.00536749
27018, 0.00536767
27019, 0.00536785
27020, 0.00536803
27021, 0.00536821
27022, 0.00536840
27023, 0.00536858
27024, 0.00536878
27025, 0.00536896
27026, 0.00536915
27027, 0.00536933
27028, 0.00536950
27029, 0.00536967
27030, 0.00536986
27031, 0.00537003
27032, 0.00537021
27033, 0.00537039
27034, 0.00537056
27035, 0.00537074
27036, 0.00537092
27037, 0.00537110
27038, 0.00537131
27039, 0.00537149
27040, 0.00537167
27041, 0.00537185
27042, 0.00537202
27043, 0.00537221
27044, 0.00537239
27045, 0.00537257
27046, 0.00537274
27047, 0.00537292
27048, 0.00537310
27049, 0.00537328
27050, 0.00537347
27051, 0.00537365
27052, 0.00537382
27053, 0.00537400
27054, 0.00537418
27055, 0.00537436
27056, 0.00537453
27057, 0.00537471
27058, 0.00537489
27059, 0.00537507
27060, 0.00537525
27061, 0.00537543
27062, 0.00537561
27063, 0.00537579
27064, 0.00537596
27065, 0.00537614
27066, 0.00537634
27067, 0.00537652
27068, 0.00537669
27069, 0.00537687
27070, 0.00537705
27071, 0.00537723
27072, 0.00537741
27073, 0.00537759
27074, 0.00537777
27075, 0.00537795
27076, 0.00537813
27077, 0.00537831
27078, 0.00537849
27079, 0.00537867
27080, 0.00537884
27081, 0.00537903
27082, 0.00537920
27083, 0.00537940
27084, 0.00537957
27085, 0.00537975
27086, 0.00537993
27087, 0.00538011
27088, 0.00538028
27089, 0.00538046
27090, 0.00538063
27091, 0.00538081
27092, 0.00538099
27093, 0.00538117
27094, 0.00538136
27095, 0.00538345
27096, 0.00538364
27097, 0.00538382
27098, 0.00538401
27099, 0.00538419
27100, 0.00538436
27101, 0.00538455
27102, 0.00538472
27103, 0.00538490
27104, 0.00538507
27105, 0.00538525
27106, 0.00538544
27107, 0.00538561
27108, 0.00538579
27109, 0.00538597
27110, 0.00538618
27111, 0.00538636
27112, 0.00538653
27113, 0.00538671
27114, 0.00538689
27115, 0.00538706
27116, 0.00538724
27117, 0.00538742
27118, 0.00538760
27119, 0.00538778
27120, 0.00538796
27121, 0.00538814
27122, 0.00538832
27123, 0.00538849
27124, 0.00538867
27125, 0.00538887
27126, 0.00538905
27127, 0.00538923
27128, 0.00538941
27129, 0.00538958
27130, 0.00538976
27131, 0.00538993
27132, 0.00539011
27133, 0.00539029
27134, 0.00539046
27135, 0.00539073
27136, 0.00539090
27137, 0.00539108
27138, 0.00539125
27139, 0.00539143
27140, 0.00539160
27141, 0.00539178
27142, 0.00539195
27143, 0.00539213
27144, 0.00539231
27145, 0.00539248
27146, 0.00539266
27147, 0.00539283
27148, 0.00539300
27149, 0.00539318
27150, 0.00539335
27151, 0.00539352
27152, 0.00539370
27153, 0.00539387
27154, 0.00539405
27155, 0.00539423
27156, 0.00539440
27157, 0.00539457
27158, 0.00539475
27159, 0.00539492
27160, 0.00539510
27161, 0.00539527
27162, 0.00539544
27163, 0.00539562
27164, 0.00539579
27165, 0.00539597
27166, 0.00539615
27167, 0.00539632
27168, 0.00539649
27169, 0.00539667
27170, 0.00539684
27171, 0.00539702
27172, 0.00539719
27173, 0.00539736
27174, 0.00539754
27175, 0.00539771
27176, 0.00539789
27177, 0.00539806
27178, 0.00539823
27179, 0.00539840
27180, 0.00539858
27181, 0.00539875
27182, 0.00539892
27183, 0.00539910
27184, 0.00539927
27185, 0.00539945
27186, 0.00539962
27187, 0.00539979
27188, 0.00539997
27189, 0.00540016
27190, 0.00540033
27191, 0.00540051
27192, 0.00540068
27193, 0.00540085
27194, 0.00540102
27195, 0.00540120
27196, 0.00540137
27197, 0.00540155
27198, 0.00540175
27199, 0.00540192
27200, 0.00540209
27201, 0.00540227
27202, 0.00540244
27203, 0.00540261
27204, 0.00540279
27205, 0.00540296
27206, 0.00540313
27207, 0.00540331
27208, 0.00540348
27209, 0.00540365
27210, 0.00540383
27211, 0.00540400
27212, 0.00540417
27213, 0.00540435
27214, 0.00540452
27215, 0.00540469
27216, 0.00540487
27217, 0.00540504
27218, 0.00540521
27219, 0.00540538
27220, 0.00540557
27221, 0.00540771
27222, 0.00540789
27223, 0.00540806
27224, 0.00540824
27225, 0.00540841
27226, 0.00540858
27227, 0.00540876
27228, 0.00540894
27229, 0.00540912
27230, 0.00540929
27231, 0.00540947
27232, 0.00540964
27233, 0.00540982
27234, 0.00541000
27235, 0.00541018
27236, 0.00541036
27237, 0.00541054
27238, 0.00541072
27239, 0.00541091
27240, 0.00541109
27241, 0.00541126
27242, 0.00541144
27243, 0.00541161
27244, 0.00541179
27245, 0.00541196
27246, 0.00541214
27247, 0.00541231
27248, 0.00541248
27249, 0.00541266
27250, 0.00541283
27251, 0.00541301
27252, 0.00541318
27253, 0.00541335
27254, 0.00541353
27255, 0.00541370
27256, 0.00541388
27257, 0.00541405
27258, 0.00541425
27259, 0.00541442
27260, 0.00541459
27261, 0.00541477
27262, 0.00541494
27263, 0.00541511
27264, 0.00541529
27265, 0.00541546
27266, 0.00541563
27267, 0.00541580
27268, 0.00541597
27269, 0.00541615
27270, 0.00541632
27271, 0.00541649
27272, 0.00541666
27273, 0.00541684
27274, 0.00541701
27275, 0.00541718
27276, 0.00541736
27277, 0.00541753
27278, 0.00541770
27279, 0.00541787
27280, 0.00541807
27281, 0.00541824
27282, 0.00541841
27283, 0.00541859
27284, 0.00541876
27285, 0.00541893
27286, 0.00541911
27287, 0.00541928
27288, 0.00541945
27289, 0.00541962
27290, 0.00541980
27291, 0.00541998
27292, 0.00542015
27293, 0.00542033
27294, 0.00542050
27295, 0.00542068
27296, 0.00542085
27297, 0.00542102
27298, 0.00542122
27299, 0.00542139
27300, 0.00542157
27301, 0.00542174
27302, 0.00542192
27303, 0.00542209
27304, 0.00542227
27305, 0.00542244
27306, 0.00542262
27307, 0.00542280
27308, 0.00542297
27309, 0.00542315
27310, 0.00542333
27311, 0.00542351
27312, 0.00542369
27313, 0.00542386
27314, 0.00542404
27315, 0.00542421
27316, 0.00542439
27317, 0.00542456
27318, 0.00542473
27319, 0.00542491
27320, 0.00542509
27321, 0.00542527
27322, 0.00542545
27323, 0.00542563
27324, 0.00542581
27325, 0.00542599
27326, 0.00542617
27327, 0.00542635
27328, 0.00542652
27329, 0.00542670
27330, 0.00542687
27331, 0.00542705
27332, 0.00542722
27333, 0.00542740
27334, 0.00542757
27335, 0.00542774
27336, 0.00542792
27337, 0.00542809
27338, 0.00542826
27339, 0.00542844
27340, 0.00542861
27341, 0.00542879
27342, 0.00542896
27343, 0.00542913
27344, 0.00542931
27345, 0.00542948
27346, 0.00542967
27347, 0.00543189
27348, 0.00543208
27349, 0.00543227
27350, 0.00543245
27351, 0.00543263
27352, 0.00543281
27353, 0.00543299
27354, 0.00543316
27355, 0.00543333
27356, 0.00543351
27357, 0.00543368
27358, 0.00543386
27359, 0.00543404
27360, 0.00543421
27361, 0.00543438
27362, 0.00543456
27363, 0.00543474
27364, 0.00543491
27365, 0.00543508
27366, 0.00543525
27367, 0.00543543
27368, 0.00543561
27369, 0.00543578
27370, 0.00543596
27371, 0.00543613
27372, 0.00543631
27373, 0.00543648
27374, 0.00543665
27375, 0.00543683
27376, 0.00543700
27377, 0.00543718
27378, 0.00543735
27379, 0.00543752
27380, 0.00543769
27381, 0.00543787
27382, 0.00543804
27383, 0.00543821
27384, 0.00543839
27385, 0.00543856
27386, 0.00543873
27387, 0.00543890
27388, 0.00543908
27389, 0.00543926
27390, 0.00543943
27391, 0.00543960
27392, 0.00543977
27393, 0.00543994
27394, 0.00544012
27395, 0.00544029
27396, 0.00544047
27397, 0.00544066
27398, 0.00544084
27399, 0.00544101
27400, 0.00544118
27401, 0.00544136
27402, 0.00544153
27403, 0.00544171
27404, 0.00544188
27405, 0.00544205
27406, 0.00544222
27407, 0.00544240
27408, 0.00544257
27409, 0.00544274
27410, 0.00544291
27411, 0.00544309
27412, 0.00544326
27413, 0.00544343
27414, 0.00544360
27415, 0.00544378
27416, 0.00544395
27417, 0.00544412
27418, 0.00544429
27419, 0.00544447
27420, 0.00544464
27421, 0.00544481
27422, 0.00544499
27423, 0.00544516
27424, 0.00544533
27425, 0.00544551
27426, 0.00544568
27427, 0.00544585
27428, 0.00544602
27429, 0.00544620
27430, 0.00544637
27431, 0.00544654
27432, 0.00544672
27433, 0.00544689
27434, 0.00544707
27435, 0.00544724
27436, 0.00544742
27437, 0.00544759
27438, 0.00544776
27439, 0.00544793
27440, 0.00544811
27441, 0.00544828
27442, 0.00544845
27443, 0.00544863
27444, 0.00544880
27445, 0.00544897
27446, 0.00544915
27447, 0.00544932
27448, 0.00544949
27449, 0.00544966
27450, 0.00544984
27451, 0.00545001
27452, 0.00545018
27453, 0.00545035
27454, 0.00545053
27455, 0.00545070
27456, 0.00545087
27457, 0.00545104
27458, 0.00545122
27459, 0.00545139
27460, 0.00545156
27461, 0.00545173
27462, 0.00545190
27463, 0.00545208
27464, 0.00545225
27465, 0.00545243
27466, 0.00545260
27467, 0.00545277
27468, 0.00545295
27469, 0.00545312
27470, 0.00545329
27471, 0.00545346
27472, 0.00545365
27473, 0.00545573
27474, 0.00545592
27475, 0.00545609
27476, 0.00545627
27477, 0.00545646
27478, 0.00545664
27479, 0.00545681
27480, 0.00545698
27481, 0.00545716
27482, 0.00545733
27483, 0.00545750
27484, 0.00545767
27485, 0.00545785
27486, 0.00545802
27487, 0.00545819
27488, 0.00545837
27489, 0.00545854
27490, 0.00545871
27491, 0.00545889
27492, 0.00545906
27493, 0.00545924
27494, 0.00545941
27495, 0.00545958
27496, 0.00545976
27497, 0.00545993
27498, 0.00546010
27499, 0.00546027
27500, 0.00546045
27501, 0.00546062
27502, 0.00546080
27503, 0.00546097
27504, 0.00546115
27505, 0.00546132
27506, 0.00546150
27507, 0.00546167
27508, 0.00546185
27509, 0.00546202
27510, 0.00546220
27511, 0.00546237
27512, 0.00546255
27513, 0.00546272
27514, 0.00546289
27515, 0.00546307
27516, 0.00546324
27517, 0.00546341
27518, 0.00546359
27519, 0.00546377
27520, 0.00546394
27521, 0.00546412
27522, 0.00546429
27523, 0.00546446
27524, 0.00546463
27525, 0.00546481
27526, 0.00546498
27527, 0.00546515
27528, 0.00546532
27529, 0.00546550
27530, 0.00546567
27531, 0.00546584
27532, 0.00546601
27533, 0.00546619
27534, 0.00546636
27535, 0.00546653
27536, 0.00546670
27537, 0.00546687
27538, 0.00546704
27539, 0.00546722
27540, 0.00546739
27541, 0.00546756
27542, 0.00546773
27543, 0.00546790
27544, 0.00546807
27545, 0.00546826
27546, 0.00546843
27547, 0.00546860
27548, 0.00546877
27549, 0.00546894
27550, 0.00546911
27551, 0.00546928
27552, 0.00546946
27553, 0.00546963
27554, 0.00546980
27555, 0.00546997
27556, 0.00547014
27557, 0.00547032
27558, 0.00547050
27559, 0.00547068
27560, 0.00547086
27561, 0.00547106
27562, 0.00547124
27563, 0.00547142
27564, 0.00547159
27565, 0.00547176
27566, 0.00547194
27567, 0.00547211
27568, 0.00547229
27569, 0.00547246
27570, 0.00547267
27571, 0.00547284
27572, 0.00547301
27573, 0.00547319
27574, 0.00547336
27575, 0.00547353
27576, 0.00547371
27577, 0.00547388
27578, 0.00547405
27579, 0.00547423
27580, 0.00547440
27581, 0.00547457
27582, 0.00547475
27583, 0.00547494
27584, 0.00547511
27585, 0.00547529
27586, 0.00547547
27587, 0.00547564
27588, 0.00547581
27589, 0.00547598
27590, 0.00547616
27591, 0.00547633
27592, 0.00547651
27593, 0.00547668
27594, 0.00547685
27595, 0.00547702
27596, 0.00547719
27597, 0.00547737
27598, 0.00547755
27599, 0.00547963
27600, 0.00547983
27601, 0.00548001
27602, 0.00548019
27603, 0.00548036
27604, 0.00548054
27605, 0.00548071
27606, 0.00548089
27607, 0.00548106
27608, 0.00548124
27609, 0.00548141
27610, 0.00548159
27611, 0.00548177
27612, 0.00548194
27613, 0.00548212
27614, 0.00548229
27615, 0.00548247
27616, 0.00548264
27617, 0.00548282
27618, 0.00548299
27619, 0.00548317
27620, 0.00548334
27621, 0.00548352
27622, 0.00548370
27623, 0.00548387
27624, 0.00548405
27625, 0.00548422
27626, 0.00548439
27627, 0.00548457
27628, 0.00548474
27629, 0.00548491
27630, 0.00548509
27631, 0.00548526
27632, 0.00548543
27633, 0.00548560
27634, 0.00548578
27635, 0.00548595
27636, 0.00548612
27637, 0.00548630
27638, 0.00548647
27639, 0.00548664
27640, 0.00548681
27641, 0.00548699
27642, 0.00548716
27643, 0.00548733
27644, 0.00548751
27645, 0.00548768
27646, 0.00548785
27647, 0.00548813
27648, 0.00548830
27649, 0.00548847
27650, 0.00548865
27651, 0.00548882
27652, 0.00548899
27653, 0.00548916
27654, 0.00548934
27655, 0.00548951
27656, 0.00548968
27657, 0.00548985
27658, 0.00549002
27659, 0.00549020
27660, 0.00549037
27661, 0.00549054
27662, 0.00549072
27663, 0.00549089
27664, 0.00549106
27665, 0.00549123
27666, 0.00549141
27667, 0.00549158
27668, 0.00549176
27669, 0.00549193
27670, 0.00549210
27671, 0.00549227
27672, 0.00549244
27673, 0.00549262
27674, 0.00549279
27675, 0.00549296
27676, 0.00549313
27677, 0.00549331
27678, 0.00549348
27679, 0.00549366
27680, 0.00549383
27681, 0.00549401
27682, 0.00549419
27683, 0.00549436
27684, 0.00549454
27685, 0.00549471
27686, 0.00549489
27687, 0.00549506
27688, 0.00549523
27689, 0.00549540
27690, 0.00549558
27691, 0.00549580
27692, 0.00549597
27693, 0.00549615
27694, 0.00549632
27695, 0.00549649
27696, 0.00549666
27697, 0.00549684
27698, 0.00549701
27699, 0.00549718
27700, 0.00549736
27701, 0.00549753
27702, 0.00549770
27703, 0.00549787
27704, 0.00549805
27705, 0.00549821
27706, 0.00549839
27707, 0.00549856
27708, 0.00549873
27709, 0.00549890
27710, 0.00549908
27711, 0.00549925
27712, 0.00549943
27713, 0.00549960
27714, 0.00549977
27715, 0.00549995
27716, 0.00550012
27717, 0.00550029
27718, 0.00550047
27719, 0.00550064
27720, 0.00550081
27721, 0.00550099
27722, 0.00550116
27723, 0.00550133
27724, 0.00550152
27725, 0.00550367
27726, 0.00550387
27727, 0.00550404
27728, 0.00550422
27729, 0.00550439
27730, 0.00550456
27731, 0.00550474
27732, 0.00550491
27733, 0.00550508
27734, 0.00550525
27735, 0.00550543
27736, 0.00550561
27737, 0.00550578
27738, 0.00550595
27739, 0.00550612
27740, 0.00550630
27741, 0.00550647
27742, 0.00550664
27743, 0.00550682
27744, 0.00550699
27745, 0.00550717
27746, 0.00550734
27747, 0.00550751
27748, 0.00550769
27749, 0.00550786
27750, 0.00550803
27751, 0.00550821
27752, 0.00550838
27753, 0.00550855
27754, 0.00550873
27755, 0.00550890
27756, 0.00550907
27757, 0.00550924
27758, 0.00550941
27759, 0.00550959
27760, 0.00550976
27761, 0.00550993
27762, 0.00551011
27763, 0.00551028
27764, 0.00551045
27765, 0.00551062
27766, 0.00551080
27767, 0.00551097
27768, 0.00551114
27769, 0.00551131
27770, 0.00551149
27771, 0.00551166
27772, 0.00551183
27773, 0.00551201
27774, 0.00551219
27775, 0.00551236
27776, 0.00551253
27777, 0.00551271
27778, 0.00551288
27779, 0.00551305
27780, 0.00551322
27781, 0.00551340
27782, 0.00551357
27783, 0.00551374
27784, 0.00551391
27785, 0.00551409
27786, 0.00551426
27787, 0.00551444
27788, 0.00551461
27789, 0.00551479
27790, 0.00551496
27791, 0.00551513
27792, 0.00551530
27793, 0.00551548
27794, 0.00551565
27795, 0.00551582
27796, 0.00551599
27797, 0.00551617
27798, 0.00551635
27799, 0.00551652
27800, 0.00551670
27801, 0.00551688
27802, 0.00551706
27803, 0.00551724
27804, 0.00551743
27805, 0.00551760
27806, 0.00551778
27807, 0.00551795
27808, 0.00551813
27809, 0.00551830
27810, 0.00551848
27811, 0.00551865
27812, 0.00551883
27813, 0.00551901
27814, 0.00551918
27815, 0.00551937
27816, 0.00551955
27817, 0.00551972
27818, 0.00551990
27819, 0.00552007
27820, 0.00552024
27821, 0.00552042
27822, 0.00552059
27823, 0.00552077
27824, 0.00552094
27825, 0.00552112
27826, 0.00552129
27827, 0.00552147
27828, 0.00552164
27829, 0.00552181
27830, 0.00552199
27831, 0.00552216
27832, 0.00552234
27833, 0.00552251
27834, 0.00552269
27835, 0.00552286
27836, 0.00552303
27837, 0.00552321
27838, 0.00552340
27839, 0.00552358
27840, 0.00552376
27841, 0.00552394
27842, 0.00552412
27843, 0.00552430
27844, 0.00552447
27845, 0.00552465
27846, 0.00552482
27847, 0.00552499
27848, 0.00552517
27849, 0.00552535
27850, 0.00552553
27851, 0.00552762
27852, 0.00552782
27853, 0.00552801
27854, 0.00552819
27855, 0.00552837
27856, 0.00552855
27857, 0.00552873
27858, 0.00552892
27859, 0.00552909
27860, 0.00552927
27861, 0.00552944
27862, 0.00552961
27863, 0.00552979
27864, 0.00552996
27865, 0.00553014
27866, 0.00553031
27867, 0.00553048
27868, 0.00553066
27869, 0.00553084
27870, 0.00553101
27871, 0.00553119
27872, 0.00553136
27873, 0.00553153
27874, 0.00553171
27875, 0.00553188
27876, 0.00553205
27877, 0.00553223
27878, 0.00553241
27879, 0.00553258
27880, 0.00553276
27881, 0.00553293
27882, 0.00553311
27883, 0.00553328
27884, 0.00553345
27885, 0.00553363
27886, 0.00553380
27887, 0.00553398
27888, 0.00553415
27889, 0.00553432
27890, 0.00553450
27891, 0.00553467
27892, 0.00553485
27893, 0.00553502
27894, 0.00553519
27895, 0.00553537
27896, 0.00553555
27897, 0.00553572
27898, 0.00553589
27899, 0.00553607
27900, 0.00553625
27901, 0.00553642
27902, 0.00553659
27903, 0.00553677
27904, 0.00553694
27905, 0.00553712
27906, 0.00553730
27907, 0.00553748
27908, 0.00553772
27909, 0.00553790
27910, 0.00553808
27911, 0.00553826
27912, 0.00553844
27913, 0.00553862
27914, 0.00553880
27915, 0.00553897
27916, 0.00553914
27917, 0.00553932
27918, 0.00553949
27919, 0.00553967
27920, 0.00553984
27921, 0.00554003
27922, 0.00554020
27923, 0.00554038
27924, 0.00554055
27925, 0.00554073
27926, 0.00554090
27927, 0.00554108
27928, 0.00554125
27929, 0.00554142
27930, 0.00554160
27931, 0.00554177
27932, 0.00554194
27933, 0.00554212
27934, 0.00554229
27935, 0.00554247
27936, 0.00554264
27937, 0.00554281
27938, 0.00554298
27939, 0.00554316
27940, 0.00554333
27941, 0.00554350
27942, 0.00554368
27943, 0.00554386
27944, 0.00554404
27945, 0.00554422
27946, 0.00554439
27947, 0.00554456
27948, 0.00554474
27949, 0.00554491
27950, 0.00554509
27951, 0.00554526
27952, 0.00554543
27953, 0.00554560
27954, 0.00554577
27955, 0.00554595
27956, 0.00554612
27957, 0.00554630
27958, 0.00554647
27959, 0.00554665
27960, 0.00554682
27961, 0.00554699
27962, 0.00554717
27963, 0.00554734
27964, 0.00554752
27965, 0.00554769
27966, 0.00554786
27967, 0.00554804
27968, 0.00554821
27969, 0.00554838
27970, 0.00554856
27971, 0.00554873
27972, 0.00554890
27973, 0.00554908
27974, 0.00554925
27975, 0.00554943
27976, 0.00554963
27977, 0.00555173
27978, 0.00555193
27979, 0.00555211
27980, 0.00555229
27981, 0.00555246
27982, 0.00555264
27983, 0.00555282
27984, 0.00555299
27985, 0.00555318
27986, 0.00555336
27987, 0.00555360
27988, 0.00555378
27989, 0.00555396
27990, 0.00555414
27991, 0.00555432
27992, 0.00555450
27993, 0.00555468
27994, 0.00555486
27995, 0.00555504
27996, 0.00555522
27997, 0.00555540
27998, 0.00555557
27999, 0.00555574
28000, 0.00555591
28001, 0.00555609
28002, 0.00555627
28003, 0.00555644
28004, 0.00555661
28005, 0.00555679
28006, 0.00555696
28007, 0.00555713
28008, 0.00555730
28009, 0.00555748
28010, 0.00555765
28011, 0.00555783
28012, 0.00555800
28013, 0.00555817
28014, 0.00555836
28015, 0.00555853
28016, 0.00555870
28017, 0.00555888
28018, 0.00555905
28019, 0.00555922
28020, 0.00555939
28021, 0.00555956
28022, 0.00555974
28023, 0.00555991
28024, 0.00556008
28025, 0.00556026
28026, 0.00556043
28027, 0.00556060
28028, 0.00556078
28029, 0.00556095
28030, 0.00556112
28031, 0.00556130
28032, 0.00556147
28033, 0.00556164
28034, 0.00556182
28035, 0.00556199
28036, 0.00556216
28037, 0.00556234
28038, 0.00556251
28039, 0.00556268
28040, 0.00556286
28041, 0.00556303
28042, 0.00556320
28043, 0.00556338
28044, 0.00556355
28045, 0.00556373
28046, 0.00556390
28047, 0.00556407
28048, 0.00556425
28049, 0.00556442
28050, 0.00556460
28051, 0.00556477
28052, 0.00556494
28053, 0.00556512
28054, 0.00556529
28055, 0.00556547
28056, 0.00556564
28057, 0.00556581
28058, 0.00556599
28059, 0.00556616
28060, 0.00556634
28061, 0.00556652
28062, 0.00556669
28063, 0.00556687
28064, 0.00556704
28065, 0.00556722
28066, 0.00556739
28067, 0.00556756
28068, 0.00556773
28069, 0.00556790
28070, 0.00556808
28071, 0.00556825
28072, 0.00556843
28073, 0.00556860
28074, 0.00556878
28075, 0.00556895
28076, 0.00556913
28077, 0.00556930
28078, 0.00556948
28079, 0.00556965
28080, 0.00556983
28081, 0.00557000
28082, 0.00557017
28083, 0.00557035
28084, 0.00557052
28085, 0.00557070
28086, 0.00557087
28087, 0.00557105
28088, 0.00557122
28089, 0.00557140
28090, 0.00557157
28091, 0.00557175
28092, 0.00557192
28093, 0.00557209
28094, 0.00557227
28095, 0.00557245
28096, 0.00557262
28097, 0.00557279
28098, 0.00557297
28099, 0.00557315
28100, 0.00557332
28101, 0.00557349
28102, 0.00557368
28103, 0.00557576
28104, 0.00557597
28105, 0.00557615
28106, 0.00557633
28107, 0.00557650
28108, 0.00557668
28109, 0.00557685
28110, 0.00557702
28111, 0.00557720
28112, 0.00557738
28113, 0.00557755
28114, 0.00557772
28115, 0.00557798
28116, 0.00557817
28117, 0.00557834
28118, 0.00557852
28119, 0.00557869
28120, 0.00557886
28121, 0.00557903
28122, 0.00557921
28123, 0.00557938
28124, 0.00557956
28125, 0.00557973
28126, 0.00557990
28127, 0.00558007
28128, 0.00558025
28129, 0.00558042
28130, 0.00558059
28131, 0.00558077
28132, 0.00558094
28133, 0.00558111
28134, 0.00558129
28135, 0.00558146
28136, 0.00558163
28137, 0.00558180
28138, 0.00558197
28139, 0.00558214
28140, 0.00558232
28141, 0.00558249
28142, 0.00558266
28143, 0.00558283
28144, 0.00558300
28145, 0.00558317
28146, 0.00558334
28147, 0.00558352
28148, 0.00558369
28149, 0.00558386
28150, 0.00558404
28151, 0.00558421
28152, 0.00558438
28153, 0.00558455
28154, 0.00558472
28155, 0.00558490
28156, 0.00558507
28157, 0.00558524
28158, 0.00558541
28159, 0.00558568
28160, 0.00558586
28161, 0.00558603
28162, 0.00558621
28163, 0.00558638
28164, 0.00558655
28165, 0.00558673
28166, 0.00558690
28167, 0.00558708
28168, 0.00558725
28169, 0.00558742
28170, 0.00558759
28171, 0.00558777
28172, 0.00558795
28173, 0.00558812
28174, 0.00558830
28175, 0.00558847
28176, 0.00558865
28177, 0.00558882
28178, 0.00558900
28179, 0.00558917
28180, 0.00558934
28181, 0.00558951
28182, 0.00558968
28183, 0.00558985
28184, 0.00559002
28185, 0.00559020
28186, 0.00559037
28187, 0.00559055
28188, 0.00559072
28189, 0.00559090
28190, 0.00559107
28191, 0.00559125
28192, 0.00559142
28193, 0.00559159
28194, 0.00559176
28195, 0.00559197
28196, 0.00559214
28197, 0.00559232
28198, 0.00559249
28199, 0.00559266
28200, 0.00559284
28201, 0.00559301
28202, 0.00559319
28203, 0.00559336
28204, 0.00559353
28205, 0.00559371
28206, 0.00559389
28207, 0.00559407
28208, 0.00559424
28209, 0.00559442
28210, 0.00559460
28211, 0.00559478
28212, 0.00559496
28213, 0.00559514
28214, 0.00559532
28215, 0.00559549
28216, 0.00559567
28217, 0.00559584
28218, 0.00559601
28219, 0.00559618
28220, 0.00559636
28221, 0.00559653
28222, 0.00559671
28223, 0.00559688
28224, 0.00559705
28225, 0.00559723
28226, 0.00559740
28227, 0.00559757
28228, 0.00559776
28229, 0.00560299
28230, 0.00560319
28231, 0.00560338
28232, 0.00560356
28233, 0.00560373
28234, 0.00560391
28235, 0.00560409
28236, 0.00560426
28237, 0.00560444
28238, 0.00560462
28239, 0.00560482
28240, 0.00560499
28241, 0.00560517
28242, 0.00560534
28243, 0.00560551
28244, 0.00560568
28245, 0.00560586
28246, 0.00560603
28247, 0.00560621
28248, 0.00560638
28249, 0.00560655
28250, 0.00560673
28251, 0.00560691
28252, 0.00560708
28253, 0.00560726
28254, 0.00560743
28255, 0.00560761
28256, 0.00560778
28257, 0.00560795
28258, 0.00560812
28259, 0.00560830
28260, 0.00560847
28261, 0.00560865
28262, 0.00560882
28263, 0.00560900
28264, 0.00560917
28265, 0.00560935
28266, 0.00560952
28267, 0.00560969
28268, 0.00560987
28269, 0.00561004
28270, 0.00561021
28271, 0.00561039
28272, 0.00561056
28273, 0.00561073
28274, 0.00561091
28275, 0.00561108
28276, 0.00561126
28277, 0.00561143
28278, 0.00561160
28279, 0.00561177
28280, 0.00561195
28281, 0.00561212
28282, 0.00561229
28283, 0.00561246
28284, 0.00561264
28285, 0.00561281
28286, 0.00561299
28287, 0.00561316
28288, 0.00561336
28289, 0.00561353
28290, 0.00561370
28291, 0.00561388
28292, 0.00561405
28293, 0.00561423
28294, 0.00561440
28295, 0.00561458
28296, 0.00561475
28297, 0.00561492
28298, 0.00561510
28299, 0.00561527
28300, 0.00561544
28301, 0.00561562
28302, 0.00561579
28303, 0.00561597
28304, 0.00561614
28305, 0.00561631
28306, 0.00561648
28307, 0.00561665
28308, 0.00561683
28309, 0.00561702
28310, 0.00561719
28311, 0.00561737
28312, 0.00561754
28313, 0.00561771
28314, 0.00561789
28315, 0.00561806
28316, 0.00561823
28317, 0.00561841
28318, 0.00561858
28319, 0.00561876
28320, 0.00561893
28321, 0.00561911
28322, 0.00561928
28323, 0.00561945
28324, 0.00561963
28325, 0.00561980
28326, 0.00561997
28327, 0.00562015
28328, 0.00562032
28329, 0.00562049
28330, 0.00562067
28331, 0.00562084
28332, 0.00562102
28333, 0.00562119
28334, 0.00562137
28335, 0.00562154
28336, 0.00562171
28337, 0.00562189
28338, 0.00562206
28339, 0.00562224
28340, 0.00562241
28341, 0.00562258
28342, 0.00562275
28343, 0.00562292
28344, 0.00562310
28345, 0.00562327
28346, 0.00562344
28347, 0.00562362
28348, 0.00562380
28349, 0.00562397
28350, 0.00562414
28351, 0.00562432
28352, 0.00562449
28353, 0.00562467
28354, 0.00562485
28355, 0.00562692
28356, 0.00562713
28357, 0.00562731
28358, 0.00562749
28359, 0.00562766
28360, 0.00562784
28361, 0.00562801
28362, 0.00562818
28363, 0.00562836
28364, 0.00562853
28365, 0.00562870
28366, 0.00562888
28367, 0.00562905
28368, 0.00562923
28369, 0.00562940
28370, 0.00562958
28371, 0.00562975
28372, 0.00562992
28373, 0.00563010
28374, 0.00563027
28375, 0.00563044
28376, 0.00563062
28377, 0.00563079
28378, 0.00563097
28379, 0.00563115
28380, 0.00563132
28381, 0.00563150
28382, 0.00563167
28383, 0.00563185
28384, 0.00563203
28385, 0.00563221
28386, 0.00563238
28387, 0.00563256
28388, 0.00563273
28389, 0.00563291
28390, 0.00563308
28391, 0.00563326
28392, 0.00563343
28393, 0.00563360
28394, 0.00563378
28395, 0.00563395
28396, 0.00563413
28397, 0.00563430
28398, 0.00563448
28399, 0.00563465
28400, 0.00563482
28401, 0.00563499
28402, 0.00563517
28403, 0.00563534
28404, 0.00563551
28405, 0.00563568
28406, 0.00563586
28407, 0.00563603
28408, 0.00563620
28409, 0.00563637
28410, 0.00563654
28411, 0.00563672
28412, 0.00563689
28413, 0.00563706
28414, 0.00563724
28415, 0.00563741
28416, 0.00563758
28417, 0.00563776
28418, 0.00563794
28419, 0.00563811
28420, 0.00563828
28421, 0.00563845
28422, 0.00563863
28423, 0.00563880
28424, 0.00563897
28425, 0.00563914
28426, 0.00563932
28427, 0.00563950
28428, 0.00563967
28429, 0.00563985
28430, 0.00564002
28431, 0.00564019
28432, 0.00564037
28433, 0.00564054
28434, 0.00564071
28435, 0.00564089
28436, 0.00564106
28437, 0.00564123
28438, 0.00564141
28439, 0.00564158
28440, 0.00564175
28441, 0.00564193
28442, 0.00564210
28443, 0.00564227
28444, 0.00564244
28445, 0.00564262
28446, 0.00564280
28447, 0.00564297
28448, 0.00564314
28449, 0.00564332
28450, 0.00564349
28451, 0.00564367
28452, 0.00564384
28453, 0.00564401
28454, 0.00564419
28455, 0.00564436
28456, 0.00564453
28457, 0.00564471
28458, 0.00564488
28459, 0.00564505
28460, 0.00564523
28461, 0.00564540
28462, 0.00564558
28463, 0.00564575
28464, 0.00564592
28465, 0.00564609
28466, 0.00564626
28467, 0.00564644
28468, 0.00564661
28469, 0.00564678
28470, 0.00564696
28471, 0.00564714
28472, 0.00564731
28473, 0.00564748
28474, 0.00564766
28475, 0.00564783
28476, 0.00564801
28477, 0.00564818
28478, 0.00564836
28479, 0.00564853
28480, 0.00564872
28481, 0.00565085
28482, 0.00565105
28483, 0.00565123
28484, 0.00565142
28485, 0.00565160
28486, 0.00565178
28487, 0.00565196
28488, 0.00565214
28489, 0.00565231
28490, 0.00565248
28491, 0.00565266
28492, 0.00565284
28493, 0.00565301
28494, 0.00565319
28495, 0.00565336
28496, 0.00565354
28497, 0.00565372
28498, 0.00565390
28499, 0.00565408
28500, 0.00565425
28501, 0.00565443
28502, 0.00565461
28503, 0.00565478
28504, 0.00565496
28505, 0.00565514
28506, 0.00565531
28507, 0.00565548
28508, 0.00565566
28509, 0.00565584
28510, 0.00565602
28511, 0.00565619
28512, 0.00565637
28513, 0.00565654
28514, 0.00565672
28515, 0.00565689
28516, 0.00565707
28517, 0.00565724
28518, 0.00565742
28519, 0.00565759
28520, 0.00565777
28521, 0.00565794
28522, 0.00565812
28523, 0.00565829
28524, 0.00565847
28525, 0.00565865
28526, 0.00565882
28527, 0.00565900
28528, 0.00565917
28529, 0.00565935
28530, 0.00565953
28531, 0.00565970
28532, 0.00565988
28533, 0.00566005
28534, 0.00566023
28535, 0.00566041
28536, 0.00566059
28537, 0.00566076
28538, 0.00566095
28539, 0.00566113
28540, 0.00566130
28541, 0.00566148
28542, 0.00566165
28543, 0.00566183
28544, 0.00566200
28545, 0.00566218
28546, 0.00566235
28547, 0.00566252
28548, 0.00566270
28549, 0.00566288
28550, 0.00566305
28551, 0.00566323
28552, 0.00566340
28553, 0.00566360
28554, 0.00566377
28555, 0.00566395
28556, 0.00566413
28557, 0.00566430
28558, 0.00566448
28559, 0.00566466
28560, 0.00566483
28561, 0.00566501
28562, 0.00566518
28563, 0.00566536
28564, 0.00566553
28565, 0.00566570
28566, 0.00566588
28567, 0.00566611
28568, 0.00566629
28569, 0.00566646
28570, 0.00566664
28571, 0.00566682
28572, 0.00566699
28573, 0.00566717
28574, 0.00566734
28575, 0.00566752
28576, 0.00566770
28577, 0.00566787
28578, 0.00566805
28579, 0.00566823
28580, 0.00566840
28581, 0.00566858
28582, 0.00566876
28583, 0.00566893
28584, 0.00566911
28585, 0.00566929
28586, 0.00566947
28587, 0.00566964
28588, 0.00566982
28589, 0.00567000
28590, 0.00567017
28591, 0.00567035
28592, 0.00567053
28593, 0.00567070
28594, 0.00567088
28595, 0.00567105
28596, 0.00567123
28597, 0.00567141
28598, 0.00567159
28599, 0.00567176
28600, 0.00567194
28601, 0.00567211
28602, 0.00567229
28603, 0.00567246
28604, 0.00567264
28605, 0.00567282
28606, 0.00567301
28607, 0.00567508
28608, 0.00567528
28609, 0.00567545
28610, 0.00567563
28611, 0.00567581
28612, 0.00567598
28613, 0.00567615
28614, 0.00567633
28615, 0.00567650
28616, 0.00567667
28617, 0.00567685
28618, 0.00567702
28619, 0.00567720
28620, 0.00567737
28621, 0.00567755
28622, 0.00567772
28623, 0.00567790
28624, 0.00567807
28625, 0.00567824
28626, 0.00567842
28627, 0.00567860
28628, 0.00567879
28629, 0.00567896
28630, 0.00567914
28631, 0.00567931
28632, 0.00567949
28633, 0.00567967
28634, 0.00567984
28635, 0.00568001
28636, 0.00568019
28637, 0.00568036
28638, 0.00568053
28639, 0.00568071
28640, 0.00568088
28641, 0.00568105
28642, 0.00568123
28643, 0.00568140
28644, 0.00568158
28645, 0.00568175
28646, 0.00568193
28647, 0.00568210
28648, 0.00568228
28649, 0.00568245
28650, 0.00568262
28651, 0.00568280
28652, 0.00568297
28653, 0.00568314
28654, 0.00568332
28655, 0.00568349
28656, 0.00568366
28657, 0.00568384
28658, 0.00568401
28659, 0.00568419
28660, 0.00568436
28661, 0.00568454
28662, 0.00568471
28663, 0.00568488
28664, 0.00568506
28665, 0.00568523
28666, 0.00568540
28667, 0.00568558
28668, 0.00568575
28669, 0.00568593
28670, 0.00568610
28671, 0.00568637
28672, 0.00568654
28673, 0.00568671
28674, 0.00568689
28675, 0.00568706
28676, 0.00568724
28677, 0.00568741
28678, 0.00568759
28679, 0.00568776
28680, 0.00568793
28681, 0.00568810
28682, 0.00568828
28683, 0.00568845
28684, 0.00568862
28685, 0.00568880
28686, 0.00568897
28687, 0.00568915
28688, 0.00568932
28689, 0.00568950
28690, 0.00568968
28691, 0.00568985
28692, 0.00569003
28693, 0.00569020
28694, 0.00569038
28695, 0.00569055
28696, 0.00569073
28697, 0.00569090
28698, 0.00569107
28699, 0.00569129
28700, 0.00569146
28701, 0.00569164
28702, 0.00569181
28703, 0.00569199
28704, 0.00569218
28705, 0.00569236
28706, 0.00569253
28707, 0.00569271
28708, 0.00569288
28709, 0.00569305
28710, 0.00569323
28711, 0.00569340
28712, 0.00569357
28713, 0.00569374
28714, 0.00569392
28715, 0.00569409
28716, 0.00569427
28717, 0.00569444
28718, 0.00569462
28719, 0.00569479
28720, 0.00569496
28721, 0.00569514
28722, 0.00569531
28723, 0.00569550
28724, 0.00569567
28725, 0.00569584
28726, 0.00569602
28727, 0.00569619
28728, 0.00569636
28729, 0.00569653
28730, 0.00569671
28731, 0.00569688
28732, 0.00569707
28733, 0.00569914
28734, 0.00569936
28735, 0.00569955
28736, 0.00569973
28737, 0.00569991
28738, 0.00570008
28739, 0.00570026
28740, 0.00570044
28741, 0.00570062
28742, 0.00570080
28743, 0.00570098
28744, 0.00570115
28745, 0.00570132
28746, 0.00570149
28747, 0.00570167
28748, 0.00570184
28749, 0.00570201
28750, 0.00570219
28751, 0.00570236
28752, 0.00570256
28753, 0.00570274
28754, 0.00570294
28755, 0.00570312
28756, 0.00570330
28757, 0.00570348
28758, 0.00570366
28759, 0.00570384
28760, 0.00570402
28761, 0.00570419
28762, 0.00570437
28763, 0.00570455
28764, 0.00570473
28765, 0.00570491
28766, 0.00570508
28767, 0.00570526
28768, 0.00570543
28769, 0.00570561
28770, 0.00570579
28771, 0.00570599
28772, 0.00570617
28773, 0.00570635
28774, 0.00570652
28775, 0.00570670
28776, 0.00570687
28777, 0.00570705
28778, 0.00570723
28779, 0.00570741
28780, 0.00570759
28781, 0.00570776
28782, 0.00570794
28783, 0.00570812
28784, 0.00570830
28785, 0.00570850
28786, 0.00570868
28787, 0.00570885
28788, 0.00570903
28789, 0.00570920
28790, 0.00570938
28791, 0.00570956
28792, 0.00570974
28793, 0.00570992
28794, 0.00571010
28795, 0.00571027
28796, 0.00571045
28797, 0.00571063
28798, 0.00571083
28799, 0.00571101
28800, 0.00571119
28801, 0.00571137
28802, 0.00571154
28803, 0.00571172
28804, 0.00571189
28805, 0.00571207
28806, 0.00571224
28807, 0.00571242
28808, 0.00571260
28809, 0.00571277
28810, 0.00571295
28811, 0.00571313
28812, 0.00571330
28813, 0.00571348
28814, 0.00571365
28815, 0.00571383
28816, 0.00571403
28817, 0.00571420
28818, 0.00571439
28819, 0.00571456
28820, 0.00571474
28821, 0.00571492
28822, 0.00571509
28823, 0.00571527
28824, 0.00571545
28825, 0.00571566
28826, 0.00571584
28827, 0.00571601
28828, 0.00571618
28829, 0.00571636
28830, 0.00571657
28831, 0.00571675
28832, 0.00571692
28833, 0.00571710
28834, 0.00571728
28835, 0.00571746
28836, 0.00571764
28837, 0.00571783
28838, 0.00571800
28839, 0.00571818
28840, 0.00571836
28841, 0.00571854
28842, 0.00571872
28843, 0.00571889
28844, 0.00571907
28845, 0.00571924
28846, 0.00571944
28847, 0.00571962
28848, 0.00571980
28849, 0.00571998
28850, 0.00572016
28851, 0.00572034
28852, 0.00572052
28853, 0.00572070
28854, 0.00572087
28855, 0.00572105
28856, 0.00572123
28857, 0.00572141
28858, 0.00572160
28859, 0.00572368
28860, 0.00572387
28861, 0.00572405
28862, 0.00572422
28863, 0.00572440
28864, 0.00572457
28865, 0.00572475
28866, 0.00572492
28867, 0.00572509
28868, 0.00572527
28869, 0.00572544
28870, 0.00572561
28871, 0.00572579
28872, 0.00572596
28873, 0.00572614
28874, 0.00572631
28875, 0.00572649
28876, 0.00572668
28877, 0.00572686
28878, 0.00572704
28879, 0.00572721
28880, 0.00572739
28881, 0.00572757
28882, 0.00572774
28883, 0.00572792
28884, 0.00572809
28885, 0.00572827
28886, 0.00572844
28887, 0.00572861
28888, 0.00572879
28889, 0.00572896
28890, 0.00572914
28891, 0.00572932
28892, 0.00572949
28893, 0.00572966
28894, 0.00572984
28895, 0.00573002
28896, 0.00573019
28897, 0.00573037
28898, 0.00573055
28899, 0.00573072
28900, 0.00573090
28901, 0.00573107
28902, 0.00573124
28903, 0.00573142
28904, 0.00573159
28905, 0.00573177
28906, 0.00573194
28907, 0.00573212
28908, 0.00573229
28909, 0.00573246
28910, 0.00573264
28911, 0.00573281
28912, 0.00573299
28913, 0.00573316
28914, 0.00573333
28915, 0.00573351
28916, 0.00573368
28917, 0.00573385
28918, 0.00573403
28919, 0.00573420
28920, 0.00573437
28921, 0.00573454
28922, 0.00573472
28923, 0.00573489
28924, 0.00573506
28925, 0.00573523
28926, 0.00573541
28927, 0.00573558
28928, 0.00573575
28929, 0.00573593
28930, 0.00573610
28931, 0.00573628
28932, 0.00573645
28933, 0.00573662
28934, 0.00573679
28935, 0.00573697
28936, 0.00573714
28937, 0.00573731
28938, 0.00573749
28939, 0.00573766
28940, 0.00573783
28941, 0.00573801
28942, 0.00573818
28943, 0.00573835
28944, 0.00573853
28945, 0.00573870
28946, 0.00573888
28947, 0.00573905
28948, 0.00573922
28949, 0.00573940
28950, 0.00573957
28951, 0.00573975
28952, 0.00573992
28953, 0.00574010
28954, 0.00574027
28955, 0.00574045
28956, 0.00574062
28957, 0.00574079
28958, 0.00574097
28959, 0.00574114
28960, 0.00574132
28961, 0.00574149
28962, 0.00574166
28963, 0.00574184
28964, 0.00574201
28965, 0.00574218
28966, 0.00574236
28967, 0.00574253
28968, 0.00574270
28969, 0.00574288
28970, 0.00574305
28971, 0.00574322
28972, 0.00574339
28973, 0.00574356
28974, 0.00574374
28975, 0.00574391
28976, 0.00574408
28977, 0.00574426
28978, 0.00574443
28979, 0.00574461
28980, 0.00574478
28981, 0.00574495
28982, 0.00574512
28983, 0.00574530
28984, 0.00574548
28985, 0.00574757
28986, 0.00574777
28987, 0.00574795
28988, 0.00574813
28989, 0.00574831
28990, 0.00574848
28991, 0.00574865
28992, 0.00574882
28993, 0.00574900
28994, 0.00574917
28995, 0.00574935
28996, 0.00574952
28997, 0.00574969
28998, 0.00574986
28999, 0.00575004
29000, 0.00575021
29001, 0.00575039
29002, 0.00575056
29003, 0.00575073
29004, 0.00575090
29005, 0.00575108
29006, 0.00575125
29007, 0.00575143
29008, 0.00575160
29009, 0.00575178
29010, 0.00575195
29011, 0.00575212
29012, 0.00575230
29013, 0.00575247
29014, 0.00575264
29015, 0.00575282
29016, 0.00575299
29017, 0.00575317
29018, 0.00575334
29019, 0.00575352
29020, 0.00575369
29021, 0.00575387
29022, 0.00575404
29023, 0.00575421
29024, 0.00575439
29025, 0.00575456
29026, 0.00575473
29027, 0.00575491
29028, 0.00575508
29029, 0.00575526
29030, 0.00575543
29031, 0.00575560
29032, 0.00575577
29033, 0.00575595
29034, 0.00575612
29035, 0.00575630
29036, 0.00575648
29037, 0.00575672
29038, 0.00575690
29039, 0.00575707
29040, 0.00575725
29041, 0.00575742
29042, 0.00575759
29043, 0.00575777
29044, 0.00575794
29045, 0.00575811
29046, 0.00575829
29047, 0.00575846
29048, 0.00575863
29049, 0.00575880
29050, 0.00575897
29051, 0.00575915
29052, 0.00575932
29053, 0.00575949
29054, 0.00575967
29055, 0.00575984
29056, 0.00576001
29057, 0.00576018
29058, 0.00576035
29059, 0.00576053
29060, 0.00576070
29061, 0.00576087
29062, 0.00576104
29063, 0.00576122
29064, 0.00576139
29065, 0.00576157
29066, 0.00576174
29067, 0.00576191
29068, 0.00576208
29069, 0.00576225
29070, 0.00576243
29071, 0.00576260
29072, 0.00576277
29073, 0.00576294
29074, 0.00576311
29075, 0.00576329
29076, 0.00576346
29077, 0.00576363
29078, 0.00576380
29079, 0.00576397
29080, 0.00576415
29081, 0.00576432
29082, 0.00576451
29083, 0.00576468
29084, 0.00576486
29085, 0.00576503
29086, 0.00576521
29087, 0.00576538
29088, 0.00576556
29089, 0.00576573
29090, 0.00576590
29091, 0.00576608
29092, 0.00576625
29093, 0.00576642
29094, 0.00576660
29095, 0.00576677
29096, 0.00576695
29097, 0.00576712
29098, 0.00576730
29099, 0.00576747
29100, 0.00576765
29101, 0.00576782
29102, 0.00576799
29103, 0.00576817
29104, 0.00576834
29105, 0.00576851
29106, 0.00576868
29107, 0.00576886
29108, 0.00576903
29109, 0.00576920
29110, 0.00576939
29111, 0.00577149
29112, 0.00577169
29113, 0.00577186
29114, 0.00577204
29115, 0.00577221
29116, 0.00577239
29117, 0.00577256
29118, 0.00577274
29119, 0.00577292
29120, 0.00577309
29121, 0.00577327
29122, 0.00577345
29123, 0.00577362
29124, 0.00577379
29125, 0.00577397
29126, 0.00577414
29127, 0.00577431
29128, 0.00577449
29129, 0.00577466
29130, 0.00577484
29131, 0.00577502
29132, 0.00577519
29133, 0.00577537
29134, 0.00577554
29135, 0.00577571
29136, 0.00577589
29137, 0.00577606
29138, 0.00577624
29139, 0.00577641
29140, 0.00577658
29141, 0.00577676
29142, 0.00577693
29143, 0.00577710
29144, 0.00577728
29145, 0.00577745
29146, 0.00577765
29147, 0.00577782
29148, 0.00577799
29149, 0.00577816
29150, 0.00577834
29151, 0.00577851
29152, 0.00577869
29153, 0.00577886
29154, 0.00577903
29155, 0.00577920
29156, 0.00577938
29157, 0.00577956
29158, 0.00577973
29159, 0.00577991
29160, 0.00578008
29161, 0.00578026
29162, 0.00578043
29163, 0.00578061
29164, 0.00578078
29165, 0.00578096
29166, 0.00578113
29167, 0.00578131
29168, 0.00578148
29169, 0.00578166
29170, 0.00578183
29171, 0.00578200
29172, 0.00578218
29173, 0.00578235
29174, 0.00578252
29175, 0.00578269
29176, 0.00578287
29177, 0.00578304
29178, 0.00578322
29179, 0.00578339
29180, 0.00578356
29181, 0.00578373
29182, 0.00578392
29183, 0.00578420
29184, 0.00578437
29185, 0.00578454
29186, 0.00578471
29187, 0.00578489
29188, 0.00578506
29189, 0.00578523
29190, 0.00578541
29191, 0.00578558
29192, 0.00578575
29193, 0.00578592
29194, 0.00578610
29195, 0.00578627
29196, 0.00578644
29197, 0.00578661
29198, 0.00578679
29199, 0.00578696
29200, 0.00578713
29201, 0.00578731
29202, 0.00578748
29203, 0.00578765
29204, 0.00578782
29205, 0.00578799
29206, 0.00578817
29207, 0.00578834
29208, 0.00578851
29209, 0.00578868
29210, 0.00578885
29211, 0.00578903
29212, 0.00578920
29213, 0.00578937
29214, 0.00578956
29215, 0.00578974
29216, 0.00578991
29217, 0.00579009
29218, 0.00579027
29219, 0.00579044
29220, 0.00579061
29221, 0.00579079
29222, 0.00579096
29223, 0.00579113
29224, 0.00579131
29225, 0.00579148
29226, 0.00579165
29227, 0.00579183
29228, 0.00579201
29229, 0.00579218
29230, 0.00579236
29231, 0.00579253
29232, 0.00579271
29233, 0.00579288
29234, 0.00579306
29235, 0.00579323
29236, 0.00579342
29237, 0.00579551
29238, 0.00579571
29239, 0.00579589
29240, 0.00579607
29241, 0.00579626
29242, 0.00579644
29243, 0.00579663
29244, 0.00579681
29245, 0.00579699
29246, 0.00579718
29247, 0.00579736
29248, 0.00579755
29249, 0.00579773
29250, 0.00579791
29251, 0.00579809
29252, 0.00579827
29253, 0.00579844
29254, 0.00579861
29255, 0.00579879
29256, 0.00579896
29257, 0.00579913
29258, 0.00579930
29259, 0.00579947
29260, 0.00579965
29261, 0.00579982
29262, 0.00579999
29263, 0.00580016
29264, 0.00580033
29265, 0.00580051
29266, 0.00580068
29267, 0.00580085
29268, 0.00580103
29269, 0.00580121
29270, 0.00580138
29271, 0.00580155
29272, 0.00580173
29273, 0.00580190
29274, 0.00580208
29275, 0.00580225
29276, 0.00580243
29277, 0.00580260
29278, 0.00580277
29279, 0.00580295
29280, 0.00580312
29281, 0.00580329
29282, 0.00580347
29283, 0.00580364
29284, 0.00580382
29285, 0.00580399
29286, 0.00580416
29287, 0.00580433
29288, 0.00580451
29289, 0.00580468
29290, 0.00580485
29291, 0.00580503
29292, 0.00580521
29293, 0.00580539
29294, 0.00580557
29295, 0.00580575
29296, 0.00580593
29297, 0.00580611
29298, 0.00580629
29299, 0.00580647
29300, 0.00580664
29301, 0.00580683
29302, 0.00580700
29303, 0.00580718
29304, 0.00580735
29305, 0.00580753
29306, 0.00580770
29307, 0.00580788
29308, 0.00580805
29309, 0.00580823
29310, 0.00580841
29311, 0.00580858
29312, 0.00580875
29313, 0.00580893
29314, 0.00580910
29315, 0.00580928
29316, 0.00580945
29317, 0.00580963
29318, 0.00580980
29319, 0.00580997
29320, 0.00581015
29321, 0.00581032
29322, 0.00581050
29323, 0.00581067
29324, 0.00581085
29325, 0.00581102
29326, 0.00581120
29327, 0.00581138
29328, 0.00581156
29329, 0.00581173
29330, 0.00581191
29331, 0.00581208
29332, 0.00581225
29333, 0.00581243
29334, 0.00581262
29335, 0.00581279
29336, 0.00581296
29337, 0.00581314
29338, 0.00581331
29339, 0.00581348
29340, 0.00581365
29341, 0.00581383
29342, 0.00581400
29343, 0.00581417
29344, 0.00581435
29345, 0.00581452
29346, 0.00581469
29347, 0.00581487
29348, 0.00581504
29349, 0.00581522
29350, 0.00581539
29351, 0.00581556
29352, 0.00581574
29353, 0.00581591
29354, 0.00581609
29355, 0.00581626
29356, 0.00581643
29357, 0.00581660
29358, 0.00581678
29359, 0.00581695
29360, 0.00581712
29361, 0.00581730
29362, 0.00581749
29363, 0.00581957
29364, 0.00581977
29365, 0.00581995
29366, 0.00582013
29367, 0.00582031
29368, 0.00582050
29369, 0.00582068
29370, 0.00582086
29371, 0.00582105
29372, 0.00582123
29373, 0.00582141
29374, 0.00582159
29375, 0.00582177
29376, 0.00582195
29377, 0.00582213
29378, 0.00582231
29379, 0.00582248
29380, 0.00582266
29381, 0.00582284
29382, 0.00582302
29383, 0.00582320
29384, 0.00582340
29385, 0.00582358
29386, 0.00582376
29387, 0.00582394
29388, 0.00582411
29389, 0.00582429
29390, 0.00582447
29391, 0.00582465
29392, 0.00582483
29393, 0.00582501
29394, 0.00582519
29395, 0.00582537
29396, 0.00582555
29397, 0.00582573
29398, 0.00582591
29399, 0.00582609
29400, 0.00582627
29401, 0.00582645
29402, 0.00582663
29403, 0.00582681
29404, 0.00582699
29405, 0.00582718
29406, 0.00582736
29407, 0.00582754
29408, 0.00582772
29409, 0.00582790
29410, 0.00582808
29411, 0.00582826
29412, 0.00582844
29413, 0.00582862
29414, 0.00582881
29415, 0.00582899
29416, 0.00582917
29417, 0.00582934
29418, 0.00582952
29419, 0.00582973
29420, 0.00582991
29421, 0.00583009
29422, 0.00583027
29423, 0.00583045
29424, 0.00583063
29425, 0.00583081
29426, 0.00583099
29427, 0.00583117
29428, 0.00583135
29429, 0.00583153
29430, 0.00583171
29431, 0.00583189
29432, 0.00583207
29433, 0.00583225
29434, 0.00583243
29435, 0.00583261
29436, 0.00583279
29437, 0.00583297
29438, 0.00583315
29439, 0.00583333
29440, 0.00583351
29441, 0.00583368
29442, 0.00583386
29443, 0.00583404
29444, 0.00583422
29445, 0.00583440
29446, 0.00583458
29447, 0.00583479
29448, 0.00583497
29449, 0.00583515
29450, 0.00583533
29451, 0.00583551
29452, 0.00583569
29453, 0.00583587
29454, 0.00583605
29455, 0.00583623
29456, 0.00583641
29457, 0.00583659
29458, 0.00583678
29459, 0.00583696
29460, 0.00583714
29461, 0.00583732
29462, 0.00583750
29463, 0.00583768
29464, 0.00583793
29465, 0.00583811
29466, 0.00583829
29467, 0.00583847
29468, 0.00583865
29469, 0.00583883
29470, 0.00583904
29471, 0.00583922
29472, 0.00583940
29473, 0.00583958
29474, 0.00583976
29475, 0.00583994
29476, 0.00584012
29477, 0.00584030
29478, 0.00584048
29479, 0.00584069
29480, 0.00584087
29481, 0.00584105
29482, 0.00584123
29483, 0.00584141
29484, 0.00584159
29485, 0.00584177
29486, 0.00584195
29487, 0.00584213
29488, 0.00584233
29489, 0.00584447
29490, 0.00584466
29491, 0.00584484
29492, 0.00584502
29493, 0.00584521
29494, 0.00584539
29495, 0.00584556
29496, 0.00584573
29497, 0.00584591
29498, 0.00584608
29499, 0.00584625
29500, 0.00584643
29501, 0.00584660
29502, 0.00584677
29503, 0.00584694
29504, 0.00584712
29505, 0.00584729
29506, 0.00584747
29507, 0.00584764
29508, 0.00584781
29509, 0.00584798
29510, 0.00584815
29511, 0.00584832
29512, 0.00584850
29513, 0.00584867
29514, 0.00584884
29515, 0.00584901
29516, 0.00584918
29517, 0.00584936
29518, 0.00584953
29519, 0.00584970
29520, 0.00584987
29521, 0.00585004
29522, 0.00585022
29523, 0.00585041
29524, 0.00585058
29525, 0.00585075
29526, 0.00585093
29527, 0.00585110
29528, 0.00585127
29529, 0.00585145
29530, 0.00585163
29531, 0.00585180
29532, 0.00585197
29533, 0.00585215
29534, 0.00585232
29535, 0.00585249
29536, 0.00585266
29537, 0.00585284
29538, 0.00585303
29539, 0.00585320
29540, 0.00585338
29541, 0.00585355
29542, 0.00585372
29543, 0.00585389
29544, 0.00585407
29545, 0.00585424
29546, 0.00585441
29547, 0.00585458
29548, 0.00585476
29549, 0.00585493
29550, 0.00585510
29551, 0.00585528
29552, 0.00585545
29553, 0.00585562
29554, 0.00585579
29555, 0.00585597
29556, 0.00585614
29557, 0.00585631
29558, 0.00585649
29559, 0.00585666
29560, 0.00585683
29561, 0.00585702
29562, 0.00585719
29563, 0.00585736
29564, 0.00585753
29565, 0.00585771
29566, 0.00585788
29567, 0.00585805
29568, 0.00585823
29569, 0.00585840
29570, 0.00585858
29571, 0.00585875
29572, 0.00585892
29573, 0.00585909
29574, 0.00585927
29575, 0.00585944
29576, 0.00585965
29577, 0.00585982
29578, 0.00586001
29579, 0.00586022
29580, 0.00586042
29581, 0.00586061
29582, 0.00586081
29583, 0.00586100
29584, 0.00586118
29585, 0.00586135
29586, 0.00586154
29587, 0.00586171
29588, 0.00586189
29589, 0.00586207
29590, 0.00586224
29591, 0.00586242
29592, 0.00586260
29593, 0.00586278
29594, 0.00586296
29595, 0.00586314
29596, 0.00586332
29597, 0.00586350
29598, 0.00586368
29599, 0.00586388
29600, 0.00586405
29601, 0.00586424
29602, 0.00586442
29603, 0.00586460
29604, 0.00586478
29605, 0.00586496
29606, 0.00586513
29607, 0.00586531
29608, 0.00586548
29609, 0.00586566
29610, 0.00586583
29611, 0.00586600
29612, 0.00586617
29613, 0.00586635
29614, 0.00586653
29615, 0.00586887
29616, 0.00586907
29617, 0.00586924
29618, 0.00586942
29619, 0.00586959
29620, 0.00586976
29621, 0.00586994
29622, 0.00587011
29623, 0.00587028
29624, 0.00587046
29625, 0.00587063
29626, 0.00587080
29627, 0.00587098
29628, 0.00587115
29629, 0.00587133
29630, 0.00587151
29631, 0.00587169
29632, 0.00587187
29633, 0.00587205
29634, 0.00587223
29635, 0.00587240
29636, 0.00587258
29637, 0.00587275
29638, 0.00587293
29639, 0.00587310
29640, 0.00587327
29641, 0.00587344
29642, 0.00587362
29643, 0.00587379
29644, 0.00587396
29645, 0.00587413
29646, 0.00587430
29647, 0.00587450
29648, 0.00587468
29649, 0.00587485
29650, 0.00587503
29651, 0.00587520
29652, 0.00587537
29653, 0.00587555
29654, 0.00587572
29655, 0.00587590
29656, 0.00587607
29657, 0.00587624
29658, 0.00587642
29659, 0.00587659
29660, 0.00587677
29661, 0.00587694
29662, 0.00587711
29663, 0.00587729
29664, 0.00587747
29665, 0.00587764
29666, 0.00587781
29667, 0.00587799
29668, 0.00587817
29669, 0.00587835
29670, 0.00587853
29671, 0.00587870
29672, 0.00587887
29673, 0.00587905
29674, 0.00587922
29675, 0.00587939
29676, 0.00587957
29677, 0.00587975
29678, 0.00587992
29679, 0.00588010
29680, 0.00588027
29681, 0.00588045
29682, 0.00588063
29683, 0.00588080
29684, 0.00588097
29685, 0.00588115
29686, 0.00588132
29687, 0.00588149
29688, 0.00588167
29689, 0.00588185
29690, 0.00588202
29691, 0.00588220
29692, 0.00588237
29693, 0.00588255
29694, 0.00588272
29695, 0.00588298
29696, 0.00588315
29697, 0.00588333
29698, 0.00588350
29699, 0.00588368
29700, 0.00588385
29701, 0.00588403
29702, 0.00588421
29703, 0.00588438
29704, 0.00588455
29705, 0.00588473
29706, 0.00588491
29707, 0.00588513
29708, 0.00588531
29709, 0.00588548
29710, 0.00588565
29711, 0.00588584
29712, 0.00588602
29713, 0.00588619
29714, 0.00588636
29715, 0.00588653
29716, 0.00588670
29717, 0.00588688
29718, 0.00588705
29719, 0.00588722
29720, 0.00588739
29721, 0.00588757
29722, 0.00588774
29723, 0.00588791
29724, 0.00588809
29725, 0.00588826
29726, 0.00588843
29727, 0.00588860
29728, 0.00588877
29729, 0.00588895
29730, 0.00588912
29731, 0.00588929
29732, 0.00588946
29733, 0.00588964
29734, 0.00588981
29735, 0.00588998
29736, 0.00589016
29737, 0.00589033
29738, 0.00589050
29739, 0.00589067
29740, 0.00589086
29741, 0.00589306
29742, 0.00589326
29743, 0.00589344
29744, 0.00589361
29745, 0.00589379
29746, 0.00589396
29747, 0.00589413
29748, 0.00589430
29749, 0.00589448
29750, 0.00589465
29751, 0.00589483
29752, 0.00589501
29753, 0.00589519
29754, 0.00589536
29755, 0.00589553
29756, 0.00589571
29757, 0.00589588
29758, 0.00589606
29759, 0.00589623
29760, 0.00589640
29761, 0.00589658
29762, 0.00589675
29763, 0.00589693
29764, 0.00589710
29765, 0.00589734
29766, 0.00589751
29767, 0.00589769
29768, 0.00589787
29769, 0.00589804
29770, 0.00589821
29771, 0.00589839
29772, 0.00589856
29773, 0.00589873
29774, 0.00589891
29775, 0.00589908
29776, 0.00589925
29777, 0.00589942
29778, 0.00589960
29779, 0.00589977
29780, 0.00589995
29781, 0.00590012
29782, 0.00590029
29783, 0.00590047
29784, 0.00590064
29785, 0.00590082
29786, 0.00590100
29787, 0.00590117
29788, 0.00590134
29789, 0.00590151
29790, 0.00590169
29791, 0.00590186
29792, 0.00590204
29793, 0.00590221
29794, 0.00590239
29795, 0.00590256
29796, 0.00590274
29797, 0.00590292
29798, 0.00590309
29799, 0.00590326
29800, 0.00590344
29801, 0.00590361
29802, 0.00590379
29803, 0.00590396
29804, 0.00590413
29805, 0.00590431
29806, 0.00590448
29807, 0.00590465
29808, 0.00590482
29809, 0.00590499
29810, 0.00590517
29811, 0.00590534
29812, 0.00590552
29813, 0.00590569
29814, 0.00590586
29815, 0.00590604
29816, 0.00590621
29817, 0.00590638
29818, 0.00590656
29819, 0.00590674
29820, 0.00590703
29821, 0.00590720
29822, 0.00590737
29823, 0.00590755
29824, 0.00590772
29825, 0.00590789
29826, 0.00590807
29827, 0.00590824
29828, 0.00590841
29829, 0.00590859
29830, 0.00590877
29831, 0.00590895
29832, 0.00590913
29833, 0.00590930
29834, 0.00590947
29835, 0.00590965
29836, 0.00590982
29837, 0.00591000
29838, 0.00591017
29839, 0.00591037
29840, 0.00591054
29841, 0.00591072
29842, 0.00591089
29843, 0.00591106
29844, 0.00591123
29845, 0.00591141
29846, 0.00591158
29847, 0.00591176
29848, 0.00591194
29849, 0.00591211
29850, 0.00591229
29851, 0.00591246
29852, 0.00591263
29853, 0.00591281
29854, 0.00591298
29855, 0.00591316
29856, 0.00591333
29857, 0.00591350
29858, 0.00591368
29859, 0.00591385
29860, 0.00591402
29861, 0.00591419
29862, 0.00591436
29863, 0.00591453
29864, 0.00591471
29865, 0.00591488
29866, 0.00591507
29867, 0.00591927
29868, 0.00591947
29869, 0.00591965
29870, 0.00591983
29871, 0.00592001
29872, 0.00592018
29873, 0.00592036
29874, 0.00592054
29875, 0.00592072
29876, 0.00592089
29877, 0.00592107
29878, 0.00592124
29879, 0.00592142
29880, 0.00592159
29881, 0.00592177
29882, 0.00592194
29883, 0.00592212
29884, 0.00592230
29885, 0.00592248
29886, 0.00592265
29887, 0.00592282
29888, 0.00592300
29889, 0.00592317
29890, 0.00592334
29891, 0.00592352
29892, 0.00592369
29893, 0.00592387
29894, 0.00592404
29895, 0.00592422
29896, 0.00592440
29897, 0.00592458
29898, 0.00592475
29899, 0.00592493
29900, 0.00592510
29901, 0.00592528
29902, 0.00592545
29903, 0.00592563
29904, 0.00592580
29905, 0.00592598
29906, 0.00592616
29907, 0.00592633
29908, 0.00592651
29909, 0.00592669
29910, 0.00592686
29911, 0.00592704
29912, 0.00592721
29913, 0.00592738
29914, 0.00592756
29915, 0.00592773
29916, 0.00592791
29917, 0.00592808
29918, 0.00592826
29919, 0.00592844
29920, 0.00592861
29921, 0.00592879
29922, 0.00592896
29923, 0.00592914
29924, 0.00592932
29925, 0.00592949
29926, 0.00592967
29927, 0.00592984
29928, 0.00593002
29929, 0.00593020
29930, 0.00593037
29931, 0.00593055
29932, 0.00593074
29933, 0.00593092
29934, 0.00593109
29935, 0.00593127
29936, 0.00593144
29937, 0.00593162
29938, 0.00593180
29939, 0.00593197
29940, 0.00593215
29941, 0.00593232
29942, 0.00593250
29943, 0.00593267
29944, 0.00593285
29945, 0.00593303
29946, 0.00593320
29947, 0.00593338
29948, 0.00593356
29949, 0.00593373
29950, 0.00593391
29951, 0.00593408
29952, 0.00593426
29953, 0.00593444
29954, 0.00593461
29955, 0.00593479
29956, 0.00593496
29957, 0.00593514
29958, 0.00593531
29959, 0.00593549
29960, 0.00593566
29961, 0.00593584
29962, 0.00593602
29963, 0.00593619
29964, 0.00593637
29965, 0.00593655
29966, 0.00593672
29967, 0.00593690
29968, 0.00593707
29969, 0.00593725
29970, 0.00593742
29971, 0.00593759
29972, 0.00593777
29973, 0.00593794
29974, 0.00593812
29975, 0.00593829
29976, 0.00593847
29977, 0.00593864
29978, 0.00593882
29979, 0.00593899
29980, 0.00593917
29981, 0.00593934
29982, 0.00593951
29983, 0.00593969
29984, 0.00593987
29985, 0.00594004
29986, 0.00594022
29987, 0.00594039
29988, 0.00594057
29989, 0.00594074
29990, 0.00594091
29991, 0.00594109
29992, 0.00594128
29993, 0.00594341
29994, 0.00594361
29995, 0.00594379
29996, 0.00594396
29997, 0.00594414
29998, 0.00594431
29999, 0.00594449
30000, 0.00594466
30001, 0.00594483
30002, 0.00594500
30003, 0.00594518
30004, 0.00594535
30005, 0.00594552
30006, 0.00594569
30007, 0.00594587
30008, 0.00594604
30009, 0.00594621
30010, 0.00594639
30011, 0.00594658
30012, 0.00594676
30013, 0.00594693
30014, 0.00594711
30015, 0.00594728
30016, 0.00594746
30017, 0.00594763
30018, 0.00594781
30019, 0.00594799
30020, 0.00594816
30021, 0.00594834
30022, 0.00594851
30023, 0.00594869
30024, 0.00594886
30025, 0.00594904
30026, 0.00594921
30027, 0.00594939
30028, 0.00594956
30029, 0.00594973
30030, 0.00594991
30031, 0.00595008
30032, 0.00595025
30033, 0.00595044
30034, 0.00595062
30035, 0.00595080
30036, 0.00595098
30037, 0.00595116
30038, 0.00595134
30039, 0.00595152
30040, 0.00595170
30041, 0.00595188
30042, 0.00595205
30043, 0.00595223
30044, 0.00595240
30045, 0.00595258
30046, 0.00595277
30047, 0.00595295
30048, 0.00595312
30049, 0.00595329
30050, 0.00595347
30051, 0.00595364
30052, 0.00595382
30053, 0.00595399
30054, 0.00595417
30055, 0.00595434
30056, 0.00595452
30057, 0.00595469
30058, 0.00595487
30059, 0.00595504
30060, 0.00595522
30061, 0.00595539
30062, 0.00595557
30063, 0.00595574
30064, 0.00595591
30065, 0.00595609
30066, 0.00595626
30067, 0.00595644
30068, 0.00595662
30069, 0.00595679
30070, 0.00595697
30071, 0.00595714
30072, 0.00595732
30073, 0.00595750
30074, 0.00595768
30075, 0.00595785
30076, 0.00595803
30077, 0.00595820
30078, 0.00595837
30079, 0.00595855
30080, 0.00595872
30081, 0.00595889
30082, 0.00595907
30083, 0.00595924
30084, 0.00595941
30085, 0.00595958
30086, 0.00595976
30087, 0.00595993
30088, 0.00596010
30089, 0.00596028
30090, 0.00596045
30091, 0.00596063
30092, 0.00596080
30093, 0.00596098
30094, 0.00596115
30095, 0.00596132
30096, 0.00596150
30097, 0.00596167
30098, 0.00596185
30099, 0.00596202
30100, 0.00596219
30101, 0.00596237
30102, 0.00596254
30103, 0.00596272
30104, 0.00596289
30105, 0.00596306
30106, 0.00596324
30107, 0.00596341
30108, 0.00596358
30109, 0.00596376
30110, 0.00596393
30111, 0.00596411
30112, 0.00596428
30113, 0.00596446
30114, 0.00596463
30115, 0.00596480
30116, 0.00596498
30117, 0.00596515
30118, 0.00596534
30119, 0.00596745
30120, 0.00596765
30121, 0.00596783
30122, 0.00596801
30123, 0.00596818
30124, 0.00596836
30125, 0.00596853
30126, 0.00596870
30127, 0.00596888
30128, 0.00596905
30129, 0.00596922
30130, 0.00596939
30131, 0.00596956
30132, 0.00596974
30133, 0.00596991
30134, 0.00597008
30135, 0.00597025
30136, 0.00597043
30137, 0.00597060
30138, 0.00597077
30139, 0.00597094
30140, 0.00597111
30141, 0.00597129
30142, 0.00597146
30143, 0.00597163
30144, 0.00597180
30145, 0.00597197
30146, 0.00597214
30147, 0.00597232
30148, 0.00597249
30149, 0.00597266
30150, 0.00597284
30151, 0.00597301
30152, 0.00597318
30153, 0.00597335
30154, 0.00597352
30155, 0.00597369
30156, 0.00597386
30157, 0.00597404
30158, 0.00597421
30159, 0.00597438
30160, 0.00597455
30161, 0.00597473
30162, 0.00597490
30163, 0.00597507
30164, 0.00597524
30165, 0.00597542
30166, 0.00597559
30167, 0.00597576
30168, 0.00597593
30169, 0.00597611
30170, 0.00597628
30171, 0.00597645
30172, 0.00597662
30173, 0.00597680
30174, 0.00597697
30175, 0.00597715
30176, 0.00597732
30177, 0.00597749
30178, 0.00597767
30179, 0.00597784
30180, 0.00597801
30181, 0.00597818
30182, 0.00597836
30183, 0.00597853
30184, 0.00597870
30185, 0.00597888
30186, 0.00597905
30187, 0.00597922
30188, 0.00597940
30189, 0.00597957
30190, 0.00597974
30191, 0.00597991
30192, 0.00598008
30193, 0.00598026
30194, 0.00598043
30195, 0.00598060
30196, 0.00598077
30197, 0.00598094
30198, 0.00598112
30199, 0.00598129
30200, 0.00598146
30201, 0.00598163
30202, 0.00598180
30203, 0.00598197
30204, 0.00598215
30205, 0.00598232
30206, 0.00598249
30207, 0.00598274
30208, 0.00598291
30209, 0.00598308
30210, 0.00598325
30211, 0.00598348
30212, 0.00598365
30213, 0.00598382
30214, 0.00598399
30215, 0.00598416
30216, 0.00598435
30217, 0.00598453
30218, 0.00598470
30219, 0.00598487
30220, 0.00598504
30221, 0.00598521
30222, 0.00598538
30223, 0.00598555
30224, 0.00598572
30225, 0.00598590
30226, 0.00598607
30227, 0.00598624
30228, 0.00598641
30229, 0.00598658
30230, 0.00598675
30231, 0.00598692
30232, 0.00598709
30233, 0.00598726
30234, 0.00598743
30235, 0.00598760
30236, 0.00598777
30237, 0.00598794
30238, 0.00598811
30239, 0.00598828
30240, 0.00598845
30241, 0.00598862
30242, 0.00598879
30243, 0.00598896
30244, 0.00598915
30245, 0.00599125
30246, 0.00599145
30247, 0.00599163
30248, 0.00599181
30249, 0.00599198
30250, 0.00599215
30251, 0.00599233
30252, 0.00599250
30253, 0.00599267
30254, 0.00599284
30255, 0.00599304
30256, 0.00599322
30257, 0.00599340
30258, 0.00599357
30259, 0.00599375
30260, 0.00599392
30261, 0.00599410
30262, 0.00599427
30263, 0.00599445
30264, 0.00599462
30265, 0.00599480
30266, 0.00599497
30267, 0.00599515
30268, 0.00599532
30269, 0.00599549
30270, 0.00599567
30271, 0.00599584
30272, 0.00599602
30273, 0.00599619
30274, 0.00599637
30275, 0.00599654
30276, 0.00599671
30277, 0.00599689
30278, 0.00599706
30279, 0.00599724
30280, 0.00599741
30281, 0.00599758
30282, 0.00599776
30283, 0.00599793
30284, 0.00599811
30285, 0.00599828
30286, 0.00599846
30287, 0.00599863
30288, 0.00599881
30289, 0.00599898
30290, 0.00599916
30291, 0.00599933
30292, 0.00599950
30293, 0.00599967
30294, 0.00599985
30295, 0.00600002
30296, 0.00600019
30297, 0.00600037
30298, 0.00600054
30299, 0.00600072
30300, 0.00600089
30301, 0.00600106
30302, 0.00600124
30303, 0.00600141
30304, 0.00600158
30305, 0.00600176
30306, 0.00600193
30307, 0.00600211
30308, 0.00600228
30309, 0.00600246
30310, 0.00600263
30311, 0.00600282
30312, 0.00600300
30313, 0.00600317
30314, 0.00600335
30315, 0.00600352
30316, 0.00600370
30317, 0.00600387
30318, 0.00600405
30319, 0.00600422
30320, 0.00600440
30321, 0.00600457
30322, 0.00600474
30323, 0.00600492
30324, 0.00600509
30325, 0.00600526
30326, 0.00600544
30327, 0.00600561
30328, 0.00600579
30329, 0.00600596
30330, 0.00600614
30331, 0.00600631
30332, 0.00600649
30333, 0.00600666
30334, 0.00600684
30335, 0.00600702
30336, 0.00600719
30337, 0.00600736
30338, 0.00600754
30339, 0.00600772
30340, 0.00600789
30341, 0.00600807
30342, 0.00600824
30343, 0.00600841
30344, 0.00600859
30345, 0.00600876
30346, 0.00600894
30347, 0.00600911
30348, 0.00600930
30349, 0.00600947
30350, 0.00600965
30351, 0.00600982
30352, 0.00600999
30353, 0.00601017
30354, 0.00601035
30355, 0.00601052
30356, 0.00601070
30357, 0.00601087
30358, 0.00601105
30359, 0.00601122
30360, 0.00601139
30361, 0.00601156
30362, 0.00601174
30363, 0.00601191
30364, 0.00601209
30365, 0.00601226
30366, 0.00601243
30367, 0.00601261
30368, 0.00601278
30369, 0.00601296
30370, 0.00601314
30371, 0.00601524
30372, 0.00601544
30373, 0.00601562
30374, 0.00601579
30375, 0.00601596
30376, 0.00601614
30377, 0.00601631
30378, 0.00601648
30379, 0.00601666
30380, 0.00601683
30381, 0.00601701
30382, 0.00601718
30383, 0.00601735
30384, 0.00601753
30385, 0.00601770
30386, 0.00601788
30387, 0.00601805
30388, 0.00601823
30389, 0.00601840
30390, 0.00601858
30391, 0.00601875
30392, 0.00601892
30393, 0.00601910
30394, 0.00601927
30395, 0.00601945
30396, 0.00601962
30397, 0.00601979
30398, 0.00601997
30399, 0.00602014
30400, 0.00602031
30401, 0.00602048
30402, 0.00602065
30403, 0.00602083
30404, 0.00602100
30405, 0.00602118
30406, 0.00602135
30407, 0.00602153
30408, 0.00602170
30409, 0.00602188
30410, 0.00602205
30411, 0.00602223
30412, 0.00602240
30413, 0.00602260
30414, 0.00602278
30415, 0.00602295
30416, 0.00602313
30417, 0.00602330
30418, 0.00602348
30419, 0.00602365
30420, 0.00602382
30421, 0.00602400
30422, 0.00602417
30423, 0.00602434
30424, 0.00602452
30425, 0.00602469
30426, 0.00602486
30427, 0.00602504
30428, 0.00602521
30429, 0.00602538
30430, 0.00602556
30431, 0.00602573
30432, 0.00602591
30433, 0.00602608
30434, 0.00602626
30435, 0.00602643
30436, 0.00602660
30437, 0.00602678
30438, 0.00602695
30439, 0.00602713
30440, 0.00602730
30441, 0.00602748
30442, 0.00602766
30443, 0.00602783
30444, 0.00602801
30445, 0.00602819
30446, 0.00602836
30447, 0.00602854
30448, 0.00602871
30449, 0.00602889
30450, 0.00602906
30451, 0.00602924
30452, 0.00602941
30453, 0.00602959
30454, 0.00602976
30455, 0.00602993
30456, 0.00603011
30457, 0.00603028
30458, 0.00603045
30459, 0.00603063
30460, 0.00603080
30461, 0.00603098
30462, 0.00603115
30463, 0.00603133
30464, 0.00603150
30465, 0.00603168
30466, 0.00603185
30467, 0.00603202
30468, 0.00603220
30469, 0.00603237
30470, 0.00603255
30471, 0.00603272
30472, 0.00603290
30473, 0.00603307
30474, 0.00603332
30475, 0.00603349
30476, 0.00603367
30477, 0.00603384
30478, 0.00603402
30479, 0.00603419
30480, 0.00603437
30481, 0.00603455
30482, 0.00603472
30483, 0.00603490
30484, 0.00603507
30485, 0.00603525
30486, 0.00603542
30487, 0.00603560
30488, 0.00603577
30489, 0.00603597
30490, 0.00603614
30491, 0.00603632
30492, 0.00603649
30493, 0.00603666
30494, 0.00603684
30495, 0.00603701
30496, 0.00603720
30497, 0.00603966
30498, 0.00603985
30499, 0.00604002
30500, 0.00604020
30501, 0.00604038
30502, 0.00604056
30503, 0.00604074
30504, 0.00604091
30505, 0.00604109
30506, 0.00604127
30507, 0.00604144
30508, 0.00604162
30509, 0.00604179
30510, 0.00604197
30511, 0.00604215
30512, 0.00604232
30513, 0.00604250
30514, 0.00604268
30515, 0.00604285
30516, 0.00604303
30517, 0.00604321
30518, 0.00604338
30519, 0.00604356
30520, 0.00604374
30521, 0.00604391
30522, 0.00604409
30523, 0.00604426
30524, 0.00604444
30525, 0.00604461
30526, 0.00604479
30527, 0.00604496
30528, 0.00604514
30529, 0.00604532
30530, 0.00604549
30531, 0.00604567
30532, 0.00604585
30533, 0.00604602
30534, 0.00604620
30535, 0.00604638
30536, 0.00604655
30537, 0.00604673
30538, 0.00604690
30539, 0.00604708
30540, 0.00604726
30541, 0.00604744
30542, 0.00604761
30543, 0.00604779
30544, 0.00604797
30545, 0.00604814
30546, 0.00604832
30547, 0.00604849
30548, 0.00604867
30549, 0.00604885
30550, 0.00604903
30551, 0.00604920
30552, 0.00604937
30553, 0.00604955
30554, 0.00604973
30555, 0.00604990
30556, 0.00605008
30557, 0.00605025
30558, 0.00605043
30559, 0.00605060
30560, 0.00605078
30561, 0.00605096
30562, 0.00605113
30563, 0.00605131
30564, 0.00605149
30565, 0.00605167
30566, 0.00605184
30567, 0.00605205
30568, 0.00605222
30569, 0.00605240
30570, 0.00605258
30571, 0.00605276
30572, 0.00605293
30573, 0.00605311
30574, 0.00605329
30575, 0.00605347
30576, 0.00605364
30577, 0.00605382
30578, 0.00605400
30579, 0.00605417
30580, 0.00605435
30581, 0.00605452
30582, 0.00605470
30583, 0.00605488
30584, 0.00605505
30585, 0.00605523
30586, 0.00605541
30587, 0.00605558
30588, 0.00605576
30589, 0.00605596
30590, 0.00605613
30591, 0.00605631
30592, 0.00605649
30593, 0.00605666
30594, 0.00605684
30595, 0.00605701
30596, 0.00605719
30597, 0.00605737
30598, 0.00605754
30599, 0.00605772
30600, 0.00605790
30601, 0.00605807
30602, 0.00605825
30603, 0.00605842
30604, 0.00605860
30605, 0.00605877
30606, 0.00605895
30607, 0.00605912
30608, 0.00605930
30609, 0.00605947
30610, 0.00605965
30611, 0.00605982
30612, 0.00606000
30613, 0.00606017
30614, 0.00606035
30615, 0.00606053
30616, 0.00606070
30617, 0.00606087
30618, 0.00606105
30619, 0.00606123
30620, 0.00606140
30621, 0.00606158
30622, 0.00606177
30623, 0.00606385
30624, 0.00606405
30625, 0.00606423
30626, 0.00606440
30627, 0.00606457
30628, 0.00606475
30629, 0.00606493
30630, 0.00606510
30631, 0.00606527
30632, 0.00606545
30633, 0.00606562
30634, 0.00606580
30635, 0.00606597
30636, 0.00606615
30637, 0.00606632
30638, 0.00606650
30639, 0.00606668
30640, 0.00606685
30641, 0.00606703
30642, 0.00606720
30643, 0.00606738
30644, 0.00606756
30645, 0.00606773
30646, 0.00606791
30647, 0.00606808
30648, 0.00606826
30649, 0.00606843
30650, 0.00606861
30651, 0.00606878
30652, 0.00606896
30653, 0.00606913
30654, 0.00606931
30655, 0.00606948
30656, 0.00606966
30657, 0.00606984
30658, 0.00607001
30659, 0.00607018
30660, 0.00607036
30661, 0.00607054
30662, 0.00607071
30663, 0.00607089
30664, 0.00607106
30665, 0.00607124
30666, 0.00607142
30667, 0.00607159
30668, 0.00607177
30669, 0.00607195
30670, 0.00607212
30671, 0.00607230
30672, 0.00607248
30673, 0.00607265
30674, 0.00607283
30675, 0.00607300
30676, 0.00607317
30677, 0.00607335
30678, 0.00607352
30679, 0.00607370
30680, 0.00607387
30681, 0.00607405
30682, 0.00607422
30683, 0.00607439
30684, 0.00607457
30685, 0.00607474
30686, 0.00607492
30687, 0.00607510
30688, 0.00607527
30689, 0.00607545
30690, 0.00607563
30691, 0.00607580
30692, 0.00607597
30693, 0.00607615
30694, 0.00607632
30695, 0.00607649
30696, 0.00607666
30697, 0.00607684
30698, 0.00607701
30699, 0.00607718
30700, 0.00607736
30701, 0.00607753
30702, 0.00607770
30703, 0.00607788
30704, 0.00607805
30705, 0.00607822
30706, 0.00607839
30707, 0.00607857
30708, 0.00607874
30709, 0.00607891
30710, 0.00607909
30711, 0.00607926
30712, 0.00607944
30713, 0.00607961
30714, 0.00607979
30715, 0.00608001
30716, 0.00608018
30717, 0.00608036
30718, 0.00608054
30719, 0.00608082
30720, 0.00608100
30721, 0.00608117
30722, 0.00608135
30723, 0.00608152
30724, 0.00608170
30725, 0.00608189
30726, 0.00608207
30727, 0.00608224
30728, 0.00608242
30729, 0.00608261
30730, 0.00608278
30731, 0.00608296
30732, 0.00608313
30733, 0.00608330
30734, 0.00608348
30735, 0.00608365
30736, 0.00608383
30737, 0.00608400
30738, 0.00608418
30739, 0.00608435
30740, 0.00608453
30741, 0.00608470
30742, 0.00608488
30743, 0.00608505
30744, 0.00608523
30745, 0.00608540
30746, 0.00608558
30747, 0.00608575
30748, 0.00608594
30749, 0.00608804
30750, 0.00608825
30751, 0.00608843
30752, 0.00608861
30753, 0.00608879
30754, 0.00608897
30755, 0.00608915
30756, 0.00608933
30757, 0.00608951
30758, 0.00608969
30759, 0.00608987
30760, 0.00609004
30761, 0.00609023
30762, 0.00609042
30763, 0.00609059
30764, 0.00609077
30765, 0.00609094
30766, 0.00609112
30767, 0.00609130
30768, 0.00609149
30769, 0.00609167
30770, 0.00609187
30771, 0.00609205
30772, 0.00609223
30773, 0.00609240
30774, 0.00609259
30775, 0.00609276
30776, 0.00609294
30777, 0.00609311
30778, 0.00609329
30779, 0.00609347
30780, 0.00609365
30781, 0.00609383
30782, 0.00609401
30783, 0.00609420
30784, 0.00609438
30785, 0.00609457
30786, 0.00609474
30787, 0.00609492
30788, 0.00609510
30789, 0.00609528
30790, 0.00609546
30791, 0.00609566
30792, 0.00609584
30793, 0.00609603
30794, 0.00609621
30795, 0.00609639
30796, 0.00609657
30797, 0.00609676
30798, 0.00609696
30799, 0.00609715
30800, 0.00609733
30801, 0.00609752
30802, 0.00609772
30803, 0.00609790
30804, 0.00609808
30805, 0.00609826
30806, 0.00609843
30807, 0.00609862
30808, 0.00609880
30809, 0.00609898
30810, 0.00609916
30811, 0.00609934
30812, 0.00609952
30813, 0.00609969
30814, 0.00609987
30815, 0.00610004
30816, 0.00610022
30817, 0.00610040
30818, 0.00610061
30819, 0.00610079
30820, 0.00610096
30821, 0.00610114
30822, 0.00610132
30823, 0.00610156
30824, 0.00610174
30825, 0.00610192
30826, 0.00610210
30827, 0.00610228
30828, 0.00610246
30829, 0.00610264
30830, 0.00610282
30831, 0.00610307
30832, 0.00610325
30833, 0.00610342
30834, 0.00610359
30835, 0.00610377
30836, 0.00610395
30837, 0.00610413
30838, 0.00610431
30839, 0.00610449
30840, 0.00610467
30841, 0.00610485
30842, 0.00610503
30843, 0.00610521
30844, 0.00610539
30845, 0.00610557
30846, 0.00610574
30847, 0.00610600
30848, 0.00610618
30849, 0.00610639
30850, 0.00610656
30851, 0.00610674
30852, 0.00610692
30853, 0.00610710
30854, 0.00610727
30855, 0.00610745
30856, 0.00610763
30857, 0.00610781
30858, 0.00610799
30859, 0.00610816
30860, 0.00610834
30861, 0.00610851
30862, 0.00610870
30863, 0.00610888
30864, 0.00610908
30865, 0.00610926
30866, 0.00610944
30867, 0.00610961
30868, 0.00610979
30869, 0.00610997
30870, 0.00611014
30871, 0.00611032
30872, 0.00611049
30873, 0.00611067
30874, 0.00611086
30875, 0.00611327
30876, 0.00611346
30877, 0.00611365
30878, 0.00611383
30879, 0.00611401
30880, 0.00611419
30881, 0.00611436
30882, 0.00611454
30883, 0.00611471
30884, 0.00611488
30885, 0.00611505
30886, 0.00611523
30887, 0.00611540
30888, 0.00611557
30889, 0.00611574
30890, 0.00611592
30891, 0.00611609
30892, 0.00611627
30893, 0.00611644
30894, 0.00611662
30895, 0.00611680
30896, 0.00611697
30897, 0.00611714
30898, 0.00611731
30899, 0.00611748
30900, 0.00611766
30901, 0.00611783
30902, 0.00611801
30903, 0.00611818
30904, 0.00611836
30905, 0.00611853
30906, 0.00611870
30907, 0.00611888
30908, 0.00611905
30909, 0.00611923
30910, 0.00611940
30911, 0.00611958
30912, 0.00611975
30913, 0.00611992
30914, 0.00612009
30915, 0.00612026
30916, 0.00612044
30917, 0.00612061
30918, 0.00612079
30919, 0.00612096
30920, 0.00612113
30921, 0.00612130
30922, 0.00612147
30923, 0.00612165
30924, 0.00612183
30925, 0.00612200
30926, 0.00612218
30927, 0.00612235
30928, 0.00612253
30929, 0.00612270
30930, 0.00612288
30931, 0.00612305
30932, 0.00612322
30933, 0.00612340
30934, 0.00612359
30935, 0.00612376
30936, 0.00612394
30937, 0.00612411
30938, 0.00612428
30939, 0.00612446
30940, 0.00612463
30941, 0.00612480
30942, 0.00612498
30943, 0.00612515
30944, 0.00612532
30945, 0.00612550
30946, 0.00612567
30947, 0.00612584
30948, 0.00612602
30949, 0.00612619
30950, 0.00612637
30951, 0.00612654
30952, 0.00612671
30953, 0.00612688
30954, 0.00612706
30955, 0.00612723
30956, 0.00612740
30957, 0.00612758
30958, 0.00612775
30959, 0.00612792
30960, 0.00612809
30961, 0.00612827
30962, 0.00612844
30963, 0.00612861
30964, 0.00612879
30965, 0.00612896
30966, 0.00612913
30967, 0.00612930
30968, 0.00612948
30969, 0.00612965
30970, 0.00612983
30971, 0.00613000
30972, 0.00613017
30973, 0.00613035
30974, 0.00613052
30975, 0.00613069
30976, 0.00613087
30977, 0.00613104
30978, 0.00613121
30979, 0.00613138
30980, 0.00613155
30981, 0.00613173
30982, 0.00613190
30983, 0.00613207
30984, 0.00613225
30985, 0.00613242
30986, 0.00613259
30987, 0.00613276
30988, 0.00613294
30989, 0.00613311
30990, 0.00613328
30991, 0.00613346
30992, 0.00613363
30993, 0.00613380
30994, 0.00613398
30995, 0.00613415
30996, 0.00613432
30997, 0.00613450
30998, 0.00613467
30999, 0.00613484
31000, 0.00613503
31001, 0.00613720
31002, 0.00613739
31003, 0.00613757
31004, 0.00613774
31005, 0.00613791
31006, 0.00613809
31007, 0.00613826
31008, 0.00613844
31009, 0.00613861
31010, 0.00613879
31011, 0.00613896
31012, 0.00613913
31013, 0.00613931
31014, 0.00613948
31015, 0.00613966
31016, 0.00613983
31017, 0.00614000
31018, 0.00614018
31019, 0.00614035
31020, 0.00614055
31021, 0.00614072
31022, 0.00614090
31023, 0.00614107
31024, 0.00614125
31025, 0.00614142
31026, 0.00614159
31027, 0.00614177
31028, 0.00614194
31029, 0.00614212
31030, 0.00614229
31031, 0.00614246
31032, 0.00614264
31033, 0.00614281
31034, 0.00614298
31035, 0.00614316
31036, 0.00614333
31037, 0.00614350
31038, 0.00614368
31039, 0.00614385
31040, 0.00614402
31041, 0.00614419
31042, 0.00614436
31043, 0.00614454
31044, 0.00614471
31045, 0.00614489
31046, 0.00614506
31047, 0.00614523
31048, 0.00614544
31049, 0.00614561
31050, 0.00614578
31051, 0.00614595
31052, 0.00614613
31053, 0.00614630
31054, 0.00614648
31055, 0.00614665
31056, 0.00614682
31057, 0.00614699
31058, 0.00614717
31059, 0.00614734
31060, 0.00614752
31061, 0.00614769
31062, 0.00614786
31063, 0.00614804
31064, 0.00614821
31065, 0.00614839
31066, 0.00614856
31067, 0.00614873
31068, 0.00614891
31069, 0.00614908
31070, 0.00614925
31071, 0.00614943
31072, 0.00614960
31073, 0.00614977
31074, 0.00614994
31075, 0.00615011
31076, 0.00615029
31077, 0.00615046
31078, 0.00615063
31079, 0.00615081
31080, 0.00615098
31081, 0.00615116
31082, 0.00615133
31083, 0.00615150
31084, 0.00615168
31085, 0.00615185
31086, 0.00615203
31087, 0.00615220
31088, 0.00615237
31089, 0.00615255
31090, 0.00615272
31091, 0.00615289
31092, 0.00615306
31093, 0.00615323
31094, 0.00615341
31095, 0.00615358
31096, 0.00615375
31097, 0.00615392
31098, 0.00615410
31099, 0.00615427
31100, 0.00615445
31101, 0.00615462
31102, 0.00615479
31103, 0.00615497
31104, 0.00615514
31105, 0.00615531
31106, 0.00615548
31107, 0.00615566
31108, 0.00615583
31109, 0.00615600
31110, 0.00615618
31111, 0.00615635
31112, 0.00615653
31113, 0.00615670
31114, 0.00615687
31115, 0.00615704
31116, 0.00615724
31117, 0.00615741
31118, 0.00615758
31119, 0.00615775
31120, 0.00615793
31121, 0.00615810
31122, 0.00615827
31123, 0.00615845
31124, 0.00615862
31125, 0.00615879
31126, 0.00615898
31127, 0.00616112
31128, 0.00616131
31129, 0.00616149
31130, 0.00616167
31131, 0.00616184
31132, 0.00616202
31133, 0.00616219
31134, 0.00616236
31135, 0.00616253
31136, 0.00616271
31137, 0.00616288
31138, 0.00616305
31139, 0.00616322
31140, 0.00616340
31141, 0.00616357
31142, 0.00616374
31143, 0.00616392
31144, 0.00616409
31145, 0.00616426
31146, 0.00616444
31147, 0.00616461
31148, 0.00616478
31149, 0.00616495
31150, 0.00616513
31151, 0.00616530
31152, 0.00616547
31153, 0.00616565
31154, 0.00616582
31155, 0.00616599
31156, 0.00616616
31157, 0.00616634
31158, 0.00616651
31159, 0.00616668
31160, 0.00616686
31161, 0.00616704
31162, 0.00616722
31163, 0.00616741
31164, 0.00616759
31165, 0.00616776
31166, 0.00616793
31167, 0.00616811
31168, 0.00616828
31169, 0.00616846
31170, 0.00616864
31171, 0.00616882
31172, 0.00616900
31173, 0.00616918
31174, 0.00616936
31175, 0.00616954
31176, 0.00616972
31177, 0.00616990
31178, 0.00617007
31179, 0.00617024
31180, 0.00617042
31181, 0.00617059
31182, 0.00617077
31183, 0.00617094
31184, 0.00617111
31185, 0.00617129
31186, 0.00617146
31187, 0.00617163
31188, 0.00617181
31189, 0.00617198
31190, 0.00617215
31191, 0.00617232
31192, 0.00617250
31193, 0.00617267
31194, 0.00617284
31195, 0.00617301
31196, 0.00617319
31197, 0.00617336
31198, 0.00617353
31199, 0.00617370
31200, 0.00617388
31201, 0.00617405
31202, 0.00617423
31203, 0.00617440
31204, 0.00617457
31205, 0.00617475
31206, 0.00617492
31207, 0.00617510
31208, 0.00617527
31209, 0.00617545
31210, 0.00617562
31211, 0.00617580
31212, 0.00617597
31213, 0.00617615
31214, 0.00617632
31215, 0.00617650
31216, 0.00617667
31217, 0.00617684
31218, 0.00617702
31219, 0.00617719
31220, 0.00617736
31221, 0.00617754
31222, 0.00617771
31223, 0.00617788
31224, 0.00617806
31225, 0.00617823
31226, 0.00617840
31227, 0.00617857
31228, 0.00617874
31229, 0.00617892
31230, 0.00617912
31231, 0.00617940
31232, 0.00617957
31233, 0.00617974
31234, 0.00617992
31235, 0.00618009
31236, 0.00618027
31237, 0.00618044
31238, 0.00618061
31239, 0.00618087
31240, 0.00618105
31241, 0.00618122
31242, 0.00618140
31243, 0.00618157
31244, 0.00618174
31245, 0.00618192
31246, 0.00618209
31247, 0.00618238
31248, 0.00618255
31249, 0.00618273
31250, 0.00618290
31251, 0.00618307
31252, 0.00618329
31253, 0.00618544
31254, 0.00618564
31255, 0.00618588
31256, 0.00618606
31257, 0.00618623
31258, 0.00618641
31259, 0.00618658
31260, 0.00618676
31261, 0.00618694
31262, 0.00618711
31263, 0.00618736
31264, 0.00618753
31265, 0.00618771
31266, 0.00618788
31267, 0.00618805
31268, 0.00618825
31269, 0.00618842
31270, 0.00618860
31271, 0.00618884
31272, 0.00618901
31273, 0.00618918
31274, 0.00618936
31275, 0.00618953
31276, 0.00618970
31277, 0.00618988
31278, 0.00619005
31279, 0.00619029
31280, 0.00619047
31281, 0.00619075
31282, 0.00619093
31283, 0.00619110
31284, 0.00619127
31285, 0.00619145
31286, 0.00619162
31287, 0.00619188
31288, 0.00619205
31289, 0.00619222
31290, 0.00619240
31291, 0.00619257
31292, 0.00619274
31293, 0.00619292
31294, 0.00619309
31295, 0.00619334
31296, 0.00619351
31297, 0.00619368
31298, 0.00619386
31299, 0.00619403
31300, 0.00619420
31301, 0.00619438
31302, 0.00619455
31303, 0.00619480
31304, 0.00619497
31305, 0.00619514
31306, 0.00619531
31307, 0.00619549
31308, 0.00619566
31309, 0.00619583
31310, 0.00619601
31311, 0.00619618
31312, 0.00619636
31313, 0.00619653
31314, 0.00619670
31315, 0.00619688
31316, 0.00619705
31317, 0.00619722
31318, 0.00619739
31319, 0.00619757
31320, 0.00619774
31321, 0.00619798
31322, 0.00619815
31323, 0.00619832
31324, 0.00619850
31325, 0.00619867
31326, 0.00619885
31327, 0.00619902
31328, 0.00619919
31329, 0.00619937
31330, 0.00619954
31331, 0.00619972
31332, 0.00619989
31333, 0.00620007
31334, 0.00620024
31335, 0.00620042
31336, 0.00620060
31337, 0.00620078
31338, 0.00620096
31339, 0.00620116
31340, 0.00620134
31341, 0.00620152
31342, 0.00620170
31343, 0.00620188
31344, 0.00620206
31345, 0.00620224
31346, 0.00620242
31347, 0.00620259
31348, 0.00620277
31349, 0.00620294
31350, 0.00620312
31351, 0.00620329
31352, 0.00620347
31353, 0.00620364
31354, 0.00620381
31355, 0.00620399
31356, 0.00620416
31357, 0.00620434
31358, 0.00620452
31359, 0.00620470
31360, 0.00620488
31361, 0.00620506
31362, 0.00620523
31363, 0.00620541
31364, 0.00620559
31365, 0.00620576
31366, 0.00620594
31367, 0.00620612
31368, 0.00620630
31369, 0.00620648
31370, 0.00620665
31371, 0.00620682
31372, 0.00620700
31373, 0.00620717
31374, 0.00620734
31375, 0.00620752
31376, 0.00620769
31377, 0.00620786
31378, 0.00620805
31379, 0.00621015
31380, 0.00621036
31381, 0.00621054
31382, 0.00621071
31383, 0.00621089
31384, 0.00621106
31385, 0.00621124
31386, 0.00621142
31387, 0.00621159
31388, 0.00621176
31389, 0.00621194
31390, 0.00621211
31391, 0.00621228
31392, 0.00621246
31393, 0.00621263
31394, 0.00621280
31395, 0.00621298
31396, 0.00621315
31397, 0.00621333
31398, 0.00621350
31399, 0.00621368
31400, 0.00621385
31401, 0.00621402
31402, 0.00621419
31403, 0.00621436
31404, 0.00621453
31405, 0.00621471
31406, 0.00621488
31407, 0.00621505
31408, 0.00621523
31409, 0.00621540
31410, 0.00621557
31411, 0.00621575
31412, 0.00621592
31413, 0.00621610
31414, 0.00621627
31415, 0.00621645
31416, 0.00621662
31417, 0.00621680
31418, 0.00621697
31419, 0.00621715
31420, 0.00621732
31421, 0.00621749
31422, 0.00621769
31423, 0.00621786
31424, 0.00621803
31425, 0.00621820
31426, 0.00621838
31427, 0.00621855
31428, 0.00621872
31429, 0.00621889
31430, 0.00621907
31431, 0.00621924
31432, 0.00621941
31433, 0.00621958
31434, 0.00621975
31435, 0.00621992
31436, 0.00622010
31437, 0.00622027
31438, 0.00622044
31439, 0.00622061
31440, 0.00622079
31441, 0.00622096
31442, 0.00622113
31443, 0.00622130
31444, 0.00622148
31445, 0.00622165
31446, 0.00622182
31447, 0.00622200
31448, 0.00622217
31449, 0.00622234
31450, 0.00622251
31451, 0.00622268
31452, 0.00622286
31453, 0.00622303
31454, 0.00622320
31455, 0.00622337
31456, 0.00622354
31457, 0.00622372
31458, 0.00622389
31459, 0.00622406
31460, 0.00622423
31461, 0.00622440
31462, 0.00622457
31463, 0.00622474
31464, 0.00622491
31465, 0.00622509
31466, 0.00622526
31467, 0.00622543
31468, 0.00622561
31469, 0.00622578
31470, 0.00622595
31471, 0.00622612
31472, 0.00622630
31473, 0.00622647
31474, 0.00622664
31475, 0.00622681
31476, 0.00622699
31477, 0.00622716
31478, 0.00622735
31479, 0.00622753
31480, 0.00622770
31481, 0.00622787
31482, 0.00622804
31483, 0.00622822
31484, 0.00622840
31485, 0.00622857
31486, 0.00622874
31487, 0.00622892
31488, 0.00622909
31489, 0.00622927
31490, 0.00622953
31491, 0.00622971
31492, 0.00622988
31493, 0.00623005
31494, 0.00623023
31495, 0.00623040
31496, 0.00623057
31497, 0.00623075
31498, 0.00623092
31499, 0.00623109
31500, 0.00623127
31501, 0.00623144
31502, 0.00623162
31503, 0.00623179
31504, 0.00623198
31505, 0.00623413
31506, 0.00623434
31507, 0.00623452
31508, 0.00623470
31509, 0.00623488
31510, 0.00623506
31511, 0.00623524
31512, 0.00623542
31513, 0.00623560
31514, 0.00623578
31515, 0.00623596
31516, 0.00623614
31517, 0.00623631
31518, 0.00623649
31519, 0.00623666
31520, 0.00623684
31521, 0.00623701
31522, 0.00623718
31523, 0.00623736
31524, 0.00623753
31525, 0.00623771
31526, 0.00623788
31527, 0.00623805
31528, 0.00623822
31529, 0.00623840
31530, 0.00623857
31531, 0.00623875
31532, 0.00623892
31533, 0.00623909
31534, 0.00623927
31535, 0.00623944
31536, 0.00623961
31537, 0.00623979
31538, 0.00623996
31539, 0.00624013
31540, 0.00624031
31541, 0.00624049
31542, 0.00624066
31543, 0.00624084
31544, 0.00624101
31545, 0.00624119
31546, 0.00624138
31547, 0.00624155
31548, 0.00624173
31549, 0.00624190
31550, 0.00624208
31551, 0.00624226
31552, 0.00624243
31553, 0.00624261
31554, 0.00624278
31555, 0.00624295
31556, 0.00624312
31557, 0.00624329
31558, 0.00624347
31559, 0.00624364
31560, 0.00624382
31561, 0.00624399
31562, 0.00624416
31563, 0.00624434
31564, 0.00624451
31565, 0.00624468
31566, 0.00624485
31567, 0.00624502
31568, 0.00624520
31569, 0.00624537
31570, 0.00624554
31571, 0.00624571
31572, 0.00624588
31573, 0.00624605
31574, 0.00624623
31575, 0.00624640
31576, 0.00624657
31577, 0.00624677
31578, 0.00624694
31579, 0.00624711
31580, 0.00624729
31581, 0.00624746
31582, 0.00624764
31583, 0.00624781
31584, 0.00624799
31585, 0.00624816
31586, 0.00624833
31587, 0.00624851
31588, 0.00624868
31589, 0.00624885
31590, 0.00624903
31591, 0.00624921
31592, 0.00624938
31593, 0.00624955
31594, 0.00624973
31595, 0.00624990
31596, 0.00625007
31597, 0.00625024
31598, 0.00625041
31599, 0.00625059
31600, 0.00625076
31601, 0.00625093
31602, 0.00625115
31603, 0.00625132
31604, 0.00625150
31605, 0.00625167
31606, 0.00625184
31607, 0.00625202
31608, 0.00625219
31609, 0.00625237
31610, 0.00625254
31611, 0.00625271
31612, 0.00625289
31613, 0.00625306
31614, 0.00625323
31615, 0.00625342
31616, 0.00625360
31617, 0.00625377
31618, 0.00625394
31619, 0.00625412
31620, 0.00625429
31621, 0.00625447
31622, 0.00625464
31623, 0.00625482
31624, 0.00625499
31625, 0.00625517
31626, 0.00625534
31627, 0.00625552
31628, 0.00625569
31629, 0.00625587
31630, 0.00625606
31631, 0.00625819
31632, 0.00625838
31633, 0.00625855
31634, 0.00625873
31635, 0.00625891
31636, 0.00625908
31637, 0.00625926
31638, 0.00625943
31639, 0.00625962
31640, 0.00625979
31641, 0.00625997
31642, 0.00626014
31643, 0.00626032
31644, 0.00626049
31645, 0.00626067
31646, 0.00626086
31647, 0.00626103
31648, 0.00626121
31649, 0.00626139
31650, 0.00626156
31651, 0.00626173
31652, 0.00626191
31653, 0.00626208
31654, 0.00626226
31655, 0.00626244
31656, 0.00626261
31657, 0.00626279
31658, 0.00626296
31659, 0.00626313
31660, 0.00626331
31661, 0.00626348
31662, 0.00626365
31663, 0.00626383
31664, 0.00626400
31665, 0.00626417
31666, 0.00626435
31667, 0.00626452
31668, 0.00626470
31669, 0.00626487
31670, 0.00626505
31671, 0.00626522
31672, 0.00626540
31673, 0.00626557
31674, 0.00626574
31675, 0.00626592
31676, 0.00626610
31677, 0.00626627
31678, 0.00626645
31679, 0.00626662
31680, 0.00626679
31681, 0.00626697
31682, 0.00626714
31683, 0.00626732
31684, 0.00626749
31685, 0.00626767
31686, 0.00626784
31687, 0.00626801
31688, 0.00626818
31689, 0.00626836
31690, 0.00626853
31691, 0.00626870
31692, 0.00626888
31693, 0.00626905
31694, 0.00626922
31695, 0.00626940
31696, 0.00626957
31697, 0.00626975
31698, 0.00626992
31699, 0.00627009
31700, 0.00627027
31701, 0.00627044
31702, 0.00627061
31703, 0.00627078
31704, 0.00627096
31705, 0.00627113
31706, 0.00627130
31707, 0.00627147
31708, 0.00627164
31709, 0.00627182
31710, 0.00627199
31711, 0.00627216
31712, 0.00627234
31713, 0.00627251
31714, 0.00627268
31715, 0.00627285
31716, 0.00627302
31717, 0.00627319
31718, 0.00627337
31719, 0.00627354
31720, 0.00627371
31721, 0.00627389
31722, 0.00627406
31723, 0.00627423
31724, 0.00627440
31725, 0.00627457
31726, 0.00627474
31727, 0.00627492
31728, 0.00627510
31729, 0.00627527
31730, 0.00627545
31731, 0.00627562
31732, 0.00627580
31733, 0.00627597
31734, 0.00627615
31735, 0.00627632
31736, 0.00627649
31737, 0.00627667
31738, 0.00627684
31739, 0.00627702
31740, 0.00627719
31741, 0.00627737
31742, 0.00627754
31743, 0.00627779
31744, 0.00627797
31745, 0.00627814
31746, 0.00627831
31747, 0.00627849
31748, 0.00627866
31749, 0.00627883
31750, 0.00627901
31751, 0.00627926
31752, 0.00627943
31753, 0.00627960
31754, 0.00627978
31755, 0.00627995
31756, 0.00628014
31757, 0.00628228
31758, 0.00628247
31759, 0.00628272
31760, 0.00628289
31761, 0.00628307
31762, 0.00628324
31763, 0.00628341
31764, 0.00628359
31765, 0.00628376
31766, 0.00628393
31767, 0.00628418
31768, 0.00628436
31769, 0.00628453
31770, 0.00628471
31771, 0.00628489
31772, 0.00628507
31773, 0.00628525
31774, 0.00628543
31775, 0.00628568
31776, 0.00628586
31777, 0.00628604
31778, 0.00628623
31779, 0.00628641
31780, 0.00628659
31781, 0.00628677
31782, 0.00628694
31783, 0.00628719
31784, 0.00628736
31785, 0.00628753
31786, 0.00628772
31787, 0.00628790
31788, 0.00628807
31789, 0.00628824
31790, 0.00628841
31791, 0.00628866
31792, 0.00628883
31793, 0.00628901
31794, 0.00628918
31795, 0.00628936
31796, 0.00628953
31797, 0.00628970
31798, 0.00628988
31799, 0.00629012
31800, 0.00629029
31801, 0.00629047
31802, 0.00629064
31803, 0.00629082
31804, 0.00629099
31805, 0.00629116
31806, 0.00629134
31807, 0.00629160
31808, 0.00629177
31809, 0.00629195
31810, 0.00629212
31811, 0.00629230
31812, 0.00629247
31813, 0.00629264
31814, 0.00629282
31815, 0.00629299
31816, 0.00629316
31817, 0.00629334
31818, 0.00629352
31819, 0.00629370
31820, 0.00629388
31821, 0.00629406
31822, 0.00629424
31823, 0.00629442
31824, 0.00629459
31825, 0.00629477
31826, 0.00629494
31827, 0.00629511
31828, 0.00629529
31829, 0.00629546
31830, 0.00629564
31831, 0.00629581
31832, 0.00629598
31833, 0.00629615
31834, 0.00629632
31835, 0.00629650
31836, 0.00629667
31837, 0.00629684
31838, 0.00629701
31839, 0.00629718
31840, 0.00629735
31841, 0.00629752
31842, 0.00629770
31843, 0.00629787
31844, 0.00629804
31845, 0.00629821
31846, 0.00629838
31847, 0.00629855
31848, 0.00629872
31849, 0.00629890
31850, 0.00629907
31851, 0.00629924
31852, 0.00629941
31853, 0.00629958
31854, 0.00629977
31855, 0.00629995
31856, 0.00630012
31857, 0.00630030
31858, 0.00630047
31859, 0.00630065
31860, 0.00630082
31861, 0.00630099
31862, 0.00630117
31863, 0.00630134
31864, 0.00630152
31865, 0.00630169
31866, 0.00630187
31867, 0.00630204
31868, 0.00630222
31869, 0.00630239
31870, 0.00630256
31871, 0.00630274
31872, 0.00630291
31873, 0.00630309
31874, 0.00630326
31875, 0.00630344
31876, 0.00630361
31877, 0.00630379
31878, 0.00630396
31879, 0.00630413
31880, 0.00630431
31881, 0.00630448
31882, 0.00630467
31883, 0.00630678
31884, 0.00630698
31885, 0.00630716
31886, 0.00630734
31887, 0.00630751
31888, 0.00630768
31889, 0.00630786
31890, 0.00630803
31891, 0.00630820
31892, 0.00630837
31893, 0.00630855
31894, 0.00630872
31895, 0.00630890
31896, 0.00630907
31897, 0.00630924
31898, 0.00630941
31899, 0.00630959
31900, 0.00630977
31901, 0.00630995
31902, 0.00631012
31903, 0.00631030
31904, 0.00631047
31905, 0.00631065
31906, 0.00631082
31907, 0.00631099
31908, 0.00631117
31909, 0.00631134
31910, 0.00631151
31911, 0.00631168
31912, 0.00631186
31913, 0.00631203
31914, 0.00631220
31915, 0.00631238
31916, 0.00631257
31917, 0.00631274
31918, 0.00631291
31919, 0.00631309
31920, 0.00631326
31921, 0.00631343
31922, 0.00631361
31923, 0.00631378
31924, 0.00631395
31925, 0.00631412
31926, 0.00631430
31927, 0.00631447
31928, 0.00631465
31929, 0.00631482
31930, 0.00631499
31931, 0.00631517
31932, 0.00631534
31933, 0.00631551
31934, 0.00631568
31935, 0.00631585
31936, 0.00631603
31937, 0.00631620
31938, 0.00631638
31939, 0.00631657
31940, 0.00631675
31941, 0.00631692
31942, 0.00631709
31943, 0.00631726
31944, 0.00631743
31945, 0.00631760
31946, 0.00631777
31947, 0.00631795
31948, 0.00631812
31949, 0.00631830
31950, 0.00631847
31951, 0.00631864
31952, 0.00631881
31953, 0.00631898
31954, 0.00631916
31955, 0.00631933
31956, 0.00631950
31957, 0.00631968
31958, 0.00631985
31959, 0.00632002
31960, 0.00632019
31961, 0.00632037
31962, 0.00632054
31963, 0.00632071
31964, 0.00632088
31965, 0.00632106
31966, 0.00632123
31967, 0.00632141
31968, 0.00632158
31969, 0.00632175
31970, 0.00632193
31971, 0.00632210
31972, 0.00632227
31973, 0.00632245
31974, 0.00632262
31975, 0.00632279
31976, 0.00632297
31977, 0.00632314
31978, 0.00632331
31979, 0.00632349
31980, 0.00632366
31981, 0.00632383
31982, 0.00632403
31983, 0.00632420
31984, 0.00632437
31985, 0.00632454
31986, 0.00632472
31987, 0.00632489
31988, 0.00632507
31989, 0.00632524
31990, 0.00632541
31991, 0.00632558
31992, 0.00632575
31993, 0.00632593
31994, 0.00632610
31995, 0.00632627
31996, 0.00632645
31997, 0.00632662
31998, 0.00632680
31999, 0.00632697
32000, 0.00632715
32001, 0.00632732
32002, 0.00632749
32003, 0.00632767
32004, 0.00632784
32005, 0.00632802
32006, 0.00632819
32007, 0.00632836
32008, 0.00632855
32009, 0.00633067
32010, 0.00633087
32011, 0.00633105
32012, 0.00633123
32013, 0.00633141
32014, 0.00633158
32015, 0.00633176
32016, 0.00633194
32017, 0.00633211
32018, 0.00633228
32019, 0.00633246
32020, 0.00633263
32021, 0.00633281
32022, 0.00633298
32023, 0.00633315
32024, 0.00633333
32025, 0.00633350
32026, 0.00633367
32027, 0.00633385
32028, 0.00633402
32029, 0.00633419
32030, 0.00633437
32031, 0.00633454
32032, 0.00633471
32033, 0.00633489
32034, 0.00633506
32035, 0.00633523
32036, 0.00633540
32037, 0.00633558
32038, 0.00633576
32039, 0.00633593
32040, 0.00633610
32041, 0.00633628
32042, 0.00633645
32043, 0.00633662
32044, 0.00633680
32045, 0.00633697
32046, 0.00633714
32047, 0.00633731
32048, 0.00633749
32049, 0.00633766
32050, 0.00633784
32051, 0.00633801
32052, 0.00633818
32053, 0.00633836
32054, 0.00633853
32055, 0.00633870
32056, 0.00633888
32057, 0.00633905
32058, 0.00633922
32059, 0.00633940
32060, 0.00633957
32061, 0.00633974
32062, 0.00633992
32063, 0.00634009
32064, 0.00634027
32065, 0.00634044
32066, 0.00634061
32067, 0.00634078
32068, 0.00634096
32069, 0.00634113
32070, 0.00634130
32071, 0.00634147
32072, 0.00634165
32073, 0.00634182
32074, 0.00634199
32075, 0.00634216
32076, 0.00634233
32077, 0.00634251
32078, 0.00634268
32079, 0.00634285
32080, 0.00634303
32081, 0.00634319
32082, 0.00634337
32083, 0.00634354
32084, 0.00634372
32085, 0.00634389
32086, 0.00634407
32087, 0.00634424
32088, 0.00634441
32089, 0.00634458
32090, 0.00634476
32091, 0.00634493
32092, 0.00634510
32093, 0.00634527
32094, 0.00634544
32095, 0.00634562
32096, 0.00634579
32097, 0.00634596
32098, 0.00634613
32099, 0.00634631
32100, 0.00634649
32101, 0.00634666
32102, 0.00634684
32103, 0.00634701
32104, 0.00634718
32105, 0.00634735
32106, 0.00634753
32107, 0.00634770
32108, 0.00634787
32109, 0.00634804
32110, 0.00634821
32111, 0.00634839
32112, 0.00634856
32113, 0.00634873
32114, 0.00634890
32115, 0.00634907
32116, 0.00634925
32117, 0.00634942
32118, 0.00634959
32119, 0.00634976
32120, 0.00634993
32121, 0.00635011
32122, 0.00635028
32123, 0.00635045
32124, 0.00635062
32125, 0.00635079
32126, 0.00635097
32127, 0.00635114
32128, 0.00635131
32129, 0.00635149
32130, 0.00635166
32131, 0.00635183
32132, 0.00635200
32133, 0.00635217
32134, 0.00635236
32135, 0.00635442
32136, 0.00635463
32137, 0.00635481
32138, 0.00635499
32139, 0.00635516
32140, 0.00635534
32141, 0.00635551
32142, 0.00635569
32143, 0.00635586
32144, 0.00635604
32145, 0.00635621
32146, 0.00635638
32147, 0.00635655
32148, 0.00635673
32149, 0.00635690
32150, 0.00635707
32151, 0.00635724
32152, 0.00635741
32153, 0.00635758
32154, 0.00635776
32155, 0.00635793
32156, 0.00635811
32157, 0.00635828
32158, 0.00635846
32159, 0.00635863
32160, 0.00635881
32161, 0.00635898
32162, 0.00635915
32163, 0.00635933
32164, 0.00635950
32165, 0.00635967
32166, 0.00635991
32167, 0.00636009
32168, 0.00636026
32169, 0.00636043
32170, 0.00636060
32171, 0.00636078
32172, 0.00636095
32173, 0.00636113
32174, 0.00636131
32175, 0.00636149
32176, 0.00636166
32177, 0.00636184
32178, 0.00636201
32179, 0.00636218
32180, 0.00636235
32181, 0.00636253
32182, 0.00636270
32183, 0.00636288
32184, 0.00636305
32185, 0.00636322
32186, 0.00636339
32187, 0.00636357
32188, 0.00636374
32189, 0.00636391
32190, 0.00636409
32191, 0.00636427
32192, 0.00636444
32193, 0.00636461
32194, 0.00636478
32195, 0.00636496
32196, 0.00636513
32197, 0.00636530
32198, 0.00636548
32199, 0.00636565
32200, 0.00636582
32201, 0.00636599
32202, 0.00636616
32203, 0.00636634
32204, 0.00636651
32205, 0.00636668
32206, 0.00636686
32207, 0.00636703
32208, 0.00636721
32209, 0.00636738
32210, 0.00636756
32211, 0.00636773
32212, 0.00636790
32213, 0.00636808
32214, 0.00636825
32215, 0.00636842
32216, 0.00636860
32217, 0.00636877
32218, 0.00636894
32219, 0.00636912
32220, 0.00636929
32221, 0.00636946
32222, 0.00636964
32223, 0.00636982
32224, 0.00636999
32225, 0.00637017
32226, 0.00637034
32227, 0.00637055
32228, 0.00637073
32229, 0.00637090
32230, 0.00637108
32231, 0.00637125
32232, 0.00637142
32233, 0.00637160
32234, 0.00637177
32235, 0.00637195
32236, 0.00637212
32237, 0.00637229
32238, 0.00637247
32239, 0.00637264
32240, 0.00637282
32241, 0.00637300
32242, 0.00637317
32243, 0.00637335
32244, 0.00637352
32245, 0.00637370
32246, 0.00637387
32247, 0.00637405
32248, 0.00637422
32249, 0.00637439
32250, 0.00637457
32251, 0.00637474
32252, 0.00637491
32253, 0.00637509
32254, 0.00637526
32255, 0.00637553
32256, 0.00637570
32257, 0.00637587
32258, 0.00637605
32259, 0.00637622
32260, 0.00637641
32261, 0.00637856
32262, 0.00637875
32263, 0.00637893
32264, 0.00637911
32265, 0.00637928
32266, 0.00637946
32267, 0.00637963
32268, 0.00637981
32269, 0.00637998
32270, 0.00638015
32271, 0.00638034
32272, 0.00638052
32273, 0.00638069
32274, 0.00638086
32275, 0.00638104
32276, 0.00638121
32277, 0.00638138
32278, 0.00638156
32279, 0.00638173
32280, 0.00638190
32281, 0.00638207
32282, 0.00638225
32283, 0.00638243
32284, 0.00638260
32285, 0.00638277
32286, 0.00638294
32287, 0.00638311
32288, 0.00638329
32289, 0.00638346
32290, 0.00638364
32291, 0.00638381
32292, 0.00638398
32293, 0.00638415
32294, 0.00638432
32295, 0.00638449
32296, 0.00638467
32297, 0.00638484
32298, 0.00638501
32299, 0.00638518
32300, 0.00638536
32301, 0.00638553
32302, 0.00638570
32303, 0.00638587
32304, 0.00638605
32305, 0.00638622
32306, 0.00638640
32307, 0.00638657
32308, 0.00638674
32309, 0.00638691
32310, 0.00638708
32311, 0.00638725
32312, 0.00638742
32313, 0.00638759
32314, 0.00638777
32315, 0.00638794
32316, 0.00638811
32317, 0.00638828
32318, 0.00638845
32319, 0.00638863
32320, 0.00638880
32321, 0.00638897
32322, 0.00638914
32323, 0.00638931
32324, 0.00638948
32325, 0.00638966
32326, 0.00638983
32327, 0.00639000
32328, 0.00639017
32329, 0.00639035
32330, 0.00639059
32331, 0.00639076
32332, 0.00639093
32333, 0.00639110
32334, 0.00639128
32335, 0.00639145
32336, 0.00639162
32337, 0.00639179
32338, 0.00639197
32339, 0.00639214
32340, 0.00639231
32341, 0.00639248
32342, 0.00639266
32343, 0.00639283
32344, 0.00639301
32345, 0.00639319
32346, 0.00639337
32347, 0.00639355
32348, 0.00639373
32349, 0.00639390
32350, 0.00639408
32351, 0.00639426
32352, 0.00639444
32353, 0.00639467
32354, 0.00639485
32355, 0.00639503
32356, 0.00639520
32357, 0.00639538
32358, 0.00639555
32359, 0.00639575
32360, 0.00639592
32361, 0.00639609
32362, 0.00639627
32363, 0.00639644
32364, 0.00639662
32365, 0.00639679
32366, 0.00639696
32367, 0.00639713
32368, 0.00639731
32369, 0.00639748
32370, 0.00639765
32371, 0.00639782
32372, 0.00639800
32373, 0.00639817
32374, 0.00639835
32375, 0.00639852
32376, 0.00639869
32377, 0.00639887
32378, 0.00639904
32379, 0.00639921
32380, 0.00639939
32381, 0.00639956
32382, 0.00639973
32383, 0.00639991
32384, 0.00640008
32385, 0.00640025
32386, 0.00640044
32387, 0.00640256
32388, 0.00640275
32389, 0.00640293
32390, 0.00640311
32391, 0.00640329
32392, 0.00640346
32393, 0.00640364
32394, 0.00640381
32395, 0.00640398
32396, 0.00640416
32397, 0.00640433
32398, 0.00640450
32399, 0.00640468
32400, 0.00640485
32401, 0.00640503
32402, 0.00640520
32403, 0.00640538
32404, 0.00640555
32405, 0.00640572
32406, 0.00640590
32407, 0.00640608
32408, 0.00640625
32409, 0.00640643
32410, 0.00640660
32411, 0.00640677
32412, 0.00640694
32413, 0.00640712
32414, 0.00640729
32415, 0.00640746
32416, 0.00640763
32417, 0.00640780
32418, 0.00640798
32419, 0.00640815
32420, 0.00640832
32421, 0.00640849
32422, 0.00640866
32423, 0.00640884
32424, 0.00640901
32425, 0.00640918
32426, 0.00640936
32427, 0.00640953
32428, 0.00640971
32429, 0.00640988
32430, 0.00641006
32431, 0.00641023
32432, 0.00641040
32433, 0.00641057
32434, 0.00641075
32435, 0.00641092
32436, 0.00641109
32437, 0.00641127
32438, 0.00641144
32439, 0.00641162
32440, 0.00641179
32441, 0.00641197
32442, 0.00641214
32443, 0.00641232
32444, 0.00641250
32445, 0.00641268
32446, 0.00641286
32447, 0.00641304
32448, 0.00641324
32449, 0.00641342
32450, 0.00641360
32451, 0.00641378
32452, 0.00641396
32453, 0.00641414
32454, 0.00641432
32455, 0.00641450
32456, 0.00641468
32457, 0.00641486
32458, 0.00641504
32459, 0.00641521
32460, 0.00641539
32461, 0.00641556
32462, 0.00641573
32463, 0.00641591
32464, 0.00641608
32465, 0.00641625
32466, 0.00641643
32467, 0.00641660
32468, 0.00641678
32469, 0.00641695
32470, 0.00641713
32471, 0.00641730
32472, 0.00641748
32473, 0.00641765
32474, 0.00641783
32475, 0.00641800
32476, 0.00641818
32477, 0.00641835
32478, 0.00641853
32479, 0.00641871
32480, 0.00641888
32481, 0.00641906
32482, 0.00641923
32483, 0.00641940
32484, 0.00641958
32485, 0.00641975
32486, 0.00641992
32487, 0.00642010
32488, 0.00642027
32489, 0.00642045
32490, 0.00642064
32491, 0.00642081
32492, 0.00642098
32493, 0.00642116
32494, 0.00642133
32495, 0.00642151
32496, 0.00642168
32497, 0.00642186
32498, 0.00642203
32499, 0.00642221
32500, 0.00642238
32501, 0.00642256
32502, 0.00642273
32503, 0.00642291
32504, 0.00642308
32505, 0.00642325
32506, 0.00642343
32507, 0.00642360
32508, 0.00642378
32509, 0.00642395
32510, 0.00642413
32511, 0.00642430
32512, 0.00642449
32513, 0.00642657
32514, 0.00642675
32515, 0.00642694
32516, 0.00642711
32517, 0.00642729
32518, 0.00642747
32519, 0.00642764
32520, 0.00642781
32521, 0.00642799
32522, 0.00642816
32523, 0.00642834
32524, 0.00642851
32525, 0.00642869
32526, 0.00642887
32527, 0.00642904
32528, 0.00642922
32529, 0.00642940
32530, 0.00642957
32531, 0.00642975
32532, 0.00642993
32533, 0.00643010
32534, 0.00643028
32535, 0.00643045
32536, 0.00643063
32537, 0.00643080
32538, 0.00643098
32539, 0.00643115
32540, 0.00643133
32541, 0.00643150
32542, 0.00643168
32543, 0.00643185
32544, 0.00643203
32545, 0.00643220
32546, 0.00643238
32547, 0.00643256
32548, 0.00643274
32549, 0.00643291
32550, 0.00643309
32551, 0.00643326
32552, 0.00643344
32553, 0.00643361
32554, 0.00643379
32555, 0.00643397
32556, 0.00643414
32557, 0.00643432
32558, 0.00643449
32559, 0.00643467
32560, 0.00643484
32561, 0.00643502
32562, 0.00643519
32563, 0.00643537
32564, 0.00643554
32565, 0.00643572
32566, 0.00643589
32567, 0.00643606
32568, 0.00643624
32569, 0.00643642
32570, 0.00643659
32571, 0.00643677
32572, 0.00643695
32573, 0.00643713
32574, 0.00643730
32575, 0.00643748
32576, 0.00643765
32577, 0.00643783
32578, 0.00643800
32579, 0.00643818
32580, 0.00643835
32581, 0.00643853
32582, 0.00643871
32583, 0.00643888
32584, 0.00643906
32585, 0.00643923
32586, 0.00643941
32587, 0.00643958
32588, 0.00643976
32589, 0.00643993
32590, 0.00644011
32591, 0.00644029
32592, 0.00644046
32593, 0.00644064
32594, 0.00644082
32595, 0.00644100
32596, 0.00644117
32597, 0.00644135
32598, 0.00644152
32599, 0.00644170
32600, 0.00644188
32601, 0.00644205
32602, 0.00644223
32603, 0.00644241
32604, 0.00644259
32605, 0.00644276
32606, 0.00644294
32607, 0.00644311
32608, 0.00644329
32609, 0.00644346
32610, 0.00644364
32611, 0.00644382
32612, 0.00644399
32613, 0.00644417
32614, 0.00644435
32615, 0.00644452
32616, 0.00644470
32617, 0.00644488
32618, 0.00644506
32619, 0.00644524
32620, 0.00644541
32621, 0.00644558
32622, 0.00644576
32623, 0.00644594
32624, 0.00644611
32625, 0.00644629
32626, 0.00644646
32627, 0.00644664
32628, 0.00644681
32629, 0.00644699
32630, 0.00644717
32631, 0.00644734
32632, 0.00644752
32633, 0.00644770
32634, 0.00644787
32635, 0.00644805
32636, 0.00644823
32637, 0.00644840
32638, 0.00644859
32639, 0.00645067
32640, 0.00645087
32641, 0.00645105
32642, 0.00645122
32643, 0.00645139
32644, 0.00645157
32645, 0.00645174
32646, 0.00645191
32647, 0.00645209
32648, 0.00645226
32649, 0.00645243
32650, 0.00645261
32651, 0.00645278
32652, 0.00645295
32653, 0.00645313
32654, 0.00645330
32655, 0.00645347
32656, 0.00645365
32657, 0.00645382
32658, 0.00645399
32659, 0.00645417
32660, 0.00645434
32661, 0.00645452
32662, 0.00645469
32663, 0.00645487
32664, 0.00645505
32665, 0.00645522
32666, 0.00645540
32667, 0.00645557
32668, 0.00645575
32669, 0.00645592
32670, 0.00645610
32671, 0.00645628
32672, 0.00645645
32673, 0.00645663
32674, 0.00645680
32675, 0.00645698
32676, 0.00645715
32677, 0.00645732
32678, 0.00645750
32679, 0.00645770
32680, 0.00645788
32681, 0.00645806
32682, 0.00645824
32683, 0.00645842
32684, 0.00645860
32685, 0.00645878
32686, 0.00645896
32687, 0.00645914
32688, 0.00645932
32689, 0.00645950
32690, 0.00645968
32691, 0.00645986
32692, 0.00646004
32693, 0.00646021
32694, 0.00646039
32695, 0.00646056
32696, 0.00646074
32697, 0.00646091
32698, 0.00646108
32699, 0.00646126
32700, 0.00646143
32701, 0.00646161
32702, 0.00646179
32703, 0.00646196
32704, 0.00646214
32705, 0.00646231
32706, 0.00646249
32707, 0.00646267
32708, 0.00646285
32709, 0.00646303
32710, 0.00646321
32711, 0.00646339
32712, 0.00646356
32713, 0.00646373
32714, 0.00646390
32715, 0.00646408
32716, 0.00646426
32717, 0.00646443
32718, 0.00646460
32719, 0.00646478
32720, 0.00646495
32721, 0.00646513
32722, 0.00646530
32723, 0.00646548
32724, 0.00646565
32725, 0.00646582
32726, 0.00646600
32727, 0.00646617
32728, 0.00646634
32729, 0.00646652
32730, 0.00646669
32731, 0.00646692
32732, 0.00646710
32733, 0.00646727
32734, 0.00646745
32735, 0.00646762
32736, 0.00646780
32737, 0.00646797
32738, 0.00646815
32739, 0.00646832
32740, 0.00646850
32741, 0.00646869
32742, 0.00646886
32743, 0.00646904
32744, 0.00646922
32745, 0.00646940
32746, 0.00646957
32747, 0.00646975
32748, 0.00646992
32749, 0.00647010
32750, 0.00647027
32751, 0.00647044
32752, 0.00647062
32753, 0.00647079
32754, 0.00647097
32755, 0.00647114
32756, 0.00647132
32757, 0.00647149
32758, 0.00647166
32759, 0.00647184
32760, 0.00647201
32761, 0.00647219
32762, 0.00647236
32763, 0.00647253
32764, 0.00647272
32765, 0.00647480
32766, 0.00647500
32767, 0.00647526
32768, 0.00647546
32769, 0.00647564
32770, 0.00647582
32771, 0.00647602
32772, 0.00647619
32773, 0.00647637
32774, 0.00647655
32775, 0.00647672
32776, 0.00647690
32777, 0.00647708
32778, 0.00647726
32779, 0.00647744
32780, 0.00647761
32781, 0.00647779
32782, 0.00647797
32783, 0.00647814
32784, 0.00647831
32785, 0.00647851
32786, 0.00647869
32787, 0.00647888
32788, 0.00647906
32789, 0.00647924
32790, 0.00647942
32791, 0.00647960
32792, 0.00647979
32793, 0.00647996
32794, 0.00648014
32795, 0.00648033
32796, 0.00648050
32797, 0.00648068
32798, 0.00648088
32799, 0.00648106
32800, 0.00648124
32801, 0.00648142
32802, 0.00648160
32803, 0.00648178
32804, 0.00648196
32805, 0.00648213
32806, 0.00648231
32807, 0.00648248
32808, 0.00648266
32809, 0.00648284
32810, 0.00648302
32811, 0.00648320
32812, 0.00648338
32813, 0.00648356
32814, 0.00648374
32815, 0.00648391
32816, 0.00648412
32817, 0.00648429
32818, 0.00648447
32819, 0.00648465
32820, 0.00648483
32821, 0.00648501
32822, 0.00648518
32823, 0.00648536
32824, 0.00648554
32825, 0.00648572
32826, 0.00648590
32827, 0.00648608
32828, 0.00648626
32829, 0.00648644
32830, 0.00648662
32831, 0.00648682
32832, 0.00648700
32833, 0.00648718
32834, 0.00648736
32835, 0.00648753
32836, 0.00648771
32837, 0.00648789
32838, 0.00648807
32839, 0.00648825
32840, 0.00648843
32841, 0.00648860
32842, 0.00648878
32843, 0.00648896
32844, 0.00648914
32845, 0.00648932
32846, 0.00648952
32847, 0.00648970
32848, 0.00648988
32849, 0.00649006
32850, 0.00649023
32851, 0.00649041
32852, 0.00649059
32853, 0.00649077
32854, 0.00649095
32855, 0.00649113
32856, 0.00649131
32857, 0.00649153
32858, 0.00649170
32859, 0.00649190
32860, 0.00649208
32861, 0.00649226
32862, 0.00649244
32863, 0.00649261
32864, 0.00649279
32865, 0.00649297
32866, 0.00649315
32867, 0.00649333
32868, 0.00649350
32869, 0.00649368
32870, 0.00649386
32871, 0.00649404
32872, 0.00649422
32873, 0.00649439
32874, 0.00649457
32875, 0.00649475
32876, 0.00649492
32877, 0.00649510
32878, 0.00649531
32879, 0.00649548
32880, 0.00649566
32881, 0.00649584
32882, 0.00649602
32883, 0.00649620
32884, 0.00649638
32885, 0.00649655
32886, 0.00649673
32887, 0.00649690
32888, 0.00649708
32889, 0.00649726
32890, 0.00649745
32891, 0.00649956
32892, 0.00649976
32893, 0.00649994
32894, 0.00650012
32895, 0.00650029
32896, 0.00650047
32897, 0.00650064
32898, 0.00650082
32899, 0.00650100
32900, 0.00650117
32901, 0.00650135
32902, 0.00650152
32903, 0.00650170
32904, 0.00650187
32905, 0.00650205
32906, 0.00650222
32907, 0.00650240
32908, 0.00650257
32909, 0.00650275
32910, 0.00650292
32911, 0.00650309
32912, 0.00650327
32913, 0.00650344
32914, 0.00650361
32915, 0.00650379
32916, 0.00650396
32917, 0.00650415
32918, 0.00650433
32919, 0.00650451
32920, 0.00650468
32921, 0.00650486
32922, 0.00650503
32923, 0.00650521
32924, 0.00650538
32925, 0.00650555
32926, 0.00650573
32927, 0.00650590
32928, 0.00650607
32929, 0.00650625
32930, 0.00650642
32931, 0.00650659
32932, 0.00650677
32933, 0.00650694
32934, 0.00650711
32935, 0.00650729
32936, 0.00650746
32937, 0.00650764
32938, 0.00650782
32939, 0.00650800
32940, 0.00650817
32941, 0.00650835
32942, 0.00650852
32943, 0.00650869
32944, 0.00650887
32945, 0.00650905
32946, 0.00650923
32947, 0.00650941
32948, 0.00650958
32949, 0.00650976
32950, 0.00650993
32951, 0.00651011
32952, 0.00651028
32953, 0.00651045
32954, 0.00651063
32955, 0.00651080
32956, 0.00651097
32957, 0.00651115
32958, 0.00651132
32959, 0.00651149
32960, 0.00651167
32961, 0.00651184
32962, 0.00651201
32963, 0.00651219
32964, 0.00651236
32965, 0.00651254
32966, 0.00651271
32967, 0.00651289
32968, 0.00651306
32969, 0.00651323
32970, 0.00651341
32971, 0.00651358
32972, 0.00651376
32973, 0.00651393
32974, 0.00651410
32975, 0.00651428
32976, 0.00651445
32977, 0.00651463
32978, 0.00651480
32979, 0.00651498
32980, 0.00651515
32981, 0.00651533
32982, 0.00651550
32983, 0.00651571
32984, 0.00651588
32985, 0.00651605
32986, 0.00651623
32987, 0.00651641
32988, 0.00651659
32989, 0.00651676
32990, 0.00651693
32991, 0.00651713
32992, 0.00651730
32993, 0.00651748
32994, 0.00651765
32995, 0.00651783
32996, 0.00651800
32997, 0.00651818
32998, 0.00651835
32999, 0.00651853
33000, 0.00651870
33001, 0.00651887
33002, 0.00651905
33003, 0.00651923
33004, 0.00651940
33005, 0.00651958
33006, 0.00651975
33007, 0.00651992
33008, 0.00652009
33009, 0.00652027
33010, 0.00652044
33011, 0.00652061
33012, 0.00652078
33013, 0.00652096
33014, 0.00652114
33015, 0.00652131
33016, 0.00652150
33017, 0.00652357
33018, 0.00652378
33019, 0.00652397
33020, 0.00652415
33021, 0.00652432
33022, 0.00652450
33023, 0.00652467
33024, 0.00652485
33025, 0.00652502
33026, 0.00652519
33027, 0.00652537
33028, 0.00652555
33029, 0.00652573
33030, 0.00652590
33031, 0.00652607
33032, 0.00652625
33033, 0.00652643
33034, 0.00652660
33035, 0.00652678
33036, 0.00652695
33037, 0.00652713
33038, 0.00652730
33039, 0.00652747
33040, 0.00652765
33041, 0.00652782
33042, 0.00652799
33043, 0.00652817
33044, 0.00652834
33045, 0.00652852
33046, 0.00652870
33047, 0.00652887
33048, 0.00652904
33049, 0.00652922
33050, 0.00652939
33051, 0.00652957
33052, 0.00652974
33053, 0.00652992
33054, 0.00653009
33055, 0.00653026
33056, 0.00653043
33057, 0.00653061
33058, 0.00653078
33059, 0.00653098
33060, 0.00653115
33061, 0.00653133
33062, 0.00653151
33063, 0.00653169
33064, 0.00653186
33065, 0.00653204
33066, 0.00653221
33067, 0.00653239
33068, 0.00653257
33069, 0.00653274
33070, 0.00653292
33071, 0.00653309
33072, 0.00653327
33073, 0.00653344
33074, 0.00653362
33075, 0.00653379
33076, 0.00653397
33077, 0.00653414
33078, 0.00653431
33079, 0.00653449
33080, 0.00653466
33081, 0.00653483
33082, 0.00653501
33083, 0.00653519
33084, 0.00653536
33085, 0.00653553
33086, 0.00653571
33087, 0.00653589
33088, 0.00653606
33089, 0.00653623
33090, 0.00653641
33091, 0.00653658
33092, 0.00653678
33093, 0.00653695
33094, 0.00653713
33095, 0.00653730
33096, 0.00653748
33097, 0.00653765
33098, 0.00653782
33099, 0.00653800
33100, 0.00653817
33101, 0.00653835
33102, 0.00653853
33103, 0.00653870
33104, 0.00653888
33105, 0.00653905
33106, 0.00653923
33107, 0.00653940
33108, 0.00653958
33109, 0.00653980
33110, 0.00653997
33111, 0.00654015
33112, 0.00654033
33113, 0.00654050
33114, 0.00654068
33115, 0.00654085
33116, 0.00654103
33117, 0.00654121
33118, 0.00654138
33119, 0.00654155
33120, 0.00654173
33121, 0.00654190
33122, 0.00654208
33123, 0.00654226
33124, 0.00654243
33125, 0.00654261
33126, 0.00654278
33127, 0.00654296
33128, 0.00654313
33129, 0.00654331
33130, 0.00654348
33131, 0.00654366
33132, 0.00654383
33133, 0.00654401
33134, 0.00654418
33135, 0.00654435
33136, 0.00654453
33137, 0.00654470
33138, 0.00654487
33139, 0.00654505
33140, 0.00654522
33141, 0.00654540
33142, 0.00654558
33143, 0.00654766
33144, 0.00654785
33145, 0.00654803
33146, 0.00654821
33147, 0.00654839
33148, 0.00654856
33149, 0.00654874
33150, 0.00654891
33151, 0.00654908
33152, 0.00654925
33153, 0.00654942
33154, 0.00654959
33155, 0.00654977
33156, 0.00654994
33157, 0.00655012
33158, 0.00655029
33159, 0.00655046
33160, 0.00655064
33161, 0.00655081
33162, 0.00655098
33163, 0.00655116
33164, 0.00655133
33165, 0.00655150
33166, 0.00655168
33167, 0.00655185
33168, 0.00655202
33169, 0.00655220
33170, 0.00655237
33171, 0.00655254
33172, 0.00655272
33173, 0.00655289
33174, 0.00655306
33175, 0.00655324
33176, 0.00655341
33177, 0.00655358
33178, 0.00655376
33179, 0.00655393
33180, 0.00655410
33181, 0.00655427
33182, 0.00655444
33183, 0.00655461
33184, 0.00655479
33185, 0.00655496
33186, 0.00655513
33187, 0.00655530
33188, 0.00655547
33189, 0.00655565
33190, 0.00655582
33191, 0.00655599
33192, 0.00655616
33193, 0.00655634
33194, 0.00655651
33195, 0.00655669
33196, 0.00655686
33197, 0.00655703
33198, 0.00655720
33199, 0.00655738
33200, 0.00655756
33201, 0.00655773
33202, 0.00655790
33203, 0.00655808
33204, 0.00655825
33205, 0.00655842
33206, 0.00655860
33207, 0.00655878
33208, 0.00655896
33209, 0.00655914
33210, 0.00655932
33211, 0.00655949
33212, 0.00655967
33213, 0.00655984
33214, 0.00656001
33215, 0.00656019
33216, 0.00656036
33217, 0.00656054
33218, 0.00656071
33219, 0.00656089
33220, 0.00656106
33221, 0.00656124
33222, 0.00656142
33223, 0.00656160
33224, 0.00656180
33225, 0.00656198
33226, 0.00656216
33227, 0.00656233
33228, 0.00656250
33229, 0.00656268
33230, 0.00656286
33231, 0.00656303
33232, 0.00656321
33233, 0.00656339
33234, 0.00656357
33235, 0.00656375
33236, 0.00656392
33237, 0.00656410
33238, 0.00656427
33239, 0.00656445
33240, 0.00656463
33241, 0.00656480
33242, 0.00656498
33243, 0.00656515
33244, 0.00656532
33245, 0.00656550
33246, 0.00656568
33247, 0.00656586
33248, 0.00656603
33249, 0.00656622
33250, 0.00656639
33251, 0.00656656
33252, 0.00656674
33253, 0.00656691
33254, 0.00656708
33255, 0.00656726
33256, 0.00656743
33257, 0.00656760
33258, 0.00656777
33259, 0.00656794
33260, 0.00656812
33261, 0.00656829
33262, 0.00656846
33263, 0.00656864
33264, 0.00656882
33265, 0.00656900
33266, 0.00656918
33267, 0.00656935
33268, 0.00656954
33269, 0.00657162
33270, 0.00657182
33271, 0.00657200
33272, 0.00657218
33273, 0.00657235
33274, 0.00657253
33275, 0.00657270
33276, 0.00657288
33277, 0.00657306
33278, 0.00657323
33279, 0.00657349
33280, 0.00657366
33281, 0.00657384
33282, 0.00657401
33283, 0.00657418
33284, 0.00657435
33285, 0.00657453
33286, 0.00657471
33287, 0.00657489
33288, 0.00657506
33289, 0.00657523
33290, 0.00657541
33291, 0.00657558
33292, 0.00657576
33293, 0.00657593
33294, 0.00657610
33295, 0.00657627
33296, 0.00657645
33297, 0.00657662
33298, 0.00657679
33299, 0.00657697
33300, 0.00657714
33301, 0.00657732
33302, 0.00657749
33303, 0.00657766
33304, 0.00657784
33305, 0.00657801
33306, 0.00657818
33307, 0.00657836
33308, 0.00657853
33309, 0.00657870
33310, 0.00657888
33311, 0.00657907
33312, 0.00657924
33313, 0.00657942
33314, 0.00657959
33315, 0.00657976
33316, 0.00657993
33317, 0.00658011
33318, 0.00658028
33319, 0.00658045
33320, 0.00658063
33321, 0.00658080
33322, 0.00658097
33323, 0.00658114
33324, 0.00658132
33325, 0.00658149
33326, 0.00658166
33327, 0.00658183
33328, 0.00658201
33329, 0.00658218
33330, 0.00658235
33331, 0.00658253
33332, 0.00658270
33333, 0.00658288
33334, 0.00658305
33335, 0.00658322
33336, 0.00658340
33337, 0.00658357
33338, 0.00658374
33339, 0.00658392
33340, 0.00658409
33341, 0.00658427
33342, 0.00658444
33343, 0.00658462
33344, 0.00658479
33345, 0.00658496
33346, 0.00658514
33347, 0.00658531
33348, 0.00658548
33349, 0.00658565
33350, 0.00658583
33351, 0.00658600
33352, 0.00658618
33353, 0.00658635
33354, 0.00658653
33355, 0.00658670
33356, 0.00658687
33357, 0.00658705
33358, 0.00658722
33359, 0.00658739
33360, 0.00658757
33361, 0.00658778
33362, 0.00658796
33363, 0.00658813
33364, 0.00658830
33365, 0.00658847
33366, 0.00658865
33367, 0.00658882
33368, 0.00658899
33369, 0.00658917
33370, 0.00658934
33371, 0.00658951
33372, 0.00658969
33373, 0.00658986
33374, 0.00659003
33375, 0.00659021
33376, 0.00659038
33377, 0.00659055
33378, 0.00659072
33379, 0.00659089
33380, 0.00659107
33381, 0.00659124
33382, 0.00659142
33383, 0.00659159
33384, 0.00659176
33385, 0.00659194
33386, 0.00659211
33387, 0.00659228
33388, 0.00659246
33389, 0.00659263
33390, 0.00659281
33391, 0.00659298
33392, 0.00659316
33393, 0.00659333
33394, 0.00659352
33395, 0.00659559
33396, 0.00659578
33397, 0.00659596
33398, 0.00659615
33399, 0.00659633
33400, 0.00659650
33401, 0.00659668
33402, 0.00659685
33403, 0.00659705
33404, 0.00659722
33405, 0.00659740
33406, 0.00659757
33407, 0.00659775
33408, 0.00659792
33409, 0.00659810
33410, 0.00659827
33411, 0.00659845
33412, 0.00659862
33413, 0.00659879
33414, 0.00659897
33415, 0.00659914
33416, 0.00659931
33417, 0.00659949
33418, 0.00659966
33419, 0.00659984
33420, 0.00660001
33421, 0.00660018
33422, 0.00660036
33423, 0.00660053
33424, 0.00660070
33425, 0.00660088
33426, 0.00660105
33427, 0.00660123
33428, 0.00660140
33429, 0.00660157
33430, 0.00660175
33431, 0.00660193
33432, 0.00660210
33433, 0.00660227
33434, 0.00660247
33435, 0.00660264
33436, 0.00660282
33437, 0.00660299
33438, 0.00660317
33439, 0.00660334
33440, 0.00660351
33441, 0.00660369
33442, 0.00660387
33443, 0.00660404
33444, 0.00660421
33445, 0.00660439
33446, 0.00660456
33447, 0.00660474
33448, 0.00660491
33449, 0.00660509
33450, 0.00660526
33451, 0.00660543
33452, 0.00660561
33453, 0.00660579
33454, 0.00660596
33455, 0.00660613
33456, 0.00660630
33457, 0.00660647
33458, 0.00660665
33459, 0.00660682
33460, 0.00660699
33461, 0.00660717
33462, 0.00660734
33463, 0.00660752
33464, 0.00660769
33465, 0.00660786
33466, 0.00660803
33467, 0.00660821
33468, 0.00660838
33469, 0.00660856
33470, 0.00660873
33471, 0.00660891
33472, 0.00660908
33473, 0.00660925
33474, 0.00660942
33475, 0.00660959
33476, 0.00660979
33477, 0.00660996
33478, 0.00661014
33479, 0.00661031
33480, 0.00661049
33481, 0.00661066
33482, 0.00661083
33483, 0.00661101
33484, 0.00661118
33485, 0.00661135
33486, 0.00661153
33487, 0.00661170
33488, 0.00661188
33489, 0.00661205
33490, 0.00661222
33491, 0.00661240
33492, 0.00661257
33493, 0.00661274
33494, 0.00661292
33495, 0.00661309
33496, 0.00661327
33497, 0.00661344
33498, 0.00661362
33499, 0.00661379
33500, 0.00661396
33501, 0.00661414
33502, 0.00661431
33503, 0.00661449
33504, 0.00661466
33505, 0.00661483
33506, 0.00661501
33507, 0.00661518
33508, 0.00661535
33509, 0.00661553
33510, 0.00661570
33511, 0.00661588
33512, 0.00661605
33513, 0.00661622
33514, 0.00661639
33515, 0.00661657
33516, 0.00661674
33517, 0.00661691
33518, 0.00661708
33519, 0.00661725
33520, 0.00661744
33521, 0.00661951
33522, 0.00661971
33523, 0.00661989
33524, 0.00662007
33525, 0.00662024
33526, 0.00662041
33527, 0.00662059
33528, 0.00662076
33529, 0.00662093
33530, 0.00662111
33531, 0.00662128
33532, 0.00662145
33533, 0.00662163
33534, 0.00662180
33535, 0.00662197
33536, 0.00662215
33537, 0.00662232
33538, 0.00662249
33539, 0.00662267
33540, 0.00662284
33541, 0.00662301
33542, 0.00662319
33543, 0.00662336
33544, 0.00662353
33545, 0.00662371
33546, 0.00662388
33547, 0.00662406
33548, 0.00662423
33549, 0.00662440
33550, 0.00662458
33551, 0.00662475
33552, 0.00662492
33553, 0.00662510
33554, 0.00662527
33555, 0.00662544
33556, 0.00662562
33557, 0.00662579
33558, 0.00662597
33559, 0.00662614
33560, 0.00662634
33561, 0.00662651
33562, 0.00662669
33563, 0.00662686
33564, 0.00662703
33565, 0.00662721
33566, 0.00662738
33567, 0.00662756
33568, 0.00662773
33569, 0.00662791
33570, 0.00662808
33571, 0.00662825
33572, 0.00662842
33573, 0.00662860
33574, 0.00662878
33575, 0.00662895
33576, 0.00662913
33577, 0.00662930
33578, 0.00662947
33579, 0.00662965
33580, 0.00662982
33581, 0.00663000
33582, 0.00663017
33583, 0.00663034
33584, 0.00663052
33585, 0.00663069
33586, 0.00663086
33587, 0.00663104
33588, 0.00663121
33589, 0.00663139
33590, 0.00663156
33591, 0.00663173
33592, 0.00663191
33593, 0.00663210
33594, 0.00663227
33595, 0.00663245
33596, 0.00663262
33597, 0.00663279
33598, 0.00663297
33599, 0.00663315
33600, 0.00663332
33601, 0.00663349
33602, 0.00663367
33603, 0.00663384
33604, 0.00663401
33605, 0.00663419
33606, 0.00663436
33607, 0.00663453
33608, 0.00663471
33609, 0.00663489
33610, 0.00663506
33611, 0.00663524
33612, 0.00663542
33613, 0.00663559
33614, 0.00663577
33615, 0.00663594
33616, 0.00663611
33617, 0.00663629
33618, 0.00663650
33619, 0.00663667
33620, 0.00663684
33621, 0.00663702
33622, 0.00663719
33623, 0.00663737
33624, 0.00663755
33625, 0.00663773
33626, 0.00663791
33627, 0.00663809
33628, 0.00663827
33629, 0.00663845
33630, 0.00663864
33631, 0.00663883
33632, 0.00663901
33633, 0.00663918
33634, 0.00663936
33635, 0.00663953
33636, 0.00663970
33637, 0.00663988
33638, 0.00664006
33639, 0.00664023
33640, 0.00664040
33641, 0.00664058
33642, 0.00664075
33643, 0.00664092
33644, 0.00664109
33645, 0.00664126
33646, 0.00664145
33647, 0.00664357
33648, 0.00664376
33649, 0.00664394
33650, 0.00664412
33651, 0.00664429
33652, 0.00664446
33653, 0.00664464
33654, 0.00664481
33655, 0.00664499
33656, 0.00664516
33657, 0.00664533
33658, 0.00664551
33659, 0.00664568
33660, 0.00664585
33661, 0.00664603
33662, 0.00664621
33663, 0.00664638
33664, 0.00664656
33665, 0.00664673
33666, 0.00664691
33667, 0.00664708
33668, 0.00664725
33669, 0.00664743
33670, 0.00664760
33671, 0.00664778
33672, 0.00664795
33673, 0.00664812
33674, 0.00664829
33675, 0.00664847
33676, 0.00664865
33677, 0.00664885
33678, 0.00664902
33679, 0.00664920
33680, 0.00664937
33681, 0.00664955
33682, 0.00664973
33683, 0.00664990
33684, 0.00665008
33685, 0.00665025
33686, 0.00665042
33687, 0.00665060
33688, 0.00665077
33689, 0.00665095
33690, 0.00665113
33691, 0.00665130
33692, 0.00665148
33693, 0.00665165
33694, 0.00665182
33695, 0.00665200
33696, 0.00665217
33697, 0.00665234
33698, 0.00665251
33699, 0.00665268
33700, 0.00665286
33701, 0.00665304
33702, 0.00665321
33703, 0.00665338
33704, 0.00665356
33705, 0.00665380
33706, 0.00665398
33707, 0.00665415
33708, 0.00665432
33709, 0.00665450
33710, 0.00665468
33711, 0.00665486
33712, 0.00665504
33713, 0.00665522
33714, 0.00665540
33715, 0.00665558
33716, 0.00665577
33717, 0.00665595
33718, 0.00665612
33719, 0.00665636
33720, 0.00665654
33721, 0.00665671
33722, 0.00665689
33723, 0.00665706
33724, 0.00665723
33725, 0.00665740
33726, 0.00665757
33727, 0.00665775
33728, 0.00665792
33729, 0.00665809
33730, 0.00665827
33731, 0.00665844
33732, 0.00665862
33733, 0.00665879
33734, 0.00665896
33735, 0.00665913
33736, 0.00665931
33737, 0.00665948
33738, 0.00665966
33739, 0.00665987
33740, 0.00666005
33741, 0.00666022
33742, 0.00666039
33743, 0.00666056
33744, 0.00666074
33745, 0.00666091
33746, 0.00666109
33747, 0.00666127
33748, 0.00666145
33749, 0.00666162
33750, 0.00666179
33751, 0.00666196
33752, 0.00666214
33753, 0.00666232
33754, 0.00666250
33755, 0.00666267
33756, 0.00666284
33757, 0.00666302
33758, 0.00666319
33759, 0.00666337
33760, 0.00666354
33761, 0.00666372
33762, 0.00666389
33763, 0.00666407
33764, 0.00666424
33765, 0.00666442
33766, 0.00666459
33767, 0.00666477
33768, 0.00666494
33769, 0.00666512
33770, 0.00666529
33771, 0.00666547
33772, 0.00666566
33773, 0.00666986
33774, 0.00667006
33775, 0.00667025
33776, 0.00667043
33777, 0.00667060
33778, 0.00667078
33779, 0.00667097
33780, 0.00667114
33781, 0.00667132
33782, 0.00667149
33783, 0.00667166
33784, 0.00667184
33785, 0.00667201
33786, 0.00667218
33787, 0.00667236
33788, 0.00667253
33789, 0.00667270
33790, 0.00667287
33791, 0.00667313
33792, 0.00667330
33793, 0.00667348
33794, 0.00667365
33795, 0.00667382
33796, 0.00667400
33797, 0.00667417
33798, 0.00667435
33799, 0.00667452
33800, 0.00667469
33801, 0.00667487
33802, 0.00667504
33803, 0.00667521
33804, 0.00667539
33805, 0.00667556
33806, 0.00667574
33807, 0.00667591
33808, 0.00667608
33809, 0.00667628
33810, 0.00667645
33811, 0.00667662
33812, 0.00667680
33813, 0.00667697
33814, 0.00667714
33815, 0.00667732
33816, 0.00667749
33817, 0.00667766
33818, 0.00667784
33819, 0.00667801
33820, 0.00667819
33821, 0.00667836
33822, 0.00667853
33823, 0.00667871
33824, 0.00667888
33825, 0.00667905
33826, 0.00667922
33827, 0.00667939
33828, 0.00667957
33829, 0.00667974
33830, 0.00667991
33831, 0.00668008
33832, 0.00668026
33833, 0.00668043
33834, 0.00668060
33835, 0.00668077
33836, 0.00668095
33837, 0.00668113
33838, 0.00668130
33839, 0.00668148
33840, 0.00668165
33841, 0.00668182
33842, 0.00668199
33843, 0.00668217
33844, 0.00668234
33845, 0.00668251
33846, 0.00668269
33847, 0.00668286
33848, 0.00668304
33849, 0.00668321
33850, 0.00668339
33851, 0.00668356
33852, 0.00668373
33853, 0.00668390
33854, 0.00668407
33855, 0.00668425
33856, 0.00668442
33857, 0.00668459
33858, 0.00668476
33859, 0.00668494
33860, 0.00668511
33861, 0.00668528
33862, 0.00668545
33863, 0.00668563
33864, 0.00668580
33865, 0.00668597
33866, 0.00668615
33867, 0.00668632
33868, 0.00668649
33869, 0.00668669
33870, 0.00668687
33871, 0.00668704
33872, 0.00668721
33873, 0.00668739
33874, 0.00668756
33875, 0.00668773
33876, 0.00668791
33877, 0.00668808
33878, 0.00668825
33879, 0.00668843
33880, 0.00668860
33881, 0.00668877
33882, 0.00668894
33883, 0.00668912
33884, 0.00668930
33885, 0.00668947
33886, 0.00668965
33887, 0.00668982
33888, 0.00668999
33889, 0.00669017
33890, 0.00669034
33891, 0.00669051
33892, 0.00669068
33893, 0.00669086
33894, 0.00669103
33895, 0.00669120
33896, 0.00669138
33897, 0.00669155
33898, 0.00669176
33899, 0.00669384
33900, 0.00669405
33901, 0.00669423
33902, 0.00669441
33903, 0.00669458
33904, 0.00669475
33905, 0.00669493
33906, 0.00669510
33907, 0.00669527
33908, 0.00669544
33909, 0.00669561
33910, 0.00669579
33911, 0.00669596
33912, 0.00669613
33913, 0.00669631
33914, 0.00669648
33915, 0.00669665
33916, 0.00669682
33917, 0.00669699
33918, 0.00669717
33919, 0.00669734
33920, 0.00669751
33921, 0.00669768
33922, 0.00669786
33923, 0.00669805
33924, 0.00669823
33925, 0.00669840
33926, 0.00669857
33927, 0.00669874
33928, 0.00669892
33929, 0.00669909
33930, 0.00669926
33931, 0.00669943
33932, 0.00669960
33933, 0.00669977
33934, 0.00669994
33935, 0.00670012
33936, 0.00670029
33937, 0.00670046
33938, 0.00670066
33939, 0.00670083
33940, 0.00670101
33941, 0.00670118
33942, 0.00670135
33943, 0.00670152
33944, 0.00670169
33945, 0.00670186
33946, 0.00670204
33947, 0.00670221
33948, 0.00670238
33949, 0.00670255
33950, 0.00670273
33951, 0.00670290
33952, 0.00670307
33953, 0.00670325
33954, 0.00670342
33955, 0.00670359
33956, 0.00670377
33957, 0.00670397
33958, 0.00670414
33959, 0.00670432
33960, 0.00670449
33961, 0.00670467
33962, 0.00670484
33963, 0.00670502
33964, 0.00670520
33965, 0.00670537
33966, 0.00670555
33967, 0.00670572
33968, 0.00670590
33969, 0.00670607
33970, 0.00670624
33971, 0.00670642
33972, 0.00670659
33973, 0.00670677
33974, 0.00670694
33975, 0.00670711
33976, 0.00670729
33977, 0.00670746
33978, 0.00670763
33979, 0.00670780
33980, 0.00670798
33981, 0.00670815
33982, 0.00670832
33983, 0.00670850
33984, 0.00670867
33985, 0.00670885
33986, 0.00670902
33987, 0.00670919
33988, 0.00670937
33989, 0.00670954
33990, 0.00670971
33991, 0.00670993
33992, 0.00671011
33993, 0.00671029
33994, 0.00671046
33995, 0.00671063
33996, 0.00671081
33997, 0.00671099
33998, 0.00671116
33999, 0.00671133
34000, 0.00671151
34001, 0.00671168
34002, 0.00671188
34003, 0.00671205
34004, 0.00671222
34005, 0.00671240
34006, 0.00671257
34007, 0.00671275
34008, 0.00671292
34009, 0.00671309
34010, 0.00671327
34011, 0.00671344
34012, 0.00671362
34013, 0.00671379
34014, 0.00671396
34015, 0.00671416
34016, 0.00671433
34017, 0.00671450
34018, 0.00671468
34019, 0.00671485
34020, 0.00671503
34021, 0.00671520
34022, 0.00671537
34023, 0.00671554
34024, 0.00671573
34025, 0.00671781
34026, 0.00671801
34027, 0.00671819
34028, 0.00671837
34029, 0.00671855
34030, 0.00671872
34031, 0.00671890
34032, 0.00671907
34033, 0.00671924
34034, 0.00671941
34035, 0.00671958
34036, 0.00671975
34037, 0.00671993
34038, 0.00672010
34039, 0.00672027
34040, 0.00672044
34041, 0.00672062
34042, 0.00672081
34043, 0.00672098
34044, 0.00672116
34045, 0.00672133
34046, 0.00672151
34047, 0.00672168
34048, 0.00672185
34049, 0.00672203
34050, 0.00672220
34051, 0.00672237
34052, 0.00672254
34053, 0.00672271
34054, 0.00672289
34055, 0.00672306
34056, 0.00672323
34057, 0.00672340
34058, 0.00672358
34059, 0.00672375
34060, 0.00672392
34061, 0.00672410
34062, 0.00672427
34063, 0.00672445
34064, 0.00672462
34065, 0.00672479
34066, 0.00672496
34067, 0.00672513
34068, 0.00672533
34069, 0.00672550
34070, 0.00672568
34071, 0.00672585
34072, 0.00672603
34073, 0.00672620
34074, 0.00672637
34075, 0.00672654
34076, 0.00672672
34077, 0.00672689
34078, 0.00672706
34079, 0.00672724
34080, 0.00672741
34081, 0.00672758
34082, 0.00672776
34083, 0.00672793
34084, 0.00672810
34085, 0.00672827
34086, 0.00672845
34087, 0.00672862
34088, 0.00672879
34089, 0.00672896
34090, 0.00672914
34091, 0.00672931
34092, 0.00672948
34093, 0.00672966
34094, 0.00672983
34095, 0.00673000
34096, 0.00673018
34097, 0.00673035
34098, 0.00673052
34099, 0.00673070
34100, 0.00673087
34101, 0.00673104
34102, 0.00673121
34103, 0.00673139
34104, 0.00673156
34105, 0.00673173
34106, 0.00673191
34107, 0.00673208
34108, 0.00673225
34109, 0.00673242
34110, 0.00673260
34111, 0.00673277
34112, 0.00673294
34113, 0.00673312
34114, 0.00673329
34115, 0.00673347
34116, 0.00673364
34117, 0.00673381
34118, 0.00673399
34119, 0.00673416
34120, 0.00673433
34121, 0.00673450
34122, 0.00673468
34123, 0.00673485
34124, 0.00673503
34125, 0.00673520
34126, 0.00673538
34127, 0.00673555
34128, 0.00673572
34129, 0.00673590
34130, 0.00673607
34131, 0.00673625
34132, 0.00673642
34133, 0.00673659
34134, 0.00673676
34135, 0.00673694
34136, 0.00673711
34137, 0.00673728
34138, 0.00673746
34139, 0.00673763
34140, 0.00673780
34141, 0.00673797
34142, 0.00673815
34143, 0.00673832
34144, 0.00673849
34145, 0.00673867
34146, 0.00673884
34147, 0.00673901
34148, 0.00673918
34149, 0.00673935
34150, 0.00673954
34151, 0.00674164
34152, 0.00674185
34153, 0.00674203
34154, 0.00674221
34155, 0.00674239
34156, 0.00674256
34157, 0.00674274
34158, 0.00674291
34159, 0.00674309
34160, 0.00674327
34161, 0.00674344
34162, 0.00674362
34163, 0.00674379
34164, 0.00674397
34165, 0.00674415
34166, 0.00674432
34167, 0.00674450
34168, 0.00674468
34169, 0.00674485
34170, 0.00674503
34171, 0.00674520
34172, 0.00674538
34173, 0.00674556
34174, 0.00674574
34175, 0.00674592
34176, 0.00674610
34177, 0.00674628
34178, 0.00674646
34179, 0.00674664
34180, 0.00674682
34181, 0.00674700
34182, 0.00674718
34183, 0.00674735
34184, 0.00674753
34185, 0.00674770
34186, 0.00674788
34187, 0.00674805
34188, 0.00674823
34189, 0.00674841
34190, 0.00674858
34191, 0.00674875
34192, 0.00674893
34193, 0.00674910
34194, 0.00674927
34195, 0.00674945
34196, 0.00674962
34197, 0.00674980
34198, 0.00674997
34199, 0.00675015
34200, 0.00675032
34201, 0.00675050
34202, 0.00675068
34203, 0.00675085
34204, 0.00675102
34205, 0.00675120
34206, 0.00675137
34207, 0.00675155
34208, 0.00675172
34209, 0.00675190
34210, 0.00675207
34211, 0.00675225
34212, 0.00675242
34213, 0.00675259
34214, 0.00675277
34215, 0.00675294
34216, 0.00675311
34217, 0.00675329
34218, 0.00675346
34219, 0.00675364
34220, 0.00675381
34221, 0.00675399
34222, 0.00675417
34223, 0.00675434
34224, 0.00675451
34225, 0.00675469
34226, 0.00675486
34227, 0.00675504
34228, 0.00675521
34229, 0.00675539
34230, 0.00675556
34231, 0.00675574
34232, 0.00675591
34233, 0.00675608
34234, 0.00675626
34235, 0.00675643
34236, 0.00675660
34237, 0.00675678
34238, 0.00675695
34239, 0.00675713
34240, 0.00675734
34241, 0.00675752
34242, 0.00675770
34243, 0.00675787
34244, 0.00675805
34245, 0.00675822
34246, 0.00675840
34247, 0.00675858
34248, 0.00675875
34249, 0.00675893
34250, 0.00675910
34251, 0.00675928
34252, 0.00675945
34253, 0.00675963
34254, 0.00675980
34255, 0.00675998
34256, 0.00676015
34257, 0.00676034
34258, 0.00676051
34259, 0.00676069
34260, 0.00676086
34261, 0.00676104
34262, 0.00676121
34263, 0.00676138
34264, 0.00676156
34265, 0.00676174
34266, 0.00676191
34267, 0.00676209
34268, 0.00676226
34269, 0.00676243
34270, 0.00676261
34271, 0.00676278
34272, 0.00676296
34273, 0.00676314
34274, 0.00676332
34275, 0.00676349
34276, 0.00676368
34277, 0.00676576
34278, 0.00676597
34279, 0.00676616
34280, 0.00676634
34281, 0.00676653
34282, 0.00676672
34283, 0.00676690
34284, 0.00676709
34285, 0.00676726
34286, 0.00676744
34287, 0.00676763
34288, 0.00676789
34289, 0.00676806
34290, 0.00676823
34291, 0.00676841
34292, 0.00676858
34293, 0.00676876
34294, 0.00676893
34295, 0.00676911
34296, 0.00676929
34297, 0.00676947
34298, 0.00676965
34299, 0.00676983
34300, 0.00677000
34301, 0.00677019
34302, 0.00677037
34303, 0.00677065
34304, 0.00677082
34305, 0.00677100
34306, 0.00677118
34307, 0.00677137
34308, 0.00677155
34309, 0.00677172
34310, 0.00677190
34311, 0.00677208
34312, 0.00677225
34313, 0.00677243
34314, 0.00677261
34315, 0.00677279
34316, 0.00677297
34317, 0.00677315
34318, 0.00677333
34319, 0.00677350
34320, 0.00677368
34321, 0.00677386
34322, 0.00677404
34323, 0.00677422
34324, 0.00677440
34325, 0.00677458
34326, 0.00677476
34327, 0.00677494
34328, 0.00677511
34329, 0.00677529
34330, 0.00677547
34331, 0.00677565
34332, 0.00677583
34333, 0.00677600
34334, 0.00677618
34335, 0.00677636
34336, 0.00677654
34337, 0.00677672
34338, 0.00677690
34339, 0.00677708
34340, 0.00677725
34341, 0.00677743
34342, 0.00677761
34343, 0.00677779
34344, 0.00677797
34345, 0.00677815
34346, 0.00677832
34347, 0.00677850
34348, 0.00677868
34349, 0.00677886
34350, 0.00677904
34351, 0.00677922
34352, 0.00677940
34353, 0.00677958
34354, 0.00677976
34355, 0.00677994
34356, 0.00678011
34357, 0.00678029
34358, 0.00678047
34359, 0.00678065
34360, 0.00678083
34361, 0.00678101
34362, 0.00678119
34363, 0.00678136
34364, 0.00678154
34365, 0.00678172
34366, 0.00678190
34367, 0.00678208
34368, 0.00678226
34369, 0.00678244
34370, 0.00678261
34371, 0.00678279
34372, 0.00678297
34373, 0.00678315
34374, 0.00678334
34375, 0.00678352
34376, 0.00678370
34377, 0.00678387
34378, 0.00678405
34379, 0.00678423
34380, 0.00678441
34381, 0.00678459
34382, 0.00678476
34383, 0.00678494
34384, 0.00678512
34385, 0.00678530
34386, 0.00678548
34387, 0.00678566
34388, 0.00678583
34389, 0.00678601
34390, 0.00678619
34391, 0.00678636
34392, 0.00678654
34393, 0.00678671
34394, 0.00678689
34395, 0.00678707
34396, 0.00678724
34397, 0.00678741
34398, 0.00678759
34399, 0.00678776
34400, 0.00678793
34401, 0.00678811
34402, 0.00678829
34403, 0.00679037
34404, 0.00679057
34405, 0.00679075
34406, 0.00679092
34407, 0.00679110
34408, 0.00679127
34409, 0.00679145
34410, 0.00679162
34411, 0.00679179
34412, 0.00679197
34413, 0.00679214
34414, 0.00679231
34415, 0.00679249
34416, 0.00679266
34417, 0.00679284
34418, 0.00679301
34419, 0.00679318
34420, 0.00679336
34421, 0.00679353
34422, 0.00679370
34423, 0.00679387
34424, 0.00679405
34425, 0.00679422
34426, 0.00679439
34427, 0.00679457
34428, 0.00679474
34429, 0.00679491
34430, 0.00679509
34431, 0.00679526
34432, 0.00679543
34433, 0.00679560
34434, 0.00679578
34435, 0.00679595
34436, 0.00679613
34437, 0.00679630
34438, 0.00679649
34439, 0.00679666
34440, 0.00679684
34441, 0.00679701
34442, 0.00679719
34443, 0.00679736
34444, 0.00679753
34445, 0.00679771
34446, 0.00679788
34447, 0.00679805
34448, 0.00679823
34449, 0.00679840
34450, 0.00679858
34451, 0.00679875
34452, 0.00679892
34453, 0.00679910
34454, 0.00679927
34455, 0.00679944
34456, 0.00679962
34457, 0.00679979
34458, 0.00679997
34459, 0.00680014
34460, 0.00680031
34461, 0.00680049
34462, 0.00680066
34463, 0.00680083
34464, 0.00680101
34465, 0.00680118
34466, 0.00680136
34467, 0.00680153
34468, 0.00680171
34469, 0.00680188
34470, 0.00680205
34471, 0.00680223
34472, 0.00680240
34473, 0.00680258
34474, 0.00680275
34475, 0.00680292
34476, 0.00680310
34477, 0.00680327
34478, 0.00680344
34479, 0.00680362
34480, 0.00680379
34481, 0.00680397
34482, 0.00680414
34483, 0.00680431
34484, 0.00680449
34485, 0.00680466
34486, 0.00680483
34487, 0.00680501
34488, 0.00680518
34489, 0.00680535
34490, 0.00680553
34491, 0.00680570
34492, 0.00680587
34493, 0.00680605
34494, 0.00680622
34495, 0.00680644
34496, 0.00680662
34497, 0.00680679
34498, 0.00680697
34499, 0.00680714
34500, 0.00680731
34501, 0.00680749
34502, 0.00680766
34503, 0.00680783
34504, 0.00680801
34505, 0.00680818
34506, 0.00680835
34507, 0.00680853
34508, 0.00680870
34509, 0.00680887
34510, 0.00680904
34511, 0.00680922
34512, 0.00680939
34513, 0.00680956
34514, 0.00680974
34515, 0.00680991
34516, 0.00681008
34517, 0.00681025
34518, 0.00681043
34519, 0.00681060
34520, 0.00681078
34521, 0.00681095
34522, 0.00681112
34523, 0.00681129
34524, 0.00681147
34525, 0.00681164
34526, 0.00681181
34527, 0.00681199
34528, 0.00681217
34529, 0.00681425
34530, 0.00681446
34531, 0.00681464
34532, 0.00681483
34533, 0.00681501
34534, 0.00681518
34535, 0.00681535
34536, 0.00681553
34537, 0.00681570
34538, 0.00681588
34539, 0.00681606
34540, 0.00681623
34541, 0.00681641
34542, 0.00681658
34543, 0.00681676
34544, 0.00681694
34545, 0.00681712
34546, 0.00681729
34547, 0.00681747
34548, 0.00681765
34549, 0.00681782
34550, 0.00681799
34551, 0.00681817
34552, 0.00681834
34553, 0.00681852
34554, 0.00681869
34555, 0.00681886
34556, 0.00681904
34557, 0.00681921
34558, 0.00681939
34559, 0.00681957
34560, 0.00681975
34561, 0.00681993
34562, 0.00682011
34563, 0.00682029
34564, 0.00682047
34565, 0.00682065
34566, 0.00682085
34567, 0.00682103
34568, 0.00682121
34569, 0.00682138
34570, 0.00682156
34571, 0.00682173
34572, 0.00682191
34573, 0.00682208
34574, 0.00682226
34575, 0.00682244
34576, 0.00682262
34577, 0.00682280
34578, 0.00682298
34579, 0.00682316
34580, 0.00682334
34581, 0.00682352
34582, 0.00682370
34583, 0.00682388
34584, 0.00682405
34585, 0.00682423
34586, 0.00682441
34587, 0.00682459
34588, 0.00682477
34589, 0.00682496
34590, 0.00682514
34591, 0.00682531
34592, 0.00682549
34593, 0.00682567
34594, 0.00682585
34595, 0.00682603
34596, 0.00682621
34597, 0.00682639
34598, 0.00682657
34599, 0.00682675
34600, 0.00682693
34601, 0.00682711
34602, 0.00682728
34603, 0.00682746
34604, 0.00682763
34605, 0.00682781
34606, 0.00682798
34607, 0.00682816
34608, 0.00682834
34609, 0.00682851
34610, 0.00682870
34611, 0.00682888
34612, 0.00682906
34613, 0.00682924
34614, 0.00682942
34615, 0.00682960
34616, 0.00682978
34617, 0.00682996
34618, 0.00683014
34619, 0.00683032
34620, 0.00683050
34621, 0.00683068
34622, 0.00683085
34623, 0.00683103
34624, 0.00683121
34625, 0.00683139
34626, 0.00683157
34627, 0.00683174
34628, 0.00683192
34629, 0.00683209
34630, 0.00683226
34631, 0.00683243
34632, 0.00683261
34633, 0.00683278
34634, 0.00683296
34635, 0.00683313
34636, 0.00683330
34637, 0.00683347
34638, 0.00683365
34639, 0.00683383
34640, 0.00683400
34641, 0.00683417
34642, 0.00683435
34643, 0.00683452
34644, 0.00683470
34645, 0.00683487
34646, 0.00683504
34647, 0.00683525
34648, 0.00683542
34649, 0.00683559
34650, 0.00683577
34651, 0.00683594
34652, 0.00683612
34653, 0.00683629
34654, 0.00683648
34655, 0.00683856
34656, 0.00683876
34657, 0.00683894
34658, 0.00683911
34659, 0.00683928
34660, 0.00683946
34661, 0.00683963
34662, 0.00683980
34663, 0.00683997
34664, 0.00684015
34665, 0.00684032
34666, 0.00684049
34667, 0.00684066
34668, 0.00684084
34669, 0.00684101
34670, 0.00684118
34671, 0.00684135
34672, 0.00684152
34673, 0.00684172
34674, 0.00684189
34675, 0.00684206
34676, 0.00684223
34677, 0.00684240
34678, 0.00684257
34679, 0.00684275
34680, 0.00684292
34681, 0.00684310
34682, 0.00684327
34683, 0.00684344
34684, 0.00684361
34685, 0.00684379
34686, 0.00684396
34687, 0.00684413
34688, 0.00684431
34689, 0.00684448
34690, 0.00684465
34691, 0.00684482
34692, 0.00684500
34693, 0.00684517
34694, 0.00684534
34695, 0.00684552
34696, 0.00684569
34697, 0.00684586
34698, 0.00684603
34699, 0.00684621
34700, 0.00684638
34701, 0.00684656
34702, 0.00684673
34703, 0.00684690
34704, 0.00684708
34705, 0.00684725
34706, 0.00684743
34707, 0.00684760
34708, 0.00684778
34709, 0.00684796
34710, 0.00684813
34711, 0.00684830
34712, 0.00684848
34713, 0.00684865
34714, 0.00684883
34715, 0.00684900
34716, 0.00684918
34717, 0.00684936
34718, 0.00684953
34719, 0.00684971
34720, 0.00684989
34721, 0.00685007
34722, 0.00685025
34723, 0.00685043
34724, 0.00685060
34725, 0.00685078
34726, 0.00685095
34727, 0.00685112
34728, 0.00685130
34729, 0.00685147
34730, 0.00685164
34731, 0.00685182
34732, 0.00685199
34733, 0.00685217
34734, 0.00685234
34735, 0.00685251
34736, 0.00685269
34737, 0.00685287
34738, 0.00685305
34739, 0.00685324
34740, 0.00685342
34741, 0.00685360
34742, 0.00685378
34743, 0.00685396
34744, 0.00685414
34745, 0.00685432
34746, 0.00685450
34747, 0.00685468
34748, 0.00685486
34749, 0.00685504
34750, 0.00685522
34751, 0.00685540
34752, 0.00685558
34753, 0.00685576
34754, 0.00685594
34755, 0.00685612
34756, 0.00685630
34757, 0.00685648
34758, 0.00685666
34759, 0.00685684
34760, 0.00685702
34761, 0.00685720
34762, 0.00685738
34763, 0.00685756
34764, 0.00685774
34765, 0.00685792
34766, 0.00685810
34767, 0.00685828
34768, 0.00685847
34769, 0.00685864
34770, 0.00685882
34771, 0.00685899
34772, 0.00685916
34773, 0.00685933
34774, 0.00685951
34775, 0.00685968
34776, 0.00685985
34777, 0.00686002
34778, 0.00686019
34779, 0.00686037
34780, 0.00686055
34781, 0.00686268
34782, 0.00686288
34783, 0.00686307
34784, 0.00686326
34785, 0.00686344
34786, 0.00686362
34787, 0.00686380
34788, 0.00686400
34789, 0.00686417
34790, 0.00686435
34791, 0.00686453
34792, 0.00686471
34793, 0.00686488
34794, 0.00686506
34795, 0.00686524
34796, 0.00686542
34797, 0.00686560
34798, 0.00686578
34799, 0.00686596
34800, 0.00686615
34801, 0.00686637
34802, 0.00686654
34803, 0.00686672
34804, 0.00686690
34805, 0.00686707
34806, 0.00686725
34807, 0.00686744
34808, 0.00686762
34809, 0.00686779
34810, 0.00686797
34811, 0.00686815
34812, 0.00686833
34813, 0.00686851
34814, 0.00686869
34815, 0.00686897
34816, 0.00686915
34817, 0.00686933
34818, 0.00686950
34819, 0.00686969
34820, 0.00686986
34821, 0.00687005
34822, 0.00687022
34823, 0.00687040
34824, 0.00687058
34825, 0.00687076
34826, 0.00687094
34827, 0.00687112
34828, 0.00687130
34829, 0.00687148
34830, 0.00687166
34831, 0.00687183
34832, 0.00687201
34833, 0.00687219
34834, 0.00687240
34835, 0.00687258
34836, 0.00687277
34837, 0.00687296
34838, 0.00687316
34839, 0.00687334
34840, 0.00687352
34841, 0.00687369
34842, 0.00687387
34843, 0.00687405
34844, 0.00687423
34845, 0.00687441
34846, 0.00687459
34847, 0.00687477
34848, 0.00687495
34849, 0.00687512
34850, 0.00687530
34851, 0.00687548
34852, 0.00687565
34853, 0.00687583
34854, 0.00687601
34855, 0.00687621
34856, 0.00687639
34857, 0.00687657
34858, 0.00687675
34859, 0.00687693
34860, 0.00687711
34861, 0.00687729
34862, 0.00687746
34863, 0.00687764
34864, 0.00687781
34865, 0.00687799
34866, 0.00687817
34867, 0.00687835
34868, 0.00687853
34869, 0.00687870
34870, 0.00687888
34871, 0.00687907
34872, 0.00687924
34873, 0.00687942
34874, 0.00687960
34875, 0.00687978
34876, 0.00687995
34877, 0.00688013
34878, 0.00688033
34879, 0.00688051
34880, 0.00688069
34881, 0.00688087
34882, 0.00688105
34883, 0.00688125
34884, 0.00688142
34885, 0.00688160
34886, 0.00688178
34887, 0.00688196
34888, 0.00688214
34889, 0.00688231
34890, 0.00688249
34891, 0.00688267
34892, 0.00688285
34893, 0.00688303
34894, 0.00688321
34895, 0.00688338
34896, 0.00688356
34897, 0.00688374
34898, 0.00688391
34899, 0.00688409
34900, 0.00688427
34901, 0.00688448
34902, 0.00688465
34903, 0.00688483
34904, 0.00688501
34905, 0.00688519
34906, 0.00688538
34907, 0.00688751
34908, 0.00688772
34909, 0.00688791
34910, 0.00688809
34911, 0.00688828
34912, 0.00688846
34913, 0.00688865
34914, 0.00688882
34915, 0.00688900
34916, 0.00688918
34917, 0.00688935
34918, 0.00688953
34919, 0.00688970
34920, 0.00688988
34921, 0.00689006
34922, 0.00689026
34923, 0.00689044
34924, 0.00689061
34925, 0.00689079
34926, 0.00689096
34927, 0.00689114
34928, 0.00689131
34929, 0.00689149
34930, 0.00689166
34931, 0.00689184
34932, 0.00689201
34933, 0.00689219
34934, 0.00689238
34935, 0.00689255
34936, 0.00689276
34937, 0.00689293
34938, 0.00689311
34939, 0.00689329
34940, 0.00689347
34941, 0.00689365
34942, 0.00689383
34943, 0.00689401
34944, 0.00689419
34945, 0.00689437
34946, 0.00689455
34947, 0.00689473
34948, 0.00689490
34949, 0.00689508
34950, 0.00689526
34951, 0.00689546
34952, 0.00689565
34953, 0.00689583
34954, 0.00689601
34955, 0.00689618
34956, 0.00689636
34957, 0.00689654
34958, 0.00689672
34959, 0.00689689
34960, 0.00689707
34961, 0.00689725
34962, 0.00689742
34963, 0.00689759
34964, 0.00689776
34965, 0.00689793
34966, 0.00689811
34967, 0.00689828
34968, 0.00689846
34969, 0.00689864
34970, 0.00689882
34971, 0.00689900
34972, 0.00689917
34973, 0.00689935
34974, 0.00689953
34975, 0.00689971
34976, 0.00689989
34977, 0.00690006
34978, 0.00690024
34979, 0.00690041
34980, 0.00690059
34981, 0.00690079
34982, 0.00690097
34983, 0.00690114
34984, 0.00690132
34985, 0.00690150
34986, 0.00690167
34987, 0.00690185
34988, 0.00690202
34989, 0.00690220
34990, 0.00690237
34991, 0.00690255
34992, 0.00690273
34993, 0.00690290
34994, 0.00690308
34995, 0.00690326
34996, 0.00690344
34997, 0.00690365
34998, 0.00690382
34999, 0.00690400
35000, 0.00690420
35001, 0.00690438
35002, 0.00690456
35003, 0.00690473
35004, 0.00690491
35005, 0.00690508
35006, 0.00690526
35007, 0.00690543
35008, 0.00690561
35009, 0.00690579
35010, 0.00690596
35011, 0.00690614
35012, 0.00690631
35013, 0.00690652
35014, 0.00690669
35015, 0.00690687
35016, 0.00690704
35017, 0.00690722
35018, 0.00690740
35019, 0.00690759
35020, 0.00690777
35021, 0.00690795
35022, 0.00690812
35023, 0.00690830
35024, 0.00690848
35025, 0.00690866
35026, 0.00690884
35027, 0.00690901
35028, 0.00690919
35029, 0.00690937
35030, 0.00690955
35031, 0.00690973
35032, 0.00690992
35033, 0.00691210
35034, 0.00691230
35035, 0.00691249
35036, 0.00691268
35037, 0.00691286
35038, 0.00691304
35039, 0.00691322
35040, 0.00691340
35041, 0.00691358
35042, 0.00691375
35043, 0.00691395
35044, 0.00691413
35045, 0.00691431
35046, 0.00691448
35047, 0.00691466
35048, 0.00691484
35049, 0.00691501
35050, 0.00691519
35051, 0.00691537
35052, 0.00691555
35053, 0.00691572
35054, 0.00691589
35055, 0.00691607
35056, 0.00691625
35057, 0.00691643
35058, 0.00691660
35059, 0.00691681
35060, 0.00691698
35061, 0.00691717
35062, 0.00691735
35063, 0.00691752
35064, 0.00691770
35065, 0.00691788
35066, 0.00691806
35067, 0.00691824
35068, 0.00691842
35069, 0.00691860
35070, 0.00691878
35071, 0.00691896
35072, 0.00691913
35073, 0.00691931
35074, 0.00691949
35075, 0.00691967
35076, 0.00691985
35077, 0.00692002
35078, 0.00692020
35079, 0.00692038
35080, 0.00692058
35081, 0.00692075
35082, 0.00692093
35083, 0.00692111
35084, 0.00692129
35085, 0.00692149
35086, 0.00692167
35087, 0.00692185
35088, 0.00692205
35089, 0.00692222
35090, 0.00692240
35091, 0.00692258
35092, 0.00692276
35093, 0.00692294
35094, 0.00692312
35095, 0.00692329
35096, 0.00692347
35097, 0.00692365
35098, 0.00692383
35099, 0.00692401
35100, 0.00692418
35101, 0.00692436
35102, 0.00692454
35103, 0.00692472
35104, 0.00692490
35105, 0.00692515
35106, 0.00692533
35107, 0.00692551
35108, 0.00692569
35109, 0.00692586
35110, 0.00692604
35111, 0.00692622
35112, 0.00692640
35113, 0.00692658
35114, 0.00692676
35115, 0.00692694
35116, 0.00692712
35117, 0.00692729
35118, 0.00692750
35119, 0.00692767
35120, 0.00692785
35121, 0.00692803
35122, 0.00692820
35123, 0.00692838
35124, 0.00692856
35125, 0.00692874
35126, 0.00692892
35127, 0.00692909
35128, 0.00692927
35129, 0.00692945
35130, 0.00692962
35131, 0.00692980
35132, 0.00692998
35133, 0.00693018
35134, 0.00693036
35135, 0.00693054
35136, 0.00693071
35137, 0.00693089
35138, 0.00693107
35139, 0.00693124
35140, 0.00693142
35141, 0.00693160
35142, 0.00693178
35143, 0.00693196
35144, 0.00693215
35145, 0.00693232
35146, 0.00693250
35147, 0.00693268
35148, 0.00693286
35149, 0.00693304
35150, 0.00693322
35151, 0.00693340
35152, 0.00693357
35153, 0.00693376
35154, 0.00693394
35155, 0.00693412
35156, 0.00693432
35157, 0.00693450
35158, 0.00693469
35159, 0.00693705
35160, 0.00693724
35161, 0.00693742
35162, 0.00693760
35163, 0.00693777
35164, 0.00693795
35165, 0.00693813
35166, 0.00693831
35167, 0.00693849
35168, 0.00693867
35169, 0.00693885
35170, 0.00693903
35171, 0.00693921
35172, 0.00693938
35173, 0.00693968
35174, 0.00693987
35175, 0.00694006
35176, 0.00694024
35177, 0.00694042
35178, 0.00694061
35179, 0.00694079
35180, 0.00694096
35181, 0.00694114
35182, 0.00694132
35183, 0.00694151
35184, 0.00694168
35185, 0.00694186
35186, 0.00694204
35187, 0.00694222
35188, 0.00694242
35189, 0.00694260
35190, 0.00694278
35191, 0.00694296
35192, 0.00694313
35193, 0.00694332
35194, 0.00694350
35195, 0.00694367
35196, 0.00694385
35197, 0.00694403
35198, 0.00694420
35199, 0.00694438
35200, 0.00694458
35201, 0.00694476
35202, 0.00694494
35203, 0.00694512
35204, 0.00694530
35205, 0.00694548
35206, 0.00694565
35207, 0.00694583
35208, 0.00694601
35209, 0.00694618
35210, 0.00694636
35211, 0.00694654
35212, 0.00694671
35213, 0.00694689
35214, 0.00694707
35215, 0.00694728
35216, 0.00694746
35217, 0.00694764
35218, 0.00694782
35219, 0.00694801
35220, 0.00694819
35221, 0.00694837
35222, 0.00694854
35223, 0.00694872
35224, 0.00694890
35225, 0.00694909
35226, 0.00694927
35227, 0.00694945
35228, 0.00694962
35229, 0.00694980
35230, 0.00694998
35231, 0.00695016
35232, 0.00695034
35233, 0.00695051
35234, 0.00695069
35235, 0.00695087
35236, 0.00695105
35237, 0.00695123
35238, 0.00695141
35239, 0.00695162
35240, 0.00695179
35241, 0.00695197
35242, 0.00695214
35243, 0.00695232
35244, 0.00695250
35245, 0.00695269
35246, 0.00695287
35247, 0.00695305
35248, 0.00695323
35249, 0.00695341
35250, 0.00695358
35251, 0.00695376
35252, 0.00695396
35253, 0.00695414
35254, 0.00695432
35255, 0.00695450
35256, 0.00695467
35257, 0.00695485
35258, 0.00695503
35259, 0.00695521
35260, 0.00695539
35261, 0.00695557
35262, 0.00695578
35263, 0.00695595
35264, 0.00695613
35265, 0.00695632
35266, 0.00695650
35267, 0.00695668
35268, 0.00695686
35269, 0.00695703
35270, 0.00695721
35271, 0.00695739
35272, 0.00695759
35273, 0.00695777
35274, 0.00695795
35275, 0.00695813
35276, 0.00695831
35277, 0.00695849
35278, 0.00695867
35279, 0.00695884
35280, 0.00695902
35281, 0.00695920
35282, 0.00695938
35283, 0.00695955
35284, 0.00695975
35285, 0.00696182
35286, 0.00696204
35287, 0.00696222
35288, 0.00696239
35289, 0.00696257
35290, 0.00696275
35291, 0.00696293
35292, 0.00696311
35293, 0.00696329
35294, 0.00696347
35295, 0.00696364
35296, 0.00696382
35297, 0.00696400
35298, 0.00696418
35299, 0.00696436
35300, 0.00696457
35301, 0.00696475
35302, 0.00696493
35303, 0.00696511
35304, 0.00696528
35305, 0.00696546
35306, 0.00696564
35307, 0.00696582
35308, 0.00696600
35309, 0.00696618
35310, 0.00696636
35311, 0.00696654
35312, 0.00696671
35313, 0.00696689
35314, 0.00696707
35315, 0.00696724
35316, 0.00696742
35317, 0.00696760
35318, 0.00696778
35319, 0.00696795
35320, 0.00696813
35321, 0.00696830
35322, 0.00696848
35323, 0.00696865
35324, 0.00696883
35325, 0.00696901
35326, 0.00696922
35327, 0.00696949
35328, 0.00696967
35329, 0.00696984
35330, 0.00697002
35331, 0.00697019
35332, 0.00697037
35333, 0.00697055
35334, 0.00697073
35335, 0.00697091
35336, 0.00697109
35337, 0.00697127
35338, 0.00697145
35339, 0.00697163
35340, 0.00697181
35341, 0.00697198
35342, 0.00697216
35343, 0.00697234
35344, 0.00697252
35345, 0.00697269
35346, 0.00697287
35347, 0.00697304
35348, 0.00697322
35349, 0.00697339
35350, 0.00697356
35351, 0.00697374
35352, 0.00697391
35353, 0.00697409
35354, 0.00697426
35355, 0.00697444
35356, 0.00697461
35357, 0.00697478
35358, 0.00697496
35359, 0.00697513
35360, 0.00697530
35361, 0.00697548
35362, 0.00697565
35363, 0.00697584
35364, 0.00697602
35365, 0.00697619
35366, 0.00697637
35367, 0.00697655
35368, 0.00697672
35369, 0.00697690
35370, 0.00697708
35371, 0.00697726
35372, 0.00697744
35373, 0.00697762
35374, 0.00697779
35375, 0.00697797
35376, 0.00697814
35377, 0.00697832
35378, 0.00697849
35379, 0.00697867
35380, 0.00697884
35381, 0.00697901
35382, 0.00697919
35383, 0.00697936
35384, 0.00697953
35385, 0.00697971
35386, 0.00697988
35387, 0.00698005
35388, 0.00698023
35389, 0.00698040
35390, 0.00698057
35391, 0.00698074
35392, 0.00698092
35393, 0.00698109
35394, 0.00698126
35395, 0.00698144
35396, 0.00698161
35397, 0.00698178
35398, 0.00698196
35399, 0.00698213
35400, 0.00698230
35401, 0.00698250
35402, 0.00698267
35403, 0.00698284
35404, 0.00698302
35405, 0.00698319
35406, 0.00698336
35407, 0.00698354
35408, 0.00698371
35409, 0.00698388
35410, 0.00698407
35411, 0.00698613
35412, 0.00698632
35413, 0.00698650
35414, 0.00698668
35415, 0.00698685
35416, 0.00698703
35417, 0.00698720
35418, 0.00698738
35419, 0.00698756
35420, 0.00698774
35421, 0.00698792
35422, 0.00698810
35423, 0.00698827
35424, 0.00698844
35425, 0.00698862
35426, 0.00698879
35427, 0.00698897
35428, 0.00698914
35429, 0.00698932
35430, 0.00698949
35431, 0.00698966
35432, 0.00698983
35433, 0.00699001
35434, 0.00699018
35435, 0.00699035
35436, 0.00699053
35437, 0.00699070
35438, 0.00699088
35439, 0.00699105
35440, 0.00699122
35441, 0.00699141
35442, 0.00699159
35443, 0.00699177
35444, 0.00699194
35445, 0.00699211
35446, 0.00699228
35447, 0.00699246
35448, 0.00699263
35449, 0.00699280
35450, 0.00699298
35451, 0.00699315
35452, 0.00699333
35453, 0.00699351
35454, 0.00699368
35455, 0.00699386
35456, 0.00699404
35457, 0.00699422
35458, 0.00699440
35459, 0.00699458
35460, 0.00699476
35461, 0.00699493
35462, 0.00699510
35463, 0.00699528
35464, 0.00699545
35465, 0.00699563
35466, 0.00699580
35467, 0.00699598
35468, 0.00699615
35469, 0.00699633
35470, 0.00699650
35471, 0.00699667
35472, 0.00699685
35473, 0.00699702
35474, 0.00699720
35475, 0.00699737
35476, 0.00699755
35477, 0.00699773
35478, 0.00699791
35479, 0.00699808
35480, 0.00699826
35481, 0.00699843
35482, 0.00699861
35483, 0.00699878
35484, 0.00699896
35485, 0.00699913
35486, 0.00699930
35487, 0.00699948
35488, 0.00699966
35489, 0.00699983
35490, 0.00700001
35491, 0.00700018
35492, 0.00700035
35493, 0.00700053
35494, 0.00700070
35495, 0.00700088
35496, 0.00700105
35497, 0.00700122
35498, 0.00700140
35499, 0.00700157
35500, 0.00700174
35501, 0.00700193
35502, 0.00700210
35503, 0.00700227
35504, 0.00700244
35505, 0.00700261
35506, 0.00700279
35507, 0.00700296
35508, 0.00700313
35509, 0.00700331
35510, 0.00700348
35511, 0.00700366
35512, 0.00700383
35513, 0.00700401
35514, 0.00700418
35515, 0.00700436
35516, 0.00700453
35517, 0.00700470
35518, 0.00700488
35519, 0.00700506
35520, 0.00700523
35521, 0.00700540
35522, 0.00700558
35523, 0.00700575
35524, 0.00700593
35525, 0.00700610
35526, 0.00700628
35527, 0.00700645
35528, 0.00700662
35529, 0.00700680
35530, 0.00700697
35531, 0.00700714
35532, 0.00700731
35533, 0.00700749
35534, 0.00700766
35535, 0.00700783
35536, 0.00700802
35537, 0.00701014
35538, 0.00701033
35539, 0.00701051
35540, 0.00701069
35541, 0.00701087
35542, 0.00701104
35543, 0.00701121
35544, 0.00701138
35545, 0.00701155
35546, 0.00701173
35547, 0.00701190
35548, 0.00701207
35549, 0.00701224
35550, 0.00701242
35551, 0.00701259
35552, 0.00701277
35553, 0.00701294
35554, 0.00701311
35555, 0.00701328
35556, 0.00701346
35557, 0.00701363
35558, 0.00701380
35559, 0.00701398
35560, 0.00701415
35561, 0.00701432
35562, 0.00701450
35563, 0.00701467
35564, 0.00701484
35565, 0.00701502
35566, 0.00701519
35567, 0.00701537
35568, 0.00701554
35569, 0.00701571
35570, 0.00701588
35571, 0.00701606
35572, 0.00701623
35573, 0.00701640
35574, 0.00701658
35575, 0.00701675
35576, 0.00701692
35577, 0.00701710
35578, 0.00701727
35579, 0.00701744
35580, 0.00701762
35581, 0.00701779
35582, 0.00701796
35583, 0.00701813
35584, 0.00701831
35585, 0.00701848
35586, 0.00701866
35587, 0.00701883
35588, 0.00701900
35589, 0.00701918
35590, 0.00701935
35591, 0.00701952
35592, 0.00701970
35593, 0.00701990
35594, 0.00702007
35595, 0.00702025
35596, 0.00702042
35597, 0.00702060
35598, 0.00702077
35599, 0.00702094
35600, 0.00702112
35601, 0.00702129
35602, 0.00702147
35603, 0.00702164
35604, 0.00702182
35605, 0.00702199
35606, 0.00702216
35607, 0.00702234
35608, 0.00702251
35609, 0.00702270
35610, 0.00702287
35611, 0.00702304
35612, 0.00702321
35613, 0.00702339
35614, 0.00702356
35615, 0.00702374
35616, 0.00702391
35617, 0.00702408
35618, 0.00702425
35619, 0.00702443
35620, 0.00702460
35621, 0.00702478
35622, 0.00702495
35623, 0.00702512
35624, 0.00702529
35625, 0.00702546
35626, 0.00702564
35627, 0.00702582
35628, 0.00702599
35629, 0.00702616
35630, 0.00702633
35631, 0.00702651
35632, 0.00702668
35633, 0.00702686
35634, 0.00702704
35635, 0.00702722
35636, 0.00702739
35637, 0.00702757
35638, 0.00702775
35639, 0.00702792
35640, 0.00702810
35641, 0.00702827
35642, 0.00702844
35643, 0.00702862
35644, 0.00702879
35645, 0.00702896
35646, 0.00702913
35647, 0.00702932
35648, 0.00702950
35649, 0.00702968
35650, 0.00702985
35651, 0.00703002
35652, 0.00703020
35653, 0.00703037
35654, 0.00703054
35655, 0.00703072
35656, 0.00703089
35657, 0.00703107
35658, 0.00703124
35659, 0.00703142
35660, 0.00703159
35661, 0.00703176
35662, 0.00703195
35663, 0.00703401
35664, 0.00703420
35665, 0.00703438
35666, 0.00703456
35667, 0.00703473
35668, 0.00703491
35669, 0.00703508
35670, 0.00703526
35671, 0.00703544
35672, 0.00703561
35673, 0.00703579
35674, 0.00703596
35675, 0.00703614
35676, 0.00703631
35677, 0.00703648
35678, 0.00703666
35679, 0.00703683
35680, 0.00703701
35681, 0.00703718
35682, 0.00703736
35683, 0.00703753
35684, 0.00703770
35685, 0.00703788
35686, 0.00703805
35687, 0.00703823
35688, 0.00703840
35689, 0.00703858
35690, 0.00703875
35691, 0.00703892
35692, 0.00703910
35693, 0.00703927
35694, 0.00703944
35695, 0.00703962
35696, 0.00703979
35697, 0.00703996
35698, 0.00704014
35699, 0.00704031
35700, 0.00704048
35701, 0.00704066
35702, 0.00704083
35703, 0.00704100
35704, 0.00704117
35705, 0.00704135
35706, 0.00704152
35707, 0.00704169
35708, 0.00704187
35709, 0.00704204
35710, 0.00704223
35711, 0.00704241
35712, 0.00704258
35713, 0.00704275
35714, 0.00704292
35715, 0.00704310
35716, 0.00704327
35717, 0.00704344
35718, 0.00704361
35719, 0.00704379
35720, 0.00704396
35721, 0.00704413
35722, 0.00704431
35723, 0.00704448
35724, 0.00704465
35725, 0.00704483
35726, 0.00704500
35727, 0.00704517
35728, 0.00704534
35729, 0.00704552
35730, 0.00704569
35731, 0.00704586
35732, 0.00704604
35733, 0.00704621
35734, 0.00704638
35735, 0.00704656
35736, 0.00704673
35737, 0.00704690
35738, 0.00704708
35739, 0.00704725
35740, 0.00704742
35741, 0.00704759
35742, 0.00704777
35743, 0.00704794
35744, 0.00704811
35745, 0.00704828
35746, 0.00704846
35747, 0.00704863
35748, 0.00704880
35749, 0.00704897
35750, 0.00704915
35751, 0.00704932
35752, 0.00704949
35753, 0.00704966
35754, 0.00704984
35755, 0.00705006
35756, 0.00705023
35757, 0.00705040
35758, 0.00705058
35759, 0.00705075
35760, 0.00705093
35761, 0.00705110
35762, 0.00705128
35763, 0.00705145
35764, 0.00705163
35765, 0.00705180
35766, 0.00705198
35767, 0.00705215
35768, 0.00705232
35769, 0.00705251
35770, 0.00705268
35771, 0.00705286
35772, 0.00705303
35773, 0.00705320
35774, 0.00705338
35775, 0.00705355
35776, 0.00705372
35777, 0.00705390
35778, 0.00705407
35779, 0.00705424
35780, 0.00705442
35781, 0.00705459
35782, 0.00705477
35783, 0.00705494
35784, 0.00705512
35785, 0.00705529
35786, 0.00705546
35787, 0.00705564
35788, 0.00705582
35789, 0.00705791
35790, 0.00705810
35791, 0.00705827
35792, 0.00705845
35793, 0.00705862
35794, 0.00705880
35795, 0.00705898
35796, 0.00705915
35797, 0.00705933
35798, 0.00705950
35799, 0.00705968
35800, 0.00705985
35801, 0.00706002
35802, 0.00706020
35803, 0.00706037
35804, 0.00706054
35805, 0.00706072
35806, 0.00706089
35807, 0.00706107
35808, 0.00706124
35809, 0.00706141
35810, 0.00706159
35811, 0.00706177
35812, 0.00706195
35813, 0.00706213
35814, 0.00706231
35815, 0.00706249
35816, 0.00706267
35817, 0.00706285
35818, 0.00706303
35819, 0.00706321
35820, 0.00706339
35821, 0.00706357
35822, 0.00706375
35823, 0.00706393
35824, 0.00706411
35825, 0.00706429
35826, 0.00706446
35827, 0.00706464
35828, 0.00706482
35829, 0.00706500
35830, 0.00706517
35831, 0.00706534
35832, 0.00706551
35833, 0.00706569
35834, 0.00706587
35835, 0.00706605
35836, 0.00706623
35837, 0.00706641
35838, 0.00706658
35839, 0.00706684
35840, 0.00706701
35841, 0.00706718
35842, 0.00706736
35843, 0.00706753
35844, 0.00706770
35845, 0.00706787
35846, 0.00706805
35847, 0.00706822
35848, 0.00706840
35849, 0.00706857
35850, 0.00706874
35851, 0.00706892
35852, 0.00706909
35853, 0.00706927
35854, 0.00706944
35855, 0.00706961
35856, 0.00706979
35857, 0.00706997
35858, 0.00707014
35859, 0.00707031
35860, 0.00707049
35861, 0.00707068
35862, 0.00707086
35863, 0.00707103
35864, 0.00707120
35865, 0.00707138
35866, 0.00707155
35867, 0.00707172
35868, 0.00707189
35869, 0.00707207
35870, 0.00707224
35871, 0.00707242
35872, 0.00707259
35873, 0.00707277
35874, 0.00707294
35875, 0.00707311
35876, 0.00707329
35877, 0.00707346
35878, 0.00707364
35879, 0.00707382
35880, 0.00707399
35881, 0.00707416
35882, 0.00707434
35883, 0.00707451
35884, 0.00707468
35885, 0.00707485
35886, 0.00707503
35887, 0.00707520
35888, 0.00707537
35889, 0.00707555
35890, 0.00707572
35891, 0.00707590
35892, 0.00707608
35893, 0.00707627
35894, 0.00707645
35895, 0.00707663
35896, 0.00707681
35897, 0.00707698
35898, 0.00707715
35899, 0.00707732
35900, 0.00707750
35901, 0.00707767
35902, 0.00707785
35903, 0.00707802
35904, 0.00707819
35905, 0.00707837
35906, 0.00707854
35907, 0.00707871
35908, 0.00707889
35909, 0.00707906
35910, 0.00707926
35911, 0.00707943
35912, 0.00707961
35913, 0.00707978
35914, 0.00707997
35915, 0.00708205
35916, 0.00708223
35917, 0.00708241
35918, 0.00708259
35919, 0.00708277
35920, 0.00708294
35921, 0.00708312
35922, 0.00708329
35923, 0.00708347
35924, 0.00708365
35925, 0.00708383
35926, 0.00708401
35927, 0.00708419
35928, 0.00708437
35929, 0.00708455
35930, 0.00708473
35931, 0.00708490
35932, 0.00708507
35933, 0.00708525
35934, 0.00708542
35935, 0.00708560
35936, 0.00708577
35937, 0.00708594
35938, 0.00708611
35939, 0.00708629
35940, 0.00708646
35941, 0.00708663
35942, 0.00708683
35943, 0.00708700
35944, 0.00708718
35945, 0.00708736
35946, 0.00708753
35947, 0.00708771
35948, 0.00708788
35949, 0.00708806
35950, 0.00708824
35951, 0.00708842
35952, 0.00708860
35953, 0.00708878
35954, 0.00708895
35955, 0.00708912
35956, 0.00708930
35957, 0.00708947
35958, 0.00708965
35959, 0.00708982
35960, 0.00709000
35961, 0.00709017
35962, 0.00709035
35963, 0.00709052
35964, 0.00709070
35965, 0.00709087
35966, 0.00709105
35967, 0.00709122
35968, 0.00709140
35969, 0.00709158
35970, 0.00709175
35971, 0.00709193
35972, 0.00709211
35973, 0.00709228
35974, 0.00709246
35975, 0.00709263
35976, 0.00709281
35977, 0.00709298
35978, 0.00709316
35979, 0.00709333
35980, 0.00709351
35981, 0.00709369
35982, 0.00709386
35983, 0.00709404
35984, 0.00709421
35985, 0.00709439
35986, 0.00709456
35987, 0.00709474
35988, 0.00709491
35989, 0.00709508
35990, 0.00709526
35991, 0.00709543
35992, 0.00709561
35993, 0.00709578
35994, 0.00709595
35995, 0.00709613
35996, 0.00709630
35997, 0.00709648
35998, 0.00709665
35999, 0.00709683
36000, 0.00709700
36001, 0.00709718
36002, 0.00709735
36003, 0.00709753
36004, 0.00709770
36005, 0.00709788
36006, 0.00709805
36007, 0.00709822
36008, 0.00709840
36009, 0.00709857
36010, 0.00709875
36011, 0.00709892
36012, 0.00709910
36013, 0.00709929
36014, 0.00709947
36015, 0.00709965
36016, 0.00709982
36017, 0.00710000
36018, 0.00710017
36019, 0.00710035
36020, 0.00710052
36021, 0.00710069
36022, 0.00710087
36023, 0.00710104
36024, 0.00710121
36025, 0.00710139
36026, 0.00710156
36027, 0.00710174
36028, 0.00710191
36029, 0.00710209
36030, 0.00710226
36031, 0.00710243
36032, 0.00710261
36033, 0.00710278
36034, 0.00710296
36035, 0.00710313
36036, 0.00710331
36037, 0.00710348
36038, 0.00710366
36039, 0.00710383
36040, 0.00710402
36041, 0.00710613
36042, 0.00710633
36043, 0.00710651
36044, 0.00710670
36045, 0.00710688
36046, 0.00710706
36047, 0.00710725
36048, 0.00710743
36049, 0.00710761
36050, 0.00710778
36051, 0.00710796
36052, 0.00710813
36053, 0.00710831
36054, 0.00710849
36055, 0.00710866
36056, 0.00710884
36057, 0.00710901
36058, 0.00710918
36059, 0.00710935
36060, 0.00710953
36061, 0.00710970
36062, 0.00710987
36063, 0.00711005
36064, 0.00711022
36065, 0.00711040
36066, 0.00711057
36067, 0.00711075
36068, 0.00711092
36069, 0.00711110
36070, 0.00711127
36071, 0.00711145
36072, 0.00711162
36073, 0.00711180
36074, 0.00711200
36075, 0.00711217
36076, 0.00711234
36077, 0.00711252
36078, 0.00711269
36079, 0.00711287
36080, 0.00711304
36081, 0.00711321
36082, 0.00711339
36083, 0.00711356
36084, 0.00711374
36085, 0.00711391
36086, 0.00711408
36087, 0.00711425
36088, 0.00711443
36089, 0.00711460
36090, 0.00711478
36091, 0.00711495
36092, 0.00711512
36093, 0.00711530
36094, 0.00711547
36095, 0.00711565
36096, 0.00711582
36097, 0.00711600
36098, 0.00711617
36099, 0.00711635
36100, 0.00711652
36101, 0.00711669
36102, 0.00711687
36103, 0.00711705
36104, 0.00711722
36105, 0.00711740
36106, 0.00711757
36107, 0.00711774
36108, 0.00711792
36109, 0.00711809
36110, 0.00711827
36111, 0.00711844
36112, 0.00711861
36113, 0.00711879
36114, 0.00711896
36115, 0.00711914
36116, 0.00711931
36117, 0.00711949
36118, 0.00711966
36119, 0.00711983
36120, 0.00712001
36121, 0.00712018
36122, 0.00712036
36123, 0.00712053
36124, 0.00712071
36125, 0.00712088
36126, 0.00712105
36127, 0.00712123
36128, 0.00712140
36129, 0.00712157
36130, 0.00712175
36131, 0.00712192
36132, 0.00712210
36133, 0.00712227
36134, 0.00712244
36135, 0.00712262
36136, 0.00712280
36137, 0.00712297
36138, 0.00712317
36139, 0.00712334
36140, 0.00712352
36141, 0.00712369
36142, 0.00712386
36143, 0.00712404
36144, 0.00712421
36145, 0.00712438
36146, 0.00712456
36147, 0.00712473
36148, 0.00712491
36149, 0.00712508
36150, 0.00712526
36151, 0.00712543
36152, 0.00712560
36153, 0.00712578
36154, 0.00712596
36155, 0.00712613
36156, 0.00712630
36157, 0.00712648
36158, 0.00712665
36159, 0.00712682
36160, 0.00712700
36161, 0.00712717
36162, 0.00712735
36163, 0.00712752
36164, 0.00712769
36165, 0.00712787
36166, 0.00712806
36167, 0.00713014
36168, 0.00713034
36169, 0.00713051
36170, 0.00713068
36171, 0.00713086
36172, 0.00713103
36173, 0.00713120
36174, 0.00713138
36175, 0.00713155
36176, 0.00713172
36177, 0.00713190
36178, 0.00713207
36179, 0.00713224
36180, 0.00713242
36181, 0.00713259
36182, 0.00713277
36183, 0.00713296
36184, 0.00713314
36185, 0.00713332
36186, 0.00713349
36187, 0.00713367
36188, 0.00713384
36189, 0.00713401
36190, 0.00713419
36191, 0.00713437
36192, 0.00713454
36193, 0.00713471
36194, 0.00713489
36195, 0.00713506
36196, 0.00713524
36197, 0.00713541
36198, 0.00713559
36199, 0.00713577
36200, 0.00713594
36201, 0.00713612
36202, 0.00713631
36203, 0.00713649
36204, 0.00713666
36205, 0.00713683
36206, 0.00713701
36207, 0.00713718
36208, 0.00713736
36209, 0.00713753
36210, 0.00713771
36211, 0.00713788
36212, 0.00713806
36213, 0.00713823
36214, 0.00713841
36215, 0.00713858
36216, 0.00713876
36217, 0.00713894
36218, 0.00713913
36219, 0.00713930
36220, 0.00713948
36221, 0.00713966
36222, 0.00713984
36223, 0.00714002
36224, 0.00714020
36225, 0.00714038
36226, 0.00714056
36227, 0.00714073
36228, 0.00714091
36229, 0.00714109
36230, 0.00714126
36231, 0.00714143
36232, 0.00714161
36233, 0.00714178
36234, 0.00714195
36235, 0.00714213
36236, 0.00714230
36237, 0.00714248
36238, 0.00714265
36239, 0.00714283
36240, 0.00714300
36241, 0.00714318
36242, 0.00714335
36243, 0.00714353
36244, 0.00714371
36245, 0.00714388
36246, 0.00714406
36247, 0.00714423
36248, 0.00714440
36249, 0.00714458
36250, 0.00714475
36251, 0.00714493
36252, 0.00714510
36253, 0.00714528
36254, 0.00714545
36255, 0.00714563
36256, 0.00714580
36257, 0.00714598
36258, 0.00714615
36259, 0.00714633
36260, 0.00714651
36261, 0.00714668
36262, 0.00714685
36263, 0.00714703
36264, 0.00714722
36265, 0.00714740
36266, 0.00714758
36267, 0.00714776
36268, 0.00714793
36269, 0.00714811
36270, 0.00714828
36271, 0.00714845
36272, 0.00714863
36273, 0.00714880
36274, 0.00714897
36275, 0.00714914
36276, 0.00714932
36277, 0.00714949
36278, 0.00714967
36279, 0.00714985
36280, 0.00715002
36281, 0.00715020
36282, 0.00715037
36283, 0.00715054
36284, 0.00715072
36285, 0.00715089
36286, 0.00715107
36287, 0.00715124
36288, 0.00715141
36289, 0.00715159
36290, 0.00715176
36291, 0.00715193
36292, 0.00715212
36293, 0.00715584
36294, 0.00715605
36295, 0.00715623
36296, 0.00715642
36297, 0.00715660
36298, 0.00715678
36299, 0.00715696
36300, 0.00715713
36301, 0.00715731
36302, 0.00715748
36303, 0.00715767
36304, 0.00715785
36305, 0.00715802
36306, 0.00715820
36307, 0.00715837
36308, 0.00715855
36309, 0.00715872
36310, 0.00715889
36311, 0.00715907
36312, 0.00715924
36313, 0.00715942
36314, 0.00715960
36315, 0.00715977
36316, 0.00715994
36317, 0.00716011
36318, 0.00716029
36319, 0.00716047
36320, 0.00716064
36321, 0.00716082
36322, 0.00716100
36323, 0.00716118
36324, 0.00716136
36325, 0.00716154
36326, 0.00716172
36327, 0.00716190
36328, 0.00716208
36329, 0.00716227
36330, 0.00716245
36331, 0.00716263
36332, 0.00716281
36333, 0.00716299
36334, 0.00716317
36335, 0.00716335
36336, 0.00716353
36337, 0.00716371
36338, 0.00716389
36339, 0.00716407
36340, 0.00716425
36341, 0.00716443
36342, 0.00716461
36343, 0.00716479
36344, 0.00716497
36345, 0.00716515
36346, 0.00716533
36347, 0.00716551
36348, 0.00716569
36349, 0.00716587
36350, 0.00716605
36351, 0.00716633
36352, 0.00716651
36353, 0.00716669
36354, 0.00716687
36355, 0.00716705
36356, 0.00716723
36357, 0.00716741
36358, 0.00716759
36359, 0.00716777
36360, 0.00716795
36361, 0.00716813
36362, 0.00716831
36363, 0.00716849
36364, 0.00716867
36365, 0.00716885
36366, 0.00716910
36367, 0.00716928
36368, 0.00716945
36369, 0.00716963
36370, 0.00716982
36371, 0.00717000
36372, 0.00717018
36373, 0.00717035
36374, 0.00717053
36375, 0.00717070
36376, 0.00717088
36377, 0.00717105
36378, 0.00717123
36379, 0.00717141
36380, 0.00717158
36381, 0.00717176
36382, 0.00717194
36383, 0.00717211
36384, 0.00717229
36385, 0.00717246
36386, 0.00717264
36387, 0.00717281
36388, 0.00717298
36389, 0.00717316
36390, 0.00717333
36391, 0.00717351
36392, 0.00717368
36393, 0.00717385
36394, 0.00717403
36395, 0.00717420
36396, 0.00717438
36397, 0.00717457
36398, 0.00717475
36399, 0.00717492
36400, 0.00717509
36401, 0.00717527
36402, 0.00717545
36403, 0.00717562
36404, 0.00717580
36405, 0.00717597
36406, 0.00717614
36407, 0.00717632
36408, 0.00717650
36409, 0.00717668
36410, 0.00717685
36411, 0.00717704
36412, 0.00717722
36413, 0.00717739
36414, 0.00717757
36415, 0.00717775
36416, 0.00717793
36417, 0.00717810
36418, 0.00717829
36419, 0.00718056
36420, 0.00718076
36421, 0.00718094
36422, 0.00718111
36423, 0.00718128
36424, 0.00718146
36425, 0.00718163
36426, 0.00718187
36427, 0.00718204
36428, 0.00718221
36429, 0.00718239
36430, 0.00718256
36431, 0.00718273
36432, 0.00718291
36433, 0.00718308
36434, 0.00718325
36435, 0.00718343
36436, 0.00718360
36437, 0.00718378
36438, 0.00718395
36439, 0.00718412
36440, 0.00718429
36441, 0.00718447
36442, 0.00718464
36443, 0.00718482
36444, 0.00718499
36445, 0.00718516
36446, 0.00718533
36447, 0.00718551
36448, 0.00718568
36449, 0.00718585
36450, 0.00718602
36451, 0.00718620
36452, 0.00718637
36453, 0.00718655
36454, 0.00718672
36455, 0.00718690
36456, 0.00718707
36457, 0.00718725
36458, 0.00718742
36459, 0.00718759
36460, 0.00718777
36461, 0.00718802
36462, 0.00718820
36463, 0.00718837
36464, 0.00718854
36465, 0.00718872
36466, 0.00718889
36467, 0.00718906
36468, 0.00718923
36469, 0.00718941
36470, 0.00718958
36471, 0.00718975
36472, 0.00718993
36473, 0.00719010
36474, 0.00719027
36475, 0.00719045
36476, 0.00719062
36477, 0.00719079
36478, 0.00719096
36479, 0.00719114
36480, 0.00719131
36481, 0.00719148
36482, 0.00719165
36483, 0.00719183
36484, 0.00719200
36485, 0.00719217
36486, 0.00719234
36487, 0.00719251
36488, 0.00719268
36489, 0.00719286
36490, 0.00719303
36491, 0.00719321
36492, 0.00719338
36493, 0.00719355
36494, 0.00719372
36495, 0.00719389
36496, 0.00719406
36497, 0.00719424
36498, 0.00719441
36499, 0.00719458
36500, 0.00719475
36501, 0.00719493
36502, 0.00719510
36503, 0.00719527
36504, 0.00719544
36505, 0.00719562
36506, 0.00719579
36507, 0.00719596
36508, 0.00719613
36509, 0.00719631
36510, 0.00719648
36511, 0.00719665
36512, 0.00719683
36513, 0.00719700
36514, 0.00719717
36515, 0.00719735
36516, 0.00719754
36517, 0.00719771
36518, 0.00719788
36519, 0.00719806
36520, 0.00719824
36521, 0.00719841
36522, 0.00719858
36523, 0.00719876
36524, 0.00719894
36525, 0.00719911
36526, 0.00719929
36527, 0.00719946
36528, 0.00719963
36529, 0.00719981
36530, 0.00719999
36531, 0.00720016
36532, 0.00720034
36533, 0.00720051
36534, 0.00720068
36535, 0.00720086
36536, 0.00720103
36537, 0.00720121
36538, 0.00720138
36539, 0.00720156
36540, 0.00720173
36541, 0.00720190
36542, 0.00720208
36543, 0.00720225
36544, 0.00720243
36545, 0.00720453
36546, 0.00720473
36547, 0.00720492
36548, 0.00720510
36549, 0.00720528
36550, 0.00720547
36551, 0.00720565
36552, 0.00720583
36553, 0.00720602
36554, 0.00720620
36555, 0.00720638
36556, 0.00720656
36557, 0.00720674
36558, 0.00720692
36559, 0.00720710
36560, 0.00720729
36561, 0.00720747
36562, 0.00720765
36563, 0.00720784
36564, 0.00720802
36565, 0.00720820
36566, 0.00720838
36567, 0.00720857
36568, 0.00720875
36569, 0.00720893
36570, 0.00720912
36571, 0.00720930
36572, 0.00720948
36573, 0.00720966
36574, 0.00720984
36575, 0.00721002
36576, 0.00721021
36577, 0.00721039
36578, 0.00721057
36579, 0.00721075
36580, 0.00721093
36581, 0.00721111
36582, 0.00721130
36583, 0.00721148
36584, 0.00721166
36585, 0.00721184
36586, 0.00721201
36587, 0.00721225
36588, 0.00721243
36589, 0.00721261
36590, 0.00721279
36591, 0.00721297
36592, 0.00721314
36593, 0.00721332
36594, 0.00721349
36595, 0.00721367
36596, 0.00721385
36597, 0.00721402
36598, 0.00721420
36599, 0.00721438
36600, 0.00721455
36601, 0.00721473
36602, 0.00721491
36603, 0.00721508
36604, 0.00721526
36605, 0.00721543
36606, 0.00721561
36607, 0.00721578
36608, 0.00721595
36609, 0.00721613
36610, 0.00721630
36611, 0.00721647
36612, 0.00721665
36613, 0.00721682
36614, 0.00721700
36615, 0.00721718
36616, 0.00721735
36617, 0.00721753
36618, 0.00721770
36619, 0.00721788
36620, 0.00721805
36621, 0.00721823
36622, 0.00721840
36623, 0.00721858
36624, 0.00721876
36625, 0.00721895
36626, 0.00721913
36627, 0.00721930
36628, 0.00721948
36629, 0.00721965
36630, 0.00721983
36631, 0.00722000
36632, 0.00722017
36633, 0.00722035
36634, 0.00722052
36635, 0.00722070
36636, 0.00722088
36637, 0.00722106
36638, 0.00722123
36639, 0.00722141
36640, 0.00722159
36641, 0.00722177
36642, 0.00722195
36643, 0.00722213
36644, 0.00722231
36645, 0.00722248
36646, 0.00722265
36647, 0.00722283
36648, 0.00722301
36649, 0.00722318
36650, 0.00722336
36651, 0.00722354
36652, 0.00722372
36653, 0.00722390
36654, 0.00722408
36655, 0.00722426
36656, 0.00722443
36657, 0.00722460
36658, 0.00722479
36659, 0.00722496
36660, 0.00722514
36661, 0.00722532
36662, 0.00722549
36663, 0.00722566
36664, 0.00722584
36665, 0.00722601
36666, 0.00722619
36667, 0.00722637
36668, 0.00722654
36669, 0.00722672
36670, 0.00722691
36671, 0.00722900
36672, 0.00722920
36673, 0.00722938
36674, 0.00722956
36675, 0.00722973
36676, 0.00722991
36677, 0.00723008
36678, 0.00723026
36679, 0.00723043
36680, 0.00723061
36681, 0.00723078
36682, 0.00723096
36683, 0.00723114
36684, 0.00723131
36685, 0.00723149
36686, 0.00723168
36687, 0.00723186
36688, 0.00723203
36689, 0.00723221
36690, 0.00723238
36691, 0.00723256
36692, 0.00723273
36693, 0.00723291
36694, 0.00723309
36695, 0.00723326
36696, 0.00723343
36697, 0.00723361
36698, 0.00723378
36699, 0.00723396
36700, 0.00723414
36701, 0.00723431
36702, 0.00723449
36703, 0.00723466
36704, 0.00723484
36705, 0.00723502
36706, 0.00723519
36707, 0.00723537
36708, 0.00723554
36709, 0.00723572
36710, 0.00723589
36711, 0.00723607
36712, 0.00723624
36713, 0.00723642
36714, 0.00723659
36715, 0.00723677
36716, 0.00723695
36717, 0.00723712
36718, 0.00723730
36719, 0.00723748
36720, 0.00723765
36721, 0.00723783
36722, 0.00723801
36723, 0.00723818
36724, 0.00723836
36725, 0.00723853
36726, 0.00723871
36727, 0.00723889
36728, 0.00723906
36729, 0.00723924
36730, 0.00723942
36731, 0.00723959
36732, 0.00723976
36733, 0.00723994
36734, 0.00724013
36735, 0.00724031
36736, 0.00724048
36737, 0.00724066
36738, 0.00724083
36739, 0.00724101
36740, 0.00724118
36741, 0.00724136
36742, 0.00724153
36743, 0.00724171
36744, 0.00724189
36745, 0.00724206
36746, 0.00724224
36747, 0.00724241
36748, 0.00724259
36749, 0.00724276
36750, 0.00724294
36751, 0.00724312
36752, 0.00724329
36753, 0.00724347
36754, 0.00724364
36755, 0.00724382
36756, 0.00724399
36757, 0.00724417
36758, 0.00724434
36759, 0.00724452
36760, 0.00724470
36761, 0.00724487
36762, 0.00724505
36763, 0.00724522
36764, 0.00724540
36765, 0.00724558
36766, 0.00724575
36767, 0.00724593
36768, 0.00724610
36769, 0.00724628
36770, 0.00724646
36771, 0.00724663
36772, 0.00724681
36773, 0.00724698
36774, 0.00724716
36775, 0.00724733
36776, 0.00724751
36777, 0.00724768
36778, 0.00724786
36779, 0.00724803
36780, 0.00724820
36781, 0.00724838
36782, 0.00724855
36783, 0.00724873
36784, 0.00724891
36785, 0.00724908
36786, 0.00724926
36787, 0.00724943
36788, 0.00724961
36789, 0.00724978
36790, 0.00724996
36791, 0.00725014
36792, 0.00725031
36793, 0.00725049
36794, 0.00725066
36795, 0.00725084
36796, 0.00725103
36797, 0.00725313
36798, 0.00725333
36799, 0.00725351
36800, 0.00725369
36801, 0.00725386
36802, 0.00725404
36803, 0.00725421
36804, 0.00725438
36805, 0.00725455
36806, 0.00725473
36807, 0.00725490
36808, 0.00725508
36809, 0.00725525
36810, 0.00725542
36811, 0.00725560
36812, 0.00725578
36813, 0.00725595
36814, 0.00725613
36815, 0.00725631
36816, 0.00725650
36817, 0.00725670
36818, 0.00725688
36819, 0.00725705
36820, 0.00725723
36821, 0.00725741
36822, 0.00725759
36823, 0.00725776
36824, 0.00725794
36825, 0.00725812
36826, 0.00725830
36827, 0.00725848
36828, 0.00725866
36829, 0.00725884
36830, 0.00725902
36831, 0.00725919
36832, 0.00725937
36833, 0.00725957
36834, 0.00725975
36835, 0.00725993
36836, 0.00726011
36837, 0.00726028
36838, 0.00726046
36839, 0.00726064
36840, 0.00726081
36841, 0.00726099
36842, 0.00726117
36843, 0.00726134
36844, 0.00726152
36845, 0.00726169
36846, 0.00726187
36847, 0.00726207
36848, 0.00726225
36849, 0.00726243
36850, 0.00726261
36851, 0.00726279
36852, 0.00726297
36853, 0.00726314
36854, 0.00726332
36855, 0.00726350
36856, 0.00726368
36857, 0.00726386
36858, 0.00726404
36859, 0.00726422
36860, 0.00726440
36861, 0.00726458
36862, 0.00726475
36863, 0.00726525
36864, 0.00726546
36865, 0.00726564
36866, 0.00726581
36867, 0.00726598
36868, 0.00726616
36869, 0.00726634
36870, 0.00726652
36871, 0.00726669
36872, 0.00726687
36873, 0.00726704
36874, 0.00726722
36875, 0.00726740
36876, 0.00726758
36877, 0.00726776
36878, 0.00726794
36879, 0.00726812
36880, 0.00726832
36881, 0.00726850
36882, 0.00726867
36883, 0.00726885
36884, 0.00726903
36885, 0.00726920
36886, 0.00726938
36887, 0.00726959
36888, 0.00726977
36889, 0.00726995
36890, 0.00727013
36891, 0.00727031
36892, 0.00727049
36893, 0.00727066
36894, 0.00727084
36895, 0.00727102
36896, 0.00727120
36897, 0.00727138
36898, 0.00727156
36899, 0.00727174
36900, 0.00727191
36901, 0.00727209
36902, 0.00727226
36903, 0.00727244
36904, 0.00727264
36905, 0.00727282
36906, 0.00727300
36907, 0.00727318
36908, 0.00727336
36909, 0.00727354
36910, 0.00727372
36911, 0.00727390
36912, 0.00727408
36913, 0.00727426
36914, 0.00727444
36915, 0.00727461
36916, 0.00727479
36917, 0.00727497
36918, 0.00727515
36919, 0.00727533
36920, 0.00727551
36921, 0.00727568
36922, 0.00727587
36923, 0.00727798
36924, 0.00727818
36925, 0.00727835
36926, 0.00727853
36927, 0.00727870
36928, 0.00727888
36929, 0.00727905
36930, 0.00727922
36931, 0.00727940
36932, 0.00727957
36933, 0.00727974
36934, 0.00727992
36935, 0.00728009
36936, 0.00728026
36937, 0.00728043
36938, 0.00728061
36939, 0.00728078
36940, 0.00728096
36941, 0.00728113
36942, 0.00728130
36943, 0.00728148
36944, 0.00728165
36945, 0.00728183
36946, 0.00728200
36947, 0.00728218
36948, 0.00728235
36949, 0.00728253
36950, 0.00728270
36951, 0.00728288
36952, 0.00728305
36953, 0.00728322
36954, 0.00728340
36955, 0.00728357
36956, 0.00728375
36957, 0.00728392
36958, 0.00728409
36959, 0.00728427
36960, 0.00728445
36961, 0.00728462
36962, 0.00728479
36963, 0.00728497
36964, 0.00728514
36965, 0.00728532
36966, 0.00728550
36967, 0.00728567
36968, 0.00728584
36969, 0.00728602
36970, 0.00728619
36971, 0.00728637
36972, 0.00728654
36973, 0.00728672
36974, 0.00728690
36975, 0.00728707
36976, 0.00728725
36977, 0.00728742
36978, 0.00728759
36979, 0.00728777
36980, 0.00728794
36981, 0.00728811
36982, 0.00728829
36983, 0.00728846
36984, 0.00728863
36985, 0.00728880
36986, 0.00728898
36987, 0.00728915
36988, 0.00728932
36989, 0.00728949
36990, 0.00728967
36991, 0.00728984
36992, 0.00729002
36993, 0.00729019
36994, 0.00729036
36995, 0.00729053
36996, 0.00729071
36997, 0.00729088
36998, 0.00729105
36999, 0.00729123
37000, 0.00729140
37001, 0.00729158
37002, 0.00729175
37003, 0.00729192
37004, 0.00729210
37005, 0.00729227
37006, 0.00729244
37007, 0.00729262
37008, 0.00729279
37009, 0.00729297
37010, 0.00729314
37011, 0.00729331
37012, 0.00729348
37013, 0.00729366
37014, 0.00729383
37015, 0.00729401
37016, 0.00729418
37017, 0.00729435
37018, 0.00729453
37019, 0.00729470
37020, 0.00729487
37021, 0.00729505
37022, 0.00729522
37023, 0.00729539
37024, 0.00729557
37025, 0.00729574
37026, 0.00729591
37027, 0.00729608
37028, 0.00729626
37029, 0.00729643
37030, 0.00729661
37031, 0.00729678
37032, 0.00729696
37033, 0.00729713
37034, 0.00729730
37035, 0.00729750
37036, 0.00729767
37037, 0.00729784
37038, 0.00729802
37039, 0.00729819
37040, 0.00729836
37041, 0.00729853
37042, 0.00729871
37043, 0.00729888
37044, 0.00729906
37045, 0.00729923
37046, 0.00729941
37047, 0.00729959
37048, 0.00729977
37049, 0.00730186
37050, 0.00730206
37051, 0.00730223
37052, 0.00730241
37053, 0.00730258
37054, 0.00730276
37055, 0.00730293
37056, 0.00730310
37057, 0.00730328
37058, 0.00730345
37059, 0.00730363
37060, 0.00730380
37061, 0.00730398
37062, 0.00730415
37063, 0.00730433
37064, 0.00730450
37065, 0.00730468
37066, 0.00730485
37067, 0.00730502
37068, 0.00730520
37069, 0.00730537
37070, 0.00730554
37071, 0.00730572
37072, 0.00730589
37073, 0.00730607
37074, 0.00730624
37075, 0.00730641
37076, 0.00730660
37077, 0.00730678
37078, 0.00730695
37079, 0.00730713
37080, 0.00730730
37081, 0.00730748
37082, 0.00730765
37083, 0.00730782
37084, 0.00730800
37085, 0.00730817
37086, 0.00730834
37087, 0.00730852
37088, 0.00730869
37089, 0.00730887
37090, 0.00730904
37091, 0.00730922
37092, 0.00730942
37093, 0.00730960
37094, 0.00730978
37095, 0.00730996
37096, 0.00731014
37097, 0.00731032
37098, 0.00731049
37099, 0.00731066
37100, 0.00731084
37101, 0.00731101
37102, 0.00731119
37103, 0.00731136
37104, 0.00731154
37105, 0.00731171
37106, 0.00731189
37107, 0.00731206
37108, 0.00731223
37109, 0.00731241
37110, 0.00731258
37111, 0.00731275
37112, 0.00731293
37113, 0.00731310
37114, 0.00731327
37115, 0.00731344
37116, 0.00731362
37117, 0.00731379
37118, 0.00731397
37119, 0.00731414
37120, 0.00731431
37121, 0.00731449
37122, 0.00731466
37123, 0.00731484
37124, 0.00731501
37125, 0.00731518
37126, 0.00731536
37127, 0.00731553
37128, 0.00731571
37129, 0.00731588
37130, 0.00731606
37131, 0.00731623
37132, 0.00731641
37133, 0.00731658
37134, 0.00731675
37135, 0.00731693
37136, 0.00731710
37137, 0.00731727
37138, 0.00731744
37139, 0.00731762
37140, 0.00731779
37141, 0.00731796
37142, 0.00731814
37143, 0.00731831
37144, 0.00731848
37145, 0.00731866
37146, 0.00731883
37147, 0.00731901
37148, 0.00731919
37149, 0.00731937
37150, 0.00731955
37151, 0.00731973
37152, 0.00731990
37153, 0.00732008
37154, 0.00732025
37155, 0.00732043
37156, 0.00732060
37157, 0.00732078
37158, 0.00732095
37159, 0.00732112
37160, 0.00732130
37161, 0.00732147
37162, 0.00732164
37163, 0.00732182
37164, 0.00732199
37165, 0.00732217
37166, 0.00732234
37167, 0.00732254
37168, 0.00732271
37169, 0.00732288
37170, 0.00732306
37171, 0.00732323
37172, 0.00732341
37173, 0.00732358
37174, 0.00732377
37175, 0.00732583
37176, 0.00732603
37177, 0.00732621
37178, 0.00732638
37179, 0.00732656
37180, 0.00732674
37181, 0.00732692
37182, 0.00732709
37183, 0.00732733
37184, 0.00732751
37185, 0.00732768
37186, 0.00732785
37187, 0.00732802
37188, 0.00732820
37189, 0.00732837
37190, 0.00732855
37191, 0.00732872
37192, 0.00732890
37193, 0.00732907
37194, 0.00732925
37195, 0.00732942
37196, 0.00732959
37197, 0.00732976
37198, 0.00732994
37199, 0.00733011
37200, 0.00733028
37201, 0.00733046
37202, 0.00733063
37203, 0.00733080
37204, 0.00733097
37205, 0.00733115
37206, 0.00733132
37207, 0.00733150
37208, 0.00733167
37209, 0.00733185
37210, 0.00733202
37211, 0.00733220
37212, 0.00733237
37213, 0.00733254
37214, 0.00733271
37215, 0.00733289
37216, 0.00733306
37217, 0.00733323
37218, 0.00733340
37219, 0.00733358
37220, 0.00733375
37221, 0.00733392
37222, 0.00733409
37223, 0.00733427
37224, 0.00733444
37225, 0.00733461
37226, 0.00733478
37227, 0.00733496
37228, 0.00733513
37229, 0.00733530
37230, 0.00733547
37231, 0.00733565
37232, 0.00733582
37233, 0.00733599
37234, 0.00733616
37235, 0.00733634
37236, 0.00733651
37237, 0.00733668
37238, 0.00733685
37239, 0.00733702
37240, 0.00733719
37241, 0.00733737
37242, 0.00733754
37243, 0.00733771
37244, 0.00733788
37245, 0.00733806
37246, 0.00733823
37247, 0.00733840
37248, 0.00733857
37249, 0.00733875
37250, 0.00733892
37251, 0.00733909
37252, 0.00733927
37253, 0.00733944
37254, 0.00733962
37255, 0.00733979
37256, 0.00733996
37257, 0.00734013
37258, 0.00734031
37259, 0.00734048
37260, 0.00734065
37261, 0.00734083
37262, 0.00734100
37263, 0.00734117
37264, 0.00734135
37265, 0.00734152
37266, 0.00734169
37267, 0.00734187
37268, 0.00734204
37269, 0.00734221
37270, 0.00734238
37271, 0.00734256
37272, 0.00734273
37273, 0.00734293
37274, 0.00734311
37275, 0.00734328
37276, 0.00734346
37277, 0.00734363
37278, 0.00734383
37279, 0.00734401
37280, 0.00734418
37281, 0.00734435
37282, 0.00734453
37283, 0.00734470
37284, 0.00734488
37285, 0.00734505
37286, 0.00734522
37287, 0.00734540
37288, 0.00734557
37289, 0.00734574
37290, 0.00734591
37291, 0.00734609
37292, 0.00734626
37293, 0.00734643
37294, 0.00734660
37295, 0.00734678
37296, 0.00734695
37297, 0.00734712
37298, 0.00734729
37299, 0.00734749
37300, 0.00734768
37301, 0.00734977
37302, 0.00734997
37303, 0.00735016
37304, 0.00735034
37305, 0.00735051
37306, 0.00735069
37307, 0.00735086
37308, 0.00735104
37309, 0.00735122
37310, 0.00735140
37311, 0.00735157
37312, 0.00735175
37313, 0.00735192
37314, 0.00735210
37315, 0.00735227
37316, 0.00735244
37317, 0.00735262
37318, 0.00735279
37319, 0.00735297
37320, 0.00735315
37321, 0.00735332
37322, 0.00735350
37323, 0.00735367
37324, 0.00735385
37325, 0.00735402
37326, 0.00735420
37327, 0.00735437
37328, 0.00735455
37329, 0.00735472
37330, 0.00735490
37331, 0.00735508
37332, 0.00735525
37333, 0.00735543
37334, 0.00735560
37335, 0.00735578
37336, 0.00735595
37337, 0.00735613
37338, 0.00735631
37339, 0.00735648
37340, 0.00735666
37341, 0.00735683
37342, 0.00735701
37343, 0.00735720
37344, 0.00735738
37345, 0.00735755
37346, 0.00735772
37347, 0.00735789
37348, 0.00735807
37349, 0.00735824
37350, 0.00735842
37351, 0.00735859
37352, 0.00735876
37353, 0.00735894
37354, 0.00735911
37355, 0.00735929
37356, 0.00735946
37357, 0.00735963
37358, 0.00735981
37359, 0.00735998
37360, 0.00736016
37361, 0.00736033
37362, 0.00736051
37363, 0.00736068
37364, 0.00736085
37365, 0.00736103
37366, 0.00736120
37367, 0.00736140
37368, 0.00736157
37369, 0.00736174
37370, 0.00736191
37371, 0.00736209
37372, 0.00736226
37373, 0.00736243
37374, 0.00736261
37375, 0.00736286
37376, 0.00736304
37377, 0.00736321
37378, 0.00736339
37379, 0.00736356
37380, 0.00736373
37381, 0.00736391
37382, 0.00736408
37383, 0.00736425
37384, 0.00736443
37385, 0.00736460
37386, 0.00736477
37387, 0.00736495
37388, 0.00736512
37389, 0.00736530
37390, 0.00736547
37391, 0.00736570
37392, 0.00736588
37393, 0.00736605
37394, 0.00736622
37395, 0.00736640
37396, 0.00736657
37397, 0.00736675
37398, 0.00736692
37399, 0.00736709
37400, 0.00736727
37401, 0.00736744
37402, 0.00736761
37403, 0.00736779
37404, 0.00736796
37405, 0.00736813
37406, 0.00736831
37407, 0.00736849
37408, 0.00736867
37409, 0.00736884
37410, 0.00736902
37411, 0.00736919
37412, 0.00736936
37413, 0.00736953
37414, 0.00736971
37415, 0.00736988
37416, 0.00737005
37417, 0.00737023
37418, 0.00737040
37419, 0.00737057
37420, 0.00737077
37421, 0.00737094
37422, 0.00737112
37423, 0.00737129
37424, 0.00737146
37425, 0.00737163
37426, 0.00737182
37427, 0.00737389
37428, 0.00737409
37429, 0.00737427
37430, 0.00737445
37431, 0.00737462
37432, 0.00737480
37433, 0.00737498
37434, 0.00737516
37435, 0.00737534
37436, 0.00737552
37437, 0.00737570
37438, 0.00737588
37439, 0.00737606
37440, 0.00737624
37441, 0.00737642
37442, 0.00737660
37443, 0.00737678
37444, 0.00737696
37445, 0.00737714
37446, 0.00737732
37447, 0.00737750
37448, 0.00737771
37449, 0.00737789
37450, 0.00737807
37451, 0.00737826
37452, 0.00737844
37453, 0.00737863
37454, 0.00737881
37455, 0.00737898
37456, 0.00737916
37457, 0.00737934
37458, 0.00737952
37459, 0.00737970
37460, 0.00737988
37461, 0.00738006
37462, 0.00738024
37463, 0.00738042
37464, 0.00738060
37465, 0.00738078
37466, 0.00738098
37467, 0.00738116
37468, 0.00738135
37469, 0.00738153
37470, 0.00738171
37471, 0.00738189
37472, 0.00738207
37473, 0.00738225
37474, 0.00738243
37475, 0.00738261
37476, 0.00738279
37477, 0.00738297
37478, 0.00738315
37479, 0.00738333
37480, 0.00738351
37481, 0.00738369
37482, 0.00738387
37483, 0.00738405
37484, 0.00738423
37485, 0.00738441
37486, 0.00738459
37487, 0.00738477
37488, 0.00738495
37489, 0.00738513
37490, 0.00738531
37491, 0.00738549
37492, 0.00738567
37493, 0.00738585
37494, 0.00738603
37495, 0.00738621
37496, 0.00738641
37497, 0.00738659
37498, 0.00738677
37499, 0.00738695
37500, 0.00738714
37501, 0.00738731
37502, 0.00738750
37503, 0.00738767
37504, 0.00738785
37505, 0.00738803
37506, 0.00738822
37507, 0.00738840
37508, 0.00738858
37509, 0.00738876
37510, 0.00738894
37511, 0.00738912
37512, 0.00738930
37513, 0.00738948
37514, 0.00738966
37515, 0.00738984
37516, 0.00739002
37517, 0.00739020
37518, 0.00739039
37519, 0.00739057
37520, 0.00739075
37521, 0.00739092
37522, 0.00739110
37523, 0.00739128
37524, 0.00739146
37525, 0.00739164
37526, 0.00739182
37527, 0.00739201
37528, 0.00739219
37529, 0.00739237
37530, 0.00739256
37531, 0.00739274
37532, 0.00739292
37533, 0.00739310
37534, 0.00739328
37535, 0.00739346
37536, 0.00739364
37537, 0.00739382
37538, 0.00739400
37539, 0.00739418
37540, 0.00739436
37541, 0.00739454
37542, 0.00739472
37543, 0.00739490
37544, 0.00739508
37545, 0.00739526
37546, 0.00739544
37547, 0.00739562
37548, 0.00739580
37549, 0.00739601
37550, 0.00739619
37551, 0.00739637
37552, 0.00739656
37553, 0.00739869
37554, 0.00739889
37555, 0.00739907
37556, 0.00739925
37557, 0.00739943
37558, 0.00739960
37559, 0.00739978
37560, 0.00739995
37561, 0.00740013
37562, 0.00740031
37563, 0.00740048
37564, 0.00740066
37565, 0.00740083
37566, 0.00740101
37567, 0.00740119
37568, 0.00740137
37569, 0.00740155
37570, 0.00740173
37571, 0.00740191
37572, 0.00740209
37573, 0.00740226
37574, 0.00740244
37575, 0.00740261
37576, 0.00740279
37577, 0.00740296
37578, 0.00740313
37579, 0.00740331
37580, 0.00740348
37581, 0.00740365
37582, 0.00740382
37583, 0.00740400
37584, 0.00740417
37585, 0.00740434
37586, 0.00740452
37587, 0.00740469
37588, 0.00740486
37589, 0.00740506
37590, 0.00740531
37591, 0.00740553
37592, 0.00740579
37593, 0.00740606
37594, 0.00740634
37595, 0.00740672
37596, 0.00740705
37597, 0.00740734
37598, 0.00740762
37599, 0.00740794
37600, 0.00740824
37601, 0.00740854
37602, 0.00740881
37603, 0.00740910
37604, 0.00740944
37605, 0.00740976
37606, 0.00741006
37607, 0.00741039
37608, 0.00741073
37609, 0.00741103
37610, 0.00741135
37611, 0.00741167
37612, 0.00741198
37613, 0.00741226
37614, 0.00741261
37615, 0.00741289
37616, 0.00741969
37617, 0.00742000
37618, 0.00742025
37619, 0.00742050
37620, 0.00742074
37621, 0.00742102
37622, 0.00742127
37623, 0.00742151
37624, 0.00742174
37625, 0.00742201
37626, 0.00742227
37627, 0.00742250
37628, 0.00742277
37629, 0.00742301
37630, 0.00742325
37631, 0.00742348
37632, 0.00742373
37633, 0.00742399
37634, 0.00742431
37635, 0.00742453
37636, 0.00742475
37637, 0.00742501
37638, 0.00742526
37639, 0.00742550
37640, 0.00742574
37641, 0.00742598
37642, 0.00742625
37643, 0.00742651
37644, 0.00742676
37645, 0.00742702
37646, 0.00742725
37647, 0.00742749
37648, 0.00742776
37649, 0.00742800
37650, 0.00742825
37651, 0.00742850
37652, 0.00742873
37653, 0.00742896
37654, 0.00742921
37655, 0.00742944
37656, 0.00742970
37657, 0.00742993
37658, 0.00743015
37659, 0.00743042
37660, 0.00743065
37661, 0.00743089
37662, 0.00743115
37663, 0.00743150
37664, 0.00743178
37665, 0.00743202
37666, 0.00743226
37667, 0.00743250
37668, 0.00743275
37669, 0.00743298
37670, 0.00743328
37671, 0.00743353
37672, 0.00743377
37673, 0.00743402
37674, 0.00743430
37675, 0.00743454
37676, 0.00743478
37677, 0.00743502
37678, 0.00743525
37679, 0.00744097
37680, 0.00744126
37681, 0.00744151
37682, 0.00744174
37683, 0.00744199
37684, 0.00744223
37685, 0.00744248
37686, 0.00744272
37687, 0.00744297
37688, 0.00744321
37689, 0.00744346
37690, 0.00744371
37691, 0.00744397
37692, 0.00744423
37693, 0.00744448
37694, 0.00744474
37695, 0.00744500
37696, 0.00744524
37697, 0.00744546
37698, 0.00744571
37699, 0.00744598
37700, 0.00744624
37701, 0.00744651
37702, 0.00744677
37703, 0.00744704
37704, 0.00744733
37705, 0.00744758
37706, 0.00744784
37707, 0.00744809
37708, 0.00744833
37709, 0.00744858
37710, 0.00744882
37711, 0.00744908
37712, 0.00744938
37713, 0.00744966
37714, 0.00744991
37715, 0.00745015
37716, 0.00745038
37717, 0.00745061
37718, 0.00745082
37719, 0.00745109
37720, 0.00745131
37721, 0.00745158
37722, 0.00745181
37723, 0.00745204
37724, 0.00745230
37725, 0.00745259
37726, 0.00745282
37727, 0.00745310
37728, 0.00745338
37729, 0.00745367
37730, 0.00745391
37731, 0.00745414
37732, 0.00745441
37733, 0.00745470
37734, 0.00745494
37735, 0.00745519
37736, 0.00745545
37737, 0.00745568
37738, 0.00745593
37739, 0.00745623
37740, 0.00745649
37741, 0.00745680
37742, 0.00745708
37743, 0.00745734
37744, 0.00745768
37745, 0.00745797
37746, 0.00745823
37747, 0.00745855
37748, 0.00745882
37749, 0.00745914
37750, 0.00745939
37751, 0.00745963
37752, 0.00745991
37753, 0.00746021
37754, 0.00746047
37755, 0.00746072
37756, 0.00746098
37757, 0.00746125
37758, 0.00746156
37759, 0.00746179
37760, 0.00746204
37761, 0.00746232
37762, 0.00746255
37763, 0.00746283
37764, 0.00746311
37765, 0.00746337
37766, 0.00746365
37767, 0.00746389
37768, 0.00746418
37769, 0.00746443
37770, 0.00746474
37771, 0.00746506
37772, 0.00746538
37773, 0.00746565
37774, 0.00746589
37775, 0.00746614
37776, 0.00746639
37777, 0.00746664
37778, 0.00746686
37779, 0.00746708
37780, 0.00746736
37781, 0.00746765
37782, 0.00746788
37783, 0.00746821
37784, 0.00746843
37785, 0.00746868
37786, 0.00746891
37787, 0.00746912
37788, 0.00746936
37789, 0.00746960
37790, 0.00746985
37791, 0.00747019
37792, 0.00747040
37793, 0.00747064
37794, 0.00747091
37795, 0.00747114
37796, 0.00747136
37797, 0.00747159
37798, 0.00747180
37799, 0.00747243
37800, 0.00747265
37801, 0.00747286
37802, 0.00747311
37803, 0.00747340
37804, 0.00747365
37805, 0.00747643
37806, 0.00747668
37807, 0.00747700
37808, 0.00747724
37809, 0.00747753
37810, 0.00747777
37811, 0.00747799
37812, 0.00747840
37813, 0.00747863
37814, 0.00747903
37815, 0.00747934
37816, 0.00747957
37817, 0.00747979
37818, 0.00748002
37819, 0.00748025
37820, 0.00748046
37821, 0.00748068
37822, 0.00748091
37823, 0.00748123
37824, 0.00748146
37825, 0.00748170
37826, 0.00748193
37827, 0.00748218
37828, 0.00748241
37829, 0.00748263
37830, 0.00748284
37831, 0.00748317
37832, 0.00748345
37833, 0.00748390
37834, 0.00748414
37835, 0.00748435
37836, 0.00748461
37837, 0.00748488
37838, 0.00748511
37839, 0.00748543
37840, 0.00748569
37841, 0.00748591
37842, 0.00748615
37843, 0.00748637
37844, 0.00748660
37845, 0.00748684
37846, 0.00748709
37847, 0.00748762
37848, 0.00748785
37849, 0.00748807
37850, 0.00748831
37851, 0.00748856
37852, 0.00748881
37853, 0.00748906
37854, 0.00748929
37855, 0.00748960
37856, 0.00748986
37857, 0.00749008
37858, 0.00749032
37859, 0.00749056
37860, 0.00749078
37861, 0.00749105
37862, 0.00749129
37863, 0.00749162
37864, 0.00749184
37865, 0.00749207
37866, 0.00749229
37867, 0.00749251
37868, 0.00749277
37869, 0.00749305
37870, 0.00749330
37871, 0.00749367
37872, 0.00749388
37873, 0.00749413
37874, 0.00749436
37875, 0.00749461
37876, 0.00749487
37877, 0.00749510
37878, 0.00749540
37879, 0.00749577
37880, 0.00749602
37881, 0.00749623
37882, 0.00749649
37883, 0.00749674
37884, 0.00749701
37885, 0.00749745
37886, 0.00749767
37887, 0.00749798
37888, 0.00749819
37889, 0.00749844
37890, 0.00749870
37891, 0.00749893
37892, 0.00749915
37893, 0.00749938
37894, 0.00749963
37895, 0.00749996
37896, 0.00750018
37897, 0.00750040
37898, 0.00750063
37899, 0.00750086
37900, 0.00750109
37901, 0.00750133
37902, 0.00750154
37903, 0.00750185
37904, 0.00750208
37905, 0.00750231
37906, 0.00750252
37907, 0.00750274
37908, 0.00750298
37909, 0.00750322
37910, 0.00750344
37911, 0.00750377
37912, 0.00750400
37913, 0.00750421
37914, 0.00750444
37915, 0.00750471
37916, 0.00750492
37917, 0.00750518
37918, 0.00750545
37919, 0.00750576
37920, 0.00750598
37921, 0.00750621
37922, 0.00750647
37923, 0.00750672
37924, 0.00750696
37925, 0.00750726
37926, 0.00750750
37927, 0.00750780
37928, 0.00750803
37929, 0.00750825
37930, 0.00750860
37931, 0.00751138
37932, 0.00751165
37933, 0.00751186
37934, 0.00751210
37935, 0.00751242
37936, 0.00751268
37937, 0.00751312
37938, 0.00751334
37939, 0.00751359
37940, 0.00751387
37941, 0.00751411
37942, 0.00751434
37943, 0.00751472
37944, 0.00751495
37945, 0.00751527
37946, 0.00751561
37947, 0.00751594
37948, 0.00751619
37949, 0.00751648
37950, 0.00751672
37951, 0.00751728
37952, 0.00751754
37953, 0.00751782
37954, 0.00751816
37955, 0.00751846
37956, 0.00751873
37957, 0.00751899
37958, 0.00751928
37959, 0.00751964
37960, 0.00751998
37961, 0.00752031
37962, 0.00752086
37963, 0.00752120
37964, 0.00752174
37965, 0.00752201
37966, 0.00752229
37967, 0.00752266
37968, 0.00752291
37969, 0.00752315
37970, 0.00752340
37971, 0.00752363
37972, 0.00752388
37973, 0.00752413
37974, 0.00752440
37975, 0.00752475
37976, 0.00752503
37977, 0.00752530
37978, 0.00752552
37979, 0.00752579
37980, 0.00752605
37981, 0.00752628
37982, 0.00752651
37983, 0.00752713
37984, 0.00752737
37985, 0.00752761
37986, 0.00752785
37987, 0.00752809
37988, 0.00752831
37989, 0.00752854
37990, 0.00752876
37991, 0.00752908
37992, 0.00752931
37993, 0.00752953
37994, 0.00752975
37995, 0.00752996
37996, 0.00753023
37997, 0.00753050
37998, 0.00753074
37999, 0.00753107
38000, 0.00753131
38001, 0.00753153
38002, 0.00753181
38003, 0.00753202
38004, 0.00753227
38005, 0.00753248
38006, 0.00753270
38007, 0.00753299
38008, 0.00753323
38009, 0.00753345
38010, 0.00753371
38011, 0.00753398
38012, 0.00753420
38013, 0.00753442
38014, 0.00753464
38015, 0.00753497
38016, 0.00753522
38017, 0.00753545
38018, 0.00753567
38019, 0.00753589
38020, 0.00753611
38021, 0.00753633
38022, 0.00753655
38023, 0.00753688
38024, 0.00753713
38025, 0.00753736
38026, 0.00753762
38027, 0.00753787
38028, 0.00753812
38029, 0.00753836
38030, 0.00753860
38031, 0.00753891
38032, 0.00753916
38033, 0.00753942
38034, 0.00753968
38035, 0.00753990
38036, 0.00754013
38037, 0.00754037
38038, 0.00754062
38039, 0.00754097
38040, 0.00754125
38041, 0.00754149
38042, 0.00754174
38043, 0.00754201
38044, 0.00754223
38045, 0.00754255
38046, 0.00754286
38047, 0.00754323
38048, 0.00754353
38049, 0.00754407
38050, 0.00754438
38051, 0.00754493
38052, 0.00754528
38053, 0.00754562
38054, 0.00754598
38055, 0.00754635
38056, 0.00754663
38057, 0.00755004
38058, 0.00755035
38059, 0.00755059
38060, 0.00755096
38061, 0.00755127
38062, 0.00755153
38063, 0.00755191
38064, 0.00755218
38065, 0.00755242
38066, 0.00755264
38067, 0.00755288
38068, 0.00755334
38069, 0.00755364
38070, 0.00755393
38071, 0.00755709
38072, 0.00755744
38073, 0.00755778
38074, 0.00755812
38075, 0.00755842
38076, 0.00755872
38077, 0.00755903
38078, 0.00755936
38079, 0.00755972
38080, 0.00756002
38081, 0.00756651
38082, 0.00756671
38083, 0.00756689
38084, 0.00756706
38085, 0.00756724
38086, 0.00756742
38087, 0.00756766
38088, 0.00756783
38089, 0.00756801
38090, 0.00756818
38091, 0.00756836
38092, 0.00756853
38093, 0.00756871
38094, 0.00756888
38095, 0.00756912
38096, 0.00756929
38097, 0.00756947
38098, 0.00756964
38099, 0.00756982
38100, 0.00756999
38101, 0.00757016
38102, 0.00757034
38103, 0.00757058
38104, 0.00757075
38105, 0.00757093
38106, 0.00757110
38107, 0.00757128
38108, 0.00757145
38109, 0.00757163
38110, 0.00757180
38111, 0.00757205
38112, 0.00757222
38113, 0.00757239
38114, 0.00757257
38115, 0.00757779
38116, 0.00757799
38117, 0.00757818
38118, 0.00757836
38119, 0.00757861
38120, 0.00757878
38121, 0.00757896
38122, 0.00757914
38123, 0.00757931
38124, 0.00757948
38125, 0.00757966
38126, 0.00757984
38127, 0.00758013
38128, 0.00758030
38129, 0.00758047
38130, 0.00758067
38131, 0.00758084
38132, 0.00758101
38133, 0.00758119
38134, 0.00758136
38135, 0.00758160
38136, 0.00758178
38137, 0.00758195
38138, 0.00758212
38139, 0.00758230
38140, 0.00758247
38141, 0.00758264
38142, 0.00758282
38143, 0.00758305
38144, 0.00758323
38145, 0.00758340
38146, 0.00758358
38147, 0.00758375
38148, 0.00758393
38149, 0.00758410
38150, 0.00758428
38151, 0.00758455
38152, 0.00758473
38153, 0.00758490
38154, 0.00758508
38155, 0.00758525
38156, 0.00758542
38157, 0.00758560
38158, 0.00758577
38159, 0.00758603
38160, 0.00758621
38161, 0.00758638
38162, 0.00758655
38163, 0.00758673
38164, 0.00758690
38165, 0.00758708
38166, 0.00758725
38167, 0.00758743
38168, 0.00758760
38169, 0.00758778
38170, 0.00758797
38171, 0.00758815
38172, 0.00758832
38173, 0.00758849
38174, 0.00758866
38175, 0.00758883
38176, 0.00758901
38177, 0.00758918
38178, 0.00758936
38179, 0.00758953
38180, 0.00758970
38181, 0.00758987
38182, 0.00759008
38183, 0.00759265
38184, 0.00759286
38185, 0.00759307
38186, 0.00759325
38187, 0.00759343
38188, 0.00759361
38189, 0.00759378
38190, 0.00759395
38191, 0.00759413
38192, 0.00759430
38193, 0.00759448
38194, 0.00759465
38195, 0.00759483
38196, 0.00759501
38197, 0.00759519
38198, 0.00759536
38199, 0.00759554
38200, 0.00759572
38201, 0.00759589
38202, 0.00759609
38203, 0.00759626
38204, 0.00759644
38205, 0.00759661
38206, 0.00759678
38207, 0.00759695
38208, 0.00759713
38209, 0.00759730
38210, 0.00759748
38211, 0.00759765
38212, 0.00759782
38213, 0.00759800
38214, 0.00759819
38215, 0.00759837
38216, 0.00759854
38217, 0.00759873
38218, 0.00759890
38219, 0.00759908
38220, 0.00759926
38221, 0.00759944
38222, 0.00759961
38223, 0.00759979
38224, 0.00759996
38225, 0.00760013
38226, 0.00760030
38227, 0.00760047
38228, 0.00760064
38229, 0.00760082
38230, 0.00760099
38231, 0.00760116
38232, 0.00760133
38233, 0.00760151
38234, 0.00760168
38235, 0.00760186
38236, 0.00760203
38237, 0.00760221
38238, 0.00760238
38239, 0.00760255
38240, 0.00760273
38241, 0.00760290
38242, 0.00760308
38243, 0.00760325
38244, 0.00760343
38245, 0.00760360
38246, 0.00760377
38247, 0.00760394
38248, 0.00760412
38249, 0.00760429
38250, 0.00760446
38251, 0.00760463
38252, 0.00760481
38253, 0.00760498
38254, 0.00760516
38255, 0.00760533
38256, 0.00760550
38257, 0.00760568
38258, 0.00760585
38259, 0.00760603
38260, 0.00760621
38261, 0.00760639
38262, 0.00760657
38263, 0.00760675
38264, 0.00760692
38265, 0.00760710
38266, 0.00760728
38267, 0.00760745
38268, 0.00760762
38269, 0.00760780
38270, 0.00760797
38271, 0.00760814
38272, 0.00760831
38273, 0.00760849
38274, 0.00760866
38275, 0.00760884
38276, 0.00760902
38277, 0.00760919
38278, 0.00760937
38279, 0.00760954
38280, 0.00760972
38281, 0.00760989
38282, 0.00761006
38283, 0.00761023
38284, 0.00761041
38285, 0.00761058
38286, 0.00761075
38287, 0.00761093
38288, 0.00761110
38289, 0.00761127
38290, 0.00761145
38291, 0.00761162
38292, 0.00761179
38293, 0.00761196
38294, 0.00761214
38295, 0.00761231
38296, 0.00761248
38297, 0.00761265
38298, 0.00761282
38299, 0.00761300
38300, 0.00761317
38301, 0.00761334
38302, 0.00761352
38303, 0.00761369
38304, 0.00761386
38305, 0.00761404
38306, 0.00761421
38307, 0.00761438
38308, 0.00761457
38309, 0.00761674
38310, 0.00761694
38311, 0.00761712
38312, 0.00761730
38313, 0.00761747
38314, 0.00761764
38315, 0.00761782
38316, 0.00761799
38317, 0.00761817
38318, 0.00761834
38319, 0.00761853
38320, 0.00761871
38321, 0.00761888
38322, 0.00761905
38323, 0.00761923
38324, 0.00761940
38325, 0.00761957
38326, 0.00761975
38327, 0.00761992
38328, 0.00762010
38329, 0.00762027
38330, 0.00762045
38331, 0.00762062
38332, 0.00762080
38333, 0.00762097
38334, 0.00762115
38335, 0.00762132
38336, 0.00762150
38337, 0.00762167
38338, 0.00762185
38339, 0.00762202
38340, 0.00762220
38341, 0.00762237
38342, 0.00762254
38343, 0.00762271
38344, 0.00762289
38345, 0.00762306
38346, 0.00762323
38347, 0.00762341
38348, 0.00762359
38349, 0.00762377
38350, 0.00762394
38351, 0.00762411
38352, 0.00762429
38353, 0.00762446
38354, 0.00762463
38355, 0.00762481
38356, 0.00762498
38357, 0.00762516
38358, 0.00762533
38359, 0.00762551
38360, 0.00762568
38361, 0.00762586
38362, 0.00762603
38363, 0.00762620
38364, 0.00762637
38365, 0.00762655
38366, 0.00762672
38367, 0.00762689
38368, 0.00762707
38369, 0.00762724
38370, 0.00762741
38371, 0.00762759
38372, 0.00762776
38373, 0.00762793
38374, 0.00762811
38375, 0.00762829
38376, 0.00762846
38377, 0.00762864
38378, 0.00762881
38379, 0.00762898
38380, 0.00762916
38381, 0.00762933
38382, 0.00762951
38383, 0.00762968
38384, 0.00762988
38385, 0.00763005
38386, 0.00763023
38387, 0.00763040
38388, 0.00763058
38389, 0.00763075
38390, 0.00763092
38391, 0.00763110
38392, 0.00763127
38393, 0.00763144
38394, 0.00763162
38395, 0.00763179
38396, 0.00763196
38397, 0.00763213
38398, 0.00763231
38399, 0.00763257
38400, 0.00763275
38401, 0.00763293
38402, 0.00763311
38403, 0.00763328
38404, 0.00763345
38405, 0.00763363
38406, 0.00763380
38407, 0.00763409
38408, 0.00763427
38409, 0.00763444
38410, 0.00763461
38411, 0.00763478
38412, 0.00763498
38413, 0.00763515
38414, 0.00763533
38415, 0.00763560
38416, 0.00763577
38417, 0.00763595
38418, 0.00763612
38419, 0.00763629
38420, 0.00763646
38421, 0.00763663
38422, 0.00763681
38423, 0.00763705
38424, 0.00763722
38425, 0.00763740
38426, 0.00763757
38427, 0.00763774
38428, 0.00763792
38429, 0.00763809
38430, 0.00763826
38431, 0.00763855
38432, 0.00763872
38433, 0.00763890
38434, 0.00763908
38435, 0.00764130
38436, 0.00764150
38437, 0.00764168
38438, 0.00764185
38439, 0.00764209
38440, 0.00764227
38441, 0.00764244
38442, 0.00764262
38443, 0.00764279
38444, 0.00764296
38445, 0.00764314
38446, 0.00764331
38447, 0.00764355
38448, 0.00764372
38449, 0.00764390
38450, 0.00764407
38451, 0.00764424
38452, 0.00764441
38453, 0.00764459
38454, 0.00764476
38455, 0.00764500
38456, 0.00764517
38457, 0.00764536
38458, 0.00764554
38459, 0.00764571
38460, 0.00764588
38461, 0.00764606
38462, 0.00764623
38463, 0.00764647
38464, 0.00764665
38465, 0.00764682
38466, 0.00764699
38467, 0.00764716
38468, 0.00764733
38469, 0.00764750
38470, 0.00764767
38471, 0.00764791
38472, 0.00764808
38473, 0.00764826
38474, 0.00764843
38475, 0.00764860
38476, 0.00764877
38477, 0.00764894
38478, 0.00764911
38479, 0.00764929
38480, 0.00764946
38481, 0.00764963
38482, 0.00764981
38483, 0.00764998
38484, 0.00765015
38485, 0.00765032
38486, 0.00765049
38487, 0.00765067
38488, 0.00765084
38489, 0.00765101
38490, 0.00765118
38491, 0.00765136
38492, 0.00765153
38493, 0.00765170
38494, 0.00765187
38495, 0.00765205
38496, 0.00765223
38497, 0.00765241
38498, 0.00765259
38499, 0.00765277
38500, 0.00765294
38501, 0.00765312
38502, 0.00765329
38503, 0.00765347
38504, 0.00765364
38505, 0.00765381
38506, 0.00765399
38507, 0.00765416
38508, 0.00765434
38509, 0.00765451
38510, 0.00765469
38511, 0.00765486
38512, 0.00765503
38513, 0.00765521
38514, 0.00765538
38515, 0.00765555
38516, 0.00765572
38517, 0.00765590
38518, 0.00765607
38519, 0.00765624
38520, 0.00765641
38521, 0.00765658
38522, 0.00765676
38523, 0.00765693
38524, 0.00765710
38525, 0.00765727
38526, 0.00765745
38527, 0.00765762
38528, 0.00765780
38529, 0.00765797
38530, 0.00765814
38531, 0.00765831
38532, 0.00765849
38533, 0.00765866
38534, 0.00765883
38535, 0.00765901
38536, 0.00765918
38537, 0.00765936
38538, 0.00765953
38539, 0.00765971
38540, 0.00765988
38541, 0.00766005
38542, 0.00766022
38543, 0.00766040
38544, 0.00766057
38545, 0.00766074
38546, 0.00766092
38547, 0.00766109
38548, 0.00766126
38549, 0.00766144
38550, 0.00766161
38551, 0.00766179
38552, 0.00766196
38553, 0.00766213
38554, 0.00766231
38555, 0.00766248
38556, 0.00766266
38557, 0.00766283
38558, 0.00766301
38559, 0.00766318
38560, 0.00766337
38561, 0.00766564
38562, 0.00766584
38563, 0.00766602
38564, 0.00766620
38565, 0.00766638
38566, 0.00766655
38567, 0.00766673
38568, 0.00766691
38569, 0.00766708
38570, 0.00766726
38571, 0.00766744
38572, 0.00766761
38573, 0.00766779
38574, 0.00766797
38575, 0.00766815
38576, 0.00766833
38577, 0.00766851
38578, 0.00766869
38579, 0.00766887
38580, 0.00766904
38581, 0.00766922
38582, 0.00766939
38583, 0.00766957
38584, 0.00766975
38585, 0.00766992
38586, 0.00767010
38587, 0.00767027
38588, 0.00767045
38589, 0.00767063
38590, 0.00767080
38591, 0.00767098
38592, 0.00767116
38593, 0.00767133
38594, 0.00767150
38595, 0.00767168
38596, 0.00767185
38597, 0.00767203
38598, 0.00767220
38599, 0.00767238
38600, 0.00767256
38601, 0.00767273
38602, 0.00767291
38603, 0.00767308
38604, 0.00767326
38605, 0.00767344
38606, 0.00767362
38607, 0.00767379
38608, 0.00767397
38609, 0.00767415
38610, 0.00767433
38611, 0.00767451
38612, 0.00767468
38613, 0.00767486
38614, 0.00767504
38615, 0.00767522
38616, 0.00767539
38617, 0.00767557
38618, 0.00767574
38619, 0.00767592
38620, 0.00767610
38621, 0.00767627
38622, 0.00767645
38623, 0.00767662
38624, 0.00767679
38625, 0.00767697
38626, 0.00767715
38627, 0.00767733
38628, 0.00767750
38629, 0.00767768
38630, 0.00767786
38631, 0.00767803
38632, 0.00767821
38633, 0.00767838
38634, 0.00767856
38635, 0.00767874
38636, 0.00767891
38637, 0.00767908
38638, 0.00767926
38639, 0.00767944
38640, 0.00767961
38641, 0.00767979
38642, 0.00767997
38643, 0.00768014
38644, 0.00768031
38645, 0.00768049
38646, 0.00768066
38647, 0.00768084
38648, 0.00768102
38649, 0.00768119
38650, 0.00768136
38651, 0.00768154
38652, 0.00768172
38653, 0.00768190
38654, 0.00768207
38655, 0.00768224
38656, 0.00768242
38657, 0.00768259
38658, 0.00768277
38659, 0.00768295
38660, 0.00768312
38661, 0.00768329
38662, 0.00768347
38663, 0.00768364
38664, 0.00768382
38665, 0.00768400
38666, 0.00768418
38667, 0.00768435
38668, 0.00768453
38669, 0.00768470
38670, 0.00768488
38671, 0.00768505
38672, 0.00768523
38673, 0.00768540
38674, 0.00768558
38675, 0.00768575
38676, 0.00768593
38677, 0.00768610
38678, 0.00768628
38679, 0.00768646
38680, 0.00768665
38681, 0.00768683
38682, 0.00768700
38683, 0.00768718
38684, 0.00768735
38685, 0.00768753
38686, 0.00768771
38687, 0.00768994
38688, 0.00769013
38689, 0.00769031
38690, 0.00769049
38691, 0.00769067
38692, 0.00769085
38693, 0.00769103
38694, 0.00769120
38695, 0.00769138
38696, 0.00769156
38697, 0.00769174
38698, 0.00769191
38699, 0.00769208
38700, 0.00769226
38701, 0.00769243
38702, 0.00769260
38703, 0.00769278
38704, 0.00769296
38705, 0.00769313
38706, 0.00769330
38707, 0.00769348
38708, 0.00769365
38709, 0.00769383
38710, 0.00769400
38711, 0.00769418
38712, 0.00769435
38713, 0.00769453
38714, 0.00769470
38715, 0.00769488
38716, 0.00769505
38717, 0.00769523
38718, 0.00769540
38719, 0.00769558
38720, 0.00769578
38721, 0.00769595
38722, 0.00769613
38723, 0.00769630
38724, 0.00769648
38725, 0.00769665
38726, 0.00769682
38727, 0.00769700
38728, 0.00769717
38729, 0.00769735
38730, 0.00769752
38731, 0.00769770
38732, 0.00769787
38733, 0.00769804
38734, 0.00769822
38735, 0.00769840
38736, 0.00769857
38737, 0.00769875
38738, 0.00769892
38739, 0.00769910
38740, 0.00769927
38741, 0.00769944
38742, 0.00769962
38743, 0.00769979
38744, 0.00769997
38745, 0.00770014
38746, 0.00770032
38747, 0.00770049
38748, 0.00770067
38749, 0.00770084
38750, 0.00770102
38751, 0.00770119
38752, 0.00770137
38753, 0.00770154
38754, 0.00770171
38755, 0.00770189
38756, 0.00770206
38757, 0.00770224
38758, 0.00770241
38759, 0.00770259
38760, 0.00770276
38761, 0.00770293
38762, 0.00770311
38763, 0.00770329
38764, 0.00770346
38765, 0.00770364
38766, 0.00770381
38767, 0.00770398
38768, 0.00770416
38769, 0.00770433
38770, 0.00770451
38771, 0.00770468
38772, 0.00770486
38773, 0.00770503
38774, 0.00770520
38775, 0.00770538
38776, 0.00770555
38777, 0.00770573
38778, 0.00770590
38779, 0.00770608
38780, 0.00770626
38781, 0.00770643
38782, 0.00770660
38783, 0.00770678
38784, 0.00770695
38785, 0.00770715
38786, 0.00770732
38787, 0.00770750
38788, 0.00770767
38789, 0.00770784
38790, 0.00770802
38791, 0.00770819
38792, 0.00770836
38793, 0.00770854
38794, 0.00770871
38795, 0.00770888
38796, 0.00770905
38797, 0.00770923
38798, 0.00770940
38799, 0.00770957
38800, 0.00770975
38801, 0.00770992
38802, 0.00771009
38803, 0.00771027
38804, 0.00771044
38805, 0.00771062
38806, 0.00771079
38807, 0.00771096
38808, 0.00771114
38809, 0.00771131
38810, 0.00771150
38811, 0.00771167
38812, 0.00771186
38813, 0.00771407
38814, 0.00771428
38815, 0.00771447
38816, 0.00771465
38817, 0.00771485
38818, 0.00771503
38819, 0.00771521
38820, 0.00771539
38821, 0.00771557
38822, 0.00771574
38823, 0.00771593
38824, 0.00771610
38825, 0.00771628
38826, 0.00771646
38827, 0.00771664
38828, 0.00771681
38829, 0.00771699
38830, 0.00771717
38831, 0.00771735
38832, 0.00771754
38833, 0.00771774
38834, 0.00771792
38835, 0.00771809
38836, 0.00771827
38837, 0.00771845
38838, 0.00771862
38839, 0.00771880
38840, 0.00771898
38841, 0.00771915
38842, 0.00771933
38843, 0.00771951
38844, 0.00771969
38845, 0.00771988
38846, 0.00772006
38847, 0.00772024
38848, 0.00772042
38849, 0.00772059
38850, 0.00772077
38851, 0.00772094
38852, 0.00772112
38853, 0.00772129
38854, 0.00772147
38855, 0.00772165
38856, 0.00772183
38857, 0.00772200
38858, 0.00772218
38859, 0.00772236
38860, 0.00772255
38861, 0.00772275
38862, 0.00772293
38863, 0.00772310
38864, 0.00772328
38865, 0.00772346
38866, 0.00772370
38867, 0.00772388
38868, 0.00772406
38869, 0.00772424
38870, 0.00772442
38871, 0.00772459
38872, 0.00772477
38873, 0.00772495
38874, 0.00772513
38875, 0.00772531
38876, 0.00772548
38877, 0.00772566
38878, 0.00772583
38879, 0.00772601
38880, 0.00772620
38881, 0.00772638
38882, 0.00772655
38883, 0.00772672
38884, 0.00772690
38885, 0.00772708
38886, 0.00772726
38887, 0.00772746
38888, 0.00772763
38889, 0.00772781
38890, 0.00772801
38891, 0.00772819
38892, 0.00772837
38893, 0.00772855
38894, 0.00772873
38895, 0.00772890
38896, 0.00772908
38897, 0.00772925
38898, 0.00772943
38899, 0.00772961
38900, 0.00772978
38901, 0.00772996
38902, 0.00773014
38903, 0.00773035
38904, 0.00773052
38905, 0.00773070
38906, 0.00773088
38907, 0.00773106
38908, 0.00773124
38909, 0.00773142
38910, 0.00773159
38911, 0.00773187
38912, 0.00773205
38913, 0.00773223
38914, 0.00773241
38915, 0.00773258
38916, 0.00773276
38917, 0.00773293
38918, 0.00773313
38919, 0.00773338
38920, 0.00773356
38921, 0.00773374
38922, 0.00773392
38923, 0.00773410
38924, 0.00773427
38925, 0.00773445
38926, 0.00773463
38927, 0.00773487
38928, 0.00773505
38929, 0.00773523
38930, 0.00773543
38931, 0.00773561
38932, 0.00773578
38933, 0.00773596
38934, 0.00773614
38935, 0.00773639
38936, 0.00773658
38937, 0.00773675
38938, 0.00773694
38939, 0.00773911
38940, 0.00773932
38941, 0.00773950
38942, 0.00773969
38943, 0.00773994
38944, 0.00774012
38945, 0.00774030
38946, 0.00774048
38947, 0.00774066
38948, 0.00774084
38949, 0.00774102
38950, 0.00774119
38951, 0.00774144
38952, 0.00774161
38953, 0.00774179
38954, 0.00774196
38955, 0.00774213
38956, 0.00774231
38957, 0.00774248
38958, 0.00774265
38959, 0.00774290
38960, 0.00774307
38961, 0.00774324
38962, 0.00774342
38963, 0.00774359
38964, 0.00774377
38965, 0.00774394
38966, 0.00774411
38967, 0.00774436
38968, 0.00774453
38969, 0.00774470
38970, 0.00774487
38971, 0.00774505
38972, 0.00774522
38973, 0.00774539
38974, 0.00774556
38975, 0.00774580
38976, 0.00774597
38977, 0.00774615
38978, 0.00774632
38979, 0.00774649
38980, 0.00774667
38981, 0.00774684
38982, 0.00774701
38983, 0.00774726
38984, 0.00774743
38985, 0.00774761
38986, 0.00774778
38987, 0.00774795
38988, 0.00774812
38989, 0.00774829
38990, 0.00774847
38991, 0.00774864
38992, 0.00774881
38993, 0.00774898
38994, 0.00774916
38995, 0.00774933
38996, 0.00774950
38997, 0.00774967
38998, 0.00774985
38999, 0.00775002
39000, 0.00775019
39001, 0.00775036
39002, 0.00775053
39003, 0.00775070
39004, 0.00775088
39005, 0.00775105
39006, 0.00775122
39007, 0.00775140
39008, 0.00775157
39009, 0.00775174
39010, 0.00775191
39011, 0.00775209
39012, 0.00775226
39013, 0.00775243
39014, 0.00775260
39015, 0.00775277
39016, 0.00775294
39017, 0.00775311
39018, 0.00775329
39019, 0.00775346
39020, 0.00775363
39021, 0.00775381
39022, 0.00775398
39023, 0.00775415
39024, 0.00775432
39025, 0.00775450
39026, 0.00775467
39027, 0.00775484
39028, 0.00775501
39029, 0.00775519
39030, 0.00775536
39031, 0.00775553
39032, 0.00775570
39033, 0.00775588
39034, 0.00775605
39035, 0.00775622
39036, 0.00775640
39037, 0.00775657
39038, 0.00775674
39039, 0.00775691
39040, 0.00775709
39041, 0.00775726
39042, 0.00775743
39043, 0.00775760
39044, 0.00775777
39045, 0.00775794
39046, 0.00775811
39047, 0.00775828
39048, 0.00775846
39049, 0.00775863
39050, 0.00775881
39051, 0.00775898
39052, 0.00775915
39053, 0.00775932
39054, 0.00775949
39055, 0.00775966
39056, 0.00775983
39057, 0.00776000
39058, 0.00776017
39059, 0.00776035
39060, 0.00776052
39061, 0.00776069
39062, 0.00776086
39063, 0.00776103
39064, 0.00776122
39065, 0.00776343
39066, 0.00776363
39067, 0.00776381
39068, 0.00776399
39069, 0.00776416
39070, 0.00776434
39071, 0.00776451
39072, 0.00776469
39073, 0.00776487
39074, 0.00776504
39075, 0.00776521
39076, 0.00776539
39077, 0.00776556
39078, 0.00776574
39079, 0.00776592
39080, 0.00776611
39081, 0.00776629
39082, 0.00776647
39083, 0.00776665
39084, 0.00776682
39085, 0.00776700
39086, 0.00776717
39087, 0.00776735
39088, 0.00776754
39089, 0.00776772
39090, 0.00776789
39091, 0.00776807
39092, 0.00776824
39093, 0.00776841
39094, 0.00776859
39095, 0.00776877
39096, 0.00776894
39097, 0.00776912
39098, 0.00776929
39099, 0.00776946
39100, 0.00776964
39101, 0.00776981
39102, 0.00776999
39103, 0.00777017
39104, 0.00777034
39105, 0.00777052
39106, 0.00777070
39107, 0.00777087
39108, 0.00777105
39109, 0.00777122
39110, 0.00777140
39111, 0.00777157
39112, 0.00777174
39113, 0.00777192
39114, 0.00777209
39115, 0.00777227
39116, 0.00777244
39117, 0.00777262
39118, 0.00777279
39119, 0.00777297
39120, 0.00777314
39121, 0.00777332
39122, 0.00777349
39123, 0.00777367
39124, 0.00777385
39125, 0.00777402
39126, 0.00777420
39127, 0.00777437
39128, 0.00777455
39129, 0.00777472
39130, 0.00777489
39131, 0.00777507
39132, 0.00777525
39133, 0.00777542
39134, 0.00777559
39135, 0.00777577
39136, 0.00777594
39137, 0.00777611
39138, 0.00777629
39139, 0.00777646
39140, 0.00777663
39141, 0.00777681
39142, 0.00777698
39143, 0.00777718
39144, 0.00777735
39145, 0.00777752
39146, 0.00777770
39147, 0.00777787
39148, 0.00777804
39149, 0.00777822
39150, 0.00777839
39151, 0.00777857
39152, 0.00777874
39153, 0.00777891
39154, 0.00777908
39155, 0.00777926
39156, 0.00777943
39157, 0.00777960
39158, 0.00777978
39159, 0.00777995
39160, 0.00778012
39161, 0.00778030
39162, 0.00778047
39163, 0.00778064
39164, 0.00778084
39165, 0.00778102
39166, 0.00778119
39167, 0.00778136
39168, 0.00778154
39169, 0.00778171
39170, 0.00778189
39171, 0.00778206
39172, 0.00778224
39173, 0.00778241
39174, 0.00778258
39175, 0.00778276
39176, 0.00778294
39177, 0.00778311
39178, 0.00778328
39179, 0.00778346
39180, 0.00778363
39181, 0.00778381
39182, 0.00778398
39183, 0.00778416
39184, 0.00778433
39185, 0.00778450
39186, 0.00778469
39187, 0.00778487
39188, 0.00778504
39189, 0.00778522
39190, 0.00778540
39191, 0.00778762
39192, 0.00778781
39193, 0.00778799
39194, 0.00778817
39195, 0.00778835
39196, 0.00778852
39197, 0.00778869
39198, 0.00778886
39199, 0.00778904
39200, 0.00778921
39201, 0.00778939
39202, 0.00778956
39203, 0.00778973
39204, 0.00778991
39205, 0.00779008
39206, 0.00779025
39207, 0.00779043
39208, 0.00779060
39209, 0.00779079
39210, 0.00779097
39211, 0.00779114
39212, 0.00779131
39213, 0.00779149
39214, 0.00779167
39215, 0.00779184
39216, 0.00779202
39217, 0.00779219
39218, 0.00779236
39219, 0.00779254
39220, 0.00779271
39221, 0.00779289
39222, 0.00779306
39223, 0.00779323
39224, 0.00779341
39225, 0.00779358
39226, 0.00779375
39227, 0.00779392
39228, 0.00779410
39229, 0.00779427
39230, 0.00779444
39231, 0.00779461
39232, 0.00779478
39233, 0.00779496
39234, 0.00779515
39235, 0.00779532
39236, 0.00779549
39237, 0.00779566
39238, 0.00779583
39239, 0.00779600
39240, 0.00779618
39241, 0.00779635
39242, 0.00779653
39243, 0.00779670
39244, 0.00779687
39245, 0.00779705
39246, 0.00779722
39247, 0.00779739
39248, 0.00779757
39249, 0.00779774
39250, 0.00779791
39251, 0.00779809
39252, 0.00779826
39253, 0.00779843
39254, 0.00779860
39255, 0.00779878
39256, 0.00779895
39257, 0.00779913
39258, 0.00779930
39259, 0.00779947
39260, 0.00779974
39261, 0.00779993
39262, 0.00780010
39263, 0.00780028
39264, 0.00780046
39265, 0.00780064
39266, 0.00780082
39267, 0.00780100
39268, 0.00780118
39269, 0.00780136
39270, 0.00780154
39271, 0.00780172
39272, 0.00780190
39273, 0.00780209
39274, 0.00780227
39275, 0.00780245
39276, 0.00780263
39277, 0.00780281
39278, 0.00780300
39279, 0.00780318
39280, 0.00780336
39281, 0.00780354
39282, 0.00780373
39283, 0.00780391
39284, 0.00780409
39285, 0.00780427
39286, 0.00780445
39287, 0.00780463
39288, 0.00780481
39289, 0.00780500
39290, 0.00780518
39291, 0.00780536
39292, 0.00780554
39293, 0.00780572
39294, 0.00780592
39295, 0.00780610
39296, 0.00780628
39297, 0.00780646
39298, 0.00780664
39299, 0.00780681
39300, 0.00780698
39301, 0.00780716
39302, 0.00780733
39303, 0.00780750
39304, 0.00780768
39305, 0.00780785
39306, 0.00780803
39307, 0.00780820
39308, 0.00780837
39309, 0.00780855
39310, 0.00780872
39311, 0.00780889
39312, 0.00780907
39313, 0.00780924
39314, 0.00780941
39315, 0.00780959
39316, 0.00780978
39317, 0.00781194
39318, 0.00781213
39319, 0.00781231
39320, 0.00781249
39321, 0.00781266
39322, 0.00781284
39323, 0.00781301
39324, 0.00781319
39325, 0.00781336
39326, 0.00781354
39327, 0.00781371
39328, 0.00781389
39329, 0.00781406
39330, 0.00781424
39331, 0.00781441
39332, 0.00781458
39333, 0.00781476
39334, 0.00781493
39335, 0.00781510
39336, 0.00781527
39337, 0.00781545
39338, 0.00781562
39339, 0.00781580
39340, 0.00781598
39341, 0.00781618
39342, 0.00781635
39343, 0.00781653
39344, 0.00781670
39345, 0.00781687
39346, 0.00781705
39347, 0.00781723
39348, 0.00781741
39349, 0.00781758
39350, 0.00781776
39351, 0.00781793
39352, 0.00781810
39353, 0.00781828
39354, 0.00781845
39355, 0.00781863
39356, 0.00781880
39357, 0.00781898
39358, 0.00781915
39359, 0.00781934
39360, 0.00781951
39361, 0.00781969
39362, 0.00781987
39363, 0.00782004
39364, 0.00782021
39365, 0.00782038
39366, 0.00782055
39367, 0.00782073
39368, 0.00782090
39369, 0.00782108
39370, 0.00782125
39371, 0.00782142
39372, 0.00782160
39373, 0.00782177
39374, 0.00782195
39375, 0.00782212
39376, 0.00782229
39377, 0.00782246
39378, 0.00782264
39379, 0.00782282
39380, 0.00782299
39381, 0.00782316
39382, 0.00782334
39383, 0.00782352
39384, 0.00782369
39385, 0.00782387
39386, 0.00782404
39387, 0.00782421
39388, 0.00782438
39389, 0.00782456
39390, 0.00782473
39391, 0.00782491
39392, 0.00782508
39393, 0.00782526
39394, 0.00782543
39395, 0.00782561
39396, 0.00782579
39397, 0.00782596
39398, 0.00782613
39399, 0.00782631
39400, 0.00782649
39401, 0.00782666
39402, 0.00782683
39403, 0.00782701
39404, 0.00782718
39405, 0.00782736
39406, 0.00782753
39407, 0.00782771
39408, 0.00782788
39409, 0.00782806
39410, 0.00782824
39411, 0.00782842
39412, 0.00782860
39413, 0.00782878
39414, 0.00782896
39415, 0.00782914
39416, 0.00782931
39417, 0.00782949
39418, 0.00782966
39419, 0.00782984
39420, 0.00783001
39421, 0.00783019
39422, 0.00783036
39423, 0.00783070
39424, 0.00783087
39425, 0.00783105
39426, 0.00783122
39427, 0.00783139
39428, 0.00783157
39429, 0.00783174
39430, 0.00783191
39431, 0.00783217
39432, 0.00783234
39433, 0.00783251
39434, 0.00783269
39435, 0.00783286
39436, 0.00783303
39437, 0.00783321
39438, 0.00783338
39439, 0.00783362
39440, 0.00783379
39441, 0.00783396
39442, 0.00783415
39443, 0.00783629
39444, 0.00783648
39445, 0.00783667
39446, 0.00783685
39447, 0.00783710
39448, 0.00783728
39449, 0.00783746
39450, 0.00783763
39451, 0.00783780
39452, 0.00783798
39453, 0.00783815
39454, 0.00783832
39455, 0.00783857
39456, 0.00783874
39457, 0.00783891
39458, 0.00783908
39459, 0.00783926
39460, 0.00783943
39461, 0.00783960
39462, 0.00783977
39463, 0.00784002
39464, 0.00784020
39465, 0.00784037
39466, 0.00784055
39467, 0.00784072
39468, 0.00784089
39469, 0.00784106
39470, 0.00784124
39471, 0.00784148
39472, 0.00784166
39473, 0.00784183
39474, 0.00784200
39475, 0.00784217
39476, 0.00784235
39477, 0.00784252
39478, 0.00784269
39479, 0.00784294
39480, 0.00784311
39481, 0.00784328
39482, 0.00784346
39483, 0.00784363
39484, 0.00784381
39485, 0.00784398
39486, 0.00784416
39487, 0.00784440
39488, 0.00784458
39489, 0.00784475
39490, 0.00784493
39491, 0.00784511
39492, 0.00784528
39493, 0.00784545
39494, 0.00784563
39495, 0.00784588
39496, 0.00784605
39497, 0.00784622
39498, 0.00784640
39499, 0.00784657
39500, 0.00784674
39501, 0.00784692
39502, 0.00784709
39503, 0.00784727
39504, 0.00784744
39505, 0.00784761
39506, 0.00784779
39507, 0.00784797
39508, 0.00784814
39509, 0.00784832
39510, 0.00784850
39511, 0.00784868
39512, 0.00784885
39513, 0.00784902
39514, 0.00784920
39515, 0.00784938
39516, 0.00784955
39517, 0.00784972
39518, 0.00784990
39519, 0.00785007
39520, 0.00785024
39521, 0.00785041
39522, 0.00785059
39523, 0.00785076
39524, 0.00785093
39525, 0.00785111
39526, 0.00785128
39527, 0.00785145
39528, 0.00785162
39529, 0.00785179
39530, 0.00785197
39531, 0.00785214
39532, 0.00785233
39533, 0.00785251
39534, 0.00785268
39535, 0.00785285
39536, 0.00785303
39537, 0.00785320
39538, 0.00785337
39539, 0.00785354
39540, 0.00785372
39541, 0.00785389
39542, 0.00785407
39543, 0.00785424
39544, 0.00785441
39545, 0.00785459
39546, 0.00785476
39547, 0.00785493
39548, 0.00785512
39549, 0.00785529
39550, 0.00785547
39551, 0.00785564
39552, 0.00785582
39553, 0.00785599
39554, 0.00785616
39555, 0.00785634
39556, 0.00785651
39557, 0.00785668
39558, 0.00785686
39559, 0.00785705
39560, 0.00785723
39561, 0.00785741
39562, 0.00785758
39563, 0.00785777
39564, 0.00785794
39565, 0.00785813
39566, 0.00785831
39567, 0.00785849
39568, 0.00785868
39569, 0.00786086
39570, 0.00786107
39571, 0.00786125
39572, 0.00786142
39573, 0.00786160
39574, 0.00786178
39575, 0.00786196
39576, 0.00786213
39577, 0.00786231
39578, 0.00786248
39579, 0.00786266
39580, 0.00786283
39581, 0.00786301
39582, 0.00786318
39583, 0.00786336
39584, 0.00786353
39585, 0.00786371
39586, 0.00786388
39587, 0.00786406
39588, 0.00786423
39589, 0.00786441
39590, 0.00786459
39591, 0.00786477
39592, 0.00786494
39593, 0.00786512
39594, 0.00786531
39595, 0.00786548
39596, 0.00786565
39597, 0.00786583
39598, 0.00786601
39599, 0.00786618
39600, 0.00786636
39601, 0.00786653
39602, 0.00786670
39603, 0.00786688
39604, 0.00786705
39605, 0.00786723
39606, 0.00786740
39607, 0.00786758
39608, 0.00786775
39609, 0.00786793
39610, 0.00786810
39611, 0.00786828
39612, 0.00786846
39613, 0.00786864
39614, 0.00786881
39615, 0.00786899
39616, 0.00786917
39617, 0.00786934
39618, 0.00786952
39619, 0.00786970
39620, 0.00786987
39621, 0.00787005
39622, 0.00787022
39623, 0.00787040
39624, 0.00787058
39625, 0.00787076
39626, 0.00787093
39627, 0.00787111
39628, 0.00787130
39629, 0.00787148
39630, 0.00787165
39631, 0.00787183
39632, 0.00787200
39633, 0.00787218
39634, 0.00787235
39635, 0.00787253
39636, 0.00787271
39637, 0.00787288
39638, 0.00787306
39639, 0.00787323
39640, 0.00787340
39641, 0.00787360
39642, 0.00787380
39643, 0.00787397
39644, 0.00787415
39645, 0.00787433
39646, 0.00787451
39647, 0.00787469
39648, 0.00787487
39649, 0.00787505
39650, 0.00787523
39651, 0.00787540
39652, 0.00787558
39653, 0.00787575
39654, 0.00787593
39655, 0.00787610
39656, 0.00787627
39657, 0.00787645
39658, 0.00787664
39659, 0.00787682
39660, 0.00787699
39661, 0.00787718
39662, 0.00787735
39663, 0.00787753
39664, 0.00787770
39665, 0.00787788
39666, 0.00787807
39667, 0.00787824
39668, 0.00787842
39669, 0.00787859
39670, 0.00787876
39671, 0.00787894
39672, 0.00787911
39673, 0.00787928
39674, 0.00787946
39675, 0.00787963
39676, 0.00787980
39677, 0.00787998
39678, 0.00788015
39679, 0.00788035
39680, 0.00788052
39681, 0.00788070
39682, 0.00788087
39683, 0.00788105
39684, 0.00788122
39685, 0.00788140
39686, 0.00788158
39687, 0.00788175
39688, 0.00788193
39689, 0.00788210
39690, 0.00788227
39691, 0.00788245
39692, 0.00788262
39693, 0.00788279
39694, 0.00788298
39695, 0.00788512
39696, 0.00788532
39697, 0.00788550
39698, 0.00788569
39699, 0.00788587
39700, 0.00788605
39701, 0.00788622
39702, 0.00788640
39703, 0.00788658
39704, 0.00788676
39705, 0.00788694
39706, 0.00788712
39707, 0.00788730
39708, 0.00788748
39709, 0.00788765
39710, 0.00788783
39711, 0.00788800
39712, 0.00788818
39713, 0.00788835
39714, 0.00788853
39715, 0.00788870
39716, 0.00788887
39717, 0.00788904
39718, 0.00788922
39719, 0.00788939
39720, 0.00788957
39721, 0.00788974
39722, 0.00788992
39723, 0.00789009
39724, 0.00789027
39725, 0.00789044
39726, 0.00789062
39727, 0.00789080
39728, 0.00789097
39729, 0.00789114
39730, 0.00789132
39731, 0.00789150
39732, 0.00789167
39733, 0.00789184
39734, 0.00789202
39735, 0.00789219
39736, 0.00789237
39737, 0.00789254
39738, 0.00789272
39739, 0.00789289
39740, 0.00789307
39741, 0.00789324
39742, 0.00789342
39743, 0.00789359
39744, 0.00789377
39745, 0.00789394
39746, 0.00789411
39747, 0.00789429
39748, 0.00789446
39749, 0.00789463
39750, 0.00789481
39751, 0.00789498
39752, 0.00789516
39753, 0.00789533
39754, 0.00789551
39755, 0.00789568
39756, 0.00789586
39757, 0.00789603
39758, 0.00789621
39759, 0.00789638
39760, 0.00789655
39761, 0.00789673
39762, 0.00789691
39763, 0.00789708
39764, 0.00789726
39765, 0.00789744
39766, 0.00789762
39767, 0.00789779
39768, 0.00789797
39769, 0.00789814
39770, 0.00789832
39771, 0.00789851
39772, 0.00789868
39773, 0.00789886
39774, 0.00789903
39775, 0.00789921
39776, 0.00789938
39777, 0.00789955
39778, 0.00789973
39779, 0.00789990
39780, 0.00790008
39781, 0.00790025
39782, 0.00790042
39783, 0.00790060
39784, 0.00790077
39785, 0.00790095
39786, 0.00790112
39787, 0.00790130
39788, 0.00790147
39789, 0.00790165
39790, 0.00790182
39791, 0.00790200
39792, 0.00790218
39793, 0.00790235
39794, 0.00790253
39795, 0.00790270
39796, 0.00790288
39797, 0.00790305
39798, 0.00790323
39799, 0.00790340
39800, 0.00790358
39801, 0.00790375
39802, 0.00790393
39803, 0.00790410
39804, 0.00790428
39805, 0.00790445
39806, 0.00790463
39807, 0.00790480
39808, 0.00790498
39809, 0.00790515
39810, 0.00790533
39811, 0.00790550
39812, 0.00790567
39813, 0.00790584
39814, 0.00790602
39815, 0.00790619
39816, 0.00790637
39817, 0.00790654
39818, 0.00790671
39819, 0.00790689
39820, 0.00790708
39821, 0.00790920
39822, 0.00790940
39823, 0.00790958
39824, 0.00790976
39825, 0.00790993
39826, 0.00791011
39827, 0.00791029
39828, 0.00791046
39829, 0.00791064
39830, 0.00791081
39831, 0.00791099
39832, 0.00791116
39833, 0.00791134
39834, 0.00791152
39835, 0.00791170
39836, 0.00791188
39837, 0.00791205
39838, 0.00791222
39839, 0.00791240
39840, 0.00791257
39841, 0.00791274
39842, 0.00791292
39843, 0.00791309
39844, 0.00791326
39845, 0.00791343
39846, 0.00791361
39847, 0.00791378
39848, 0.00791395
39849, 0.00791413
39850, 0.00791430
39851, 0.00791448
39852, 0.00791465
39853, 0.00791482
39854, 0.00791506
39855, 0.00791523
39856, 0.00791540
39857, 0.00791557
39858, 0.00791575
39859, 0.00791592
39860, 0.00791610
39861, 0.00791627
39862, 0.00791644
39863, 0.00791662
39864, 0.00791679
39865, 0.00791697
39866, 0.00791715
39867, 0.00791732
39868, 0.00791749
39869, 0.00791767
39870, 0.00791784
39871, 0.00791801
39872, 0.00791819
39873, 0.00791836
39874, 0.00791854
39875, 0.00791871
39876, 0.00791888
39877, 0.00791905
39878, 0.00791923
39879, 0.00791940
39880, 0.00791957
39881, 0.00791975
39882, 0.00791992
39883, 0.00792010
39884, 0.00792027
39885, 0.00792045
39886, 0.00792062
39887, 0.00792079
39888, 0.00792097
39889, 0.00792114
39890, 0.00792131
39891, 0.00792149
39892, 0.00792166
39893, 0.00792183
39894, 0.00792201
39895, 0.00792218
39896, 0.00792235
39897, 0.00792253
39898, 0.00792270
39899, 0.00792288
39900, 0.00792305
39901, 0.00792322
39902, 0.00792339
39903, 0.00792357
39904, 0.00792374
39905, 0.00792392
39906, 0.00792409
39907, 0.00792426
39908, 0.00792444
39909, 0.00792461
39910, 0.00792479
39911, 0.00792496
39912, 0.00792513
39913, 0.00792531
39914, 0.00792549
39915, 0.00792567
39916, 0.00792584
39917, 0.00792602
39918, 0.00792621
39919, 0.00792638
39920, 0.00792656
39921, 0.00792673
39922, 0.00792691
39923, 0.00792708
39924, 0.00792725
39925, 0.00792743
39926, 0.00792760
39927, 0.00792778
39928, 0.00792795
39929, 0.00792813
39930, 0.00792830
39931, 0.00792848
39932, 0.00792865
39933, 0.00792883
39934, 0.00792900
39935, 0.00792951
39936, 0.00792968
39937, 0.00792985
39938, 0.00793002
39939, 0.00793020
39940, 0.00793037
39941, 0.00793055
39942, 0.00793073
39943, 0.00793097
39944, 0.00793115
39945, 0.00793132
39946, 0.00793152
39947, 0.00793362
39948, 0.00793382
39949, 0.00793400
39950, 0.00793418
39951, 0.00793443
39952, 0.00793461
39953, 0.00793478
39954, 0.00793496
39955, 0.00793514
39956, 0.00793531
39957, 0.00793549
39958, 0.00793566
39959, 0.00793592
39960, 0.00793610
39961, 0.00793627
39962, 0.00793645
39963, 0.00793662
39964, 0.00793680
39965, 0.00793698
39966, 0.00793715
39967, 0.00793740
39968, 0.00793757
39969, 0.00793775
39970, 0.00793792
39971, 0.00793810
39972, 0.00793828
39973, 0.00793847
39974, 0.00793865
39975, 0.00793890
39976, 0.00793908
39977, 0.00793925
39978, 0.00793943
39979, 0.00793960
39980, 0.00793978
39981, 0.00793995
39982, 0.00794012
39983, 0.00794037
39984, 0.00794054
39985, 0.00794072
39986, 0.00794089
39987, 0.00794107
39988, 0.00794124
39989, 0.00794142
39990, 0.00794159
39991, 0.00794183
39992, 0.00794201
39993, 0.00794218
39994, 0.00794236
39995, 0.00794253
39996, 0.00794271
39997, 0.00794288
39998, 0.00794306
39999, 0.00794334
40000, 0.00794351
40001, 0.00794369
40002, 0.00794386
40003, 0.00794403
40004, 0.00794420
40005, 0.00794438
40006, 0.00794455
40007, 0.00794472
40008, 0.00794490
40009, 0.00794507
40010, 0.00794525
40011, 0.00794542
40012, 0.00794559
40013, 0.00794577
40014, 0.00794594
40015, 0.00794612
40016, 0.00794629
40017, 0.00794646
40018, 0.00794664
40019, 0.00794681
40020, 0.00794698
40021, 0.00794715
40022, 0.00794733
40023, 0.00794750
40024, 0.00794768
40025, 0.00794785
40026, 0.00794803
40027, 0.00794820
40028, 0.00794838
40029, 0.00794855
40030, 0.00794872
40031, 0.00794890
40032, 0.00794907
40033, 0.00794924
40034, 0.00794942
40035, 0.00794959
40036, 0.00794976
40037, 0.00794994
40038, 0.00795012
40039, 0.00795029
40040, 0.00795046
40041, 0.00795063
40042, 0.00795081
40043, 0.00795098
40044, 0.00795116
40045, 0.00795133
40046, 0.00795151
40047, 0.00795168
40048, 0.00795186
40049, 0.00795203
40050, 0.00795220
40051, 0.00795238
40052, 0.00795255
40053, 0.00795273
40054, 0.00795290
40055, 0.00795308
40056, 0.00795325
40057, 0.00795342
40058, 0.00795360
40059, 0.00795377
40060, 0.00795395
40061, 0.00795412
40062, 0.00795430
40063, 0.00795448
40064, 0.00795465
40065, 0.00795483
40066, 0.00795500
40067, 0.00795518
40068, 0.00795535
40069, 0.00795553
40070, 0.00795570
40071, 0.00795587
40072, 0.00795606
40073, 0.00795815
40074, 0.00795834
40075, 0.00795852
40076, 0.00795870
40077, 0.00795887
40078, 0.00795904
40079, 0.00795922
40080, 0.00795939
40081, 0.00795957
40082, 0.00795975
40083, 0.00795992
40084, 0.00796010
40085, 0.00796027
40086, 0.00796044
40087, 0.00796062
40088, 0.00796080
40089, 0.00796098
40090, 0.00796115
40091, 0.00796133
40092, 0.00796150
40093, 0.00796168
40094, 0.00796185
40095, 0.00796203
40096, 0.00796221
40097, 0.00796239
40098, 0.00796257
40099, 0.00796275
40100, 0.00796293
40101, 0.00796313
40102, 0.00796331
40103, 0.00796349
40104, 0.00796367
40105, 0.00796385
40106, 0.00796403
40107, 0.00796421
40108, 0.00796439
40109, 0.00796456
40110, 0.00796474
40111, 0.00796491
40112, 0.00796509
40113, 0.00796526
40114, 0.00796544
40115, 0.00796561
40116, 0.00796579
40117, 0.00796596
40118, 0.00796614
40119, 0.00796631
40120, 0.00796649
40121, 0.00796666
40122, 0.00796684
40123, 0.00796701
40124, 0.00796718
40125, 0.00796735
40126, 0.00796753
40127, 0.00796770
40128, 0.00796787
40129, 0.00796805
40130, 0.00796822
40131, 0.00796839
40132, 0.00796856
40133, 0.00796874
40134, 0.00796891
40135, 0.00796908
40136, 0.00796926
40137, 0.00796943
40138, 0.00796960
40139, 0.00796978
40140, 0.00796995
40141, 0.00797013
40142, 0.00797030
40143, 0.00797047
40144, 0.00797065
40145, 0.00797082
40146, 0.00797099
40147, 0.00797117
40148, 0.00797134
40149, 0.00797152
40150, 0.00797169
40151, 0.00797187
40152, 0.00797204
40153, 0.00797221
40154, 0.00797239
40155, 0.00797256
40156, 0.00797273
40157, 0.00797291
40158, 0.00797308
40159, 0.00797326
40160, 0.00797343
40161, 0.00797360
40162, 0.00797377
40163, 0.00797395
40164, 0.00797412
40165, 0.00797430
40166, 0.00797448
40167, 0.00797465
40168, 0.00797483
40169, 0.00797500
40170, 0.00797518
40171, 0.00797537
40172, 0.00797554
40173, 0.00797572
40174, 0.00797589
40175, 0.00797606
40176, 0.00797623
40177, 0.00797641
40178, 0.00797658
40179, 0.00797676
40180, 0.00797693
40181, 0.00797711
40182, 0.00797728
40183, 0.00797746
40184, 0.00797763
40185, 0.00797781
40186, 0.00797798
40187, 0.00797816
40188, 0.00797833
40189, 0.00797851
40190, 0.00797868
40191, 0.00797886
40192, 0.00797904
40193, 0.00797921
40194, 0.00797938
40195, 0.00797956
40196, 0.00797973
40197, 0.00797991
40198, 0.00798009
40199, 0.00798222
40200, 0.00798241
40201, 0.00798260
40202, 0.00798279
40203, 0.00798297
40204, 0.00798315
40205, 0.00798333
40206, 0.00798350
40207, 0.00798367
40208, 0.00798384
40209, 0.00798402
40210, 0.00798419
40211, 0.00798437
40212, 0.00798454
40213, 0.00798471
40214, 0.00798488
40215, 0.00798506
40216, 0.00798523
40217, 0.00798540
40218, 0.00798557
40219, 0.00798575
40220, 0.00798592
40221, 0.00798609
40222, 0.00798627
40223, 0.00798644
40224, 0.00798661
40225, 0.00798679
40226, 0.00798696
40227, 0.00798713
40228, 0.00798730
40229, 0.00798747
40230, 0.00798765
40231, 0.00798782
40232, 0.00798800
40233, 0.00798817
40234, 0.00798834
40235, 0.00798852
40236, 0.00798869
40237, 0.00798887
40238, 0.00798904
40239, 0.00798921
40240, 0.00798938
40241, 0.00798956
40242, 0.00798973
40243, 0.00798991
40244, 0.00799008
40245, 0.00799026
40246, 0.00799043
40247, 0.00799060
40248, 0.00799078
40249, 0.00799095
40250, 0.00799112
40251, 0.00799130
40252, 0.00799148
40253, 0.00799166
40254, 0.00799184
40255, 0.00799202
40256, 0.00799219
40257, 0.00799237
40258, 0.00799254
40259, 0.00799272
40260, 0.00799289
40261, 0.00799307
40262, 0.00799324
40263, 0.00799342
40264, 0.00799359
40265, 0.00799376
40266, 0.00799394
40267, 0.00799411
40268, 0.00799428
40269, 0.00799446
40270, 0.00799463
40271, 0.00799480
40272, 0.00799498
40273, 0.00799515
40274, 0.00799532
40275, 0.00799549
40276, 0.00799567
40277, 0.00799584
40278, 0.00799601
40279, 0.00799619
40280, 0.00799636
40281, 0.00799653
40282, 0.00799670
40283, 0.00799688
40284, 0.00799705
40285, 0.00799723
40286, 0.00799747
40287, 0.00799764
40288, 0.00799781
40289, 0.00799799
40290, 0.00799817
40291, 0.00799835
40292, 0.00799853
40293, 0.00799871
40294, 0.00799889
40295, 0.00799906
40296, 0.00799924
40297, 0.00799941
40298, 0.00799959
40299, 0.00799976
40300, 0.00800000
40301, 0.00800017
40302, 0.00800035
40303, 0.00800052
40304, 0.00800070
40305, 0.00800087
40306, 0.00800105
40307, 0.00800123
40308, 0.00800140
40309, 0.00800158
40310, 0.00800175
40311, 0.00800193
40312, 0.00800210
40313, 0.00800228
40314, 0.00800245
40315, 0.00800263
40316, 0.00800281
40317, 0.00800299
40318, 0.00800316
40319, 0.00800333
40320, 0.00800351
40321, 0.00800368
40322, 0.00800386
40323, 0.00800404
40324, 0.00800422
40325, 0.00800637
40326, 0.00800656
40327, 0.00800674
40328, 0.00800692
40329, 0.00800710
40330, 0.00800727
40331, 0.00800745
40332, 0.00800762
40333, 0.00800779
40334, 0.00800796
40335, 0.00800815
40336, 0.00800833
40337, 0.00800850
40338, 0.00800867
40339, 0.00800884
40340, 0.00800901
40341, 0.00800918
40342, 0.00800935
40343, 0.00800953
40344, 0.00800970
40345, 0.00800987
40346, 0.00801005
40347, 0.00801023
40348, 0.00801040
40349, 0.00801059
40350, 0.00801077
40351, 0.00801095
40352, 0.00801114
40353, 0.00801131
40354, 0.00801149
40355, 0.00801167
40356, 0.00801184
40357, 0.00801201
40358, 0.00801219
40359, 0.00801238
40360, 0.00801256
40361, 0.00801273
40362, 0.00801291
40363, 0.00801308
40364, 0.00801325
40365, 0.00801343
40366, 0.00801360
40367, 0.00801377
40368, 0.00801395
40369, 0.00801412
40370, 0.00801429
40371, 0.00801447
40372, 0.00801464
40373, 0.00801482
40374, 0.00801499
40375, 0.00801517
40376, 0.00801543
40377, 0.00801560
40378, 0.00801578
40379, 0.00801595
40380, 0.00801613
40381, 0.00801631
40382, 0.00801648
40383, 0.00801666
40384, 0.00801683
40385, 0.00801700
40386, 0.00801717
40387, 0.00801735
40388, 0.00801752
40389, 0.00801769
40390, 0.00801787
40391, 0.00801804
40392, 0.00801821
40393, 0.00801839
40394, 0.00801856
40395, 0.00801873
40396, 0.00801891
40397, 0.00801908
40398, 0.00801926
40399, 0.00801943
40400, 0.00801960
40401, 0.00801977
40402, 0.00801995
40403, 0.00802013
40404, 0.00802030
40405, 0.00802047
40406, 0.00802065
40407, 0.00802082
40408, 0.00802100
40409, 0.00802117
40410, 0.00802134
40411, 0.00802151
40412, 0.00802169
40413, 0.00802186
40414, 0.00802204
40415, 0.00802221
40416, 0.00802238
40417, 0.00802255
40418, 0.00802273
40419, 0.00802290
40420, 0.00802307
40421, 0.00802324
40422, 0.00802342
40423, 0.00802359
40424, 0.00802376
40425, 0.00802394
40426, 0.00802411
40427, 0.00802428
40428, 0.00802445
40429, 0.00802462
40430, 0.00802480
40431, 0.00802497
40432, 0.00802514
40433, 0.00802531
40434, 0.00802549
40435, 0.00802566
40436, 0.00802584
40437, 0.00802601
40438, 0.00802619
40439, 0.00802636
40440, 0.00802653
40441, 0.00802670
40442, 0.00802688
40443, 0.00802711
40444, 0.00802728
40445, 0.00802746
40446, 0.00802763
40447, 0.00802790
40448, 0.00802807
40449, 0.00802825
40450, 0.00802843
40451, 0.00803058
40452, 0.00803079
40453, 0.00803097
40454, 0.00803114
40455, 0.00803138
40456, 0.00803155
40457, 0.00803172
40458, 0.00803190
40459, 0.00803208
40460, 0.00803225
40461, 0.00803243
40462, 0.00803260
40463, 0.00803284
40464, 0.00803302
40465, 0.00803320
40466, 0.00803338
40467, 0.00803356
40468, 0.00803374
40469, 0.00803392
40470, 0.00803409
40471, 0.00803433
40472, 0.00803450
40473, 0.00803467
40474, 0.00803484
40475, 0.00803502
40476, 0.00803519
40477, 0.00803537
40478, 0.00803554
40479, 0.00803580
40480, 0.00803598
40481, 0.00803615
40482, 0.00803633
40483, 0.00803650
40484, 0.00803667
40485, 0.00803685
40486, 0.00803702
40487, 0.00803727
40488, 0.00803745
40489, 0.00803762
40490, 0.00803779
40491, 0.00803797
40492, 0.00803814
40493, 0.00803832
40494, 0.00803849
40495, 0.00803874
40496, 0.00803892
40497, 0.00803909
40498, 0.00803927
40499, 0.00803944
40500, 0.00803961
40501, 0.00803979
40502, 0.00803997
40503, 0.00804021
40504, 0.00804039
40505, 0.00804056
40506, 0.00804074
40507, 0.00804091
40508, 0.00804108
40509, 0.00804126
40510, 0.00804143
40511, 0.00804166
40512, 0.00804184
40513, 0.00804201
40514, 0.00804218
40515, 0.00804235
40516, 0.00804252
40517, 0.00804269
40518, 0.00804287
40519, 0.00804304
40520, 0.00804321
40521, 0.00804339
40522, 0.00804356
40523, 0.00804373
40524, 0.00804390
40525, 0.00804408
40526, 0.00804425
40527, 0.00804442
40528, 0.00804460
40529, 0.00804477
40530, 0.00804495
40531, 0.00804512
40532, 0.00804529
40533, 0.00804546
40534, 0.00804564
40535, 0.00804581
40536, 0.00804598
40537, 0.00804616
40538, 0.00804633
40539, 0.00804650
40540, 0.00804668
40541, 0.00804685
40542, 0.00804703
40543, 0.00804721
40544, 0.00804738
40545, 0.00804755
40546, 0.00804773
40547, 0.00804790
40548, 0.00804808
40549, 0.00804825
40550, 0.00804842
40551, 0.00804860
40552, 0.00804878
40553, 0.00804895
40554, 0.00804912
40555, 0.00804930
40556, 0.00804947
40557, 0.00804964
40558, 0.00804982
40559, 0.00804999
40560, 0.00805017
40561, 0.00805034
40562, 0.00805051
40563, 0.00805069
40564, 0.00805086
40565, 0.00805104
40566, 0.00805121
40567, 0.00805138
40568, 0.00805156
40569, 0.00805173
40570, 0.00805190
40571, 0.00805208
40572, 0.00805225
40573, 0.00805242
40574, 0.00805260
40575, 0.00805277
40576, 0.00805296
40577, 0.00805515
40578, 0.00805535
40579, 0.00805553
40580, 0.00805570
40581, 0.00805588
40582, 0.00805606
40583, 0.00805624
40584, 0.00805641
40585, 0.00805659
40586, 0.00805677
40587, 0.00805695
40588, 0.00805713
40589, 0.00805730
40590, 0.00805748
40591, 0.00805766
40592, 0.00805784
40593, 0.00805801
40594, 0.00805819
40595, 0.00805837
40596, 0.00805855
40597, 0.00805873
40598, 0.00805890
40599, 0.00805914
40600, 0.00805932
40601, 0.00805949
40602, 0.00805967
40603, 0.00805985
40604, 0.00806002
40605, 0.00806020
40606, 0.00806038
40607, 0.00806056
40608, 0.00806073
40609, 0.00806091
40610, 0.00806108
40611, 0.00806126
40612, 0.00806143
40613, 0.00806161
40614, 0.00806179
40615, 0.00806197
40616, 0.00806214
40617, 0.00806232
40618, 0.00806249
40619, 0.00806267
40620, 0.00806284
40621, 0.00806302
40622, 0.00806323
40623, 0.00806340
40624, 0.00806358
40625, 0.00806375
40626, 0.00806393
40627, 0.00806410
40628, 0.00806428
40629, 0.00806445
40630, 0.00806463
40631, 0.00806480
40632, 0.00806498
40633, 0.00806516
40634, 0.00806533
40635, 0.00806551
40636, 0.00806572
40637, 0.00806589
40638, 0.00806606
40639, 0.00806624
40640, 0.00806642
40641, 0.00806659
40642, 0.00806677
40643, 0.00806695
40644, 0.00806712
40645, 0.00806729
40646, 0.00806747
40647, 0.00806765
40648, 0.00806782
40649, 0.00806800
40650, 0.00806817
40651, 0.00806835
40652, 0.00806852
40653, 0.00806870
40654, 0.00806887
40655, 0.00806905
40656, 0.00806923
40657, 0.00806940
40658, 0.00806958
40659, 0.00806975
40660, 0.00806993
40661, 0.00807010
40662, 0.00807028
40663, 0.00807046
40664, 0.00807063
40665, 0.00807081
40666, 0.00807098
40667, 0.00807116
40668, 0.00807134
40669, 0.00807152
40670, 0.00807169
40671, 0.00807187
40672, 0.00807204
40673, 0.00807222
40674, 0.00807240
40675, 0.00807257
40676, 0.00807275
40677, 0.00807292
40678, 0.00807310
40679, 0.00807327
40680, 0.00807348
40681, 0.00807365
40682, 0.00807382
40683, 0.00807400
40684, 0.00807418
40685, 0.00807435
40686, 0.00807453
40687, 0.00807470
40688, 0.00807488
40689, 0.00807505
40690, 0.00807523
40691, 0.00807541
40692, 0.00807558
40693, 0.00807576
40694, 0.00807593
40695, 0.00807611
40696, 0.00807629
40697, 0.00807646
40698, 0.00807664
40699, 0.00807682
40700, 0.00807700
40701, 0.00807717
40702, 0.00807736
40703, 0.00807947
40704, 0.00807968
40705, 0.00807985
40706, 0.00808003
40707, 0.00808021
40708, 0.00808039
40709, 0.00808057
40710, 0.00808075
40711, 0.00808092
40712, 0.00808109
40713, 0.00808127
40714, 0.00808144
40715, 0.00808161
40716, 0.00808179
40717, 0.00808196
40718, 0.00808214
40719, 0.00808231
40720, 0.00808249
40721, 0.00808266
40722, 0.00808284
40723, 0.00808301
40724, 0.00808319
40725, 0.00808336
40726, 0.00808354
40727, 0.00808372
40728, 0.00808389
40729, 0.00808407
40730, 0.00808424
40731, 0.00808442
40732, 0.00808459
40733, 0.00808477
40734, 0.00808494
40735, 0.00808512
40736, 0.00808529
40737, 0.00808547
40738, 0.00808566
40739, 0.00808584
40740, 0.00808601
40741, 0.00808619
40742, 0.00808636
40743, 0.00808654
40744, 0.00808671
40745, 0.00808688
40746, 0.00808706
40747, 0.00808723
40748, 0.00808741
40749, 0.00808758
40750, 0.00808776
40751, 0.00808793
40752, 0.00808811
40753, 0.00808828
40754, 0.00808845
40755, 0.00808863
40756, 0.00808881
40757, 0.00808898
40758, 0.00808915
40759, 0.00808933
40760, 0.00808950
40761, 0.00808968
40762, 0.00808985
40763, 0.00809003
40764, 0.00809020
40765, 0.00809037
40766, 0.00809055
40767, 0.00809072
40768, 0.00809089
40769, 0.00809106
40770, 0.00809124
40771, 0.00809147
40772, 0.00809164
40773, 0.00809181
40774, 0.00809199
40775, 0.00809217
40776, 0.00809234
40777, 0.00809252
40778, 0.00809269
40779, 0.00809286
40780, 0.00809304
40781, 0.00809321
40782, 0.00809338
40783, 0.00809356
40784, 0.00809373
40785, 0.00809391
40786, 0.00809408
40787, 0.00809425
40788, 0.00809443
40789, 0.00809460
40790, 0.00809477
40791, 0.00809495
40792, 0.00809512
40793, 0.00809529
40794, 0.00809547
40795, 0.00809565
40796, 0.00809583
40797, 0.00809600
40798, 0.00809617
40799, 0.00809635
40800, 0.00809652
40801, 0.00809672
40802, 0.00809689
40803, 0.00809706
40804, 0.00809724
40805, 0.00809741
40806, 0.00809758
40807, 0.00809776
40808, 0.00809793
40809, 0.00809811
40810, 0.00809829
40811, 0.00809847
40812, 0.00809865
40813, 0.00809883
40814, 0.00809901
40815, 0.00809919
40816, 0.00809936
40817, 0.00809954
40818, 0.00809972
40819, 0.00809990
40820, 0.00810008
40821, 0.00810026
40822, 0.00810044
40823, 0.00810062
40824, 0.00810080
40825, 0.00810097
40826, 0.00810116
40827, 0.00810134
40828, 0.00810153
40829, 0.00810364
40830, 0.00810384
40831, 0.00810403
40832, 0.00810421
40833, 0.00810439
40834, 0.00810457
40835, 0.00810474
40836, 0.00810491
40837, 0.00810509
40838, 0.00810526
40839, 0.00810544
40840, 0.00810562
40841, 0.00810579
40842, 0.00810597
40843, 0.00810614
40844, 0.00810632
40845, 0.00810649
40846, 0.00810667
40847, 0.00810685
40848, 0.00810705
40849, 0.00810723
40850, 0.00810742
40851, 0.00810761
40852, 0.00810779
40853, 0.00810796
40854, 0.00810815
40855, 0.00810833
40856, 0.00810850
40857, 0.00810868
40858, 0.00810885
40859, 0.00810903
40860, 0.00810921
40861, 0.00810939
40862, 0.00810957
40863, 0.00810975
40864, 0.00810993
40865, 0.00811011
40866, 0.00811029
40867, 0.00811046
40868, 0.00811064
40869, 0.00811081
40870, 0.00811099
40871, 0.00811117
40872, 0.00811135
40873, 0.00811153
40874, 0.00811171
40875, 0.00811189
40876, 0.00811209
40877, 0.00811227
40878, 0.00811245
40879, 0.00811263
40880, 0.00811281
40881, 0.00811298
40882, 0.00811316
40883, 0.00811334
40884, 0.00811352
40885, 0.00811369
40886, 0.00811389
40887, 0.00811407
40888, 0.00811425
40889, 0.00811443
40890, 0.00811461
40891, 0.00811478
40892, 0.00811497
40893, 0.00811514
40894, 0.00811532
40895, 0.00811550
40896, 0.00811567
40897, 0.00811585
40898, 0.00811603
40899, 0.00811620
40900, 0.00811638
40901, 0.00811655
40902, 0.00811673
40903, 0.00811691
40904, 0.00811709
40905, 0.00811726
40906, 0.00811744
40907, 0.00811762
40908, 0.00811780
40909, 0.00811798
40910, 0.00811819
40911, 0.00811836
40912, 0.00811854
40913, 0.00811872
40914, 0.00811890
40915, 0.00811907
40916, 0.00811925
40917, 0.00811943
40918, 0.00811960
40919, 0.00811978
40920, 0.00811995
40921, 0.00812013
40922, 0.00812031
40923, 0.00812049
40924, 0.00812067
40925, 0.00812084
40926, 0.00812105
40927, 0.00812123
40928, 0.00812140
40929, 0.00812158
40930, 0.00812176
40931, 0.00812194
40932, 0.00812211
40933, 0.00812229
40934, 0.00812247
40935, 0.00812265
40936, 0.00812283
40937, 0.00812301
40938, 0.00812318
40939, 0.00812336
40940, 0.00812356
40941, 0.00812374
40942, 0.00812392
40943, 0.00812410
40944, 0.00812427
40945, 0.00812445
40946, 0.00812464
40947, 0.00812482
40948, 0.00812499
40949, 0.00812518
40950, 0.00812535
40951, 0.00812553
40952, 0.00812571
40953, 0.00812588
40954, 0.00812607
40955, 0.00812817
40956, 0.00812836
40957, 0.00812854
40958, 0.00812872
40959, 0.00812897
40960, 0.00812915
40961, 0.00812932
40962, 0.00812950
40963, 0.00812968
40964, 0.00812985
40965, 0.00813003
40966, 0.00813020
40967, 0.00813045
40968, 0.00813062
40969, 0.00813080
40970, 0.00813097
40971, 0.00813114
40972, 0.00813132
40973, 0.00813149
40974, 0.00813167
40975, 0.00813191
40976, 0.00813209
40977, 0.00813227
40978, 0.00813244
40979, 0.00813261
40980, 0.00813279
40981, 0.00813296
40982, 0.00813314
40983, 0.00813338
40984, 0.00813355
40985, 0.00813373
40986, 0.00813390
40987, 0.00813407
40988, 0.00813425
40989, 0.00813444
40990, 0.00813461
40991, 0.00813486
40992, 0.00813504
40993, 0.00813521
40994, 0.00813539
40995, 0.00813556
40996, 0.00813573
40997, 0.00813591
40998, 0.00813608
40999, 0.00813632
41000, 0.00813650
41001, 0.00813667
41002, 0.00813685
41003, 0.00813702
41004, 0.00813719
41005, 0.00813737
41006, 0.00813754
41007, 0.00813779
41008, 0.00813796
41009, 0.00813813
41010, 0.00813831
41011, 0.00813848
41012, 0.00813865
41013, 0.00813883
41014, 0.00813900
41015, 0.00813925
41016, 0.00813942
41017, 0.00813960
41018, 0.00813977
41019, 0.00813994
41020, 0.00814011
41021, 0.00814029
41022, 0.00814046
41023, 0.00814071
41024, 0.00814089
41025, 0.00814106
41026, 0.00814123
41027, 0.00814140
41028, 0.00814157
41029, 0.00814175
41030, 0.00814192
41031, 0.00814216
41032, 0.00814233
41033, 0.00814250
41034, 0.00814268
41035, 0.00814285
41036, 0.00814302
41037, 0.00814319
41038, 0.00814337
41039, 0.00814354
41040, 0.00814372
41041, 0.00814389
41042, 0.00814406
41043, 0.00814424
41044, 0.00814441
41045, 0.00814458
41046, 0.00814476
41047, 0.00814494
41048, 0.00814512
41049, 0.00814529
41050, 0.00814546
41051, 0.00814564
41052, 0.00814581
41053, 0.00814598
41054, 0.00814616
41055, 0.00814633
41056, 0.00814650
41057, 0.00814668
41058, 0.00814685
41059, 0.00814702
41060, 0.00814720
41061, 0.00814737
41062, 0.00814754
41063, 0.00814771
41064, 0.00814789
41065, 0.00814806
41066, 0.00814823
41067, 0.00814841
41068, 0.00814858
41069, 0.00814875
41070, 0.00814892
41071, 0.00814910
41072, 0.00814927
41073, 0.00814944
41074, 0.00814962
41075, 0.00814979
41076, 0.00814996
41077, 0.00815013
41078, 0.00815030
41079, 0.00815048
41080, 0.00815066
41081, 0.00815278
41082, 0.00815297
41083, 0.00815315
41084, 0.00815332
41085, 0.00815350
41086, 0.00815367
41087, 0.00815385
41088, 0.00815402
41089, 0.00815420
41090, 0.00815438
41091, 0.00815456
41092, 0.00815474
41093, 0.00815492
41094, 0.00815510
41095, 0.00815527
41096, 0.00815544
41097, 0.00815561
41098, 0.00815579
41099, 0.00815596
41100, 0.00815614
41101, 0.00815631
41102, 0.00815648
41103, 0.00815666
41104, 0.00815684
41105, 0.00815701
41106, 0.00815718
41107, 0.00815736
41108, 0.00815753
41109, 0.00815771
41110, 0.00815788
41111, 0.00815805
41112, 0.00815822
41113, 0.00815840
41114, 0.00815857
41115, 0.00815874
41116, 0.00815892
41117, 0.00815909
41118, 0.00815926
41119, 0.00815944
41120, 0.00815961
41121, 0.00815978
41122, 0.00815996
41123, 0.00816015
41124, 0.00816033
41125, 0.00816050
41126, 0.00816067
41127, 0.00816085
41128, 0.00816102
41129, 0.00816119
41130, 0.00816137
41131, 0.00816154
41132, 0.00816172
41133, 0.00816189
41134, 0.00816206
41135, 0.00816224
41136, 0.00816241
41137, 0.00816259
41138, 0.00816276
41139, 0.00816294
41140, 0.00816311
41141, 0.00816328
41142, 0.00816345
41143, 0.00816363
41144, 0.00816380
41145, 0.00816397
41146, 0.00816414
41147, 0.00816432
41148, 0.00816450
41149, 0.00816467
41150, 0.00816484
41151, 0.00816502
41152, 0.00816519
41153, 0.00816537
41154, 0.00816554
41155, 0.00816573
41156, 0.00816591
41157, 0.00816608
41158, 0.00816625
41159, 0.00816642
41160, 0.00816660
41161, 0.00816677
41162, 0.00816694
41163, 0.00816712
41164, 0.00816729
41165, 0.00816746
41166, 0.00816763
41167, 0.00816781
41168, 0.00816798
41169, 0.00816815
41170, 0.00816833
41171, 0.00816850
41172, 0.00816867
41173, 0.00816884
41174, 0.00816901
41175, 0.00816919
41176, 0.00816936
41177, 0.00816954
41178, 0.00816972
41179, 0.00816989
41180, 0.00817006
41181, 0.00817024
41182, 0.00817041
41183, 0.00817058
41184, 0.00817075
41185, 0.00817093
41186, 0.00817110
41187, 0.00817127
41188, 0.00817145
41189, 0.00817162
41190, 0.00817179
41191, 0.00817196
41192, 0.00817214
41193, 0.00817232
41194, 0.00817249
41195, 0.00817266
41196, 0.00817283
41197, 0.00817301
41198, 0.00817318
41199, 0.00817335
41200, 0.00817353
41201, 0.00817370
41202, 0.00817387
41203, 0.00817405
41204, 0.00817422
41205, 0.00817439
41206, 0.00817458
41207, 0.00817672
41208, 0.00817691
41209, 0.00817709
41210, 0.00817726
41211, 0.00817744
41212, 0.00817761
41213, 0.00817779
41214, 0.00817796
41215, 0.00817814
41216, 0.00817831
41217, 0.00817848
41218, 0.00817866
41219, 0.00817884
41220, 0.00817902
41221, 0.00817919
41222, 0.00817936
41223, 0.00817954
41224, 0.00817973
41225, 0.00817990
41226, 0.00818008
41227, 0.00818025
41228, 0.00818043
41229, 0.00818061
41230, 0.00818078
41231, 0.00818095
41232, 0.00818113
41233, 0.00818130
41234, 0.00818148
41235, 0.00818165
41236, 0.00818183
41237, 0.00818201
41238, 0.00818219
41239, 0.00818236
41240, 0.00818254
41241, 0.00818271
41242, 0.00818289
41243, 0.00818306
41244, 0.00818324
41245, 0.00818341
41246, 0.00818359
41247, 0.00818376
41248, 0.00818394
41249, 0.00818411
41250, 0.00818428
41251, 0.00818446
41252, 0.00818463
41253, 0.00818480
41254, 0.00818498
41255, 0.00818516
41256, 0.00818533
41257, 0.00818550
41258, 0.00818568
41259, 0.00818585
41260, 0.00818603
41261, 0.00818620
41262, 0.00818638
41263, 0.00818655
41264, 0.00818673
41265, 0.00818690
41266, 0.00818708
41267, 0.00818725
41268, 0.00818742
41269, 0.00818760
41270, 0.00818778
41271, 0.00818795
41272, 0.00818813
41273, 0.00818830
41274, 0.00818848
41275, 0.00818865
41276, 0.00818883
41277, 0.00818900
41278, 0.00818918
41279, 0.00818936
41280, 0.00818954
41281, 0.00818972
41282, 0.00818989
41283, 0.00819007
41284, 0.00819024
41285, 0.00819042
41286, 0.00819061
41287, 0.00819078
41288, 0.00819095
41289, 0.00819113
41290, 0.00819131
41291, 0.00819148
41292, 0.00819166
41293, 0.00819183
41294, 0.00819200
41295, 0.00819217
41296, 0.00819235
41297, 0.00819252
41298, 0.00819270
41299, 0.00819287
41300, 0.00819305
41301, 0.00819322
41302, 0.00819339
41303, 0.00819356
41304, 0.00819375
41305, 0.00819393
41306, 0.00819410
41307, 0.00819427
41308, 0.00819444
41309, 0.00819462
41310, 0.00819482
41311, 0.00819499
41312, 0.00819517
41313, 0.00819534
41314, 0.00819551
41315, 0.00819569
41316, 0.00819586
41317, 0.00819603
41318, 0.00819621
41319, 0.00819638
41320, 0.00819656
41321, 0.00819674
41322, 0.00819691
41323, 0.00819708
41324, 0.00819726
41325, 0.00819743
41326, 0.00819761
41327, 0.00819778
41328, 0.00819795
41329, 0.00819813
41330, 0.00819830
41331, 0.00819847
41332, 0.00819866
41333, 0.00820081
41334, 0.00820101
41335, 0.00820118
41336, 0.00820136
41337, 0.00820153
41338, 0.00820171
41339, 0.00820189
41340, 0.00820206
41341, 0.00820224
41342, 0.00820241
41343, 0.00820259
41344, 0.00820276
41345, 0.00820293
41346, 0.00820311
41347, 0.00820329
41348, 0.00820346
41349, 0.00820364
41350, 0.00820381
41351, 0.00820398
41352, 0.00820416
41353, 0.00820433
41354, 0.00820451
41355, 0.00820468
41356, 0.00820485
41357, 0.00820503
41358, 0.00820520
41359, 0.00820538
41360, 0.00820555
41361, 0.00820573
41362, 0.00820590
41363, 0.00820608
41364, 0.00820625
41365, 0.00820642
41366, 0.00820660
41367, 0.00820677
41368, 0.00820695
41369, 0.00820712
41370, 0.00820729
41371, 0.00820747
41372, 0.00820765
41373, 0.00820782
41374, 0.00820799
41375, 0.00820819
41376, 0.00820836
41377, 0.00820854
41378, 0.00820871
41379, 0.00820889
41380, 0.00820907
41381, 0.00820924
41382, 0.00820942
41383, 0.00820959
41384, 0.00820976
41385, 0.00820994
41386, 0.00821011
41387, 0.00821028
41388, 0.00821046
41389, 0.00821063
41390, 0.00821081
41391, 0.00821098
41392, 0.00821116
41393, 0.00821133
41394, 0.00821151
41395, 0.00821168
41396, 0.00821186
41397, 0.00821204
41398, 0.00821221
41399, 0.00821239
41400, 0.00821256
41401, 0.00821274
41402, 0.00821292
41403, 0.00821309
41404, 0.00821327
41405, 0.00821344
41406, 0.00821361
41407, 0.00821379
41408, 0.00821396
41409, 0.00821413
41410, 0.00821431
41411, 0.00821448
41412, 0.00821468
41413, 0.00821485
41414, 0.00821503
41415, 0.00821520
41416, 0.00821538
41417, 0.00821555
41418, 0.00821573
41419, 0.00821591
41420, 0.00821609
41421, 0.00821627
41422, 0.00821647
41423, 0.00821665
41424, 0.00821683
41425, 0.00821701
41426, 0.00821719
41427, 0.00821737
41428, 0.00821754
41429, 0.00821771
41430, 0.00821789
41431, 0.00821806
41432, 0.00821823
41433, 0.00821840
41434, 0.00821858
41435, 0.00821875
41436, 0.00821892
41437, 0.00821910
41438, 0.00821927
41439, 0.00821944
41440, 0.00821962
41441, 0.00821979
41442, 0.00822633
41443, 0.00822663
41444, 0.00822693
41445, 0.00822717
41446, 0.00822740
41447, 0.00822768
41448, 0.00822797
41449, 0.00822826
41450, 0.00822857
41451, 0.00822886
41452, 0.00822911
41453, 0.00822941
41454, 0.00822969
41455, 0.00822997
41456, 0.00823025
41457, 0.00823061
41458, 0.00823087
41459, 0.00823387
41460, 0.00823418
41461, 0.00823449
41462, 0.00823478
41463, 0.00823512
41464, 0.00823537
41465, 0.00823569
41466, 0.00823597
41467, 0.00823624
41468, 0.00823657
41469, 0.00823685
41470, 0.00823717
41471, 0.00823752
41472, 0.00823781
41473, 0.00823808
41474, 0.00823840
41475, 0.00823870
41476, 0.00823902
41477, 0.00823930
41478, 0.00823962
41479, 0.00823998
41480, 0.00824025
41481, 0.00824057
41482, 0.00824084
41483, 0.00824112
41484, 0.00824144
41485, 0.00824173
41486, 0.00824199
41487, 0.00824231
41488, 0.00824261
41489, 0.00824290
41490, 0.00824319
41491, 0.00824349
41492, 0.00824377
41493, 0.00824408
41494, 0.00824439
41495, 0.00824477
41496, 0.00824502
41497, 0.00824530
41498, 0.00824561
41499, 0.00824591
41500, 0.00824623
41501, 0.00824652
41502, 0.00824679
41503, 0.00824731
41504, 0.00824766
41505, 0.00824795
41506, 0.00824823
41507, 0.00824850
41508, 0.00824887
41509, 0.00824916
41510, 0.00824941
41511, 0.00824982
41512, 0.00825015
41513, 0.00825040
41514, 0.00825071
41515, 0.00825097
41516, 0.00825123
41517, 0.00825150
41518, 0.00825181
41519, 0.00825221
41520, 0.00825265
41521, 0.00825293
41522, 0.00825320
41523, 0.00825348
41524, 0.00825375
41525, 0.00825406
41526, 0.00825429
41527, 0.00825502
41528, 0.00825533
41529, 0.00825558
41530, 0.00825587
41531, 0.00825615
41532, 0.00825648
41533, 0.00825672
41534, 0.00825702
41535, 0.00825739
41536, 0.00825770
41537, 0.00825802
41538, 0.00825834
41539, 0.00825861
41540, 0.00825897
41541, 0.00825931
41542, 0.00825960
41543, 0.00826003
41544, 0.00826036
41545, 0.00826061
41546, 0.00826089
41547, 0.00826119
41548, 0.00826148
41549, 0.00826178
41550, 0.00826208
41551, 0.00826249
41552, 0.00826282
41553, 0.00826314
41554, 0.00826346
41555, 0.00826373
41556, 0.00826398
41557, 0.00826427
41558, 0.00826459
41559, 0.00826500
41560, 0.00826533
41561, 0.00826563
41562, 0.00826589
41563, 0.00826618
41564, 0.00826640
41565, 0.00826666
41566, 0.00826697
41567, 0.00826732
41568, 0.00826755
41569, 0.00826781
41570, 0.00826813
41571, 0.00826840
41572, 0.00826867
41573, 0.00826904
41574, 0.00826933
41575, 0.00826971
41576, 0.00827003
41577, 0.00827034
41578, 0.00827064
41579, 0.00827093
41580, 0.00827121
41581, 0.00827148
41582, 0.00827177
41583, 0.00827218
41584, 0.00827256
41585, 0.00827812
41586, 0.00827834
41587, 0.00827852
41588, 0.00827871
41589, 0.00827890
41590, 0.00827909
41591, 0.00827963
41592, 0.00827981
41593, 0.00827999
41594, 0.00828017
41595, 0.00828035
41596, 0.00828053
41597, 0.00828071
41598, 0.00828090
41599, 0.00828113
41600, 0.00828131
41601, 0.00828148
41602, 0.00828172
41603, 0.00828189
41604, 0.00828206
41605, 0.00828223
41606, 0.00828241
41607, 0.00828265
41608, 0.00828282
41609, 0.00828300
41610, 0.00828317
41611, 0.00828334
41612, 0.00828351
41613, 0.00828369
41614, 0.00828386
41615, 0.00828410
41616, 0.00828428
41617, 0.00828445
41618, 0.00828463
41619, 0.00828480
41620, 0.00828497
41621, 0.00828515
41622, 0.00828532
41623, 0.00828556
41624, 0.00828574
41625, 0.00828591
41626, 0.00828608
41627, 0.00828626
41628, 0.00828643
41629, 0.00828661
41630, 0.00828678
41631, 0.00828703
41632, 0.00828720
41633, 0.00828738
41634, 0.00828755
41635, 0.00828773
41636, 0.00828790
41637, 0.00828808
41638, 0.00828825
41639, 0.00828850
41640, 0.00828867
41641, 0.00828884
41642, 0.00828901
41643, 0.00828919
41644, 0.00828936
41645, 0.00828954
41646, 0.00828971
41647, 0.00828996
41648, 0.00829013
41649, 0.00829031
41650, 0.00829048
41651, 0.00829066
41652, 0.00829083
41653, 0.00829101
41654, 0.00829118
41655, 0.00829143
41656, 0.00829161
41657, 0.00829180
41658, 0.00829200
41659, 0.00829218
41660, 0.00829235
41661, 0.00829252
41662, 0.00829270
41663, 0.00829294
41664, 0.00829312
41665, 0.00829329
41666, 0.00829346
41667, 0.00829364
41668, 0.00829381
41669, 0.00829399
41670, 0.00829416
41671, 0.00829434
41672, 0.00829451
41673, 0.00829469
41674, 0.00829486
41675, 0.00829506
41676, 0.00829523
41677, 0.00829541
41678, 0.00829558
41679, 0.00829575
41680, 0.00829593
41681, 0.00829610
41682, 0.00829632
41683, 0.00829649
41684, 0.00829667
41685, 0.00829684
41686, 0.00829702
41687, 0.00829720
41688, 0.00829737
41689, 0.00829755
41690, 0.00829772
41691, 0.00829790
41692, 0.00829807
41693, 0.00829824
41694, 0.00829842
41695, 0.00829862
41696, 0.00829880
41697, 0.00829898
41698, 0.00829915
41699, 0.00829933
41700, 0.00829950
41701, 0.00829968
41702, 0.00829985
41703, 0.00830002
41704, 0.00830019
41705, 0.00830037
41706, 0.00830054
41707, 0.00830072
41708, 0.00830089
41709, 0.00830107
41710, 0.00830125
41711, 0.00830345
41712, 0.00830365
41713, 0.00830383
41714, 0.00830400
41715, 0.00830418
41716, 0.00830436
41717, 0.00830454
41718, 0.00830472
41719, 0.00830490
41720, 0.00830508
41721, 0.00830526
41722, 0.00830544
41723, 0.00830562
41724, 0.00830580
41725, 0.00830598
41726, 0.00830616
41727, 0.00830634
41728, 0.00830651
41729, 0.00830669
41730, 0.00830686
41731, 0.00830704
41732, 0.00830721
41733, 0.00830739
41734, 0.00830756
41735, 0.00830774
41736, 0.00830791
41737, 0.00830809
41738, 0.00830826
41739, 0.00830843
41740, 0.00830861
41741, 0.00830878
41742, 0.00830895
41743, 0.00830912
41744, 0.00830929
41745, 0.00830946
41746, 0.00830964
41747, 0.00830981
41748, 0.00830998
41749, 0.00831016
41750, 0.00831033
41751, 0.00831050
41752, 0.00831068
41753, 0.00831085
41754, 0.00831102
41755, 0.00831120
41756, 0.00831137
41757, 0.00831154
41758, 0.00831171
41759, 0.00831189
41760, 0.00831206
41761, 0.00831223
41762, 0.00831241
41763, 0.00831258
41764, 0.00831275
41765, 0.00831293
41766, 0.00831310
41767, 0.00831328
41768, 0.00831345
41769, 0.00831363
41770, 0.00831380
41771, 0.00831397
41772, 0.00831414
41773, 0.00831432
41774, 0.00831449
41775, 0.00831467
41776, 0.00831484
41777, 0.00831501
41778, 0.00831519
41779, 0.00831536
41780, 0.00831553
41781, 0.00831571
41782, 0.00831588
41783, 0.00831605
41784, 0.00831623
41785, 0.00831640
41786, 0.00831657
41787, 0.00831675
41788, 0.00831692
41789, 0.00831709
41790, 0.00831727
41791, 0.00831744
41792, 0.00831762
41793, 0.00831779
41794, 0.00831796
41795, 0.00831813
41796, 0.00831830
41797, 0.00831848
41798, 0.00831867
41799, 0.00831884
41800, 0.00831901
41801, 0.00831919
41802, 0.00831936
41803, 0.00831954
41804, 0.00831971
41805, 0.00831989
41806, 0.00832006
41807, 0.00832024
41808, 0.00832041
41809, 0.00832059
41810, 0.00832076
41811, 0.00832094
41812, 0.00832111
41813, 0.00832129
41814, 0.00832146
41815, 0.00832164
41816, 0.00832181
41817, 0.00832198
41818, 0.00832215
41819, 0.00832233
41820, 0.00832250
41821, 0.00832267
41822, 0.00832285
41823, 0.00832303
41824, 0.00832320
41825, 0.00832337
41826, 0.00832355
41827, 0.00832372
41828, 0.00832390
41829, 0.00832407
41830, 0.00832425
41831, 0.00832442
41832, 0.00832459
41833, 0.00832477
41834, 0.00832494
41835, 0.00832512
41836, 0.00832530
41837, 0.00832744
41838, 0.00832764
41839, 0.00832782
41840, 0.00832800
41841, 0.00832817
41842, 0.00832835
41843, 0.00832852
41844, 0.00832869
41845, 0.00832887
41846, 0.00832904
41847, 0.00832921
41848, 0.00832938
41849, 0.00832956
41850, 0.00832973
41851, 0.00832991
41852, 0.00833008
41853, 0.00833025
41854, 0.00833043
41855, 0.00833060
41856, 0.00833077
41857, 0.00833095
41858, 0.00833112
41859, 0.00833129
41860, 0.00833148
41861, 0.00833166
41862, 0.00833183
41863, 0.00833200
41864, 0.00833218
41865, 0.00833235
41866, 0.00833252
41867, 0.00833269
41868, 0.00833287
41869, 0.00833304
41870, 0.00833321
41871, 0.00833338
41872, 0.00833356
41873, 0.00833373
41874, 0.00833390
41875, 0.00833407
41876, 0.00833424
41877, 0.00833441
41878, 0.00833458
41879, 0.00833476
41880, 0.00833492
41881, 0.00833510
41882, 0.00833527
41883, 0.00833544
41884, 0.00833562
41885, 0.00833579
41886, 0.00833596
41887, 0.00833613
41888, 0.00833631
41889, 0.00833648
41890, 0.00833665
41891, 0.00833683
41892, 0.00833700
41893, 0.00833717
41894, 0.00833734
41895, 0.00833752
41896, 0.00833769
41897, 0.00833786
41898, 0.00833803
41899, 0.00833820
41900, 0.00833838
41901, 0.00833855
41902, 0.00833872
41903, 0.00833889
41904, 0.00833906
41905, 0.00833924
41906, 0.00833941
41907, 0.00833958
41908, 0.00833976
41909, 0.00833993
41910, 0.00834010
41911, 0.00834027
41912, 0.00834045
41913, 0.00834062
41914, 0.00834079
41915, 0.00834096
41916, 0.00834114
41917, 0.00834131
41918, 0.00834148
41919, 0.00834165
41920, 0.00834183
41921, 0.00834200
41922, 0.00834217
41923, 0.00834234
41924, 0.00834252
41925, 0.00834269
41926, 0.00834286
41927, 0.00834303
41928, 0.00834320
41929, 0.00834337
41930, 0.00834354
41931, 0.00834371
41932, 0.00834388
41933, 0.00834406
41934, 0.00834423
41935, 0.00834440
41936, 0.00834458
41937, 0.00834475
41938, 0.00834492
41939, 0.00834509
41940, 0.00834527
41941, 0.00834544
41942, 0.00834562
41943, 0.00834579
41944, 0.00834596
41945, 0.00834613
41946, 0.00834630
41947, 0.00834647
41948, 0.00834665
41949, 0.00834682
41950, 0.00834699
41951, 0.00834716
41952, 0.00834733
41953, 0.00834750
41954, 0.00834767
41955, 0.00834784
41956, 0.00834801
41957, 0.00834818
41958, 0.00834836
41959, 0.00834853
41960, 0.00834870
41961, 0.00834888
41962, 0.00834906
41963, 0.00835124
41964, 0.00835144
41965, 0.00835163
41966, 0.00835180
41967, 0.00835197
41968, 0.00835215
41969, 0.00835232
41970, 0.00835249
41971, 0.00835266
41972, 0.00835283
41973, 0.00835300
41974, 0.00835317
41975, 0.00835335
41976, 0.00835352
41977, 0.00835369
41978, 0.00835387
41979, 0.00835404
41980, 0.00835421
41981, 0.00835439
41982, 0.00835456
41983, 0.00835482
41984, 0.00835500
41985, 0.00835518
41986, 0.00835536
41987, 0.00835553
41988, 0.00835570
41989, 0.00835587
41990, 0.00835604
41991, 0.00835628
41992, 0.00835646
41993, 0.00835665
41994, 0.00835683
41995, 0.00835701
41996, 0.00835718
41997, 0.00835735
41998, 0.00835753
41999, 0.00835778
42000, 0.00835795
42001, 0.00835812
42002, 0.00835829
42003, 0.00835847
42004, 0.00835864
42005, 0.00835881
42006, 0.00835899
42007, 0.00835923
42008, 0.00835940
42009, 0.00835958
42010, 0.00835976
42011, 0.00835993
42012, 0.00836010
42013, 0.00836028
42014, 0.00836045
42015, 0.00836072
42016, 0.00836089
42017, 0.00836107
42018, 0.00836124
42019, 0.00836142
42020, 0.00836159
42021, 0.00836177
42022, 0.00836195
42023, 0.00836220
42024, 0.00836238
42025, 0.00836255
42026, 0.00836273
42027, 0.00836290
42028, 0.00836307
42029, 0.00836325
42030, 0.00836342
42031, 0.00836370
42032, 0.00836387
42033, 0.00836405
42034, 0.00836422
42035, 0.00836439
42036, 0.00836456
42037, 0.00836473
42038, 0.00836491
42039, 0.00836516
42040, 0.00836533
42041, 0.00836550
42042, 0.00836567
42043, 0.00836585
42044, 0.00836602
42045, 0.00836619
42046, 0.00836636
42047, 0.00836660
42048, 0.00836677
42049, 0.00836695
42050, 0.00836712
42051, 0.00836729
42052, 0.00836746
42053, 0.00836764
42054, 0.00836781
42055, 0.00836807
42056, 0.00836824
42057, 0.00836842
42058, 0.00836859
42059, 0.00836876
42060, 0.00836896
42061, 0.00836913
42062, 0.00836931
42063, 0.00836949
42064, 0.00836966
42065, 0.00836983
42066, 0.00837000
42067, 0.00837018
42068, 0.00837035
42069, 0.00837053
42070, 0.00837070
42071, 0.00837087
42072, 0.00837105
42073, 0.00837122
42074, 0.00837139
42075, 0.00837157
42076, 0.00837174
42077, 0.00837191
42078, 0.00837208
42079, 0.00837226
42080, 0.00837243
42081, 0.00837260
42082, 0.00837278
42083, 0.00837295
42084, 0.00837312
42085, 0.00837330
42086, 0.00837347
42087, 0.00837364
42088, 0.00837383
42089, 0.00837595
42090, 0.00837615
42091, 0.00837632
42092, 0.00837650
42093, 0.00837668
42094, 0.00837687
42095, 0.00837704
42096, 0.00837722
42097, 0.00837740
42098, 0.00837757
42099, 0.00837774
42100, 0.00837792
42101, 0.00837809
42102, 0.00837826
42103, 0.00837844
42104, 0.00837862
42105, 0.00837880
42106, 0.00837898
42107, 0.00837915
42108, 0.00837933
42109, 0.00837950
42110, 0.00837968
42111, 0.00837986
42112, 0.00838003
42113, 0.00838020
42114, 0.00838037
42115, 0.00838055
42116, 0.00838073
42117, 0.00838090
42118, 0.00838107
42119, 0.00838125
42120, 0.00838143
42121, 0.00838160
42122, 0.00838177
42123, 0.00838195
42124, 0.00838212
42125, 0.00838230
42126, 0.00838247
42127, 0.00838265
42128, 0.00838282
42129, 0.00838300
42130, 0.00838317
42131, 0.00838335
42132, 0.00838352
42133, 0.00838369
42134, 0.00838386
42135, 0.00838404
42136, 0.00838422
42137, 0.00838439
42138, 0.00838456
42139, 0.00838474
42140, 0.00838491
42141, 0.00838508
42142, 0.00838525
42143, 0.00838543
42144, 0.00838560
42145, 0.00838578
42146, 0.00838595
42147, 0.00838613
42148, 0.00838630
42149, 0.00838647
42150, 0.00838665
42151, 0.00838682
42152, 0.00838700
42153, 0.00838717
42154, 0.00838734
42155, 0.00838752
42156, 0.00838769
42157, 0.00838786
42158, 0.00838803
42159, 0.00838821
42160, 0.00838838
42161, 0.00838856
42162, 0.00838873
42163, 0.00838890
42164, 0.00838908
42165, 0.00838925
42166, 0.00838943
42167, 0.00838960
42168, 0.00838977
42169, 0.00838994
42170, 0.00839012
42171, 0.00839029
42172, 0.00839046
42173, 0.00839064
42174, 0.00839081
42175, 0.00839098
42176, 0.00839115
42177, 0.00839133
42178, 0.00839150
42179, 0.00839168
42180, 0.00839187
42181, 0.00839204
42182, 0.00839221
42183, 0.00839238
42184, 0.00839256
42185, 0.00839273
42186, 0.00839291
42187, 0.00839308
42188, 0.00839326
42189, 0.00839343
42190, 0.00839361
42191, 0.00839378
42192, 0.00839395
42193, 0.00839413
42194, 0.00839430
42195, 0.00839447
42196, 0.00839465
42197, 0.00839482
42198, 0.00839500
42199, 0.00839517
42200, 0.00839535
42201, 0.00839552
42202, 0.00839570
42203, 0.00839587
42204, 0.00839605
42205, 0.00839622
42206, 0.00839640
42207, 0.00839657
42208, 0.00839674
42209, 0.00839692
42210, 0.00839709
42211, 0.00839727
42212, 0.00839744
42213, 0.00839761
42214, 0.00839780
42215, 0.00840001
42216, 0.00840021
42217, 0.00840039
42218, 0.00840056
42219, 0.00840074
42220, 0.00840091
42221, 0.00840109
42222, 0.00840126
42223, 0.00840144
42224, 0.00840161
42225, 0.00840179
42226, 0.00840196
42227, 0.00840213
42228, 0.00840231
42229, 0.00840248
42230, 0.00840266
42231, 0.00840283
42232, 0.00840301
42233, 0.00840320
42234, 0.00840337
42235, 0.00840354
42236, 0.00840371
42237, 0.00840389
42238, 0.00840406
42239, 0.00840424
42240, 0.00840441
42241, 0.00840458
42242, 0.00840475
42243, 0.00840493
42244, 0.00840510
42245, 0.00840528
42246, 0.00840545
42247, 0.00840562
42248, 0.00840580
42249, 0.00840597
42250, 0.00840615
42251, 0.00840632
42252, 0.00840650
42253, 0.00840667
42254, 0.00840685
42255, 0.00840702
42256, 0.00840719
42257, 0.00840737
42258, 0.00840754
42259, 0.00840772
42260, 0.00840789
42261, 0.00840807
42262, 0.00840824
42263, 0.00840844
42264, 0.00840861
42265, 0.00840878
42266, 0.00840896
42267, 0.00840913
42268, 0.00840931
42269, 0.00840948
42270, 0.00840966
42271, 0.00840983
42272, 0.00841000
42273, 0.00841018
42274, 0.00841035
42275, 0.00841053
42276, 0.00841070
42277, 0.00841087
42278, 0.00841105
42279, 0.00841122
42280, 0.00841139
42281, 0.00841157
42282, 0.00841174
42283, 0.00841192
42284, 0.00841210
42285, 0.00841227
42286, 0.00841245
42287, 0.00841262
42288, 0.00841280
42289, 0.00841297
42290, 0.00841314
42291, 0.00841332
42292, 0.00841349
42293, 0.00841366
42294, 0.00841384
42295, 0.00841401
42296, 0.00841419
42297, 0.00841436
42298, 0.00841454
42299, 0.00841471
42300, 0.00841488
42301, 0.00841506
42302, 0.00841523
42303, 0.00841540
42304, 0.00841557
42305, 0.00841575
42306, 0.00841592
42307, 0.00841610
42308, 0.00841628
42309, 0.00841645
42310, 0.00841662
42311, 0.00841680
42312, 0.00841698
42313, 0.00841715
42314, 0.00841732
42315, 0.00841749
42316, 0.00841767
42317, 0.00841784
42318, 0.00841802
42319, 0.00841819
42320, 0.00841838
42321, 0.00841856
42322, 0.00841873
42323, 0.00841890
42324, 0.00841907
42325, 0.00841925
42326, 0.00841942
42327, 0.00841959
42328, 0.00841977
42329, 0.00841994
42330, 0.00842012
42331, 0.00842029
42332, 0.00842046
42333, 0.00842064
42334, 0.00842081
42335, 0.00842098
42336, 0.00842116
42337, 0.00842133
42338, 0.00842150
42339, 0.00842167
42340, 0.00842186
42341, 0.00842401
42342, 0.00842422
42343, 0.00842440
42344, 0.00842457
42345, 0.00842475
42346, 0.00842492
42347, 0.00842510
42348, 0.00842528
42349, 0.00842545
42350, 0.00842563
42351, 0.00842584
42352, 0.00842601
42353, 0.00842618
42354, 0.00842636
42355, 0.00842654
42356, 0.00842671
42357, 0.00842688
42358, 0.00842706
42359, 0.00842724
42360, 0.00842741
42361, 0.00842758
42362, 0.00842776
42363, 0.00842793
42364, 0.00842810
42365, 0.00842828
42366, 0.00842846
42367, 0.00842863
42368, 0.00842880
42369, 0.00842898
42370, 0.00842916
42371, 0.00842933
42372, 0.00842951
42373, 0.00842968
42374, 0.00842986
42375, 0.00843004
42376, 0.00843021
42377, 0.00843038
42378, 0.00843056
42379, 0.00843073
42380, 0.00843091
42381, 0.00843108
42382, 0.00843126
42383, 0.00843143
42384, 0.00843161
42385, 0.00843178
42386, 0.00843196
42387, 0.00843213
42388, 0.00843231
42389, 0.00843248
42390, 0.00843266
42391, 0.00843283
42392, 0.00843300
42393, 0.00843318
42394, 0.00843335
42395, 0.00843353
42396, 0.00843370
42397, 0.00843388
42398, 0.00843405
42399, 0.00843423
42400, 0.00843440
42401, 0.00843458
42402, 0.00843475
42403, 0.00843493
42404, 0.00843510
42405, 0.00843528
42406, 0.00843545
42407, 0.00843563
42408, 0.00843580
42409, 0.00843598
42410, 0.00843615
42411, 0.00843633
42412, 0.00843650
42413, 0.00843668
42414, 0.00843685
42415, 0.00843703
42416, 0.00843720
42417, 0.00843738
42418, 0.00843755
42419, 0.00843773
42420, 0.00843790
42421, 0.00843808
42422, 0.00843825
42423, 0.00843843
42424, 0.00843860
42425, 0.00843878
42426, 0.00843895
42427, 0.00843913
42428, 0.00843930
42429, 0.00843948
42430, 0.00843965
42431, 0.00843983
42432, 0.00844000
42433, 0.00844018
42434, 0.00844035
42435, 0.00844052
42436, 0.00844070
42437, 0.00844087
42438, 0.00844105
42439, 0.00844122
42440, 0.00844140
42441, 0.00844157
42442, 0.00844175
42443, 0.00844192
42444, 0.00844210
42445, 0.00844227
42446, 0.00844244
42447, 0.00844262
42448, 0.00844279
42449, 0.00844297
42450, 0.00844314
42451, 0.00844331
42452, 0.00844349
42453, 0.00844366
42454, 0.00844384
42455, 0.00844401
42456, 0.00844419
42457, 0.00844436
42458, 0.00844454
42459, 0.00844471
42460, 0.00844488
42461, 0.00844506
42462, 0.00844523
42463, 0.00844541
42464, 0.00844559
42465, 0.00844576
42466, 0.00844597
42467, 0.00844822
42468, 0.00844841
42469, 0.00844858
42470, 0.00844876
42471, 0.00844893
42472, 0.00844910
42473, 0.00844928
42474, 0.00844945
42475, 0.00844962
42476, 0.00844980
42477, 0.00844997
42478, 0.00845014
42479, 0.00845032
42480, 0.00845049
42481, 0.00845067
42482, 0.00845084
42483, 0.00845102
42484, 0.00845119
42485, 0.00845136
42486, 0.00845154
42487, 0.00845171
42488, 0.00845189
42489, 0.00845206
42490, 0.00845224
42491, 0.00845241
42492, 0.00845258
42493, 0.00845276
42494, 0.00845293
42495, 0.00845320
42496, 0.00845338
42497, 0.00845355
42498, 0.00845373
42499, 0.00845390
42500, 0.00845407
42501, 0.00845425
42502, 0.00845443
42503, 0.00845468
42504, 0.00845485
42505, 0.00845503
42506, 0.00845520
42507, 0.00845537
42508, 0.00845555
42509, 0.00845572
42510, 0.00845590
42511, 0.00845614
42512, 0.00845631
42513, 0.00845649
42514, 0.00845666
42515, 0.00845683
42516, 0.00845700
42517, 0.00845717
42518, 0.00845735
42519, 0.00845760
42520, 0.00845777
42521, 0.00845795
42522, 0.00845812
42523, 0.00845830
42524, 0.00845847
42525, 0.00845865
42526, 0.00845882
42527, 0.00845927
42528, 0.00845944
42529, 0.00845962
42530, 0.00845979
42531, 0.00845997
42532, 0.00846014
42533, 0.00846031
42534, 0.00846049
42535, 0.00846073
42536, 0.00846090
42537, 0.00846108
42538, 0.00846125
42539, 0.00846142
42540, 0.00846160
42541, 0.00846178
42542, 0.00846195
42543, 0.00846219
42544, 0.00846237
42545, 0.00846254
42546, 0.00846272
42547, 0.00846289
42548, 0.00846306
42549, 0.00846324
42550, 0.00846341
42551, 0.00846366
42552, 0.00846383
42553, 0.00846401
42554, 0.00846418
42555, 0.00846435
42556, 0.00846453
42557, 0.00846471
42558, 0.00846488
42559, 0.00846514
42560, 0.00846532
42561, 0.00846549
42562, 0.00846567
42563, 0.00846585
42564, 0.00846604
42565, 0.00846622
42566, 0.00846639
42567, 0.00846664
42568, 0.00846681
42569, 0.00846699
42570, 0.00846717
42571, 0.00846734
42572, 0.00846751
42573, 0.00846768
42574, 0.00846786
42575, 0.00846803
42576, 0.00846821
42577, 0.00846838
42578, 0.00846856
42579, 0.00846873
42580, 0.00846890
42581, 0.00846908
42582, 0.00846925
42583, 0.00846943
42584, 0.00846960
42585, 0.00846977
42586, 0.00846995
42587, 0.00847012
42588, 0.00847030
42589, 0.00847047
42590, 0.00847065
42591, 0.00847082
42592, 0.00847101
42593, 0.00847324
42594, 0.00847343
42595, 0.00847361
42596, 0.00847378
42597, 0.00847396
42598, 0.00847414
42599, 0.00847431
42600, 0.00847449
42601, 0.00847467
42602, 0.00847485
42603, 0.00847503
42604, 0.00847520
42605, 0.00847538
42606, 0.00847556
42607, 0.00847574
42608, 0.00847591
42609, 0.00847609
42610, 0.00847626
42611, 0.00847643
42612, 0.00847661
42613, 0.00847678
42614, 0.00847696
42615, 0.00847714
42616, 0.00847732
42617, 0.00847749
42618, 0.00847767
42619, 0.00847784
42620, 0.00847802
42621, 0.00847820
42622, 0.00847837
42623, 0.00847855
42624, 0.00847873
42625, 0.00847890
42626, 0.00847908
42627, 0.00847926
42628, 0.00847944
42629, 0.00847962
42630, 0.00847980
42631, 0.00847998
42632, 0.00848016
42633, 0.00848035
42634, 0.00848053
42635, 0.00848071
42636, 0.00848089
42637, 0.00848106
42638, 0.00848124
42639, 0.00848142
42640, 0.00848160
42641, 0.00848178
42642, 0.00848195
42643, 0.00848213
42644, 0.00848231
42645, 0.00848249
42646, 0.00848267
42647, 0.00848285
42648, 0.00848302
42649, 0.00848320
42650, 0.00848338
42651, 0.00848356
42652, 0.00848374
42653, 0.00848392
42654, 0.00848410
42655, 0.00848428
42656, 0.00848446
42657, 0.00848464
42658, 0.00848482
42659, 0.00848500
42660, 0.00848518
42661, 0.00848536
42662, 0.00848554
42663, 0.00848572
42664, 0.00848590
42665, 0.00848608
42666, 0.00848626
42667, 0.00848644
42668, 0.00848662
42669, 0.00848680
42670, 0.00848698
42671, 0.00848716
42672, 0.00848734
42673, 0.00848751
42674, 0.00848769
42675, 0.00848787
42676, 0.00848805
42677, 0.00848823
42678, 0.00848841
42679, 0.00848859
42680, 0.00848877
42681, 0.00848895
42682, 0.00848913
42683, 0.00848931
42684, 0.00848949
42685, 0.00848967
42686, 0.00848985
42687, 0.00849003
42688, 0.00849021
42689, 0.00849041
42690, 0.00849059
42691, 0.00849077
42692, 0.00849095
42693, 0.00849113
42694, 0.00849131
42695, 0.00849149
42696, 0.00849167
42697, 0.00849185
42698, 0.00849203
42699, 0.00849221
42700, 0.00849239
42701, 0.00849257
42702, 0.00849275
42703, 0.00849295
42704, 0.00849313
42705, 0.00849331
42706, 0.00849348
42707, 0.00849366
42708, 0.00849384
42709, 0.00849401
42710, 0.00849419
42711, 0.00849436
42712, 0.00849454
42713, 0.00849471
42714, 0.00849489
42715, 0.00849507
42716, 0.00849524
42717, 0.00849542
42718, 0.00849561
42719, 0.00849814
42720, 0.00849833
42721, 0.00849850
42722, 0.00849868
42723, 0.00849885
42724, 0.00849902
42725, 0.00849919
42726, 0.00849937
42727, 0.00849954
42728, 0.00849971
42729, 0.00849988
42730, 0.00850006
42731, 0.00850023
42732, 0.00850041
42733, 0.00850058
42734, 0.00850075
42735, 0.00850093
42736, 0.00850111
42737, 0.00850128
42738, 0.00850145
42739, 0.00850162
42740, 0.00850180
42741, 0.00850197
42742, 0.00850215
42743, 0.00850232
42744, 0.00850249
42745, 0.00850266
42746, 0.00850283
42747, 0.00850301
42748, 0.00850318
42749, 0.00850335
42750, 0.00850355
42751, 0.00850372
42752, 0.00850389
42753, 0.00850406
42754, 0.00850423
42755, 0.00850441
42756, 0.00850458
42757, 0.00850475
42758, 0.00850493
42759, 0.00850510
42760, 0.00850528
42761, 0.00850545
42762, 0.00850562
42763, 0.00850579
42764, 0.00850597
42765, 0.00850614
42766, 0.00850631
42767, 0.00850648
42768, 0.00850666
42769, 0.00850683
42770, 0.00850700
42771, 0.00850717
42772, 0.00850734
42773, 0.00850751
42774, 0.00850769
42775, 0.00850786
42776, 0.00850804
42777, 0.00850821
42778, 0.00850838
42779, 0.00850855
42780, 0.00850872
42781, 0.00850889
42782, 0.00850906
42783, 0.00850924
42784, 0.00850941
42785, 0.00850958
42786, 0.00850975
42787, 0.00850992
42788, 0.00851010
42789, 0.00851027
42790, 0.00851044
42791, 0.00851061
42792, 0.00851078
42793, 0.00851095
42794, 0.00851112
42795, 0.00851129
42796, 0.00851146
42797, 0.00851164
42798, 0.00851181
42799, 0.00851198
42800, 0.00851215
42801, 0.00851234
42802, 0.00851252
42803, 0.00851270
42804, 0.00851287
42805, 0.00851304
42806, 0.00851322
42807, 0.00851339
42808, 0.00851357
42809, 0.00851374
42810, 0.00851392
42811, 0.00851409
42812, 0.00851426
42813, 0.00851444
42814, 0.00851461
42815, 0.00851478
42816, 0.00851496
42817, 0.00851513
42818, 0.00851530
42819, 0.00851547
42820, 0.00851565
42821, 0.00851582
42822, 0.00851599
42823, 0.00851616
42824, 0.00851633
42825, 0.00851651
42826, 0.00851668
42827, 0.00851685
42828, 0.00851702
42829, 0.00851719
42830, 0.00851737
42831, 0.00851754
42832, 0.00851772
42833, 0.00851790
42834, 0.00851807
42835, 0.00851824
42836, 0.00851841
42837, 0.00851859
42838, 0.00851876
42839, 0.00851893
42840, 0.00851910
42841, 0.00851927
42842, 0.00851945
42843, 0.00851962
42844, 0.00851980
42845, 0.00852207
42846, 0.00852227
42847, 0.00852246
42848, 0.00852264
42849, 0.00852283
42850, 0.00852301
42851, 0.00852320
42852, 0.00852338
42853, 0.00852356
42854, 0.00852375
42855, 0.00852393
42856, 0.00852411
42857, 0.00852429
42858, 0.00852446
42859, 0.00852463
42860, 0.00852480
42861, 0.00852498
42862, 0.00852515
42863, 0.00852532
42864, 0.00852551
42865, 0.00852569
42866, 0.00852586
42867, 0.00852603
42868, 0.00852620
42869, 0.00852638
42870, 0.00852655
42871, 0.00852673
42872, 0.00852690
42873, 0.00852707
42874, 0.00852725
42875, 0.00852742
42876, 0.00852759
42877, 0.00852777
42878, 0.00852794
42879, 0.00852812
42880, 0.00852829
42881, 0.00852846
42882, 0.00852863
42883, 0.00852881
42884, 0.00852898
42885, 0.00852915
42886, 0.00852933
42887, 0.00852950
42888, 0.00852967
42889, 0.00852985
42890, 0.00853002
42891, 0.00853020
42892, 0.00853037
42893, 0.00853054
42894, 0.00853072
42895, 0.00853089
42896, 0.00853106
42897, 0.00853123
42898, 0.00853143
42899, 0.00853161
42900, 0.00853178
42901, 0.00853196
42902, 0.00853214
42903, 0.00853231
42904, 0.00853249
42905, 0.00853266
42906, 0.00853284
42907, 0.00853301
42908, 0.00853318
42909, 0.00853336
42910, 0.00853353
42911, 0.00853370
42912, 0.00853388
42913, 0.00853405
42914, 0.00853422
42915, 0.00853440
42916, 0.00853457
42917, 0.00853474
42918, 0.00853492
42919, 0.00853509
42920, 0.00853526
42921, 0.00853544
42922, 0.00853561
42923, 0.00853578
42924, 0.00853596
42925, 0.00853614
42926, 0.00853631
42927, 0.00853648
42928, 0.00853665
42929, 0.00853682
42930, 0.00853700
42931, 0.00853717
42932, 0.00853735
42933, 0.00853752
42934, 0.00853769
42935, 0.00853786
42936, 0.00853804
42937, 0.00853822
42938, 0.00853842
42939, 0.00853860
42940, 0.00853878
42941, 0.00853895
42942, 0.00853913
42943, 0.00853930
42944, 0.00853947
42945, 0.00853964
42946, 0.00853982
42947, 0.00853999
42948, 0.00854017
42949, 0.00854034
42950, 0.00854051
42951, 0.00854069
42952, 0.00854086
42953, 0.00854103
42954, 0.00854120
42955, 0.00854138
42956, 0.00854156
42957, 0.00854173
42958, 0.00854190
42959, 0.00854208
42960, 0.00854225
42961, 0.00854242
42962, 0.00854259
42963, 0.00854277
42964, 0.00854294
42965, 0.00854311
42966, 0.00854329
42967, 0.00854346
42968, 0.00854364
42969, 0.00854381
42970, 0.00854399
42971, 0.00854642
42972, 0.00854662
42973, 0.00854680
42974, 0.00854698
42975, 0.00854716
42976, 0.00854734
42977, 0.00854752
42978, 0.00854769
42979, 0.00854787
42980, 0.00854804
42981, 0.00854822
42982, 0.00854839
42983, 0.00854856
42984, 0.00854874
42985, 0.00854891
42986, 0.00854910
42987, 0.00854927
42988, 0.00854945
42989, 0.00854962
42990, 0.00854979
42991, 0.00854996
42992, 0.00855014
42993, 0.00855031
42994, 0.00855048
42995, 0.00855065
42996, 0.00855083
42997, 0.00855100
42998, 0.00855118
42999, 0.00855136
43000, 0.00855154
43001, 0.00855172
43002, 0.00855189
43003, 0.00855206
43004, 0.00855224
43005, 0.00855241
43006, 0.00855258
43007, 0.00855289
43008, 0.00855306
43009, 0.00855324
43010, 0.00855342
43011, 0.00855360
43012, 0.00855378
43013, 0.00855396
43014, 0.00855413
43015, 0.00855439
43016, 0.00855457
43017, 0.00855474
43018, 0.00855492
43019, 0.00855510
43020, 0.00855530
43021, 0.00855548
43022, 0.00855567
43023, 0.00855593
43024, 0.00855613
43025, 0.00855631
43026, 0.00855649
43027, 0.00855666
43028, 0.00855684
43029, 0.00855702
43030, 0.00855720
43031, 0.00855745
43032, 0.00855763
43033, 0.00855780
43034, 0.00855798
43035, 0.00855816
43036, 0.00855834
43037, 0.00855852
43038, 0.00855870
43039, 0.00855904
43040, 0.00855922
43041, 0.00855939
43042, 0.00855957
43043, 0.00855978
43044, 0.00855995
43045, 0.00856013
43046, 0.00856030
43047, 0.00856058
43048, 0.00856075
43049, 0.00856094
43050, 0.00856111
43051, 0.00856129
43052, 0.00856147
43053, 0.00856164
43054, 0.00856182
43055, 0.00856207
43056, 0.00856225
43057, 0.00856243
43058, 0.00856261
43059, 0.00856278
43060, 0.00856296
43061, 0.00856314
43062, 0.00856331
43063, 0.00856358
43064, 0.00856376
43065, 0.00856393
43066, 0.00856412
43067, 0.00856430
43068, 0.00856450
43069, 0.00856467
43070, 0.00856485
43071, 0.00856510
43072, 0.00856528
43073, 0.00856546
43074, 0.00856564
43075, 0.00856582
43076, 0.00856599
43077, 0.00856617
43078, 0.00856635
43079, 0.00856659
43080, 0.00856678
43081, 0.00856695
43082, 0.00856713
43083, 0.00856734
43084, 0.00856751
43085, 0.00856769
43086, 0.00856787
43087, 0.00856805
43088, 0.00856823
43089, 0.00856841
43090, 0.00856859
43091, 0.00856876
43092, 0.00856894
43093, 0.00856912
43094, 0.00856930
43095, 0.00856951
43096, 0.00856970
43097, 0.00857194
43098, 0.00857214
43099, 0.00857234
43100, 0.00857252
43101, 0.00857270
43102, 0.00857288
43103, 0.00857305
43104, 0.00857323
43105, 0.00857341
43106, 0.00857358
43107, 0.00857375
43108, 0.00857392
43109, 0.00857410
43110, 0.00857428
43111, 0.00857445
43112, 0.00857463
43113, 0.00857480
43114, 0.00857497
43115, 0.00857515
43116, 0.00857532
43117, 0.00857549
43118, 0.00857566
43119, 0.00857584
43120, 0.00857601
43121, 0.00857619
43122, 0.00857636
43123, 0.00857654
43124, 0.00857671
43125, 0.00857689
43126, 0.00857706
43127, 0.00857723
43128, 0.00857741
43129, 0.00857759
43130, 0.00857777
43131, 0.00857795
43132, 0.00857813
43133, 0.00857831
43134, 0.00857848
43135, 0.00857865
43136, 0.00857883
43137, 0.00857903
43138, 0.00857921
43139, 0.00857939
43140, 0.00857956
43141, 0.00857974
43142, 0.00857992
43143, 0.00858010
43144, 0.00858028
43145, 0.00858045
43146, 0.00858063
43147, 0.00858080
43148, 0.00858098
43149, 0.00858115
43150, 0.00858132
43151, 0.00858149
43152, 0.00858167
43153, 0.00858184
43154, 0.00858201
43155, 0.00858219
43156, 0.00858237
43157, 0.00858256
43158, 0.00858274
43159, 0.00858292
43160, 0.00858310
43161, 0.00858328
43162, 0.00858346
43163, 0.00858364
43164, 0.00858382
43165, 0.00858400
43166, 0.00858418
43167, 0.00858436
43168, 0.00858455
43169, 0.00858473
43170, 0.00858491
43171, 0.00858509
43172, 0.00858526
43173, 0.00858544
43174, 0.00858561
43175, 0.00858579
43176, 0.00858596
43177, 0.00858614
43178, 0.00858632
43179, 0.00858650
43180, 0.00858668
43181, 0.00858686
43182, 0.00858703
43183, 0.00858721
43184, 0.00858738
43185, 0.00858755
43186, 0.00858773
43187, 0.00858790
43188, 0.00858811
43189, 0.00858828
43190, 0.00858846
43191, 0.00858864
43192, 0.00858881
43193, 0.00858899
43194, 0.00858917
43195, 0.00858934
43196, 0.00858953
43197, 0.00858970
43198, 0.00858988
43199, 0.00859005
43200, 0.00859022
43201, 0.00859039
43202, 0.00859056
43203, 0.00859073
43204, 0.00859091
43205, 0.00859108
43206, 0.00859125
43207, 0.00859142
43208, 0.00859160
43209, 0.00859177
43210, 0.00859195
43211, 0.00859212
43212, 0.00859230
43213, 0.00859251
43214, 0.00859268
43215, 0.00859286
43216, 0.00859304
43217, 0.00859324
43218, 0.00859342
43219, 0.00859359
43220, 0.00859377
43221, 0.00859395
43222, 0.00859414
43223, 0.00859637
43224, 0.00859658
43225, 0.00859675
43226, 0.00859693
43227, 0.00859710
43228, 0.00859727
43229, 0.00859745
43230, 0.00859762
43231, 0.00859780
43232, 0.00859797
43233, 0.00859815
43234, 0.00859832
43235, 0.00859850
43236, 0.00859867
43237, 0.00859884
43238, 0.00859902
43239, 0.00859920
43240, 0.00859937
43241, 0.00859954
43242, 0.00859972
43243, 0.00859989
43244, 0.00860006
43245, 0.00860023
43246, 0.00860041
43247, 0.00860058
43248, 0.00860075
43249, 0.00860092
43250, 0.00860109
43251, 0.00860129
43252, 0.00860146
43253, 0.00860163
43254, 0.00860181
43255, 0.00860198
43256, 0.00860216
43257, 0.00860232
43258, 0.00860249
43259, 0.00860267
43260, 0.00860284
43261, 0.00860301
43262, 0.00860318
43263, 0.00860335
43264, 0.00860352
43265, 0.00860370
43266, 0.00860387
43267, 0.00860404
43268, 0.00860421
43269, 0.00860441
43270, 0.00860458
43271, 0.00860476
43272, 0.00860494
43273, 0.00860511
43274, 0.00860528
43275, 0.00860545
43276, 0.00860563
43277, 0.00860580
43278, 0.00860597
43279, 0.00860615
43280, 0.00860632
43281, 0.00860650
43282, 0.00860667
43283, 0.00860685
43284, 0.00860702
43285, 0.00860719
43286, 0.00860737
43287, 0.00860754
43288, 0.00860771
43289, 0.00860789
43290, 0.00860806
43291, 0.00860823
43292, 0.00860841
43293, 0.00860858
43294, 0.00860876
43295, 0.00860893
43296, 0.00860910
43297, 0.00860927
43298, 0.00860945
43299, 0.00860962
43300, 0.00860979
43301, 0.00860996
43302, 0.00861014
43303, 0.00861031
43304, 0.00861049
43305, 0.00861066
43306, 0.00861083
43307, 0.00861100
43308, 0.00861118
43309, 0.00861142
43310, 0.00861159
43311, 0.00861176
43312, 0.00861193
43313, 0.00861211
43314, 0.00861229
43315, 0.00861246
43316, 0.00861264
43317, 0.00861281
43318, 0.00861299
43319, 0.00861316
43320, 0.00861334
43321, 0.00861355
43322, 0.00861372
43323, 0.00861389
43324, 0.00861408
43325, 0.00861425
43326, 0.00861446
43327, 0.00861465
43328, 0.00861483
43329, 0.00861501
43330, 0.00861519
43331, 0.00861536
43332, 0.00861554
43333, 0.00861571
43334, 0.00861589
43335, 0.00861607
43336, 0.00861625
43337, 0.00861643
43338, 0.00861661
43339, 0.00861679
43340, 0.00861696
43341, 0.00861714
43342, 0.00861734
43343, 0.00861752
43344, 0.00861770
43345, 0.00861788
43346, 0.00861806
43347, 0.00861823
43348, 0.00861842
43349, 0.00862062
43350, 0.00862082
43351, 0.00862100
43352, 0.00862118
43353, 0.00862136
43354, 0.00862154
43355, 0.00862172
43356, 0.00862190
43357, 0.00862208
43358, 0.00862226
43359, 0.00862244
43360, 0.00862262
43361, 0.00862280
43362, 0.00862297
43363, 0.00862315
43364, 0.00862336
43365, 0.00862354
43366, 0.00862374
43367, 0.00862391
43368, 0.00862410
43369, 0.00862427
43370, 0.00862445
43371, 0.00862463
43372, 0.00862481
43373, 0.00862499
43374, 0.00862517
43375, 0.00862535
43376, 0.00862553
43377, 0.00862571
43378, 0.00862589
43379, 0.00862607
43380, 0.00862627
43381, 0.00862645
43382, 0.00862663
43383, 0.00862681
43384, 0.00862699
43385, 0.00862717
43386, 0.00862735
43387, 0.00862753
43388, 0.00862771
43389, 0.00862790
43390, 0.00862808
43391, 0.00862826
43392, 0.00862844
43393, 0.00862862
43394, 0.00862880
43395, 0.00862898
43396, 0.00862916
43397, 0.00862933
43398, 0.00862952
43399, 0.00862969
43400, 0.00862987
43401, 0.00863005
43402, 0.00863022
43403, 0.00863043
43404, 0.00863060
43405, 0.00863078
43406, 0.00863098
43407, 0.00863116
43408, 0.00863134
43409, 0.00863152
43410, 0.00863170
43411, 0.00863188
43412, 0.00863206
43413, 0.00863223
43414, 0.00863241
43415, 0.00863259
43416, 0.00863277
43417, 0.00863295
43418, 0.00863313
43419, 0.00863330
43420, 0.00863348
43421, 0.00863365
43422, 0.00863382
43423, 0.00863400
43424, 0.00863417
43425, 0.00863435
43426, 0.00863452
43427, 0.00863470
43428, 0.00863487
43429, 0.00863508
43430, 0.00863525
43431, 0.00863543
43432, 0.00863561
43433, 0.00863579
43434, 0.00863597
43435, 0.00863614
43436, 0.00863632
43437, 0.00863651
43438, 0.00863669
43439, 0.00863687
43440, 0.00863705
43441, 0.00863723
43442, 0.00863741
43443, 0.00863758
43444, 0.00863776
43445, 0.00863794
43446, 0.00863812
43447, 0.00863829
43448, 0.00863847
43449, 0.00863865
43450, 0.00863886
43451, 0.00863903
43452, 0.00863921
43453, 0.00863939
43454, 0.00863957
43455, 0.00863975
43456, 0.00863993
43457, 0.00864012
43458, 0.00864030
43459, 0.00864047
43460, 0.00864065
43461, 0.00864083
43462, 0.00864101
43463, 0.00864119
43464, 0.00864136
43465, 0.00864155
43466, 0.00864172
43467, 0.00864190
43468, 0.00864208
43469, 0.00864225
43470, 0.00864243
43471, 0.00864260
43472, 0.00864278
43473, 0.00864295
43474, 0.00864314
43475, 0.00864539
43476, 0.00864559
43477, 0.00864578
43478, 0.00864597
43479, 0.00864614
43480, 0.00864631
43481, 0.00864649
43482, 0.00864666
43483, 0.00864683
43484, 0.00864701
43485, 0.00864718
43486, 0.00864735
43487, 0.00864753
43488, 0.00864770
43489, 0.00864787
43490, 0.00864805
43491, 0.00864822
43492, 0.00864839
43493, 0.00864856
43494, 0.00864874
43495, 0.00864891
43496, 0.00864909
43497, 0.00864926
43498, 0.00864944
43499, 0.00864961
43500, 0.00864978
43501, 0.00864996
43502, 0.00865013
43503, 0.00865031
43504, 0.00865048
43505, 0.00865066
43506, 0.00865083
43507, 0.00865100
43508, 0.00865117
43509, 0.00865135
43510, 0.00865152
43511, 0.00865169
43512, 0.00865186
43513, 0.00865204
43514, 0.00865221
43515, 0.00865238
43516, 0.00865255
43517, 0.00865273
43518, 0.00865290
43519, 0.00865326
43520, 0.00865344
43521, 0.00865361
43522, 0.00865378
43523, 0.00865396
43524, 0.00865413
43525, 0.00865431
43526, 0.00865448
43527, 0.00865473
43528, 0.00865490
43529, 0.00865507
43530, 0.00865525
43531, 0.00865542
43532, 0.00865559
43533, 0.00865576
43534, 0.00865594
43535, 0.00865618
43536, 0.00865635
43537, 0.00865652
43538, 0.00865670
43539, 0.00865687
43540, 0.00865704
43541, 0.00865722
43542, 0.00865739
43543, 0.00865763
43544, 0.00865781
43545, 0.00865798
43546, 0.00865815
43547, 0.00865832
43548, 0.00865849
43549, 0.00865866
43550, 0.00865883
43551, 0.00865909
43552, 0.00865926
43553, 0.00865943
43554, 0.00865960
43555, 0.00865977
43556, 0.00865995
43557, 0.00866012
43558, 0.00866029
43559, 0.00866053
43560, 0.00866071
43561, 0.00866088
43562, 0.00866105
43563, 0.00866122
43564, 0.00866139
43565, 0.00866157
43566, 0.00866174
43567, 0.00866202
43568, 0.00866220
43569, 0.00866237
43570, 0.00866255
43571, 0.00866272
43572, 0.00866289
43573, 0.00866306
43574, 0.00866324
43575, 0.00866348
43576, 0.00866365
43577, 0.00866382
43578, 0.00866400
43579, 0.00866417
43580, 0.00866434
43581, 0.00866451
43582, 0.00866469
43583, 0.00866493
43584, 0.00866510
43585, 0.00866527
43586, 0.00866544
43587, 0.00866561
43588, 0.00866579
43589, 0.00866596
43590, 0.00866613
43591, 0.00866638
43592, 0.00866656
43593, 0.00866673
43594, 0.00866690
43595, 0.00866710
43596, 0.00866727
43597, 0.00866744
43598, 0.00866761
43599, 0.00866779
43600, 0.00866797
43601, 0.00867012
43602, 0.00867031
43603, 0.00867048
43604, 0.00867066
43605, 0.00867083
43606, 0.00867101
43607, 0.00867118
43608, 0.00867136
43609, 0.00867153
43610, 0.00867170
43611, 0.00867187
43612, 0.00867205
43613, 0.00867222
43614, 0.00867239
43615, 0.00867257
43616, 0.00867274
43617, 0.00867291
43618, 0.00867309
43619, 0.00867326
43620, 0.00867343
43621, 0.00867360
43622, 0.00867378
43623, 0.00867395
43624, 0.00867413
43625, 0.00867430
43626, 0.00867448
43627, 0.00867465
43628, 0.00867483
43629, 0.00867500
43630, 0.00867518
43631, 0.00867535
43632, 0.00867552
43633, 0.00867570
43634, 0.00867587
43635, 0.00867604
43636, 0.00867622
43637, 0.00867639
43638, 0.00867656
43639, 0.00867673
43640, 0.00867691
43641, 0.00867708
43642, 0.00867727
43643, 0.00867745
43644, 0.00867762
43645, 0.00867780
43646, 0.00867797
43647, 0.00867815
43648, 0.00867832
43649, 0.00867849
43650, 0.00867866
43651, 0.00867884
43652, 0.00867901
43653, 0.00867919
43654, 0.00867936
43655, 0.00867953
43656, 0.00867971
43657, 0.00867988
43658, 0.00868005
43659, 0.00868022
43660, 0.00868039
43661, 0.00868057
43662, 0.00868074
43663, 0.00868091
43664, 0.00868109
43665, 0.00868126
43666, 0.00868143
43667, 0.00868160
43668, 0.00868177
43669, 0.00868195
43670, 0.00868212
43671, 0.00868231
43672, 0.00868249
43673, 0.00868267
43674, 0.00868284
43675, 0.00868302
43676, 0.00868319
43677, 0.00868337
43678, 0.00868354
43679, 0.00868372
43680, 0.00868389
43681, 0.00868406
43682, 0.00868423
43683, 0.00868440
43684, 0.00868458
43685, 0.00868475
43686, 0.00868492
43687, 0.00868509
43688, 0.00868526
43689, 0.00868543
43690, 0.00868560
43691, 0.00868578
43692, 0.00868595
43693, 0.00868612
43694, 0.00868629
43695, 0.00868647
43696, 0.00868664
43697, 0.00868681
43698, 0.00868700
43699, 0.00868717
43700, 0.00868734
43701, 0.00868752
43702, 0.00868769
43703, 0.00868786
43704, 0.00868804
43705, 0.00868821
43706, 0.00868838
43707, 0.00868855
43708, 0.00868873
43709, 0.00868890
43710, 0.00868907
43711, 0.00868926
43712, 0.00868943
43713, 0.00868960
43714, 0.00868977
43715, 0.00868994
43716, 0.00869011
43717, 0.00869029
43718, 0.00869046
43719, 0.00869063
43720, 0.00869080
43721, 0.00869097
43722, 0.00869114
43723, 0.00869132
43724, 0.00869149
43725, 0.00869166
43726, 0.00869184
43727, 0.00869396
43728, 0.00869416
43729, 0.00869435
43730, 0.00869452
43731, 0.00869469
43732, 0.00869486
43733, 0.00869504
43734, 0.00869521
43735, 0.00869539
43736, 0.00869556
43737, 0.00869573
43738, 0.00869591
43739, 0.00869608
43740, 0.00869625
43741, 0.00869643
43742, 0.00869662
43743, 0.00869680
43744, 0.00869697
43745, 0.00869714
43746, 0.00869731
43747, 0.00869748
43748, 0.00869766
43749, 0.00869783
43750, 0.00869800
43751, 0.00869818
43752, 0.00869835
43753, 0.00869853
43754, 0.00869870
43755, 0.00869887
43756, 0.00869904
43757, 0.00869922
43758, 0.00869939
43759, 0.00869956
43760, 0.00869973
43761, 0.00869991
43762, 0.00870008
43763, 0.00870026
43764, 0.00870043
43765, 0.00870060
43766, 0.00870077
43767, 0.00870095
43768, 0.00870112
43769, 0.00870129
43770, 0.00870146
43771, 0.00870164
43772, 0.00870181
43773, 0.00870198
43774, 0.00870216
43775, 0.00870233
43776, 0.00870250
43777, 0.00870267
43778, 0.00870284
43779, 0.00870302
43780, 0.00870319
43781, 0.00870336
43782, 0.00870353
43783, 0.00870370
43784, 0.00870388
43785, 0.00870405
43786, 0.00870422
43787, 0.00870439
43788, 0.00870457
43789, 0.00870474
43790, 0.00870491
43791, 0.00870508
43792, 0.00870526
43793, 0.00870543
43794, 0.00870560
43795, 0.00870577
43796, 0.00870594
43797, 0.00870611
43798, 0.00870629
43799, 0.00870646
43800, 0.00870663
43801, 0.00870680
43802, 0.00870697
43803, 0.00870714
43804, 0.00870731
43805, 0.00870749
43806, 0.00870766
43807, 0.00870783
43808, 0.00870800
43809, 0.00870817
43810, 0.00870834
43811, 0.00870852
43812, 0.00870869
43813, 0.00870886
43814, 0.00870903
43815, 0.00870920
43816, 0.00870938
43817, 0.00870955
43818, 0.00870972
43819, 0.00870990
43820, 0.00871008
43821, 0.00871025
43822, 0.00871042
43823, 0.00871059
43824, 0.00871077
43825, 0.00871094
43826, 0.00871111
43827, 0.00871128
43828, 0.00871145
43829, 0.00871163
43830, 0.00871180
43831, 0.00871197
43832, 0.00871214
43833, 0.00871231
43834, 0.00871249
43835, 0.00871266
43836, 0.00871283
43837, 0.00871300
43838, 0.00871318
43839, 0.00871335
43840, 0.00871352
43841, 0.00871369
43842, 0.00871387
43843, 0.00871404
43844, 0.00871421
43845, 0.00871438
43846, 0.00871456
43847, 0.00871473
43848, 0.00871490
43849, 0.00871507
43850, 0.00871524
43851, 0.00871542
43852, 0.00871560
43853, 0.00871772
43854, 0.00871792
43855, 0.00871810
43856, 0.00871827
43857, 0.00871845
43858, 0.00871862
43859, 0.00871879
43860, 0.00871897
43861, 0.00871914
43862, 0.00871931
43863, 0.00871949
43864, 0.00871966
43865, 0.00871984
43866, 0.00872001
43867, 0.00872019
43868, 0.00872036
43869, 0.00872054
43870, 0.00872071
43871, 0.00872088
43872, 0.00872106
43873, 0.00872123
43874, 0.00872140
43875, 0.00872158
43876, 0.00872175
43877, 0.00872192
43878, 0.00872210
43879, 0.00872227
43880, 0.00872244
43881, 0.00872262
43882, 0.00872279
43883, 0.00872296
43884, 0.00872314
43885, 0.00872332
43886, 0.00872350
43887, 0.00872367
43888, 0.00872385
43889, 0.00872402
43890, 0.00872419
43891, 0.00872437
43892, 0.00872454
43893, 0.00872472
43894, 0.00872489
43895, 0.00872506
43896, 0.00872524
43897, 0.00872541
43898, 0.00872559
43899, 0.00872576
43900, 0.00872593
43901, 0.00872611
43902, 0.00872629
43903, 0.00872646
43904, 0.00872663
43905, 0.00872680
43906, 0.00872697
43907, 0.00872715
43908, 0.00872732
43909, 0.00872750
43910, 0.00872767
43911, 0.00872784
43912, 0.00872802
43913, 0.00872819
43914, 0.00872837
43915, 0.00872854
43916, 0.00872871
43917, 0.00872888
43918, 0.00872906
43919, 0.00872923
43920, 0.00872940
43921, 0.00872958
43922, 0.00872975
43923, 0.00872992
43924, 0.00873010
43925, 0.00873027
43926, 0.00873045
43927, 0.00873062
43928, 0.00873079
43929, 0.00873096
43930, 0.00873113
43931, 0.00873131
43932, 0.00873148
43933, 0.00873165
43934, 0.00873183
43935, 0.00873200
43936, 0.00873217
43937, 0.00873234
43938, 0.00873251
43939, 0.00873268
43940, 0.00873285
43941, 0.00873302
43942, 0.00873320
43943, 0.00873337
43944, 0.00873355
43945, 0.00873373
43946, 0.00873391
43947, 0.00873410
43948, 0.00873428
43949, 0.00873446
43950, 0.00873464
43951, 0.00873482
43952, 0.00873500
43953, 0.00873518
43954, 0.00873536
43955, 0.00873554
43956, 0.00873572
43957, 0.00873590
43958, 0.00873607
43959, 0.00873625
43960, 0.00873642
43961, 0.00873659
43962, 0.00873677
43963, 0.00873694
43964, 0.00873711
43965, 0.00873729
43966, 0.00873746
43967, 0.00873764
43968, 0.00873781
43969, 0.00873799
43970, 0.00873816
43971, 0.00873833
43972, 0.00873851
43973, 0.00873868
43974, 0.00873886
43975, 0.00873903
43976, 0.00873920
43977, 0.00873937
43978, 0.00873956
43979, 0.00874168
43980, 0.00874187
43981, 0.00874205
43982, 0.00874222
43983, 0.00874240
43984, 0.00874257
43985, 0.00874275
43986, 0.00874292
43987, 0.00874310
43988, 0.00874327
43989, 0.00874344
43990, 0.00874362
43991, 0.00874379
43992, 0.00874397
43993, 0.00874415
43994, 0.00874432
43995, 0.00874450
43996, 0.00874467
43997, 0.00874485
43998, 0.00874502
43999, 0.00874520
44000, 0.00874537
44001, 0.00874555
44002, 0.00874573
44003, 0.00874591
44004, 0.00874608
44005, 0.00874625
44006, 0.00874642
44007, 0.00874660
44008, 0.00874677
44009, 0.00874695
44010, 0.00874712
44011, 0.00874730
44012, 0.00874747
44013, 0.00874764
44014, 0.00874781
44015, 0.00874799
44016, 0.00874816
44017, 0.00874834
44018, 0.00874851
44019, 0.00874868
44020, 0.00874885
44021, 0.00874902
44022, 0.00874919
44023, 0.00874937
44024, 0.00874954
44025, 0.00874971
44026, 0.00874988
44027, 0.00875006
44028, 0.00875023
44029, 0.00875040
44030, 0.00875058
44031, 0.00875086
44032, 0.00875103
44033, 0.00875120
44034, 0.00875137
44035, 0.00875155
44036, 0.00875173
44037, 0.00875190
44038, 0.00875207
44039, 0.00875232
44040, 0.00875249
44041, 0.00875266
44042, 0.00875284
44043, 0.00875301
44044, 0.00875318
44045, 0.00875336
44046, 0.00875353
44047, 0.00875378
44048, 0.00875395
44049, 0.00875412
44050, 0.00875429
44051, 0.00875447
44052, 0.00875464
44053, 0.00875482
44054, 0.00875499
44055, 0.00875523
44056, 0.00875540
44057, 0.00875557
44058, 0.00875575
44059, 0.00875592
44060, 0.00875609
44061, 0.00875626
44062, 0.00875643
44063, 0.00875668
44064, 0.00875685
44065, 0.00875702
44066, 0.00875719
44067, 0.00875736
44068, 0.00875754
44069, 0.00875771
44070, 0.00875788
44071, 0.00875813
44072, 0.00875830
44073, 0.00875847
44074, 0.00875865
44075, 0.00875882
44076, 0.00875900
44077, 0.00875917
44078, 0.00875934
44079, 0.00875961
44080, 0.00875979
44081, 0.00875996
44082, 0.00876013
44083, 0.00876031
44084, 0.00876048
44085, 0.00876065
44086, 0.00876083
44087, 0.00876107
44088, 0.00876125
44089, 0.00876142
44090, 0.00876159
44091, 0.00876177
44092, 0.00876194
44093, 0.00876211
44094, 0.00876229
44095, 0.00876286
44096, 0.00876303
44097, 0.00876321
44098, 0.00876338
44099, 0.00876355
44100, 0.00876372
44101, 0.00876390
44102, 0.00876407
44103, 0.00876430
44104, 0.00876449
44105, 0.00876664
44106, 0.00876684
44107, 0.00876702
44108, 0.00876719
44109, 0.00876737
44110, 0.00876754
44111, 0.00876772
44112, 0.00876789
44113, 0.00876806
44114, 0.00876824
44115, 0.00876841
44116, 0.00876859
44117, 0.00876876
44118, 0.00876893
44119, 0.00876911
44120, 0.00876928
44121, 0.00876947
44122, 0.00876965
44123, 0.00876982
44124, 0.00876999
44125, 0.00877016
44126, 0.00877033
44127, 0.00877051
44128, 0.00877068
44129, 0.00877085
44130, 0.00877102
44131, 0.00877120
44132, 0.00877137
44133, 0.00877154
44134, 0.00877172
44135, 0.00877189
44136, 0.00877206
44137, 0.00877223
44138, 0.00877241
44139, 0.00877258
44140, 0.00877275
44141, 0.00877293
44142, 0.00877310
44143, 0.00877327
44144, 0.00877345
44145, 0.00877362
44146, 0.00877379
44147, 0.00877396
44148, 0.00877413
44149, 0.00877431
44150, 0.00877448
44151, 0.00877465
44152, 0.00877483
44153, 0.00877500
44154, 0.00877517
44155, 0.00877534
44156, 0.00877552
44157, 0.00877569
44158, 0.00877586
44159, 0.00877603
44160, 0.00877621
44161, 0.00877638
44162, 0.00877656
44163, 0.00877673
44164, 0.00877690
44165, 0.00877707
44166, 0.00877725
44167, 0.00877742
44168, 0.00877759
44169, 0.00877776
44170, 0.00877793
44171, 0.00877811
44172, 0.00877828
44173, 0.00877845
44174, 0.00877862
44175, 0.00877879
44176, 0.00877896
44177, 0.00877913
44178, 0.00877931
44179, 0.00877948
44180, 0.00877965
44181, 0.00877983
44182, 0.00878000
44183, 0.00878017
44184, 0.00878034
44185, 0.00878051
44186, 0.00878069
44187, 0.00878086
44188, 0.00878103
44189, 0.00878120
44190, 0.00878137
44191, 0.00878154
44192, 0.00878171
44193, 0.00878189
44194, 0.00878206
44195, 0.00878223
44196, 0.00878240
44197, 0.00878258
44198, 0.00878275
44199, 0.00878293
44200, 0.00878310
44201, 0.00878327
44202, 0.00878347
44203, 0.00878364
44204, 0.00878381
44205, 0.00878399
44206, 0.00878416
44207, 0.00878433
44208, 0.00878450
44209, 0.00878467
44210, 0.00878484
44211, 0.00878502
44212, 0.00878519
44213, 0.00878536
44214, 0.00878553
44215, 0.00878571
44216, 0.00878588
44217, 0.00878605
44218, 0.00878623
44219, 0.00878640
44220, 0.00878657
44221, 0.00878674
44222, 0.00878691
44223, 0.00878708
44224, 0.00878725
44225, 0.00878742
44226, 0.00878759
44227, 0.00878776
44228, 0.00878794
44229, 0.00878811
44230, 0.00878829
44231, 0.00879044
44232, 0.00879064
44233, 0.00879082
44234, 0.00879099
44235, 0.00879116
44236, 0.00879134
44237, 0.00879151
44238, 0.00879168
44239, 0.00879186
44240, 0.00879203
44241, 0.00879220
44242, 0.00879238
44243, 0.00879255
44244, 0.00879272
44245, 0.00879289
44246, 0.00879307
44247, 0.00879324
44248, 0.00879341
44249, 0.00879359
44250, 0.00879376
44251, 0.00879394
44252, 0.00879411
44253, 0.00879429
44254, 0.00879446
44255, 0.00879463
44256, 0.00879481
44257, 0.00879498
44258, 0.00879515
44259, 0.00879532
44260, 0.00879550
44261, 0.00879567
44262, 0.00879585
44263, 0.00879602
44264, 0.00879619
44265, 0.00879636
44266, 0.00879656
44267, 0.00879673
44268, 0.00879690
44269, 0.00879708
44270, 0.00879725
44271, 0.00879742
44272, 0.00879759
44273, 0.00879777
44274, 0.00879794
44275, 0.00879812
44276, 0.00879831
44277, 0.00879848
44278, 0.00879866
44279, 0.00879883
44280, 0.00879900
44281, 0.00879918
44282, 0.00879935
44283, 0.00879952
44284, 0.00879969
44285, 0.00879986
44286, 0.00880004
44287, 0.00880022
44288, 0.00880039
44289, 0.00880056
44290, 0.00880074
44291, 0.00880091
44292, 0.00880109
44293, 0.00880126
44294, 0.00880143
44295, 0.00880160
44296, 0.00880178
44297, 0.00880195
44298, 0.00880213
44299, 0.00880230
44300, 0.00880247
44301, 0.00880264
44302, 0.00880282
44303, 0.00880299
44304, 0.00880317
44305, 0.00880334
44306, 0.00880351
44307, 0.00880369
44308, 0.00880386
44309, 0.00880403
44310, 0.00880421
44311, 0.00880438
44312, 0.00880455
44313, 0.00880473
44314, 0.00880490
44315, 0.00880507
44316, 0.00880525
44317, 0.00880542
44318, 0.00880559
44319, 0.00880576
44320, 0.00880594
44321, 0.00880611
44322, 0.00880628
44323, 0.00880646
44324, 0.00880663
44325, 0.00880681
44326, 0.00880701
44327, 0.00880719
44328, 0.00880736
44329, 0.00880753
44330, 0.00880771
44331, 0.00880788
44332, 0.00880806
44333, 0.00880824
44334, 0.00880842
44335, 0.00880859
44336, 0.00880877
44337, 0.00880894
44338, 0.00880911
44339, 0.00880929
44340, 0.00880946
44341, 0.00880964
44342, 0.00880981
44343, 0.00880998
44344, 0.00881016
44345, 0.00881033
44346, 0.00881050
44347, 0.00881068
44348, 0.00881086
44349, 0.00881103
44350, 0.00881120
44351, 0.00881137
44352, 0.00881155
44353, 0.00881172
44354, 0.00881189
44355, 0.00881207
44356, 0.00881225
44357, 0.00881891
44358, 0.00881912
44359, 0.00881938
44360, 0.00881956
44361, 0.00881974
44362, 0.00881991
44363, 0.00882009
44364, 0.00882026
44365, 0.00882044
44366, 0.00882062
44367, 0.00882081
44368, 0.00882098
44369, 0.00882116
44370, 0.00882133
44371, 0.00882150
44372, 0.00882168
44373, 0.00882186
44374, 0.00882203
44375, 0.00882221
44376, 0.00882238
44377, 0.00882255
44378, 0.00882273
44379, 0.00882290
44380, 0.00882307
44381, 0.00882325
44382, 0.00882342
44383, 0.00882359
44384, 0.00882377
44385, 0.00882394
44386, 0.00882411
44387, 0.00882428
44388, 0.00882446
44389, 0.00882463
44390, 0.00882480
44391, 0.00882498
44392, 0.00882515
44393, 0.00882532
44394, 0.00882550
44395, 0.00882567
44396, 0.00882584
44397, 0.00882602
44398, 0.00882619
44399, 0.00882636
44400, 0.00882654
44401, 0.00882671
44402, 0.00882689
44403, 0.00882707
44404, 0.00882724
44405, 0.00882742
44406, 0.00882760
44407, 0.00882777
44408, 0.00882794
44409, 0.00882812
44410, 0.00882829
44411, 0.00882846
44412, 0.00882864
44413, 0.00882881
44414, 0.00882899
44415, 0.00882916
44416, 0.00882934
44417, 0.00882951
44418, 0.00882969
44419, 0.00882986
44420, 0.00883004
44421, 0.00883021
44422, 0.00883039
44423, 0.00883056
44424, 0.00883073
44425, 0.00883090
44426, 0.00883107
44427, 0.00883125
44428, 0.00883142
44429, 0.00883159
44430, 0.00883177
44431, 0.00883194
44432, 0.00883211
44433, 0.00883229
44434, 0.00883246
44435, 0.00883264
44436, 0.00883281
44437, 0.00883298
44438, 0.00883316
44439, 0.00883333
44440, 0.00883351
44441, 0.00883368
44442, 0.00883385
44443, 0.00883402
44444, 0.00883419
44445, 0.00883437
44446, 0.00883454
44447, 0.00883471
44448, 0.00883488
44449, 0.00883506
44450, 0.00883523
44451, 0.00883541
44452, 0.00883558
44453, 0.00883576
44454, 0.00883593
44455, 0.00883610
44456, 0.00883628
44457, 0.00883645
44458, 0.00883663
44459, 0.00883680
44460, 0.00883697
44461, 0.00883715
44462, 0.00883732
44463, 0.00883749
44464, 0.00883766
44465, 0.00883784
44466, 0.00883801
44467, 0.00883819
44468, 0.00883837
44469, 0.00883854
44470, 0.00883872
44471, 0.00883889
44472, 0.00883907
44473, 0.00883925
44474, 0.00883942
44475, 0.00883960
44476, 0.00883977
44477, 0.00883994
44478, 0.00884012
44479, 0.00884030
44480, 0.00884047
44481, 0.00884065
44482, 0.00884083
44483, 0.00884294
44484, 0.00884315
44485, 0.00884334
44486, 0.00884352
44487, 0.00884370
44488, 0.00884388
44489, 0.00884405
44490, 0.00884423
44491, 0.00884440
44492, 0.00884457
44493, 0.00884474
44494, 0.00884491
44495, 0.00884508
44496, 0.00884525
44497, 0.00884543
44498, 0.00884560
44499, 0.00884577
44500, 0.00884595
44501, 0.00884612
44502, 0.00884629
44503, 0.00884647
44504, 0.00884664
44505, 0.00884681
44506, 0.00884698
44507, 0.00884715
44508, 0.00884733
44509, 0.00884750
44510, 0.00884767
44511, 0.00884785
44512, 0.00884802
44513, 0.00884819
44514, 0.00884836
44515, 0.00884854
44516, 0.00884871
44517, 0.00884888
44518, 0.00884905
44519, 0.00884923
44520, 0.00884940
44521, 0.00884957
44522, 0.00884975
44523, 0.00884992
44524, 0.00885010
44525, 0.00885027
44526, 0.00885044
44527, 0.00885061
44528, 0.00885078
44529, 0.00885096
44530, 0.00885114
44531, 0.00885131
44532, 0.00885149
44533, 0.00885166
44534, 0.00885183
44535, 0.00885200
44536, 0.00885218
44537, 0.00885235
44538, 0.00885252
44539, 0.00885270
44540, 0.00885287
44541, 0.00885304
44542, 0.00885321
44543, 0.00885349
44544, 0.00885366
44545, 0.00885383
44546, 0.00885401
44547, 0.00885418
44548, 0.00885435
44549, 0.00885452
44550, 0.00885470
44551, 0.00885487
44552, 0.00885504
44553, 0.00885522
44554, 0.00885539
44555, 0.00885556
44556, 0.00885573
44557, 0.00885590
44558, 0.00885607
44559, 0.00885625
44560, 0.00885642
44561, 0.00885659
44562, 0.00885677
44563, 0.00885694
44564, 0.00885712
44565, 0.00885729
44566, 0.00885746
44567, 0.00885763
44568, 0.00885781
44569, 0.00885798
44570, 0.00885815
44571, 0.00885833
44572, 0.00885850
44573, 0.00885867
44574, 0.00885884
44575, 0.00885906
44576, 0.00885923
44577, 0.00885940
44578, 0.00885958
44579, 0.00885975
44580, 0.00885992
44581, 0.00886010
44582, 0.00886027
44583, 0.00886045
44584, 0.00886062
44585, 0.00886079
44586, 0.00886097
44587, 0.00886114
44588, 0.00886131
44589, 0.00886148
44590, 0.00886165
44591, 0.00886183
44592, 0.00886200
44593, 0.00886217
44594, 0.00886234
44595, 0.00886252
44596, 0.00886269
44597, 0.00886286
44598, 0.00886303
44599, 0.00886320
44600, 0.00886338
44601, 0.00886355
44602, 0.00886372
44603, 0.00886389
44604, 0.00886407
44605, 0.00886424
44606, 0.00886441
44607, 0.00886459
44608, 0.00886477
44609, 0.00886687
44610, 0.00886707
44611, 0.00886725
44612, 0.00886743
44613, 0.00886761
44614, 0.00886779
44615, 0.00886797
44616, 0.00886814
44617, 0.00886832
44618, 0.00886850
44619, 0.00886867
44620, 0.00886885
44621, 0.00886902
44622, 0.00886919
44623, 0.00886937
44624, 0.00886955
44625, 0.00886972
44626, 0.00886989
44627, 0.00887007
44628, 0.00887024
44629, 0.00887042
44630, 0.00887059
44631, 0.00887077
44632, 0.00887094
44633, 0.00887111
44634, 0.00887129
44635, 0.00887146
44636, 0.00887164
44637, 0.00887181
44638, 0.00887199
44639, 0.00887217
44640, 0.00887235
44641, 0.00887252
44642, 0.00887270
44643, 0.00887287
44644, 0.00887305
44645, 0.00887323
44646, 0.00887340
44647, 0.00887357
44648, 0.00887375
44649, 0.00887393
44650, 0.00887410
44651, 0.00887428
44652, 0.00887445
44653, 0.00887463
44654, 0.00887481
44655, 0.00887498
44656, 0.00887516
44657, 0.00887533
44658, 0.00887551
44659, 0.00887568
44660, 0.00887586
44661, 0.00887603
44662, 0.00887621
44663, 0.00887639
44664, 0.00887657
44665, 0.00887674
44666, 0.00887692
44667, 0.00887709
44668, 0.00887727
44669, 0.00887744
44670, 0.00887761
44671, 0.00887779
44672, 0.00887796
44673, 0.00887813
44674, 0.00887831
44675, 0.00887848
44676, 0.00887866
44677, 0.00887883
44678, 0.00887901
44679, 0.00887918
44680, 0.00887936
44681, 0.00887953
44682, 0.00887970
44683, 0.00887988
44684, 0.00888005
44685, 0.00888023
44686, 0.00888040
44687, 0.00888057
44688, 0.00888075
44689, 0.00888092
44690, 0.00888109
44691, 0.00888127
44692, 0.00888144
44693, 0.00888162
44694, 0.00888179
44695, 0.00888197
44696, 0.00888214
44697, 0.00888231
44698, 0.00888249
44699, 0.00888268
44700, 0.00888286
44701, 0.00888303
44702, 0.00888321
44703, 0.00888339
44704, 0.00888357
44705, 0.00888374
44706, 0.00888392
44707, 0.00888409
44708, 0.00888427
44709, 0.00888445
44710, 0.00888462
44711, 0.00888480
44712, 0.00888497
44713, 0.00888515
44714, 0.00888532
44715, 0.00888550
44716, 0.00888569
44717, 0.00888587
44718, 0.00888605
44719, 0.00888623
44720, 0.00888640
44721, 0.00888658
44722, 0.00888677
44723, 0.00888695
44724, 0.00888712
44725, 0.00888731
44726, 0.00888749
44727, 0.00888767
44728, 0.00888785
44729, 0.00888802
44730, 0.00888820
44731, 0.00888837
44732, 0.00888855
44733, 0.00888872
44734, 0.00888891
44735, 0.00889104
44736, 0.00889124
44737, 0.00889141
44738, 0.00889159
44739, 0.00889176
44740, 0.00889194
44741, 0.00889212
44742, 0.00889229
44743, 0.00889247
44744, 0.00889264
44745, 0.00889282
44746, 0.00889299
44747, 0.00889316
44748, 0.00889334
44749, 0.00889351
44750, 0.00889369
44751, 0.00889386
44752, 0.00889403
44753, 0.00889420
44754, 0.00889437
44755, 0.00889455
44756, 0.00889472
44757, 0.00889489
44758, 0.00889507
44759, 0.00889524
44760, 0.00889541
44761, 0.00889559
44762, 0.00889576
44763, 0.00889594
44764, 0.00889611
44765, 0.00889628
44766, 0.00889646
44767, 0.00889663
44768, 0.00889680
44769, 0.00889698
44770, 0.00889715
44771, 0.00889733
44772, 0.00889750
44773, 0.00889768
44774, 0.00889785
44775, 0.00889803
44776, 0.00889820
44777, 0.00889838
44778, 0.00889855
44779, 0.00889872
44780, 0.00889889
44781, 0.00889907
44782, 0.00889924
44783, 0.00889942
44784, 0.00889959
44785, 0.00889977
44786, 0.00889994
44787, 0.00890011
44788, 0.00890028
44789, 0.00890046
44790, 0.00890063
44791, 0.00890080
44792, 0.00890097
44793, 0.00890115
44794, 0.00890132
44795, 0.00890149
44796, 0.00890167
44797, 0.00890184
44798, 0.00890201
44799, 0.00890218
44800, 0.00890236
44801, 0.00890253
44802, 0.00890270
44803, 0.00890287
44804, 0.00890304
44805, 0.00890322
44806, 0.00890339
44807, 0.00890356
44808, 0.00890373
44809, 0.00890391
44810, 0.00890408
44811, 0.00890425
44812, 0.00890443
44813, 0.00890460
44814, 0.00890478
44815, 0.00890495
44816, 0.00890512
44817, 0.00890530
44818, 0.00890547
44819, 0.00890564
44820, 0.00890582
44821, 0.00890599
44822, 0.00890617
44823, 0.00890634
44824, 0.00890652
44825, 0.00890670
44826, 0.00890687
44827, 0.00890704
44828, 0.00890722
44829, 0.00890739
44830, 0.00890756
44831, 0.00890774
44832, 0.00890791
44833, 0.00890808
44834, 0.00890826
44835, 0.00890843
44836, 0.00890860
44837, 0.00890878
44838, 0.00890895
44839, 0.00890913
44840, 0.00890930
44841, 0.00890947
44842, 0.00890965
44843, 0.00890982
44844, 0.00891000
44845, 0.00891017
44846, 0.00891034
44847, 0.00891051
44848, 0.00891069
44849, 0.00891086
44850, 0.00891104
44851, 0.00891122
44852, 0.00891140
44853, 0.00891157
44854, 0.00891176
44855, 0.00891194
44856, 0.00891212
44857, 0.00891230
44858, 0.00891248
44859, 0.00891266
44860, 0.00891286
44861, 0.00891497
44862, 0.00891519
44863, 0.00891537
44864, 0.00891557
44865, 0.00891576
44866, 0.00891594
44867, 0.00891612
44868, 0.00891630
44869, 0.00891648
44870, 0.00891666
44871, 0.00891684
44872, 0.00891702
44873, 0.00891720
44874, 0.00891737
44875, 0.00891755
44876, 0.00891773
44877, 0.00891790
44878, 0.00891808
44879, 0.00891828
44880, 0.00891846
44881, 0.00891864
44882, 0.00891882
44883, 0.00891900
44884, 0.00891917
44885, 0.00891935
44886, 0.00891953
44887, 0.00891971
44888, 0.00891988
44889, 0.00892006
44890, 0.00892023
44891, 0.00892041
44892, 0.00892059
44893, 0.00892076
44894, 0.00892094
44895, 0.00892112
44896, 0.00892130
44897, 0.00892148
44898, 0.00892166
44899, 0.00892186
44900, 0.00892204
44901, 0.00892222
44902, 0.00892240
44903, 0.00892258
44904, 0.00892276
44905, 0.00892294
44906, 0.00892312
44907, 0.00892329
44908, 0.00892347
44909, 0.00892365
44910, 0.00892383
44911, 0.00892401
44912, 0.00892419
44913, 0.00892437
44914, 0.00892455
44915, 0.00892472
44916, 0.00892490
44917, 0.00892508
44918, 0.00892526
44919, 0.00892544
44920, 0.00892562
44921, 0.00892579
44922, 0.00892596
44923, 0.00892614
44924, 0.00892635
44925, 0.00892654
44926, 0.00892672
44927, 0.00892690
44928, 0.00892708
44929, 0.00892726
44930, 0.00892744
44931, 0.00892761
44932, 0.00892779
44933, 0.00892797
44934, 0.00892815
44935, 0.00892833
44936, 0.00892850
44937, 0.00892868
44938, 0.00892889
44939, 0.00892906
44940, 0.00892924
44941, 0.00892942
44942, 0.00892960
44943, 0.00892978
44944, 0.00892996
44945, 0.00893014
44946, 0.00893032
44947, 0.00893049
44948, 0.00893067
44949, 0.00893085
44950, 0.00893103
44951, 0.00893121
44952, 0.00893139
44953, 0.00893156
44954, 0.00893174
44955, 0.00893192
44956, 0.00893209
44957, 0.00893227
44958, 0.00893247
44959, 0.00893265
44960, 0.00893283
44961, 0.00893301
44962, 0.00893318
44963, 0.00893336
44964, 0.00893353
44965, 0.00893371
44966, 0.00893389
44967, 0.00893406
44968, 0.00893424
44969, 0.00893442
44970, 0.00893460
44971, 0.00893480
44972, 0.00893498
44973, 0.00893516
44974, 0.00893535
44975, 0.00893553
44976, 0.00893571
44977, 0.00893589
44978, 0.00893607
44979, 0.00893624
44980, 0.00893642
44981, 0.00893660
44982, 0.00893678
44983, 0.00893696
44984, 0.00893715
44985, 0.00893733
44986, 0.00893752
44987, 0.00893962
44988, 0.00893983
44989, 0.00894001
44990, 0.00894019
44991, 0.00894037
44992, 0.00894055
44993, 0.00894073
44994, 0.00894090
44995, 0.00894108
44996, 0.00894125
44997, 0.00894143
44998, 0.00894160
44999, 0.00894177
45000, 0.00894195
45001, 0.00894213
45002, 0.00894230
45003, 0.00894247
45004, 0.00894265
45005, 0.00894282
45006, 0.00894301
45007, 0.00894318
45008, 0.00894336
45009, 0.00894353
45010, 0.00894370
45011, 0.00894388
45012, 0.00894405
45013, 0.00894423
45014, 0.00894440
45015, 0.00894457
45016, 0.00894475
45017, 0.00894493
45018, 0.00894510
45019, 0.00894528
45020, 0.00894545
45021, 0.00894563
45022, 0.00894580
45023, 0.00894597
45024, 0.00894615
45025, 0.00894632
45026, 0.00894650
45027, 0.00894667
45028, 0.00894685
45029, 0.00894702
45030, 0.00894719
45031, 0.00894737
45032, 0.00894754
45033, 0.00894772
45034, 0.00894789
45035, 0.00894806
45036, 0.00894824
45037, 0.00894842
45038, 0.00894859
45039, 0.00894883
45040, 0.00894900
45041, 0.00894917
45042, 0.00894935
45043, 0.00894952
45044, 0.00894970
45045, 0.00894988
45046, 0.00895005
45047, 0.00895023
45048, 0.00895040
45049, 0.00895058
45050, 0.00895075
45051, 0.00895092
45052, 0.00895110
45053, 0.00895127
45054, 0.00895145
45055, 0.00895170
45056, 0.00895188
45057, 0.00895205
45058, 0.00895222
45059, 0.00895240
45060, 0.00895257
45061, 0.00895274
45062, 0.00895292
45063, 0.00895309
45064, 0.00895326
45065, 0.00895344
45066, 0.00895361
45067, 0.00895379
45068, 0.00895396
45069, 0.00895414
45070, 0.00895431
45071, 0.00895448
45072, 0.00895465
45073, 0.00895483
45074, 0.00895500
45075, 0.00895518
45076, 0.00895535
45077, 0.00895553
45078, 0.00895570
45079, 0.00895588
45080, 0.00895605
45081, 0.00895622
45082, 0.00895640
45083, 0.00895657
45084, 0.00895676
45085, 0.00895693
45086, 0.00895711
45087, 0.00895728
45088, 0.00895745
45089, 0.00895763
45090, 0.00895780
45091, 0.00895797
45092, 0.00895815
45093, 0.00895833
45094, 0.00895850
45095, 0.00895867
45096, 0.00895885
45097, 0.00895903
45098, 0.00895920
45099, 0.00895937
45100, 0.00895955
45101, 0.00895972
45102, 0.00895990
45103, 0.00896007
45104, 0.00896024
45105, 0.00896042
45106, 0.00896060
45107, 0.00896077
45108, 0.00896095
45109, 0.00896112
45110, 0.00896130
45111, 0.00896148
45112, 0.00896167
45113, 0.00896387
45114, 0.00896407
45115, 0.00896425
45116, 0.00896442
45117, 0.00896459
45118, 0.00896477
45119, 0.00896494
45120, 0.00896512
45121, 0.00896529
45122, 0.00896547
45123, 0.00896564
45124, 0.00896581
45125, 0.00896599
45126, 0.00896616
45127, 0.00896634
45128, 0.00896651
45129, 0.00896668
45130, 0.00896686
45131, 0.00896705
45132, 0.00896722
45133, 0.00896739
45134, 0.00896757
45135, 0.00896774
45136, 0.00896791
45137, 0.00896809
45138, 0.00896826
45139, 0.00896844
45140, 0.00896861
45141, 0.00896879
45142, 0.00896896
45143, 0.00896914
45144, 0.00896931
45145, 0.00896949
45146, 0.00896967
45147, 0.00896984
45148, 0.00897002
45149, 0.00897019
45150, 0.00897037
45151, 0.00897054
45152, 0.00897072
45153, 0.00897089
45154, 0.00897107
45155, 0.00897124
45156, 0.00897142
45157, 0.00897159
45158, 0.00897176
45159, 0.00897194
45160, 0.00897211
45161, 0.00897229
45162, 0.00897246
45163, 0.00897264
45164, 0.00897281
45165, 0.00897299
45166, 0.00897317
45167, 0.00897335
45168, 0.00897352
45169, 0.00897370
45170, 0.00897388
45171, 0.00897405
45172, 0.00897423
45173, 0.00897440
45174, 0.00897457
45175, 0.00897475
45176, 0.00897492
45177, 0.00897509
45178, 0.00897527
45179, 0.00897544
45180, 0.00897561
45181, 0.00897579
45182, 0.00897596
45183, 0.00897613
45184, 0.00897631
45185, 0.00897648
45186, 0.00897665
45187, 0.00897682
45188, 0.00897699
45189, 0.00897717
45190, 0.00897734
45191, 0.00897752
45192, 0.00897769
45193, 0.00897786
45194, 0.00897803
45195, 0.00897820
45196, 0.00897837
45197, 0.00897855
45198, 0.00897872
45199, 0.00897890
45200, 0.00897907
45201, 0.00897924
45202, 0.00897942
45203, 0.00897959
45204, 0.00897976
45205, 0.00897999
45206, 0.00898019
45207, 0.00898037
45208, 0.00898054
45209, 0.00898071
45210, 0.00898089
45211, 0.00898106
45212, 0.00898124
45213, 0.00898141
45214, 0.00898158
45215, 0.00898176
45216, 0.00898193
45217, 0.00898211
45218, 0.00898228
45219, 0.00898245
45220, 0.00898263
45221, 0.00898280
45222, 0.00898297
45223, 0.00898315
45224, 0.00898332
45225, 0.00898350
45226, 0.00898368
45227, 0.00898385
45228, 0.00898402
45229, 0.00898420
45230, 0.00898437
45231, 0.00898454
45232, 0.00898472
45233, 0.00898489
45234, 0.00898507
45235, 0.00898524
45236, 0.00898541
45237, 0.00898558
45238, 0.00898577
45239, 0.00898793
45240, 0.00898813
45241, 0.00898830
45242, 0.00898848
45243, 0.00898865
45244, 0.00898883
45245, 0.00898900
45246, 0.00898918
45247, 0.00898935
45248, 0.00898952
45249, 0.00898970
45250, 0.00898988
45251, 0.00899005
45252, 0.00899023
45253, 0.00899040
45254, 0.00899058
45255, 0.00899075
45256, 0.00899092
45257, 0.00899110
45258, 0.00899127
45259, 0.00899144
45260, 0.00899162
45261, 0.00899179
45262, 0.00899196
45263, 0.00899214
45264, 0.00899231
45265, 0.00899248
45266, 0.00899266
45267, 0.00899283
45268, 0.00899301
45269, 0.00899318
45270, 0.00899335
45271, 0.00899353
45272, 0.00899370
45273, 0.00899388
45274, 0.00899405
45275, 0.00899422
45276, 0.00899440
45277, 0.00899458
45278, 0.00899475
45279, 0.00899492
45280, 0.00899510
45281, 0.00899528
45282, 0.00899545
45283, 0.00899562
45284, 0.00899580
45285, 0.00899597
45286, 0.00899615
45287, 0.00899632
45288, 0.00899650
45289, 0.00899667
45290, 0.00899684
45291, 0.00899702
45292, 0.00899719
45293, 0.00899739
45294, 0.00899756
45295, 0.00899773
45296, 0.00899791
45297, 0.00899808
45298, 0.00899825
45299, 0.00899843
45300, 0.00899860
45301, 0.00899877
45302, 0.00899895
45303, 0.00899912
45304, 0.00899930
45305, 0.00899947
45306, 0.00899965
45307, 0.00899982
45308, 0.00900000
45309, 0.00900017
45310, 0.00900034
45311, 0.00900052
45312, 0.00900069
45313, 0.00900087
45314, 0.00900104
45315, 0.00900121
45316, 0.00900139
45317, 0.00900156
45318, 0.00900174
45319, 0.00900191
45320, 0.00900208
45321, 0.00900225
45322, 0.00900242
45323, 0.00900260
45324, 0.00900277
45325, 0.00900294
45326, 0.00900312
45327, 0.00900329
45328, 0.00900346
45329, 0.00900363
45330, 0.00900381
45331, 0.00900398
45332, 0.00900415
45333, 0.00900432
45334, 0.00900450
45335, 0.00900467
45336, 0.00900485
45337, 0.00900502
45338, 0.00900520
45339, 0.00900537
45340, 0.00900554
45341, 0.00900572
45342, 0.00900591
45343, 0.00900609
45344, 0.00900626
45345, 0.00900643
45346, 0.00900661
45347, 0.00900678
45348, 0.00900696
45349, 0.00900713
45350, 0.00900731
45351, 0.00900748
45352, 0.00900765
45353, 0.00900783
45354, 0.00900800
45355, 0.00900818
45356, 0.00900835
45357, 0.00900852
45358, 0.00900869
45359, 0.00900887
45360, 0.00900904
45361, 0.00900921
45362, 0.00900938
45363, 0.00900956
45364, 0.00900975
45365, 0.00901180
45366, 0.00901200
45367, 0.00901218
45368, 0.00901236
45369, 0.00901254
45370, 0.00901271
45371, 0.00901288
45372, 0.00901306
45373, 0.00901324
45374, 0.00901342
45375, 0.00901360
45376, 0.00901377
45377, 0.00901395
45378, 0.00901412
45379, 0.00901430
45380, 0.00901447
45381, 0.00901465
45382, 0.00901482
45383, 0.00901500
45384, 0.00901518
45385, 0.00901535
45386, 0.00901553
45387, 0.00901571
45388, 0.00901588
45389, 0.00901606
45390, 0.00901624
45391, 0.00901641
45392, 0.00901658
45393, 0.00901676
45394, 0.00901693
45395, 0.00901710
45396, 0.00901728
45397, 0.00901745
45398, 0.00901763
45399, 0.00901780
45400, 0.00901797
45401, 0.00901815
45402, 0.00901832
45403, 0.00901849
45404, 0.00901867
45405, 0.00901884
45406, 0.00901902
45407, 0.00901919
45408, 0.00901936
45409, 0.00901954
45410, 0.00901971
45411, 0.00901989
45412, 0.00902006
45413, 0.00902023
45414, 0.00902041
45415, 0.00902059
45416, 0.00902076
45417, 0.00902093
45418, 0.00902111
45419, 0.00902128
45420, 0.00902145
45421, 0.00902163
45422, 0.00902180
45423, 0.00902197
45424, 0.00902215
45425, 0.00902232
45426, 0.00902250
45427, 0.00902267
45428, 0.00902284
45429, 0.00902302
45430, 0.00902319
45431, 0.00902337
45432, 0.00902354
45433, 0.00902372
45434, 0.00902389
45435, 0.00902407
45436, 0.00902424
45437, 0.00902442
45438, 0.00902465
45439, 0.00902482
45440, 0.00902500
45441, 0.00902517
45442, 0.00902535
45443, 0.00902552
45444, 0.00902570
45445, 0.00902587
45446, 0.00902604
45447, 0.00902622
45448, 0.00902639
45449, 0.00902657
45450, 0.00902674
45451, 0.00902692
45452, 0.00902709
45453, 0.00902726
45454, 0.00902744
45455, 0.00902761
45456, 0.00902778
45457, 0.00902796
45458, 0.00902814
45459, 0.00902831
45460, 0.00902849
45461, 0.00902866
45462, 0.00902884
45463, 0.00902901
45464, 0.00902918
45465, 0.00902936
45466, 0.00902953
45467, 0.00902970
45468, 0.00902988
45469, 0.00903005
45470, 0.00903022
45471, 0.00903040
45472, 0.00903057
45473, 0.00903075
45474, 0.00903092
45475, 0.00903109
45476, 0.00903127
45477, 0.00903144
45478, 0.00903161
45479, 0.00903179
45480, 0.00903196
45481, 0.00903214
45482, 0.00903231
45483, 0.00903249
45484, 0.00903266
45485, 0.00903284
45486, 0.00903301
45487, 0.00903319
45488, 0.00903336
45489, 0.00903354
45490, 0.00903372
45491, 0.00903790
45492, 0.00903809
45493, 0.00903827
45494, 0.00903846
45495, 0.00903864
45496, 0.00903882
45497, 0.00903900
45498, 0.00903918
45499, 0.00903937
45500, 0.00903954
45501, 0.00903972
45502, 0.00903989
45503, 0.00904007
45504, 0.00904024
45505, 0.00904041
45506, 0.00904059
45507, 0.00904076
45508, 0.00904094
45509, 0.00904111
45510, 0.00904128
45511, 0.00904146
45512, 0.00904163
45513, 0.00904180
45514, 0.00904198
45515, 0.00904216
45516, 0.00904233
45517, 0.00904250
45518, 0.00904268
45519, 0.00904285
45520, 0.00904303
45521, 0.00904320
45522, 0.00904337
45523, 0.00904354
45524, 0.00904372
45525, 0.00904389
45526, 0.00904407
45527, 0.00904424
45528, 0.00904441
45529, 0.00904459
45530, 0.00904476
45531, 0.00904493
45532, 0.00904511
45533, 0.00904528
45534, 0.00904545
45535, 0.00904562
45536, 0.00904580
45537, 0.00904597
45538, 0.00904615
45539, 0.00904632
45540, 0.00904650
45541, 0.00904667
45542, 0.00904685
45543, 0.00904703
45544, 0.00904720
45545, 0.00904738
45546, 0.00904755
45547, 0.00904772
45548, 0.00904790
45549, 0.00904807
45550, 0.00904824
45551, 0.00904842
45552, 0.00904859
45553, 0.00904877
45554, 0.00904894
45555, 0.00904911
45556, 0.00904929
45557, 0.00904946
45558, 0.00904964
45559, 0.00904981
45560, 0.00904999
45561, 0.00905016
45562, 0.00905034
45563, 0.00905051
45564, 0.00905071
45565, 0.00905088
45566, 0.00905105
45567, 0.00905132
45568, 0.00905150
45569, 0.00905168
45570, 0.00905187
45571, 0.00905205
45572, 0.00905223
45573, 0.00905242
45574, 0.00905260
45575, 0.00905279
45576, 0.00905297
45577, 0.00905315
45578, 0.00905334
45579, 0.00905352
45580, 0.00905370
45581, 0.00905388
45582, 0.00905407
45583, 0.00905425
45584, 0.00905444
45585, 0.00905462
45586, 0.00905480
45587, 0.00905498
45588, 0.00905516
45589, 0.00905534
45590, 0.00905552
45591, 0.00905570
45592, 0.00905588
45593, 0.00905607
45594, 0.00905625
45595, 0.00905643
45596, 0.00905661
45597, 0.00905679
45598, 0.00905697
45599, 0.00905715
45600, 0.00905733
45601, 0.00905751
45602, 0.00905769
45603, 0.00905787
45604, 0.00905805
45605, 0.00905823
45606, 0.00905842
45607, 0.00905860
45608, 0.00905877
45609, 0.00905896
45610, 0.00905914
45611, 0.00905932
45612, 0.00905950
45613, 0.00905968
45614, 0.00905986
45615, 0.00906004
45616, 0.00906024
45617, 0.00906233
45618, 0.00906252
45619, 0.00906271
45620, 0.00906288
45621, 0.00906306
45622, 0.00906323
45623, 0.00906341
45624, 0.00906358
45625, 0.00906375
45626, 0.00906393
45627, 0.00906410
45628, 0.00906427
45629, 0.00906445
45630, 0.00906462
45631, 0.00906479
45632, 0.00906496
45633, 0.00906513
45634, 0.00906531
45635, 0.00906548
45636, 0.00906565
45637, 0.00906583
45638, 0.00906600
45639, 0.00906617
45640, 0.00906637
45641, 0.00906654
45642, 0.00906672
45643, 0.00906689
45644, 0.00906706
45645, 0.00906724
45646, 0.00906741
45647, 0.00906758
45648, 0.00906776
45649, 0.00906793
45650, 0.00906810
45651, 0.00906827
45652, 0.00906845
45653, 0.00906862
45654, 0.00906879
45655, 0.00906897
45656, 0.00906914
45657, 0.00906932
45658, 0.00906949
45659, 0.00906966
45660, 0.00906983
45661, 0.00907000
45662, 0.00907018
45663, 0.00907035
45664, 0.00907052
45665, 0.00907069
45666, 0.00907087
45667, 0.00907104
45668, 0.00907121
45669, 0.00907139
45670, 0.00907156
45671, 0.00907174
45672, 0.00907191
45673, 0.00907209
45674, 0.00907226
45675, 0.00907243
45676, 0.00907261
45677, 0.00907278
45678, 0.00907296
45679, 0.00907313
45680, 0.00907331
45681, 0.00907348
45682, 0.00907365
45683, 0.00907383
45684, 0.00907400
45685, 0.00907417
45686, 0.00907435
45687, 0.00907452
45688, 0.00907470
45689, 0.00907489
45690, 0.00907506
45691, 0.00907523
45692, 0.00907540
45693, 0.00907558
45694, 0.00907575
45695, 0.00907592
45696, 0.00907609
45697, 0.00907626
45698, 0.00907644
45699, 0.00907661
45700, 0.00907678
45701, 0.00907696
45702, 0.00907713
45703, 0.00907730
45704, 0.00907748
45705, 0.00907765
45706, 0.00907783
45707, 0.00907801
45708, 0.00907818
45709, 0.00907836
45710, 0.00907853
45711, 0.00907871
45712, 0.00907889
45713, 0.00907906
45714, 0.00907927
45715, 0.00907945
45716, 0.00907962
45717, 0.00907979
45718, 0.00907997
45719, 0.00908014
45720, 0.00908031
45721, 0.00908049
45722, 0.00908066
45723, 0.00908083
45724, 0.00908101
45725, 0.00908118
45726, 0.00908135
45727, 0.00908154
45728, 0.00908172
45729, 0.00908189
45730, 0.00908206
45731, 0.00908223
45732, 0.00908240
45733, 0.00908258
45734, 0.00908275
45735, 0.00908292
45736, 0.00908309
45737, 0.00908327
45738, 0.00908344
45739, 0.00908361
45740, 0.00908379
45741, 0.00908396
45742, 0.00908416
45743, 0.00908626
45744, 0.00908645
45745, 0.00908663
45746, 0.00908680
45747, 0.00908698
45748, 0.00908716
45749, 0.00908734
45750, 0.00908752
45751, 0.00908770
45752, 0.00908787
45753, 0.00908805
45754, 0.00908822
45755, 0.00908840
45756, 0.00908858
45757, 0.00908876
45758, 0.00908893
45759, 0.00908911
45760, 0.00908928
45761, 0.00908946
45762, 0.00908963
45763, 0.00908981
45764, 0.00908999
45765, 0.00909017
45766, 0.00909035
45767, 0.00909053
45768, 0.00909070
45769, 0.00909088
45770, 0.00909106
45771, 0.00909123
45772, 0.00909141
45773, 0.00909158
45774, 0.00909176
45775, 0.00909194
45776, 0.00909211
45777, 0.00909229
45778, 0.00909246
45779, 0.00909264
45780, 0.00909281
45781, 0.00909299
45782, 0.00909317
45783, 0.00909334
45784, 0.00909351
45785, 0.00909369
45786, 0.00909386
45787, 0.00909404
45788, 0.00909421
45789, 0.00909439
45790, 0.00909456
45791, 0.00909474
45792, 0.00909491
45793, 0.00909508
45794, 0.00909526
45795, 0.00909543
45796, 0.00909561
45797, 0.00909579
45798, 0.00909596
45799, 0.00909613
45800, 0.00909631
45801, 0.00909648
45802, 0.00909666
45803, 0.00909683
45804, 0.00909701
45805, 0.00909718
45806, 0.00909736
45807, 0.00909753
45808, 0.00909770
45809, 0.00909788
45810, 0.00909805
45811, 0.00909822
45812, 0.00909839
45813, 0.00909857
45814, 0.00909874
45815, 0.00909891
45816, 0.00909908
45817, 0.00909926
45818, 0.00909943
45819, 0.00909961
45820, 0.00909978
45821, 0.00909995
45822, 0.00910013
45823, 0.00910031
45824, 0.00910048
45825, 0.00910066
45826, 0.00910083
45827, 0.00910101
45828, 0.00910118
45829, 0.00910135
45830, 0.00910153
45831, 0.00910170
45832, 0.00910187
45833, 0.00910205
45834, 0.00910223
45835, 0.00910240
45836, 0.00910257
45837, 0.00910275
45838, 0.00910292
45839, 0.00910310
45840, 0.00910327
45841, 0.00910344
45842, 0.00910361
45843, 0.00910378
45844, 0.00910395
45845, 0.00910413
45846, 0.00910430
45847, 0.00910448
45848, 0.00910465
45849, 0.00910482
45850, 0.00910500
45851, 0.00910517
45852, 0.00910534
45853, 0.00910552
45854, 0.00910569
45855, 0.00910587
45856, 0.00910604
45857, 0.00910621
45858, 0.00910639
45859, 0.00910656
45860, 0.00910674
45861, 0.00910691
45862, 0.00910708
45863, 0.00910726
45864, 0.00910743
45865, 0.00910760
45866, 0.00910778
45867, 0.00910795
45868, 0.00910813
45869, 0.00911024
45870, 0.00911043
45871, 0.00911061
45872, 0.00911078
45873, 0.00911096
45874, 0.00911113
45875, 0.00911131
45876, 0.00911149
45877, 0.00911166
45878, 0.00911184
45879, 0.00911201
45880, 0.00911218
45881, 0.00911236
45882, 0.00911253
45883, 0.00911270
45884, 0.00911288
45885, 0.00911305
45886, 0.00911323
45887, 0.00911340
45888, 0.00911357
45889, 0.00911375
45890, 0.00911392
45891, 0.00911410
45892, 0.00911427
45893, 0.00911444
45894, 0.00911461
45895, 0.00911479
45896, 0.00911496
45897, 0.00911513
45898, 0.00911531
45899, 0.00911548
45900, 0.00911565
45901, 0.00911583
45902, 0.00911600
45903, 0.00911617
45904, 0.00911635
45905, 0.00911652
45906, 0.00911669
45907, 0.00911687
45908, 0.00911704
45909, 0.00911721
45910, 0.00911738
45911, 0.00911755
45912, 0.00911773
45913, 0.00911790
45914, 0.00911807
45915, 0.00911825
45916, 0.00911842
45917, 0.00911860
45918, 0.00911877
45919, 0.00911894
45920, 0.00911912
45921, 0.00911929
45922, 0.00911946
45923, 0.00911963
45924, 0.00911980
45925, 0.00911998
45926, 0.00912015
45927, 0.00912033
45928, 0.00912050
45929, 0.00912067
45930, 0.00912085
45931, 0.00912103
45932, 0.00912120
45933, 0.00912137
45934, 0.00912155
45935, 0.00912172
45936, 0.00912190
45937, 0.00912207
45938, 0.00912224
45939, 0.00912241
45940, 0.00912259
45941, 0.00912276
45942, 0.00912294
45943, 0.00912311
45944, 0.00912328
45945, 0.00912346
45946, 0.00912363
45947, 0.00912381
45948, 0.00912398
45949, 0.00912415
45950, 0.00912432
45951, 0.00912450
45952, 0.00912467
45953, 0.00912484
45954, 0.00912502
45955, 0.00912519
45956, 0.00912536
45957, 0.00912554
45958, 0.00912571
45959, 0.00912588
45960, 0.00912608
45961, 0.00912625
45962, 0.00912645
45963, 0.00912665
45964, 0.00912682
45965, 0.00912701
45966, 0.00912721
45967, 0.00912741
45968, 0.00912761
45969, 0.00912778
45970, 0.00912795
45971, 0.00912813
45972, 0.00912830
45973, 0.00912847
45974, 0.00912865
45975, 0.00912882
45976, 0.00912899
45977, 0.00912916
45978, 0.00912934
45979, 0.00912951
45980, 0.00912968
45981, 0.00912985
45982, 0.00913004
45983, 0.00913027
45984, 0.00913045
45985, 0.00913062
45986, 0.00913080
45987, 0.00913097
45988, 0.00913114
45989, 0.00913132
45990, 0.00913149
45991, 0.00913166
45992, 0.00913184
45993, 0.00913201
45994, 0.00913220
45995, 0.00913431
45996, 0.00913451
45997, 0.00913469
45998, 0.00913487
45999, 0.00913505
46000, 0.00913523
46001, 0.00913541
46002, 0.00913558
46003, 0.00913576
46004, 0.00913593
46005, 0.00913610
46006, 0.00913628
46007, 0.00913645
46008, 0.00913663
46009, 0.00913680
46010, 0.00913697
46011, 0.00913715
46012, 0.00913732
46013, 0.00913750
46014, 0.00913767
46015, 0.00913785
46016, 0.00913802
46017, 0.00913819
46018, 0.00913837
46019, 0.00913854
46020, 0.00913871
46021, 0.00913889
46022, 0.00913906
46023, 0.00913924
46024, 0.00913941
46025, 0.00913959
46026, 0.00913976
46027, 0.00913993
46028, 0.00914011
46029, 0.00914028
46030, 0.00914046
46031, 0.00914063
46032, 0.00914081
46033, 0.00914098
46034, 0.00914115
46035, 0.00914133
46036, 0.00914151
46037, 0.00914168
46038, 0.00914185
46039, 0.00914202
46040, 0.00914220
46041, 0.00914237
46042, 0.00914254
46043, 0.00914272
46044, 0.00914289
46045, 0.00914306
46046, 0.00914324
46047, 0.00914341
46048, 0.00914358
46049, 0.00914376
46050, 0.00914393
46051, 0.00914410
46052, 0.00914428
46053, 0.00914445
46054, 0.00914463
46055, 0.00914480
46056, 0.00914497
46057, 0.00914515
46058, 0.00914532
46059, 0.00914550
46060, 0.00914567
46061, 0.00914585
46062, 0.00914602
46063, 0.00914619
46064, 0.00914637
46065, 0.00914654
46066, 0.00914671
46067, 0.00914689
46068, 0.00914706
46069, 0.00914724
46070, 0.00914741
46071, 0.00914758
46072, 0.00914776
46073, 0.00914793
46074, 0.00914810
46075, 0.00914828
46076, 0.00914845
46077, 0.00914863
46078, 0.00914880
46079, 0.00914909
46080, 0.00914928
46081, 0.00914945
46082, 0.00914963
46083, 0.00914980
46084, 0.00914998
46085, 0.00915015
46086, 0.00915033
46087, 0.00915059
46088, 0.00915076
46089, 0.00915093
46090, 0.00915111
46091, 0.00915128
46092, 0.00915145
46093, 0.00915163
46094, 0.00915180
46095, 0.00915204
46096, 0.00915222
46097, 0.00915239
46098, 0.00915258
46099, 0.00915275
46100, 0.00915292
46101, 0.00915309
46102, 0.00915327
46103, 0.00915351
46104, 0.00915368
46105, 0.00915386
46106, 0.00915403
46107, 0.00915420
46108, 0.00915438
46109, 0.00915455
46110, 0.00915473
46111, 0.00915498
46112, 0.00915516
46113, 0.00915534
46114, 0.00915552
46115, 0.00915570
46116, 0.00915588
46117, 0.00915606
46118, 0.00915624
46119, 0.00915651
46120, 0.00915670
46121, 0.00915890
46122, 0.00915910
46123, 0.00915928
46124, 0.00915946
46125, 0.00915963
46126, 0.00915980
46127, 0.00916006
46128, 0.00916024
46129, 0.00916041
46130, 0.00916058
46131, 0.00916076
46132, 0.00916093
46133, 0.00916110
46134, 0.00916128
46135, 0.00916152
46136, 0.00916170
46137, 0.00916187
46138, 0.00916204
46139, 0.00916221
46140, 0.00916239
46141, 0.00916256
46142, 0.00916273
46143, 0.00916298
46144, 0.00916315
46145, 0.00916333
46146, 0.00916350
46147, 0.00916368
46148, 0.00916385
46149, 0.00916403
46150, 0.00916420
46151, 0.00916444
46152, 0.00916461
46153, 0.00916478
46154, 0.00916495
46155, 0.00916512
46156, 0.00916530
46157, 0.00916547
46158, 0.00916564
46159, 0.00916581
46160, 0.00916598
46161, 0.00916616
46162, 0.00916633
46163, 0.00916651
46164, 0.00916668
46165, 0.00916685
46166, 0.00916702
46167, 0.00916720
46168, 0.00916737
46169, 0.00916754
46170, 0.00916771
46171, 0.00916789
46172, 0.00916806
46173, 0.00916824
46174, 0.00916841
46175, 0.00916858
46176, 0.00916875
46177, 0.00916892
46178, 0.00916910
46179, 0.00916927
46180, 0.00916944
46181, 0.00916961
46182, 0.00916979
46183, 0.00916996
46184, 0.00917013
46185, 0.00917030
46186, 0.00917048
46187, 0.00917065
46188, 0.00917082
46189, 0.00917100
46190, 0.00917117
46191, 0.00917134
46192, 0.00917151
46193, 0.00917169
46194, 0.00917186
46195, 0.00917203
46196, 0.00917220
46197, 0.00917237
46198, 0.00917255
46199, 0.00917272
46200, 0.00917289
46201, 0.00917307
46202, 0.00917324
46203, 0.00917341
46204, 0.00917360
46205, 0.00917377
46206, 0.00917394
46207, 0.00917412
46208, 0.00917429
46209, 0.00917446
46210, 0.00917464
46211, 0.00917481
46212, 0.00917498
46213, 0.00917516
46214, 0.00917533
46215, 0.00917550
46216, 0.00917568
46217, 0.00917585
46218, 0.00917602
46219, 0.00917619
46220, 0.00917637
46221, 0.00917654
46222, 0.00917671
46223, 0.00917689
46224, 0.00917706
46225, 0.00917723
46226, 0.00917741
46227, 0.00917758
46228, 0.00917775
46229, 0.00917792
46230, 0.00917810
46231, 0.00917827
46232, 0.00917844
46233, 0.00917862
46234, 0.00917879
46235, 0.00917896
46236, 0.00917913
46237, 0.00917931
46238, 0.00917948
46239, 0.00917965
46240, 0.00917982
46241, 0.00917999
46242, 0.00918017
46243, 0.00918034
46244, 0.00918052
46245, 0.00918069
46246, 0.00918087
46247, 0.00918302
46248, 0.00918322
46249, 0.00918341
46250, 0.00918359
46251, 0.00918376
46252, 0.00918394
46253, 0.00918411
46254, 0.00918428
46255, 0.00918446
46256, 0.00918463
46257, 0.00918481
46258, 0.00918498
46259, 0.00918515
46260, 0.00918533
46261, 0.00918550
46262, 0.00918568
46263, 0.00918585
46264, 0.00918602
46265, 0.00918619
46266, 0.00918637
46267, 0.00918654
46268, 0.00918671
46269, 0.00918689
46270, 0.00918706
46271, 0.00918723
46272, 0.00918740
46273, 0.00918757
46274, 0.00918775
46275, 0.00918792
46276, 0.00918809
46277, 0.00918826
46278, 0.00918845
46279, 0.00918862
46280, 0.00918879
46281, 0.00918897
46282, 0.00918914
46283, 0.00918932
46284, 0.00918949
46285, 0.00918967
46286, 0.00918984
46287, 0.00919002
46288, 0.00919019
46289, 0.00919037
46290, 0.00919054
46291, 0.00919072
46292, 0.00919089
46293, 0.00919106
46294, 0.00919124
46295, 0.00919141
46296, 0.00919159
46297, 0.00919176
46298, 0.00919193
46299, 0.00919211
46300, 0.00919228
46301, 0.00919246
46302, 0.00919263
46303, 0.00919281
46304, 0.00919298
46305, 0.00919316
46306, 0.00919333
46307, 0.00919351
46308, 0.00919369
46309, 0.00919386
46310, 0.00919403
46311, 0.00919421
46312, 0.00919438
46313, 0.00919456
46314, 0.00919473
46315, 0.00919491
46316, 0.00919509
46317, 0.00919527
46318, 0.00919545
46319, 0.00919563
46320, 0.00919581
46321, 0.00919599
46322, 0.00919616
46323, 0.00919634
46324, 0.00919651
46325, 0.00919668
46326, 0.00919686
46327, 0.00919703
46328, 0.00919720
46329, 0.00919738
46330, 0.00919756
46331, 0.00919773
46332, 0.00919791
46333, 0.00919808
46334, 0.00919825
46335, 0.00919843
46336, 0.00919860
46337, 0.00919878
46338, 0.00919895
46339, 0.00919913
46340, 0.00919931
46341, 0.00919948
46342, 0.00919966
46343, 0.00919983
46344, 0.00920001
46345, 0.00920018
46346, 0.00920036
46347, 0.00920053
46348, 0.00920070
46349, 0.00920088
46350, 0.00920105
46351, 0.00920123
46352, 0.00920140
46353, 0.00920158
46354, 0.00920176
46355, 0.00920193
46356, 0.00920211
46357, 0.00920228
46358, 0.00920246
46359, 0.00920263
46360, 0.00920281
46361, 0.00920298
46362, 0.00920316
46363, 0.00920333
46364, 0.00920350
46365, 0.00920368
46366, 0.00920385
46367, 0.00920403
46368, 0.00920420
46369, 0.00920437
46370, 0.00920455
46371, 0.00920472
46372, 0.00920491
46373, 0.00920704
46374, 0.00920724
46375, 0.00920742
46376, 0.00920760
46377, 0.00920777
46378, 0.00920795
46379, 0.00920813
46380, 0.00920830
46381, 0.00920848
46382, 0.00920865
46383, 0.00920884
46384, 0.00920902
46385, 0.00920919
46386, 0.00920937
46387, 0.00920954
46388, 0.00920971
46389, 0.00920989
46390, 0.00921006
46391, 0.00921024
46392, 0.00921041
46393, 0.00921059
46394, 0.00921076
46395, 0.00921093
46396, 0.00921110
46397, 0.00921127
46398, 0.00921144
46399, 0.00921162
46400, 0.00921179
46401, 0.00921197
46402, 0.00921214
46403, 0.00921231
46404, 0.00921248
46405, 0.00921266
46406, 0.00921283
46407, 0.00921300
46408, 0.00921318
46409, 0.00921335
46410, 0.00921352
46411, 0.00921370
46412, 0.00921387
46413, 0.00921404
46414, 0.00921421
46415, 0.00921438
46416, 0.00921456
46417, 0.00921473
46418, 0.00921490
46419, 0.00921508
46420, 0.00921525
46421, 0.00921542
46422, 0.00921559
46423, 0.00921576
46424, 0.00921593
46425, 0.00921611
46426, 0.00921628
46427, 0.00921645
46428, 0.00921662
46429, 0.00921679
46430, 0.00921697
46431, 0.00921714
46432, 0.00921731
46433, 0.00921749
46434, 0.00921766
46435, 0.00921783
46436, 0.00921800
46437, 0.00921818
46438, 0.00921835
46439, 0.00921852
46440, 0.00921870
46441, 0.00921887
46442, 0.00921905
46443, 0.00921922
46444, 0.00921939
46445, 0.00921956
46446, 0.00921973
46447, 0.00921991
46448, 0.00922008
46449, 0.00922025
46450, 0.00922043
46451, 0.00922060
46452, 0.00922077
46453, 0.00922094
46454, 0.00922124
46455, 0.00922142
46456, 0.00922160
46457, 0.00922177
46458, 0.00922195
46459, 0.00922212
46460, 0.00922229
46461, 0.00922246
46462, 0.00922263
46463, 0.00922281
46464, 0.00922298
46465, 0.00922316
46466, 0.00922333
46467, 0.00922350
46468, 0.00922367
46469, 0.00922384
46470, 0.00922402
46471, 0.00922419
46472, 0.00922436
46473, 0.00922453
46474, 0.00922470
46475, 0.00922488
46476, 0.00922505
46477, 0.00922522
46478, 0.00922540
46479, 0.00922559
46480, 0.00922576
46481, 0.00922594
46482, 0.00922611
46483, 0.00922628
46484, 0.00922646
46485, 0.00922663
46486, 0.00922680
46487, 0.00922698
46488, 0.00922715
46489, 0.00922732
46490, 0.00922749
46491, 0.00922766
46492, 0.00922783
46493, 0.00922800
46494, 0.00922817
46495, 0.00922835
46496, 0.00922852
46497, 0.00922869
46498, 0.00922887
46499, 0.00923097
46500, 0.00923117
46501, 0.00923134
46502, 0.00923152
46503, 0.00923169
46504, 0.00923187
46505, 0.00923205
46506, 0.00923222
46507, 0.00923239
46508, 0.00923257
46509, 0.00923274
46510, 0.00923291
46511, 0.00923309
46512, 0.00923326
46513, 0.00923343
46514, 0.00923361
46515, 0.00923379
46516, 0.00923396
46517, 0.00923413
46518, 0.00923431
46519, 0.00923449
46520, 0.00923467
46521, 0.00923486
46522, 0.00923503
46523, 0.00923521
46524, 0.00923538
46525, 0.00923555
46526, 0.00923573
46527, 0.00923590
46528, 0.00923607
46529, 0.00923624
46530, 0.00923642
46531, 0.00923659
46532, 0.00923676
46533, 0.00923693
46534, 0.00923711
46535, 0.00923728
46536, 0.00923745
46537, 0.00923763
46538, 0.00923780
46539, 0.00923798
46540, 0.00923815
46541, 0.00923833
46542, 0.00923850
46543, 0.00923867
46544, 0.00923885
46545, 0.00923902
46546, 0.00923919
46547, 0.00923937
46548, 0.00923954
46549, 0.00923971
46550, 0.00923989
46551, 0.00924007
46552, 0.00924024
46553, 0.00924041
46554, 0.00924058
46555, 0.00924076
46556, 0.00924093
46557, 0.00924110
46558, 0.00924128
46559, 0.00924145
46560, 0.00924162
46561, 0.00924180
46562, 0.00924197
46563, 0.00924215
46564, 0.00924232
46565, 0.00924249
46566, 0.00924266
46567, 0.00924283
46568, 0.00924300
46569, 0.00924317
46570, 0.00924335
46571, 0.00924352
46572, 0.00924369
46573, 0.00924386
46574, 0.00924403
46575, 0.00924420
46576, 0.00924437
46577, 0.00924454
46578, 0.00924472
46579, 0.00924489
46580, 0.00924507
46581, 0.00924524
46582, 0.00924541
46583, 0.00924558
46584, 0.00924575
46585, 0.00924593
46586, 0.00924611
46587, 0.00924629
46588, 0.00924647
46589, 0.00924665
46590, 0.00924683
46591, 0.00924710
46592, 0.00924727
46593, 0.00924745
46594, 0.00924762
46595, 0.00924779
46596, 0.00924797
46597, 0.00924816
46598, 0.00924834
46599, 0.00924859
46600, 0.00924876
46601, 0.00924893
46602, 0.00924910
46603, 0.00924928
46604, 0.00924945
46605, 0.00924962
46606, 0.00924979
46607, 0.00925004
46608, 0.00925021
46609, 0.00925038
46610, 0.00925055
46611, 0.00925073
46612, 0.00925090
46613, 0.00925107
46614, 0.00925124
46615, 0.00925149
46616, 0.00925167
46617, 0.00925184
46618, 0.00925201
46619, 0.00925218
46620, 0.00925236
46621, 0.00925253
46622, 0.00925270
46623, 0.00925295
46624, 0.00925313
46625, 0.00925537
46626, 0.00925558
46627, 0.00925576
46628, 0.00925594
46629, 0.00925612
46630, 0.00925631
46631, 0.00925656
46632, 0.00925675
46633, 0.00925692
46634, 0.00925710
46635, 0.00925728
46636, 0.00925746
46637, 0.00925763
46638, 0.00925780
46639, 0.00925805
46640, 0.00925823
46641, 0.00925840
46642, 0.00925858
46643, 0.00925875
46644, 0.00925892
46645, 0.00925909
46646, 0.00925927
46647, 0.00925952
46648, 0.00925969
46649, 0.00925987
46650, 0.00926004
46651, 0.00926022
46652, 0.00926039
46653, 0.00926056
46654, 0.00926074
46655, 0.00926099
46656, 0.00926117
46657, 0.00926134
46658, 0.00926151
46659, 0.00926168
46660, 0.00926186
46661, 0.00926203
46662, 0.00926220
46663, 0.00926246
46664, 0.00926263
46665, 0.00926280
46666, 0.00926297
46667, 0.00926315
46668, 0.00926332
46669, 0.00926350
46670, 0.00926367
46671, 0.00926385
46672, 0.00926402
46673, 0.00926420
46674, 0.00926437
46675, 0.00926454
46676, 0.00926472
46677, 0.00926490
46678, 0.00926507
46679, 0.00926524
46680, 0.00926542
46681, 0.00926559
46682, 0.00926577
46683, 0.00926594
46684, 0.00926611
46685, 0.00926628
46686, 0.00926646
46687, 0.00926663
46688, 0.00926681
46689, 0.00926698
46690, 0.00926715
46691, 0.00926733
46692, 0.00926750
46693, 0.00926768
46694, 0.00926786
46695, 0.00926803
46696, 0.00926821
46697, 0.00926839
46698, 0.00926856
46699, 0.00926874
46700, 0.00926891
46701, 0.00926909
46702, 0.00926927
46703, 0.00926944
46704, 0.00926962
46705, 0.00926979
46706, 0.00926997
46707, 0.00927014
46708, 0.00927032
46709, 0.00927050
46710, 0.00927067
46711, 0.00927085
46712, 0.00927102
46713, 0.00927120
46714, 0.00927137
46715, 0.00927154
46716, 0.00927172
46717, 0.00927189
46718, 0.00927207
46719, 0.00927225
46720, 0.00927242
46721, 0.00927259
46722, 0.00927277
46723, 0.00927295
46724, 0.00927312
46725, 0.00927329
46726, 0.00927347
46727, 0.00927365
46728, 0.00927382
46729, 0.00927400
46730, 0.00927417
46731, 0.00927435
46732, 0.00927452
46733, 0.00927470
46734, 0.00927487
46735, 0.00927505
46736, 0.00927522
46737, 0.00927540
46738, 0.00927561
46739, 0.00927579
46740, 0.00927596
46741, 0.00927614
46742, 0.00927632
46743, 0.00927649
46744, 0.00927667
46745, 0.00927684
46746, 0.00927702
46747, 0.00927720
46748, 0.00927737
46749, 0.00927754
46750, 0.00927773
46751, 0.00927988
46752, 0.00928007
46753, 0.00928024
46754, 0.00928042
46755, 0.00928059
46756, 0.00928077
46757, 0.00928095
46758, 0.00928112
46759, 0.00928130
46760, 0.00928147
46761, 0.00928164
46762, 0.00928182
46763, 0.00928199
46764, 0.00928217
46765, 0.00928235
46766, 0.00928252
46767, 0.00928269
46768, 0.00928287
46769, 0.00928304
46770, 0.00928321
46771, 0.00928338
46772, 0.00928356
46773, 0.00928374
46774, 0.00928391
46775, 0.00928408
46776, 0.00928426
46777, 0.00928444
46778, 0.00928461
46779, 0.00928478
46780, 0.00928496
46781, 0.00928513
46782, 0.00928530
46783, 0.00928548
46784, 0.00928565
46785, 0.00928583
46786, 0.00928600
46787, 0.00928617
46788, 0.00928635
46789, 0.00928652
46790, 0.00928669
46791, 0.00928687
46792, 0.00928704
46793, 0.00928722
46794, 0.00928739
46795, 0.00928756
46796, 0.00928774
46797, 0.00928791
46798, 0.00928808
46799, 0.00928826
46800, 0.00928843
46801, 0.00928861
46802, 0.00928878
46803, 0.00928895
46804, 0.00928913
46805, 0.00928930
46806, 0.00928950
46807, 0.00928967
46808, 0.00928985
46809, 0.00929002
46810, 0.00929019
46811, 0.00929037
46812, 0.00929054
46813, 0.00929072
46814, 0.00929089
46815, 0.00929106
46816, 0.00929124
46817, 0.00929142
46818, 0.00929159
46819, 0.00929176
46820, 0.00929194
46821, 0.00929211
46822, 0.00929228
46823, 0.00929245
46824, 0.00929263
46825, 0.00929280
46826, 0.00929298
46827, 0.00929315
46828, 0.00929332
46829, 0.00929350
46830, 0.00929368
46831, 0.00929385
46832, 0.00929402
46833, 0.00929419
46834, 0.00929436
46835, 0.00929454
46836, 0.00929471
46837, 0.00929488
46838, 0.00929506
46839, 0.00929523
46840, 0.00929540
46841, 0.00929558
46842, 0.00929575
46843, 0.00929592
46844, 0.00929609
46845, 0.00929626
46846, 0.00929644
46847, 0.00929661
46848, 0.00929679
46849, 0.00929696
46850, 0.00929713
46851, 0.00929731
46852, 0.00929748
46853, 0.00929765
46854, 0.00929782
46855, 0.00929799
46856, 0.00929817
46857, 0.00929834
46858, 0.00929851
46859, 0.00929868
46860, 0.00929886
46861, 0.00929903
46862, 0.00929920
46863, 0.00929938
46864, 0.00929955
46865, 0.00929972
46866, 0.00929989
46867, 0.00930006
46868, 0.00930024
46869, 0.00930041
46870, 0.00930058
46871, 0.00930076
46872, 0.00930093
46873, 0.00930110
46874, 0.00930127
46875, 0.00930145
46876, 0.00930163
46877, 0.00930390
46878, 0.00930411
46879, 0.00930429
46880, 0.00930448
46881, 0.00930466
46882, 0.00930486
46883, 0.00930504
46884, 0.00930522
46885, 0.00930540
46886, 0.00930557
46887, 0.00930575
46888, 0.00930593
46889, 0.00930611
46890, 0.00930628
46891, 0.00930645
46892, 0.00930662
46893, 0.00930679
46894, 0.00930697
46895, 0.00930715
46896, 0.00930732
46897, 0.00930751
46898, 0.00930771
46899, 0.00930789
46900, 0.00930807
46901, 0.00930825
46902, 0.00930843
46903, 0.00930861
46904, 0.00930881
46905, 0.00930898
46906, 0.00930916
46907, 0.00930933
46908, 0.00930951
46909, 0.00930969
46910, 0.00930987
46911, 0.00931005
46912, 0.00931023
46913, 0.00931041
46914, 0.00931059
46915, 0.00931077
46916, 0.00931094
46917, 0.00931111
46918, 0.00931129
46919, 0.00931147
46920, 0.00931165
46921, 0.00931182
46922, 0.00931199
46923, 0.00931217
46924, 0.00931235
46925, 0.00931252
46926, 0.00931270
46927, 0.00931291
46928, 0.00931308
46929, 0.00931326
46930, 0.00931344
46931, 0.00931363
46932, 0.00931381
46933, 0.00931398
46934, 0.00931416
46935, 0.00931434
46936, 0.00931452
46937, 0.00931469
46938, 0.00931487
46939, 0.00931504
46940, 0.00931524
46941, 0.00931542
46942, 0.00931560
46943, 0.00931578
46944, 0.00931596
46945, 0.00931614
46946, 0.00931631
46947, 0.00931649
46948, 0.00931666
46949, 0.00931683
46950, 0.00931700
46951, 0.00931720
46952, 0.00931738
46953, 0.00931756
46954, 0.00931774
46955, 0.00931792
46956, 0.00931809
46957, 0.00931827
46958, 0.00931844
46959, 0.00931862
46960, 0.00931880
46961, 0.00931898
46962, 0.00931915
46963, 0.00931933
46964, 0.00931951
46965, 0.00931969
46966, 0.00931987
46967, 0.00932005
46968, 0.00932023
46969, 0.00932042
46970, 0.00932059
46971, 0.00932077
46972, 0.00932094
46973, 0.00932112
46974, 0.00932130
46975, 0.00932147
46976, 0.00932164
46977, 0.00932182
46978, 0.00932199
46979, 0.00932217
46980, 0.00932235
46981, 0.00932252
46982, 0.00932270
46983, 0.00932290
46984, 0.00932308
46985, 0.00932326
46986, 0.00932344
46987, 0.00932361
46988, 0.00932379
46989, 0.00932396
46990, 0.00932414
46991, 0.00932432
46992, 0.00932450
46993, 0.00932468
46994, 0.00932485
46995, 0.00932503
46996, 0.00932521
46997, 0.00932539
46998, 0.00932557
46999, 0.00932574
47000, 0.00932592
47001, 0.00932609
47002, 0.00932631
47003, 0.00932846
47004, 0.00932866
47005, 0.00932884
47006, 0.00932901
47007, 0.00932919
47008, 0.00932936
47009, 0.00932953
47010, 0.00932971
47011, 0.00932989
47012, 0.00933006
47013, 0.00933024
47014, 0.00933041
47015, 0.00933059
47016, 0.00933076
47017, 0.00933093
47018, 0.00933111
47019, 0.00933128
47020, 0.00933146
47021, 0.00933164
47022, 0.00933181
47023, 0.00933199
47024, 0.00933216
47025, 0.00933234
47026, 0.00933251
47027, 0.00933269
47028, 0.00933286
47029, 0.00933303
47030, 0.00933321
47031, 0.00933338
47032, 0.00933355
47033, 0.00933373
47034, 0.00933390
47035, 0.00933407
47036, 0.00933425
47037, 0.00933442
47038, 0.00933459
47039, 0.00933476
47040, 0.00933494
47041, 0.00933511
47042, 0.00933528
47043, 0.00933545
47044, 0.00933563
47045, 0.00933580
47046, 0.00933598
47047, 0.00933615
47048, 0.00933633
47049, 0.00933650
47050, 0.00933668
47051, 0.00933685
47052, 0.00933703
47053, 0.00933720
47054, 0.00933737
47055, 0.00933755
47056, 0.00933772
47057, 0.00933789
47058, 0.00933806
47059, 0.00933824
47060, 0.00933841
47061, 0.00933859
47062, 0.00933876
47063, 0.00933894
47064, 0.00933911
47065, 0.00933929
47066, 0.00933946
47067, 0.00933964
47068, 0.00933981
47069, 0.00933999
47070, 0.00934016
47071, 0.00934033
47072, 0.00934051
47073, 0.00934068
47074, 0.00934086
47075, 0.00934103
47076, 0.00934121
47077, 0.00934138
47078, 0.00934155
47079, 0.00934173
47080, 0.00934190
47081, 0.00934207
47082, 0.00934225
47083, 0.00934242
47084, 0.00934259
47085, 0.00934276
47086, 0.00934294
47087, 0.00934311
47088, 0.00934328
47089, 0.00934345
47090, 0.00934363
47091, 0.00934379
47092, 0.00934397
47093, 0.00934414
47094, 0.00934431
47095, 0.00934449
47096, 0.00934466
47097, 0.00934484
47098, 0.00934502
47099, 0.00934519
47100, 0.00934536
47101, 0.00934556
47102, 0.00934574
47103, 0.00934603
47104, 0.00934620
47105, 0.00934637
47106, 0.00934654
47107, 0.00934672
47108, 0.00934689
47109, 0.00934706
47110, 0.00934724
47111, 0.00934748
47112, 0.00934765
47113, 0.00934783
47114, 0.00934801
47115, 0.00934818
47116, 0.00934835
47117, 0.00934853
47118, 0.00934870
47119, 0.00934895
47120, 0.00934912
47121, 0.00934930
47122, 0.00934947
47123, 0.00934965
47124, 0.00934982
47125, 0.00935000
47126, 0.00935017
47127, 0.00935041
47128, 0.00935059
47129, 0.00935271
47130, 0.00935290
47131, 0.00935308
47132, 0.00935326
47133, 0.00935344
47134, 0.00935361
47135, 0.00935389
47136, 0.00935406
47137, 0.00935423
47138, 0.00935441
47139, 0.00935458
47140, 0.00935475
47141, 0.00935493
47142, 0.00935510
47143, 0.00935535
47144, 0.00935552
47145, 0.00935572
47146, 0.00935589
47147, 0.00935607
47148, 0.00935624
47149, 0.00935641
47150, 0.00935659
47151, 0.00935684
47152, 0.00935701
47153, 0.00935718
47154, 0.00935736
47155, 0.00935753
47156, 0.00935771
47157, 0.00935788
47158, 0.00935806
47159, 0.00935830
47160, 0.00935848
47161, 0.00935865
47162, 0.00935882
47163, 0.00935900
47164, 0.00935917
47165, 0.00935935
47166, 0.00935952
47167, 0.00935977
47168, 0.00935995
47169, 0.00936012
47170, 0.00936029
47171, 0.00936047
47172, 0.00936064
47173, 0.00936081
47174, 0.00936099
47175, 0.00936123
47176, 0.00936140
47177, 0.00936158
47178, 0.00936175
47179, 0.00936193
47180, 0.00936210
47181, 0.00936227
47182, 0.00936245
47183, 0.00936262
47184, 0.00936280
47185, 0.00936297
47186, 0.00936314
47187, 0.00936331
47188, 0.00936349
47189, 0.00936366
47190, 0.00936384
47191, 0.00936401
47192, 0.00936418
47193, 0.00936436
47194, 0.00936453
47195, 0.00936471
47196, 0.00936488
47197, 0.00936506
47198, 0.00936523
47199, 0.00936541
47200, 0.00936558
47201, 0.00936575
47202, 0.00936593
47203, 0.00936611
47204, 0.00936628
47205, 0.00936646
47206, 0.00936663
47207, 0.00936681
47208, 0.00936698
47209, 0.00936716
47210, 0.00936734
47211, 0.00936751
47212, 0.00936768
47213, 0.00936786
47214, 0.00936803
47215, 0.00936820
47216, 0.00936837
47217, 0.00936855
47218, 0.00936873
47219, 0.00936890
47220, 0.00936908
47221, 0.00936925
47222, 0.00936942
47223, 0.00936960
47224, 0.00936977
47225, 0.00936994
47226, 0.00937012
47227, 0.00937029
47228, 0.00937046
47229, 0.00937064
47230, 0.00937082
47231, 0.00937099
47232, 0.00937116
47233, 0.00937133
47234, 0.00937151
47235, 0.00937168
47236, 0.00937185
47237, 0.00937203
47238, 0.00937220
47239, 0.00937238
47240, 0.00937256
47241, 0.00937273
47242, 0.00937291
47243, 0.00937308
47244, 0.00937325
47245, 0.00937343
47246, 0.00937360
47247, 0.00937377
47248, 0.00937394
47249, 0.00937412
47250, 0.00937430
47251, 0.00937447
47252, 0.00937465
47253, 0.00937482
47254, 0.00937501
47255, 0.00937724
47256, 0.00937743
47257, 0.00937762
47258, 0.00937780
47259, 0.00937798
47260, 0.00937816
47261, 0.00937833
47262, 0.00937851
47263, 0.00937868
47264, 0.00937886
47265, 0.00937903
47266, 0.00937920
47267, 0.00937937
47268, 0.00937955
47269, 0.00937972
47270, 0.00937989
47271, 0.00938006
47272, 0.00938024
47273, 0.00938041
47274, 0.00938058
47275, 0.00938075
47276, 0.00938095
47277, 0.00938112
47278, 0.00938130
47279, 0.00938147
47280, 0.00938165
47281, 0.00938182
47282, 0.00938200
47283, 0.00938217
47284, 0.00938235
47285, 0.00938252
47286, 0.00938270
47287, 0.00938287
47288, 0.00938305
47289, 0.00938322
47290, 0.00938340
47291, 0.00938357
47292, 0.00938374
47293, 0.00938392
47294, 0.00938409
47295, 0.00938427
47296, 0.00938444
47297, 0.00938462
47298, 0.00938479
47299, 0.00938497
47300, 0.00938514
47301, 0.00938531
47302, 0.00938549
47303, 0.00938566
47304, 0.00938584
47305, 0.00938601
47306, 0.00938619
47307, 0.00938637
47308, 0.00938654
47309, 0.00938672
47310, 0.00938689
47311, 0.00938707
47312, 0.00938724
47313, 0.00938742
47314, 0.00938759
47315, 0.00938776
47316, 0.00938794
47317, 0.00938813
47318, 0.00938831
47319, 0.00938848
47320, 0.00938866
47321, 0.00938883
47322, 0.00938901
47323, 0.00938919
47324, 0.00938936
47325, 0.00938953
47326, 0.00938971
47327, 0.00938989
47328, 0.00939006
47329, 0.00939024
47330, 0.00939041
47331, 0.00939058
47332, 0.00939076
47333, 0.00939093
47334, 0.00939110
47335, 0.00939128
47336, 0.00939145
47337, 0.00939163
47338, 0.00939180
47339, 0.00939197
47340, 0.00939215
47341, 0.00939232
47342, 0.00939249
47343, 0.00939267
47344, 0.00939285
47345, 0.00939302
47346, 0.00939320
47347, 0.00939337
47348, 0.00939354
47349, 0.00939372
47350, 0.00939389
47351, 0.00939406
47352, 0.00939424
47353, 0.00939441
47354, 0.00939459
47355, 0.00939476
47356, 0.00939494
47357, 0.00939511
47358, 0.00939531
47359, 0.00939549
47360, 0.00939566
47361, 0.00939583
47362, 0.00939601
47363, 0.00939619
47364, 0.00939636
47365, 0.00939653
47366, 0.00939671
47367, 0.00939689
47368, 0.00939706
47369, 0.00939723
47370, 0.00939741
47371, 0.00939758
47372, 0.00939775
47373, 0.00939793
47374, 0.00939810
47375, 0.00939828
47376, 0.00939845
47377, 0.00939863
47378, 0.00939880
47379, 0.00939898
47380, 0.00939917
47381, 0.00940137
47382, 0.00940156
47383, 0.00940174
47384, 0.00940192
47385, 0.00940210
47386, 0.00940227
47387, 0.00940244
47388, 0.00940262
47389, 0.00940280
47390, 0.00940298
47391, 0.00940315
47392, 0.00940333
47393, 0.00940349
47394, 0.00940367
47395, 0.00940385
47396, 0.00940403
47397, 0.00940421
47398, 0.00940439
47399, 0.00940458
47400, 0.00940477
47401, 0.00940495
47402, 0.00940513
47403, 0.00940531
47404, 0.00940549
47405, 0.00940567
47406, 0.00940584
47407, 0.00940602
47408, 0.00940619
47409, 0.00940636
47410, 0.00940653
47411, 0.00940671
47412, 0.00940688
47413, 0.00940706
47414, 0.00940723
47415, 0.00940740
47416, 0.00940758
47417, 0.00940775
47418, 0.00940792
47419, 0.00940809
47420, 0.00940827
47421, 0.00940844
47422, 0.00940861
47423, 0.00940880
47424, 0.00940899
47425, 0.00940917
47426, 0.00940934
47427, 0.00940951
47428, 0.00940969
47429, 0.00940987
47430, 0.00941004
47431, 0.00941022
47432, 0.00941039
47433, 0.00941056
47434, 0.00941073
47435, 0.00941091
47436, 0.00941108
47437, 0.00941126
47438, 0.00941143
47439, 0.00941160
47440, 0.00941178
47441, 0.00941195
47442, 0.00941212
47443, 0.00941230
47444, 0.00941247
47445, 0.00941264
47446, 0.00941282
47447, 0.00941299
47448, 0.00941317
47449, 0.00941334
47450, 0.00941351
47451, 0.00941368
47452, 0.00941386
47453, 0.00941403
47454, 0.00941420
47455, 0.00941438
47456, 0.00941455
47457, 0.00941472
47458, 0.00941490
47459, 0.00941507
47460, 0.00941524
47461, 0.00941542
47462, 0.00941559
47463, 0.00941576
47464, 0.00941594
47465, 0.00941611
47466, 0.00941628
47467, 0.00941645
47468, 0.00941663
47469, 0.00941680
47470, 0.00941698
47471, 0.00941717
47472, 0.00941735
47473, 0.00941753
47474, 0.00941770
47475, 0.00941787
47476, 0.00941804
47477, 0.00941822
47478, 0.00941839
47479, 0.00941856
47480, 0.00941874
47481, 0.00941891
47482, 0.00941908
47483, 0.00941926
47484, 0.00941943
47485, 0.00941961
47486, 0.00941978
47487, 0.00941995
47488, 0.00942012
47489, 0.00942030
47490, 0.00942047
47491, 0.00942064
47492, 0.00942081
47493, 0.00942098
47494, 0.00942122
47495, 0.00942139
47496, 0.00942157
47497, 0.00942174
47498, 0.00942191
47499, 0.00942209
47500, 0.00942226
47501, 0.00942244
47502, 0.00942261
47503, 0.00942278
47504, 0.00942296
47505, 0.00942313
47506, 0.00942331
47507, 0.00942561
47508, 0.00942579
47509, 0.00942597
47510, 0.00942614
47511, 0.00942631
47512, 0.00942649
47513, 0.00942666
47514, 0.00942683
47515, 0.00942701
47516, 0.00942718
47517, 0.00942736
47518, 0.00942753
47519, 0.00942770
47520, 0.00942788
47521, 0.00942806
47522, 0.00942823
47523, 0.00942841
47524, 0.00942858
47525, 0.00942876
47526, 0.00942893
47527, 0.00942910
47528, 0.00942928
47529, 0.00942945
47530, 0.00942963
47531, 0.00942980
47532, 0.00942998
47533, 0.00943015
47534, 0.00943032
47535, 0.00943050
47536, 0.00943067
47537, 0.00943085
47538, 0.00943102
47539, 0.00943120
47540, 0.00943137
47541, 0.00943155
47542, 0.00943172
47543, 0.00943190
47544, 0.00943207
47545, 0.00943225
47546, 0.00943242
47547, 0.00943259
47548, 0.00943277
47549, 0.00943294
47550, 0.00943312
47551, 0.00943329
47552, 0.00943347
47553, 0.00943364
47554, 0.00943381
47555, 0.00943399
47556, 0.00943416
47557, 0.00943434
47558, 0.00943451
47559, 0.00943468
47560, 0.00943486
47561, 0.00943503
47562, 0.00943521
47563, 0.00943538
47564, 0.00943555
47565, 0.00943573
47566, 0.00943590
47567, 0.00943608
47568, 0.00943625
47569, 0.00943643
47570, 0.00943660
47571, 0.00943677
47572, 0.00943695
47573, 0.00943712
47574, 0.00943730
47575, 0.00943748
47576, 0.00943765
47577, 0.00943782
47578, 0.00943800
47579, 0.00943817
47580, 0.00943834
47581, 0.00943851
47582, 0.00943869
47583, 0.00943886
47584, 0.00943903
47585, 0.00943920
47586, 0.00943937
47587, 0.00943955
47588, 0.00943972
47589, 0.00943990
47590, 0.00944007
47591, 0.00944024
47592, 0.00944042
47593, 0.00944059
47594, 0.00944077
47595, 0.00944094
47596, 0.00944112
47597, 0.00944129
47598, 0.00944147
47599, 0.00944164
47600, 0.00944182
47601, 0.00944199
47602, 0.00944217
47603, 0.00944234
47604, 0.00944252
47605, 0.00944270
47606, 0.00944289
47607, 0.00944307
47608, 0.00944324
47609, 0.00944341
47610, 0.00944359
47611, 0.00944376
47612, 0.00944394
47613, 0.00944411
47614, 0.00944428
47615, 0.00944465
47616, 0.00944482
47617, 0.00944500
47618, 0.00944518
47619, 0.00944535
47620, 0.00944552
47621, 0.00944569
47622, 0.00944587
47623, 0.00944612
47624, 0.00944629
47625, 0.00944646
47626, 0.00944664
47627, 0.00944681
47628, 0.00944698
47629, 0.00944715
47630, 0.00944733
47631, 0.00944758
47632, 0.00944777
47633, 0.00944991
47634, 0.00945011
47635, 0.00945029
47636, 0.00945047
47637, 0.00945065
47638, 0.00945082
47639, 0.00945106
47640, 0.00945123
47641, 0.00945141
47642, 0.00945158
47643, 0.00945176
47644, 0.00945193
47645, 0.00945210
47646, 0.00945227
47647, 0.00945251
47648, 0.00945269
47649, 0.00945287
47650, 0.00945304
47651, 0.00945321
47652, 0.00945338
47653, 0.00945356
47654, 0.00945373
47655, 0.00945398
47656, 0.00945416
47657, 0.00945433
47658, 0.00945451
47659, 0.00945468
47660, 0.00945486
47661, 0.00945503
47662, 0.00945521
47663, 0.00945547
47664, 0.00945564
47665, 0.00945581
47666, 0.00945599
47667, 0.00945616
47668, 0.00945633
47669, 0.00945651
47670, 0.00945668
47671, 0.00945693
47672, 0.00945710
47673, 0.00945727
47674, 0.00945744
47675, 0.00945761
47676, 0.00945779
47677, 0.00945796
47678, 0.00945813
47679, 0.00945838
47680, 0.00945856
47681, 0.00945873
47682, 0.00945890
47683, 0.00945908
47684, 0.00945925
47685, 0.00945943
47686, 0.00945960
47687, 0.00945984
47688, 0.00946001
47689, 0.00946019
47690, 0.00946036
47691, 0.00946055
47692, 0.00946073
47693, 0.00946090
47694, 0.00946107
47695, 0.00946125
47696, 0.00946142
47697, 0.00946159
47698, 0.00946177
47699, 0.00946195
47700, 0.00946212
47701, 0.00946229
47702, 0.00946247
47703, 0.00946264
47704, 0.00946281
47705, 0.00946300
47706, 0.00946317
47707, 0.00946335
47708, 0.00946352
47709, 0.00946369
47710, 0.00946387
47711, 0.00946404
47712, 0.00946422
47713, 0.00946439
47714, 0.00946456
47715, 0.00946473
47716, 0.00946490
47717, 0.00946507
47718, 0.00946524
47719, 0.00946541
47720, 0.00946559
47721, 0.00946576
47722, 0.00946593
47723, 0.00946611
47724, 0.00946628
47725, 0.00946645
47726, 0.00946663
47727, 0.00946680
47728, 0.00946697
47729, 0.00946714
47730, 0.00946733
47731, 0.00946750
47732, 0.00946767
47733, 0.00946785
47734, 0.00946802
47735, 0.00946819
47736, 0.00946837
47737, 0.00946854
47738, 0.00946871
47739, 0.00946888
47740, 0.00946905
47741, 0.00946923
47742, 0.00946940
47743, 0.00946959
47744, 0.00946976
47745, 0.00946994
47746, 0.00947011
47747, 0.00947029
47748, 0.00947046
47749, 0.00947063
47750, 0.00947080
47751, 0.00947098
47752, 0.00947115
47753, 0.00947132
47754, 0.00947150
47755, 0.00947167
47756, 0.00947184
47757, 0.00947202
47758, 0.00947220
47759, 0.00947440
47760, 0.00947460
47761, 0.00947477
47762, 0.00947494
47763, 0.00947512
47764, 0.00947529
47765, 0.00947547
47766, 0.00947564
47767, 0.00947581
47768, 0.00947599
47769, 0.00947616
47770, 0.00947634
47771, 0.00947651
47772, 0.00947668
47773, 0.00947686
47774, 0.00947703
47775, 0.00947720
47776, 0.00947738
47777, 0.00947755
47778, 0.00947772
47779, 0.00947789
47780, 0.00947806
47781, 0.00947824
47782, 0.00947841
47783, 0.00947858
47784, 0.00947876
47785, 0.00947893
47786, 0.00947911
47787, 0.00947929
47788, 0.00947946
47789, 0.00947963
47790, 0.00947981
47791, 0.00947998
47792, 0.00948015
47793, 0.00948032
47794, 0.00948050
47795, 0.00948067
47796, 0.00948084
47797, 0.00948102
47798, 0.00948119
47799, 0.00948137
47800, 0.00948154
47801, 0.00948171
47802, 0.00948189
47803, 0.00948206
47804, 0.00948223
47805, 0.00948241
47806, 0.00948258
47807, 0.00948275
47808, 0.00948293
47809, 0.00948310
47810, 0.00948327
47811, 0.00948345
47812, 0.00948362
47813, 0.00948380
47814, 0.00948397
47815, 0.00948415
47816, 0.00948432
47817, 0.00948449
47818, 0.00948467
47819, 0.00948484
47820, 0.00948502
47821, 0.00948519
47822, 0.00948537
47823, 0.00948554
47824, 0.00948571
47825, 0.00948602
47826, 0.00948619
47827, 0.00948637
47828, 0.00948654
47829, 0.00948671
47830, 0.00948689
47831, 0.00948706
47832, 0.00948723
47833, 0.00948741
47834, 0.00948758
47835, 0.00948775
47836, 0.00948793
47837, 0.00948810
47838, 0.00948827
47839, 0.00948845
47840, 0.00948862
47841, 0.00948879
47842, 0.00948896
47843, 0.00948913
47844, 0.00948930
47845, 0.00948948
47846, 0.00948965
47847, 0.00948983
47848, 0.00949000
47849, 0.00949017
47850, 0.00949035
47851, 0.00949052
47852, 0.00949070
47853, 0.00949087
47854, 0.00949105
47855, 0.00949122
47856, 0.00949139
47857, 0.00949157
47858, 0.00949174
47859, 0.00949191
47860, 0.00949209
47861, 0.00949226
47862, 0.00949244
47863, 0.00949261
47864, 0.00949278
47865, 0.00949296
47866, 0.00949313
47867, 0.00949331
47868, 0.00949348
47869, 0.00949365
47870, 0.00949383
47871, 0.00949400
47872, 0.00949417
47873, 0.00949435
47874, 0.00949452
47875, 0.00949469
47876, 0.00949487
47877, 0.00949504
47878, 0.00949522
47879, 0.00949539
47880, 0.00949556
47881, 0.00949573
47882, 0.00949591
47883, 0.00949608
47884, 0.00949627
47885, 0.00949840
47886, 0.00949860
47887, 0.00949879
47888, 0.00949897
47889, 0.00949915
47890, 0.00949933
47891, 0.00949950
47892, 0.00949967
47893, 0.00949985
47894, 0.00950002
47895, 0.00950019
47896, 0.00950037
47897, 0.00950054
47898, 0.00950071
47899, 0.00950089
47900, 0.00950106
47901, 0.00950123
47902, 0.00950140
47903, 0.00950158
47904, 0.00950175
47905, 0.00950192
47906, 0.00950209
47907, 0.00950227
47908, 0.00950244
47909, 0.00950261
47910, 0.00950278
47911, 0.00950296
47912, 0.00950313
47913, 0.00950330
47914, 0.00950348
47915, 0.00950365
47916, 0.00950382
47917, 0.00950400
47918, 0.00950417
47919, 0.00950434
47920, 0.00950451
47921, 0.00950469
47922, 0.00950486
47923, 0.00950504
47924, 0.00950521
47925, 0.00950538
47926, 0.00950556
47927, 0.00950573
47928, 0.00950590
47929, 0.00950608
47930, 0.00950625
47931, 0.00950642
47932, 0.00950660
47933, 0.00950677
47934, 0.00950694
47935, 0.00950712
47936, 0.00950729
47937, 0.00950746
47938, 0.00950764
47939, 0.00950781
47940, 0.00950799
47941, 0.00950816
47942, 0.00950833
47943, 0.00950850
47944, 0.00950868
47945, 0.00950885
47946, 0.00950902
47947, 0.00950919
47948, 0.00950937
47949, 0.00950954
47950, 0.00950971
47951, 0.00950988
47952, 0.00951006
47953, 0.00951023
47954, 0.00951040
47955, 0.00951058
47956, 0.00951075
47957, 0.00951092
47958, 0.00951109
47959, 0.00951127
47960, 0.00951144
47961, 0.00951161
47962, 0.00951178
47963, 0.00951196
47964, 0.00951213
47965, 0.00951231
47966, 0.00951248
47967, 0.00951265
47968, 0.00951282
47969, 0.00951299
47970, 0.00951317
47971, 0.00951334
47972, 0.00951352
47973, 0.00951369
47974, 0.00951386
47975, 0.00951403
47976, 0.00951421
47977, 0.00951439
47978, 0.00951456
47979, 0.00951473
47980, 0.00951491
47981, 0.00951508
47982, 0.00951526
47983, 0.00951543
47984, 0.00951560
47985, 0.00951578
47986, 0.00951595
47987, 0.00951613
47988, 0.00951630
47989, 0.00951647
47990, 0.00951665
47991, 0.00951682
47992, 0.00951699
47993, 0.00951717
47994, 0.00951734
47995, 0.00951752
47996, 0.00951769
47997, 0.00951792
47998, 0.00951810
47999, 0.00951827
48000, 0.00951844
48001, 0.00951862
48002, 0.00951879
48003, 0.00951896
48004, 0.00951914
48005, 0.00951931
48006, 0.00951949
48007, 0.00951966
48008, 0.00951983
48009, 0.00952001
48010, 0.00952019
48011, 0.00952238
48012, 0.00952257
48013, 0.00952275
48014, 0.00952293
48015, 0.00952311
48016, 0.00952328
48017, 0.00952346
48018, 0.00952363
48019, 0.00952380
48020, 0.00952398
48021, 0.00952415
48022, 0.00952433
48023, 0.00952450
48024, 0.00952467
48025, 0.00952485
48026, 0.00952503
48027, 0.00952520
48028, 0.00952537
48029, 0.00952554
48030, 0.00952571
48031, 0.00952589
48032, 0.00952606
48033, 0.00952624
48034, 0.00952641
48035, 0.00952658
48036, 0.00952675
48037, 0.00952693
48038, 0.00952710
48039, 0.00952727
48040, 0.00952745
48041, 0.00952762
48042, 0.00952779
48043, 0.00952797
48044, 0.00952814
48045, 0.00952831
48046, 0.00952848
48047, 0.00952866
48048, 0.00952883
48049, 0.00952900
48050, 0.00952918
48051, 0.00952935
48052, 0.00952953
48053, 0.00952970
48054, 0.00952987
48055, 0.00953005
48056, 0.00953022
48057, 0.00953039
48058, 0.00953057
48059, 0.00953074
48060, 0.00953092
48061, 0.00953109
48062, 0.00953127
48063, 0.00953144
48064, 0.00953161
48065, 0.00953179
48066, 0.00953196
48067, 0.00953213
48068, 0.00953231
48069, 0.00953248
48070, 0.00953266
48071, 0.00953283
48072, 0.00953300
48073, 0.00953317
48074, 0.00953335
48075, 0.00953352
48076, 0.00953370
48077, 0.00953387
48078, 0.00953404
48079, 0.00953422
48080, 0.00953439
48081, 0.00953456
48082, 0.00953474
48083, 0.00953491
48084, 0.00953508
48085, 0.00953526
48086, 0.00953543
48087, 0.00953561
48088, 0.00953578
48089, 0.00953595
48090, 0.00953613
48091, 0.00953630
48092, 0.00953647
48093, 0.00953665
48094, 0.00953682
48095, 0.00953699
48096, 0.00953719
48097, 0.00953736
48098, 0.00953753
48099, 0.00953771
48100, 0.00953788
48101, 0.00953805
48102, 0.00953823
48103, 0.00953839
48104, 0.00953857
48105, 0.00953874
48106, 0.00953892
48107, 0.00953909
48108, 0.00953926
48109, 0.00953944
48110, 0.00953961
48111, 0.00953978
48112, 0.00953995
48113, 0.00954012
48114, 0.00954029
48115, 0.00954046
48116, 0.00954063
48117, 0.00954080
48118, 0.00954098
48119, 0.00954115
48120, 0.00954132
48121, 0.00954149
48122, 0.00954166
48123, 0.00954184
48124, 0.00954201
48125, 0.00954218
48126, 0.00954235
48127, 0.00954261
48128, 0.00954278
48129, 0.00954295
48130, 0.00954313
48131, 0.00954330
48132, 0.00954347
48133, 0.00954364
48134, 0.00954381
48135, 0.00954406
48136, 0.00954424
48137, 0.00954639
48138, 0.00954658
48139, 0.00954675
48140, 0.00954693
48141, 0.00954711
48142, 0.00954728
48143, 0.00954755
48144, 0.00954772
48145, 0.00954790
48146, 0.00954807
48147, 0.00954824
48148, 0.00954842
48149, 0.00954859
48150, 0.00954876
48151, 0.00954903
48152, 0.00954920
48153, 0.00954937
48154, 0.00954955
48155, 0.00954972
48156, 0.00954990
48157, 0.00955007
48158, 0.00955024
48159, 0.00955050
48160, 0.00955074
48161, 0.00955091
48162, 0.00955108
48163, 0.00955126
48164, 0.00955143
48165, 0.00955161
48166, 0.00955178
48167, 0.00955205
48168, 0.00955222
48169, 0.00955239
48170, 0.00955256
48171, 0.00955273
48172, 0.00955291
48173, 0.00955308
48174, 0.00955325
48175, 0.00955350
48176, 0.00955367
48177, 0.00955384
48178, 0.00955401
48179, 0.00955418
48180, 0.00955436
48181, 0.00955453
48182, 0.00955470
48183, 0.00955495
48184, 0.00955513
48185, 0.00955530
48186, 0.00955547
48187, 0.00955564
48188, 0.00955581
48189, 0.00955598
48190, 0.00955616
48191, 0.00955640
48192, 0.00955657
48193, 0.00955674
48194, 0.00955691
48195, 0.00955708
48196, 0.00955726
48197, 0.00955743
48198, 0.00955760
48199, 0.00955787
48200, 0.00955804
48201, 0.00955822
48202, 0.00955840
48203, 0.00955857
48204, 0.00955874
48205, 0.00955891
48206, 0.00955908
48207, 0.00955925
48208, 0.00955943
48209, 0.00955960
48210, 0.00955977
48211, 0.00955995
48212, 0.00956012
48213, 0.00956029
48214, 0.00956047
48215, 0.00956064
48216, 0.00956082
48217, 0.00956099
48218, 0.00956116
48219, 0.00956133
48220, 0.00956151
48221, 0.00956168
48222, 0.00956185
48223, 0.00956202
48224, 0.00956226
48225, 0.00956244
48226, 0.00956262
48227, 0.00956280
48228, 0.00956298
48229, 0.00956315
48230, 0.00956332
48231, 0.00956349
48232, 0.00956367
48233, 0.00956384
48234, 0.00956402
48235, 0.00956419
48236, 0.00956436
48237, 0.00956454
48238, 0.00956471
48239, 0.00956488
48240, 0.00956505
48241, 0.00956523
48242, 0.00956540
48243, 0.00956557
48244, 0.00956575
48245, 0.00956592
48246, 0.00956609
48247, 0.00956626
48248, 0.00956644
48249, 0.00956661
48250, 0.00956678
48251, 0.00956696
48252, 0.00956713
48253, 0.00956730
48254, 0.00956748
48255, 0.00956765
48256, 0.00956783
48257, 0.00956800
48258, 0.00956817
48259, 0.00956834
48260, 0.00956851
48261, 0.00956868
48262, 0.00956887
48263, 0.00957102
48264, 0.00957122
48265, 0.00957140
48266, 0.00957159
48267, 0.00957177
48268, 0.00957195
48269, 0.00957213
48270, 0.00957231
48271, 0.00957249
48272, 0.00957267
48273, 0.00957284
48274, 0.00957301
48275, 0.00957318
48276, 0.00957336
48277, 0.00957353
48278, 0.00957370
48279, 0.00957388
48280, 0.00957405
48281, 0.00957422
48282, 0.00957440
48283, 0.00957459
48284, 0.00957476
48285, 0.00957493
48286, 0.00957511
48287, 0.00957528
48288, 0.00957545
48289, 0.00957562
48290, 0.00957579
48291, 0.00957597
48292, 0.00957614
48293, 0.00957631
48294, 0.00957648
48295, 0.00957665
48296, 0.00957683
48297, 0.00957700
48298, 0.00957717
48299, 0.00957737
48300, 0.00957754
48301, 0.00957771
48302, 0.00957788
48303, 0.00957805
48304, 0.00957823
48305, 0.00957840
48306, 0.00957858
48307, 0.00957875
48308, 0.00957892
48309, 0.00957910
48310, 0.00957927
48311, 0.00957945
48312, 0.00957969
48313, 0.00957986
48314, 0.00958004
48315, 0.00958021
48316, 0.00958038
48317, 0.00958055
48318, 0.00958073
48319, 0.00958090
48320, 0.00958107
48321, 0.00958125
48322, 0.00958142
48323, 0.00958160
48324, 0.00958177
48325, 0.00958195
48326, 0.00958212
48327, 0.00958229
48328, 0.00958247
48329, 0.00958264
48330, 0.00958281
48331, 0.00958298
48332, 0.00958315
48333, 0.00958333
48334, 0.00958350
48335, 0.00958368
48336, 0.00958385
48337, 0.00958403
48338, 0.00958420
48339, 0.00958437
48340, 0.00958454
48341, 0.00958474
48342, 0.00958492
48343, 0.00958509
48344, 0.00958526
48345, 0.00958544
48346, 0.00958561
48347, 0.00958579
48348, 0.00958596
48349, 0.00958614
48350, 0.00958631
48351, 0.00958648
48352, 0.00958666
48353, 0.00958684
48354, 0.00958701
48355, 0.00958719
48356, 0.00958737
48357, 0.00958754
48358, 0.00958772
48359, 0.00958789
48360, 0.00958807
48361, 0.00958824
48362, 0.00958842
48363, 0.00958859
48364, 0.00958876
48365, 0.00958894
48366, 0.00958912
48367, 0.00958930
48368, 0.00958948
48369, 0.00958965
48370, 0.00958982
48371, 0.00959000
48372, 0.00959017
48373, 0.00959035
48374, 0.00959052
48375, 0.00959069
48376, 0.00959087
48377, 0.00959104
48378, 0.00959122
48379, 0.00959139
48380, 0.00959157
48381, 0.00959174
48382, 0.00959192
48383, 0.00959210
48384, 0.00959227
48385, 0.00959244
48386, 0.00959262
48387, 0.00959280
48388, 0.00959299
48389, 0.00959520
48390, 0.00959540
48391, 0.00959557
48392, 0.00959575
48393, 0.00959593
48394, 0.00959610
48395, 0.00959628
48396, 0.00959645
48397, 0.00959663
48398, 0.00959680
48399, 0.00959699
48400, 0.00959717
48401, 0.00959734
48402, 0.00959751
48403, 0.00959769
48404, 0.00959786
48405, 0.00959804
48406, 0.00959822
48407, 0.00959839
48408, 0.00959856
48409, 0.00959874
48410, 0.00959891
48411, 0.00959909
48412, 0.00959926
48413, 0.00959944
48414, 0.00959961
48415, 0.00959978
48416, 0.00959996
48417, 0.00960013
48418, 0.00960031
48419, 0.00960048
48420, 0.00960066
48421, 0.00960083
48422, 0.00960101
48423, 0.00960118
48424, 0.00960136
48425, 0.00960154
48426, 0.00960171
48427, 0.00960188
48428, 0.00960206
48429, 0.00960223
48430, 0.00960241
48431, 0.00960258
48432, 0.00960276
48433, 0.00960293
48434, 0.00960311
48435, 0.00960328
48436, 0.00960345
48437, 0.00960363
48438, 0.00960381
48439, 0.00960398
48440, 0.00960416
48441, 0.00960433
48442, 0.00960451
48443, 0.00960468
48444, 0.00960485
48445, 0.00960502
48446, 0.00960520
48447, 0.00960537
48448, 0.00960554
48449, 0.00960571
48450, 0.00960589
48451, 0.00960606
48452, 0.00960624
48453, 0.00960641
48454, 0.00960658
48455, 0.00960676
48456, 0.00960694
48457, 0.00960711
48458, 0.00960728
48459, 0.00960746
48460, 0.00960763
48461, 0.00960780
48462, 0.00960797
48463, 0.00960815
48464, 0.00960832
48465, 0.00960849
48466, 0.00960866
48467, 0.00960884
48468, 0.00960901
48469, 0.00960919
48470, 0.00960936
48471, 0.00960953
48472, 0.00960971
48473, 0.00960988
48474, 0.00961005
48475, 0.00961023
48476, 0.00961040
48477, 0.00961058
48478, 0.00961075
48479, 0.00961093
48480, 0.00961110
48481, 0.00961128
48482, 0.00961145
48483, 0.00961163
48484, 0.00961180
48485, 0.00961198
48486, 0.00961215
48487, 0.00961233
48488, 0.00961250
48489, 0.00961268
48490, 0.00961285
48491, 0.00961303
48492, 0.00961320
48493, 0.00961337
48494, 0.00961355
48495, 0.00961373
48496, 0.00961390
48497, 0.00961408
48498, 0.00961425
48499, 0.00961443
48500, 0.00961460
48501, 0.00961477
48502, 0.00961495
48503, 0.00961512
48504, 0.00961530
48505, 0.00961548
48506, 0.00961565
48507, 0.00961583
48508, 0.00961600
48509, 0.00961618
48510, 0.00961635
48511, 0.00961653
48512, 0.00961670
48513, 0.00961687
48514, 0.00961706
48515, 0.00961936
48516, 0.00961955
48517, 0.00961972
48518, 0.00961989
48519, 0.00962007
48520, 0.00962025
48521, 0.00962042
48522, 0.00962060
48523, 0.00962077
48524, 0.00962094
48525, 0.00962112
48526, 0.00962129
48527, 0.00962146
48528, 0.00962164
48529, 0.00962181
48530, 0.00962199
48531, 0.00962216
48532, 0.00962234
48533, 0.00962251
48534, 0.00962268
48535, 0.00962286
48536, 0.00962303
48537, 0.00962321
48538, 0.00962338
48539, 0.00962356
48540, 0.00962373
48541, 0.00962390
48542, 0.00962408
48543, 0.00962425
48544, 0.00962443
48545, 0.00962460
48546, 0.00962478
48547, 0.00962495
48548, 0.00962513
48549, 0.00962530
48550, 0.00962547
48551, 0.00962565
48552, 0.00962582
48553, 0.00962599
48554, 0.00962617
48555, 0.00962634
48556, 0.00962651
48557, 0.00962669
48558, 0.00962686
48559, 0.00962703
48560, 0.00962721
48561, 0.00962738
48562, 0.00962755
48563, 0.00962773
48564, 0.00962790
48565, 0.00962808
48566, 0.00962825
48567, 0.00962842
48568, 0.00962860
48569, 0.00962878
48570, 0.00962895
48571, 0.00962913
48572, 0.00962930
48573, 0.00962948
48574, 0.00962965
48575, 0.00962982
48576, 0.00963000
48577, 0.00963018
48578, 0.00963036
48579, 0.00963054
48580, 0.00963073
48581, 0.00963091
48582, 0.00963109
48583, 0.00963127
48584, 0.00963144
48585, 0.00963161
48586, 0.00963178
48587, 0.00963196
48588, 0.00963213
48589, 0.00963230
48590, 0.00963247
48591, 0.00963264
48592, 0.00963282
48593, 0.00963299
48594, 0.00963316
48595, 0.00963333
48596, 0.00963351
48597, 0.00963369
48598, 0.00963386
48599, 0.00963404
48600, 0.00963421
48601, 0.00963438
48602, 0.00963456
48603, 0.00963473
48604, 0.00963490
48605, 0.00963509
48606, 0.00963527
48607, 0.00963545
48608, 0.00963562
48609, 0.00963579
48610, 0.00963596
48611, 0.00963614
48612, 0.00963632
48613, 0.00963649
48614, 0.00963666
48615, 0.00963684
48616, 0.00963702
48617, 0.00963719
48618, 0.00963736
48619, 0.00963754
48620, 0.00963771
48621, 0.00963790
48622, 0.00963807
48623, 0.00963824
48624, 0.00963842
48625, 0.00963859
48626, 0.00963876
48627, 0.00963893
48628, 0.00963911
48629, 0.00963928
48630, 0.00963945
48631, 0.00963962
48632, 0.00963980
48633, 0.00963999
48634, 0.00964017
48635, 0.00964034
48636, 0.00964053
48637, 0.00964070
48638, 0.00964088
48639, 0.00964114
48640, 0.00964133
48641, 0.00964345
48642, 0.00964364
48643, 0.00964382
48644, 0.00964401
48645, 0.00964419
48646, 0.00964437
48647, 0.00964455
48648, 0.00964473
48649, 0.00964490
48650, 0.00964508
48651, 0.00964525
48652, 0.00964543
48653, 0.00964560
48654, 0.00964578
48655, 0.00964595
48656, 0.00964613
48657, 0.00964630
48658, 0.00964647
48659, 0.00964665
48660, 0.00964683
48661, 0.00964701
48662, 0.00964718
48663, 0.00964736
48664, 0.00964753
48665, 0.00964771
48666, 0.00964789
48667, 0.00964807
48668, 0.00964824
48669, 0.00964842
48670, 0.00964859
48671, 0.00964877
48672, 0.00964895
48673, 0.00964912
48674, 0.00964930
48675, 0.00964949
48676, 0.00964967
48677, 0.00964985
48678, 0.00965003
48679, 0.00965021
48680, 0.00965039
48681, 0.00965057
48682, 0.00965075
48683, 0.00965093
48684, 0.00965111
48685, 0.00965128
48686, 0.00965146
48687, 0.00965164
48688, 0.00965181
48689, 0.00965199
48690, 0.00965216
48691, 0.00965234
48692, 0.00965251
48693, 0.00965269
48694, 0.00965286
48695, 0.00965304
48696, 0.00965321
48697, 0.00965339
48698, 0.00965356
48699, 0.00965373
48700, 0.00965391
48701, 0.00965408
48702, 0.00965426
48703, 0.00965443
48704, 0.00965460
48705, 0.00965478
48706, 0.00965496
48707, 0.00965514
48708, 0.00965532
48709, 0.00965550
48710, 0.00965568
48711, 0.00965586
48712, 0.00965604
48713, 0.00965621
48714, 0.00965639
48715, 0.00965657
48716, 0.00965674
48717, 0.00965692
48718, 0.00965710
48719, 0.00965727
48720, 0.00965745
48721, 0.00965763
48722, 0.00965780
48723, 0.00965798
48724, 0.00965815
48725, 0.00965833
48726, 0.00965850
48727, 0.00965868
48728, 0.00965886
48729, 0.00965904
48730, 0.00965922
48731, 0.00965940
48732, 0.00965958
48733, 0.00965976
48734, 0.00965994
48735, 0.00966012
48736, 0.00966030
48737, 0.00966048
48738, 0.00966066
48739, 0.00966084
48740, 0.00966102
48741, 0.00966120
48742, 0.00966138
48743, 0.00966156
48744, 0.00966174
48745, 0.00966192
48746, 0.00966210
48747, 0.00966228
48748, 0.00966246
48749, 0.00966264
48750, 0.00966282
48751, 0.00966300
48752, 0.00966318
48753, 0.00966336
48754, 0.00966354
48755, 0.00966372
48756, 0.00966390
48757, 0.00966407
48758, 0.00966425
48759, 0.00966443
48760, 0.00966460
48761, 0.00966478
48762, 0.00966495
48763, 0.00966513
48764, 0.00966531
48765, 0.00966548
48766, 0.00966567
48767, 0.00966785
48768, 0.00966804
48769, 0.00966822
48770, 0.00966840
48771, 0.00966858
48772, 0.00966875
48773, 0.00966893
48774, 0.00966910
48775, 0.00966928
48776, 0.00966946
48777, 0.00966963
48778, 0.00966980
48779, 0.00966998
48780, 0.00967016
48781, 0.00967033
48782, 0.00967050
48783, 0.00967067
48784, 0.00967085
48785, 0.00967102
48786, 0.00967120
48787, 0.00967137
48788, 0.00967154
48789, 0.00967172
48790, 0.00967189
48791, 0.00967207
48792, 0.00967224
48793, 0.00967242
48794, 0.00967259
48795, 0.00967276
48796, 0.00967294
48797, 0.00967312
48798, 0.00967329
48799, 0.00967346
48800, 0.00967364
48801, 0.00967381
48802, 0.00967399
48803, 0.00967416
48804, 0.00967433
48805, 0.00967451
48806, 0.00967469
48807, 0.00967487
48808, 0.00967505
48809, 0.00967523
48810, 0.00967540
48811, 0.00967558
48812, 0.00967575
48813, 0.00967593
48814, 0.00967610
48815, 0.00967627
48816, 0.00967645
48817, 0.00967662
48818, 0.00967680
48819, 0.00967698
48820, 0.00967716
48821, 0.00967733
48822, 0.00967751
48823, 0.00967768
48824, 0.00967785
48825, 0.00967803
48826, 0.00967820
48827, 0.00967837
48828, 0.00967855
48829, 0.00967872
48830, 0.00967890
48831, 0.00967908
48832, 0.00967926
48833, 0.00967944
48834, 0.00967962
48835, 0.00967980
48836, 0.00967997
48837, 0.00968015
48838, 0.00968032
48839, 0.00968049
48840, 0.00968067
48841, 0.00968084
48842, 0.00968102
48843, 0.00968119
48844, 0.00968137
48845, 0.00968154
48846, 0.00968171
48847, 0.00968188
48848, 0.00968206
48849, 0.00968223
48850, 0.00968240
48851, 0.00968258
48852, 0.00968275
48853, 0.00968293
48854, 0.00968310
48855, 0.00968327
48856, 0.00968345
48857, 0.00968362
48858, 0.00968379
48859, 0.00968401
48860, 0.00968418
48861, 0.00968436
48862, 0.00968453
48863, 0.00968470
48864, 0.00968488
48865, 0.00968505
48866, 0.00968522
48867, 0.00968540
48868, 0.00968557
48869, 0.00968575
48870, 0.00968592
48871, 0.00968609
48872, 0.00968627
48873, 0.00968644
48874, 0.00968661
48875, 0.00968679
48876, 0.00968696
48877, 0.00968713
48878, 0.00968731
48879, 0.00968748
48880, 0.00968765
48881, 0.00968783
48882, 0.00968800
48883, 0.00968817
48884, 0.00968835
48885, 0.00968852
48886, 0.00968870
48887, 0.00968887
48888, 0.00968905
48889, 0.00968922
48890, 0.00968940
48891, 0.00968957
48892, 0.00968976
48893, 0.00969187
48894, 0.00969207
48895, 0.00969225
48896, 0.00969243
48897, 0.00969261
48898, 0.00969280
48899, 0.00969298
48900, 0.00969315
48901, 0.00969333
48902, 0.00969350
48903, 0.00969371
48904, 0.00969388
48905, 0.00969406
48906, 0.00969424
48907, 0.00969441
48908, 0.00969459
48909, 0.00969477
48910, 0.00969494
48911, 0.00969513
48912, 0.00969530
48913, 0.00969549
48914, 0.00969567
48915, 0.00969584
48916, 0.00969602
48917, 0.00969620
48918, 0.00969637
48919, 0.00969655
48920, 0.00969672
48921, 0.00969689
48922, 0.00969707
48923, 0.00969724
48924, 0.00969742
48925, 0.00969759
48926, 0.00969777
48927, 0.00969795
48928, 0.00969813
48929, 0.00969831
48930, 0.00969848
48931, 0.00969865
48932, 0.00969883
48933, 0.00969900
48934, 0.00969917
48935, 0.00969934
48936, 0.00969952
48937, 0.00969969
48938, 0.00969986
48939, 0.00970004
48940, 0.00970021
48941, 0.00970038
48942, 0.00970055
48943, 0.00970073
48944, 0.00970090
48945, 0.00970107
48946, 0.00970125
48947, 0.00970142
48948, 0.00970160
48949, 0.00970177
48950, 0.00970194
48951, 0.00970211
48952, 0.00970229
48953, 0.00970246
48954, 0.00970263
48955, 0.00970281
48956, 0.00970298
48957, 0.00970315
48958, 0.00970333
48959, 0.00970350
48960, 0.00970367
48961, 0.00970385
48962, 0.00970402
48963, 0.00970419
48964, 0.00970436
48965, 0.00970454
48966, 0.00970471
48967, 0.00970488
48968, 0.00970505
48969, 0.00970522
48970, 0.00970540
48971, 0.00970557
48972, 0.00970574
48973, 0.00970591
48974, 0.00970609
48975, 0.00970626
48976, 0.00970643
48977, 0.00970661
48978, 0.00970678
48979, 0.00970695
48980, 0.00970712
48981, 0.00970729
48982, 0.00970746
48983, 0.00970765
48984, 0.00970782
48985, 0.00970800
48986, 0.00970817
48987, 0.00970835
48988, 0.00970852
48989, 0.00970869
48990, 0.00970887
48991, 0.00970904
48992, 0.00970922
48993, 0.00970939
48994, 0.00970956
48995, 0.00970974
48996, 0.00970991
48997, 0.00971009
48998, 0.00971026
48999, 0.00971043
49000, 0.00971061
49001, 0.00971078
49002, 0.00971095
49003, 0.00971112
49004, 0.00971129
49005, 0.00971146
49006, 0.00971164
49007, 0.00971181
49008, 0.00971199
49009, 0.00971216
49010, 0.00971233
49011, 0.00971251
49012, 0.00971268
49013, 0.00971285
49014, 0.00971303
49015, 0.00971320
49016, 0.00971338
49017, 0.00971355
49018, 0.00971374
49019, 0.00971584
49020, 0.00971604
49021, 0.00971621
49022, 0.00971639
49023, 0.00971656
49024, 0.00971674
49025, 0.00971692
49026, 0.00971709
49027, 0.00971727
49028, 0.00971744
49029, 0.00971761
49030, 0.00971779
49031, 0.00971796
49032, 0.00971814
49033, 0.00971831
49034, 0.00971848
49035, 0.00971866
49036, 0.00971883
49037, 0.00971900
49038, 0.00971918
49039, 0.00971935
49040, 0.00971953
49041, 0.00971970
49042, 0.00971988
49043, 0.00972005
49044, 0.00972022
49045, 0.00972040
49046, 0.00972057
49047, 0.00972075
49048, 0.00972092
49049, 0.00972110
49050, 0.00972127
49051, 0.00972144
49052, 0.00972161
49053, 0.00972180
49054, 0.00972198
49055, 0.00972215
49056, 0.00972232
49057, 0.00972250
49058, 0.00972267
49059, 0.00972284
49060, 0.00972301
49061, 0.00972319
49062, 0.00972336
49063, 0.00972354
49064, 0.00972371
49065, 0.00972388
49066, 0.00972406
49067, 0.00972423
49068, 0.00972440
49069, 0.00972458
49070, 0.00972475
49071, 0.00972493
49072, 0.00972510
49073, 0.00972527
49074, 0.00972544
49075, 0.00972562
49076, 0.00972579
49077, 0.00972596
49078, 0.00972614
49079, 0.00972631
49080, 0.00972649
49081, 0.00972666
49082, 0.00972684
49083, 0.00972701
49084, 0.00972719
49085, 0.00972736
49086, 0.00972753
49087, 0.00972771
49088, 0.00972788
49089, 0.00972805
49090, 0.00972823
49091, 0.00972840
49092, 0.00972858
49093, 0.00972875
49094, 0.00972892
49095, 0.00972910
49096, 0.00972927
49097, 0.00972944
49098, 0.00972962
49099, 0.00972979
49100, 0.00972996
49101, 0.00973013
49102, 0.00973030
49103, 0.00973048
49104, 0.00973065
49105, 0.00973082
49106, 0.00973100
49107, 0.00973117
49108, 0.00973134
49109, 0.00973152
49110, 0.00973169
49111, 0.00973186
49112, 0.00973203
49113, 0.00973221
49114, 0.00973238
49115, 0.00973255
49116, 0.00973272
49117, 0.00973290
49118, 0.00973307
49119, 0.00973324
49120, 0.00973341
49121, 0.00973359
49122, 0.00973376
49123, 0.00973394
49124, 0.00973411
49125, 0.00973429
49126, 0.00973446
49127, 0.00973464
49128, 0.00973482
49129, 0.00973499
49130, 0.00973516
49131, 0.00973534
49132, 0.00973551
49133, 0.00973569
49134, 0.00973586
49135, 0.00973604
49136, 0.00973621
49137, 0.00973639
49138, 0.00973656
49139, 0.00973673
49140, 0.00973691
49141, 0.00973708
49142, 0.00973726
49143, 0.00973743
49144, 0.00973762
49145, 0.00973971
49146, 0.00973991
49147, 0.00974009
49148, 0.00974026
49149, 0.00974044
49150, 0.00974061
49151, 0.00974086
49152, 0.00974103
49153, 0.00974120
49154, 0.00974138
49155, 0.00974156
49156, 0.00974174
49157, 0.00974191
49158, 0.00974208
49159, 0.00974226
49160, 0.00974243
49161, 0.00974261
49162, 0.00974278
49163, 0.00974295
49164, 0.00974313
49165, 0.00974330
49166, 0.00974347
49167, 0.00974364
49168, 0.00974382
49169, 0.00974399
49170, 0.00974416
49171, 0.00974433
49172, 0.00974451
49173, 0.00974468
49174, 0.00974485
49175, 0.00974502
49176, 0.00974519
49177, 0.00974537
49178, 0.00974554
49179, 0.00974571
49180, 0.00974589
49181, 0.00974606
49182, 0.00974623
49183, 0.00974643
49184, 0.00974660
49185, 0.00974677
49186, 0.00974695
49187, 0.00974712
49188, 0.00974729
49189, 0.00974747
49190, 0.00974764
49191, 0.00974781
49192, 0.00974798
49193, 0.00974815
49194, 0.00974833
49195, 0.00974850
49196, 0.00974867
49197, 0.00974884
49198, 0.00974901
49199, 0.00974919
49200, 0.00974936
49201, 0.00974954
49202, 0.00974971
49203, 0.00974988
49204, 0.00975006
49205, 0.00975023
49206, 0.00975040
49207, 0.00975057
49208, 0.00975074
49209, 0.00975092
49210, 0.00975109
49211, 0.00975126
49212, 0.00975144
49213, 0.00975161
49214, 0.00975179
49215, 0.00975196
49216, 0.00975213
49217, 0.00975231
49218, 0.00975248
49219, 0.00975266
49220, 0.00975283
49221, 0.00975301
49222, 0.00975318
49223, 0.00975336
49224, 0.00975353
49225, 0.00975370
49226, 0.00975388
49227, 0.00975405
49228, 0.00975423
49229, 0.00975440
49230, 0.00975458
49231, 0.00975475
49232, 0.00975492
49233, 0.00975510
49234, 0.00975527
49235, 0.00975545
49236, 0.00975562
49237, 0.00975580
49238, 0.00975598
49239, 0.00975615
49240, 0.00975632
49241, 0.00975649
49242, 0.00975667
49243, 0.00975684
49244, 0.00975701
49245, 0.00975719
49246, 0.00975736
49247, 0.00975753
49248, 0.00975770
49249, 0.00975788
49250, 0.00975805
49251, 0.00975822
49252, 0.00975840
49253, 0.00975857
49254, 0.00975874
49255, 0.00975892
49256, 0.00975909
49257, 0.00975926
49258, 0.00975944
49259, 0.00975961
49260, 0.00975978
49261, 0.00975996
49262, 0.00976013
49263, 0.00976030
49264, 0.00976048
49265, 0.00976065
49266, 0.00976083
49267, 0.00976100
49268, 0.00976117
49269, 0.00976135
49270, 0.00976154
49271, 0.00976363
49272, 0.00976384
49273, 0.00976402
49274, 0.00976419
49275, 0.00976437
49276, 0.00976454
49277, 0.00976472
49278, 0.00977267
49279, 0.00977286
49280, 0.00977304
49281, 0.00977322
49282, 0.00977339
49283, 0.00977357
49284, 0.00977374
49285, 0.00977392
49286, 0.00977409
49287, 0.00977427
49288, 0.00977444
49289, 0.00977461
49290, 0.00977479
49291, 0.00977496
49292, 0.00977513
49293, 0.00977531
49294, 0.00977548
49295, 0.00977566
49296, 0.00977583
49297, 0.00977600
49298, 0.00977618
49299, 0.00977635
49300, 0.00977652
49301, 0.00977669
49302, 0.00977687
49303, 0.00977704
49304, 0.00977722
49305, 0.00977931
49306, 0.00977952
49307, 0.00977970
49308, 0.00977988
49309, 0.00978007
49310, 0.00978025
49311, 0.00978043
49312, 0.00978061
49313, 0.00978078
49314, 0.00978095
49315, 0.00978113
49316, 0.00978131
49317, 0.00978148
49318, 0.00978166
49319, 0.00978183
49320, 0.00978200
49321, 0.00978218
49322, 0.00978235
49323, 0.00978253
49324, 0.00978270
49325, 0.00978287
49326, 0.00978305
49327, 0.00978322
49328, 0.00978339
49329, 0.00978357
49330, 0.00978374
49331, 0.00978392
49332, 0.00978409
49333, 0.00978427
49334, 0.00978444
49335, 0.00978461
49336, 0.00978479
49337, 0.00978496
49338, 0.00978513
49339, 0.00978531
49340, 0.00978548
49341, 0.00978565
49342, 0.00978583
49343, 0.00978601
49344, 0.00978618
49345, 0.00978635
49346, 0.00978652
49347, 0.00978670
49348, 0.00978687
49349, 0.00978705
49350, 0.00978722
49351, 0.00978739
49352, 0.00978756
49353, 0.00978774
49354, 0.00978792
49355, 0.00978809
49356, 0.00978826
49357, 0.00978843
49358, 0.00978861
49359, 0.00978878
49360, 0.00978895
49361, 0.00978913
49362, 0.00978930
49363, 0.00978947
49364, 0.00978964
49365, 0.00978981
49366, 0.00978999
49367, 0.00979016
49368, 0.00979033
49369, 0.00979051
49370, 0.00979068
49371, 0.00979085
49372, 0.00979103
49373, 0.00979120
49374, 0.00979140
49375, 0.00979157
49376, 0.00979174
49377, 0.00979191
49378, 0.00979209
49379, 0.00979226
49380, 0.00979243
49381, 0.00979261
49382, 0.00979278
49383, 0.00979296
49384, 0.00979313
49385, 0.00979330
49386, 0.00979347
49387, 0.00979365
49388, 0.00979382
49389, 0.00979400
49390, 0.00979417
49391, 0.00979435
49392, 0.00979452
49393, 0.00979469
49394, 0.00979487
49395, 0.00979504
49396, 0.00979523
49397, 0.00979960
49398, 0.00979981
49399, 0.00980000
49400, 0.00980019
49401, 0.00980037
49402, 0.00980055
49403, 0.00980074
49404, 0.00980092
49405, 0.00980111
49406, 0.00980128
49407, 0.00980145
49408, 0.00980163
49409, 0.00980180
49410, 0.00980197
49411, 0.00980214
49412, 0.00980232
49413, 0.00980249
49414, 0.00980266
49415, 0.00980283
49416, 0.00980301
49417, 0.00980318
49418, 0.00980335
49419, 0.00980352
49420, 0.00980370
49421, 0.00980387
49422, 0.00980404
49423, 0.00980421
49424, 0.00980439
49425, 0.00980456
49426, 0.00980473
49427, 0.00980490
49428, 0.00980507
49429, 0.00980525
49430, 0.00980542
49431, 0.00980559
49432, 0.00980577
49433, 0.00980594
49434, 0.00980611
49435, 0.00980629
49436, 0.00980647
49437, 0.00980664
49438, 0.00980681
49439, 0.00980700
49440, 0.00980719
49441, 0.00980738
49442, 0.00980755
49443, 0.00980772
49444, 0.00980790
49445, 0.00980808
49446, 0.00980825
49447, 0.00980850
49448, 0.00980869
49449, 0.00980887
49450, 0.00980904
49451, 0.00980921
49452, 0.00980939
49453, 0.00980956
49454, 0.00980973
49455, 0.00980998
49456, 0.00981015
49457, 0.00981032
49458, 0.00981049
49459, 0.00981067
49460, 0.00981084
49461, 0.00981101
49462, 0.00981119
49463, 0.00981143
49464, 0.00981161
49465, 0.00981178
49466, 0.00981196
49467, 0.00981213
49468, 0.00981230
49469, 0.00981247
49470, 0.00981265
49471, 0.00981290
49472, 0.00981308
49473, 0.00981325
49474, 0.00981342
49475, 0.00981360
49476, 0.00981377
49477, 0.00981394
49478, 0.00981411
49479, 0.00981436
49480, 0.00981453
49481, 0.00981470
49482, 0.00981488
49483, 0.00981505
49484, 0.00981522
49485, 0.00981540
49486, 0.00981557
49487, 0.00981581
49488, 0.00981598
49489, 0.00981616
49490, 0.00981633
49491, 0.00981650
49492, 0.00981667
49493, 0.00981685
49494, 0.00981702
49495, 0.00981727
49496, 0.00981745
49497, 0.00981762
49498, 0.00981779
49499, 0.00981797
49500, 0.00981814
49501, 0.00981832
49502, 0.00981849
49503, 0.00981867
49504, 0.00981885
49505, 0.00981903
49506, 0.00981920
49507, 0.00981937
49508, 0.00981955
49509, 0.00981972
49510, 0.00981989
49511, 0.00982014
49512, 0.00982037
49513, 0.00982055
49514, 0.00982072
49515, 0.00982089
49516, 0.00982107
49517, 0.00982125
49518, 0.00982142
49519, 0.00982161
49520, 0.00982178
49521, 0.00982196
49522, 0.00982214
49523, 0.00982430
49524, 0.00982451
49525, 0.00982469
49526, 0.00982487
49527, 0.00982504
49528, 0.00982521
49529, 0.00982539
49530, 0.00982556
49531, 0.00982573
49532, 0.00982590
49533, 0.00982607
49534, 0.00982625
49535, 0.00982642
49536, 0.00982659
49537, 0.00982676
49538, 0.00982694
49539, 0.00982711
49540, 0.00982728
49541, 0.00982745
49542, 0.00982762
49543, 0.00982780
49544, 0.00982797
49545, 0.00982815
49546, 0.00982832
49547, 0.00982849
49548, 0.00982867
49549, 0.00982885
49550, 0.00982909
49551, 0.00982926
49552, 0.00982943
49553, 0.00982960
49554, 0.00982978
49555, 0.00982995
49556, 0.00983012
49557, 0.00983029
49558, 0.00983046
49559, 0.00983064
49560, 0.00983081
49561, 0.00983098
49562, 0.00983116
49563, 0.00983133
49564, 0.00983150
49565, 0.00983167
49566, 0.00983185
49567, 0.00983202
49568, 0.00983219
49569, 0.00983236
49570, 0.00983254
49571, 0.00983271
49572, 0.00983289
49573, 0.00983307
49574, 0.00983325
49575, 0.00983342
49576, 0.00983360
49577, 0.00983377
49578, 0.00983394
49579, 0.00983411
49580, 0.00983428
49581, 0.00983446
49582, 0.00983463
49583, 0.00983480
49584, 0.00983497
49585, 0.00983514
49586, 0.00983532
49587, 0.00983549
49588, 0.00983566
49589, 0.00983584
49590, 0.00983601
49591, 0.00983618
49592, 0.00983636
49593, 0.00983653
49594, 0.00983671
49595, 0.00983688
49596, 0.00983705
49597, 0.00983722
49598, 0.00983739
49599, 0.00983757
49600, 0.00983774
49601, 0.00983791
49602, 0.00983808
49603, 0.00983826
49604, 0.00983845
49605, 0.00983863
49606, 0.00983880
49607, 0.00983897
49608, 0.00983914
49609, 0.00983932
49610, 0.00983949
49611, 0.00983966
49612, 0.00983983
49613, 0.00984000
49614, 0.00984017
49615, 0.00984035
49616, 0.00984052
49617, 0.00984069
49618, 0.00984087
49619, 0.00984104
49620, 0.00984124
49621, 0.00984141
49622, 0.00984158
49623, 0.00984176
49624, 0.00984193
49625, 0.00984210
49626, 0.00984227
49627, 0.00984245
49628, 0.00984262
49629, 0.00984280
49630, 0.00984297
49631, 0.00984315
49632, 0.00984332
49633, 0.00984349
49634, 0.00984367
49635, 0.00984384
49636, 0.00984402
49637, 0.00984419
49638, 0.00984437
49639, 0.00984454
49640, 0.00984471
49641, 0.00984489
49642, 0.00984506
49643, 0.00984523
49644, 0.00984541
49645, 0.00984558
49646, 0.00984575
49647, 0.00984592
49648, 0.00984611
49649, 0.00984823
49650, 0.00984843
49651, 0.00984861
49652, 0.00984878
49653, 0.00984896
49654, 0.00984913
49655, 0.00984930
49656, 0.00984947
49657, 0.00984965
49658, 0.00984982
49659, 0.00985000
49660, 0.00985017
49661, 0.00985034
49662, 0.00985051
49663, 0.00985111
49664, 0.00985129
49665, 0.00985147
49666, 0.00985164
49667, 0.00985182
49668, 0.00985200
49669, 0.00985217
49670, 0.00985234
49671, 0.00985258
49672, 0.00985276
49673, 0.00985293
49674, 0.00985311
49675, 0.00985328
49676, 0.00985346
49677, 0.00985363
49678, 0.00985380
49679, 0.00985406
49680, 0.00985423
49681, 0.00985440
49682, 0.00985457
49683, 0.00985475
49684, 0.00985492
49685, 0.00985511
49686, 0.00985528
49687, 0.00985552
49688, 0.00985569
49689, 0.00985586
49690, 0.00985603
49691, 0.00985621
49692, 0.00985638
49693, 0.00985655
49694, 0.00985672
49695, 0.00985697
49696, 0.00985714
49697, 0.00985731
49698, 0.00985748
49699, 0.00985766
49700, 0.00985783
49701, 0.00985800
49702, 0.00985818
49703, 0.00985842
49704, 0.00985860
49705, 0.00985877
49706, 0.00985894
49707, 0.00985911
49708, 0.00985929
49709, 0.00985946
49710, 0.00985963
49711, 0.00985988
49712, 0.00986005
49713, 0.00986022
49714, 0.00986039
49715, 0.00986056
49716, 0.00986074
49717, 0.00986091
49718, 0.00986108
49719, 0.00986135
49720, 0.00986152
49721, 0.00986172
49722, 0.00986189
49723, 0.00986208
49724, 0.00986226
49725, 0.00986244
49726, 0.00986261
49727, 0.00986288
49728, 0.00986306
49729, 0.00986324
49730, 0.00986342
49731, 0.00986360
49732, 0.00986378
49733, 0.00986395
49734, 0.00986412
49735, 0.00986437
49736, 0.00986455
49737, 0.00986472
49738, 0.00986489
49739, 0.00986507
49740, 0.00986524
49741, 0.00986543
49742, 0.00986560
49743, 0.00986578
49744, 0.00986595
49745, 0.00986612
49746, 0.00986632
49747, 0.00986649
49748, 0.00986666
49749, 0.00986684
49750, 0.00986701
49751, 0.00986718
49752, 0.00986736
49753, 0.00986753
49754, 0.00986771
49755, 0.00986788
49756, 0.00986805
49757, 0.00986822
49758, 0.00986840
49759, 0.00986859
49760, 0.00986876
49761, 0.00986893
49762, 0.00986910
49763, 0.00986928
49764, 0.00986945
49765, 0.00986962
49766, 0.00986979
49767, 0.00986997
49768, 0.00987015
49769, 0.00987033
49770, 0.00987051
49771, 0.00987069
49772, 0.00987087
49773, 0.00987104
49774, 0.00987124
49775, 0.00987338
49776, 0.00987358
49777, 0.00987376
49778, 0.00987394
49779, 0.00987411
49780, 0.00987429
49781, 0.00987447
49782, 0.00987464
49783, 0.00987482
49784, 0.00987499
49785, 0.00987517
49786, 0.00987534
49787, 0.00987552
49788, 0.00987569
49789, 0.00987587
49790, 0.00987604
49791, 0.00987622
49792, 0.00987639
49793, 0.00987656
49794, 0.00987674
49795, 0.00987692
49796, 0.00987709
49797, 0.00987726
49798, 0.00987744
49799, 0.00987761
49800, 0.00987778
49801, 0.00987796
49802, 0.00987813
49803, 0.00987831
49804, 0.00987848
49805, 0.00987866
49806, 0.00987883
49807, 0.00987901
49808, 0.00987918
49809, 0.00987936
49810, 0.00987953
49811, 0.00987971
49812, 0.00987988
49813, 0.00988005
49814, 0.00988023
49815, 0.00988040
49816, 0.00988058
49817, 0.00988076
49818, 0.00988094
49819, 0.00988112
49820, 0.00988130
49821, 0.00988147
49822, 0.00988165
49823, 0.00988182
49824, 0.00988200
49825, 0.00988217
49826, 0.00988235
49827, 0.00988253
49828, 0.00988270
49829, 0.00988287
49830, 0.00988305
49831, 0.00988322
49832, 0.00988340
49833, 0.00988357
49834, 0.00988374
49835, 0.00988392
49836, 0.00988409
49837, 0.00988426
49838, 0.00988443
49839, 0.00988461
49840, 0.00988478
49841, 0.00988495
49842, 0.00988513
49843, 0.00988530
49844, 0.00988547
49845, 0.00988565
49846, 0.00988582
49847, 0.00988599
49848, 0.00988618
49849, 0.00988635
49850, 0.00988652
49851, 0.00988670
49852, 0.00988687
49853, 0.00988704
49854, 0.00988722
49855, 0.00988740
49856, 0.00988757
49857, 0.00988774
49858, 0.00988791
49859, 0.00988809
49860, 0.00988826
49861, 0.00988844
49862, 0.00988861
49863, 0.00988879
49864, 0.00988896
49865, 0.00988913
49866, 0.00988931
49867, 0.00988948
49868, 0.00988966
49869, 0.00988983
49870, 0.00989000
49871, 0.00989018
49872, 0.00989035
49873, 0.00989053
49874, 0.00989070
49875, 0.00989087
49876, 0.00989104
49877, 0.00989121
49878, 0.00989141
49879, 0.00989158
49880, 0.00989175
49881, 0.00989193
49882, 0.00989210
49883, 0.00989227
49884, 0.00989244
49885, 0.00989261
49886, 0.00989279
49887, 0.00989296
49888, 0.00989313
49889, 0.00989330
49890, 0.00989348
49891, 0.00989365
49892, 0.00989382
49893, 0.00989399
49894, 0.00989417
49895, 0.00989434
49896, 0.00989451
49897, 0.00989468
49898, 0.00989485
49899, 0.00989503
49900, 0.00989521
49901, 0.00989770
49902, 0.00989790
49903, 0.00989808
49904, 0.00989825
49905, 0.00989842
49906, 0.00989860
49907, 0.00989877
49908, 0.00989895
49909, 0.00989912
49910, 0.00989929
49911, 0.00989946
49912, 0.00989964
49913, 0.00989981
49914, 0.00989998
49915, 0.00990016
49916, 0.00990033
49917, 0.00990050
49918, 0.00990068
49919, 0.00990085
49920, 0.00990103
49921, 0.00990120
49922, 0.00990138
49923, 0.00990155
49924, 0.00990173
49925, 0.00990190
49926, 0.00990209
49927, 0.00990226
49928, 0.00990244
49929, 0.00990262
49930, 0.00990280
49931, 0.00990298
49932, 0.00990315
49933, 0.00990333
49934, 0.00990351
49935, 0.00990369
49936, 0.00990386
49937, 0.00990403
49938, 0.00990421
49939, 0.00990438
49940, 0.00990456
49941, 0.00990473
49942, 0.00990490
49943, 0.00990507
49944, 0.00990525
49945, 0.00990542
49946, 0.00990559
49947, 0.00990577
49948, 0.00990594
49949, 0.00990611
49950, 0.00990629
49951, 0.00990646
49952, 0.00990664
49953, 0.00990681
49954, 0.00990699
49955, 0.00990716
49956, 0.00990734
49957, 0.00990751
49958, 0.00990768
49959, 0.00990786
49960, 0.00990803
49961, 0.00990820
49962, 0.00990838
49963, 0.00990855
49964, 0.00990873
49965, 0.00990890
49966, 0.00990908
49967, 0.00990925
49968, 0.00990943
49969, 0.00990960
49970, 0.00990977
49971, 0.00990995
49972, 0.00991012
49973, 0.00991030
49974, 0.00991047
49975, 0.00991065
49976, 0.00991082
49977, 0.00991099
49978, 0.00991117
49979, 0.00991134
49980, 0.00991152
49981, 0.00991169
49982, 0.00991187
49983, 0.00991204
49984, 0.00991222
49985, 0.00991239
49986, 0.00991256
49987, 0.00991274
49988, 0.00991291
49989, 0.00991308
49990, 0.00991326
49991, 0.00991343
49992, 0.00991361
49993, 0.00991378
49994, 0.00991396
49995, 0.00991413
49996, 0.00991430
49997, 0.00991448
49998, 0.00991465
49999, 0.00991485
50000, 0.00991503
